depth_mm,f_mhz,P_mpa,DC,eta,t_first_hr,n_sessions,spacing_hr,mean_gm2_day365,std_gm2_day365,reduction_pct
27.7497,0.5411,0.1532,0.00393,0.07669,45.437,3,59.311,44.4835,22.1630,66.0390
20.8562,1.0010,0.1961,0.01128,0.25707,69.250,4,54.701,40.8993,27.9149,68.7754
36.5941,0.5563,0.4276,0.01089,0.42970,15.846,1,86.561,26.0718,10.8430,80.0955
35.8619,0.4770,0.4151,0.01610,0.64535,13.210,1,78.796,33.4559,14.9693,74.4581
34.8246,0.8226,0.3060,0.00970,0.29922,85.206,5,53.419,42.2874,30.6885,67.7156
59.9708,0.6375,0.2145,0.00982,0.20421,50.571,1,95.597,31.2646,12.1517,76.1310
49.2840,0.8288,0.2896,0.01682,0.43992,4.564,2,26.631,30.8159,20.1808,76.4736
38.1448,1.0454,0.2128,0.00730,0.14491,90.891,4,67.329,40.4248,16.4589,69.1377
53.1672,1.0534,0.2362,0.01423,0.25988,40.875,4,45.796,28.9684,7.9286,77.8841
23.6698,0.8945,0.4763,0.01548,0.62018,14.774,2,26.189,81.0293,103.3585,38.1381
41.3838,0.5560,0.4825,0.01639,0.65473,18.046,3,39.082,41.3091,26.9339,68.4625
38.1645,0.4426,0.3600,0.00722,0.27472,77.811,2,56.586,35.8773,17.0565,72.6094
54.6664,0.8340,0.4014,0.01315,0.41071,77.467,2,47.565,51.1352,36.0884,60.9608
48.7640,0.5961,0.1981,0.00725,0.15472,16.076,3,7.339,30.9153,19.0367,76.3977
36.8251,0.9738,0.2498,0.00307,0.07404,37.719,1,49.171,50.6311,26.1319,61.3457
29.3771,0.8197,0.4650,0.01369,0.53515,59.619,5,78.406,60.5369,40.2371,53.7830
37.7693,0.6010,0.2657,0.01778,0.52608,2.280,1,32.588,24.1005,12.2158,81.6005
37.6983,0.7958,0.2298,0.00968,0.23255,57.235,1,38.939,45.4321,19.4957,65.3148
57.4223,0.7082,0.4018,0.01282,0.42005,73.051,4,9.692,41.5908,19.3709,68.2475
41.4754,0.5044,0.4735,0.02368,0.80792,26.353,5,58.267,44.8696,23.5704,65.7442
45.6068,0.4844,0.1928,0.02211,0.45008,73.457,2,23.752,44.7336,21.6210,65.8481
37.9664,0.9223,0.4341,0.02005,0.70375,87.267,3,9.506,34.8649,17.5191,73.3824
37.7452,0.4159,0.4140,0.01460,0.59130,95.529,5,91.897,42.2001,28.0752,67.7823
57.6811,0.5836,0.2509,0.02036,0.50536,73.396,1,86.975,66.4350,61.1569,49.2801
34.1558,0.6914,0.2932,0.01237,0.38994,69.688,3,34.952,39.3926,27.8866,69.9257
47.8261,0.8134,0.2697,0.01937,0.48745,60.008,1,91.593,51.3119,35.0132,60.8258
43.2731,1.0145,0.1589,0.01441,0.20944,83.508,1,31.317,36.4330,16.0581,72.1852
24.5298,0.6882,0.1879,0.01424,0.32809,87.397,4,51.535,37.3526,17.0917,71.4831
48.1387,0.4899,0.2875,0.02144,0.62655,9.927,5,77.761,51.7970,59.4123,60.4555
26.9714,0.4947,0.3347,0.00445,0.16787,58.698,4,29.906,55.5477,38.4123,57.5921
38.7241,0.5574,0.4493,0.01895,0.75177,35.113,1,85.718,38.6005,33.1142,70.5304
31.5717,0.9078,0.4339,0.02053,0.73944,64.752,3,41.200,39.4154,22.0543,69.9083
34.0362,0.8903,0.3554,0.02230,0.66711,43.212,4,89.877,35.5899,17.6695,72.8289
44.8877,0.4565,0.2909,0.01745,0.56814,30.182,3,42.316,46.2767,19.2769,64.6700
52.7064,0.4996,0.2098,0.01137,0.26463,88.089,4,41.594,35.1936,16.1420,73.1314
35.6951,1.0539,0.4652,0.01411,0.49676,46.962,1,70.780,37.2061,9.5187,71.5949
20.6873,0.9623,0.4883,0.01322,0.53612,83.974,4,16.107,28.7744,11.1343,78.0321
57.2987,0.4884,0.4431,0.01657,0.62786,14.747,4,23.162,37.2859,30.1198,71.5340
49.0495,0.6387,0.3434,0.01231,0.40227,68.350,3,81.295,41.4901,27.4400,68.3243
21.6188,0.9374,0.2859,0.00331,0.10501,48.144,2,56.614,38.6688,28.2244,70.4783
43.2928,0.9210,0.3219,0.02102,0.57114,3.694,4,23.928,33.9195,16.3904,74.1041
48.9817,0.7646,0.4246,0.01625,0.55893,70.238,4,63.692,40.4011,26.4815,69.1557
36.8021,0.7626,0.3473,0.00426,0.14370,5.287,3,83.291,22.0304,6.4981,83.1808
23.3049,0.5945,0.1561,0.01474,0.29569,0.817,5,90.108,24.3318,8.5062,81.4239
42.1564,0.8391,0.2441,0.00661,0.15804,12.217,5,81.349,59.9468,42.7365,54.2336
24.7956,1.0136,0.3854,0.02124,0.72434,24.642,3,14.643,31.7633,20.7153,75.7502
45.5290,0.4519,0.3982,0.01270,0.48990,75.046,4,21.734,45.1671,30.0860,65.5171
33.3162,0.5639,0.1665,0.02086,0.40482,48.996,1,73.646,52.6502,29.0895,59.8041
43.5721,0.5095,0.2465,0.00463,0.12981,91.612,1,80.281,39.7017,25.4045,69.6897
32.2188,1.0177,0.3114,0.00690,0.20561,36.472,1,31.962,35.3188,15.5198,73.0359
42.6318,0.8657,0.4500,0.00952,0.33512,9.969,2,8.054,38.4429,17.8799,70.6507
38.0293,1.0973,0.2276,0.00920,0.19023,20.124,1,86.816,49.9063,45.5708,61.8990
34.1646,0.9860,0.1771,0.01675,0.30089,6.389,3,16.143,40.3401,46.5052,69.2023
37.6231,0.5901,0.3266,0.02427,0.68853,42.971,4,50.252,29.3826,15.7111,77.5678
44.9949,0.8649,0.4569,0.02485,0.69681,51.815,4,51.226,34.6674,19.3212,73.5331
26.4002,1.0520,0.4053,0.01789,0.64734,80.773,4,63.461,42.3134,19.5446,67.6958
51.4188,0.8369,0.4917,0.01027,0.35560,72.358,2,50.421,46.6034,26.4744,64.4206
30.2608,0.5371,0.4609,0.01628,0.67372,4.796,2,86.490,30.4775,14.0028,76.7319
47.1695,0.9789,0.3235,0.01980,0.53145,7.147,5,45.220,25.5516,17.1107,80.4926
50.3214,0.8377,0.3278,0.02310,0.56797,55.015,1,90.744,35.4437,14.4638,72.9405
26.7112,0.4814,0.3431,0.02127,0.76707,32.333,2,14.976,53.6989,34.4751,59.0035
42.0420,0.8501,0.2407,0.01512,0.35528,20.551,4,23.799,50.0315,47.8823,61.8034
59.7195,0.5750,0.2745,0.01449,0.39276,67.752,1,55.211,39.5057,21.9228,69.8393
36.1846,0.5130,0.4070,0.01395,0.54929,76.841,4,23.581,43.0631,22.4178,67.1234
59.7993,0.5868,0.4247,0.01240,0.43788,22.505,5,7.375,31.8948,16.1629,75.6499
34.4909,0.9371,0.2857,0.02059,0.56237,18.828,5,92.113,27.4975,9.7527,79.0070
34.6674,0.5304,0.3500,0.01766,0.65359,71.339,2,60.422,37.7933,17.0971,71.1467
35.5932,1.0966,0.3686,0.00484,0.15131,10.908,4,14.872,39.8938,30.6002,69.5430
42.1410,0.5758,0.4890,0.02111,0.79417,76.243,1,12.803,35.9096,22.0414,72.5848
49.7958,0.4576,0.3952,0.01323,0.50083,78.617,3,7.033,44.7486,24.2245,65.8366
42.7106,0.7879,0.4832,0.00645,0.23821,19.943,2,63.854,36.4413,25.9279,72.1788
20.0450,0.9002,0.2561,0.00410,0.12247,93.732,4,91.052,36.7786,20.5395,71.9213
30.4464,0.5858,0.2490,0.00583,0.17184,63.408,2,32.967,32.6305,15.6275,75.0882
35.2954,0.9980,0.2172,0.00488,0.10427,84.346,1,77.031,43.5170,13.7675,66.7769
33.8798,1.0653,0.2547,0.00468,0.11413,46.651,5,78.492,45.1394,39.2961,65.5383
25.7951,0.5041,0.2587,0.01295,0.41367,67.446,3,52.329,66.4132,68.6989,49.2968
38.5415,0.5716,0.4894,0.00446,0.17966,74.063,5,51.685,37.5374,15.3727,71.3421
37.1088,0.4938,0.2603,0.01291,0.39368,38.464,3,23.696,30.7498,11.8715,76.5240
41.2748,0.5673,0.4171,0.01336,0.51141,55.953,3,73.435,49.7582,33.7684,62.0120
25.1746,0.5997,0.4248,0.02470,0.81656,17.072,4,22.962,45.4209,25.4355,65.3233
32.5322,1.0481,0.2287,0.00534,0.12096,20.267,1,13.300,34.5082,16.6553,73.6547
27.7859,0.7277,0.1939,0.01766,0.40374,50.949,2,86.716,38.4369,26.7261,70.6553
37.0420,0.6985,0.2211,0.01009,0.24536,46.501,4,54.080,55.0953,38.4742,57.9374
40.2996,1.0269,0.3393,0.01165,0.33863,81.740,1,72.235,39.3660,20.9669,69.9459
46.2774,0.6648,0.4347,0.00771,0.28277,73.910,1,71.292,33.2626,10.6257,74.6056
59.1296,0.8222,0.4095,0.01123,0.34556,44.332,3,79.666,33.2257,16.0546,74.6338
20.9613,1.0161,0.1502,0.00682,0.12072,38.244,3,52.827,55.3992,39.8544,57.7054
53.7675,0.4363,0.3309,0.01740,0.60061,81.792,5,47.481,40.7038,19.8313,68.9246
49.0033,0.9270,0.4782,0.01061,0.35649,14.887,2,75.495,60.3534,23.2544,53.9231
35.8205,1.0876,0.4307,0.00593,0.20071,14.685,3,21.313,52.9398,34.6477,59.5831
54.2277,0.4642,0.3594,0.02000,0.71175,6.142,5,43.647,27.0388,9.7847,79.3572
39.4838,0.4213,0.1911,0.01938,0.45880,70.278,5,62.999,51.2481,29.8520,60.8745
22.8050,0.9890,0.4333,0.01961,0.75754,37.642,3,56.249,46.2804,28.0101,64.6671
21.4414,0.4873,0.4721,0.01633,0.70497,35.029,3,11.884,64.0975,70.6419,51.0647
20.6188,0.6717,0.4469,0.00849,0.35359,38.074,3,17.277,36.8387,26.0166,71.8754
50.3104,0.5543,0.4308,0.00465,0.17421,27.123,5,58.376,56.9309,29.9402,56.5360
49.3867,0.8950,0.3862,0.01603,0.49495,52.387,4,33.285,50.0015,43.4653,61.8263
46.6351,0.5547,0.1863,0.00802,0.16729,95.057,1,69.701,40.5772,17.8524,69.0213
58.3544,1.0958,0.3542,0.01867,0.44523,85.047,1,75.693,39.1954,19.7918,70.0762
30.4090,0.4056,0.4668,0.01251,0.53332,76.877,2,15.250,39.9794,28.9513,69.4777
20.7834,0.6830,0.4079,0.01430,0.57985,22.167,1,63.643,45.0407,39.5169,65.6136
51.2562,1.0542,0.1708,0.01462,0.20248,46.186,1,72.066,32.9725,17.1588,74.8271
31.4295,0.4102,0.3126,0.00887,0.32377,91.883,5,23.851,36.5344,19.1970,72.1077
20.8076,0.7269,0.2996,0.02039,0.69249,3.903,2,79.493,31.8747,18.8330,75.6652
46.9006,0.5695,0.3498,0.02274,0.68969,86.588,2,18.738,38.4732,16.0392,70.6276
53.7240,0.5250,0.4142,0.01197,0.44177,39.251,2,55.830,45.7449,28.8074,65.0760
29.4552,0.8625,0.2528,0.01691,0.46299,57.365,5,26.357,30.8648,13.7711,76.4362
50.2288,0.8365,0.4244,0.01130,0.37361,2.609,1,71.920,27.3645,17.4217,79.1085
40.4623,0.4145,0.3025,0.01333,0.46133,95.689,3,27.145,43.6198,14.2010,66.6984
40.5715,0.6803,0.4488,0.01030,0.39035,66.623,4,67.587,48.7212,24.6654,62.8037
21.5568,0.6617,0.4099,0.00761,0.30880,23.968,5,48.454,53.9120,35.9712,58.8408
45.5178,0.9029,0.2091,0.01832,0.35535,62.819,4,84.706,39.8322,22.5963,69.5900
33.6802,0.5686,0.3639,0.01386,0.51880,79.974,3,81.942,37.6926,18.6090,71.2235
46.8611,0.7551,0.3571,0.01747,0.56106,10.517,4,70.499,36.2027,17.6688,72.3610
55.0437,0.9624,0.3766,0.00738,0.20652,15.620,2,26.652,27.8577,12.8978,78.7320
31.6781,0.4414,0.2864,0.01933,0.66032,46.848,2,13.620,35.0258,17.2805,73.2595
56.4268,0.8327,0.3572,0.01384,0.39835,77.348,5,43.994,32.4114,11.2982,75.2555
30.9830,0.7376,0.4304,0.02035,0.77327,64.235,3,65.255,45.4062,15.5260,65.3346
28.3121,0.8122,0.2410,0.01826,0.49283,4.876,3,58.513,58.1245,105.3697,55.6248
40.1776,0.7515,0.4962,0.01820,0.69328,75.425,2,64.187,44.1284,21.9099,66.3101
56.3865,0.4406,0.1933,0.02024,0.43955,39.101,4,46.803,42.3405,26.8752,67.6751
39.5509,0.4457,0.2492,0.01387,0.41161,34.106,4,17.494,54.7582,31.1086,58.1947
28.3705,0.6580,0.4404,0.02155,0.80341,28.596,5,56.564,63.5919,39.9797,51.4506
53.9103,0.6353,0.2250,0.01758,0.39877,76.195,1,21.844,39.9599,21.6719,69.4926
28.8387,0.7889,0.2294,0.01890,0.48985,37.473,3,51.199,45.6303,33.4681,65.1635
44.1082,0.8677,0.2326,0.00834,0.18462,62.893,1,73.608,38.5608,26.8397,70.5607
53.6942,0.8806,0.2531,0.01952,0.42298,47.347,2,39.056,42.4757,20.6535,67.5718
32.4175,0.8071,0.2510,0.00719,0.19436,9.213,4,90.937,38.6820,16.5899,70.4682
54.4096,0.8897,0.2971,0.01486,0.36599,67.857,2,76.102,34.9913,14.8654,73.2858
33.5269,0.9150,0.3863,0.00542,0.18792,48.508,2,86.122,53.5375,30.8239,59.1267
46.6165,0.6299,0.2083,0.01198,0.26671,22.209,4,58.951,33.3473,12.3210,74.5409
35.9848,0.5458,0.3711,0.02045,0.75303,23.589,3,63.491,50.8843,31.4406,61.1523
59.9445,0.9445,0.2662,0.00456,0.09313,20.973,3,15.368,40.2868,21.1416,69.2430
35.1684,0.6773,0.4614,0.02486,0.78415,42.905,2,9.092,52.9495,43.1768,59.5756
25.1481,0.5507,0.1688,0.01770,0.38225,94.842,3,95.808,36.7102,14.7237,71.9735
51.1167,1.0354,0.3180,0.01118,0.27544,78.869,1,28.634,35.0453,10.8131,73.2446
42.2501,0.6769,0.1501,0.00888,0.14682,87.719,2,93.584,31.3924,12.8750,76.0334
24.2596,0.6514,0.2764,0.00320,0.10439,34.140,2,7.261,52.9357,41.3052,59.5862
25.1206,0.8176,0.1944,0.01885,0.42930,20.760,1,77.339,56.3954,37.2684,56.9449
41.6144,0.4300,0.1743,0.00619,0.13257,14.227,2,95.504,43.5817,24.2171,66.7275
27.2002,0.9589,0.4437,0.00667,0.25298,76.987,1,28.412,25.1570,9.3285,80.7938
47.2660,0.5621,0.2954,0.02092,0.61947,27.240,5,45.306,30.1668,13.1317,76.9691
41.6810,0.6150,0.3940,0.00537,0.19751,8.064,4,75.412,31.4114,13.2600,76.0189
29.4472,0.8970,0.3469,0.01330,0.45287,15.315,4,63.572,36.7662,21.7614,71.9308
58.1103,0.5989,0.4877,0.02084,0.73905,2.737,2,11.851,30.4988,31.1988,76.7156
40.6510,0.8341,0.2095,0.01514,0.31954,55.154,1,21.663,29.9020,14.6214,77.1712
56.5734,0.5732,0.4951,0.00477,0.17977,84.130,2,81.679,61.9703,34.2784,52.6887
41.9813,0.7872,0.4856,0.02320,0.74251,63.363,4,65.297,43.5019,12.4904,66.7884
48.6221,0.7520,0.1853,0.02023,0.36686,53.309,3,76.840,57.6825,24.9769,55.9622
49.1778,0.4156,0.2029,0.01000,0.24091,92.775,4,94.924,37.7943,19.0059,71.1459
58.7911,0.7299,0.3062,0.01228,0.33064,70.199,5,47.080,40.1865,14.3635,69.3195
54.7706,0.6388,0.2916,0.01919,0.54057,28.268,3,90.172,30.6426,15.4954,76.6059
23.3957,0.6403,0.2513,0.01966,0.59988,95.679,5,69.108,33.8612,19.2519,74.1486
22.0185,0.4928,0.3462,0.00610,0.23854,2.710,3,89.264,33.4952,22.6783,74.4280
46.2982,0.5446,0.2715,0.02159,0.58891,23.554,2,71.825,42.5116,21.8726,67.5445
24.4434,0.9405,0.2089,0.02490,0.47281,50.289,3,63.353,33.6430,16.7652,74.3152
50.9428,0.6470,0.4449,0.01720,0.62585,50.617,3,7.206,57.5399,58.4276,56.0711
27.1311,0.4663,0.4559,0.01892,0.80072,85.701,2,73.946,39.4720,21.9328,69.8651
26.9318,0.9102,0.2124,0.01431,0.33816,81.691,2,90.287,45.4149,23.6699,65.3279
35.5609,0.4467,0.2422,0.01624,0.47884,78.823,2,38.572,38.2098,16.7399,70.8287
35.0312,0.4305,0.4657,0.01617,0.67708,78.642,3,47.383,54.7096,45.2758,58.2319
48.9242,0.4372,0.3733,0.01176,0.43963,32.655,2,84.417,31.0994,16.4042,76.2572
39.4270,0.5579,0.2220,0.00687,0.17572,11.902,4,11.020,29.6564,10.6806,77.3588
52.7095,0.5946,0.3015,0.02431,0.60011,80.214,2,25.748,36.3664,15.7399,72.2360
28.1534,0.5414,0.1921,0.02328,0.48062,80.317,4,30.625,39.8901,26.1023,69.5458
49.5458,1.0851,0.4538,0.01432,0.43808,24.199,5,32.219,30.7553,12.5738,76.5198
57.9890,0.5120,0.3911,0.01785,0.63689,17.286,1,42.344,37.8952,18.9320,71.0689
43.6254,0.4431,0.2422,0.02229,0.57016,53.320,2,21.045,41.3792,23.7390,68.4090
23.1805,0.8631,0.4938,0.01588,0.64610,31.752,4,38.906,35.4270,17.7873,72.9532
29.5710,0.9602,0.4266,0.00989,0.36383,47.744,4,7.136,48.8886,33.5889,62.6760
58.6874,1.0054,0.4677,0.01458,0.43424,89.988,5,24.504,51.6892,32.4220,60.5378
24.5913,0.5425,0.3177,0.01632,0.59756,40.654,4,17.975,53.0864,47.5416,59.4711
41.0530,0.6935,0.3628,0.01683,0.58042,81.336,4,92.207,34.7793,15.6505,73.4477
52.8823,0.4979,0.4221,0.01715,0.64704,60.911,1,84.321,34.0458,13.7885,74.0077
55.9243,0.5365,0.3591,0.02141,0.68152,44.803,2,49.661,34.2150,7.2996,73.8785
59.1481,0.9216,0.1902,0.01655,0.25328,27.486,1,38.154,42.6122,16.0852,67.4676
49.8107,0.8009,0.4846,0.01376,0.48612,76.697,5,52.667,41.0746,21.3609,68.6415
46.6115,0.8268,0.4868,0.00654,0.23332,64.702,1,42.409,55.8814,34.4650,57.3373
24.7519,0.4669,0.4971,0.01992,0.86140,21.693,2,14.157,40.2149,19.5365,69.2979
53.5251,0.6597,0.4388,0.01674,0.59530,49.862,3,90.434,39.0518,15.5279,70.1859
47.1327,0.7079,0.4172,0.01653,0.58436,87.086,5,35.706,25.3757,8.1551,80.6269
26.3603,0.8190,0.1663,0.01001,0.19478,11.412,4,46.458,31.9702,13.5591,75.5923
28.5450,0.8927,0.2024,0.00412,0.09213,4.228,4,18.222,37.8216,21.3704,71.1251
28.0746,0.8502,0.3070,0.00417,0.13470,5.186,4,17.928,44.5991,27.5289,65.9507
44.7007,0.8518,0.3664,0.01406,0.44580,2.638,4,94.880,21.2259,7.7542,83.7951
53.5950,1.0556,0.4981,0.00736,0.22877,39.700,4,37.134,31.1397,9.4125,76.2263
57.5366,0.6503,0.1842,0.01759,0.31973,66.413,3,87.040,42.1710,19.0117,67.8045
50.0674,0.5565,0.3704,0.02307,0.70433,69.824,5,89.639,33.9924,17.6297,74.0485
37.2592,0.8935,0.2771,0.02150,0.54397,74.256,5,67.306,43.7617,26.2312,66.5901
43.1095,1.0278,0.3054,0.02264,0.52207,71.790,2,48.892,31.3656,14.7984,76.0539
23.4030,0.8967,0.4123,0.02345,0.77074,49.761,3,92.554,52.1764,36.4120,60.1658
27.9654,1.0674,0.4440,0.01536,0.56482,20.422,2,43.036,29.8700,15.4348,77.1957
42.4402,0.6855,0.1582,0.01046,0.18020,63.635,1,13.166,40.7473,17.9085,68.8914
27.4155,1.0894,0.4183,0.01419,0.51075,73.791,4,26.414,24.5499,9.1482,81.2573
42.2708,0.4324,0.2050,0.01944,0.48273,51.148,3,36.869,33.6938,14.3742,74.2764
50.5930,0.5735,0.3465,0.02445,0.67245,30.933,4,80.997,31.5967,13.1762,75.8774
59.7013,0.7528,0.4117,0.01756,0.56104,60.875,1,86.404,41.4024,32.8219,68.3913
51.0343,0.8323,0.4274,0.02175,0.66103,14.560,2,52.891,44.3999,24.3828,66.1028
54.3106,1.0479,0.4879,0.00835,0.25708,58.626,1,23.075,37.5699,17.0812,71.3172
59.1192,0.6677,0.4764,0.02434,0.70865,47.107,4,58.093,41.7859,21.3644,68.0985
42.8874,0.8338,0.1519,0.01618,0.24884,62.650,3,74.991,38.5449,17.3018,70.5729
32.8121,0.6728,0.2521,0.01372,0.39016,11.553,5,79.385,32.4129,12.3351,75.2543
33.5983,0.4915,0.2707,0.00869,0.27791,37.891,1,13.081,27.1487,11.3258,79.2733
43.6069,0.6174,0.4687,0.00933,0.36019,33.971,3,7.167,47.6660,25.8557,63.6093
39.8163,0.5581,0.2236,0.01116,0.28659,56.127,4,22.765,32.7180,10.9570,75.0214
45.7870,0.8510,0.1557,0.02440,0.30348,77.281,3,37.913,32.9524,18.1836,74.8425
41.8113,0.6247,0.3846,0.00795,0.28838,72.451,2,68.954,45.0842,23.4353,65.5804
20.3973,0.5230,0.4470,0.01448,0.61747,87.554,3,53.960,64.0913,39.1830,51.0694
20.4903,0.5814,0.4148,0.01579,0.65484,67.047,2,39.584,42.0985,12.1021,67.8598
22.5157,0.9570,0.3310,0.02472,0.69153,81.945,4,19.748,41.1012,29.9155,68.6212
31.8675,0.5516,0.4855,0.02048,0.82865,45.039,3,47.595,39.1193,19.0943,70.1343
47.9201,0.5005,0.2719,0.00858,0.25635,79.614,4,47.292,25.6958,6.9196,80.3825
49.5515,1.0519,0.2524,0.01938,0.39335,10.819,1,94.426,62.2660,46.2259,52.4630
43.5357,0.6887,0.4555,0.02342,0.74797,86.956,1,86.164,36.0287,14.1914,72.4939
26.8087,1.0807,0.1643,0.02258,0.35206,24.052,4,10.427,37.7544,23.3197,71.1764
48.8599,0.4724,0.4068,0.01072,0.40908,4.008,5,71.786,29.7899,19.5697,77.2568
40.8050,1.0028,0.1854,0.00669,0.11556,87.932,3,85.651,30.3863,9.9563,76.8015
45.2374,0.7749,0.2848,0.01107,0.30403,82.216,1,43.569,53.9194,32.4758,58.8352
41.2619,0.4379,0.2833,0.02337,0.65360,90.102,4,32.546,39.9836,20.6151,69.4744
50.3639,0.8333,0.4684,0.01611,0.55361,65.832,5,53.016,40.2121,32.4923,69.3000
22.0291,0.7950,0.4535,0.00710,0.28886,63.249,1,37.158,52.1828,30.0327,60.1610
45.2833,0.7471,0.3999,0.02468,0.69069,6.066,3,81.981,23.0538,9.2722,82.3996
54.3969,0.9134,0.2020,0.01716,0.29292,5.419,2,84.364,32.8955,15.9120,74.8859
52.6452,0.7195,0.2443,0.02054,0.46853,25.809,3,30.118,25.7860,9.4960,80.3136
47.3403,0.8773,0.4382,0.00699,0.23466,71.118,1,91.655,38.5645,16.0521,70.5579
34.4237,0.9572,0.4009,0.00662,0.22881,90.788,1,77.193,47.0952,20.3411,64.0451
56.9946,1.0418,0.1962,0.01446,0.21421,9.813,2,58.423,41.5603,28.3843,68.2708
57.0111,0.9894,0.4830,0.00975,0.30080,48.947,3,51.005,30.4155,15.5452,76.7793
44.9574,0.7539,0.2242,0.00905,0.20415,62.403,5,44.516,45.2787,23.2318,65.4319
56.4958,0.4356,0.4919,0.01921,0.76524,6.616,3,27.647,34.9558,18.9396,73.3129
26.2766,0.8695,0.1897,0.02162,0.43351,63.173,4,95.154,35.0315,15.8479,73.2552
32.0191,0.8426,0.2872,0.02161,0.59786,68.975,2,52.416,39.5799,12.6030,69.7827
49.3014,0.5494,0.3282,0.00673,0.22302,13.530,3,85.338,28.6700,13.3526,78.1118
30.8418,0.6509,0.2324,0.01685,0.45655,77.939,2,20.808,34.4576,20.0454,73.6933
25.0501,0.4059,0.2838,0.01140,0.40072,52.433,3,52.404,47.2498,26.3125,63.9271
35.2605,1.0579,0.2278,0.01135,0.24716,18.854,1,52.312,39.2925,14.7986,70.0021
59.0099,0.9786,0.4012,0.00925,0.25732,18.425,2,10.955,41.7878,25.1916,68.0970
32.1329,0.5019,0.3171,0.02441,0.71493,29.209,2,33.812,48.5463,29.2541,62.9373
57.9487,0.6788,0.3903,0.00507,0.16583,70.358,4,26.381,34.7531,21.7552,73.4677
56.3450,0.8982,0.3363,0.01186,0.31486,52.050,2,86.224,59.7060,36.8764,54.4174
42.7501,0.4621,0.4156,0.02165,0.78755,70.972,2,71.723,47.3806,27.2904,63.8272
58.6333,1.0336,0.1684,0.00634,0.08085,73.059,3,24.113,27.0683,6.4184,79.3346
31.2710,0.5613,0.4916,0.02270,0.83042,8.833,3,91.178,65.4984,56.7806,49.9952
51.5869,0.7292,0.3939,0.00607,0.20187,83.712,5,28.707,45.5040,21.3484,65.2599
44.6683,0.4398,0.3457,0.00982,0.35863,23.713,1,88.203,26.8988,9.4738,79.4641
37.0297,1.0383,0.4282,0.01981,0.67217,15.237,1,92.279,40.0146,24.0993,69.4508
35.6172,0.7867,0.3892,0.02130,0.71443,22.709,2,32.614,37.5827,12.6033,71.3075
31.7414,0.4779,0.3603,0.00679,0.26183,46.424,1,52.204,57.5441,54.3574,56.0679
36.5482,0.9126,0.4428,0.01421,0.51044,31.928,3,93.323,43.0286,15.9765,67.1497
51.4006,0.5606,0.4543,0.00899,0.34005,20.719,2,12.046,45.8657,31.3427,64.9838
59.6315,0.7026,0.4277,0.02385,0.66809,92.309,5,32.833,46.0202,20.7878,64.8658
45.0937,0.8014,0.4406,0.00786,0.27676,73.211,2,67.284,49.1995,53.0867,62.4385
51.4784,0.4084,0.4260,0.01941,0.76494,61.660,5,52.535,45.1301,20.3841,65.5454
25.6963,0.8829,0.3042,0.01565,0.50826,9.839,4,59.919,47.6201,39.7459,63.6444
48.6887,0.7154,0.1642,0.00679,0.11366,7.672,3,46.315,41.8444,25.1207,68.0538
20.4021,0.5677,0.4573,0.01822,0.77557,72.286,2,94.567,51.5203,29.6732,60.6668
44.2238,0.8999,0.3469,0.00625,0.18836,13.742,5,55.551,39.9101,17.3828,69.5306
53.6850,0.9755,0.2252,0.01204,0.22007,62.954,5,85.420,30.3046,13.2867,76.8639
53.8390,0.9839,0.3605,0.02261,0.54276,8.665,2,16.397,37.0416,24.1822,71.7206
28.9968,0.6266,0.2805,0.02225,0.64427,49.041,1,73.395,43.6532,36.0844,66.6729
45.6943,0.8565,0.4640,0.01800,0.62950,21.768,1,76.588,29.9192,12.4341,77.1582
27.3536,0.8975,0.4098,0.02257,0.74808,75.201,5,74.206,28.8833,11.1010,77.9490
57.0904,0.9411,0.4414,0.01298,0.39463,18.535,2,42.278,61.3568,62.4373,53.1571
27.3657,0.7129,0.1542,0.01814,0.33779,51.404,2,41.060,30.9908,9.4705,76.3400
44.3812,1.0093,0.2741,0.02367,0.47485,31.728,4,13.507,30.0396,13.4325,77.0663
55.8267,0.4877,0.3652,0.00847,0.29855,72.504,5,63.013,39.0930,13.7379,70.1544
46.9868,0.5298,0.1758,0.02230,0.40000,20.514,2,25.494,38.0784,11.9202,70.9290
45.8022,0.4937,0.4935,0.01604,0.64636,66.176,1,81.123,42.8695,25.0573,67.2712
44.1431,1.0829,0.4018,0.01678,0.50877,24.848,4,51.251,39.6837,12.1103,69.7034
27.0167,0.4895,0.3412,0.02240,0.76259,32.410,5,22.114,32.1362,12.5386,75.4656
57.0770,1.0723,0.1779,0.01253,0.16617,43.382,4,36.235,51.3462,44.3888,60.7996
40.7297,1.0720,0.3738,0.01865,0.56362,91.071,5,87.005,71.2280,35.4202,45.6209
56.9786,0.7903,0.2141,0.00802,0.15336,94.982,3,68.163,52.5052,39.8536,59.9148
59.0510,1.0755,0.3403,0.00700,0.16263,90.874,1,62.500,50.0329,24.8294,61.8023
34.6587,0.6270,0.4910,0.01011,0.40800,61.137,3,48.829,54.1939,32.2321,58.6256
51.8794,1.0619,0.3850,0.00392,0.10857,42.930,3,25.271,33.7932,19.9648,74.2006
39.3763,0.5354,0.2959,0.02392,0.65333,88.497,4,74.832,50.0538,29.6611,61.7864
50.4261,0.7891,0.2233,0.02078,0.42103,46.842,2,16.775,47.6146,15.9260,63.6486
53.4640,0.4149,0.2552,0.01714,0.49728,90.370,4,67.770,33.0331,15.4247,74.7808
34.2404,0.5039,0.3261,0.02384,0.71971,65.213,3,10.985,39.0787,21.7248,70.1653
25.4051,0.5336,0.2011,0.01160,0.29618,31.816,4,82.978,29.0905,12.4390,77.7908
56.4420,0.5180,0.2470,0.01080,0.28266,57.889,2,37.808,36.0920,21.8356,72.4455
38.9843,0.8972,0.2538,0.00733,0.18161,10.153,2,47.034,43.1541,42.6779,67.0540
46.7950,1.0907,0.3424,0.00836,0.22179,6.626,4,22.462,24.5612,11.8643,81.2487
32.8135,0.7658,0.2675,0.02296,0.57735,59.253,2,33.958,27.4206,16.5889,79.0657
28.5633,0.9480,0.2818,0.00528,0.15494,55.055,5,47.045,33.9329,21.0225,74.0939
25.9873,0.5963,0.1568,0.01052,0.20811,72.912,4,10.106,38.4508,22.2807,70.6446
49.3775,0.4343,0.2901,0.02277,0.64474,16.914,1,21.948,26.2111,10.9439,79.9891
24.5829,0.4525,0.2728,0.00377,0.12783,44.907,1,53.157,40.0078,19.4796,69.4560
29.5167,0.6451,0.3506,0.02151,0.73459,36.500,4,69.644,37.8112,17.3734,71.1330
21.3330,0.8054,0.3832,0.02049,0.77374,94.461,3,67.807,32.5082,13.9232,75.1815
27.8797,0.4867,0.4429,0.01799,0.75154,75.783,3,31.421,35.4862,21.8264,72.9080
54.6136,0.7796,0.3289,0.02397,0.56874,60.859,4,46.160,34.6941,14.6549,73.5127
52.5331,0.4839,0.2152,0.02063,0.48170,53.777,2,85.081,51.6519,41.0884,60.5663
28.0649,0.5680,0.4137,0.01560,0.62844,52.496,2,24.597,33.3678,14.5845,74.5253
31.3209,0.4538,0.2157,0.01272,0.34461,58.608,3,94.804,27.8762,9.6470,78.7179
50.6629,1.0982,0.2438,0.01156,0.21785,17.185,1,13.374,45.2583,26.6601,65.4475
26.0929,0.8334,0.3419,0.02247,0.70513,58.970,5,11.200,51.9899,23.3311,60.3082
40.3819,1.0722,0.3709,0.01008,0.30434,50.324,3,38.224,43.5755,22.0117,66.7323
54.9705,0.6805,0.1670,0.01516,0.25134,94.032,4,80.516,38.8416,16.7196,70.3463
40.6300,0.5724,0.2052,0.00510,0.11964,37.805,4,44.619,55.3057,31.7522,57.7768
26.5468,0.7789,0.2420,0.01257,0.34915,78.511,2,37.885,46.8950,31.5101,64.1980
39.3065,0.9568,0.4344,0.00387,0.13339,74.973,2,40.733,33.1644,13.0841,74.6806
35.7596,1.0346,0.2640,0.01442,0.35988,15.028,4,88.400,49.0927,35.0363,62.5201
51.2388,0.7136,0.3438,0.01830,0.56916,9.568,3,29.282,42.1856,17.1415,67.7934
38.2196,0.8925,0.1832,0.01084,0.20072,79.653,1,6.663,32.2793,16.5912,75.3563
37.5498,0.4385,0.3407,0.01106,0.41111,34.237,2,68.820,33.1151,16.5485,74.7183
50.1988,0.9255,0.2747,0.02345,0.46931,76.262,3,14.592,54.6612,61.7167,58.2689
40.7054,0.9354,0.4927,0.01903,0.68118,89.778,1,93.052,45.3127,26.6498,65.4060
47.6477,1.0678,0.1685,0.02400,0.28312,39.762,5,76.880,35.2516,23.4689,73.0871
58.1011,0.7049,0.2180,0.01990,0.40643,70.005,3,80.593,37.9757,18.7516,71.0074
34.9757,0.5444,0.3286,0.02072,0.71121,68.449,4,27.965,45.5496,29.5919,65.2251
59.9263,0.7005,0.3516,0.01957,0.58818,41.656,4,46.742,33.9363,27.4900,74.0913
35.1125,0.4603,0.3252,0.02100,0.72621,52.966,1,56.908,58.2939,53.5242,55.4954
51.5432,0.8467,0.3358,0.01004,0.28584,74.115,2,93.114,37.5927,20.5629,71.2998
47.7655,0.5538,0.2485,0.02303,0.54020,48.221,1,7.230,38.8119,17.7799,70.3690
58.9217,0.9319,0.2265,0.01158,0.20748,17.756,3,53.072,32.4462,11.6984,75.2289
35.0091,0.6414,0.3688,0.01073,0.39272,92.602,4,15.993,34.4322,22.7711,73.7127
52.6173,1.0748,0.2399,0.01378,0.25350,92.533,3,55.900,44.8756,57.8544,65.7397
45.2673,0.4647,0.3063,0.00328,0.10998,74.998,3,28.489,25.4380,16.4180,80.5793
31.9027,0.8326,0.3967,0.01542,0.56131,55.444,1,57.684,78.8476,51.0940,39.8037
58.4583,1.0528,0.2581,0.01623,0.30267,67.719,2,50.659,38.9925,18.4949,70.2311
23.8671,0.8654,0.4775,0.02084,0.80472,92.830,2,46.847,42.2099,27.7862,67.7748
46.5468,0.6104,0.1549,0.01928,0.32948,16.892,5,62.797,40.2000,12.8192,69.3093
28.1770,0.4845,0.4885,0.01936,0.82428,51.592,2,83.435,34.9585,17.3996,73.3109
36.1595,0.7977,0.4372,0.01597,0.59263,30.219,2,27.947,36.2751,12.1438,72.3058
31.0888,0.5116,0.3187,0.02220,0.71822,95.780,4,54.877,43.1820,46.7637,67.0327
20.0894,0.9630,0.1727,0.00729,0.15009,10.742,5,70.551,27.9516,17.4184,78.6603
33.4703,0.9579,0.2429,0.00319,0.07817,62.786,3,20.287,43.3019,18.0323,66.9411
52.7269,0.6981,0.2160,0.01457,0.30857,67.090,2,54.972,66.7508,46.7911,49.0390
29.2534,1.0608,0.3295,0.00939,0.29564,79.253,2,45.501,41.5161,18.9433,68.3044
53.1098,0.4134,0.2708,0.01987,0.60609,29.246,1,36.978,38.4254,27.8621,70.6641
55.6765,0.7810,0.3148,0.01567,0.42757,18.094,1,56.055,38.9023,22.9261,70.3000
43.7283,0.9673,0.2637,0.01733,0.40935,91.754,5,34.894,55.5476,55.2082,57.5921
35.5391,1.0916,0.3436,0.01465,0.43956,95.625,5,70.221,38.2775,17.9097,70.7770
31.9724,0.9136,0.3110,0.02380,0.61867,94.143,4,37.768,38.3996,17.8606,70.6838
23.9169,0.8355,0.4174,0.00998,0.38965,50.832,1,22.485,35.4756,19.2219,72.9161
48.1980,0.6719,0.3861,0.01562,0.53870,47.140,5,75.520,40.0860,18.7420,69.3963
58.0632,0.8115,0.2047,0.01875,0.33534,63.473,4,62.090,34.8740,19.9266,73.3754
20.3033,0.6398,0.2131,0.01774,0.47907,85.293,4,31.376,37.9154,26.6037,71.0535
34.7887,0.6237,0.1705,0.00373,0.07474,44.574,3,19.477,37.6567,17.9149,71.2509
54.4261,0.4572,0.4148,0.00423,0.16071,34.664,4,16.699,39.7364,18.9132,69.6632
32.0321,1.0550,0.2068,0.00724,0.14971,54.236,5,51.463,37.8733,20.7718,71.0856
41.6028,0.7953,0.4813,0.00818,0.30280,75.256,3,70.153,33.7459,13.8502,74.2366
37.9156,0.7684,0.1905,0.00767,0.15642,93.363,3,25.034,42.4756,42.3655,67.5719
21.6786,0.7499,0.3895,0.00553,0.21702,1.442,4,32.996,31.8839,32.8027,75.6582
34.5765,0.4280,0.4726,0.01644,0.69181,76.830,3,86.019,56.4691,35.2675,56.8886
46.2032,0.7759,0.3566,0.01454,0.46427,49.398,4,70.449,38.3976,15.7987,70.6853
41.8722,0.6875,0.4092,0.00301,0.10945,85.216,3,60.655,49.2197,17.5394,62.4231
24.9128,0.7070,0.2072,0.00862,0.21565,91.731,1,10.603,44.6953,26.7130,65.8773
28.6179,0.7221,0.4026,0.00791,0.30423,74.764,4,81.884,27.7892,9.3141,78.7843
38.7187,0.5332,0.3665,0.00416,0.15455,89.226,2,95.877,54.9026,56.3555,58.0846
40.9970,0.5592,0.3166,0.02172,0.67179,53.709,4,79.340,29.6336,11.6119,77.3762
51.4418,0.6136,0.2216,0.02173,0.46085,71.774,3,37.706,41.0339,26.1984,68.6726
40.4884,0.4184,0.3654,0.02080,0.76647,8.413,1,47.870,30.6248,22.1006,76.6195
41.6749,0.6075,0.4643,0.02460,0.77877,30.701,1,25.651,34.1883,20.3674,73.8989
46.4127,0.5046,0.1701,0.02253,0.39430,13.134,5,62.454,44.9629,23.5024,65.6730
47.2200,0.7565,0.4405,0.01022,0.36169,8.613,4,28.582,36.9850,11.8799,71.7638
31.9208,1.0270,0.2451,0.02341,0.48984,84.177,2,78.167,45.7668,23.6548,65.0593
27.5854,0.6911,0.2189,0.00640,0.16590,83.641,1,38.084,41.2998,18.7138,68.4696
29.9178,1.0210,0.4616,0.02097,0.74132,18.499,4,84.145,45.3401,24.0252,65.3850
33.7880,0.6936,0.3298,0.00888,0.30310,33.580,5,74.799,44.5497,31.4870,65.9885
26.8806,0.4783,0.1777,0.01310,0.30042,19.616,3,48.615,42.3920,29.5297,67.6358
57.4075,0.9312,0.4556,0.01068,0.33043,50.516,2,38.251,39.4776,17.7833,69.8607
47.1024,0.8799,0.2855,0.02313,0.51262,83.691,4,77.881,38.2719,21.4278,70.7812
50.1508,1.0589,0.3548,0.00992,0.26484,83.551,4,27.821,33.3455,21.2097,74.5424
50.3767,0.6974,0.4912,0.02252,0.73601,7.327,5,41.307,40.2245,18.4121,69.2905
20.6401,0.5015,0.4442,0.01364,0.58213,29.350,1,47.834,39.0210,19.8582,70.2094
33.0174,0.5811,0.2892,0.01364,0.44555,93.567,5,95.915,45.3366,49.7806,65.3877
41.5574,0.8317,0.3172,0.01287,0.38439,43.835,5,76.246,34.9326,23.5146,73.3306
28.1231,0.8060,0.4972,0.02496,0.80102,24.983,1,86.913,43.1934,22.2850,67.0239
20.2346,0.6084,0.2102,0.01519,0.40837,44.299,3,43.306,46.8365,39.1023,64.2426
29.5862,0.4863,0.4083,0.00969,0.39397,23.115,3,29.479,33.3258,17.0660,74.5574
52.4291,0.9142,0.2982,0.02038,0.49586,32.208,3,46.914,43.6232,26.7786,66.6958
20.4157,0.4598,0.3352,0.01065,0.41525,23.673,4,59.942,59.0092,25.9264,54.9494
26.0477,1.0646,0.2121,0.01698,0.38495,57.720,5,43.168,35.0650,17.1095,73.2296
37.1348,0.9753,0.4350,0.02068,0.69656,89.073,3,12.234,32.3694,14.4748,75.2875
22.5040,0.6096,0.3874,0.02387,0.80058,35.652,4,46.791,45.8312,42.1395,65.0101
56.2436,0.9295,0.1827,0.00527,0.07969,62.720,1,93.617,49.1802,37.9563,62.4533
38.6301,0.8738,0.2206,0.00749,0.16570,13.006,4,74.247,59.0968,37.3571,54.8825
28.7488,0.4720,0.2519,0.02371,0.62247,34.544,4,30.996,52.2798,39.6339,60.0870
50.1457,0.4174,0.2496,0.02075,0.57644,72.338,5,42.918,35.9041,15.4471,72.5890
54.5522,0.7606,0.1671,0.01388,0.21941,24.392,1,86.210,42.5862,26.7146,67.4875
25.9353,0.7504,0.3302,0.02227,0.70675,48.072,5,24.773,31.3025,16.4438,76.1021
39.5833,0.4533,0.4850,0.01132,0.46889,52.612,2,6.210,51.6643,43.2860,60.5568
39.7045,0.5032,0.2336,0.02441,0.54777,44.100,3,57.729,38.4920,15.4153,70.6133
59.4482,0.7960,0.3294,0.02236,0.54314,70.723,2,32.483,43.9106,21.5696,66.4764
49.2581,0.6686,0.2869,0.02149,0.56703,27.452,4,54.784,33.4715,13.8154,74.4461
52.5400,0.7764,0.4420,0.00712,0.24228,80.528,1,30.726,37.3369,15.1952,71.4951
45.6745,0.9908,0.1637,0.01904,0.28035,88.540,1,68.148,32.5014,25.5022,75.1868
28.4000,0.7604,0.2351,0.00747,0.20055,63.063,1,20.386,40.7056,15.4527,68.9233
26.4463,1.0903,0.3143,0.01897,0.59039,52.677,3,52.705,40.3931,21.7218,69.1618
57.5019,0.5394,0.2802,0.01079,0.30786,48.784,1,89.369,57.5422,32.7752,56.0693
20.6037,0.8074,0.4250,0.00891,0.35869,26.406,2,61.384,47.3564,31.7560,63.8457
50.2577,0.7160,0.1992,0.01664,0.32923,70.941,5,38.691,38.3105,26.8890,70.7518
40.9074,0.5474,0.1533,0.02290,0.36144,51.072,4,60.025,40.4454,22.9928,69.1219
40.9748,0.6459,0.1798,0.02179,0.39954,21.131,3,71.055,36.5248,17.4636,72.1151
34.8382,0.8393,0.3881,0.01877,0.66192,81.557,1,31.134,38.8083,22.2417,70.3717
59.5642,0.5340,0.4501,0.01125,0.41630,59.429,1,47.008,47.6919,38.0132,63.5895
44.2268,0.8151,0.3318,0.01202,0.36548,43.797,3,45.520,40.3857,21.4860,69.1675
26.6134,0.9513,0.4418,0.01372,0.52287,66.300,1,60.803,51.8457,29.6363,60.4184
23.8036,0.6723,0.2633,0.00949,0.29717,63.492,3,76.419,28.4954,9.4552,78.2451
36.9996,1.0026,0.3509,0.00398,0.12330,61.010,3,41.132,31.4521,11.3704,75.9878
41.9509,0.7843,0.3644,0.01806,0.59923,4.936,3,11.056,29.1710,21.3067,77.7293
37.1492,1.0494,0.2238,0.01561,0.32815,44.689,2,29.645,34.3291,15.3196,73.7914
29.8581,1.0870,0.3455,0.02431,0.63954,71.039,2,24.636,40.1287,16.1765,69.3637
57.8075,0.4405,0.4646,0.00814,0.31858,12.153,4,39.508,35.8976,14.6761,72.5940
46.0616,0.7585,0.3108,0.02163,0.58837,64.438,5,78.247,42.1945,24.5549,67.7865
49.4312,0.9048,0.1760,0.01417,0.22508,47.059,1,91.364,24.6205,10.4957,81.2035
55.3319,0.8558,0.3475,0.01594,0.44824,8.878,5,69.152,33.8821,21.9178,74.1327
53.2717,0.8759,0.1507,0.00631,0.08573,8.764,2,14.243,40.5594,10.9714,69.0349
21.9546,0.9291,0.3117,0.00606,0.20406,29.821,1,93.974,43.8394,21.2488,66.5307
53.4460,0.7768,0.3783,0.00656,0.20628,6.749,3,32.246,37.0227,23.6405,71.7349
48.5202,1.0238,0.2221,0.00554,0.10269,69.405,4,51.361,45.2380,20.7022,65.4630
42.2984,0.5126,0.3589,0.00335,0.12212,92.987,5,32.130,40.9584,21.7473,68.7303
54.9513,0.9474,0.4151,0.01731,0.51743,18.894,4,50.559,34.8948,9.8948,73.3595
29.1396,1.0333,0.1932,0.01808,0.36607,44.440,5,51.934,36.5136,14.0334,72.1236
54.3639,0.9924,0.2999,0.02005,0.46556,64.330,1,40.498,34.0037,16.5095,74.0398
39.9375,0.8306,0.3992,0.01598,0.55287,54.733,1,41.724,48.0684,29.9085,63.3021
56.6149,0.5737,0.3228,0.01406,0.43849,90.685,3,57.833,38.7715,24.8354,70.3999
57.2802,0.4741,0.3328,0.00496,0.16637,13.463,5,67.607,41.0180,39.1738,68.6848
35.7627,1.0377,0.2319,0.01825,0.40510,39.847,1,23.036,33.0542,14.3894,74.7647
53.9531,0.5752,0.3561,0.01036,0.34762,43.256,5,9.003,40.4026,22.5464,69.1546
24.8404,0.6527,0.4947,0.00650,0.27219,4.271,4,89.120,32.3456,14.5764,75.3057
30.8590,0.9117,0.3003,0.02220,0.60981,94.300,4,26.942,37.3117,10.6761,71.5143
53.0691,0.8807,0.3787,0.00782,0.23351,53.124,1,10.692,37.7920,15.4924,71.1476
24.6520,0.7223,0.4679,0.02289,0.81891,19.358,3,95.954,37.5817,18.8743,71.3082
31.3385,0.5865,0.3592,0.00309,0.11548,1.998,4,82.393,39.3231,24.9417,69.9788
54.8446,0.9156,0.3229,0.00582,0.15012,48.965,1,18.852,33.3364,13.1503,74.5493
25.2167,0.9077,0.3834,0.01782,0.65752,63.836,2,58.648,89.7862,74.0367,31.4526
30.8228,0.4203,0.2430,0.00439,0.13360,81.495,2,90.339,35.8747,12.7232,72.6114
42.2254,0.6323,0.4225,0.02454,0.74920,6.504,4,64.276,34.9970,15.8268,73.2815
24.6758,0.5285,0.4258,0.00791,0.32805,41.421,1,17.479,45.6324,25.6256,65.1619
20.1725,0.4592,0.1891,0.01646,0.41543,93.161,3,72.431,46.9363,29.6922,64.1665
56.0642,0.9232,0.3006,0.02043,0.47929,71.624,4,7.457,47.0228,34.9359,64.1004
31.0670,1.0819,0.4100,0.00316,0.10948,40.984,5,32.343,37.8518,28.7664,71.1020
57.7647,0.6889,0.3884,0.01993,0.64746,30.828,5,22.195,34.8580,29.8385,73.3876
31.9431,1.0096,0.2540,0.01590,0.40457,61.412,1,66.649,41.8901,16.7111,68.0190
24.4879,0.9166,0.3716,0.00567,0.20709,80.895,2,51.421,48.1957,57.3703,63.2049
49.6970,0.5977,0.4200,0.01428,0.52271,59.468,5,69.192,31.5878,14.5844,75.8843
52.4104,0.7537,0.1719,0.00852,0.14128,14.088,2,92.391,42.4007,21.6487,67.6291
58.5673,0.8894,0.1638,0.01990,0.27399,19.203,3,24.934,48.6529,36.1350,62.8559
22.2071,0.5185,0.1619,0.00585,0.12460,82.264,1,89.905,48.0538,23.5380,63.3132
42.5974,0.4439,0.2415,0.01378,0.39356,27.178,1,16.070,46.5734,18.8220,64.4435
48.5842,0.9931,0.3905,0.00341,0.10171,57.737,1,90.490,32.1472,14.3922,75.4572
47.8316,0.8645,0.4542,0.00794,0.27096,94.263,5,19.135,49.3538,38.5268,62.3208
42.5556,1.0864,0.2151,0.00962,0.17933,72.111,4,46.016,52.4616,24.1418,59.9481
22.9741,0.5784,0.1751,0.02225,0.44935,62.559,5,36.308,38.6181,13.2104,70.5170
23.2421,0.5465,0.2424,0.02319,0.60720,60.118,5,78.895,29.1163,10.1867,77.7711
55.7592,1.0879,0.4081,0.01017,0.27647,94.089,4,16.714,36.7554,19.3978,71.9390
47.0133,0.6953,0.4504,0.00909,0.33226,45.818,4,27.890,53.6556,29.5038,59.0365
45.9592,0.6063,0.2424,0.00356,0.09243,42.433,5,66.386,41.6494,11.3257,68.2027
52.4453,1.0343,0.3224,0.01609,0.39543,28.254,4,78.942,52.2411,33.6334,60.1164
28.9244,0.9335,0.3382,0.01182,0.39398,84.831,1,13.264,47.4642,23.2763,63.7634
30.5066,0.5627,0.1879,0.01753,0.40407,64.656,1,35.845,37.2746,23.5676,71.5427
31.7189,0.5816,0.1534,0.01499,0.28202,49.463,5,48.054,38.0585,17.4741,70.9442
41.5260,0.9944,0.3491,0.00330,0.09794,82.990,3,55.737,26.5959,13.5850,79.6953
44.1876,0.6154,0.2552,0.01036,0.28322,48.299,5,64.412,36.9322,15.7680,71.8040
54.3333,0.4518,0.4525,0.01580,0.61757,52.149,1,86.529,34.4148,18.3619,73.7260
34.3655,0.6760,0.1989,0.01413,0.32087,22.912,3,92.452,49.0261,35.9738,62.5710
30.1963,0.4607,0.1588,0.02317,0.40874,30.460,1,80.466,40.8160,15.5742,68.8390
29.2507,0.4498,0.1859,0.01481,0.35365,45.532,3,11.984,28.8045,10.7851,78.0092
32.3178,0.6874,0.4131,0.01401,0.53767,41.301,1,8.450,39.5455,12.7154,69.8089
58.6592,0.9516,0.1893,0.01929,0.28919,10.446,1,94.220,32.4197,16.1225,75.2491
52.0149,1.0227,0.4392,0.00371,0.11277,82.967,2,53.595,39.1786,27.8235,70.0890
41.9893,0.6219,0.3198,0.01942,0.63639,1.759,4,21.808,30.1972,24.8387,76.9459
35.4924,0.4487,0.1718,0.00862,0.18585,71.866,1,90.397,37.9231,19.5856,71.0475
22.7848,1.0414,0.4436,0.00506,0.19511,30.281,5,14.199,41.0012,24.3154,68.6976
43.3402,0.5490,0.1631,0.01767,0.33323,91.275,1,83.189,31.3244,11.5808,76.0854
22.6254,0.7574,0.2339,0.02436,0.56021,58.739,1,75.357,28.5798,12.5575,78.1807
44.8220,0.9545,0.1863,0.00604,0.10298,35.760,1,91.111,33.7491,13.0646,74.2342
48.9000,0.7508,0.2042,0.01779,0.35695,4.310,4,94.792,35.5269,16.4483,72.8769
44.4838,0.4012,0.4298,0.01634,0.65974,43.181,2,64.408,49.2060,30.5836,62.4336
36.3875,0.6159,0.4901,0.01620,0.65067,64.190,4,27.428,45.4451,25.0217,65.3049
21.4255,1.0563,0.2375,0.02404,0.53158,3.433,5,79.056,23.9940,14.3947,81.6818
30.3754,0.9060,0.4334,0.01803,0.67216,47.449,4,20.552,33.6055,10.5036,74.3438
55.7997,0.8860,0.2670,0.00938,0.20842,69.647,4,23.644,51.9906,37.0214,60.3077
24.9797,0.4935,0.3247,0.00379,0.14186,50.365,3,83.235,32.2381,12.6840,75.3877
41.4561,0.4048,0.2775,0.01604,0.52298,44.415,4,8.187,39.7868,20.1787,69.6247
22.9956,0.8955,0.2187,0.01467,0.37169,72.753,4,59.140,35.3097,12.9963,73.0427
56.5558,0.5157,0.3977,0.01612,0.58167,65.590,5,11.450,35.5388,9.6701,72.8679
24.7780,0.5290,0.3540,0.01502,0.58296,62.527,4,75.364,29.7650,13.8350,77.2758
48.8732,0.9802,0.4730,0.02377,0.65532,48.337,5,17.341,39.2389,8.7960,70.0430
43.7084,0.9971,0.2559,0.00422,0.09563,62.570,3,36.674,55.3390,39.5514,57.7514
59.0741,1.0731,0.2793,0.00907,0.17807,83.137,2,41.129,64.3436,49.4405,50.8768
58.0410,0.7980,0.4718,0.00748,0.24958,11.627,5,41.878,39.4110,16.0155,69.9116
39.9264,0.4663,0.2850,0.01589,0.51820,59.887,3,60.292,36.5127,24.9295,72.1243
28.5587,0.5282,0.4448,0.00325,0.13458,83.838,2,63.381,39.6890,20.3883,69.6994
59.9517,0.7736,0.2861,0.02108,0.49079,43.908,2,70.850,31.7290,23.9542,75.7765
31.2080,1.0759,0.4170,0.00513,0.17910,44.164,5,21.002,40.2236,21.5727,69.2913
20.7925,0.9057,0.2012,0.01505,0.35988,59.326,4,34.453,43.6473,24.4412,66.6774
34.2890,1.0841,0.4052,0.00977,0.32644,61.722,1,59.609,34.8929,16.0221,73.3610
31.8549,0.5780,0.3142,0.02400,0.69543,1.654,2,21.455,26.1215,11.0604,80.0575
31.3525,0.9294,0.3164,0.00766,0.23994,27.367,5,88.352,41.1527,25.7437,68.5819
24.3731,1.0704,0.2619,0.01831,0.50994,66.144,2,85.161,55.2811,55.5581,57.7956
56.6961,0.6682,0.3479,0.01773,0.55033,18.945,4,57.857,34.9187,18.1577,73.3413
28.7126,0.4729,0.4280,0.01970,0.81637,10.054,4,89.793,28.0174,15.0135,78.6101
55.3125,0.5462,0.4346,0.02323,0.73951,38.030,1,25.059,37.0756,16.9560,71.6946
56.6710,0.7683,0.2265,0.01154,0.23664,64.845,1,49.110,35.0558,17.4884,73.2366
36.9385,1.0701,0.3232,0.00371,0.10586,35.976,4,20.598,27.9818,11.1907,78.6372
28.0345,0.8598,0.3337,0.02172,0.68052,38.761,1,7.393,38.1547,36.3407,70.8707
35.3759,0.4171,0.3833,0.00956,0.37990,58.985,5,26.220,30.4470,9.5663,76.7552
47.8811,0.5037,0.3010,0.00311,0.10009,19.695,1,91.807,33.9333,14.0127,74.0936
47.1351,0.9555,0.3323,0.01777,0.49276,95.090,2,11.937,39.6563,19.2003,69.7244
28.7755,0.7044,0.2378,0.00532,0.14646,45.841,3,82.135,45.3419,20.1895,65.3837
32.2694,0.7387,0.4591,0.00922,0.36037,4.438,2,29.493,39.1603,17.3490,70.1030
43.4549,0.6846,0.3622,0.01693,0.57728,4.337,3,74.760,24.2415,14.2996,81.4928
50.5086,0.5113,0.2082,0.00497,0.11540,49.583,1,55.371,35.1816,20.3767,73.1406
59.8867,1.0214,0.2360,0.01062,0.18328,12.329,3,83.805,51.7229,28.1293,60.5121
47.6242,0.8723,0.4641,0.00807,0.27694,74.321,5,23.195,48.4345,33.2096,63.0226
49.6698,0.7031,0.1612,0.00601,0.09895,81.846,4,48.078,61.1915,54.9301,53.2833
28.5966,0.8371,0.2129,0.02483,0.47748,35.911,3,32.298,38.8801,21.9717,70.3169
27.1345,1.0324,0.2011,0.02424,0.43023,5.895,3,10.521,27.4671,15.9367,79.0302
50.5556,0.7314,0.3656,0.02348,0.64278,11.424,1,86.584,29.5476,14.9482,77.4419
50.0406,0.9865,0.4086,0.00930,0.28178,28.688,2,10.763,31.2902,15.1892,76.1114
24.0399,0.5873,0.2381,0.01556,0.45827,42.809,1,74.620,32.7192,13.6235,75.0205
52.2318,0.9750,0.2904,0.00926,0.21673,6.772,2,21.895,32.1758,15.0125,75.4353
32.6938,0.6619,0.3756,0.00803,0.29815,43.685,4,83.650,62.3972,38.9233,52.3627
38.4549,1.0485,0.4813,0.00438,0.15282,17.981,4,11.521,31.5288,21.7564,75.9293
39.9811,0.6108,0.3000,0.02267,0.63789,7.193,3,39.006,51.7585,54.3882,60.4849
30.7563,0.8692,0.3638,0.02440,0.69737,33.694,2,10.297,32.2069,12.8331,75.4116
55.5548,0.4312,0.4699,0.00831,0.32921,75.705,2,78.561,37.6704,18.6095,71.2405
42.5424,0.6377,0.1994,0.01303,0.28497,19.492,3,23.998,36.4517,13.1968,72.1709
53.2946,0.6649,0.3802,0.00615,0.20527,56.211,1,63.234,31.4100,15.5981,76.0200
24.3283,1.0023,0.2445,0.00721,0.19316,41.335,5,37.250,32.7070,16.9242,75.0298
28.6550,0.7252,0.4318,0.00338,0.13281,53.598,4,40.088,36.7789,14.3448,71.9211
40.7410,1.0761,0.4412,0.00309,0.10160,26.773,2,80.191,33.4030,23.1886,74.4985
21.1016,0.7995,0.2379,0.02480,0.56947,59.791,4,71.887,50.7035,22.3202,61.2903
41.5693,0.9521,0.1835,0.02432,0.34830,94.948,3,58.133,35.9269,18.3193,72.5715
22.0842,0.9367,0.3825,0.01989,0.74579,32.811,5,18.287,35.0252,15.4551,73.2599
42.4284,0.5797,0.1884,0.01689,0.36068,32.773,3,75.815,38.8850,17.6535,70.3132
56.4693,0.9455,0.2975,0.02478,0.46644,11.536,2,27.724,38.0152,22.2818,70.9773
50.4024,0.9913,0.4525,0.00931,0.29479,3.721,2,6.337,28.1781,14.8582,78.4874
50.6412,0.9874,0.3780,0.02408,0.57594,45.537,1,22.402,42.9055,15.6220,67.2437
51.2027,0.7238,0.2967,0.00623,0.17368,91.013,4,26.505,35.5639,19.6708,72.8487
58.2704,0.9219,0.2615,0.00708,0.14705,3.066,3,87.747,35.5718,36.1418,72.8426
58.4473,1.0217,0.4749,0.01956,0.58248,74.648,4,62.302,62.0590,29.6068,52.6210
57.7845,0.9332,0.3751,0.01950,0.54005,37.688,2,26.098,40.6397,13.1211,68.9736
36.0598,0.8680,0.2280,0.00643,0.15069,65.250,5,15.451,42.1977,29.0336,67.7841
21.0291,0.6999,0.4595,0.01039,0.43303,94.365,2,13.897,50.3169,27.5453,61.5855
36.9055,0.4474,0.4307,0.01286,0.52367,29.647,5,46.652,42.9164,20.6905,67.2354
49.1450,0.9987,0.1692,0.01445,0.21003,68.566,1,51.989,39.1184,18.6366,70.1350
47.8458,0.9734,0.3765,0.00343,0.10169,48.531,5,54.502,36.8045,22.7311,71.9016
41.0906,0.9387,0.2097,0.02457,0.39933,2.203,5,8.080,33.4923,13.0944,74.4303
49.3609,0.4880,0.3585,0.01185,0.42447,48.046,1,91.018,49.4634,21.6822,62.2371
22.1281,0.7679,0.3112,0.00753,0.26232,34.821,3,8.227,49.1843,31.2493,62.4502
43.0462,1.0123,0.3913,0.00476,0.14805,79.447,1,66.890,45.3136,20.8872,65.4053
48.2317,1.0234,0.3687,0.01836,0.52267,5.265,2,8.751,30.1804,21.5038,76.9588
44.1642,0.9497,0.3961,0.00500,0.15931,64.138,2,79.241,34.7213,14.0251,73.4920
31.0319,0.5876,0.3724,0.01859,0.70780,27.625,1,78.683,55.8160,71.6004,57.3872
42.7810,0.8148,0.3399,0.00913,0.28507,27.597,1,93.383,38.6985,15.9522,70.4556
55.1008,0.5200,0.3630,0.00731,0.25351,80.671,1,27.550,34.1425,13.2125,73.9338
31.6807,0.7835,0.4159,0.01114,0.41909,19.916,5,57.616,39.9743,9.1691,69.4816
52.5173,0.6536,0.1703,0.02116,0.34931,22.643,4,43.560,53.7945,37.8773,58.9305
28.7997,0.4391,0.4208,0.01630,0.67688,83.657,5,29.116,40.1457,26.0678,69.3507
38.5861,0.5794,0.4630,0.02451,0.79466,46.456,2,94.166,31.8985,14.8722,75.6470
23.7131,0.6061,0.1648,0.00326,0.06836,54.262,2,87.408,38.5945,13.5391,70.5350
34.6908,0.9441,0.1788,0.02027,0.36686,64.943,1,85.489,52.8390,20.1303,59.6600
22.2292,0.6817,0.3899,0.01702,0.67455,49.936,1,82.306,40.6875,29.9041,68.9371
32.9815,1.0798,0.3292,0.00391,0.11765,51.055,2,33.010,44.8094,26.3051,65.7902
35.9971,0.5074,0.2503,0.01522,0.44957,86.201,3,77.443,38.3649,14.5664,70.7103
41.8156,1.0260,0.4455,0.00630,0.20947,90.125,4,40.155,48.1284,18.7410,63.2563
27.1134,0.4212,0.4724,0.02340,0.85938,91.376,3,66.867,37.5011,22.0258,71.3697
30.6909,0.4942,0.1551,0.00433,0.08529,49.892,3,76.494,40.0257,16.2658,69.4423
23.4817,0.8869,0.2635,0.02008,0.59392,91.138,3,82.509,55.9727,27.8022,57.2676
59.5521,1.0834,0.3187,0.01143,0.24892,91.539,2,95.061,47.8417,22.0201,63.4752
58.0841,0.4184,0.3128,0.00342,0.11320,30.064,4,10.885,49.2242,22.0008,62.4197
59.3981,0.9199,0.3036,0.02492,0.46908,69.434,3,62.608,39.3696,23.0798,69.9432
28.8793,0.9159,0.3400,0.01235,0.41541,27.069,2,29.927,42.8476,16.3973,67.2879
51.7702,0.8775,0.3598,0.02281,0.58555,56.625,4,72.180,34.5380,14.8538,73.6319
20.5603,0.8320,0.3175,0.01765,0.62135,59.768,4,32.880,32.4839,19.6840,75.2001
49.6073,0.9954,0.4560,0.01637,0.52231,14.037,3,73.534,65.0359,75.0483,50.3482
57.3395,0.8568,0.2348,0.00576,0.11420,24.603,2,42.012,51.8835,26.0802,60.3895
24.2244,0.8352,0.2308,0.01377,0.36822,58.158,3,69.922,33.3274,8.8609,74.5562
27.7722,0.4001,0.2388,0.00879,0.26867,23.030,5,11.613,33.0651,25.6711,74.7564
48.9340,0.9582,0.2594,0.02104,0.44306,40.835,5,31.155,44.0331,28.2428,66.3829
56.2048,0.9235,0.2249,0.01358,0.24995,75.830,1,16.025,47.3678,24.4921,63.8370
26.8157,0.9053,0.3930,0.00325,0.11976,2.786,1,28.816,26.7823,17.2057,79.5530
45.1834,0.6862,0.3343,0.02216,0.64354,7.618,4,88.930,38.8763,28.4677,70.3198
24.9540,0.6924,0.1566,0.02074,0.38688,75.265,5,22.278,43.0103,27.8700,67.1637
43.8004,0.9428,0.3478,0.00963,0.28601,9.660,2,58.686,40.6483,18.4616,68.9670
45.0707,0.4908,0.3635,0.02139,0.73265,80.491,5,74.507,35.3685,16.0376,72.9979
43.5863,0.4337,0.4312,0.01051,0.42143,12.379,1,31.186,44.2230,19.8811,66.2379
46.0763,1.0340,0.4066,0.01568,0.48008,32.514,4,40.844,62.9043,37.2882,51.9757
29.0390,0.5435,0.3416,0.01760,0.65695,21.349,4,43.224,35.8334,13.1925,72.6429
40.3957,0.8588,0.2006,0.02356,0.40115,1.827,3,80.931,22.7534,16.0025,82.6289
31.8059,0.9816,0.2366,0.01299,0.31388,82.505,3,9.608,61.2542,26.9964,53.2354
41.8998,0.6291,0.2026,0.00478,0.10695,36.048,5,13.837,37.2016,25.7109,71.5984
33.5521,0.7983,0.3784,0.00877,0.31221,35.618,1,57.636,35.6164,15.6219,72.8086
36.8749,0.4555,0.1872,0.02070,0.46295,38.833,1,36.246,48.5033,40.3041,62.9701
58.4169,0.7576,0.4923,0.01793,0.61753,7.984,3,53.849,23.5954,5.3608,81.9861
48.3486,0.5359,0.3825,0.00529,0.19237,2.863,4,44.459,31.0003,14.3304,76.3328
40.4470,0.5026,0.1694,0.01734,0.35162,40.306,3,67.968,45.1231,17.3202,65.5507
48.0995,0.8185,0.1805,0.01337,0.23129,47.424,1,47.163,40.0250,18.4989,69.4428
28.0873,0.4693,0.1562,0.00565,0.11449,35.524,1,73.758,35.4297,11.6222,72.9511
25.3300,0.9616,0.2599,0.01370,0.38711,30.161,1,19.591,30.1540,8.0195,76.9789
46.5734,1.0605,0.2620,0.02426,0.43275,25.100,5,86.640,39.8150,35.3273,69.6032
47.3880,0.5648,0.2693,0.00856,0.24643,16.177,2,43.322,59.4765,48.6858,54.5926
30.5186,0.6396,0.4460,0.00880,0.35258,88.125,4,76.148,50.8812,28.4144,61.1547
27.5489,0.9501,0.2099,0.01170,0.26802,89.476,2,45.835,53.1789,46.2243,59.4005
50.1039,1.0979,0.4125,0.01149,0.33101,92.840,4,30.397,34.4967,29.8540,73.6635
33.6392,0.7072,0.3183,0.01661,0.55285,95.413,2,27.467,39.1948,27.0757,70.0767
50.2991,0.6184,0.3213,0.00474,0.14885,32.481,4,37.419,42.5351,21.0133,67.5265
48.4931,0.7728,0.4974,0.00911,0.32989,82.884,3,9.732,33.4569,21.3803,74.4573
35.6059,0.4991,0.2409,0.00552,0.15879,64.041,5,58.837,34.8949,16.6758,73.3595
43.6910,0.9639,0.2957,0.00790,0.20622,51.243,3,37.267,64.8686,45.2004,50.4760
21.1270,1.0294,0.3096,0.02399,0.66094,76.165,2,80.579,44.0470,26.7406,66.3722
33.8960,0.9408,0.1936,0.01914,0.38180,57.487,2,49.805,44.8081,18.1342,65.7912
37.4663,0.7343,0.3062,0.00814,0.25463,92.609,2,53.793,56.9087,33.3471,56.5530
22.5491,0.8224,0.3321,0.02089,0.71372,20.166,5,8.976,32.5929,15.9791,75.1169
58.9067,0.7511,0.4507,0.01783,0.59595,39.193,5,34.109,39.3928,16.2217,69.9255
47.6552,0.8787,0.3162,0.00615,0.17009,41.557,3,90.192,43.9680,30.3206,66.4326
26.2014,0.5827,0.4438,0.02065,0.82517,82.752,2,24.072,36.8070,14.6103,71.8997
36.3058,0.4931,0.1908,0.00793,0.18443,65.683,5,88.637,42.8254,19.9508,67.3049
24.0462,0.9594,0.3669,0.01507,0.54330,83.008,1,43.189,28.6684,6.8359,78.1131
46.4650,0.5889,0.1781,0.02186,0.39329,93.676,2,69.344,50.5936,22.9215,61.3742
55.2232,1.0170,0.2650,0.02358,0.40678,13.794,5,16.866,40.2465,13.8119,69.2738
31.8880,0.7589,0.1511,0.00746,0.12955,0.510,4,44.724,35.0770,16.5962,73.2204
33.9192,0.8707,0.2352,0.01191,0.29279,18.781,2,80.792,39.0536,15.2809,70.1845
39.4203,0.4635,0.4075,0.01729,0.68367,62.079,2,22.605,47.2403,13.3619,63.9343
42.0383,1.0538,0.4612,0.00854,0.28455,72.937,3,25.982,49.4338,35.6584,62.2597
56.3216,0.6381,0.3914,0.00826,0.27897,44.734,2,12.010,44.5905,30.1102,65.9573
22.3881,0.9587,0.2751,0.01863,0.56759,94.224,2,80.828,46.3498,33.4562,64.6142
48.4728,0.6481,0.2376,0.01530,0.37566,56.060,3,62.356,37.6772,23.3360,71.2353
22.9447,0.8647,0.2339,0.01533,0.41602,4.624,1,18.415,32.2627,21.4222,75.3690
34.2377,1.0564,0.3714,0.01907,0.61537,5.247,4,53.624,24.3832,10.2594,81.3846
47.4103,0.9027,0.2542,0.01313,0.29946,66.550,2,69.085,56.9140,34.8961,56.5489
32.9389,0.8118,0.4326,0.02382,0.75124,76.491,4,57.259,42.2044,18.3970,67.7790
31.2376,0.5552,0.3373,0.01493,0.54617,65.158,4,49.238,47.9637,19.5116,63.3821
31.2630,0.8066,0.4659,0.01208,0.46873,59.092,3,54.514,47.1033,38.4827,64.0389
59.5950,0.8473,0.4779,0.02191,0.64823,18.456,2,53.977,34.0022,26.4546,74.0409
29.1331,0.5633,0.4323,0.00716,0.29108,17.786,1,55.752,45.9000,37.0050,64.9576
37.8054,0.8789,0.3776,0.00425,0.14292,24.696,5,34.409,42.9163,23.3020,67.2355
27.6280,0.4675,0.3925,0.00724,0.29369,39.118,3,36.575,34.4204,13.4762,73.7217
43.1560,0.5647,0.4566,0.01452,0.56728,80.548,3,45.753,33.4321,19.9023,74.4762
44.6472,0.6645,0.2241,0.00656,0.15546,76.735,1,53.705,32.3913,9.1760,75.2708
36.0446,0.4505,0.3324,0.01162,0.42700,85.275,2,60.462,31.4961,15.6079,75.9543
22.3757,0.6468,0.1876,0.01614,0.38144,34.881,1,87.325,44.2685,26.2968,66.2031
38.2911,0.6938,0.2200,0.01516,0.36462,40.227,3,71.092,35.9860,12.3013,72.5264
56.0395,0.4032,0.4394,0.01076,0.42348,52.568,4,78.755,46.4755,34.9653,64.5182
30.4205,0.6754,0.3785,0.02309,0.75155,33.412,5,68.062,32.7652,14.0724,74.9854
29.6918,0.4919,0.4707,0.01755,0.73753,79.909,5,53.910,40.8154,36.9156,68.8394
36.7697,0.9426,0.2918,0.02253,0.55814,19.717,1,59.887,45.2911,22.2676,65.4225
41.8606,1.0082,0.2962,0.01954,0.50907,50.547,2,59.388,34.3566,19.9676,73.7704
42.1232,0.6853,0.4837,0.01067,0.40878,40.452,1,94.496,35.1830,12.3118,73.1395
50.6093,0.7126,0.3804,0.02362,0.66262,74.392,1,42.777,33.4759,12.6544,74.4427
24.6830,0.6821,0.4158,0.01471,0.58875,77.705,2,36.550,52.6184,28.1207,59.8284
53.5527,0.9727,0.2196,0.01847,0.33079,8.145,3,65.325,34.9282,19.2514,73.3340
32.9245,1.0872,0.4158,0.02157,0.68406,38.686,2,93.419,39.5917,22.3425,69.7737
47.3668,0.7814,0.2823,0.01055,0.28166,68.216,3,18.338,35.7026,15.5660,72.7428
41.2524,0.8593,0.2679,0.01724,0.44652,34.584,5,83.528,33.8544,13.5115,74.1538
40.6837,0.6002,0.2995,0.01069,0.34052,31.896,1,81.172,46.5349,22.3110,64.4729
46.3712,0.6756,0.1785,0.01562,0.29387,40.526,3,70.093,42.5106,16.4578,67.5452
29.3483,0.4021,0.2804,0.01680,0.57747,77.978,4,20.195,37.1537,10.2339,71.6350
42.3268,0.4611,0.3420,0.01273,0.46202,6.181,2,95.521,24.5672,18.0273,81.2442
45.7497,0.8217,0.3242,0.00900,0.26527,15.748,1,16.823,37.4683,17.4524,71.3948
53.0303,0.5246,0.3271,0.00753,0.24769,48.274,4,18.085,48.8788,24.5295,62.6835
24.9680,0.8091,0.2668,0.02226,0.60489,71.371,3,69.579,45.8471,33.3467,64.9980
25.2819,0.7390,0.4194,0.00749,0.29609,22.756,4,13.491,32.8621,12.4565,74.9114
26.8471,0.9112,0.4608,0.00353,0.13721,8.014,2,54.947,48.8923,25.4981,62.6731
45.4371,0.5365,0.4295,0.01666,0.64022,36.701,1,48.371,34.8034,14.7628,73.4293
38.9423,0.4352,0.2220,0.00312,0.08428,28.946,3,47.240,39.8091,14.5635,69.6077
45.7114,0.6672,0.4039,0.01124,0.40176,68.890,1,39.263,46.5022,25.4380,64.4978
44.0000,1.0322,0.1803,0.01194,0.19108,29.440,5,77.282,50.0472,38.5358,61.7914
27.3425,1.0285,0.1508,0.00482,0.07941,35.164,2,94.616,33.5165,14.8047,74.4118
30.3484,0.8343,0.4931,0.01234,0.48436,33.659,3,18.099,51.2623,28.2618,60.8637
56.3139,0.7117,0.3730,0.00303,0.09583,73.830,4,48.140,42.7483,26.2790,67.3638
43.3964,1.0696,0.3132,0.01591,0.41382,47.703,2,19.780,28.9335,12.3261,77.9107
28.5185,0.8407,0.3984,0.01107,0.41186,79.554,2,70.439,39.3458,18.8851,69.9614
29.4968,0.8296,0.4113,0.01045,0.39219,37.202,2,28.054,32.8264,13.1185,74.9387
22.5937,0.6312,0.4847,0.01071,0.45247,60.243,3,64.780,50.4967,27.4074,61.4482
52.7803,0.9090,0.3848,0.01095,0.32593,2.034,3,77.660,38.5826,29.0703,70.5441
39.6249,0.7968,0.3809,0.00403,0.13835,29.851,1,70.010,31.0933,19.5507,76.2618
34.2767,0.4806,0.4225,0.00473,0.19131,51.674,2,81.770,66.8884,38.8785,48.9340
36.8332,0.6072,0.2040,0.00599,0.14086,1.591,3,85.812,30.3980,12.9404,76.7926
45.8755,0.7668,0.2074,0.02265,0.41350,68.403,4,41.511,36.8025,20.2636,71.9031
36.1954,0.6050,0.4153,0.02241,0.77223,9.546,2,45.659,25.4517,13.8665,80.5688
50.0582,0.7059,0.1618,0.01817,0.29884,24.311,2,28.018,32.7229,10.2766,75.0177
42.5141,1.0950,0.4309,0.02273,0.63493,79.962,3,47.714,36.7064,10.8976,71.9765
51.1002,0.7458,0.2479,0.01840,0.43525,73.216,3,28.678,35.1213,23.6751,73.1866
27.1533,1.0091,0.1821,0.00692,0.13667,94.802,2,65.782,45.3630,26.9651,65.3675
51.1391,0.5845,0.2518,0.00446,0.11751,61.203,5,44.490,51.9605,40.2755,60.3307
46.9199,0.4436,0.2307,0.02082,0.53851,57.111,5,78.310,38.9814,15.1745,70.2396
21.5734,0.4334,0.2892,0.00657,0.23556,83.268,3,68.990,35.9848,14.9819,72.5274
26.4648,0.7615,0.4570,0.02331,0.80103,13.079,2,30.241,32.6562,16.6532,75.0686
59.1042,0.9231,0.4337,0.01398,0.41884,33.192,5,52.847,31.4000,15.9622,76.0276
27.0527,0.4503,0.2199,0.00651,0.18306,17.331,5,81.732,46.1043,30.4436,64.8016
25.5523,0.7881,0.3973,0.01775,0.68073,74.402,1,36.467,43.4764,22.1759,66.8079
53.2502,0.5856,0.4757,0.01216,0.45805,32.681,5,87.172,49.8434,27.2203,61.9470
22.3506,1.0978,0.2176,0.00996,0.23928,12.883,4,94.746,30.5127,13.7107,76.7050
29.9521,0.4394,0.4688,0.02415,0.84863,24.629,3,82.355,42.4699,20.7713,67.5763
55.6665,0.9770,0.2746,0.00439,0.09433,36.210,1,45.262,56.1730,12.9957,57.1147
50.9547,0.6641,0.3573,0.02155,0.65396,38.204,5,34.687,40.6699,25.5776,68.9505
56.7636,0.6142,0.3850,0.01723,0.58251,12.962,2,59.716,49.7297,31.2923,62.0338
50.4930,0.4240,0.3405,0.01733,0.61895,19.863,1,62.227,27.7851,10.3482,78.7875
33.1851,0.8713,0.3841,0.01062,0.37354,29.420,5,63.167,38.1211,17.4187,70.8964
59.3641,0.8357,0.3920,0.01145,0.34084,37.977,2,73.570,40.2858,36.3814,69.2437
43.3018,0.7990,0.3157,0.01357,0.40437,35.061,5,60.694,39.9046,28.2008,69.5348
29.0652,0.6479,0.4305,0.01750,0.69785,61.465,1,72.532,40.8116,21.1410,68.8424
45.2098,0.9820,0.4634,0.01138,0.38040,43.056,2,17.223,36.2758,14.1141,72.3052
48.6733,0.5700,0.2092,0.01297,0.29564,77.321,2,75.193,32.3556,20.7738,75.2981
38.9184,0.5111,0.2286,0.01321,0.35523,52.081,2,24.798,42.6157,17.4865,67.4650
28.8223,1.0919,0.2218,0.00363,0.08207,41.219,3,44.928,27.0144,10.1304,79.3758
22.5445,0.4284,0.2403,0.01074,0.33441,84.309,4,19.404,36.7398,15.3570,71.9510
24.4571,0.9301,0.4072,0.01696,0.64137,68.295,3,84.652,41.6310,26.0536,68.2167
33.5180,0.5373,0.3839,0.01268,0.49032,88.986,1,61.264,39.8167,32.6703,69.6019
54.4587,0.9488,0.1796,0.01836,0.27463,30.317,4,75.847,51.7585,29.2422,60.4849
57.8175,0.6900,0.3484,0.01644,0.50090,12.033,2,23.633,33.3163,16.8325,74.5646
25.2552,0.8584,0.4105,0.01705,0.65311,74.843,1,28.795,35.1638,19.6816,73.1541
23.8501,0.6342,0.1690,0.01039,0.22115,60.566,5,69.749,38.3645,22.2298,70.7106
34.2983,0.6445,0.2051,0.01521,0.36022,0.781,2,15.018,25.4858,15.1313,80.5428
33.1039,0.7771,0.2309,0.00566,0.14308,1.529,5,78.531,30.0962,16.2556,77.0230
35.8492,0.4870,0.4228,0.02365,0.80405,28.771,1,79.767,63.9939,51.4522,51.1437
30.2953,0.4859,0.2386,0.00934,0.27469,69.913,3,66.445,36.1259,14.8767,72.4196
51.4886,0.9533,0.2430,0.01189,0.24227,88.359,3,80.755,31.7963,14.2226,75.7251
24.5141,0.5293,0.3161,0.01974,0.72294,26.067,3,6.443,40.2228,28.9250,69.2918
55.4506,0.5450,0.1838,0.02017,0.39405,47.984,4,74.595,41.9033,23.9476,68.0089
29.3008,0.6791,0.4747,0.01099,0.44557,88.876,5,70.931,41.0291,23.1794,68.6763
33.1542,0.5409,0.4618,0.01590,0.65086,49.440,1,39.094,49.7312,18.8591,62.0327
38.0997,1.0516,0.1816,0.00848,0.14483,49.370,4,7.293,30.1582,13.6678,76.9757
26.3035,0.9889,0.3365,0.02335,0.66993,3.864,1,63.420,34.1533,22.4649,73.9256
33.1223,0.9646,0.3882,0.01135,0.39000,19.795,1,22.033,40.6970,13.4484,68.9299
40.0291,0.7569,0.2454,0.01411,0.35880,36.909,4,57.598,36.8460,17.6655,71.8699
56.7445,0.7371,0.3726,0.02181,0.62251,48.112,4,41.771,36.6756,15.0887,72.0000
52.9563,1.0047,0.2970,0.00713,0.16569,38.546,5,82.695,45.2194,33.8781,65.4772
55.7304,0.5611,0.3980,0.01131,0.40064,48.617,5,84.265,30.2152,9.1772,76.9322
27.1678,0.8993,0.3599,0.00553,0.19561,17.415,2,32.388,39.0700,25.3828,70.1720
26.3428,1.0948,0.4664,0.02315,0.75182,1.492,4,61.770,28.6266,28.6940,78.1450
35.6841,0.6187,0.2022,0.00409,0.09576,80.846,4,31.731,40.0259,26.1435,69.4422
25.3518,0.4658,0.4234,0.01802,0.75381,36.599,1,83.325,31.0032,14.7120,76.3305
25.9310,0.7062,0.4454,0.00991,0.39982,13.436,3,57.152,24.5629,15.0117,81.2474
24.7364,1.0312,0.4648,0.02007,0.77060,72.214,1,79.097,47.8349,18.8588,63.4804
50.1793,0.5122,0.4190,0.01379,0.52108,47.459,4,31.801,32.9724,13.8616,74.8272
28.2777,0.4923,0.1833,0.02334,0.46707,13.680,5,64.168,34.2018,8.1046,73.8886
55.2903,0.8308,0.4897,0.01797,0.60836,34.294,1,18.872,36.3283,11.4455,72.2651
42.9622,0.5571,0.3401,0.01663,0.57835,9.719,3,91.420,37.0915,28.1240,71.6824
27.6470,0.4912,0.3535,0.01977,0.76459,90.038,4,20.952,57.5202,70.2754,56.0861
48.6626,0.9497,0.1569,0.02312,0.28139,43.443,3,44.261,36.7434,16.8766,71.9482
45.9951,0.6068,0.4970,0.01653,0.64229,26.857,5,83.471,32.3543,9.5503,75.2991
31.7727,0.7859,0.2655,0.00777,0.22324,2.464,5,12.075,24.9130,10.2119,80.9801
51.0712,0.8311,0.2263,0.00352,0.07278,93.246,4,7.864,36.7481,18.4169,71.9446
58.3929,0.8422,0.1736,0.01367,0.20498,46.090,1,59.006,34.7975,12.8181,73.4338
59.3749,0.6025,0.2681,0.02014,0.52321,67.976,4,58.754,32.7970,22.6317,74.9610
59.5310,0.6905,0.4266,0.00796,0.26754,64.319,4,80.068,41.3891,16.6185,68.4014
22.4924,0.5313,0.4463,0.00644,0.27213,80.449,2,54.603,47.7325,36.5822,63.5585
32.4474,1.0635,0.3249,0.01299,0.39160,92.252,4,7.947,44.6043,29.4953,65.9468
21.9987,0.4737,0.4038,0.01587,0.66088,7.580,1,70.260,29.4880,20.4910,77.4873
24.2502,0.9194,0.2795,0.00765,0.23414,30.003,5,71.199,36.3718,20.1603,72.2319
32.4775,1.0020,0.3154,0.00953,0.28736,30.108,1,43.491,61.6270,36.5545,52.9508
35.1965,0.5208,0.1518,0.01007,0.18820,66.042,2,83.937,44.4099,33.2242,66.0952
20.1803,0.8431,0.2930,0.00866,0.28965,10.984,4,31.264,29.8463,8.6991,77.2138
54.2477,0.6038,0.4177,0.02364,0.71355,72.557,1,9.925,64.6465,80.0945,50.6456
29.7951,0.9703,0.1957,0.01921,0.39978,91.555,1,13.035,53.8155,25.5189,58.9145
25.4417,0.6637,0.4963,0.01909,0.79568,72.424,1,12.103,43.4769,15.3583,66.8075
32.3310,0.9650,0.2834,0.01975,0.55744,56.864,3,38.479,32.9151,24.2055,74.8709
23.7452,0.6334,0.1896,0.01962,0.46565,5.101,2,81.380,33.8618,28.1919,74.1482
48.7752,0.4778,0.2505,0.00524,0.14757,72.864,4,52.613,41.5593,21.1646,68.2715
43.0121,0.7104,0.2326,0.00636,0.15415,41.941,1,93.540,38.2495,26.3647,70.7984
42.9067,1.0388,0.1641,0.02469,0.29666,58.066,5,50.482,39.9381,24.8348,69.5092
34.3915,0.9693,0.1951,0.01234,0.24363,79.747,3,85.938,39.4714,22.4870,69.8655
32.5855,0.4801,0.3745,0.02188,0.78083,19.195,4,89.246,51.3674,31.7922,60.7835
56.2677,0.6815,0.4925,0.01858,0.66936,55.400,5,14.693,43.1189,17.5305,67.0808
49.4219,1.0889,0.2100,0.01569,0.26256,8.773,4,92.362,37.1908,19.0399,71.6066
43.4928,0.8665,0.3625,0.01785,0.56401,8.318,2,59.288,37.6909,21.2379,71.2248
39.9111,1.0617,0.2155,0.01621,0.31641,82.411,1,59.860,54.6507,30.3111,58.2768
52.1876,0.8444,0.4210,0.02007,0.64768,58.086,2,56.351,57.7855,48.6860,55.8836
59.3048,0.9747,0.2034,0.01809,0.28312,58.930,3,12.606,43.8625,19.2839,66.5131
23.1958,1.0444,0.2703,0.01232,0.35918,88.685,2,9.280,44.1769,42.2857,66.2731
21.4899,0.9920,0.3203,0.00981,0.33285,42.009,1,40.419,41.9568,27.2042,67.9680
47.6375,0.9443,0.3123,0.02234,0.52973,64.474,3,37.396,37.5788,26.5936,71.3104
23.7658,0.8995,0.2628,0.00560,0.16498,59.730,1,71.868,33.7898,11.1793,74.2031
39.5690,0.4218,0.1536,0.02028,0.38589,71.322,2,70.818,35.8468,12.1365,72.6327
43.9526,0.8845,0.3226,0.01289,0.37292,35.417,3,30.305,37.7401,21.5385,71.1873
38.6163,0.7336,0.1661,0.01053,0.19078,49.969,2,8.159,30.6646,13.5401,76.5891
27.7180,0.5693,0.3735,0.01578,0.61345,39.655,5,41.100,30.6275,12.8165,76.6174
22.8981,0.7491,0.1615,0.02209,0.39803,69.229,5,18.499,54.2521,43.4490,58.5812
56.5246,0.4293,0.4125,0.02359,0.76170,28.645,2,10.824,36.5130,14.4989,72.1241
23.1313,1.0062,0.1667,0.00726,0.13833,80.264,3,43.501,42.4051,23.3514,67.6258
32.2956,0.6172,0.3790,0.01026,0.38807,55.232,5,85.843,35.1636,19.7079,73.1543
30.9443,0.5766,0.2955,0.01128,0.37873,69.131,2,7.914,37.6288,15.9655,71.2723
23.3242,0.8172,0.2236,0.00800,0.21056,39.742,1,42.156,33.3774,31.7716,74.5180
45.0381,0.9288,0.2884,0.02469,0.51357,93.982,4,67.472,38.6663,19.4587,70.4802
57.9776,0.6963,0.2560,0.00517,0.12315,29.518,1,16.320,44.0916,37.0302,66.3382
50.8667,0.5726,0.4483,0.00403,0.15170,66.659,4,31.864,40.9293,22.3583,68.7525
36.7812,1.0508,0.3965,0.00964,0.31509,66.072,5,63.980,33.7210,14.0498,74.2557
53.8233,0.8025,0.1524,0.01627,0.23240,65.336,3,22.645,42.0655,24.8680,67.8850
29.8385,0.4262,0.2149,0.01124,0.30830,31.003,4,61.518,38.7197,18.8880,70.4394
36.9654,0.9565,0.1650,0.02286,0.33087,14.166,1,81.237,80.4030,56.1593,38.6162
54.0643,0.7241,0.3936,0.01558,0.51156,58.290,5,44.153,52.0783,37.9121,60.2408
44.9644,0.7019,0.4637,0.01253,0.46561,59.354,3,55.561,39.3973,16.8954,69.9221
37.0754,0.9045,0.3658,0.00501,0.16482,19.045,4,72.997,40.0634,23.6542,69.4135
24.1386,0.9214,0.2576,0.01160,0.33302,44.238,2,15.132,35.2816,14.2771,73.0642
21.1927,0.9037,0.2093,0.00701,0.17336,88.651,1,54.766,47.6179,35.4877,63.6460
58.8791,0.5588,0.3257,0.02280,0.62565,13.092,1,48.591,53.1701,32.5092,59.4072
59.2444,0.8937,0.2227,0.01623,0.29325,0.605,3,49.915,21.7116,6.8704,83.4242
25.8367,0.9610,0.2270,0.01317,0.32900,38.564,5,86.336,41.2451,22.2507,68.5113
32.1667,0.4460,0.4281,0.00714,0.29431,62.177,1,61.180,45.3892,41.5025,65.3476
53.8566,0.5765,0.2989,0.01972,0.59018,84.937,4,13.928,37.7686,23.3986,71.1655
23.5391,0.7527,0.1728,0.01146,0.24145,79.826,5,21.426,38.5736,21.5233,70.5509
45.6265,1.0072,0.3235,0.00973,0.26129,49.811,1,23.233,45.3680,53.4069,65.3638
39.9529,0.6254,0.1796,0.02118,0.40597,10.542,2,35.653,35.1792,15.2280,73.1424
30.7920,0.5618,0.4568,0.00304,0.12476,38.409,3,83.151,29.6690,11.5312,77.3492
34.9650,0.8832,0.4598,0.00890,0.32969,89.101,4,80.698,44.9896,21.8234,65.6526
50.2758,1.0203,0.2785,0.00717,0.16086,5.453,4,68.918,40.2728,41.7430,69.2536
51.0259,0.7170,0.4682,0.01901,0.68299,14.067,2,41.248,30.3579,10.8602,76.8232
51.7244,0.6200,0.2254,0.00850,0.19784,46.222,4,12.858,51.9023,44.0173,60.3751
23.9629,0.6036,0.3092,0.01046,0.37279,69.517,2,69.538,36.7285,23.4476,71.9596
50.4642,0.5629,0.2426,0.02439,0.51828,82.452,2,41.661,32.8673,20.1660,74.9074
24.4678,0.7801,0.4065,0.00976,0.38037,59.219,2,64.260,34.9886,26.3822,73.2879
29.8916,0.4949,0.1990,0.00922,0.23049,87.747,3,93.820,42.8389,43.8801,67.2946
35.3518,0.6348,0.1966,0.00965,0.21907,6.255,5,49.443,29.7404,12.5921,77.2947
53.8723,0.4673,0.3341,0.00557,0.19027,45.716,3,30.565,34.5838,17.5790,73.5970
59.2611,0.6163,0.1811,0.00561,0.10157,91.239,2,57.003,44.8534,33.8140,65.7566
36.7586,0.6456,0.4999,0.01300,0.51948,4.375,3,81.446,30.3672,14.8520,76.8161
22.7219,0.5125,0.3729,0.01492,0.59896,33.150,2,95.017,37.3313,11.6256,71.4994
54.0745,0.8028,0.2618,0.00337,0.07892,79.148,1,30.517,38.6127,25.2935,70.5211
27.7336,0.9008,0.3908,0.02159,0.73145,5.606,3,50.160,19.3894,9.7235,85.1971
41.1053,0.8448,0.3774,0.01748,0.58021,68.708,3,58.596,39.9780,25.5493,69.4787
53.9247,0.8909,0.1946,0.01250,0.21014,53.687,3,45.903,43.5874,33.0481,66.7232
55.0547,0.4536,0.4256,0.01191,0.45551,43.403,5,83.823,38.2412,21.1328,70.8047
29.4304,0.8551,0.2672,0.00451,0.12969,54.186,5,43.828,37.4255,16.8483,71.4275
33.9206,0.5806,0.2610,0.00790,0.23745,62.132,4,85.387,35.8515,22.2923,72.6291
44.3322,0.7629,0.1599,0.02464,0.32977,70.808,5,86.758,34.8188,15.9293,73.4175
39.5345,0.8271,0.3504,0.01680,0.54503,61.235,4,94.909,51.9884,35.3318,60.3094
33.9553,0.7466,0.3718,0.00618,0.22102,93.944,3,20.924,35.7250,16.4584,72.7257
49.8662,0.7148,0.2358,0.00805,0.18717,25.565,4,29.400,28.6110,11.4140,78.1569
41.0605,0.9803,0.2475,0.02117,0.45616,40.004,4,60.576,35.1847,10.2099,73.1382
45.9672,0.9922,0.1800,0.01646,0.26295,27.964,2,37.357,49.8200,28.1301,61.9649
37.1264,0.9206,0.4043,0.01461,0.50252,43.155,4,11.172,58.0538,43.9662,55.6787
43.7791,0.4349,0.2583,0.01179,0.35563,2.981,4,13.588,23.6968,10.7071,81.9086
52.2731,0.6391,0.2885,0.01409,0.39991,65.103,4,76.296,40.5577,21.1532,69.0362
51.3173,0.5502,0.2433,0.02348,0.52086,78.693,1,57.398,56.1018,32.5565,57.1690
39.7418,0.7103,0.1818,0.01198,0.23665,65.711,2,87.126,29.3472,15.6330,77.5948
27.7294,0.6657,0.3809,0.01391,0.53284,5.181,4,45.154,24.1038,13.3075,81.5979
55.6070,0.7189,0.4206,0.00696,0.23438,3.991,3,74.683,39.5442,27.4838,69.8099
57.2681,1.0501,0.1674,0.01749,0.22282,76.359,3,19.950,36.1584,14.4175,72.3948
36.0930,1.0740,0.4343,0.00894,0.30404,14.925,3,40.365,32.5493,17.7506,75.1502
52.1700,0.7706,0.4583,0.00704,0.24386,10.696,3,25.390,39.7989,15.6274,69.6154
55.2956,0.5403,0.3650,0.02106,0.68811,13.260,5,82.071,32.0097,13.4043,75.5622
25.1046,0.9453,0.3018,0.01247,0.39805,75.674,3,56.169,65.2476,72.1982,50.1867
23.5825,0.6659,0.2445,0.01828,0.54074,78.480,1,17.339,34.4091,21.6330,73.7303
57.3179,0.8263,0.4989,0.00742,0.25011,49.837,5,59.804,51.4881,21.6524,60.6913
45.9196,0.4764,0.4711,0.00434,0.17401,82.799,1,44.308,35.0208,17.0216,73.2633
51.3863,1.0458,0.2752,0.02057,0.43152,71.396,2,6.881,45.1588,41.6260,65.5235
36.5161,1.0314,0.3514,0.00307,0.09449,82.863,2,7.522,40.0923,17.6068,69.3915
55.8454,0.9680,0.2756,0.00444,0.09598,87.191,4,50.686,50.7400,30.8615,61.2625
39.1234,0.5061,0.2427,0.00546,0.15467,23.206,1,38.375,37.8722,16.5888,71.0864
58.2927,0.4954,0.4031,0.01711,0.62282,79.512,3,75.112,41.8774,19.0137,68.0287
25.5035,0.6834,0.4085,0.00368,0.14589,78.122,5,46.422,36.8743,16.5363,71.8482
44.2691,0.4117,0.4734,0.01381,0.56896,43.563,5,15.109,43.8952,28.4410,66.4882
48.0887,0.5719,0.3683,0.00868,0.30539,54.482,3,83.021,37.6473,19.3436,71.2581
41.4923,0.4512,0.2306,0.01340,0.36813,25.979,5,12.435,34.1624,14.9689,73.9187
29.6974,0.6081,0.1899,0.01515,0.34896,66.572,5,73.476,51.2993,19.1693,60.8355
48.4660,0.5070,0.2303,0.00452,0.11658,1.209,4,19.327,32.2387,17.2455,75.3873
41.4512,0.4824,0.2762,0.01975,0.62112,69.478,1,10.010,31.9655,10.7143,75.5959
55.7018,0.9479,0.4774,0.00470,0.14894,38.161,3,72.687,31.8732,13.8780,75.6664
26.6538,0.9453,0.3532,0.01954,0.67856,19.245,4,25.716,25.3315,10.7923,80.6606
22.4424,0.7548,0.4924,0.00606,0.25190,46.139,4,68.578,46.4727,28.6280,64.5204
21.2179,0.7178,0.2544,0.01049,0.32180,72.712,5,63.279,69.9502,42.5462,46.5964
34.8983,0.7544,0.3155,0.00978,0.31570,52.358,5,73.058,41.7546,21.6364,68.1224
24.2936,0.8793,0.2283,0.02222,0.52258,49.317,4,76.534,44.9310,24.8145,65.6973
57.4384,0.6285,0.2873,0.02214,0.55126,39.921,3,11.966,29.8604,17.6986,77.2031
26.4134,1.0951,0.2878,0.01506,0.43886,48.473,5,60.047,37.0045,23.2502,71.7489
22.3466,0.7106,0.4367,0.00556,0.22714,2.932,5,94.068,28.7247,14.6866,78.0701
51.2231,0.7121,0.4693,0.01669,0.60066,63.909,5,25.793,36.2974,18.4385,72.2887
28.5862,0.7523,0.3153,0.01089,0.36736,10.020,2,81.851,25.5114,10.4641,80.5233
57.9179,0.8103,0.1763,0.00450,0.07022,40.560,2,79.523,42.1308,15.3862,67.8352
37.2515,1.0923,0.3503,0.01932,0.57644,67.322,1,43.716,46.7496,31.3057,64.3089
45.6450,0.8089,0.4517,0.01597,0.56388,11.226,3,38.039,38.6493,24.7320,70.4931
20.8522,0.8102,0.4800,0.02297,0.82702,85.144,1,45.140,49.9865,49.5943,61.8378
32.3591,0.5206,0.2979,0.02021,0.68244,21.729,2,93.139,33.1015,15.8309,74.7286
57.9262,0.7662,0.2690,0.02045,0.47531,77.082,5,34.835,37.8558,27.7788,71.0989
53.2076,1.0769,0.3608,0.02107,0.51788,61.940,1,73.452,45.2506,37.7947,65.4533
32.6882,0.7303,0.3104,0.02435,0.65371,23.432,1,15.078,33.9202,17.9202,74.1035
56.9485,1.0267,0.3956,0.01844,0.50371,82.282,4,85.790,45.2947,22.7293,65.4197
33.6491,0.5710,0.4408,0.01214,0.48689,24.924,4,91.461,42.5591,17.6277,67.5082
24.8703,0.7429,0.3047,0.00872,0.29581,40.481,5,83.424,54.6771,35.2719,58.2567
24.1941,0.4854,0.3628,0.01060,0.42078,13.292,1,42.192,35.0330,14.1327,73.2540
20.6697,0.5915,0.1646,0.01133,0.24292,67.878,1,33.458,34.9205,11.8984,73.3399
40.5962,0.7028,0.1680,0.01430,0.26161,23.391,5,27.810,51.2787,34.6887,60.8512
34.3241,0.9281,0.2957,0.02390,0.58046,93.091,1,21.160,43.1903,20.9091,67.0263
45.1272,0.9424,0.4166,0.01665,0.54128,0.850,2,73.968,36.4963,19.9878,72.1368
50.3543,1.0438,0.3641,0.01148,0.31404,76.340,2,27.377,46.4377,22.7042,64.5471
46.5930,1.0886,0.1710,0.01855,0.26629,77.737,5,37.658,37.3006,11.8068,71.5228
29.6317,0.4850,0.4440,0.02343,0.83174,33.338,3,85.005,30.6059,18.7665,76.6339
47.0345,0.7981,0.4871,0.01812,0.65186,78.272,2,27.855,40.2293,20.7571,69.2869
51.6459,0.5351,0.2965,0.00315,0.09696,4.179,5,15.561,31.5424,17.9003,75.9189
41.9087,0.7698,0.2070,0.01978,0.42119,34.157,5,31.583,32.9798,15.4055,74.8215
53.3662,0.6838,0.1768,0.02476,0.35281,50.738,5,46.044,43.6571,24.4296,66.6699
24.9314,0.9186,0.3151,0.00697,0.23104,16.022,2,9.166,41.4914,23.2631,68.3233
45.8279,0.9370,0.1772,0.01436,0.23352,88.469,5,28.948,41.6602,31.3545,68.1945
25.3911,0.8291,0.4978,0.00538,0.21771,90.490,5,88.919,48.4558,42.5626,63.0064
57.1844,0.5215,0.2577,0.01327,0.35793,89.580,5,53.389,31.8863,9.5826,75.6564
59.9039,0.9179,0.1554,0.01494,0.19033,27.139,4,66.010,59.4297,38.6994,54.6283
56.1402,0.7642,0.3513,0.00364,0.10795,60.222,3,66.459,48.0436,29.7683,63.3211
48.4155,0.8025,0.1596,0.00381,0.05938,86.015,1,57.226,55.9566,38.2046,57.2798
26.7788,0.7110,0.4732,0.02032,0.81419,89.369,4,81.040,53.6534,44.1490,59.0383
51.5592,1.0529,0.1577,0.01326,0.17094,95.933,3,31.745,43.7046,23.4148,66.6337
26.9399,0.6660,0.2300,0.00412,0.11310,29.961,4,12.362,34.7306,14.8318,73.4848
51.6135,0.9537,0.4434,0.02166,0.63244,41.067,5,14.482,34.9235,21.4499,73.3376
42.0106,0.7933,0.2481,0.00639,0.15861,51.305,5,42.687,28.4732,6.0547,78.2621
49.8687,0.9527,0.4352,0.02133,0.63613,16.997,3,91.921,40.0500,27.2159,69.4238
47.5374,0.5788,0.2877,0.00967,0.29079,20.880,2,13.722,40.5029,24.3422,69.0780
44.6083,0.6992,0.4296,0.02359,0.72719,4.698,5,40.265,26.3819,12.2285,79.8587
55.6213,1.0806,0.4628,0.02130,0.58527,87.344,5,79.966,35.2481,23.2750,73.0898
51.9149,0.6790,0.4752,0.01076,0.39237,67.913,5,91.534,50.6126,42.6934,61.3597
26.4683,1.0691,0.3981,0.01730,0.61842,29.281,1,65.798,43.5132,19.9727,66.7798
46.0975,0.9598,0.4202,0.01696,0.54551,52.306,2,18.652,42.0368,32.6770,67.9069
29.5423,0.7708,0.1722,0.01088,0.21625,79.477,1,32.921,44.2714,16.4144,66.2009
46.1316,0.6058,0.2398,0.00902,0.23190,27.033,5,66.403,40.0492,15.5820,69.4244
31.3083,1.0652,0.1983,0.01434,0.28651,65.783,1,25.374,47.2507,28.0834,63.9264
37.4817,0.6606,0.3867,0.00744,0.27299,12.772,2,16.930,46.8691,30.1686,64.2177
31.6644,0.8158,0.2393,0.01548,0.40294,80.225,5,89.484,25.7251,6.9458,80.3601
45.8583,1.0442,0.2194,0.00322,0.06007,42.568,1,37.926,81.1977,51.6890,38.0095
35.1392,0.9934,0.3370,0.02120,0.61685,57.664,5,51.914,39.8567,18.7254,69.5714
22.1770,0.8697,0.3251,0.02457,0.69964,85.529,2,44.879,53.6001,41.0295,59.0789
48.5409,0.7365,0.3253,0.01435,0.43310,38.738,5,57.474,28.1689,9.1336,78.4944
22.6841,0.7579,0.4162,0.01413,0.56350,13.223,5,15.448,23.3155,10.2534,82.1997
24.4251,0.4582,0.1996,0.01274,0.33176,16.595,3,61.907,43.1075,54.5578,67.0895
49.9744,0.9918,0.3511,0.01887,0.51958,39.382,5,15.574,41.3069,25.4266,68.4642
37.6734,0.7407,0.2786,0.02196,0.58056,2.681,4,88.855,23.7354,12.9011,81.8792
41.3404,0.5146,0.3501,0.01500,0.54235,57.847,2,70.695,38.6437,20.4528,70.4974
36.5778,0.6672,0.3107,0.02480,0.65221,78.576,3,24.009,35.1616,10.9781,73.1559
49.0568,0.4579,0.4386,0.02398,0.78574,41.829,1,24.443,45.5031,13.2656,65.2606
40.0139,0.4187,0.1542,0.01404,0.27162,13.920,1,94.363,30.2246,12.2767,76.9250
21.5994,0.5165,0.1575,0.01762,0.36728,73.269,3,26.107,30.3227,20.2134,76.8501
43.1884,0.8497,0.2757,0.00381,0.09991,84.216,5,25.570,29.8767,10.7534,77.1906
30.0268,0.4086,0.3435,0.01576,0.60864,61.339,4,15.155,33.3963,10.4473,74.5035
30.0074,0.8043,0.4933,0.01205,0.47698,22.947,2,85.250,36.6934,14.4952,71.9864
50.7216,0.5492,0.4264,0.01453,0.54288,61.407,5,64.092,56.1491,75.1565,57.1329
25.0028,0.9733,0.3133,0.01408,0.45814,16.219,2,14.176,38.1498,15.1430,70.8745
41.1247,0.8890,0.3077,0.02429,0.57155,81.266,4,33.239,24.4255,10.5557,81.3523
54.0488,1.0505,0.1700,0.01492,0.19978,32.016,2,95.187,36.1700,10.7561,72.3859
56.9201,0.5744,0.4291,0.00561,0.20271,75.899,1,54.656,39.0111,26.7237,70.2169
58.8066,0.9099,0.2859,0.00925,0.20857,86.850,2,9.374,37.5216,22.5392,71.3540
55.4954,0.9308,0.1851,0.01628,0.25044,80.983,1,12.724,49.4962,28.7931,62.2121
25.9488,0.8081,0.3378,0.01523,0.53732,15.877,3,77.006,38.1650,19.0386,70.8629
41.2103,0.9153,0.4597,0.00798,0.28063,25.762,3,8.567,47.1828,24.5797,63.9782
28.2457,0.8504,0.2842,0.01105,0.33729,70.250,4,34.484,45.6362,19.7340,65.1590
42.7252,0.7357,0.3179,0.01571,0.48597,63.752,1,82.441,36.5974,11.8021,72.0597
57.3891,0.8493,0.3082,0.00903,0.22905,9.905,5,61.222,25.9565,8.0520,80.1835
36.9738,0.4194,0.1888,0.02353,0.47351,9.418,3,20.747,32.8050,13.8932,74.9550
53.7467,0.4165,0.4216,0.00808,0.31429,75.325,2,31.608,55.6805,49.7627,57.4907
26.6785,0.5833,0.3382,0.02401,0.74324,4.509,4,8.704,29.0041,13.5645,77.8568
40.2252,1.0106,0.2810,0.01208,0.30621,0.880,5,30.657,36.0676,22.6716,72.4642
30.1050,0.9415,0.2442,0.01337,0.34352,50.071,2,35.556,28.8495,19.0360,77.9748
56.5200,0.8402,0.4057,0.01367,0.42240,55.275,2,18.613,56.0829,40.3203,57.1834
54.6973,0.5107,0.1708,0.02251,0.37752,51.725,1,35.286,38.1354,21.1633,70.8855
44.5184,0.8397,0.4545,0.02194,0.70434,12.959,1,93.995,36.6839,11.8833,71.9936
23.9288,0.8560,0.4937,0.01868,0.75743,42.239,5,7.773,35.1833,14.6541,73.1392
34.0579,0.4695,0.3996,0.01151,0.45941,49.615,1,31.039,34.0523,20.7944,74.0027
28.2539,1.0086,0.2865,0.01774,0.51851,25.060,1,18.926,43.3499,27.9299,66.9044
47.9566,0.7540,0.4333,0.02396,0.70093,70.586,4,74.165,44.2364,25.9475,66.2277
22.1157,0.4997,0.4788,0.01342,0.57840,79.420,1,36.947,33.1111,13.5540,74.7213
41.3062,1.0075,0.3299,0.01009,0.28730,88.045,5,84.065,32.0390,18.0442,75.5398
32.7153,0.7225,0.3957,0.00674,0.25165,73.969,2,84.766,43.5174,27.3867,66.7765
31.0948,1.0149,0.4865,0.00421,0.15705,47.573,2,73.346,27.3774,11.8708,79.0987
33.0859,0.8209,0.1647,0.01487,0.27005,89.180,4,31.666,33.8308,13.8674,74.1718
46.9844,0.8852,0.3763,0.01968,0.61322,19.131,4,50.824,36.5508,17.0616,72.0952
24.2316,0.9946,0.4579,0.02420,0.77598,59.269,2,9.221,46.1109,16.2454,64.7965
49.9414,0.6972,0.2448,0.00628,0.15236,55.794,4,89.598,39.0733,28.5977,70.1694
32.6097,0.9878,0.2643,0.01220,0.32140,56.495,2,42.514,32.6097,17.9855,75.1041
54.8920,1.0967,0.2500,0.00674,0.12346,8.263,5,74.930,32.0476,10.7766,75.5333
26.2352,0.4217,0.3528,0.00742,0.29280,4.925,5,34.632,32.7987,22.3003,74.9598
49.9139,0.9552,0.1977,0.01712,0.29221,77.159,1,24.273,45.5388,29.1751,65.2333
57.0522,0.5839,0.3503,0.01178,0.38402,31.320,3,77.759,36.8905,14.6570,71.8359
28.1345,0.8047,0.3777,0.01261,0.46410,17.029,1,84.166,51.9168,41.1378,60.3641
30.2214,1.0351,0.3351,0.02398,0.63530,84.513,1,33.645,34.7594,11.7350,73.4629
47.7947,0.9510,0.2919,0.00459,0.11443,41.684,2,78.378,38.6074,23.8499,70.5251
26.5725,1.0623,0.1741,0.02001,0.37474,2.377,5,16.267,43.7381,34.7353,66.6081
54.1683,0.9688,0.2317,0.02143,0.37514,77.196,1,84.553,38.8601,21.4085,70.3322
36.4241,0.4073,0.4948,0.02121,0.84820,15.115,2,13.965,37.8168,27.4944,71.1287
32.0549,1.0063,0.2495,0.01727,0.43240,22.578,1,6.366,46.8341,29.9785,64.2444
32.5029,1.0750,0.4081,0.01920,0.65608,45.466,4,17.111,43.2292,19.8084,66.9966
20.0117,0.6763,0.4396,0.01184,0.49235,94.928,3,53.009,35.5349,17.7344,72.8708
36.6459,0.6578,0.1600,0.01796,0.33016,70.472,2,42.945,43.1141,31.4345,67.0845
21.9699,0.7719,0.3971,0.00788,0.30952,66.110,5,43.841,42.8179,38.3735,67.3106
51.4947,1.0662,0.2585,0.00355,0.07139,1.973,4,47.652,43.6940,23.5650,66.6418
22.5304,1.0763,0.4510,0.01119,0.43137,70.304,3,46.699,32.2614,15.8371,75.3700
53.0479,1.0059,0.3752,0.02140,0.55485,67.606,4,32.694,48.4960,21.9820,62.9757
53.6371,0.5083,0.4767,0.00936,0.36298,92.943,3,87.829,36.6373,13.5505,72.0292
28.4661,0.9636,0.4604,0.01579,0.59925,89.742,2,12.707,37.5939,29.9957,71.2989
34.0103,0.5347,0.4823,0.02132,0.82470,60.490,2,52.527,35.2703,12.7655,73.0728
49.9646,1.0180,0.2647,0.01554,0.33467,71.073,5,79.637,62.8185,43.3523,52.0412
33.4586,0.5086,0.3037,0.02208,0.69041,68.446,4,39.624,36.0733,24.3200,72.4598
46.5183,0.5053,0.1505,0.01138,0.20037,13.890,5,19.159,24.7660,7.8492,81.0924
35.0174,0.5992,0.3216,0.01224,0.42184,45.064,1,27.336,57.4056,57.2417,56.1736
45.1684,1.0833,0.4432,0.02299,0.63056,77.384,5,68.798,41.6904,17.7061,68.1714
23.0087,0.4367,0.2831,0.00562,0.19737,45.672,3,76.356,40.0699,22.1231,69.4086
50.7532,0.7672,0.2405,0.01402,0.31936,76.131,1,10.491,40.4447,20.8398,69.1224
40.0634,1.0777,0.2666,0.00924,0.21711,15.947,4,24.519,35.9513,12.0275,72.5529
49.9258,0.6541,0.4661,0.02326,0.73963,69.936,5,45.854,38.6295,14.4264,70.5083
39.5016,0.5342,0.2782,0.00852,0.26600,73.673,2,17.673,52.4077,38.0042,59.9893
51.9338,1.0584,0.3717,0.00825,0.22344,77.585,4,9.351,34.0882,21.1984,73.9753
34.0885,0.8942,0.4454,0.00965,0.35504,61.902,5,81.798,47.4292,21.0700,63.7901
23.0325,0.5228,0.2630,0.02311,0.65257,79.054,4,6.697,47.3944,31.2587,63.8167
34.0500,0.6240,0.2225,0.00706,0.18177,1.158,1,51.504,29.8517,14.5091,77.2096
42.8439,0.8450,0.4013,0.01302,0.43998,10.375,5,33.350,26.9421,22.4314,79.4310
32.5120,1.0067,0.3525,0.02361,0.64724,51.932,2,19.252,50.5520,38.9758,61.4060
52.8198,0.9379,0.2640,0.00754,0.16512,86.419,1,37.444,63.0062,59.0163,51.8979
31.5501,1.0991,0.3359,0.00693,0.21316,90.180,4,54.856,42.4616,17.7844,67.5826
46.8259,0.6345,0.3555,0.01663,0.56266,25.857,4,89.730,35.3299,18.0247,73.0273
45.6901,1.0986,0.2337,0.00357,0.06879,56.447,2,22.003,22.6821,9.9707,82.6833
43.3603,0.8888,0.2656,0.01332,0.33077,72.687,5,38.442,39.5694,29.4638,69.7907
27.2452,0.4234,0.2788,0.02011,0.68588,4.409,3,66.056,28.6827,9.9796,78.1021
32.2850,1.0811,0.2595,0.02403,0.50231,3.490,2,84.940,33.7243,12.6411,74.2532
33.8122,0.6860,0.3703,0.00430,0.15652,13.332,2,19.580,23.9120,14.4962,81.7443
46.6494,1.0015,0.1755,0.00572,0.08816,75.634,4,27.536,39.4979,17.5556,69.8453
22.0952,0.8715,0.4632,0.00624,0.25174,49.499,5,8.850,38.5721,13.7634,70.5521
44.4258,0.4428,0.3013,0.00395,0.13273,1.026,4,29.237,30.9048,11.4842,76.4057
40.5378,0.4289,0.4603,0.01833,0.75453,82.375,5,38.716,43.6594,28.4721,66.6682
42.1068,0.4025,0.2123,0.00492,0.12812,46.597,2,13.746,43.1160,29.7255,67.0830
57.5249,0.7827,0.3804,0.01323,0.40418,42.874,1,28.550,42.0932,26.2151,67.8639
33.1390,0.5942,0.4138,0.01484,0.58170,61.560,4,92.326,49.8714,28.2958,61.9256
47.0235,0.5001,0.4613,0.00408,0.16121,76.078,4,66.748,48.6790,27.1284,62.8360
40.8794,0.4731,0.4578,0.01007,0.40847,11.963,3,24.901,28.3648,11.8701,78.3448
30.0843,1.0826,0.2133,0.01539,0.33180,50.004,1,60.339,34.2861,11.9763,73.8242
44.3646,0.7009,0.2936,0.01307,0.38350,55.556,5,92.001,37.7801,14.0245,71.1567
35.6358,0.7133,0.3708,0.01469,0.52534,53.906,1,46.360,47.0195,37.6336,64.1029
58.3810,0.5952,0.3676,0.01426,0.47148,50.681,4,87.549,39.2037,30.5095,70.0699
39.3410,0.5144,0.1919,0.00430,0.09802,46.725,1,67.868,35.6233,20.2457,72.8033
54.7098,0.5438,0.3080,0.00752,0.23323,2.312,5,58.470,26.0197,13.8191,80.1352
38.4826,1.0599,0.2316,0.00530,0.11272,29.882,3,72.325,57.2860,36.8339,56.2650
25.0207,1.0511,0.4410,0.01423,0.53673,1.875,5,53.768,42.9944,32.8935,67.1759
20.1929,0.8268,0.2709,0.02259,0.63383,68.616,3,54.161,48.1715,29.1503,63.2234
21.5733,0.4786,0.3569,0.01320,0.52590,46.326,4,77.812,36.3492,16.9707,72.2492
30.6041,0.4709,0.1860,0.01334,0.31460,38.968,5,10.790,39.3461,16.5148,69.9612
23.2579,0.5128,0.4719,0.00376,0.16073,30.512,3,26.466,35.2834,13.1752,73.0629
31.1183,0.7197,0.4264,0.00916,0.35454,77.844,5,56.120,38.9778,11.6372,70.2424
36.6802,0.6145,0.4528,0.01354,0.53392,5.503,3,9.325,30.5853,14.3034,76.6496
27.0865,0.7666,0.3912,0.00773,0.29320,67.814,3,62.908,38.0656,19.2514,70.9387
41.5771,0.9161,0.1987,0.01222,0.23356,53.082,5,42.644,45.8818,18.3066,64.9715
58.1645,1.0213,0.1883,0.02383,0.28552,3.226,3,78.030,30.3901,17.2912,76.7986
42.3170,0.9943,0.4400,0.01951,0.65090,66.951,3,11.509,41.0788,22.2212,68.6383
22.7669,0.7913,0.1980,0.01788,0.42632,60.297,3,48.545,40.0096,19.7746,69.4547
59.2668,0.7059,0.3104,0.01302,0.35866,0.941,3,52.754,26.5068,10.5550,79.7633
36.6686,0.8544,0.4759,0.01280,0.47782,10.130,4,91.023,29.5608,11.0208,77.4318
26.5327,0.5848,0.2747,0.01529,0.49815,29.919,1,80.653,51.7042,33.1457,60.5263
38.4757,0.9368,0.2514,0.00915,0.22198,0.324,1,15.632,31.1627,29.1558,76.2088
22.6101,0.8835,0.1759,0.00495,0.10310,17.387,3,29.142,51.5010,33.7157,60.6815
59.3238,0.5423,0.4479,0.01175,0.43263,31.330,5,8.883,57.8781,53.8997,55.8129
20.9451,0.4050,0.2314,0.01550,0.47322,73.111,4,26.885,30.3474,17.8908,76.8313
50.6314,0.4786,0.3656,0.01013,0.36629,15.907,2,21.281,33.6017,19.9171,74.3467
43.4045,0.8380,0.3647,0.00797,0.25597,7.890,3,31.348,27.6130,10.8151,78.9188
40.0783,1.0129,0.4905,0.01018,0.35637,34.451,1,35.531,34.0053,12.8894,74.0386
24.2110,1.0359,0.4165,0.01782,0.66578,89.974,2,9.149,34.3664,16.9924,73.7630
30.0481,0.4558,0.4418,0.02494,0.83497,28.545,3,55.997,39.0454,33.7706,70.1907
48.9543,0.7276,0.3019,0.02279,0.57278,53.099,3,93.468,54.2345,51.9463,58.5946
48.1114,0.5770,0.2368,0.01092,0.27864,1.903,4,23.301,26.3767,10.8980,79.8627
43.9059,0.9777,0.3524,0.00489,0.14396,95.825,5,57.712,43.9737,23.8148,66.4282
24.3462,0.6569,0.4475,0.02352,0.82171,93.424,2,35.958,31.3692,15.3690,76.0512
38.3048,0.7502,0.3245,0.00727,0.23379,26.823,2,53.343,39.7072,28.0512,69.6855
23.4642,0.4291,0.4251,0.00670,0.28383,58.307,1,14.822,26.5327,8.8146,79.7436
46.2821,0.7235,0.3890,0.01960,0.67063,34.939,5,75.448,33.8684,10.1048,74.1431
56.3543,0.4317,0.4511,0.00389,0.15230,89.794,1,43.768,36.9160,14.0421,71.8164
33.0428,0.8747,0.4328,0.02413,0.73801,32.921,3,95.692,39.6754,19.3828,69.7098
38.8105,0.6122,0.3332,0.02494,0.68686,92.276,3,40.520,40.3718,24.6435,69.1781
42.6431,0.8570,0.3467,0.01695,0.52697,68.784,3,79.844,44.5254,26.8251,66.0070
42.8939,0.5485,0.2456,0.00570,0.15692,1.384,5,92.768,40.1123,35.3217,69.3762
39.3654,0.9050,0.3017,0.01258,0.35715,72.644,4,46.486,43.3898,27.2642,66.8740
59.4386,1.0568,0.4288,0.02496,0.54991,44.072,2,33.804,59.3086,28.3702,54.7207
30.4912,0.7270,0.2164,0.01363,0.33782,41.099,3,64.509,30.6853,20.6812,76.5732
49.5865,0.5217,0.2371,0.01939,0.50659,41.753,3,11.343,54.2875,33.4121,58.5541
55.3891,0.5664,0.2273,0.01112,0.26368,56.267,1,72.641,79.8928,56.2282,39.0057
28.9404,0.5959,0.2333,0.00402,0.11260,80.147,4,85.302,47.1670,22.8345,63.9903
54.2062,0.4071,0.2228,0.02374,0.51653,81.291,4,76.396,35.4523,22.1981,72.9339
40.0928,0.7673,0.2472,0.02042,0.50933,17.529,1,54.595,32.2747,19.5393,75.3598
35.3120,0.6023,0.4849,0.01156,0.46684,71.985,1,50.508,44.4833,23.9643,66.0392
43.5536,0.9329,0.3797,0.01143,0.36046,23.152,4,12.153,39.9833,29.1036,69.4747
29.0831,0.9956,0.3558,0.01458,0.49095,85.183,1,20.125,38.7274,12.2120,70.4335
44.5340,0.8083,0.3331,0.02288,0.61001,61.827,5,45.098,40.3459,22.0721,69.1978
48.1533,0.9909,0.2401,0.01433,0.29248,51.625,5,23.124,55.0653,38.3565,57.9603
59.2062,0.6493,0.2087,0.00431,0.08720,38.700,2,17.862,42.9888,26.9694,67.1801
59.3394,0.7964,0.3901,0.02473,0.60742,53.936,1,68.284,32.2910,14.1093,75.3474
47.2352,0.4982,0.2439,0.01505,0.41308,41.457,3,33.685,36.6722,16.9480,72.0026
39.0636,0.4038,0.2984,0.01339,0.46349,35.706,3,56.307,32.9674,10.7481,74.8310
37.5414,0.7554,0.2071,0.02188,0.44499,41.392,1,77.045,37.9629,22.8776,71.0172
58.1964,0.5237,0.1784,0.00919,0.17588,41.185,3,12.553,45.6598,19.8934,65.1410
50.4729,0.6261,0.2880,0.00689,0.19881,2.884,3,29.260,34.8611,18.3781,73.3852
51.4637,0.4243,0.1914,0.02154,0.44952,40.758,2,86.884,39.3175,22.9677,69.9830
54.0945,0.9056,0.1892,0.01022,0.16550,94.007,3,54.273,38.2829,17.6718,70.7729
27.6849,0.7869,0.1816,0.00908,0.19166,33.858,4,64.318,34.2317,14.8652,73.8657
21.7199,0.6550,0.4398,0.02479,0.82825,13.567,5,31.999,34.6936,17.1971,73.5131
36.3087,0.4035,0.4059,0.02170,0.81134,87.060,2,67.856,29.2961,13.4678,77.6338
31.0451,0.8521,0.2809,0.00620,0.18302,93.382,2,64.746,37.1424,11.1777,71.6436
54.2815,1.0775,0.2731,0.01998,0.40558,79.341,1,58.710,39.5948,17.7973,69.7713
57.6465,0.9708,0.3216,0.01399,0.33837,25.479,1,54.688,35.6716,14.6734,72.7664
58.4947,1.0686,0.2571,0.01209,0.22207,27.091,1,11.838,58.3203,35.5687,55.4753
35.6627,0.6621,0.2779,0.01584,0.48026,95.222,1,46.268,34.7054,16.3820,73.5041
56.0915,0.4501,0.4945,0.00829,0.32904,9.987,2,81.089,46.1420,29.2664,64.7728
36.2332,0.4418,0.1969,0.00723,0.17690,49.564,3,80.190,52.8455,56.5207,59.6550
48.8140,0.6157,0.2419,0.01980,0.50184,51.363,4,61.370,34.6875,10.4624,73.5178
53.3374,0.5670,0.4751,0.02447,0.75837,42.774,2,39.159,29.0492,13.3450,77.8223
57.3570,0.9398,0.2173,0.01872,0.32605,83.304,4,44.346,47.7089,28.6024,63.5766
22.5714,0.8922,0.1630,0.01158,0.22431,54.699,3,40.292,36.9248,20.0574,71.8097
58.8873,0.5352,0.1572,0.00547,0.09204,73.328,5,76.440,41.5060,25.1266,68.3122
51.6275,0.8486,0.4022,0.00886,0.28101,17.176,3,53.221,39.0758,26.1628,70.1675
30.1470,0.8214,0.4797,0.00676,0.26485,95.493,4,74.969,50.9074,33.6379,61.1347
49.3400,0.6516,0.2897,0.00590,0.17002,18.815,5,6.797,36.7549,13.1010,71.9394
38.4503,1.0390,0.2449,0.00576,0.13027,87.461,4,36.777,46.8751,37.3002,64.2132
51.9845,1.0315,0.3221,0.01265,0.31265,1.554,4,16.545,43.4496,44.0018,66.8283
21.0205,0.9842,0.4680,0.01155,0.46163,93.703,5,12.137,35.8268,15.6443,72.6480
37.8630,0.5638,0.4383,0.01248,0.49260,39.207,4,95.357,40.9630,25.2312,68.7267
31.4818,0.6016,0.2928,0.02147,0.66006,23.315,2,35.216,36.7962,24.1866,71.9079
57.5120,0.6669,0.1584,0.00605,0.09476,64.021,4,48.713,32.3863,15.3477,75.2747
46.3280,1.0641,0.1825,0.00523,0.08093,71.282,3,56.835,43.7195,18.8212,66.6223
28.4025,0.4973,0.4910,0.00310,0.13159,85.775,4,58.811,38.1665,31.7906,70.8617
21.2292,0.4453,0.3828,0.01212,0.49957,83.077,4,48.197,53.6585,60.4903,59.0343
31.6251,0.9189,0.3093,0.02110,0.61709,94.549,3,22.292,39.9096,23.8146,69.5310
58.7029,0.6134,0.3659,0.02079,0.65219,29.172,4,9.661,38.2152,18.4883,70.8245
23.0660,0.7451,0.2209,0.01079,0.28722,53.642,1,77.927,41.3995,13.9013,68.3935
55.6284,0.7441,0.3631,0.02462,0.61515,45.239,4,19.065,32.2959,13.5582,75.3436
56.0083,0.5937,0.3921,0.01853,0.64126,27.855,4,47.693,57.4298,44.8623,56.1551
32.9533,0.9996,0.2582,0.02402,0.51239,73.000,5,10.463,32.4943,11.5464,75.1921
50.5683,0.7833,0.4129,0.01308,0.43682,7.957,4,34.515,23.5144,10.6944,82.0479
32.6575,0.8628,0.2946,0.01349,0.40590,26.111,3,65.156,33.6274,14.9353,74.3271
30.2840,0.8815,0.4884,0.02126,0.77539,76.302,1,71.950,39.5553,18.9439,69.8015
43.9806,0.7732,0.3870,0.01885,0.63955,67.352,1,27.240,34.3519,16.8238,73.7740
22.4295,1.0736,0.3976,0.01688,0.62421,6.913,1,87.939,28.3941,10.0669,78.3225
30.6574,0.6575,0.2215,0.01533,0.39748,88.585,2,51.788,45.5352,24.2592,65.2361
38.7883,0.7525,0.4545,0.01853,0.69514,0.253,2,36.622,27.0897,16.5293,79.3183
54.4362,0.4067,0.1538,0.02054,0.36583,67.557,1,72.763,37.3242,14.3018,71.5048
28.2365,0.5935,0.3497,0.02158,0.74847,80.037,3,66.248,43.3152,22.2999,66.9310
50.7061,0.8158,0.4082,0.00613,0.20046,2.225,1,10.229,42.1285,27.9223,67.8370
54.4855,0.4703,0.4674,0.00707,0.27638,5.688,2,83.967,29.0713,17.5934,77.8055
32.8784,0.8110,0.3290,0.00458,0.15102,19.970,3,55.132,37.2457,19.9437,71.5647
25.8089,0.4267,0.2272,0.01113,0.32619,48.566,3,46.733,27.0703,10.8102,79.3332
44.0312,0.6885,0.1733,0.02185,0.36992,76.667,1,37.578,33.8949,13.7004,74.1229
29.8722,0.7446,0.1889,0.00832,0.18151,94.517,4,74.741,46.1455,32.0519,64.7701
33.1645,0.9175,0.4904,0.01248,0.47136,86.373,5,50.625,34.8333,19.4821,73.4064
40.5469,0.6968,0.1516,0.01147,0.19180,73.475,5,59.191,37.6763,24.5911,71.2360
54.3060,0.5076,0.2760,0.01532,0.44729,95.891,2,87.666,32.5790,16.1472,75.1275
20.7487,0.6044,0.3152,0.02038,0.73308,8.192,4,30.009,26.7943,15.1400,79.5439
36.4726,1.0405,0.2119,0.01950,0.39427,92.758,2,60.144,57.7675,56.6345,55.8973
43.3305,0.8087,0.3049,0.00720,0.20814,21.578,5,49.725,38.0696,14.8571,70.9357
38.3700,0.8494,0.3975,0.01608,0.55755,35.875,2,62.200,55.5855,49.6118,57.5632
25.7348,0.7201,0.4028,0.01496,0.58436,51.796,4,85.132,37.6299,17.9184,71.2714
52.0675,0.4954,0.2969,0.00789,0.24767,33.705,4,49.075,45.9241,15.4606,64.9392
44.7399,0.6777,0.1754,0.02258,0.37421,37.516,3,43.885,40.5713,20.4231,69.0258
45.2265,0.7692,0.1686,0.02323,0.34231,13.633,1,91.683,35.4837,20.2698,72.9099
59.3547,0.7909,0.1838,0.01541,0.25024,32.039,1,40.554,31.6105,15.5991,75.8669
22.6674,0.5221,0.2036,0.01906,0.50107,8.450,4,55.167,80.7972,165.4686,38.3153
57.6659,1.0353,0.4200,0.02273,0.55962,18.073,5,71.971,45.2735,24.5225,65.4359
55.2280,0.6442,0.1850,0.02425,0.37241,42.378,3,10.124,30.0778,10.0129,77.0371
21.8688,1.0131,0.2281,0.01116,0.28800,93.834,1,83.899,49.6001,29.1177,62.1327
29.2768,0.6726,0.1565,0.02206,0.37707,38.508,5,66.084,46.7043,20.7742,64.3435
37.0140,0.7259,0.4398,0.01348,0.50977,5.396,2,82.268,24.7201,20.5375,81.1274
34.5388,0.5786,0.2993,0.01900,0.63118,31.990,1,82.230,49.3901,29.8143,62.2931
24.8609,0.7396,0.3703,0.01443,0.54580,4.539,1,38.118,24.3351,13.3576,81.4213
29.2072,0.4301,0.2501,0.02300,0.62553,48.417,1,45.884,50.2176,36.5236,61.6613
35.0881,0.8611,0.2911,0.00551,0.16101,93.602,5,8.952,49.7657,30.0485,62.0063
27.8093,0.8705,0.4227,0.00580,0.22020,58.489,4,15.704,40.8084,20.0112,68.8448
51.3341,0.7175,0.4978,0.00855,0.31170,59.836,2,50.281,56.3471,31.0635,56.9818
30.5929,1.0649,0.2602,0.00554,0.14323,43.280,4,90.240,32.5804,16.1976,75.1265
24.1603,0.8438,0.3564,0.01267,0.46179,92.926,2,86.623,34.2884,11.1565,73.8224
31.9491,0.9458,0.2677,0.02184,0.54488,27.773,3,12.890,40.2205,24.0150,69.2936
58.5565,0.7876,0.4240,0.00668,0.21381,63.742,2,55.244,58.7055,33.4454,55.1812
38.9876,1.0885,0.2432,0.00493,0.10751,24.521,2,38.499,22.9530,5.7677,82.4765
36.7432,1.0317,0.4957,0.01634,0.58505,45.143,5,63.892,43.5302,26.1136,66.7668
42.3636,0.8400,0.3269,0.02171,0.60385,82.005,5,36.378,52.6601,28.1014,59.7966
54.0083,0.6533,0.2938,0.00650,0.18347,16.322,2,34.309,33.8807,15.6351,74.1337
55.2707,0.5172,0.2562,0.00629,0.17096,7.811,3,51.066,29.1086,16.3018,77.7770
25.6499,0.5460,0.2138,0.02040,0.53708,45.639,5,42.110,39.1522,14.7659,70.1092
59.5432,0.6197,0.3526,0.02465,0.63302,74.445,2,74.062,40.9949,22.7890,68.7024
48.7490,0.8687,0.2721,0.00487,0.11884,24.878,4,84.423,32.5882,14.9952,75.1205
56.2937,0.8445,0.2038,0.00652,0.11533,60.405,4,82.578,33.7665,13.4486,74.2210
58.0102,0.8195,0.4918,0.00760,0.25472,8.714,4,68.881,33.8711,16.7182,74.1411
38.2348,0.7792,0.4244,0.00419,0.15295,37.615,4,76.198,46.7267,26.1632,64.3265
23.9517,0.6505,0.4361,0.02322,0.81888,79.288,5,25.297,32.5478,9.5678,75.1513
20.5595,1.0385,0.4010,0.01271,0.48219,89.939,1,72.011,69.4880,106.2841,46.9493
45.6578,1.0200,0.2010,0.02336,0.34964,95.235,4,19.214,40.3235,19.5355,69.2149
27.5172,0.9275,0.3267,0.02042,0.66188,9.601,2,48.022,34.0632,24.7494,73.9944
23.8893,0.9356,0.3720,0.01846,0.67456,43.980,5,34.711,34.3063,21.2496,73.8088
31.0004,0.6017,0.4675,0.00741,0.30213,21.278,2,67.114,30.8605,19.3681,76.4395
37.2878,0.4346,0.4966,0.01647,0.69246,60.342,1,70.562,26.9271,15.1316,79.4425
42.4915,0.9447,0.3140,0.02114,0.55864,25.515,1,27.503,46.2451,15.5896,64.6941
47.8943,0.8003,0.2024,0.01057,0.20601,82.626,3,36.434,40.4103,21.8569,69.1487
40.8884,1.0774,0.4860,0.01815,0.61631,53.556,3,66.692,36.5807,18.0454,72.0724
49.1713,1.0104,0.4048,0.01305,0.39181,4.083,5,18.476,26.6271,15.1247,79.6715
49.7089,0.9202,0.3071,0.00468,0.12156,56.920,4,83.197,64.4613,55.0739,50.7869
23.3818,0.4597,0.3757,0.00579,0.23470,36.299,2,86.761,59.7822,21.3628,54.3592
32.9974,0.4817,0.3623,0.01021,0.39205,22.267,5,90.571,42.7124,18.7814,67.3912
54.5031,0.8780,0.4071,0.01769,0.54484,77.538,4,10.190,43.0842,28.9980,67.1073
47.1921,0.7464,0.3960,0.00956,0.32504,59.515,1,95.388,51.0550,22.2742,61.0220
49.4620,1.0990,0.2660,0.01050,0.21760,63.025,5,41.700,48.1059,31.9483,63.2735
40.7545,0.5006,0.2609,0.01904,0.56998,21.525,1,9.429,46.0233,25.3543,64.8634
46.1971,0.7739,0.1529,0.01643,0.25500,29.738,3,57.760,52.0513,40.0776,60.2614
35.1204,0.5853,0.1792,0.00514,0.10932,16.758,1,28.104,50.2890,36.6748,61.6068
23.1611,0.6917,0.2142,0.01848,0.48526,75.423,3,90.014,39.1969,16.2718,70.0751
41.6942,0.8130,0.1895,0.01439,0.27669,78.894,1,74.526,50.6232,30.3195,61.3517
51.7574,0.5721,0.1758,0.00901,0.17108,65.625,3,65.229,40.3967,23.6151,69.1591
54.9185,0.4127,0.1865,0.01838,0.40001,94.318,2,30.850,47.5389,20.1607,63.7064
46.7356,0.5016,0.4164,0.00762,0.29206,73.183,5,44.038,40.7202,16.2853,68.9121
37.3482,0.5974,0.4374,0.00880,0.34456,16.935,3,70.390,39.2118,18.2130,70.0637
21.1747,1.0533,0.2566,0.01047,0.29835,90.512,5,76.909,49.3460,26.5581,62.3267
58.5869,0.6734,0.3822,0.02025,0.64661,90.716,3,34.997,40.7647,18.2938,68.8781
51.6639,1.0665,0.2391,0.00781,0.14558,73.129,1,80.255,37.0875,26.7699,71.6855
49.5144,1.0133,0.2302,0.00945,0.18035,48.662,4,60.955,32.4965,9.3084,75.1905
27.3737,0.7300,0.2714,0.01070,0.32926,12.619,3,20.897,33.7365,17.5932,74.2438
36.6306,0.7598,0.4708,0.01166,0.44576,53.512,2,31.381,41.1388,29.5662,68.5925
43.7533,0.8256,0.3917,0.00741,0.24788,62.018,1,7.835,36.2022,22.8378,72.3614
51.5772,0.7041,0.2653,0.01945,0.49863,87.792,1,90.761,39.1753,13.8413,70.0916
41.6521,0.4381,0.3334,0.01099,0.39789,78.965,4,49.557,35.5957,18.6586,72.8244
33.7221,0.8915,0.4655,0.02195,0.74799,22.862,2,89.436,41.9298,23.3789,67.9886
48.6005,0.7991,0.4940,0.01874,0.67043,71.652,4,51.821,55.6633,31.6003,57.5038
43.9629,0.6955,0.1872,0.00676,0.13399,74.106,1,8.467,28.4796,11.1784,78.2572
50.7824,1.0420,0.1957,0.02238,0.31752,88.210,5,77.260,33.9577,16.0749,74.0749
35.4561,0.7204,0.4134,0.01717,0.64231,48.385,2,36.924,33.1929,14.0888,74.6589
36.8540,0.7244,0.2329,0.01790,0.45198,63.843,2,72.940,31.2072,10.2968,76.1749
26.3221,0.7165,0.2695,0.00532,0.16483,37.136,3,87.644,25.1236,15.2646,80.8194
25.6607,1.0298,0.4034,0.00810,0.29597,80.951,1,19.193,34.7255,17.0736,73.4888
39.7273,0.9422,0.4353,0.01236,0.42705,25.946,4,23.885,73.6565,106.1662,43.7669
54.9230,0.7468,0.4986,0.00498,0.17620,7.270,2,75.249,39.6198,17.4375,69.7522
51.9209,1.0815,0.3317,0.02051,0.49160,44.783,3,89.845,48.0620,26.3865,63.3070
42.6592,0.7327,0.4410,0.02411,0.73257,7.739,1,95.442,34.4616,19.7052,73.6902
53.6763,0.8710,0.1552,0.00599,0.08342,36.420,1,66.141,88.3843,61.4023,32.5229
46.3133,0.4840,0.3906,0.02148,0.75479,86.274,4,26.575,36.1372,16.2762,72.4110
33.8519,0.7956,0.4360,0.01841,0.69248,38.899,4,41.546,36.7350,24.4832,71.9546
31.0157,0.6530,0.1864,0.02418,0.44163,3.115,2,6.479,35.3490,19.0075,73.0128
42.6009,1.0882,0.3671,0.01873,0.54556,67.266,2,20.517,37.5492,24.3755,71.3330
52.3176,0.4758,0.4175,0.01537,0.58417,57.141,1,17.745,35.8409,15.3052,72.6372
57.1527,1.0380,0.4144,0.02390,0.55717,92.427,4,34.236,40.0921,18.9674,69.3916
44.0961,0.6802,0.3539,0.00610,0.20509,70.614,1,37.054,43.1485,26.4286,67.0583
40.2901,0.7997,0.2738,0.02127,0.54662,48.244,2,36.993,45.1794,25.1555,65.5077
45.1507,0.7118,0.2529,0.00923,0.23691,35.174,3,67.998,49.7951,23.1138,61.9839
23.6997,0.9698,0.3079,0.01944,0.63346,49.723,5,93.642,38.1384,18.5100,70.8832
20.8729,1.0293,0.4956,0.01958,0.78705,34.396,2,93.167,29.7195,18.7351,77.3106
55.4582,0.9377,0.3700,0.02057,0.55889,41.585,5,53.278,54.5343,69.8312,58.3657
44.2845,0.5940,0.3897,0.02058,0.72910,60.143,3,81.208,42.6358,34.4174,67.4497
55.3468,0.7130,0.1858,0.01684,0.30082,73.640,5,83.512,33.6624,19.7058,74.3004
29.5979,0.7594,0.3518,0.00568,0.20256,50.044,4,78.071,27.4039,10.4134,79.0784
32.7509,0.9530,0.4075,0.02268,0.70688,54.445,4,55.704,31.7484,20.6142,75.7617
38.3288,0.5090,0.4064,0.01585,0.61971,31.571,5,68.374,47.8072,34.1486,63.5015
20.9131,1.0930,0.4713,0.01382,0.54388,80.433,4,14.392,41.7864,37.2126,68.0981
26.3128,0.4527,0.4806,0.00845,0.36279,87.998,1,93.230,53.6595,28.3828,59.0336
49.0883,0.6105,0.4684,0.00874,0.33024,21.067,3,50.120,34.3738,14.5927,73.7573
55.5069,0.6450,0.3239,0.01109,0.33517,90.842,2,58.785,35.3893,16.0764,72.9820
42.7677,0.6225,0.4548,0.02160,0.76723,62.434,5,12.658,30.5346,16.9538,76.6883
22.0072,0.8632,0.2213,0.01868,0.48718,77.150,3,66.350,37.5409,24.9775,71.3394
49.2109,0.5288,0.3738,0.00362,0.13002,79.306,5,64.957,47.9297,52.6539,63.4080
33.2115,0.5170,0.4198,0.00904,0.36296,41.176,4,8.366,48.7917,28.9817,62.7499
51.8366,0.5974,0.1774,0.02455,0.37716,11.350,2,34.020,33.8216,17.3145,74.1789
29.8028,0.8488,0.4677,0.02060,0.77569,34.427,3,16.257,40.5839,17.9558,69.0161
37.8193,0.9716,0.1683,0.00838,0.13891,50.483,1,25.166,35.8625,10.5410,72.6207
57.2529,1.0862,0.4338,0.01421,0.39493,18.599,5,83.109,42.4688,28.8533,67.5771
20.0263,0.6961,0.3397,0.00523,0.19715,2.367,2,40.686,25.2309,9.7717,80.7374
59.4170,0.7631,0.2264,0.00704,0.14155,95.744,5,21.529,40.1049,22.2543,69.3819
51.0485,0.6153,0.4541,0.00460,0.17040,35.377,5,25.597,42.1966,25.3744,67.7850
40.2328,1.0395,0.3376,0.01451,0.41841,58.560,3,35.890,39.7581,22.2866,69.6466
45.3637,0.6094,0.2359,0.02491,0.50847,58.181,1,56.317,30.6037,9.4445,76.6356
51.9904,0.4671,0.3949,0.00686,0.25652,85.948,1,93.953,50.0712,19.4016,61.7730
55.4778,0.9468,0.4259,0.01878,0.56663,36.733,3,68.722,40.4871,28.8067,69.0900
45.6347,1.0941,0.4740,0.01347,0.43289,9.358,5,8.038,31.4666,19.7825,75.9768
23.2671,0.5270,0.3370,0.01685,0.64297,41.498,1,91.577,44.2288,23.4718,66.2335
30.3618,1.0677,0.2699,0.02090,0.53380,64.545,1,50.242,23.8611,9.5289,81.7832
21.9036,0.9242,0.3519,0.01838,0.66559,47.206,3,32.403,46.1327,56.4231,64.7799
54.8756,0.5081,0.2820,0.01255,0.37171,7.537,1,44.802,24.4839,8.9219,81.3077
46.3412,1.0372,0.4121,0.02475,0.61450,8.057,3,61.237,23.7231,6.6801,81.8886
26.7330,0.6894,0.2716,0.02471,0.62618,81.638,1,8.400,50.8078,25.7832,61.2107
36.1338,0.4411,0.1606,0.02219,0.40483,84.647,2,26.317,45.6713,17.3761,65.1322
29.1549,0.4680,0.3598,0.00658,0.25653,67.236,4,81.634,27.1359,11.9591,79.2830
58.5072,0.5558,0.4859,0.01673,0.62830,49.198,4,27.057,41.1943,24.4576,68.5502
39.2748,1.0363,0.2116,0.00358,0.07013,92.698,4,87.279,38.7735,25.9549,70.3983
47.3315,0.5477,0.3693,0.00626,0.22360,82.573,5,17.946,32.0393,9.8212,75.5395
34.5494,0.4198,0.2915,0.02207,0.68883,33.820,3,68.352,48.3933,49.4368,63.0540
31.6109,1.0235,0.4456,0.00918,0.33197,13.049,2,14.454,38.6020,25.6244,70.5293
30.1620,0.8283,0.2961,0.00512,0.15984,91.517,2,7.098,46.6033,39.0652,64.4207
39.4047,0.9363,0.1655,0.01102,0.18000,17.607,3,90.329,41.1498,14.7307,68.5841
58.8549,0.7946,0.3736,0.01355,0.40295,14.185,1,69.122,48.8331,25.3965,62.7183
46.7330,0.7051,0.3327,0.00391,0.12309,91.213,3,24.817,39.7596,21.8336,69.6455
37.2962,0.6572,0.2346,0.00320,0.08336,74.195,5,26.216,29.8847,12.8025,77.1845
51.1560,0.5584,0.3643,0.01357,0.47098,58.339,3,56.136,41.0870,32.1211,68.6321
41.7207,0.4667,0.2929,0.02318,0.65998,59.986,2,30.473,47.0888,18.0768,64.0500
32.6733,0.4111,0.4888,0.01177,0.50265,54.616,4,55.874,45.1919,22.5539,65.4981
35.3618,0.9857,0.1974,0.00406,0.07963,88.448,3,20.780,35.7893,24.2959,72.6766
22.3137,0.6201,0.2765,0.01252,0.41580,38.357,4,8.502,39.7885,22.0442,69.6234
56.1181,1.0930,0.4478,0.01023,0.29126,34.489,3,80.969,43.2652,13.3978,66.9692
47.7742,0.5488,0.4713,0.00845,0.32873,21.544,2,50.376,54.5296,27.6339,58.3693
45.9460,0.8362,0.3416,0.00331,0.10037,20.823,1,52.035,48.3066,20.4102,63.1202
38.6937,0.5135,0.4060,0.01770,0.68992,27.787,2,53.070,29.9259,17.5012,77.1530
38.7567,0.6423,0.4746,0.00698,0.27366,78.196,2,20.485,36.0258,15.7575,72.4961
34.3424,0.4553,0.4423,0.01122,0.46265,0.020,4,22.565,23.1761,8.8679,82.3062
37.8360,0.8564,0.2842,0.00577,0.16195,48.905,4,40.751,38.7655,17.8641,70.4044
45.8991,1.0786,0.2079,0.01967,0.34245,94.376,3,89.752,29.0882,10.5237,77.7925
53.6129,1.0467,0.3885,0.00617,0.17028,1.947,3,65.719,48.2946,24.9571,63.1294
38.9209,0.5774,0.4585,0.00397,0.15718,90.219,2,25.534,46.9477,34.4836,64.1577
59.8068,0.4684,0.1757,0.00612,0.11878,38.236,4,23.324,50.3751,34.1280,61.5411
40.9462,0.9268,0.2080,0.00911,0.18186,4.854,4,41.401,24.4902,14.1684,81.3029
40.0447,0.5982,0.1909,0.00644,0.14006,40.950,3,17.040,43.7649,37.6961,66.5876
23.6069,0.6766,0.2356,0.00689,0.19687,91.302,3,61.049,28.9471,11.9484,77.9003
56.4088,0.4388,0.4186,0.02394,0.76267,33.457,1,93.561,45.3930,24.0938,65.3446
39.0859,0.5509,0.4233,0.00861,0.33589,67.164,2,38.749,54.3970,36.2754,58.4706
44.8092,0.9609,0.1922,0.02242,0.34978,13.600,1,18.378,28.8737,16.2169,77.9564
33.8189,0.5526,0.4546,0.01787,0.72522,23.522,4,48.281,38.1579,12.7647,70.8683
36.2129,0.8725,0.3081,0.01638,0.49229,52.721,2,18.126,41.6697,24.6098,68.1872
36.3786,0.9886,0.4561,0.01226,0.43511,59.605,2,76.674,29.2590,13.5561,77.6621
53.0578,0.8112,0.2987,0.00384,0.10088,81.030,4,38.349,30.3488,10.5861,76.8302
29.3955,0.8138,0.1528,0.00750,0.13169,26.489,4,89.519,49.3877,50.5881,62.2949
36.1164,1.0396,0.4520,0.02197,0.69777,76.395,3,93.674,35.9325,16.4501,72.5673
31.6370,0.5448,0.2902,0.02415,0.66748,19.156,2,60.373,47.3573,27.1977,63.8450
28.4891,0.6141,0.2710,0.00382,0.12086,73.513,2,45.038,30.3740,14.3551,76.8109
59.6740,0.6226,0.2240,0.01835,0.40244,87.860,3,26.925,38.9974,15.0995,70.2274
54.5409,0.7923,0.1937,0.01210,0.21472,90.252,3,30.064,31.2112,14.4769,76.1718
40.9205,0.9850,0.2184,0.01528,0.31021,56.705,5,22.702,27.1054,8.2807,79.3063
48.1696,1.0632,0.3244,0.02302,0.50893,90.163,3,9.462,35.4836,17.1180,72.9100
48.6307,0.9982,0.3800,0.00461,0.13497,23.355,4,71.447,46.6802,27.1022,64.3620
44.4103,1.0854,0.3722,0.00462,0.13330,65.944,5,7.486,31.6442,11.1073,75.8412
43.1052,0.7383,0.1903,0.00773,0.15321,36.353,2,59.776,39.3550,15.8351,69.9544
20.4338,0.8872,0.3268,0.02019,0.70900,54.678,1,35.464,37.1967,15.6291,71.6021
32.1390,0.6500,0.4458,0.00946,0.37528,91.196,2,59.845,41.6664,22.1211,68.1898
39.9044,0.7438,0.2800,0.01671,0.47838,51.267,1,72.330,43.5631,19.0663,66.7417
28.1934,0.4229,0.3963,0.01230,0.50423,31.517,5,10.068,62.7044,42.9924,52.1282
57.8700,0.7066,0.3815,0.01100,0.35048,56.552,2,84.190,49.8343,65.5910,61.9539
20.3294,1.0035,0.1745,0.02412,0.41041,76.027,5,73.993,41.7071,19.3739,68.1587
56.2628,0.5427,0.2402,0.00515,0.12954,76.914,2,77.539,32.4205,17.8380,75.2485
51.7754,1.0196,0.3084,0.02313,0.48173,17.576,5,43.382,35.0598,15.6038,73.2335
22.7049,0.6744,0.2271,0.00347,0.09676,66.849,2,58.890,29.8766,14.5376,77.1907
33.2912,0.9810,0.2601,0.01371,0.35480,65.898,4,77.399,36.4413,18.1695,72.1788
43.2534,0.6416,0.2162,0.00323,0.07568,50.654,2,36.636,41.6296,16.2546,68.2178
36.2679,1.0937,0.2114,0.01660,0.32778,43.594,4,69.006,44.2573,35.8417,66.2117
39.1027,0.9846,0.4391,0.01502,0.51534,88.276,1,42.552,38.8176,15.9407,70.3647
42.3551,0.6194,0.3814,0.00490,0.17678,88.309,3,39.939,45.1175,27.6163,65.5550
52.0290,0.9184,0.2086,0.00684,0.12291,19.443,5,51.407,37.1369,11.8257,71.6478
44.4652,0.4092,0.1843,0.02278,0.45065,80.329,5,28.906,37.7969,19.6017,71.1439
55.1346,0.9894,0.3771,0.00486,0.13399,70.435,3,88.541,30.8804,12.5809,76.4243
59.8661,1.0436,0.4365,0.02043,0.55752,64.258,5,29.162,63.3581,28.1171,51.6292
43.9403,0.6263,0.2260,0.02218,0.48938,71.876,2,10.243,56.9527,43.7768,56.5194
38.0523,0.6125,0.2458,0.00349,0.09626,9.085,3,28.405,52.5192,49.9479,59.9041
56.4653,0.4369,0.4988,0.01462,0.58360,68.071,2,87.619,53.5563,27.0374,59.1124
49.8857,0.9341,0.3839,0.00615,0.18504,50.178,1,23.780,35.9153,9.2987,72.5804
36.1036,0.8959,0.1952,0.01581,0.31689,1.819,1,67.502,41.6876,27.4295,68.1735
54.7822,0.7610,0.2854,0.02164,0.51442,82.615,4,66.806,40.2313,38.1357,69.2854
32.1804,0.8906,0.4647,0.01643,0.62038,59.966,1,26.772,41.8755,21.1545,68.0301
37.3994,1.0173,0.4984,0.01374,0.49222,94.149,5,50.087,39.3296,14.0812,69.9737
36.5256,0.8720,0.4578,0.01541,0.56630,54.277,2,8.664,46.7657,21.7867,64.2967
57.1390,0.5660,0.2812,0.01982,0.55904,12.319,2,6.547,38.3424,22.9054,70.7274
41.2220,0.5272,0.3997,0.01091,0.41698,80.353,2,68.021,55.3101,37.8223,57.7734
28.1191,1.0694,0.3438,0.01002,0.32685,26.608,3,86.947,34.4361,31.6947,73.7097
51.1773,1.0051,0.4650,0.01881,0.59479,33.028,1,33.417,31.5166,16.5727,75.9386
44.4671,0.8206,0.2836,0.01924,0.51748,43.098,2,9.260,49.3558,28.7455,62.3193
21.7938,0.5691,0.4376,0.01525,0.63937,58.801,1,66.225,28.9926,10.4172,77.8656
25.3091,0.8841,0.3927,0.02332,0.74874,61.765,1,12.823,40.3945,11.9628,69.1607
24.1501,0.8791,0.3322,0.00962,0.33494,27.559,5,53.860,52.0224,40.5330,60.2834
39.6578,0.8045,0.1604,0.00827,0.13944,70.540,3,79.575,33.7660,11.8853,74.2213
33.3240,0.5851,0.4178,0.01255,0.49414,22.200,3,54.901,28.5405,9.5301,78.2107
35.0459,0.8213,0.4584,0.00844,0.31769,17.985,3,79.798,39.8243,19.3940,69.5961
20.3524,0.8277,0.1814,0.02201,0.44456,43.484,2,28.967,45.4460,22.8998,65.3042
52.8555,0.6463,0.4498,0.00788,0.28523,49.521,5,34.177,46.6102,24.8811,64.4154
38.8363,0.8579,0.1874,0.01713,0.32731,35.246,2,79.712,34.1936,11.8660,73.8948
32.6493,0.6189,0.4643,0.01886,0.75997,90.351,3,39.683,35.4127,12.5774,72.9641
59.1341,0.9814,0.2922,0.00731,0.15947,89.903,4,73.856,32.1534,16.2358,75.4524
29.0509,0.6446,0.2295,0.01118,0.30389,78.271,3,92.842,42.5078,21.6200,67.5474
26.5337,0.4359,0.1856,0.02287,0.48484,1.006,5,75.143,35.9687,19.8869,72.5397
53.8120,0.8912,0.3592,0.00988,0.28186,5.313,4,69.044,42.2940,43.4190,67.7106
48.2490,1.0175,0.2617,0.02438,0.43460,24.800,4,61.451,37.7565,12.7547,71.1748
36.3433,0.6714,0.4130,0.02416,0.75520,78.403,5,35.448,55.6364,33.7523,57.5243
38.5482,1.0569,0.4828,0.00609,0.21161,51.198,1,61.107,43.5306,38.6574,66.7665
30.7038,0.7176,0.2392,0.02026,0.54326,48.025,4,75.913,37.2339,12.8506,71.5737
46.7124,0.7420,0.2823,0.01811,0.49649,32.173,2,60.617,44.1449,31.9038,66.2975
38.0692,0.4702,0.3185,0.02015,0.70665,45.748,4,82.191,47.4180,32.8282,63.7987
50.0011,1.0455,0.1800,0.01796,0.26582,91.805,2,17.173,46.4470,23.0063,64.5400
40.7989,0.7316,0.2592,0.02169,0.53655,18.188,4,84.661,36.4271,16.4318,72.1897
41.7744,0.8050,0.2349,0.01632,0.38444,37.737,2,72.057,36.4038,21.5203,72.2074
49.0139,0.5093,0.1770,0.00628,0.12645,86.167,4,49.120,26.6483,8.7657,79.6553
20.0597,0.8526,0.2758,0.01893,0.60539,56.012,2,49.317,31.0477,19.0184,76.2966
52.3864,0.5595,0.3891,0.01081,0.38499,36.106,3,19.540,33.3582,15.0944,74.5326
50.1192,0.6465,0.1964,0.00521,0.10612,50.168,1,23.346,43.6447,24.6049,66.6794
36.9516,0.4170,0.4003,0.01365,0.54822,29.705,3,52.108,31.0942,12.7685,76.2611
34.9314,0.7344,0.3395,0.01926,0.65501,27.209,4,67.258,33.8625,26.1116,74.1476
38.3890,0.4931,0.2113,0.00348,0.08808,54.351,2,15.787,36.9942,11.4638,71.7567
58.7103,0.6697,0.1995,0.01601,0.30693,17.456,5,66.105,28.2307,5.7201,78.4472
26.2887,0.7659,0.3328,0.00897,0.31624,35.290,4,71.259,48.6559,23.4310,62.8536
27.9042,0.4541,0.4284,0.00475,0.19810,39.137,3,41.629,36.3879,18.7784,72.2196
36.8441,0.8854,0.1956,0.01588,0.31785,77.106,4,43.710,26.8860,12.9247,79.4739
41.8854,0.6269,0.4898,0.01091,0.42730,61.250,1,91.778,31.8547,19.1769,75.6805
42.9907,0.5549,0.3087,0.01403,0.45974,91.339,4,42.486,46.5904,24.9060,64.4305
54.4769,0.4016,0.3486,0.01044,0.37667,26.734,5,6.006,28.6405,9.8868,78.1344
56.9161,0.6901,0.3476,0.02076,0.61193,26.557,4,56.794,36.6916,12.4940,71.9878
39.6476,0.9020,0.3293,0.00683,0.20647,3.173,4,91.716,34.1102,14.0852,73.9585
46.6710,0.6184,0.3528,0.01382,0.46925,90.558,5,25.922,43.0455,40.1964,67.1369
45.5419,0.8441,0.3604,0.00781,0.24457,64.222,2,88.028,31.1459,15.1197,76.2216
53.5334,0.7780,0.4445,0.01574,0.53345,73.601,2,52.442,37.9910,17.8290,70.9958
47.9680,0.8879,0.4982,0.00622,0.21650,51.539,2,73.698,33.9420,11.6481,74.0869
50.1730,0.5512,0.2898,0.01284,0.38834,66.656,1,72.244,32.3736,13.8080,75.2843
52.9987,0.8881,0.2997,0.00752,0.18910,90.728,4,95.308,42.0631,27.2135,67.8869
22.8882,0.9083,0.2978,0.02452,0.65123,71.929,3,88.738,71.4795,53.9625,45.4289
44.0536,0.9109,0.4802,0.02243,0.70059,45.256,3,88.142,44.7995,32.9268,65.7977
56.4852,0.7724,0.4379,0.01093,0.36249,12.102,1,85.920,43.2644,17.8979,66.9697
26.5965,0.8174,0.3137,0.02301,0.66985,32.073,2,79.350,49.2213,49.9707,62.4220
46.1417,0.4797,0.2435,0.01662,0.46227,34.744,5,9.882,29.4519,13.1412,77.5149
58.8360,0.6827,0.3810,0.01211,0.38844,9.886,4,94.722,25.9591,15.7690,80.1815
35.4376,0.6066,0.3934,0.02446,0.75935,67.380,3,72.493,37.7004,20.2945,71.2176
51.8426,0.7986,0.4881,0.01583,0.55435,65.381,5,94.406,38.1451,24.8363,70.8781
32.7614,0.4132,0.2168,0.02357,0.54878,42.834,5,71.618,30.6730,20.4472,76.5827
31.9190,0.7730,0.2866,0.00708,0.21659,8.808,4,53.481,28.7006,17.7920,78.0885
47.3129,0.6694,0.4008,0.02376,0.70550,88.637,3,62.629,31.4806,20.7508,75.9661
49.2704,0.9330,0.1706,0.00609,0.09264,68.604,4,45.400,37.2866,21.3200,71.5335
57.9625,0.7532,0.2569,0.02482,0.46023,45.401,1,67.064,52.3157,28.1082,60.0595
30.5571,0.4904,0.3627,0.01791,0.69304,92.216,5,14.066,35.7026,11.2909,72.7428
59.7861,0.5659,0.3873,0.00617,0.21146,53.399,2,20.878,39.2343,24.6470,70.0465
36.2660,1.0868,0.3462,0.01865,0.55897,56.601,2,19.684,45.8721,35.3837,64.9789
32.2659,0.8542,0.4826,0.02391,0.76915,12.564,1,94.661,30.8916,13.9695,76.4158
58.1204,0.6328,0.1919,0.01564,0.29763,0.371,5,19.263,35.0650,20.7693,73.2296
30.1345,0.5469,0.2486,0.00831,0.24829,83.615,3,58.023,42.1558,25.4113,67.8161
27.8206,0.5310,0.2120,0.01260,0.33324,60.521,2,24.669,37.1837,25.5274,71.6121
41.7466,1.0843,0.4903,0.01396,0.47097,89.121,2,41.352,38.5611,22.7340,70.5605
52.4775,0.5949,0.2546,0.01880,0.49299,55.685,5,20.688,39.2314,20.5780,70.0487
44.7995,0.4069,0.4179,0.01274,0.50862,3.579,4,76.287,26.7376,10.9673,79.5872
33.7779,1.0280,0.3535,0.00428,0.13612,25.723,5,59.235,32.2778,18.3141,75.3575
20.5343,0.8006,0.2190,0.01512,0.40214,89.671,4,44.755,56.5036,58.2867,56.8622
49.6927,0.5496,0.2122,0.00571,0.13268,91.098,2,33.889,44.0191,16.2664,66.3935
30.2285,0.9635,0.3957,0.01725,0.61235,81.788,3,58.181,54.9376,62.7025,58.0578
36.6637,0.6287,0.4804,0.00690,0.27464,33.247,3,21.123,37.5099,14.1403,71.3630
30.4733,0.9035,0.1787,0.01979,0.38481,17.830,5,63.610,34.9350,10.1683,73.3288
49.9908,0.7398,0.1968,0.00819,0.15830,82.121,1,21.705,36.4517,12.8571,72.1709
48.5639,0.8885,0.4167,0.02363,0.64837,84.037,1,24.867,38.2209,24.3838,70.8202
44.2548,0.7665,0.3758,0.02358,0.66911,60.430,5,14.718,69.9760,50.7596,46.5767
33.9881,0.6305,0.4450,0.00409,0.16163,86.623,4,22.167,31.0342,14.3685,76.3069
25.1378,0.5197,0.4443,0.00787,0.32979,51.710,1,79.120,39.0169,16.8037,70.2125
26.2239,0.9271,0.4821,0.01152,0.45236,60.279,4,68.737,37.4317,21.3781,71.4227
30.5746,0.4100,0.1591,0.00892,0.18557,91.478,2,50.909,37.9698,21.2395,71.0119
46.0901,0.7436,0.2948,0.01943,0.55322,68.672,2,73.356,52.7301,27.9366,59.7431
54.6443,0.7424,0.3986,0.00435,0.14187,80.690,3,14.330,31.6182,11.6558,75.8610
24.6607,0.7635,0.2408,0.00641,0.18083,77.056,5,79.939,44.4474,11.3240,66.0666
38.1843,0.7741,0.1629,0.02355,0.35079,91.968,1,86.690,44.7801,25.1547,65.8126
40.4385,0.6003,0.4833,0.01544,0.61106,45.116,4,77.722,36.8649,13.8457,71.8554
57.7069,0.7758,0.2734,0.00968,0.23227,12.677,5,6.906,43.1078,25.6595,67.0893
56.2355,0.9205,0.1847,0.02388,0.30709,55.356,5,85.279,43.7770,42.1971,66.5784
21.7425,0.6562,0.3103,0.01741,0.62217,21.449,4,19.869,35.8378,29.4985,72.6396
52.7462,0.6942,0.4058,0.00775,0.26397,52.833,1,65.845,45.6998,19.5482,65.1104
50.3903,0.4834,0.4672,0.02116,0.78800,3.938,1,28.467,37.9689,27.9827,71.0126
44.7094,0.5642,0.3887,0.01792,0.65884,23.767,5,24.171,43.9085,21.1249,66.4780
26.7438,0.4718,0.4587,0.02209,0.84749,54.788,4,19.450,45.7705,14.1754,65.0565
38.6033,0.8693,0.2112,0.02232,0.42623,51.202,5,21.063,31.1999,9.3784,76.1804
28.7397,0.5301,0.4202,0.00380,0.15454,3.916,3,13.330,24.2183,11.3947,81.5105
22.1537,1.0446,0.3994,0.00421,0.15724,45.161,5,24.270,39.5386,20.1498,69.8142
27.6575,0.9461,0.2836,0.01676,0.49881,28.160,1,20.718,47.9679,21.1659,63.3789
23.1470,0.9950,0.4231,0.01293,0.49398,57.598,1,61.003,33.9780,10.1003,74.0595
25.8747,0.5603,0.2346,0.00733,0.21238,18.127,1,6.063,46.5632,27.4079,64.4512
25.4560,0.8741,0.3915,0.02096,0.74876,95.354,3,82.898,42.2381,18.7770,67.7533
45.4731,0.4139,0.3447,0.01360,0.49963,13.771,1,17.586,31.3639,19.4134,76.0552
20.8289,0.5437,0.4268,0.01161,0.48763,67.517,3,77.966,49.9614,17.7854,61.8569
37.6418,0.7092,0.2598,0.00584,0.16225,93.596,1,67.223,59.1502,47.0237,54.8417
25.8964,0.9773,0.3353,0.02205,0.67299,38.615,1,9.800,29.6702,9.8120,77.3482
36.4419,0.4008,0.3147,0.01037,0.37481,20.662,5,69.304,28.9451,17.5779,77.9018
59.6475,0.8912,0.3853,0.01276,0.36279,53.878,3,90.628,36.4560,11.5473,72.1676
38.3188,0.7810,0.1948,0.01417,0.29223,31.488,1,39.211,33.3727,18.9447,74.5216
46.3949,0.7206,0.4968,0.02489,0.74617,28.005,1,62.773,37.1777,23.6065,71.6166
46.4969,1.0114,0.3696,0.01840,0.53664,73.440,5,93.335,36.8047,13.1140,71.9014
20.3182,0.4612,0.2277,0.01521,0.45352,12.926,2,84.047,25.8731,13.8043,80.2472
54.1537,1.0326,0.4271,0.00625,0.18251,1.141,2,54.140,30.6118,14.3647,76.6294
44.0161,0.7219,0.3941,0.01701,0.59377,50.254,1,39.529,35.4730,17.4504,72.9181
27.5052,0.4077,0.4384,0.02423,0.84784,82.083,3,87.866,38.3169,13.8242,70.7469
55.0091,0.8765,0.2813,0.00887,0.20920,24.234,2,36.117,37.3772,19.6331,71.4643
27.4364,0.6294,0.2947,0.01087,0.36577,21.401,2,48.809,60.1159,49.9167,54.1044
34.6521,0.7279,0.4191,0.02272,0.75332,31.609,2,41.792,38.1188,15.0117,70.8981
45.0626,0.6932,0.2580,0.00794,0.20964,71.517,4,11.470,39.3237,18.1432,69.9783
34.4025,1.0900,0.3908,0.01791,0.58622,30.384,4,81.399,39.8582,11.4621,69.5702
27.8598,0.4828,0.2239,0.01112,0.31345,11.264,5,83.567,37.9081,13.3991,71.0590
20.9925,0.9092,0.2912,0.01996,0.65040,46.176,3,7.648,46.1812,16.5773,64.7429
42.6160,0.4547,0.2504,0.00394,0.11542,39.016,3,61.058,43.5395,20.0035,66.7597
21.7323,1.0734,0.1579,0.02426,0.36157,32.744,4,22.790,36.8810,16.4195,71.8432
50.4296,1.0708,0.1731,0.00334,0.04684,11.284,5,21.558,34.2846,18.8862,73.8254
22.8266,0.5570,0.3483,0.01741,0.67229,77.895,4,86.459,39.7932,18.6087,69.6198
53.2395,0.9521,0.3969,0.00505,0.14915,84.835,1,90.561,32.0914,16.2193,75.4998
50.6892,0.6362,0.3360,0.02322,0.63986,72.803,1,25.865,35.9573,19.0069,72.5484
35.2258,0.7422,0.3453,0.01090,0.37277,95.185,2,38.841,43.6651,24.6545,66.6638
39.9970,0.9162,0.2614,0.01573,0.39287,6.677,4,15.894,45.3410,36.1237,65.3843
57.8567,0.7602,0.1881,0.01764,0.30273,50.891,5,43.415,40.6534,16.5054,68.9631
35.8806,1.0153,0.2567,0.01048,0.25714,45.763,4,39.645,51.2083,29.6528,60.9050
40.6759,0.7020,0.4663,0.02020,0.76026,35.614,3,79.810,46.5260,40.8122,64.4797
20.4610,0.6339,0.1627,0.01269,0.26682,18.574,5,87.702,40.4210,18.9060,69.1406
38.5884,1.0492,0.1559,0.02202,0.29627,16.137,2,46.346,34.9606,10.3241,73.3093
58.7268,0.4297,0.4949,0.01063,0.42238,94.053,4,77.630,32.0486,13.4005,75.5324
46.4403,0.7359,0.4586,0.02375,0.72599,33.081,2,50.323,32.6991,10.7977,75.0358
47.1200,0.4118,0.4622,0.02021,0.81375,62.308,3,30.588,43.2433,26.2478,66.9858
35.9393,0.6000,0.4119,0.02062,0.77207,71.821,5,30.812,46.1944,22.3189,64.7329
59.0571,0.4530,0.3927,0.01311,0.48056,83.746,5,94.998,49.5436,22.8208,62.1758
53.9394,0.4087,0.3678,0.02107,0.73948,20.504,5,62.415,49.9891,24.0187,61.8357
21.7501,0.8313,0.3583,0.01057,0.39406,44.619,3,40.450,47.6114,19.3817,63.6510
38.5090,0.4094,0.4770,0.01824,0.76440,54.590,1,33.203,46.8326,30.5230,64.2456
46.8475,0.5912,0.2333,0.01115,0.28062,52.351,5,75.177,33.0703,8.5609,74.7525
28.2970,0.8425,0.2390,0.01658,0.43980,91.951,3,80.040,54.3238,38.6371,58.5264
38.2718,0.7024,0.3233,0.01412,0.46140,47.606,5,23.141,46.2966,23.6311,64.6548
37.5714,0.9212,0.4197,0.01105,0.38504,84.430,1,60.223,29.1523,16.1249,77.7436
31.5808,0.6212,0.1739,0.01525,0.31800,2.758,1,28.502,27.4475,13.0523,79.0451
48.4066,0.4848,0.1581,0.01181,0.21770,31.239,5,11.080,40.3478,15.2955,69.1964
45.5031,0.5907,0.4531,0.02157,0.76580,44.655,4,93.921,43.4942,24.6473,66.7943
22.5804,0.4529,0.1526,0.00944,0.19313,61.627,3,88.314,45.8851,29.9244,64.9690
46.5698,0.4318,0.2247,0.02112,0.53014,54.759,2,27.707,52.3489,25.9093,60.0342
54.0933,0.4601,0.1644,0.00595,0.11227,80.118,1,94.110,39.8401,16.1451,69.5841
35.4678,0.8861,0.2777,0.00996,0.27688,19.412,4,15.840,41.5153,22.9037,68.3051
23.3127,0.7087,0.2658,0.00401,0.12579,43.678,5,43.252,40.4325,20.9361,69.1317
34.5881,0.7839,0.3520,0.00313,0.10712,26.183,1,30.224,27.0630,15.2927,79.3388
46.4881,0.4055,0.4029,0.00566,0.22229,58.015,2,43.119,42.4396,23.3167,67.5994
44.0818,1.0329,0.4422,0.00537,0.17438,42.040,2,66.203,48.6566,19.9535,62.8531
39.3898,0.7920,0.2363,0.01573,0.38261,95.121,3,41.387,48.8801,31.7407,62.6824
23.3347,0.9432,0.4554,0.01899,0.74756,36.235,5,29.032,30.3714,11.2772,76.8129
54.1183,0.8415,0.2760,0.01468,0.35104,25.176,4,48.496,62.8799,81.8800,51.9943
53.6608,0.4766,0.4055,0.01816,0.67960,56.138,2,44.050,39.6220,24.3569,69.7506
22.2218,0.6282,0.2164,0.01881,0.50977,26.503,2,55.387,31.4356,17.6890,76.0004
45.8922,0.5262,0.4286,0.01744,0.67108,76.103,5,85.375,40.8179,19.0521,68.8375
35.7211,0.9082,0.4464,0.00541,0.19613,31.149,4,63.991,38.4277,22.0218,70.6623
56.5633,0.5253,0.2474,0.02164,0.52134,51.890,5,73.891,37.0380,15.9395,71.7233
33.4119,0.5728,0.2556,0.00458,0.13607,22.453,4,84.578,51.3339,31.7552,60.8091
20.2487,0.5268,0.2766,0.01851,0.63498,9.281,1,43.772,29.7795,19.2151,77.2648
41.0245,0.8198,0.3761,0.02191,0.66969,71.597,1,39.738,26.6936,10.3783,79.6208
22.4596,0.8735,0.2600,0.01993,0.59313,33.759,4,42.037,42.7313,15.8528,67.3768
27.0614,0.6478,0.3859,0.00574,0.22261,27.733,3,47.984,57.9581,57.8040,55.7518
59.7308,0.8812,0.3692,0.02306,0.55641,12.165,1,22.100,30.3202,25.9916,76.8520
49.3524,0.6943,0.2491,0.02292,0.49599,75.590,2,29.440,39.6520,23.9015,69.7276
41.7677,0.7163,0.3326,0.00961,0.31086,6.547,4,14.925,27.8843,11.7318,78.7117
40.8609,1.0975,0.4622,0.01288,0.42686,61.820,5,38.293,64.9840,48.5659,50.3878
22.7092,0.4276,0.3201,0.01181,0.44860,25.457,3,28.043,29.8943,9.1762,77.1772
20.2657,0.5650,0.4892,0.01996,0.86073,83.844,1,25.626,44.5515,25.7360,65.9871
30.9184,0.4568,0.4067,0.02048,0.81380,75.719,2,89.544,45.9664,28.9884,64.9069
36.0149,0.9747,0.4114,0.02061,0.68705,62.390,1,90.850,37.8461,20.9895,71.1064
23.6430,0.7849,0.1623,0.00484,0.09528,94.766,5,82.335,32.9522,15.9381,74.8426
23.7968,0.7066,0.2856,0.00993,0.32774,70.427,2,35.181,38.7557,18.6205,70.4119
56.9382,1.0845,0.4722,0.00481,0.14012,74.339,1,92.534,45.6105,29.4369,65.1786
57.6707,0.7083,0.1942,0.00348,0.06393,73.356,4,12.350,34.0226,27.2574,74.0254
35.0691,0.7455,0.1521,0.00954,0.16319,34.194,2,30.426,36.9807,16.9323,71.7671
27.8355,0.7296,0.3199,0.00728,0.25056,22.129,3,51.046,20.8278,13.7821,84.0990
32.0706,0.6879,0.3135,0.02019,0.66988,55.852,5,85.521,44.8233,23.6128,65.7796
51.8643,1.0283,0.3189,0.00839,0.20645,27.895,2,65.017,33.5008,17.2156,74.4237
57.0190,0.8262,0.4508,0.00450,0.14643,55.506,4,31.065,45.9595,19.8233,64.9122
20.8158,1.0191,0.3494,0.00324,0.11562,5.574,1,44.524,29.1401,9.5930,77.7530
52.2535,0.4544,0.3398,0.00414,0.14455,93.145,1,87.067,35.1235,16.9612,73.1849
51.7937,0.6099,0.1602,0.01470,0.25043,17.640,5,53.568,38.3210,24.2720,70.7438
25.7777,0.5241,0.3547,0.02281,0.77455,27.278,5,6.971,51.7152,35.7713,60.5180
57.0556,0.7184,0.3632,0.02482,0.61834,61.484,4,75.891,32.3876,13.7932,75.2736
40.3098,0.4203,0.4348,0.02177,0.81462,27.319,1,73.799,37.9627,18.0951,71.0173
22.6535,0.6371,0.1851,0.00703,0.16417,8.103,3,83.373,30.8240,11.0851,76.4674
33.7595,0.5895,0.4796,0.00385,0.15659,4.753,1,82.159,42.1934,16.3048,67.7874
30.5637,0.8367,0.4920,0.02293,0.78335,17.567,4,9.185,44.9726,37.9621,65.6656
24.7664,0.9069,0.3118,0.00424,0.14032,66.907,5,6.111,49.6381,14.9756,62.1038
37.3109,0.9198,0.4362,0.01707,0.60506,24.709,2,18.945,38.8001,19.5698,70.3780
52.5480,1.0050,0.3016,0.02453,0.47313,20.774,5,28.751,41.9458,41.8660,67.9764
26.3967,0.6920,0.2402,0.00872,0.24744,46.591,2,75.741,51.0317,35.1551,61.0398
55.9522,0.5400,0.4791,0.00934,0.35547,86.065,5,29.378,51.9222,37.2156,60.3599
23.8205,0.4097,0.4292,0.00857,0.36496,75.968,5,58.444,33.1716,15.1870,74.6751
51.0115,0.6259,0.4841,0.02202,0.75163,50.790,2,53.294,45.8826,17.4460,64.9708
51.1314,0.8670,0.3477,0.01290,0.37326,81.954,5,64.204,36.7574,20.2742,71.9375
20.7033,1.0084,0.4935,0.00575,0.23184,64.077,2,88.281,56.6166,25.4601,56.7760
54.5703,0.5405,0.2763,0.01557,0.44606,8.598,3,64.119,26.5184,14.9339,79.7545
39.1190,0.8637,0.3408,0.01098,0.34616,86.837,2,73.261,42.6413,18.4540,67.4454
44.9176,1.0117,0.4415,0.02388,0.64970,7.466,3,74.264,34.3063,13.8229,73.8088
46.9676,0.4264,0.3237,0.02486,0.70191,49.066,5,74.720,44.0697,15.3494,66.3549
26.0087,0.9514,0.3537,0.02134,0.69771,69.703,4,29.531,34.8127,8.4313,73.4222
46.6959,0.7100,0.3088,0.02162,0.59701,6.238,1,71.736,32.4335,36.3545,75.2386
58.3273,0.7560,0.2062,0.01201,0.22426,81.187,2,37.042,45.4130,29.1961,65.3294
57.3642,0.6292,0.3989,0.00646,0.21982,33.544,3,92.811,44.5193,21.5100,66.0117
58.7527,0.8622,0.3587,0.01223,0.34051,47.370,1,29.731,63.8715,64.1466,51.2372
57.3847,0.9481,0.3174,0.01373,0.33424,11.310,3,81.503,35.6177,18.7779,72.8076
51.3955,0.4320,0.1541,0.01306,0.23875,37.543,3,52.264,45.8810,27.5770,64.9721
45.7836,0.4237,0.4046,0.00592,0.23203,47.838,1,70.641,48.7628,49.2461,62.7719
34.2017,0.5891,0.3263,0.01792,0.62789,15.574,4,56.017,53.3116,67.0588,59.2992
58.4919,0.9730,0.4416,0.02218,0.59109,7.057,5,40.013,33.5749,20.7132,74.3672
37.7910,0.8541,0.2589,0.01347,0.35009,42.633,2,78.582,38.4406,30.5179,70.6525
36.9113,0.5101,0.2723,0.01613,0.50681,76.748,3,12.186,41.4022,32.1184,68.3915
57.8330,0.5384,0.2243,0.01678,0.39462,62.871,4,29.095,51.6242,43.8026,60.5874
37.7077,0.7230,0.4503,0.01551,0.58889,46.919,1,52.118,36.7101,12.4673,71.9737
59.1681,0.5803,0.1633,0.01724,0.29099,37.332,4,35.732,31.8581,18.1471,75.6779
42.6943,0.6811,0.3101,0.02079,0.62329,27.521,3,82.861,61.1996,55.2625,53.2771
54.8338,0.4226,0.1769,0.00763,0.15707,27.348,3,29.587,41.8242,35.6249,68.0693
25.5604,0.6420,0.4319,0.02029,0.81219,8.672,4,7.973,47.5774,18.4896,63.6769
41.4138,0.7825,0.3489,0.02167,0.64992,51.472,3,29.762,36.1669,19.4358,72.3883
37.7546,0.5662,0.4549,0.00774,0.30827,63.347,3,61.842,39.0246,28.8433,70.2066
44.3407,1.0393,0.4815,0.01694,0.56516,16.469,4,22.672,49.1854,24.6773,62.4494
36.2248,0.7545,0.4878,0.02102,0.77406,83.328,2,54.352,34.0815,14.8531,73.9804
48.7252,1.0308,0.2026,0.01684,0.28450,67.941,3,36.395,37.5492,19.6570,71.3330
44.1498,0.4902,0.4995,0.01781,0.72372,29.791,3,92.854,33.9174,22.1676,74.1057
27.4568,0.9824,0.4709,0.02037,0.76569,56.245,4,85.743,31.0465,11.9762,76.2975
25.5086,1.0357,0.1584,0.02002,0.35071,88.750,4,39.314,54.5263,34.7433,58.3718
34.7182,0.6740,0.3336,0.01032,0.35505,46.753,4,78.967,44.4256,25.6479,66.0832
38.8971,0.6240,0.3366,0.01863,0.64053,29.666,2,10.639,29.3702,10.1197,77.5773
23.4267,0.7046,0.3410,0.01223,0.45186,71.951,1,36.136,26.4362,8.7720,79.8172
48.0287,0.9129,0.4725,0.01755,0.59472,45.623,3,32.442,45.6733,36.8027,65.1306
23.6282,0.5924,0.2673,0.01714,0.55473,1.084,5,81.469,37.5600,26.1189,71.3248
32.9144,0.9597,0.4704,0.01524,0.56429,82.744,5,14.612,38.9213,34.7357,70.2855
51.6878,0.8595,0.3032,0.00821,0.21458,36.633,1,49.970,29.7607,23.2121,77.2792
36.1276,0.9643,0.4252,0.00301,0.10526,93.820,1,54.184,59.3183,55.6983,54.7134
36.0272,0.8409,0.2412,0.00547,0.13671,52.121,1,70.597,34.4164,16.7786,73.7248
30.0708,0.6431,0.2625,0.00984,0.29768,52.160,5,16.418,38.7687,15.9700,70.4020
56.6551,0.9760,0.3472,0.01799,0.46481,48.170,4,36.349,46.3207,25.1446,64.6364
57.4825,0.8676,0.3701,0.00999,0.28604,22.546,5,85.594,43.0832,10.0202,67.1081
21.3378,0.4384,0.2160,0.02248,0.56996,15.782,4,61.696,45.7227,23.3700,65.0929
54.6752,0.8941,0.3223,0.01726,0.45149,69.586,1,71.530,53.0821,22.3256,59.4744
29.4245,0.7931,0.3311,0.01949,0.66571,23.171,2,63.523,34.8287,20.1352,73.4100
37.0123,0.7936,0.2048,0.00530,0.11522,71.449,1,95.127,45.2180,28.1512,65.4782
30.1301,0.9550,0.2166,0.01395,0.31971,19.079,4,18.182,34.2900,13.0656,73.8212
21.1612,0.5791,0.1917,0.01332,0.32948,29.623,1,10.538,36.3889,26.3203,72.2189
25.2114,0.5653,0.4602,0.01042,0.43653,51.037,2,64.719,45.2496,19.1152,65.4541
38.0114,1.0194,0.2140,0.02466,0.40467,16.991,5,16.113,34.1515,21.9124,73.9270
31.5309,0.7075,0.2825,0.01667,0.51759,44.216,1,92.282,94.7941,184.9045,27.6293
20.4988,0.4310,0.2158,0.00822,0.23516,90.311,4,29.848,36.4224,21.5374,72.1932
32.8826,0.9756,0.4817,0.01626,0.60367,78.546,5,60.729,51.4563,28.6454,60.7156
26.4853,0.8286,0.2774,0.02372,0.61244,16.548,5,35.368,42.8852,20.5685,67.2593
31.5875,0.4577,0.4639,0.00671,0.28163,75.187,3,17.906,34.7744,17.5038,73.4515
36.4988,0.4176,0.2550,0.01216,0.37677,66.842,2,64.555,37.7408,27.3170,71.1867
42.6702,0.9576,0.1626,0.02422,0.30760,26.716,1,73.105,66.4205,91.2135,49.2912
48.8847,0.4759,0.1774,0.02477,0.41137,17.127,5,38.601,48.0275,31.1475,63.3333
59.0246,1.0997,0.2734,0.00441,0.08323,81.007,4,58.297,60.0433,46.5718,54.1599
30.3913,0.6499,0.3876,0.00301,0.11489,15.480,2,43.911,47.5209,20.0905,63.7201
40.3243,0.4484,0.2268,0.01648,0.44904,4.062,1,60.875,20.1319,8.9099,84.6303
58.4054,0.6367,0.3918,0.02354,0.66862,60.636,1,47.766,42.9289,12.5549,67.2258
35.3267,0.6864,0.1828,0.00490,0.10172,70.840,1,53.325,55.7850,50.2302,57.4108
25.2330,0.8743,0.2019,0.00329,0.07630,57.306,5,37.216,34.2666,9.5880,73.8391
41.0369,0.6585,0.3284,0.00314,0.10360,3.598,3,90.814,28.1069,18.2371,78.5417
26.0762,0.9507,0.2828,0.02260,0.60202,25.738,4,17.819,35.9830,15.2628,72.5287
37.2757,0.5556,0.4533,0.01615,0.64613,47.326,1,65.059,33.8790,11.2155,74.1351
44.2516,0.9767,0.4738,0.01864,0.63383,16.493,3,69.975,50.1486,28.4099,61.7140
31.5352,0.4515,0.4809,0.00779,0.32971,79.090,4,75.953,27.8109,9.5943,78.7678
27.5285,0.9299,0.4705,0.01101,0.42612,42.501,4,16.958,26.2361,14.4970,79.9700
39.2835,1.0852,0.2953,0.01956,0.50443,20.673,4,25.235,40.5941,20.5878,69.0084
29.1923,0.7156,0.1789,0.01201,0.25285,25.273,4,15.678,28.5422,13.5910,78.2095
21.9125,1.0603,0.3552,0.00638,0.22552,32.981,1,67.440,42.3923,25.6259,67.6356
48.9167,0.4046,0.2895,0.01392,0.45554,58.244,2,42.986,38.0121,20.8708,70.9796
52.5908,0.6168,0.2980,0.01070,0.31463,69.549,1,84.091,42.4667,19.6837,67.5787
47.6745,0.4340,0.2447,0.00666,0.18922,0.721,2,76.935,41.2880,17.7592,68.4786
36.9252,0.5316,0.3057,0.01183,0.40035,27.690,2,64.845,41.6781,14.1872,68.1808
22.6392,0.8652,0.4696,0.01341,0.54143,25.139,5,26.699,51.9174,44.9064,60.3636
40.9538,0.6394,0.2045,0.01041,0.23540,24.346,4,43.617,44.3958,28.6975,66.1059
35.9005,0.6315,0.3255,0.00399,0.13619,19.522,2,74.035,32.6566,17.5459,75.0683
56.7116,0.6427,0.4929,0.01988,0.72698,41.628,3,45.931,40.6134,24.4684,68.9936
36.1725,0.5396,0.2700,0.02237,0.61964,92.375,5,15.971,35.6959,21.1686,72.7479
47.5939,0.8000,0.1746,0.01560,0.26579,56.476,5,55.779,47.4706,18.8888,63.7585
27.4094,0.7817,0.4182,0.01704,0.65899,65.074,3,67.684,36.9391,18.1104,71.7988
34.9355,0.4570,0.3968,0.02238,0.79676,12.007,2,20.233,42.7880,25.0716,67.3334
48.4510,1.0714,0.1704,0.00974,0.13766,9.108,2,37.635,40.7377,22.2234,68.8987
27.2246,1.0099,0.3395,0.00709,0.23532,20.194,1,46.538,46.9313,33.3864,64.1702
39.3132,0.7122,0.2526,0.00799,0.21385,19.005,4,40.180,32.2490,12.1506,75.3795
47.5056,1.0553,0.2893,0.01839,0.43101,6.590,4,6.573,38.5296,15.7435,70.5845
28.8529,0.9316,0.3312,0.01546,0.50933,37.871,5,68.270,55.7836,29.8133,57.4119
57.2299,0.4854,0.4723,0.01744,0.67330,23.415,5,16.648,58.5090,36.2089,55.3313
20.1197,0.9866,0.3355,0.00769,0.27191,79.375,1,65.735,32.8536,6.8890,74.9179
41.1151,0.9793,0.4048,0.01394,0.45516,44.153,2,14.098,32.4190,25.5858,75.2497
25.3466,1.0014,0.3008,0.00858,0.26854,8.215,3,8.674,33.4800,17.2364,74.4396
20.2076,0.5420,0.4006,0.01416,0.58538,31.379,2,79.550,36.7405,20.2437,71.9504
34.0789,0.5010,0.3796,0.01167,0.45315,88.133,3,33.426,29.2177,15.2982,77.6937
24.2850,0.4631,0.2977,0.01854,0.66558,38.327,3,43.274,35.8391,15.0869,72.6386
46.6551,0.7583,0.2058,0.00995,0.20392,25.023,4,51.329,38.5165,21.9442,70.5945
26.5774,0.4977,0.1928,0.01686,0.41572,37.359,1,74.388,34.7470,22.8104,73.4724
43.0597,0.7490,0.4611,0.01898,0.69954,31.286,3,25.215,36.8205,20.0122,71.8893
58.2285,0.8094,0.2544,0.00902,0.19754,76.429,1,52.736,31.7226,19.0340,75.7813
57.7553,0.6494,0.3305,0.00354,0.10674,6.318,5,49.038,43.1694,36.8383,67.0422
55.9085,0.8998,0.2843,0.01501,0.34872,77.662,1,58.328,48.8786,25.7536,62.6836
52.1120,0.9466,0.4475,0.02034,0.63460,68.521,1,73.677,55.2027,40.9805,57.8554
25.9133,0.5635,0.4285,0.01012,0.41594,93.253,5,7.019,47.6809,29.4802,63.5980
50.6687,0.6850,0.2664,0.02500,0.52351,4.725,2,60.922,32.6280,18.0735,75.0901
20.5849,0.9799,0.3218,0.01852,0.63745,77.673,2,76.637,33.2283,17.0997,74.6318
50.5339,0.6945,0.2002,0.01033,0.20771,49.135,5,74.357,42.6099,25.2908,67.4694
37.4380,0.7151,0.3480,0.01801,0.61561,75.026,5,92.082,46.8370,19.2232,64.2422
33.0534,0.7341,0.3865,0.00418,0.15374,28.446,3,87.800,38.9629,19.8884,70.2537
25.8178,0.8136,0.1950,0.01916,0.43546,11.189,4,95.719,31.7336,17.3873,75.7730
38.2537,0.7925,0.2945,0.01735,0.51235,15.993,2,82.787,37.5534,32.3583,71.3298
56.6013,0.7718,0.3442,0.00776,0.22541,58.452,5,25.096,23.6221,8.3735,81.9657
31.2921,0.6282,0.2944,0.01917,0.63038,91.104,3,88.344,33.1680,14.3060,74.6779
54.2715,0.5861,0.4037,0.01159,0.41123,14.301,3,66.914,30.4393,19.5175,76.7611
31.4696,0.9960,0.2231,0.02087,0.45736,40.347,1,67.791,33.2947,21.3822,74.5811
36.6028,0.9016,0.2258,0.00586,0.13354,88.166,4,73.311,43.8772,32.3465,66.5019
46.5336,0.8764,0.1521,0.00805,0.11725,38.640,4,91.883,39.1471,18.7663,70.1131
33.3402,0.6547,0.4317,0.02406,0.78124,52.867,3,16.291,51.8901,43.1873,60.3844
39.2123,0.6120,0.2297,0.00597,0.15379,62.234,3,21.613,24.1289,9.3547,81.5787
33.5821,1.0503,0.3402,0.00402,0.12418,87.438,5,6.943,28.2084,10.1732,78.4642
24.5387,0.6998,0.4596,0.01659,0.68002,38.432,1,30.127,35.9627,18.1217,72.5442
20.9560,0.9023,0.4289,0.01813,0.71863,90.762,3,49.473,41.1004,31.2314,68.6218
27.1777,0.5702,0.1635,0.00952,0.19590,47.911,3,93.780,32.4379,14.6845,75.2353
42.3427,0.8076,0.3749,0.02178,0.66561,30.419,5,61.666,27.5924,18.2105,78.9345
33.8272,0.9584,0.3165,0.00558,0.16912,58.519,2,50.982,48.9848,32.3553,62.6025
58.6106,0.8838,0.2647,0.00809,0.17390,81.398,1,20.525,48.2020,43.5890,63.2001
52.8996,0.8730,0.3767,0.01389,0.41563,56.807,3,58.674,59.7871,52.7522,54.3555
40.4118,1.0490,0.3441,0.01815,0.52712,26.641,5,30.790,58.4570,50.1125,55.3709
48.1326,0.8144,0.2568,0.01823,0.43808,90.564,5,54.321,53.1572,27.8281,59.4171
37.9523,0.9383,0.1664,0.01672,0.27820,78.669,4,61.581,44.5956,26.2727,65.9534
45.1993,0.8586,0.4314,0.02090,0.68276,86.362,1,6.484,45.1922,29.0948,65.4980
46.9338,0.5092,0.3813,0.01706,0.62951,5.734,4,50.916,31.0192,19.4794,76.3183
37.0572,0.9832,0.4212,0.01449,0.49727,11.799,4,72.798,28.5819,17.1890,78.1791
29.6761,0.5029,0.2739,0.01762,0.57717,90.980,4,50.457,32.2402,12.1774,75.3862
50.7658,0.4815,0.2146,0.01239,0.30069,65.045,2,32.031,48.7419,40.9402,62.7879
41.5409,0.4496,0.2406,0.00950,0.27111,46.658,4,36.808,39.3865,16.5699,69.9303
28.6033,0.6093,0.1989,0.00823,0.19910,55.664,1,71.660,28.4779,9.9267,78.2585
46.7570,0.6809,0.3176,0.01205,0.37220,24.276,3,45.602,40.9994,23.6148,68.6990
34.7796,0.4470,0.2937,0.01134,0.38862,54.976,1,89.171,42.2340,28.0933,67.7564
58.6164,0.5379,0.3260,0.01094,0.34700,3.787,5,87.115,28.1312,17.1805,78.5232
42.5635,0.4678,0.2000,0.02094,0.47670,83.479,5,42.877,31.5308,12.4148,75.9278
33.9373,0.6761,0.2608,0.01440,0.41747,3.308,3,63.104,36.3079,22.6694,72.2807
25.0554,0.9523,0.2874,0.02249,0.61518,50.112,2,90.675,47.7172,19.3185,63.5702
28.8581,0.7763,0.3250,0.01472,0.50169,84.775,3,24.200,37.1231,19.3483,71.6583
26.3513,0.6570,0.1794,0.00768,0.16881,65.018,2,94.853,39.6156,17.6829,69.7554
30.6516,0.5346,0.3579,0.01246,0.47376,10.871,5,12.454,36.6377,13.7163,72.0289
38.8410,0.7702,0.3160,0.00386,0.12046,10.341,2,62.381,56.2591,37.4419,57.0489
56.7940,0.4960,0.2644,0.02030,0.56118,14.522,2,62.698,32.0495,15.4488,75.5317
26.9566,0.7807,0.3727,0.01553,0.57598,64.374,2,68.543,53.7589,38.5835,58.9577
59.4718,0.6215,0.3898,0.01709,0.57151,65.861,3,62.736,46.9564,46.1818,64.1511
29.9389,1.0638,0.3618,0.02031,0.66119,21.433,4,27.329,36.0235,18.2890,72.4978
48.3375,0.4145,0.3296,0.01661,0.58931,92.167,1,44.399,34.8414,12.0117,73.4003
38.2451,0.8782,0.1930,0.00312,0.06104,15.714,5,94.551,41.2068,26.8751,68.5406
34.7203,0.6599,0.3550,0.00604,0.21594,56.528,3,93.265,41.9335,14.3638,67.9858
57.4694,0.5794,0.3137,0.02187,0.60679,74.488,1,55.279,29.9670,10.5671,77.1216
23.7587,0.5597,0.4303,0.01121,0.46538,74.551,2,35.589,37.7084,30.4544,71.2115
25.6025,0.7212,0.3379,0.00972,0.35115,0.165,5,86.042,37.0595,21.9486,71.7069
45.3735,0.6702,0.2259,0.01254,0.29673,11.457,3,95.777,43.1062,26.9745,67.0905
27.9107,0.9827,0.4000,0.01087,0.39276,46.037,4,15.318,61.8298,74.3035,52.7960
55.1238,0.8011,0.4087,0.00632,0.20217,49.244,4,49.361,36.7736,25.2106,71.9252
43.0848,0.7087,0.1868,0.00927,0.18314,3.529,1,12.764,28.3454,16.8353,78.3597
24.3168,0.7691,0.1924,0.02098,0.46106,77.275,1,23.267,58.8943,34.5145,55.0370
32.2342,0.7561,0.2884,0.02248,0.61713,4.992,5,35.105,27.8100,15.2325,78.7684
49.3099,0.4273,0.3414,0.02013,0.71722,19.376,5,32.665,38.1948,14.5086,70.8401
53.6501,0.6977,0.4840,0.02463,0.72144,70.679,1,59.654,33.2648,21.4496,74.6040
26.0963,0.5707,0.2802,0.01410,0.46885,17.117,1,87.773,46.4255,27.6046,64.5564
30.2471,0.6699,0.4564,0.00997,0.39960,39.289,4,31.486,57.1632,43.4702,56.3586
46.1576,0.7098,0.3707,0.02344,0.67236,72.034,1,30.190,35.1990,18.5050,73.1273
38.4232,0.8021,0.2686,0.01910,0.52119,63.110,4,78.298,49.8274,30.3461,61.9592
49.7491,0.9666,0.4907,0.01043,0.34567,21.950,3,25.440,75.0973,61.8029,42.6669
31.1699,0.4006,0.2183,0.02269,0.55800,25.041,2,32.701,35.9475,16.0775,72.5559
47.9881,0.8242,0.2943,0.00841,0.22596,34.496,4,61.533,38.9585,16.0780,70.2571
49.1971,0.4270,0.3674,0.00647,0.24100,43.775,5,61.930,34.1713,20.8989,73.9119
27.3879,0.4993,0.4294,0.00527,0.21829,92.730,5,45.191,46.1140,23.5770,64.7942
24.0780,0.5731,0.3741,0.01020,0.40280,95.951,2,91.628,26.8281,10.1461,79.5180
26.1857,0.6301,0.4858,0.01565,0.65202,29.948,1,69.819,32.2254,14.2833,75.3975
47.2082,0.9916,0.4786,0.00920,0.30516,83.068,5,65.457,38.2088,21.0516,70.8294
48.7077,0.8843,0.3013,0.01991,0.52426,55.540,1,29.685,41.5888,26.5712,68.2490
42.4702,1.0168,0.3192,0.01545,0.42240,78.226,5,26.725,58.7426,47.8184,55.1529
48.8522,0.7592,0.4204,0.00958,0.32913,6.004,5,42.629,32.2602,16.1163,75.3709
38.6401,0.5481,0.2107,0.02298,0.49199,67.475,5,63.303,29.6608,10.5952,77.3555
39.9690,0.8289,0.1676,0.01338,0.23129,15.820,3,62.875,62.0466,21.3912,52.6305
41.9251,0.4104,0.2028,0.01137,0.28281,32.275,3,24.705,43.4271,34.1233,66.8456
39.1415,0.7644,0.4110,0.00447,0.16103,63.451,4,40.217,48.5664,21.3317,62.9219
24.3920,0.6691,0.3581,0.01963,0.74431,39.069,4,80.391,35.7741,21.8876,72.6882
42.8073,0.4743,0.2536,0.02276,0.58628,20.588,3,35.031,51.4959,20.4020,60.6854
29.6037,0.4872,0.2868,0.00745,0.25341,92.489,5,67.944,46.7203,26.5511,64.3313
44.1200,1.0779,0.2683,0.01418,0.31946,57.085,2,91.204,40.4476,19.4824,69.1202
34.1843,0.8253,0.2256,0.01038,0.24964,80.079,2,43.666,55.6010,42.5231,57.5513
34.6023,0.7433,0.3959,0.00870,0.31931,55.173,4,78.925,53.7420,34.5666,58.9706
33.3859,1.0586,0.2151,0.01596,0.33674,1.103,4,80.459,40.1697,23.2372,69.3324
32.0824,0.5529,0.2331,0.01915,0.53438,18.469,5,32.739,32.4834,18.7507,75.2005
43.8669,0.9642,0.3945,0.01819,0.57610,17.481,4,15.058,31.6902,12.2952,75.8061
40.3538,0.9341,0.2925,0.01037,0.28125,86.703,4,63.725,43.2815,26.4179,66.9567
52.2459,0.4912,0.2554,0.01120,0.31316,63.684,4,38.780,30.7356,11.2301,76.5349
31.1559,0.6028,0.3133,0.01318,0.45575,61.516,3,41.748,49.8476,43.0558,61.9438
25.3710,0.6321,0.3208,0.00570,0.20470,77.884,1,86.367,35.7160,21.0084,72.7326
58.5433,0.5162,0.4729,0.02417,0.75906,10.639,4,33.127,29.5879,13.2666,77.4111
24.3766,0.7620,0.2972,0.00988,0.32935,83.948,3,82.098,42.7779,26.1542,67.3412
35.9556,1.0514,0.3648,0.00906,0.28506,81.610,4,79.684,28.0702,13.9715,78.5698
47.9857,1.0476,0.1931,0.00906,0.14633,40.714,2,84.608,37.1998,14.3204,71.5997
25.0839,0.5137,0.4790,0.00680,0.28996,24.384,4,90.795,31.6640,13.6626,75.8261
47.4719,0.9347,0.3612,0.01641,0.48521,92.158,5,37.172,28.4967,10.6165,78.2442
44.0709,0.4620,0.3460,0.01878,0.68148,15.434,2,83.723,34.6720,14.4259,73.5296
27.5357,1.0765,0.2845,0.01549,0.44425,32.554,5,60.854,45.7991,17.5544,65.0346
51.2922,0.4123,0.2143,0.01935,0.48658,10.974,5,78.123,40.2031,29.6997,69.3069
29.8266,0.6351,0.3947,0.01543,0.59751,24.785,4,40.036,44.5013,11.7061,66.0254
32.9637,0.4893,0.2154,0.01168,0.30957,42.207,2,72.386,41.2083,22.0723,68.5395
54.7310,0.6781,0.1722,0.00498,0.08521,60.594,3,80.852,38.2795,20.7637,70.7755
32.8996,0.4325,0.2355,0.01018,0.29803,82.017,5,69.682,35.1095,14.4802,73.1956
35.9173,0.7895,0.2327,0.01787,0.44192,16.117,4,15.279,54.3652,29.7045,58.4948
24.4371,0.9032,0.3339,0.00695,0.24058,43.520,3,54.449,54.0261,27.2801,58.7537
55.8247,0.5675,0.2633,0.01311,0.35281,47.794,3,93.070,32.7490,7.2894,74.9978
29.1691,0.5916,0.3679,0.01879,0.71730,31.107,5,88.005,40.3308,12.9456,69.2094
33.2202,1.0898,0.4254,0.01479,0.50886,35.503,1,30.976,45.0591,34.5389,65.5995
31.3672,0.5772,0.4302,0.02488,0.80275,8.979,1,74.455,36.4955,23.6336,72.1375
49.1047,0.5712,0.4357,0.01001,0.37585,71.212,5,81.519,30.0464,15.2210,77.0610
34.5322,1.0812,0.4980,0.00499,0.17940,17.897,4,87.881,32.2374,12.7373,75.3883
22.2541,0.6473,0.3963,0.01959,0.78592,1.715,5,70.345,32.5623,12.9852,75.1402
21.4010,0.7289,0.4701,0.01463,0.60837,12.273,1,85.031,25.5672,7.9344,80.4807
25.8476,0.4632,0.1573,0.02136,0.41338,47.520,2,12.298,52.7557,36.0233,59.7236
58.2644,1.0138,0.2712,0.02477,0.40242,54.146,5,85.884,53.5577,28.4860,59.1113
35.9702,0.4376,0.3799,0.01959,0.76943,83.456,4,65.365,33.5324,16.9880,74.3996
23.7856,0.7897,0.3471,0.00339,0.12389,20.007,1,61.967,37.2523,18.2192,71.5597
24.5557,0.6612,0.1697,0.00327,0.06899,40.109,1,50.587,42.2958,21.4639,67.7092
46.7686,0.9788,0.1848,0.00355,0.05803,55.390,2,10.399,31.1296,13.4570,76.2341
45.4483,0.7805,0.4906,0.00565,0.20678,7.367,1,36.190,35.8051,22.5329,72.6646
32.8275,0.6866,0.4637,0.00837,0.33155,57.419,2,6.522,39.2698,20.6313,70.0194
40.9629,1.0543,0.4272,0.01058,0.34460,8.353,4,17.643,41.0415,28.3900,68.6668
55.8982,0.9628,0.1750,0.00314,0.04486,56.081,1,29.010,33.1241,13.2729,74.7113
21.4663,0.6432,0.1915,0.01243,0.30167,10.418,5,27.022,30.9285,13.6113,76.3876
35.7852,0.8751,0.3522,0.01235,0.40616,19.037,5,9.959,29.7144,12.9771,77.3145
33.6611,0.8980,0.3431,0.02123,0.65375,15.673,4,24.346,26.6286,14.9677,79.6704
35.2444,0.4615,0.2268,0.01366,0.37891,47.255,4,7.745,37.9512,26.2103,71.0261
30.6306,0.4972,0.3011,0.01353,0.47200,43.507,4,29.946,40.6976,23.0671,68.9293
54.5092,0.5668,0.3315,0.00579,0.18637,75.749,5,61.717,55.0688,41.0025,57.9577
44.0518,0.4587,0.4189,0.00613,0.24110,93.881,5,77.604,32.4770,15.5764,75.2054
41.6587,0.5247,0.3754,0.00586,0.21795,89.505,4,25.186,57.8944,59.5042,55.8004
29.3647,0.5381,0.2743,0.02434,0.64967,60.459,3,9.835,30.0070,19.6025,77.0911
49.0683,0.8164,0.4995,0.01249,0.44422,36.816,2,27.575,53.3768,36.1180,59.2494
55.2011,0.9258,0.2516,0.00734,0.15128,32.121,4,46.388,39.7861,16.4309,69.6253
53.0901,0.9806,0.2293,0.01923,0.35854,75.849,1,20.655,58.1458,36.5395,55.6085
30.5242,0.5685,0.3001,0.02069,0.68184,66.218,2,13.395,32.0429,13.7588,75.5368
22.9132,0.9413,0.1907,0.01739,0.38340,75.507,3,59.023,38.9082,26.8550,70.2955
34.7701,0.5058,0.4575,0.01985,0.81357,37.248,3,95.740,24.7147,11.7679,81.1316
35.1043,1.0985,0.4373,0.00675,0.23041,16.246,4,30.271,30.0345,11.6076,77.0701
55.3661,0.7892,0.3106,0.00764,0.20575,82.926,5,64.348,40.3762,18.1151,69.1747
52.2076,0.4190,0.2921,0.01476,0.47672,83.389,5,21.198,38.0826,26.5043,70.9258
46.4750,0.5109,0.4691,0.02326,0.79128,14.451,1,59.428,40.0614,13.1352,69.4151
52.9653,0.4109,0.2532,0.00785,0.22730,39.336,3,87.902,46.5111,25.0065,64.4910
36.0774,0.5133,0.2116,0.02498,0.50839,58.897,5,16.900,33.9668,12.4883,74.0680
52.0849,0.9548,0.4571,0.00865,0.27596,63.890,4,83.341,44.1426,30.6702,66.2993
32.7937,0.9063,0.4370,0.02389,0.73525,5.960,3,51.161,40.5121,28.9731,69.0710
46.6925,0.4804,0.4801,0.00943,0.37869,2.508,4,14.104,31.4590,9.3761,75.9826
40.7685,0.5483,0.1622,0.02195,0.38069,85.554,2,37.781,60.1289,54.9535,54.0945
29.0968,0.5158,0.4357,0.00381,0.15677,43.321,1,24.397,54.2126,40.1257,58.6113
59.3079,1.0703,0.2886,0.00812,0.16407,69.850,3,40.076,43.2724,31.3342,66.9636
59.2912,0.7461,0.3421,0.01861,0.53643,93.655,5,93.780,74.1834,54.0117,43.3646
28.4296,1.0823,0.3919,0.00659,0.22914,6.957,4,84.224,48.5500,19.4171,62.9344
32.4629,0.4624,0.1514,0.01086,0.20989,70.498,3,67.907,38.2576,19.7874,70.7922
39.3244,0.8107,0.2311,0.00895,0.21166,4.976,3,89.143,27.3778,12.4250,79.0984
48.9690,0.4751,0.3793,0.01544,0.57194,83.228,3,29.870,42.6948,17.3963,67.4046
49.5010,0.6083,0.1812,0.00771,0.14946,12.843,3,60.532,27.8737,11.2882,78.7198
27.2773,1.0205,0.3671,0.01987,0.68673,95.713,3,49.220,37.1823,19.2868,71.6131
22.9240,1.0500,0.1600,0.01279,0.23223,2.154,3,6.258,42.9192,22.0789,67.2333
52.1297,0.7010,0.2801,0.01485,0.39765,68.150,5,92.035,33.5117,15.5849,74.4155
21.2579,0.4242,0.2044,0.01850,0.50335,26.966,4,55.049,52.6141,37.1249,59.8317
28.2917,0.6274,0.2821,0.02004,0.64956,52.795,2,18.251,38.1185,15.4326,70.8984
31.4990,0.9283,0.2910,0.00588,0.17305,12.422,2,11.679,35.0952,19.7343,73.2065
44.7497,0.9491,0.3065,0.01173,0.31400,21.866,4,64.990,49.1943,39.8179,62.4426
26.8290,0.5698,0.2005,0.01278,0.31917,80.728,1,22.060,43.5392,22.7444,66.7600
24.9379,1.0460,0.4537,0.00563,0.21457,36.175,5,35.918,34.4711,13.6769,73.6830
22.8369,0.8036,0.3390,0.01211,0.43796,8.929,2,44.217,65.7051,40.3916,49.8373
33.2551,0.7076,0.3904,0.00555,0.20640,59.010,4,70.977,27.1198,9.5928,79.2954
32.6152,0.9911,0.3090,0.01167,0.34753,74.498,3,51.290,40.7549,13.8596,68.8856
38.9616,0.5369,0.4845,0.01912,0.77537,5.637,3,73.198,32.9376,24.1427,74.8538
20.4488,0.4480,0.2369,0.00940,0.29033,74.300,2,85.453,43.4932,25.9354,66.7950
36.7876,0.4227,0.3993,0.01554,0.62269,21.012,5,56.928,56.6194,25.0529,56.7738
49.5925,1.0423,0.3786,0.01122,0.31743,23.100,3,11.757,35.0827,16.5180,73.2161
55.5253,0.5761,0.1870,0.00393,0.07710,81.418,3,62.279,24.6054,12.2720,81.2150
36.3726,0.6034,0.4490,0.01948,0.76982,6.887,4,89.997,24.6672,12.9998,81.1678
58.3122,1.0469,0.1887,0.02186,0.28049,89.257,4,33.517,27.3958,7.9894,79.0846
38.5031,1.0273,0.1640,0.01015,0.15909,28.512,1,86.094,36.9079,16.2626,71.8226
33.6950,0.4063,0.2905,0.00414,0.14333,25.570,5,20.320,48.7072,27.3693,62.8145
44.7847,0.8600,0.4378,0.00942,0.32409,28.035,5,51.872,32.2474,13.4154,75.3807
56.7238,0.6278,0.2941,0.00540,0.15223,84.025,4,50.719,25.2905,8.6688,80.6919
34.7487,0.8822,0.2054,0.01940,0.41556,57.687,4,93.898,48.7954,43.2106,62.7471
20.9246,0.8191,0.2814,0.01971,0.63990,94.632,5,68.876,43.2461,42.1804,66.9837
52.8331,0.6331,0.4471,0.00784,0.28479,45.916,2,26.852,48.7593,55.2276,62.7746
35.7933,0.7143,0.4413,0.01397,0.53410,83.234,4,66.773,37.8679,18.5795,71.0897
20.8995,0.7599,0.3130,0.00362,0.12776,11.820,2,63.249,48.5585,25.0422,62.9279
30.9981,0.5511,0.4241,0.02418,0.80563,80.031,5,49.348,30.0205,11.1277,77.0808
36.5391,0.6565,0.3761,0.01399,0.51034,17.371,3,72.912,31.1573,13.4865,76.2129
22.8765,0.9897,0.3068,0.02245,0.65177,37.763,4,59.126,52.6117,48.3916,59.8335
26.1630,0.9562,0.3868,0.01607,0.58421,48.730,1,13.000,36.7538,18.8768,71.9402
28.9186,0.5333,0.2004,0.00842,0.21008,88.931,2,88.445,61.7188,38.3844,52.8807
47.2502,1.0912,0.2986,0.02458,0.47328,57.382,2,89.092,36.6836,9.0630,71.9939
57.6317,0.7265,0.4434,0.02193,0.67738,39.463,5,6.169,37.2705,18.6726,71.5458
38.5237,0.9304,0.4077,0.00525,0.17880,20.228,5,16.477,47.1275,16.6711,64.0205
42.4092,1.0690,0.2413,0.02081,0.41960,51.127,3,29.552,39.2674,28.6682,70.0213
55.5609,0.7013,0.1613,0.01805,0.28507,28.876,5,60.073,36.8971,16.4257,71.8309
50.2509,0.7381,0.3836,0.01096,0.36126,7.692,1,19.948,46.2951,25.6371,64.6559
52.3254,0.6957,0.1539,0.02199,0.31117,32.616,5,56.730,40.9455,20.7156,68.7401
45.3024,0.8073,0.4518,0.01583,0.56042,83.786,5,91.157,50.1919,23.8081,61.6809
44.6289,0.8532,0.2217,0.01231,0.26139,69.295,2,59.572,34.8987,25.8463,73.3565
52.0615,0.4695,0.1735,0.01647,0.32804,93.891,2,59.541,41.5910,23.6289,68.2473
47.4479,0.9537,0.2388,0.00491,0.10277,35.436,1,32.166,57.1713,57.7220,56.3525
43.8201,1.0791,0.4145,0.01408,0.43613,63.678,4,32.059,51.3254,39.0151,60.8156
23.5147,0.9675,0.2541,0.02193,0.56389,9.054,1,46.870,53.1586,24.9566,59.4160
48.5580,0.8177,0.2167,0.01921,0.39288,56.680,5,57.972,50.3876,40.3263,61.5315
56.0974,0.5932,0.2992,0.02475,0.58592,67.193,2,6.826,46.8700,26.5857,64.2171
43.0348,0.7173,0.4581,0.01510,0.56150,65.444,2,34.429,32.8926,19.2474,74.8881
47.4861,0.9685,0.2463,0.00978,0.20872,50.417,5,15.617,53.7308,32.8306,58.9791
45.2589,0.4792,0.2465,0.01827,0.51561,8.434,5,40.572,31.3506,21.5855,76.0653
22.3699,0.6676,0.3798,0.00641,0.25217,20.946,2,48.648,36.2196,12.5610,72.3481
38.9481,0.4330,0.1580,0.00511,0.10097,62.685,1,23.398,49.8061,40.2187,61.9755
58.2204,0.9830,0.4235,0.01084,0.31242,6.101,2,20.456,33.0583,16.0324,74.7616
59.8399,0.8432,0.3038,0.01258,0.30979,55.613,5,17.610,45.0910,23.7394,65.5752
35.6738,0.4564,0.4259,0.02012,0.81290,54.535,5,11.261,42.5027,15.4141,67.5513
52.7470,0.6538,0.1611,0.02243,0.33145,60.763,3,76.339,33.8284,16.3572,74.1737
59.6234,0.9773,0.2507,0.02143,0.37851,21.102,5,19.311,36.9575,13.4497,71.7848
50.2854,0.6543,0.3985,0.01564,0.54534,4.647,4,91.085,28.2614,15.7138,78.4238
45.2450,0.9566,0.4094,0.02284,0.64045,36.856,2,37.320,43.5770,26.3804,66.7311
45.0468,0.4402,0.1739,0.00917,0.19212,64.402,4,57.797,52.4286,25.3347,59.9734
59.5783,0.7723,0.2635,0.01705,0.39097,3.292,2,43.444,37.9614,40.5813,71.0183
20.9820,1.0639,0.4220,0.01586,0.60787,11.156,5,12.944,33.5167,19.0594,74.4116
35.5843,0.6250,0.2991,0.01883,0.61106,23.003,5,44.898,48.2905,21.8874,63.1325
48.4352,1.0347,0.4714,0.01518,0.48705,84.390,2,55.646,39.3167,23.0053,69.9836
35.8787,0.4257,0.4756,0.00416,0.17462,92.005,4,24.224,39.9915,21.8527,69.4684
21.1128,0.7494,0.2988,0.00332,0.11394,65.140,3,31.442,40.9409,19.5401,68.7436
20.2774,0.5242,0.1500,0.02152,0.40061,5.372,4,71.470,33.0071,20.2289,74.8007
47.7287,0.9876,0.3508,0.00495,0.13951,0.412,1,35.994,42.3704,19.6163,67.6523
45.3890,0.9603,0.2297,0.01786,0.36697,64.712,2,65.658,38.5346,34.3295,70.5807
27.9738,1.0598,0.2471,0.01225,0.31243,49.256,3,71.587,29.9338,14.2163,77.1470
29.1112,0.9117,0.3412,0.01692,0.56993,32.370,3,92.223,46.0274,21.2956,64.8603
47.3864,0.8557,0.4791,0.02429,0.69925,15.063,1,64.481,31.0650,14.7624,76.2834
26.5026,0.6869,0.3546,0.01819,0.67580,51.771,1,40.625,52.3943,21.1765,59.9995
21.2916,0.8412,0.2169,0.02151,0.51849,22.424,5,74.881,40.0783,16.7593,69.4021
39.0143,0.8573,0.1807,0.00621,0.11447,57.559,3,41.334,40.5832,13.8253,69.0167
22.3323,1.0044,0.1546,0.01213,0.21767,23.514,3,62.959,35.6299,14.6880,72.7983
27.4467,1.0471,0.1568,0.00759,0.12853,54.899,5,68.105,38.6313,18.1644,70.5069
57.4596,0.8512,0.3275,0.01518,0.40297,89.459,3,86.133,41.1388,20.4304,68.5925
42.4946,0.7624,0.3779,0.02223,0.67986,53.620,1,76.745,39.6124,18.1554,69.7578
35.2675,1.0964,0.2174,0.00558,0.11443,33.486,4,50.860,35.7852,12.4355,72.6798
53.3571,0.9853,0.2069,0.01308,0.22016,44.974,2,76.705,43.1989,22.3904,67.0197
45.7406,0.5830,0.2312,0.00833,0.21047,12.072,3,34.164,39.2589,14.8242,70.0277
38.8577,0.7497,0.3944,0.01827,0.65148,57.046,4,17.190,34.2009,15.7858,73.8893
26.7694,0.4714,0.1764,0.00688,0.15711,58.756,5,10.286,55.4063,40.8512,57.7000
51.2798,0.8619,0.3617,0.02231,0.59482,26.943,3,8.866,41.8016,23.3225,68.0865
55.9994,0.8553,0.4872,0.01955,0.65050,59.193,5,76.070,37.1584,18.7387,71.6314
34.2199,1.0077,0.2212,0.01331,0.29146,36.071,1,30.921,42.7077,13.8944,67.3948
40.1081,0.6629,0.1675,0.00997,0.18622,53.231,2,27.751,30.7660,22.6059,76.5117
33.8591,0.9338,0.4445,0.02254,0.72832,84.376,2,13.441,51.8431,42.0497,60.4203
23.3613,0.5010,0.3032,0.01694,0.61228,39.431,4,15.194,37.9104,18.8658,71.0573
48.8107,0.4450,0.2558,0.01513,0.44119,0.665,2,60.555,30.3097,19.4203,76.8600
22.2846,0.6947,0.2570,0.01475,0.45524,14.124,5,68.694,31.7073,20.1926,75.7931
21.6643,0.6177,0.3747,0.02256,0.79233,24.138,2,8.790,49.5060,34.4810,62.2046
31.9843,0.6592,0.4354,0.01972,0.77652,70.376,1,80.099,41.7540,30.4592,68.1229
29.4930,0.4332,0.4727,0.01895,0.80713,68.909,4,87.243,56.8139,43.9241,56.6254
20.7724,0.7783,0.3924,0.02153,0.78734,40.209,3,48.260,48.2678,33.2909,63.1499
49.4883,0.6725,0.4862,0.01798,0.66898,66.751,2,61.167,40.5761,18.1615,69.0221
56.1858,0.8181,0.2137,0.00882,0.16635,72.229,2,38.317,38.5924,12.7981,70.5366
58.8970,0.6012,0.4214,0.01179,0.41383,79.112,5,11.136,34.6886,16.0867,73.5169
45.9838,0.7215,0.4624,0.00986,0.36171,21.979,4,11.609,60.4098,62.1135,53.8801
50.0137,0.6988,0.4630,0.00990,0.35878,22.678,5,95.410,42.2556,18.8579,67.7399
44.7730,0.5805,0.3076,0.00959,0.30703,53.986,5,48.153,27.0385,9.9063,79.3574
25.6301,0.6205,0.3429,0.01215,0.45311,60.978,5,17.003,32.2969,18.7166,75.3429
50.8312,0.8236,0.4625,0.00784,0.26865,85.840,2,94.020,47.3313,41.0588,63.8649
42.7884,1.0994,0.4461,0.00678,0.21774,0.067,1,61.496,43.8827,27.5530,66.4977
41.4985,0.7427,0.2285,0.00652,0.15487,54.324,4,52.060,39.8905,15.6967,69.5455
28.4735,0.5843,0.4961,0.01570,0.65641,74.618,5,24.966,32.3977,17.7022,75.2660
58.0168,0.7800,0.4518,0.00591,0.19590,42.084,4,19.038,30.3329,14.5900,76.8423
57.9395,0.7651,0.4299,0.02103,0.65477,65.423,3,73.726,41.2072,16.0166,68.5403
52.0937,0.7186,0.3877,0.00646,0.21366,78.721,4,84.347,49.9320,44.7798,61.8793
41.7109,1.0916,0.2230,0.00941,0.18290,34.806,5,30.890,35.2016,17.8269,73.1253
53.4030,0.8536,0.2383,0.01414,0.29574,54.515,4,62.181,52.3304,22.4690,60.0483
52.4916,1.0781,0.2688,0.00806,0.16474,87.372,2,65.989,51.3341,33.8888,60.8089
45.7306,0.6054,0.2768,0.00864,0.25148,21.613,3,67.156,36.6838,18.0371,71.9937
58.8467,0.4197,0.4255,0.01978,0.75930,11.710,2,65.574,26.7197,9.3160,79.6008
32.2114,0.6025,0.2056,0.00359,0.08775,86.654,3,40.616,44.1184,19.7956,66.3178
51.4321,0.6484,0.4929,0.02098,0.74702,1.602,4,60.500,24.4693,6.2025,81.3189
20.7298,0.6797,0.3035,0.01478,0.52137,16.821,2,23.066,56.2493,40.3222,57.0564
54.8534,0.4711,0.2274,0.01263,0.31866,74.899,2,92.591,35.3704,14.8152,72.9964
37.5832,0.6090,0.4617,0.02200,0.79067,56.773,3,31.251,29.9828,14.1852,77.1096
49.1302,0.4329,0.2611,0.01356,0.40399,68.359,1,64.942,32.9893,18.6761,74.8143
59.6618,0.6379,0.3027,0.00755,0.21258,37.402,2,59.074,39.5153,39.1691,69.8320
20.0386,0.4706,0.2065,0.01635,0.44679,39.589,1,23.414,57.6864,34.1665,55.9593
51.5698,0.7717,0.3512,0.02366,0.61053,7.597,3,35.262,26.0374,15.6081,80.1217
39.6390,0.7864,0.3264,0.00665,0.20949,56.945,5,15.488,34.9562,15.2580,73.3127
58.5298,0.9682,0.3754,0.01927,0.51903,7.035,2,81.262,24.4388,13.4796,81.3422
49.4426,0.6254,0.2933,0.01375,0.40523,82.839,4,88.585,31.9046,15.5833,75.6424
38.6925,0.7281,0.2417,0.01272,0.32679,93.007,1,67.080,36.5078,17.8311,72.1281
43.1371,0.4562,0.2808,0.01284,0.41050,41.780,1,69.790,48.0269,31.4966,63.3338
42.3810,0.6193,0.1953,0.01359,0.29451,6.421,5,80.908,28.0297,11.0838,78.6007
50.6176,0.7032,0.4819,0.00719,0.26245,44.864,1,10.024,39.4422,20.8368,69.8878
23.6884,0.5234,0.4807,0.02442,0.85528,30.255,2,85.981,35.7424,22.7888,72.7124
36.3496,0.4747,0.2702,0.02266,0.63491,57.867,2,69.491,36.7224,26.4291,71.9642
52.5761,0.8458,0.4044,0.01077,0.34100,55.765,3,37.481,71.5832,92.9949,45.3497
53.8526,0.5142,0.4314,0.02137,0.75213,86.475,1,78.240,34.8070,16.6969,73.4266
56.0747,0.9994,0.4991,0.01622,0.50797,29.548,5,36.159,33.9908,12.2855,74.0497
43.2116,0.9593,0.2670,0.01610,0.38814,23.785,1,55.452,50.2083,21.5965,61.6684
35.4162,0.7442,0.3824,0.01259,0.45270,4.585,4,41.031,24.9821,9.4350,80.9273
21.3939,0.8932,0.2017,0.02443,0.47809,23.837,1,33.847,50.7686,38.6621,61.2407
27.0132,0.9690,0.3680,0.01280,0.44985,82.716,1,66.518,32.2121,12.5629,75.4076
22.8514,0.7518,0.4341,0.01842,0.74379,8.328,4,69.627,31.2520,11.0039,76.1406
36.4560,0.4522,0.1899,0.01439,0.33859,23.253,1,66.324,29.8101,17.7260,77.2414
41.1402,0.9930,0.4993,0.00357,0.12563,2.830,3,89.402,46.8849,28.0677,64.2057
53.6162,0.4473,0.1999,0.01083,0.24752,86.540,1,42.219,48.3610,37.6125,63.0787
45.3210,0.4627,0.2816,0.01555,0.49205,95.264,2,44.415,45.7029,28.4414,65.1080
22.1662,0.7558,0.2691,0.01218,0.38436,28.383,4,32.108,42.0304,18.2181,67.9118
37.6911,0.5863,0.2862,0.01157,0.36490,63.158,5,89.670,46.1142,18.1059,64.7941
43.5052,1.0547,0.3653,0.00955,0.27885,5.819,4,57.110,31.6262,12.7447,75.8549
53.7192,0.8119,0.1717,0.00978,0.15437,74.575,2,28.886,33.7331,14.2190,74.2464
44.2125,0.9928,0.2965,0.01593,0.40839,31.194,2,58.392,50.5297,39.1098,61.4230
40.2749,0.5986,0.2182,0.02405,0.49183,51.992,5,52.152,64.0875,46.4216,51.0723
44.8330,0.4746,0.3004,0.01900,0.62745,9.733,5,47.340,27.9068,9.3393,78.6945
38.1111,0.9712,0.4311,0.01751,0.60386,92.339,4,35.387,54.1258,39.1619,58.6776
21.0022,0.9493,0.2342,0.01520,0.41184,82.146,1,11.651,40.4667,30.5330,69.1057
41.2320,0.4790,0.2851,0.01931,0.62337,28.164,1,79.894,39.6447,12.2650,69.7332
43.3178,0.9074,0.3529,0.01794,0.54867,94.596,1,90.267,55.8493,50.2959,57.3618
37.7751,0.9703,0.2585,0.01170,0.28864,34.963,2,52.006,28.0488,14.5328,78.5861
32.4897,1.0222,0.3869,0.00743,0.25178,6.027,5,77.569,22.0301,5.0519,83.1811
58.6753,0.9880,0.2343,0.02269,0.35618,95.471,4,72.124,38.8545,22.7262,70.3365
52.3675,0.5837,0.2881,0.01984,0.57996,74.003,2,13.110,29.4206,11.1454,77.5388
31.8532,0.6688,0.3301,0.00485,0.16898,53.176,5,49.586,39.1442,21.9863,70.1153
54.7941,0.6896,0.1779,0.00706,0.12343,89.432,5,74.081,33.4739,13.9124,74.4443
37.8881,0.9007,0.4590,0.02095,0.72275,81.575,4,27.117,36.4931,25.6913,72.1393
48.2188,0.4261,0.2564,0.01720,0.50846,24.557,5,44.101,33.4865,8.6223,74.4347
47.4573,0.6178,0.4236,0.00635,0.23353,79.841,1,80.715,49.4233,31.5615,62.2677
45.0898,0.7580,0.2180,0.00544,0.11926,28.822,4,67.025,43.6458,36.3105,66.6785
41.7910,0.9784,0.1765,0.00306,0.05055,46.912,1,91.253,36.3082,13.9589,72.2805
21.0876,0.8168,0.3596,0.02419,0.75229,57.926,3,66.289,35.4292,15.9367,72.9515
40.1666,0.6832,0.2826,0.01352,0.39951,71.724,1,75.458,47.6993,35.3423,63.5839
33.3632,0.7780,0.3380,0.01097,0.37067,4.112,5,73.875,31.3153,17.8262,76.0923
39.1952,0.5880,0.3942,0.00702,0.26373,13.718,5,71.685,35.8820,25.6199,72.6059
38.3540,0.8529,0.3113,0.01304,0.39080,86.939,4,77.426,47.7592,27.7555,63.5381
20.3756,1.0297,0.1808,0.00436,0.09189,31.954,2,53.493,31.2708,15.4625,76.1263
40.5797,0.4832,0.4012,0.00444,0.17264,23.623,4,60.980,44.6083,24.2968,65.9437
46.1707,0.5401,0.3303,0.02175,0.67815,42.606,5,51.600,37.2101,26.3235,71.5919
51.3507,0.7824,0.4168,0.01595,0.53233,74.020,4,21.586,32.2988,21.8221,75.3415
31.4566,0.8990,0.1938,0.01085,0.22585,87.502,3,95.480,29.2200,7.4131,77.6920
34.2580,0.8420,0.1886,0.00505,0.10195,50.451,1,49.277,39.2345,20.3724,70.0464
22.0751,0.6630,0.3666,0.00669,0.25991,43.037,3,76.770,39.5413,16.4060,69.8121
52.2925,0.4640,0.2102,0.01831,0.43689,0.904,1,50.025,14.9485,7.7510,88.5875
34.4267,0.8068,0.1960,0.02110,0.42445,95.030,3,70.059,37.3431,18.5883,71.4904
29.6420,0.8733,0.3208,0.02324,0.65295,78.024,5,78.348,39.5120,22.2218,69.8345
53.5823,0.4836,0.4861,0.01640,0.64532,89.845,2,71.109,32.8645,11.6528,74.9096
55.9459,1.0251,0.1590,0.00653,0.08222,84.482,5,32.267,43.1469,20.9410,67.0595
50.5762,0.6357,0.4350,0.01860,0.67586,13.964,1,20.033,22.8452,10.9584,82.5588
27.5633,1.0365,0.2549,0.01739,0.46131,81.124,5,74.865,40.1844,16.4396,69.3212
43.2406,0.6139,0.1926,0.01557,0.33198,41.862,5,28.265,34.5053,13.0721,73.6569
30.3330,0.8129,0.1651,0.00519,0.09715,34.648,3,95.612,43.7826,25.3367,66.5741
37.0945,0.9949,0.1753,0.02125,0.34327,64.778,1,44.161,49.9912,20.3721,61.8342
56.2259,0.8601,0.1592,0.01129,0.15809,74.697,2,95.850,40.5553,18.2297,69.0380
22.8618,0.7476,0.3681,0.00377,0.14359,43.857,5,13.703,41.2476,15.9899,68.5095
21.8323,0.6745,0.1762,0.00389,0.08627,58.047,4,71.555,47.5668,23.7270,63.6851
50.9203,0.4884,0.4321,0.01142,0.43880,53.842,1,78.456,34.7208,18.6705,73.4924
34.6960,0.5292,0.1810,0.01401,0.30819,55.124,5,38.525,29.8741,15.1554,77.1925
37.2100,0.5277,0.2974,0.02174,0.66461,85.812,2,42.074,27.9751,15.1766,78.6424
40.2436,0.7001,0.3689,0.01328,0.46295,16.536,1,63.826,38.0291,15.3165,70.9666
22.2442,1.0111,0.4750,0.01196,0.47328,49.686,3,48.853,45.2393,16.6509,65.4620
52.6704,0.6203,0.1526,0.01677,0.27033,77.504,5,23.432,38.3347,19.5467,70.7333
22.7460,1.0591,0.3375,0.01349,0.46015,39.621,1,87.198,34.4601,15.9891,73.6914
55.8064,0.4965,0.4564,0.02056,0.76545,9.691,2,56.214,34.4548,21.2099,73.6955
20.4749,1.0000,0.4380,0.01668,0.65668,29.384,1,28.151,37.8165,21.0558,71.1289
47.2837,0.6231,0.4238,0.01997,0.73393,89.393,1,8.328,45.6331,25.4107,65.1613
29.6619,0.4113,0.4218,0.01341,0.55931,0.445,2,12.410,19.0974,7.2591,85.4200
34.8572,0.8437,0.2877,0.01650,0.48198,81.872,1,61.824,28.8068,16.3274,78.0074
23.6590,0.6527,0.2742,0.01320,0.42891,23.060,2,93.846,42.6933,15.4675,67.4057
32.6277,0.5756,0.4532,0.02176,0.81000,11.107,2,71.370,43.6639,25.9772,66.6648
52.1824,0.8037,0.4223,0.01226,0.40526,89.290,2,82.531,54.0033,51.9724,58.7711
57.1667,0.9123,0.4345,0.01772,0.54283,70.053,3,50.069,61.8815,35.2874,52.7565
22.2764,0.4629,0.1972,0.01810,0.47014,59.535,4,69.461,52.5468,27.2181,59.8831
24.6089,0.4687,0.3144,0.00701,0.25944,73.860,3,29.611,46.9782,31.6905,64.1345
46.8857,0.9797,0.3781,0.02198,0.59841,32.129,3,58.162,33.3165,25.5484,74.5645
45.8199,1.0339,0.3053,0.02147,0.50540,94.414,1,66.155,43.2045,19.2356,67.0154
29.6145,0.5846,0.4784,0.01866,0.77193,77.426,5,73.233,34.4100,19.1437,73.7296
56.5946,0.4656,0.2439,0.00600,0.16038,5.832,2,52.622,27.8060,22.9403,78.7715
58.8183,0.7090,0.1621,0.00463,0.07124,45.012,3,11.323,48.5916,20.9156,62.9027
58.3394,0.6406,0.4770,0.01503,0.54148,46.476,3,25.693,37.7552,14.2469,71.1757
33.6068,0.6474,0.4959,0.02263,0.80804,73.821,4,47.445,38.0574,18.0782,70.9451
51.5257,0.5362,0.3878,0.01719,0.62017,94.582,2,40.967,55.4840,38.7792,57.6407
23.0822,0.7747,0.2040,0.02222,0.49115,63.779,5,38.943,38.0958,21.4196,70.9157
55.2508,0.5376,0.3066,0.01509,0.46672,23.855,1,53.733,31.0801,16.5783,76.2719
34.7370,0.4399,0.2797,0.01605,0.53296,54.625,1,65.099,36.3411,16.5395,72.2554
39.4694,0.6878,0.1695,0.00637,0.11938,95.318,5,39.920,41.0587,22.2057,68.6536
53.1778,0.4295,0.3662,0.02088,0.73283,2.550,4,72.694,29.2478,20.6088,77.6707
51.6744,0.5337,0.2453,0.02022,0.52862,6.695,2,57.199,30.8566,16.7060,76.4425
25.9838,0.6856,0.4462,0.00453,0.18362,7.442,3,20.402,39.2937,34.2554,70.0012
44.2982,0.9390,0.4796,0.00816,0.28242,23.974,2,15.773,34.0178,12.9395,74.0291
55.8719,0.4136,0.3023,0.01446,0.47325,66.930,3,75.278,37.4395,13.4632,71.4167
49.5639,0.8893,0.2156,0.01728,0.33395,25.312,3,51.706,26.3782,8.3203,79.8616
24.9888,0.4281,0.1678,0.01571,0.34979,71.550,3,42.249,37.9062,31.9464,71.0604
32.8422,1.0146,0.4089,0.02067,0.69461,30.627,3,94.176,32.2345,20.3547,75.3906
40.8267,0.8150,0.3145,0.01857,0.55863,94.682,5,64.361,39.2229,14.6897,70.0552
27.0340,0.4168,0.4772,0.00876,0.37738,23.887,4,56.485,36.5288,28.2155,72.1120
23.7320,0.7331,0.3646,0.00502,0.19025,42.419,2,36.732,37.4759,15.5214,71.3889
31.3943,0.9393,0.4387,0.02047,0.73695,6.845,2,91.963,36.0325,18.8156,72.4909
37.4446,0.9998,0.3698,0.01753,0.55886,9.137,4,92.182,38.4444,25.2324,70.6496
42.0210,0.5740,0.3979,0.00928,0.34739,71.142,3,40.786,36.2535,11.1394,72.3222
23.5322,1.0462,0.3445,0.00916,0.31449,26.447,4,78.733,39.7404,33.2041,69.6602
22.7885,1.0801,0.4900,0.02262,0.78444,6.166,4,24.625,29.1585,22.7114,77.7389
25.9707,0.6102,0.3362,0.02369,0.73882,28.767,4,44.848,56.8867,35.4329,56.5698
20.7409,1.0006,0.3440,0.01969,0.70042,30.765,3,33.051,45.1717,17.2043,65.5136
37.7282,1.0631,0.3194,0.00504,0.14189,73.572,3,47.401,37.3043,18.0931,71.5200
37.5199,0.4481,0.4506,0.02138,0.82197,29.058,2,24.037,30.5429,9.1250,76.6820
54.1205,0.7714,0.4403,0.01343,0.45331,89.627,5,8.281,43.1653,25.1528,67.0454
21.6099,0.8516,0.1729,0.00937,0.19565,95.554,2,39.333,29.3581,17.9616,77.5865
59.0888,1.0788,0.3696,0.01817,0.44882,36.402,5,16.851,35.3474,23.4122,73.0140
37.1613,0.8939,0.4787,0.01282,0.47233,68.265,5,16.587,36.0564,13.6433,72.4727
58.9781,0.8761,0.3075,0.02459,0.49021,72.094,1,78.610,44.9195,16.1454,65.7061
55.1674,1.0165,0.3372,0.00431,0.10780,83.115,5,49.616,28.4096,13.2708,78.3106
56.6438,0.8097,0.3141,0.01528,0.40590,23.272,1,88.052,43.0049,24.0785,67.1679
31.3825,0.5870,0.1883,0.01316,0.29979,59.669,1,27.930,32.7161,19.6027,75.0229
59.4031,0.9072,0.4211,0.01875,0.55706,87.880,2,15.918,33.3236,14.5213,74.5590
31.6410,0.5324,0.3611,0.00365,0.13892,16.857,2,64.817,44.5058,46.2553,66.0220
42.8383,0.5520,0.3330,0.01029,0.35424,65.226,5,43.086,31.7531,13.6512,75.7580
24.0661,0.9120,0.4594,0.01699,0.67116,21.236,2,30.369,37.7384,20.0651,71.1886
30.7114,0.6601,0.4329,0.01969,0.77813,37.077,4,56.379,85.7997,97.3722,34.4961
54.5784,0.8688,0.3338,0.00535,0.14612,28.541,2,35.863,41.8545,20.1523,68.0461
30.7838,0.6848,0.2846,0.01420,0.44893,62.484,5,45.340,38.2422,15.5642,70.8039
52.7912,0.7257,0.3857,0.00328,0.10737,30.812,1,95.664,48.7223,27.1632,62.8029
27.6942,0.8034,0.4540,0.00684,0.26936,82.495,1,88.698,49.5282,23.2966,62.1877
43.8473,0.7141,0.3445,0.01393,0.45488,52.999,4,92.890,35.8777,25.7442,72.6092
39.2497,0.5623,0.3537,0.00882,0.31817,54.118,3,28.221,44.4422,20.2377,66.0705
54.0298,0.8721,0.4195,0.01611,0.50718,43.735,3,87.461,50.0168,37.4717,61.8146
49.4101,1.0957,0.4958,0.01926,0.60859,14.818,2,12.915,34.6964,33.5958,73.5110
44.9784,0.5921,0.1766,0.01657,0.32574,33.612,3,36.272,34.6987,21.1191,73.5093
56.3871,0.7190,0.3481,0.00677,0.20473,48.685,3,34.062,31.6031,14.9678,75.8726
49.7855,1.0068,0.4521,0.00980,0.30939,23.482,3,27.606,46.0557,27.0495,64.8387
55.7650,0.4002,0.2223,0.02464,0.51442,47.675,4,34.554,36.8920,23.4042,71.8348
21.2056,0.7791,0.2384,0.01918,0.54945,36.884,4,71.490,45.3535,27.7061,65.3748
23.4963,1.0671,0.2348,0.02314,0.51226,6.788,4,19.378,37.2131,20.2458,71.5896
57.5933,1.0753,0.2798,0.00582,0.11635,56.343,4,46.528,39.9683,19.2112,69.4862
44.4958,0.4820,0.4685,0.01019,0.40969,45.189,3,47.936,43.3781,31.3194,66.8829
25.3798,0.7304,0.3089,0.00415,0.14189,85.097,3,82.004,39.8182,21.1323,69.6007
39.7581,1.0425,0.1869,0.00895,0.15473,6.454,2,79.283,28.9436,19.3976,77.9030
54.2602,0.9322,0.4768,0.02229,0.64485,60.829,3,74.122,33.9186,18.0882,74.1048
53.4224,0.8162,0.4967,0.01010,0.34951,36.534,5,86.468,42.1648,33.6626,67.8092
55.1914,0.8974,0.2209,0.01368,0.25462,80.743,1,53.673,44.9624,14.9464,65.6734
40.5246,0.8778,0.3254,0.01326,0.39846,6.344,1,94.688,36.0638,25.0412,72.4670
52.0059,0.7941,0.2192,0.00593,0.12059,11.673,1,92.684,38.5724,17.3150,70.5519
32.1470,0.5626,0.4986,0.02380,0.82954,76.791,1,60.395,54.5479,31.0177,58.3554
23.8352,0.5079,0.4941,0.00848,0.36483,7.212,3,71.144,24.7397,9.0867,81.1124
24.5634,0.4889,0.3288,0.01059,0.40019,75.950,5,48.339,29.7837,16.8400,77.2616
27.0772,0.4812,0.3879,0.01014,0.40925,43.963,5,42.821,33.0503,7.1391,74.7677
54.1392,0.4606,0.2106,0.02010,0.47500,39.817,4,59.350,35.9697,17.0308,72.5389
49.3314,0.8039,0.4819,0.00878,0.31007,17.795,2,9.580,42.0771,16.7134,67.8762
34.1985,0.4106,0.4953,0.02430,0.85235,29.500,2,90.630,42.6612,20.8328,67.4302
50.8887,1.0668,0.3357,0.01721,0.43555,17.223,5,55.335,38.2982,18.9380,70.7612
41.2869,0.5153,0.2088,0.01294,0.31594,42.489,3,64.636,56.6010,26.4172,56.7879
42.8195,0.8456,0.3205,0.02354,0.59188,15.502,2,71.318,37.0609,24.6174,71.7058
30.0582,0.4943,0.1867,0.02427,0.47043,81.705,2,55.938,27.3499,11.4315,79.1197
42.5837,0.4685,0.4368,0.01758,0.70157,71.171,4,35.817,48.5973,18.2185,62.8983
47.8639,0.5100,0.3285,0.01491,0.50677,5.029,5,82.816,28.6720,21.7012,78.1103
57.0937,0.8418,0.2373,0.02181,0.40591,56.986,4,48.329,53.5499,27.6036,59.1172
37.8487,0.6586,0.1737,0.01764,0.34666,58.861,4,50.942,46.6295,23.2143,64.4007
30.3112,1.0111,0.4695,0.02474,0.74449,0.319,2,89.000,36.8552,24.0270,71.8629
20.5170,1.0254,0.4975,0.00367,0.14794,21.160,4,93.014,40.9279,24.5176,68.7535
24.7207,0.7347,0.3044,0.02006,0.68029,51.964,4,58.238,45.1951,25.1713,65.4957
35.0630,0.9146,0.3169,0.01925,0.58675,54.823,3,63.941,37.6861,9.7817,71.2285
32.8564,0.6008,0.4868,0.00563,0.23008,61.173,2,94.966,32.5231,14.5469,75.1702
23.6147,0.8524,0.4876,0.02437,0.81114,58.564,1,76.712,57.0704,48.6119,56.4295
25.6763,0.5753,0.3934,0.01718,0.68647,44.020,5,72.164,37.4469,22.9123,71.4111
28.0237,0.6923,0.4745,0.02115,0.81297,33.776,4,21.234,47.9004,19.9561,63.4304
25.4363,0.6297,0.4136,0.01536,0.61788,25.669,4,95.577,32.6267,13.2859,75.0911
39.1700,0.9486,0.3901,0.01456,0.47985,58.220,5,10.573,59.6741,29.8134,54.4417
58.2118,1.0182,0.3954,0.01732,0.46945,21.296,1,7.993,37.6330,17.2245,71.2690
33.6696,1.0405,0.3422,0.01917,0.59561,18.315,1,64.036,48.3574,30.9352,63.0815
21.8424,0.6836,0.3127,0.00517,0.18453,43.127,5,45.598,28.5834,18.3694,78.1779
25.2702,0.9620,0.1998,0.00894,0.19957,0.288,4,26.012,29.7187,10.8208,77.3112
45.0151,0.7339,0.4512,0.00993,0.36153,14.856,5,65.162,44.2291,16.0192,66.2333
50.0353,0.8300,0.2548,0.01387,0.32272,24.099,4,12.256,36.6321,27.6906,72.0332
30.8820,0.6821,0.2770,0.01575,0.48787,61.874,2,81.013,59.3794,36.7962,54.6667
53.1436,1.0079,0.1787,0.01246,0.18098,85.910,5,40.664,37.9483,17.5261,71.0283
24.1058,0.9310,0.1720,0.00757,0.15016,61.055,4,10.915,35.3864,19.0253,72.9842
26.9141,0.5455,0.2513,0.00451,0.13817,61.992,4,30.489,48.9559,38.2905,62.6245
48.9886,0.8063,0.3210,0.01219,0.35054,34.776,3,16.756,65.5720,56.7185,49.9390
59.4842,0.6230,0.1901,0.01427,0.26868,46.076,1,60.677,49.2712,22.6139,62.3838
35.4994,0.4193,0.4998,0.01847,0.78423,11.492,3,16.663,29.4879,10.5736,77.4874
54.0174,0.4423,0.1586,0.00368,0.06791,94.855,5,61.140,51.5089,30.8570,60.6754
50.3455,0.8515,0.1984,0.02064,0.36321,59.918,4,8.255,50.8619,17.2896,61.1694
22.3006,0.4821,0.4316,0.01711,0.72388,60.037,2,89.058,35.3337,30.7448,73.0245
28.9592,0.9042,0.3362,0.00910,0.30471,65.509,1,74.298,38.3458,20.2687,70.7248
50.5017,0.5164,0.3156,0.02329,0.65291,27.677,1,41.987,46.5882,13.0101,64.4322
51.3699,0.4755,0.1807,0.02088,0.41359,67.231,3,85.583,80.0763,39.5004,38.8657
29.1834,0.9246,0.4926,0.01655,0.64093,91.431,3,60.169,52.6970,24.1733,59.7684
25.1986,1.0303,0.2476,0.02370,0.53210,44.849,2,34.938,35.1708,19.0877,73.1488
27.9307,1.0487,0.3207,0.01795,0.56427,16.799,5,72.974,44.3830,25.3129,66.1157
33.3496,0.7362,0.3459,0.00378,0.13115,64.971,2,81.325,39.2037,15.9488,70.0699
21.9408,0.5883,0.4032,0.02496,0.81667,70.994,2,35.497,44.8463,22.4911,65.7620
36.4872,1.0124,0.4105,0.01965,0.66350,22.939,4,81.560,34.4319,25.9614,73.7129
46.4229,0.5903,0.4854,0.00550,0.21350,5.761,3,8.624,26.1306,15.1206,80.0506
26.4297,0.4494,0.1923,0.01935,0.48304,40.072,3,46.119,39.4434,20.5848,69.8869
27.2554,0.9672,0.3827,0.01889,0.67564,61.358,2,77.133,53.6126,41.2560,59.0694
28.3463,1.0429,0.2923,0.00367,0.10769,93.476,4,13.175,48.0404,35.4885,63.3235
41.8354,0.7613,0.3041,0.01582,0.47189,52.027,1,11.785,46.4769,27.7736,64.5171
30.7231,0.7969,0.2191,0.00891,0.21744,93.078,2,66.544,59.4480,29.5566,54.6144
44.7320,0.7096,0.4465,0.01568,0.57516,82.203,2,11.811,34.9526,27.3644,73.3154
52.6609,0.4589,0.4990,0.01221,0.48871,75.110,2,54.006,39.2795,23.0721,70.0120
58.1748,0.5523,0.3121,0.00620,0.18966,78.325,5,58.924,33.4080,14.8611,74.4946
21.4699,0.7939,0.2135,0.00494,0.12750,38.136,4,47.146,40.4416,16.6177,69.1248
25.5388,0.5256,0.1624,0.00346,0.07247,1.369,1,46.085,27.9905,10.9381,78.6306
30.8684,0.8821,0.1878,0.01329,0.27177,88.339,3,68.315,43.2270,21.1874,66.9983
47.5132,0.5154,0.3068,0.02381,0.64994,18.229,5,45.700,38.2506,32.0956,70.7975
57.8820,0.4857,0.3109,0.02493,0.63565,35.941,5,85.954,41.7925,18.8539,68.0935
26.1224,0.4245,0.1544,0.01095,0.22465,42.049,5,70.514,26.5466,12.6696,79.7330
50.7400,0.5954,0.2590,0.00307,0.08265,76.574,5,94.516,33.1865,8.4866,74.6637
37.4682,0.9352,0.1776,0.01947,0.34601,55.916,4,39.373,38.0902,27.2286,70.9200
24.6317,0.6625,0.2455,0.01953,0.57611,66.454,5,53.647,45.7743,50.2912,65.0535
42.1623,0.7822,0.3872,0.01780,0.60918,47.183,2,80.630,42.0027,20.0083,67.9330
28.6772,0.9540,0.4103,0.02185,0.73117,86.121,2,37.962,57.9042,28.4351,55.7929
28.9037,0.4437,0.2606,0.01438,0.46312,86.111,3,52.967,31.8691,15.1962,75.6695
50.0872,0.9718,0.2323,0.00868,0.17017,3.353,2,83.059,42.0447,34.4130,67.9009
29.3078,0.8685,0.2467,0.00510,0.13653,78.082,1,21.347,39.8177,33.3913,69.6012
53.0230,0.7776,0.2335,0.00383,0.08279,35.728,5,59.173,32.2664,11.1101,75.3662
51.7175,0.7682,0.3458,0.02056,0.60504,1.342,3,7.716,26.5812,15.5785,79.7066
21.8592,0.8833,0.1726,0.00871,0.17964,52.904,4,19.848,47.5522,34.9568,63.6962
37.4941,1.0627,0.3770,0.02069,0.62947,82.557,4,92.701,29.6882,12.6256,77.3345
44.5958,0.9740,0.4181,0.00985,0.31796,89.637,5,80.784,41.3283,16.5763,68.4479
48.3760,0.9324,0.3007,0.01511,0.38806,29.115,3,28.616,46.3297,28.0505,64.6296
35.2034,0.8803,0.3847,0.00592,0.20455,26.234,3,6.610,39.0387,25.2853,70.1959
39.0711,0.7137,0.1555,0.00632,0.10847,90.917,1,59.278,38.4379,27.0811,70.6545
41.6364,0.5318,0.2255,0.02074,0.51866,64.881,3,87.486,41.7657,19.1856,68.1139
26.0587,0.9938,0.4371,0.00466,0.17592,84.550,3,56.513,43.8022,23.8569,66.5592
54.9057,1.0523,0.2981,0.01681,0.37243,47.021,4,80.347,36.4003,27.9257,72.2102
27.6787,0.6128,0.3347,0.02215,0.73009,91.412,4,59.681,37.2082,17.0709,71.5933
52.3571,0.6518,0.4942,0.00756,0.28110,71.062,3,11.287,45.6655,45.5418,65.1366
28.8101,0.8768,0.1691,0.00994,0.18840,46.354,2,29.807,37.9548,15.5789,71.0233
52.9867,0.5030,0.2720,0.00766,0.22316,1.770,1,34.035,25.0555,11.9371,80.8714
54.8225,0.8330,0.4703,0.01075,0.35976,78.055,4,70.660,41.4851,19.6952,68.3282
39.5165,1.0628,0.4835,0.00691,0.23803,44.266,1,13.241,34.9050,10.6596,73.3517
20.2229,0.4864,0.2539,0.01004,0.32571,60.641,3,41.913,47.4931,18.5466,63.7413
33.5359,0.8260,0.4492,0.01898,0.71593,38.856,4,19.435,56.1799,49.4757,57.1094
31.1835,0.5150,0.4390,0.01346,0.55159,17.690,1,80.004,35.2829,23.3684,73.0633
53.2226,0.5253,0.4997,0.01943,0.75776,62.267,5,84.299,40.1738,19.5805,69.3293
23.1185,0.8851,0.2502,0.00350,0.10009,1.416,3,15.418,32.8147,17.9519,74.9476
45.3117,0.7157,0.2437,0.00481,0.11900,12.452,4,44.221,47.3599,37.4148,63.8430
44.5317,0.7348,0.1645,0.00526,0.09023,69.371,1,62.462,34.3808,20.8906,73.7520
43.6563,0.4221,0.3449,0.01363,0.50197,64.809,5,54.045,43.3247,28.2620,66.9237
34.3175,0.8902,0.2528,0.02076,0.51804,32.929,5,26.066,40.0238,27.3799,69.4438
59.4559,0.8477,0.2914,0.02472,0.47573,30.675,1,77.075,41.4212,17.6784,68.3770
25.6228,0.7622,0.4955,0.00815,0.33343,22.088,1,22.848,43.8173,18.3466,66.5476
21.3769,0.6966,0.3426,0.02306,0.75073,87.657,5,47.622,35.2166,18.5019,73.1138
36.2523,0.7006,0.1508,0.01217,0.20871,21.725,5,26.833,48.1283,23.7908,63.2564
21.2421,0.9087,0.2104,0.01651,0.40946,92.089,1,55.620,41.6680,17.6834,68.1885
20.7173,0.5498,0.3974,0.01806,0.74254,66.689,1,23.714,44.2993,18.2541,66.1796
34.3531,0.6247,0.1904,0.01809,0.40266,35.217,4,70.282,26.9094,12.9318,79.4560
22.7523,0.9647,0.2806,0.02309,0.61571,11.027,4,55.680,28.7734,10.8814,78.0329
32.5511,0.9984,0.3856,0.00943,0.32103,87.627,4,48.393,37.1178,13.7395,71.6623
53.3214,0.4773,0.3283,0.02499,0.67446,3.030,5,46.594,30.2207,15.4758,76.9280
28.0941,0.9765,0.2934,0.00860,0.25906,47.489,1,67.019,30.7764,11.6963,76.5037
44.3884,0.6713,0.3972,0.00400,0.14258,90.405,2,17.037,40.3765,15.9175,69.1745
27.4770,0.6265,0.3584,0.00342,0.12910,89.873,4,13.672,66.5440,78.5127,49.1969
58.3659,0.6337,0.4476,0.00633,0.22418,92.664,5,89.671,55.0437,31.2662,57.9768
45.0094,0.8017,0.2223,0.01383,0.30171,84.622,3,37.533,54.3938,31.6720,58.4730
47.0777,0.4064,0.4839,0.00516,0.21217,71.689,2,32.496,40.3721,22.9382,69.1778
39.5968,0.5414,0.3574,0.00373,0.13619,37.301,5,14.760,39.8182,11.3950,69.6008
34.4640,0.4253,0.1842,0.01436,0.33509,0.691,3,79.594,28.8731,8.9282,77.9568
49.2262,0.7638,0.1846,0.02168,0.36119,85.954,3,32.556,39.1307,15.7110,70.1256
20.2882,0.4361,0.2791,0.02275,0.70296,70.028,5,83.991,30.1932,14.1221,76.9489
46.4307,0.7285,0.1836,0.01834,0.34396,86.511,4,46.216,35.2154,19.9401,73.1148
50.8231,0.7261,0.4851,0.01801,0.65188,19.292,3,77.364,48.7074,19.2717,62.8143
59.6030,0.6909,0.2251,0.00801,0.16822,84.682,1,93.193,46.9108,31.7357,64.1859
35.8126,0.4644,0.4299,0.00932,0.37889,87.327,2,42.446,49.5081,40.5801,62.2030
39.3570,0.4027,0.1666,0.01527,0.32063,31.407,2,82.634,48.8727,33.5289,62.6881
26.7893,0.9959,0.4983,0.01471,0.57153,64.921,4,56.682,46.5639,32.0611,64.4507
49.6253,0.6520,0.1792,0.02134,0.37389,11.925,5,18.573,36.7719,23.2762,71.9264
25.0792,0.9017,0.3691,0.00738,0.26807,31.434,4,89.018,46.0033,27.6008,64.8787
49.2353,0.5929,0.2134,0.01533,0.35028,44.467,3,44.670,29.5915,11.6844,77.4083
30.5361,0.7951,0.3281,0.02351,0.67357,0.982,2,35.067,30.0106,21.8003,77.0883
49.1067,0.5931,0.3072,0.01931,0.59976,0.622,1,78.103,24.5096,16.5189,81.2881
38.7367,0.7453,0.1672,0.01405,0.25458,12.540,3,55.091,27.5701,8.9982,78.9515
41.1675,0.4798,0.3454,0.01870,0.68069,17.697,2,18.152,29.1777,11.7907,77.7242
59.0274,0.8548,0.2613,0.01625,0.35086,14.975,4,30.162,40.9448,24.5076,68.7406
37.8751,0.8826,0.3165,0.02142,0.60176,49.734,1,78.444,34.8763,16.1132,73.3737
37.6353,0.7566,0.4681,0.01103,0.41939,75.476,3,17.772,38.0197,26.5971,70.9738
39.7776,0.7247,0.4143,0.00682,0.24885,0.158,4,35.221,42.3031,19.3575,67.7037
48.0413,0.7242,0.3763,0.02349,0.66575,62.086,1,67.718,31.7168,16.2399,75.7857
33.2485,0.6984,0.2462,0.01915,0.52717,20.087,3,7.057,52.8087,38.7610,59.6831
34.6359,0.8125,0.4006,0.01275,0.46034,39.953,2,64.918,49.7425,27.3336,62.0241
35.7107,0.9149,0.2043,0.01891,0.39361,20.925,2,23.541,32.7357,15.4357,75.0079
57.6027,0.6411,0.2534,0.01946,0.47786,68.113,5,62.111,36.3292,12.4578,72.2644
43.4395,0.6748,0.3858,0.02450,0.70668,37.175,5,52.494,47.7152,23.0534,63.5718
53.7863,0.7478,0.3660,0.00770,0.24042,72.143,2,25.133,39.6927,14.6449,69.6966
46.0513,0.8614,0.3543,0.01030,0.31520,14.988,5,77.107,41.5546,18.0049,68.2751
44.5573,1.0307,0.2083,0.00480,0.08731,85.075,1,17.571,46.7065,18.4767,64.3419
41.3728,0.4433,0.3158,0.02333,0.70110,30.953,4,26.750,45.0250,22.9865,65.6256
26.6997,0.9471,0.1654,0.00344,0.06376,22.019,5,88.748,37.3189,20.8744,71.5089
52.2209,0.8659,0.4331,0.01345,0.43655,81.077,1,72.300,46.6405,25.6440,64.3923
41.1981,1.0684,0.4207,0.00390,0.12514,79.227,3,55.481,40.5817,24.4308,69.0179
47.7353,0.5024,0.2188,0.00883,0.21901,63.225,2,68.617,37.3001,16.1078,71.5232
50.9097,0.5265,0.1510,0.02138,0.34099,46.795,5,42.745,30.4143,14.9882,76.7802
27.8441,0.8464,0.2832,0.01233,0.37712,89.190,4,87.238,60.7976,52.7211,53.5840
20.6595,0.4653,0.3098,0.01300,0.48479,21.504,5,6.758,41.5006,29.1568,68.3163
23.8980,1.0794,0.3951,0.01963,0.71394,38.812,2,49.402,33.9647,22.0671,74.0696
30.9293,1.0257,0.4830,0.01592,0.59222,44.379,3,57.497,52.1958,63.4037,60.1510
29.2149,0.8616,0.4496,0.00870,0.33405,22.380,5,71.367,28.7172,15.9629,78.0758
48.2675,0.8876,0.2941,0.01260,0.32612,66.269,2,27.402,39.9166,20.7534,69.5256
53.5159,1.0188,0.3712,0.01842,0.50140,77.618,3,85.059,34.7554,17.3211,73.4659
37.9826,0.4714,0.1724,0.01426,0.30194,16.042,5,78.694,32.9072,12.8140,74.8769
27.5885,0.6523,0.1674,0.02459,0.40899,77.782,4,14.500,36.2076,18.8824,72.3573
53.4934,0.9349,0.1545,0.00693,0.09247,0.554,2,76.025,38.2559,21.7108,70.7935
43.0221,1.0036,0.3568,0.00405,0.11966,61.070,4,95.984,45.8378,40.2645,65.0051
53.9652,0.5743,0.4799,0.00455,0.17207,64.522,2,51.105,52.2694,20.4717,60.0949
51.1727,0.4395,0.2890,0.01748,0.55650,11.857,4,69.952,42.6076,27.8132,67.4712
41.4392,0.4206,0.3894,0.01637,0.64135,29.568,1,34.758,37.4632,19.4931,71.3987
58.9682,0.9679,0.1965,0.00322,0.04924,78.353,1,24.368,48.6978,34.6730,62.8216
47.1600,1.0660,0.4914,0.00881,0.28635,60.933,2,69.268,30.9316,8.7708,76.3852
49.8989,0.4029,0.2458,0.02082,0.57401,28.304,1,61.434,45.0472,20.2314,65.6087
36.4132,0.9301,0.4847,0.02487,0.73490,3.463,2,13.779,34.0614,22.0766,73.9958
53.3741,0.6492,0.4932,0.02403,0.74049,55.743,4,45.668,31.3075,13.0573,76.0983
35.9211,1.0821,0.4063,0.01480,0.48829,42.304,5,76.508,42.2470,19.4152,67.7465
33.9623,0.7404,0.1659,0.00941,0.17618,75.339,4,67.661,39.4648,20.5586,69.8705
39.8270,0.5388,0.3740,0.01242,0.46270,14.355,3,53.459,35.3167,20.3071,73.0374
57.6164,1.0409,0.2301,0.02203,0.34125,72.532,4,10.152,65.6753,87.5218,49.8601
43.1216,0.6700,0.4804,0.02301,0.76488,41.525,2,65.912,47.3183,21.1416,63.8748
40.3730,1.0856,0.3721,0.02254,0.60173,7.394,1,91.329,39.5980,39.8502,69.7689
35.6453,0.8771,0.2175,0.01054,0.23665,89.557,4,11.721,44.5317,28.3303,66.0022
52.3334,0.8590,0.1547,0.02206,0.28319,49.286,5,17.387,42.4458,21.4697,67.5947
48.4947,0.5893,0.4881,0.02235,0.77125,80.896,4,55.969,31.8417,18.6473,75.6904
57.1146,0.7201,0.4810,0.01606,0.56266,26.993,1,75.779,36.8993,12.6116,71.8292
35.1478,0.8202,0.3095,0.01266,0.39281,39.563,5,43.051,34.3068,18.3227,73.8084
58.5747,0.9969,0.3541,0.01055,0.26785,34.079,4,45.077,35.3344,21.8726,73.0239
26.0157,0.8460,0.3682,0.00466,0.17017,44.957,4,68.221,41.1215,20.8854,68.6057
37.2220,0.4248,0.2667,0.00587,0.18733,84.903,3,22.205,48.0215,23.7013,63.3379
36.2909,0.9250,0.3465,0.01390,0.44278,5.142,5,75.785,41.7192,20.7182,68.1495
31.5090,0.7395,0.1942,0.00407,0.09007,60.084,3,75.017,43.3868,47.2483,66.8763
43.9249,0.6685,0.4002,0.00885,0.31757,0.222,2,43.926,29.0331,17.4866,77.8347
24.1180,0.6607,0.3356,0.01256,0.46258,3.421,4,19.001,30.2029,13.7835,76.9416
42.8685,0.7405,0.3606,0.00825,0.27523,66.523,5,49.751,29.3915,21.2631,77.5610
52.8523,0.6641,0.4739,0.00829,0.30252,84.707,1,9.853,40.7236,18.0682,68.9095
57.3313,1.0185,0.3602,0.01103,0.28301,39.498,2,79.433,39.5324,28.0576,69.8189
47.8798,0.8661,0.3009,0.01708,0.45717,13.838,1,21.115,39.8295,20.2771,69.5921
56.1703,0.9884,0.3844,0.01262,0.34864,25.323,2,45.442,43.5570,32.5732,66.7464
47.8033,0.8245,0.3744,0.00765,0.24292,1.269,4,78.636,36.2138,27.0961,72.3526
59.5035,0.4460,0.4660,0.00408,0.15840,54.090,4,21.399,58.8410,69.4315,55.0777
47.3528,1.0803,0.4964,0.01239,0.40099,47.006,5,7.561,59.0724,76.7552,54.9011
59.9972,0.4250,0.4359,0.01012,0.38911,16.731,5,87.368,39.9638,25.0474,69.4896
55.8658,0.6799,0.4376,0.01606,0.55877,86.045,2,73.122,50.6240,40.9622,61.3510
56.6323,0.6039,0.2838,0.02190,0.55692,20.402,3,64.870,32.6119,15.4757,75.1024
38.4370,1.0962,0.3123,0.01751,0.47437,88.711,4,65.873,27.4497,8.4563,79.0435
43.8838,0.6209,0.2064,0.02046,0.45150,69.177,4,50.204,41.3971,25.9251,68.3953
53.9066,0.7855,0.3698,0.00759,0.23360,15.162,1,42.368,20.5118,6.4085,84.3402
20.1381,0.7390,0.4152,0.02307,0.81056,31.040,3,92.741,44.6078,23.7328,65.9441
43.5211,1.0289,0.3029,0.02009,0.51613,28.216,5,39.694,58.0816,36.5737,55.6575
44.5826,0.6439,0.2723,0.02413,0.56765,28.976,3,57.144,39.3145,38.8940,69.9853
34.3760,0.8700,0.1607,0.02099,0.34391,13.859,5,57.307,36.2666,16.2710,72.3122
42.6874,1.0643,0.3051,0.00437,0.11242,11.969,2,48.663,29.3180,12.6135,77.6171
47.1764,1.0943,0.4101,0.01098,0.32536,28.333,2,72.469,40.9635,21.4405,68.7264
46.7740,0.4452,0.4490,0.01478,0.59091,33.951,5,28.859,50.7225,35.6072,61.2758
33.7139,0.9315,0.4216,0.00746,0.26687,24.030,4,84.500,38.8544,22.7404,70.3366
31.7325,0.8582,0.3948,0.02026,0.72210,87.524,3,42.847,46.7057,33.5081,64.3424
51.8092,1.0428,0.3386,0.00602,0.15396,34.872,2,40.231,49.1062,19.5427,62.5098
25.7329,1.0795,0.2622,0.02216,0.54728,70.877,1,8.388,43.0365,15.1786,67.1437
30.1107,0.4036,0.4325,0.02278,0.84002,53.452,2,88.102,25.6825,10.0734,80.3927
50.7107,1.0905,0.2459,0.00778,0.14834,89.327,4,81.576,41.3851,15.7977,68.4045
27.1997,0.8682,0.4939,0.01834,0.72815,57.154,5,73.806,53.7527,38.4386,58.9624
52.6806,0.9280,0.3384,0.01947,0.52738,86.663,4,49.983,46.1785,33.9271,64.7449
58.6481,0.6549,0.1914,0.00303,0.05648,56.405,5,84.804,49.0223,23.3568,62.5738
24.6972,1.0741,0.4896,0.01892,0.73206,74.786,2,76.123,31.4224,13.4226,76.0105
40.5040,0.9663,0.1948,0.01238,0.22892,66.813,2,65.484,33.7780,13.0024,74.2122
38.4119,0.9819,0.4025,0.01315,0.43760,52.528,4,45.736,43.8501,20.9818,66.5226
43.7966,0.4465,0.3607,0.01110,0.41392,53.050,3,91.283,42.6191,28.9834,67.4624
50.5315,0.7322,0.3026,0.01851,0.52359,13.990,4,28.342,31.2864,14.0977,76.1144
28.6828,0.4130,0.3406,0.02146,0.77162,68.003,2,41.888,36.8728,13.7771,71.8494
44.4309,1.0089,0.2983,0.02386,0.50989,31.656,1,48.736,42.4131,27.8067,67.6197
51.9730,1.0141,0.4019,0.02132,0.58212,90.274,3,14.815,31.1788,18.0089,76.1965
20.0793,0.7038,0.2870,0.02003,0.67928,74.222,1,88.663,32.7825,8.1349,74.9722
33.0375,0.6776,0.3387,0.01742,0.61003,66.006,3,16.358,55.4938,62.2224,57.6332
33.6196,0.7292,0.3120,0.02031,0.65205,7.360,1,9.758,24.3043,12.3367,81.4448
30.9706,0.4418,0.4780,0.02077,0.84880,72.395,5,34.667,34.1411,22.4548,73.9349
52.6057,0.4492,0.4488,0.02113,0.78478,55.974,3,33.707,45.2816,46.2621,65.4297
33.4135,0.5601,0.1571,0.01201,0.23054,44.540,3,40.804,48.7457,28.1362,62.7850
53.2610,0.9556,0.2952,0.01894,0.45026,42.672,3,21.777,55.9049,25.4463,57.3193
46.1793,0.4161,0.1712,0.01354,0.28167,57.016,3,72.860,78.0509,59.6646,40.4120
36.4390,0.7555,0.3138,0.00595,0.18906,70.634,2,6.646,45.8286,31.7830,65.0121
28.7310,0.5320,0.4050,0.01905,0.76663,39.878,5,21.366,45.5579,17.5668,65.2188
55.1748,0.9654,0.3769,0.00960,0.26792,86.775,5,70.990,39.5027,31.1207,69.8416
38.2024,0.7687,0.1823,0.02367,0.39034,34.046,1,10.330,41.7106,25.6911,68.1560
30.0250,0.5309,0.2353,0.00649,0.18596,9.406,5,43.350,30.5465,10.3444,76.6793
58.3025,0.8383,0.2383,0.02035,0.40402,14.417,3,18.315,33.6516,16.7887,74.3086
39.7133,0.5920,0.3595,0.01517,0.54471,86.731,5,7.187,21.9555,10.8836,83.2381
36.7179,0.6305,0.2638,0.01495,0.43745,78.170,4,49.869,35.1153,7.3338,73.1912
23.1012,0.4593,0.2774,0.01312,0.45189,40.817,3,48.991,38.6879,26.2436,70.4636
28.0039,1.0581,0.4689,0.00950,0.35599,21.821,4,65.400,29.6993,8.8557,77.3260
31.4454,0.6633,0.3668,0.01342,0.49627,14.251,5,77.994,29.3814,14.1949,77.5687
22.1448,0.4690,0.4088,0.00711,0.29729,9.243,2,85.707,38.8947,14.2136,70.3058
54.5252,0.6749,0.2828,0.01433,0.38629,85.621,4,86.397,32.7247,14.3492,75.0163
36.7267,0.8020,0.3030,0.02373,0.60805,1.302,2,63.090,24.2138,7.6101,81.5139
23.5595,0.9713,0.4020,0.00486,0.18242,25.364,2,94.109,39.5678,18.8160,69.7919
29.5296,0.9724,0.3385,0.01784,0.58512,19.752,3,34.820,25.3777,9.6828,80.6254
32.4277,0.8060,0.4697,0.02290,0.77269,10.609,4,42.470,26.8096,7.9522,79.5322
27.9944,0.6005,0.2680,0.01006,0.31749,89.012,1,53.201,35.9044,14.4534,72.5887
56.8047,0.5452,0.4040,0.02228,0.71541,80.406,1,84.868,38.5333,24.5433,70.5817
21.6800,0.5192,0.1661,0.02155,0.43755,87.953,1,46.939,29.9206,15.1314,77.1571
57.9017,0.7797,0.3115,0.01641,0.43697,33.379,5,19.996,35.0657,11.7319,73.2291
41.8524,0.6711,0.4823,0.02145,0.76982,38.991,5,64.573,51.4703,29.8422,60.7049
55.0763,0.6317,0.4115,0.01244,0.43377,50.390,1,10.671,30.5374,11.7403,76.6862
29.3365,0.6325,0.3130,0.02065,0.69182,7.915,2,31.892,23.1241,12.1846,82.3459
44.9246,0.6913,0.2711,0.02060,0.55137,9.020,5,14.250,54.3693,45.5297,58.4917
50.8986,0.9977,0.2641,0.01687,0.36341,60.374,5,82.256,38.6269,19.5575,70.5102
30.6797,0.9843,0.4155,0.00930,0.33378,90.435,5,94.645,36.9280,29.8474,71.8072
50.4472,1.0895,0.4269,0.00464,0.13634,72.855,1,49.773,43.0309,18.6535,67.1480
45.4023,0.5577,0.2290,0.01910,0.48552,56.861,1,70.766,61.8916,48.8695,52.7487
55.0164,0.7480,0.4213,0.00492,0.16385,45.501,1,53.529,51.6114,27.9382,60.5972
43.7348,0.8483,0.3100,0.01385,0.39664,65.475,5,76.616,41.4258,25.2838,68.3734
28.3825,0.7972,0.1560,0.00548,0.09945,56.756,4,12.682,35.2572,16.9772,73.0828
41.0696,0.9403,0.2950,0.00664,0.17952,25.639,4,11.555,35.8952,30.0341,72.5957
30.4568,0.8817,0.2829,0.02178,0.59099,8.526,3,44.993,32.5722,10.7793,75.1327
46.3474,0.7312,0.3965,0.01601,0.55070,95.156,4,62.566,46.9073,33.5833,64.1885
47.0593,1.0658,0.1971,0.01552,0.25535,28.841,5,26.586,45.9988,31.0856,64.8821
46.2233,0.9400,0.4117,0.00873,0.28019,35.465,5,88.877,36.4267,13.2582,72.1900
20.8896,0.9128,0.3562,0.02339,0.73614,63.543,3,74.425,39.9958,17.9248,69.4652
28.2165,0.6366,0.3932,0.01985,0.77333,93.199,1,56.985,37.8145,18.9853,71.1305
43.3486,0.5190,0.3349,0.01264,0.44174,39.537,1,48.975,41.3286,23.6300,68.4476
22.9588,0.8405,0.2254,0.01983,0.52432,55.643,3,48.906,45.7086,25.0356,65.1037
59.6894,0.9863,0.1894,0.02285,0.28940,0.755,5,39.567,29.2153,22.3267,77.6955
55.4333,0.5705,0.4035,0.00477,0.16942,8.240,2,77.511,40.0935,22.7535,69.3906
23.2904,0.9835,0.4994,0.01636,0.65258,36.744,2,20.251,38.2998,25.3265,70.7599
28.5055,0.9856,0.2245,0.01912,0.45580,62.624,5,83.617,28.6771,11.2853,78.1064
20.1325,1.0142,0.4109,0.01050,0.40500,27.931,2,22.725,41.5266,23.4750,68.2964
32.7326,0.5681,0.2484,0.01465,0.42789,76.635,4,68.193,30.9368,6.2189,76.3813
49.7460,0.7770,0.1856,0.01631,0.29259,84.999,4,80.134,48.1666,18.1538,63.2271
41.0025,0.6359,0.3565,0.00544,0.18997,22.304,1,90.966,38.8927,17.8621,70.3073
39.0282,0.5818,0.3099,0.00546,0.18114,80.816,3,74.149,38.9411,15.5516,70.2704
35.5176,0.5477,0.3553,0.00386,0.14243,91.704,1,36.056,44.1926,19.0309,66.2611
59.8450,0.4410,0.4160,0.02017,0.75202,19.679,3,48.214,28.2775,10.2019,78.4115
48.3154,1.0108,0.2727,0.01351,0.30547,26.022,4,84.731,36.2434,11.8061,72.3300
56.7784,0.9871,0.3448,0.01335,0.34023,90.602,4,74.470,39.3303,20.3758,69.9732
32.3774,0.7264,0.1537,0.00779,0.13844,62.719,3,88.500,42.5272,27.0738,67.5325
34.8931,0.8988,0.1698,0.00361,0.06411,30.529,2,76.956,39.4943,20.7299,69.8480
25.1144,0.9396,0.3733,0.01452,0.52593,71.563,5,31.511,36.6271,10.0884,72.0370
27.8839,0.8953,0.3499,0.00949,0.32893,71.255,4,52.236,48.4209,54.1960,63.0330
42.8601,0.8396,0.4205,0.00589,0.20351,57.625,4,52.361,37.7563,12.6438,71.1749
23.4522,0.9658,0.4062,0.01172,0.44273,73.291,3,63.147,25.2143,7.0351,80.7501
24.6180,0.9531,0.3615,0.00734,0.26194,61.283,2,54.117,55.1744,54.1554,57.8770
53.1931,1.0244,0.1619,0.01989,0.26214,9.508,3,55.429,36.4832,17.2273,72.1469
48.5119,0.4541,0.3928,0.02393,0.75948,84.871,3,46.171,68.9970,54.0845,47.3242
31.9932,1.0030,0.2684,0.00875,0.23381,69.325,5,55.016,35.5947,24.4632,72.8252
39.4610,0.4478,0.2736,0.00343,0.10975,66.754,5,61.759,36.9748,21.0685,71.7715
55.7453,0.8639,0.3195,0.02393,0.52428,20.309,5,51.856,30.3463,14.5549,76.8321
59.7395,0.9175,0.2889,0.01293,0.29000,91.631,3,36.537,36.3319,13.5424,72.2624
43.2196,0.5021,0.3190,0.00655,0.22405,45.593,3,74.320,42.3582,20.1266,67.6615
21.7846,0.8478,0.4550,0.01902,0.76874,9.786,5,70.714,34.9997,14.4879,73.2794
31.8386,0.8537,0.4283,0.00798,0.29756,64.628,1,64.592,54.5146,27.3346,58.3808
39.8538,0.4761,0.3578,0.01066,0.39746,11.371,3,53.883,27.2181,17.9352,79.2203
47.5590,0.9904,0.4900,0.01886,0.62920,10.251,2,95.083,35.9732,14.6760,72.5362
22.9665,1.0754,0.2729,0.01171,0.34200,87.600,5,46.582,34.3448,18.3477,73.7794
48.2072,0.8294,0.1875,0.01144,0.20361,24.182,3,70.319,93.9584,169.7773,28.2674
57.1201,0.9254,0.2769,0.02371,0.44112,2.971,1,44.580,28.2270,13.5219,78.4501
39.6669,0.7906,0.4275,0.02183,0.72281,22.474,5,47.897,44.4900,25.7750,66.0341
53.0128,1.0450,0.2291,0.01150,0.20565,36.955,3,48.944,30.9593,10.0816,76.3641
35.8354,1.0769,0.2717,0.02213,0.50238,54.379,4,89.323,54.7088,32.8227,58.2325
55.7788,0.9381,0.1794,0.01396,0.20726,92.114,4,6.287,52.1992,31.5601,60.1485
50.2206,0.6969,0.3259,0.00850,0.25921,11.772,5,22.803,36.9792,17.4922,71.7682
32.4127,0.7286,0.4553,0.01803,0.70480,45.986,4,36.485,32.7417,16.6853,75.0033
26.6011,0.8030,0.4662,0.01618,0.64502,21.187,4,47.260,58.4836,20.5640,55.3506
47.5200,1.0525,0.4736,0.00818,0.26291,29.326,4,90.069,39.5822,31.5242,69.7809
38.8832,0.9132,0.2900,0.02409,0.55118,21.916,3,55.055,37.4807,18.7803,71.3853
42.4602,0.8304,0.2663,0.00456,0.11782,55.076,3,68.511,38.2199,22.6079,70.8209
25.0360,0.7846,0.4126,0.02281,0.78042,74.680,2,93.447,36.7391,19.0663,71.9515
41.4079,0.9668,0.2330,0.02221,0.43292,22.732,2,59.466,35.4191,20.3949,72.9592
21.7701,0.9612,0.2077,0.01976,0.47505,93.766,1,89.283,44.3994,36.1709,66.1032
42.9586,0.4987,0.4690,0.00542,0.21799,28.718,3,9.418,33.2133,15.7255,74.6433
29.7207,0.7587,0.4852,0.01869,0.74614,17.866,3,57.058,31.5857,15.4567,75.8858
44.5725,0.6333,0.2788,0.02468,0.58167,27.839,2,60.191,49.3783,20.8115,62.3021
52.8062,1.0955,0.3946,0.00518,0.14155,55.325,2,78.996,43.6145,17.8720,66.7024
41.5956,0.8008,0.3184,0.00672,0.20388,53.799,1,51.126,37.6680,19.4101,71.2423
46.2275,1.0448,0.4733,0.01730,0.56382,50.767,4,34.204,44.0096,18.9309,66.4008
43.6373,0.5971,0.1577,0.01126,0.20059,95.977,2,75.046,48.0116,22.7620,63.3455
21.5008,1.0611,0.2694,0.00823,0.24282,76.471,1,58.556,42.8367,23.2709,67.2962
20.3718,0.6706,0.4486,0.00448,0.18688,48.840,1,12.578,31.7725,18.3089,75.7433
58.1338,0.7457,0.4188,0.02379,0.65283,10.563,1,13.887,36.8131,11.4296,71.8950
38.0196,0.6785,0.4330,0.00335,0.12733,2.094,5,79.294,30.5414,14.8599,76.6831
58.7352,1.0189,0.2477,0.01290,0.23657,55.874,5,20.075,41.6508,13.6428,68.2017
24.0216,0.8643,0.2972,0.01115,0.36299,50.086,5,75.661,47.3893,24.0358,63.8206
41.3116,0.6454,0.1714,0.01482,0.28261,7.751,5,61.645,32.4797,13.3718,75.2033
44.9375,0.5049,0.4735,0.01488,0.59429,36.009,4,63.918,47.6035,23.6784,63.6570
29.7598,0.7417,0.2586,0.01291,0.37447,86.243,5,36.027,39.9789,19.3005,69.4781
46.2513,0.8100,0.3820,0.02233,0.65354,68.162,5,15.935,42.2777,34.1482,67.7231
57.7313,0.6133,0.2434,0.02448,0.48223,79.805,5,86.836,37.8888,19.8777,71.0738
40.8970,0.8257,0.3864,0.01595,0.54062,10.922,5,25.432,39.8193,20.4271,69.5999
58.9474,0.9762,0.2850,0.01599,0.34289,51.437,4,71.246,58.2627,25.0888,55.5192
59.8139,0.8378,0.2782,0.00572,0.13125,91.665,1,71.411,35.0469,16.8755,73.2434
30.2126,0.7852,0.2613,0.02489,0.57427,26.565,4,82.619,26.1246,12.8231,80.0551
49.4735,0.5884,0.3887,0.02052,0.71249,4.223,2,66.599,22.8263,13.9268,82.5733
43.5983,1.0615,0.4816,0.02407,0.66590,67.021,5,20.615,37.8187,21.7783,71.1273
50.8127,0.4232,0.3515,0.01437,0.52168,24.456,5,34.351,54.5353,25.3533,58.3649
29.9847,0.9778,0.4870,0.00899,0.34138,72.315,2,31.559,40.8011,23.2712,68.8503
25.5867,0.9086,0.4580,0.00559,0.21870,83.935,5,46.065,36.3479,13.3148,72.2501
55.4841,0.9182,0.1910,0.00812,0.12970,42.726,1,82.982,50.8250,31.7293,61.1976
32.7807,0.4051,0.3795,0.00573,0.22924,51.854,2,15.214,33.8416,17.9906,74.1636
31.8227,0.6559,0.3651,0.02350,0.73792,79.872,5,49.523,44.1352,21.7823,66.3049
55.5430,0.6731,0.2624,0.00549,0.13818,80.615,2,69.425,36.5223,24.9793,72.1170
43.4427,0.8145,0.1715,0.01829,0.31538,6.979,3,15.829,31.5048,12.9859,75.9476
50.9695,1.0483,0.3710,0.00469,0.12887,52.227,4,59.438,35.2163,13.5440,73.1141
39.8817,1.0154,0.3806,0.00813,0.25616,59.044,4,81.601,39.3407,13.7714,69.9653
48.1780,0.6355,0.3581,0.01913,0.64488,87.024,4,75.064,34.8436,20.1225,73.3986
54.1942,0.9848,0.3821,0.00511,0.14368,38.942,3,33.906,45.4933,29.8521,65.2680
45.7623,0.9013,0.3937,0.00351,0.11226,46.535,3,19.520,37.5697,26.1743,71.3174
29.5521,0.5197,0.4499,0.02295,0.82830,4.821,4,72.099,23.3569,16.6017,82.1681
35.2389,0.4446,0.3034,0.02291,0.69957,22.845,5,65.602,34.2928,15.6562,73.8191
54.5912,0.6667,0.2882,0.02014,0.54983,3.236,2,14.009,32.3268,11.7331,75.3201
38.6792,0.7944,0.1732,0.01132,0.20742,48.756,2,79.163,36.1796,18.6927,72.3786
28.0417,0.6930,0.4527,0.01768,0.71086,22.336,2,37.605,38.7080,20.0099,70.4483
58.1478,0.6221,0.3816,0.00333,0.11091,33.356,3,60.317,38.9895,20.0393,70.2334
53.1504,0.5608,0.2740,0.02093,0.56668,10.793,1,82.736,27.1951,16.8931,79.2378
23.0171,0.7637,0.3170,0.00551,0.19307,66.485,5,40.332,25.0648,6.7090,80.8642
48.6952,0.9327,0.2085,0.01305,0.24030,63.269,4,60.778,46.2615,43.1079,64.6816
31.2994,0.9653,0.3495,0.01701,0.56120,20.060,5,84.821,29.4214,15.1879,77.5382
46.0098,0.7334,0.3844,0.01994,0.67670,63.310,2,38.633,32.3690,9.2034,75.2878
27.4812,0.6905,0.3451,0.01483,0.53998,19.323,4,34.284,44.8722,25.0313,65.7423
27.0947,0.5801,0.2535,0.00783,0.23906,7.111,2,28.176,49.6365,31.2155,62.1049
47.6940,0.5052,0.4539,0.01821,0.71322,30.470,1,67.468,36.3253,18.4000,72.2674
44.8697,1.0911,0.4055,0.02492,0.60310,33.289,3,51.351,45.0671,26.7566,65.5934
30.7661,1.0669,0.3026,0.01581,0.46034,67.524,5,55.295,42.7125,26.7316,67.3911
42.0864,0.5358,0.2939,0.00627,0.20100,57.526,3,14.310,49.2166,39.2341,62.4255
23.1386,0.6487,0.4184,0.02120,0.81280,60.694,3,22.528,44.2347,28.5515,66.2289
29.7419,0.8154,0.4670,0.01173,0.45866,58.368,5,88.794,41.0516,13.4732,68.6591
30.9538,0.5616,0.2678,0.01033,0.32440,93.450,1,92.951,34.6967,21.6621,73.5107
25.2518,0.7167,0.2488,0.01141,0.33382,86.240,2,81.112,61.2360,18.1969,53.2493
37.1901,0.6844,0.2063,0.01504,0.34490,32.875,3,10.856,28.5786,18.2647,78.1817
58.4674,0.6419,0.2676,0.01187,0.30385,75.102,4,66.932,33.6132,24.6240,74.3380
29.8533,0.8919,0.1689,0.01629,0.30368,68.490,3,32.779,57.2098,50.7759,56.3231
33.2716,0.5323,0.4873,0.01692,0.70107,73.760,3,16.502,41.5849,18.1140,68.2520
41.3547,1.0241,0.3743,0.00661,0.20267,39.795,3,51.734,52.4491,38.5231,59.9577
23.9349,0.7272,0.3882,0.00359,0.13971,75.140,1,60.242,47.3960,30.3054,63.8155
23.4240,0.8797,0.3196,0.01510,0.51658,31.620,4,47.948,28.8764,16.7967,77.9543
37.9415,0.4079,0.1710,0.01281,0.27653,58.401,1,34.347,45.6283,28.5877,65.1650
43.6727,0.8123,0.3297,0.00598,0.18192,19.644,1,51.649,34.6921,22.1255,73.5143
33.4504,0.4285,0.2395,0.00648,0.19217,67.651,1,14.891,34.7952,17.3306,73.4356
39.0513,1.0301,0.3871,0.01392,0.44348,85.325,3,25.830,44.0466,34.1497,66.3725
39.8046,0.8626,0.1587,0.00839,0.13606,18.679,2,79.874,53.4129,46.9229,59.2218
53.2916,1.0681,0.3790,0.01497,0.40278,78.927,1,39.791,53.2868,40.2563,59.3181
29.9874,0.4735,0.4366,0.01419,0.58853,79.719,3,92.639,36.4155,16.1838,72.1985
43.4797,1.0817,0.4293,0.01535,0.48456,36.146,1,55.838,45.1773,22.6932,65.5094
55.4077,0.7874,0.1826,0.02448,0.33455,40.168,5,68.085,58.4293,29.8707,55.3921
28.6468,0.5223,0.3855,0.00919,0.36432,60.190,3,70.898,38.4427,26.5642,70.6509
54.3386,0.5524,0.2261,0.01073,0.25698,59.118,1,30.059,48.4853,44.4998,62.9838
42.0680,0.9796,0.4793,0.02282,0.69298,69.469,2,56.255,39.6490,20.9320,69.7299
43.1668,0.6680,0.1636,0.01673,0.29834,2.424,5,44.330,22.1489,13.8362,83.0904
21.5236,0.6073,0.4300,0.00914,0.37956,33.912,1,8.590,37.7438,12.6556,71.1845
24.3585,0.6180,0.3616,0.01221,0.47052,82.062,2,44.561,30.9202,13.3679,76.3939
56.5464,0.4488,0.3818,0.02233,0.73192,68.671,1,29.323,33.1181,13.3426,74.7159
30.8376,0.4179,0.4279,0.01540,0.64167,23.703,3,17.075,48.3346,31.8412,63.0989
47.9143,0.8057,0.4473,0.02264,0.69469,14.648,2,27.221,41.2973,36.5222,68.4716
32.3360,0.4699,0.1941,0.01480,0.35996,48.878,2,52.790,62.9867,49.7007,51.9127
54.6398,0.7327,0.3238,0.02316,0.57774,35.779,1,16.178,31.7177,12.5065,75.7850
38.7645,0.8389,0.3390,0.01884,0.59966,47.713,5,77.483,47.3849,35.6085,63.8240
53.0994,0.9140,0.2111,0.02091,0.36030,48.377,3,37.831,45.6174,20.3647,65.1733
43.6450,0.5063,0.4229,0.00716,0.27853,47.880,3,88.961,40.5372,21.6714,69.0518
54.9786,0.7037,0.2781,0.02446,0.52073,72.173,3,75.572,45.4806,29.0985,65.2777
26.1127,0.6370,0.2659,0.00630,0.19782,15.176,4,59.498,30.0854,13.3680,77.0312
28.7057,1.0119,0.3750,0.02135,0.69174,67.687,1,47.817,37.9425,13.4269,71.0328
59.2339,0.5776,0.4809,0.01650,0.61066,66.325,4,87.581,43.6644,33.4257,66.6644
32.1168,1.0727,0.3418,0.01245,0.38810,31.033,3,44.952,54.2279,35.1570,58.5996
42.2052,0.8232,0.2170,0.00569,0.12303,49.108,4,26.975,32.5087,16.0679,75.1812
28.7667,0.9662,0.2730,0.01496,0.42463,8.499,4,57.992,28.4360,11.8626,78.2905
32.7411,0.7900,0.3367,0.02170,0.67460,44.762,4,52.193,52.6327,44.1864,59.8175
38.3365,0.4353,0.3182,0.02330,0.71443,28.072,3,12.962,39.7327,15.8192,69.6660
42.1026,1.0376,0.4120,0.00535,0.17081,2.586,3,53.167,29.5537,22.3242,77.4372
21.8912,0.8108,0.2651,0.00863,0.26620,43.635,3,39.837,50.7610,19.7592,61.2464
48.0682,1.0837,0.4107,0.01468,0.43349,89.725,4,28.356,38.4169,12.8793,70.6705
40.6184,0.7307,0.2688,0.00522,0.14467,70.896,3,41.846,36.0569,13.3910,72.4723
39.8471,0.8575,0.4185,0.00538,0.18842,70.701,4,24.134,41.0184,14.3961,68.6845
33.8932,0.7363,0.4430,0.02449,0.76824,50.689,1,70.188,43.6137,26.3267,66.7031
39.2377,1.0736,0.4605,0.01207,0.40855,48.590,5,26.306,56.3751,21.9837,56.9604
48.5935,0.6403,0.4108,0.02436,0.71677,81.109,2,20.368,43.8383,25.3651,66.5316
51.7048,0.6738,0.3220,0.00958,0.29054,25.402,2,18.837,41.2688,13.1271,68.4932
44.3532,1.0655,0.2227,0.00843,0.16061,70.163,1,84.029,39.8959,20.1080,69.5414
42.1966,1.0219,0.2126,0.01407,0.26944,80.163,2,22.943,43.9768,20.9590,66.4258
39.6906,0.4880,0.3196,0.01195,0.41752,88.394,5,8.911,40.2628,26.6227,69.2613
48.8345,0.5533,0.3178,0.01296,0.42073,39.982,3,69.215,39.6362,14.8570,69.7397
40.7747,1.0125,0.4324,0.02341,0.66630,68.827,3,17.431,56.1038,34.8529,57.1675
39.1500,0.7309,0.2208,0.02453,0.47126,92.475,2,67.375,46.1555,23.3673,64.7626
31.0622,0.5390,0.1531,0.00596,0.11412,0.105,4,51.777,48.5528,32.7762,62.9323
22.0506,0.9276,0.3345,0.01183,0.41603,26.263,2,35.338,36.3590,12.2933,72.2417
37.3307,0.6604,0.2396,0.00898,0.23831,41.049,1,91.310,35.3736,17.9750,72.9940
32.0998,0.6147,0.2692,0.00772,0.23748,3.155,4,34.582,34.3187,18.4764,73.7994
59.9158,0.9472,0.1925,0.00866,0.13048,83.888,1,12.482,33.9808,16.0730,74.0573
47.4343,1.0874,0.3374,0.02316,0.52191,12.504,1,62.153,34.6921,18.7665,73.5143
29.3296,0.9362,0.4219,0.00427,0.15764,53.198,3,65.115,48.8408,29.6450,62.7125
55.6886,0.9736,0.3426,0.00685,0.17722,42.343,2,40.921,51.1229,30.4671,60.9702
53.8931,0.9990,0.3619,0.01524,0.41096,29.145,2,44.075,31.8146,15.0913,75.7111
43.8273,0.5551,0.3909,0.02167,0.74233,12.236,3,29.350,34.5436,18.9509,73.6277
29.7658,1.0243,0.1603,0.02285,0.33924,75.583,5,65.529,37.3734,12.3684,71.4672
21.0764,0.9225,0.2726,0.01294,0.40015,77.984,3,47.536,33.7925,11.8458,74.2010
38.0656,0.4012,0.3835,0.01445,0.57215,40.576,5,87.356,38.4157,16.0100,70.6714
41.1538,0.7473,0.2917,0.02180,0.58482,31.803,3,80.103,34.3268,22.7025,73.7932
41.1782,0.6562,0.1748,0.00985,0.19033,13.491,4,62.656,63.1243,35.5549,51.8077
23.5607,0.6795,0.2235,0.01593,0.43450,0.468,1,63.753,24.6603,16.5076,81.1731
27.3062,1.0275,0.2139,0.00508,0.11563,33.106,5,21.266,40.4682,20.6545,69.1045
23.0748,0.5177,0.2417,0.01169,0.35676,72.003,2,78.827,54.5124,29.2744,58.3824
32.0103,1.0557,0.4232,0.00525,0.18419,51.574,3,64.078,28.8041,11.0054,78.0095
58.0372,0.8359,0.3389,0.00914,0.24988,13.392,1,19.733,45.4483,20.7332,65.3024
30.4376,0.8744,0.4977,0.00877,0.34169,74.175,1,62.031,46.2647,36.3252,64.6791
37.5909,0.9449,0.4557,0.01344,0.47888,62.175,5,72.577,35.0663,18.6353,73.2286
46.3756,0.4022,0.2204,0.01485,0.39299,15.680,3,56.455,31.2993,13.9829,76.1045
24.8905,0.4584,0.4425,0.02482,0.84782,69.009,3,95.207,35.2668,18.5299,73.0755
29.9656,0.9358,0.3694,0.02041,0.69384,67.636,3,67.180,35.3600,21.0834,73.0044
24.0879,0.9542,0.2059,0.00659,0.15358,39.321,5,54.557,55.6122,47.1060,57.5428
54.8080,0.5886,0.3889,0.02423,0.69501,52.220,4,89.201,37.5379,18.4300,71.3417
34.4797,0.6589,0.2015,0.02266,0.46254,15.390,1,33.978,41.4937,22.1900,68.3216
58.0729,1.0847,0.3002,0.00906,0.19038,40.798,2,41.187,49.8591,45.6111,61.9350
25.1671,0.8663,0.2853,0.01761,0.55120,71.464,5,92.151,40.7849,20.4255,68.8627
54.3781,0.9975,0.4426,0.02224,0.60469,3.814,5,77.880,36.0558,21.8158,72.4731
21.0545,0.9025,0.4336,0.00836,0.33214,53.482,3,6.127,42.6119,20.5817,67.4679
40.5079,0.8052,0.1742,0.01649,0.29735,5.085,4,64.678,31.7183,12.7383,75.7846
35.3980,0.4830,0.2414,0.00980,0.28446,69.071,2,65.220,46.2402,36.6845,64.6978
48.3936,0.4920,0.4842,0.00582,0.23207,87.252,1,69.896,30.3134,14.7793,76.8572
52.3872,0.4223,0.3225,0.00931,0.32048,85.730,5,30.776,36.1780,18.2480,72.3799
34.1009,0.7966,0.4758,0.02199,0.76972,12.762,3,42.997,29.2888,14.2268,77.6394
42.7383,0.9580,0.3047,0.01014,0.27427,38.280,5,54.398,30.7781,16.3210,76.5024
54.9868,0.9559,0.3485,0.01600,0.42623,11.731,4,64.692,35.1794,15.1332,73.1422
52.0501,0.9344,0.2753,0.00543,0.12468,7.841,2,49.938,31.0539,12.4676,76.2918
49.6411,0.4962,0.1514,0.01703,0.29805,33.843,4,82.678,42.4291,21.7468,67.6075
52.9170,0.9237,0.4530,0.02497,0.64082,56.307,5,82.477,40.8746,20.6545,68.7942
52.4649,0.4908,0.2288,0.00478,0.12139,25.221,2,77.240,39.6681,12.0395,69.7153
32.5968,0.4924,0.1652,0.00441,0.09136,37.949,4,91.757,33.4444,13.1958,74.4668
31.2503,0.6045,0.1746,0.00816,0.17231,18.349,4,91.485,42.2444,22.6322,67.7485
55.3414,0.8219,0.1912,0.00405,0.06918,84.963,1,13.213,44.2967,21.6339,66.1816
51.9060,0.8469,0.3246,0.01576,0.43634,91.844,4,65.612,29.8329,9.1963,77.2240
44.4453,0.5965,0.3409,0.00830,0.28227,45.921,3,27.284,41.1927,22.5294,68.5514
28.1632,1.0021,0.3624,0.01104,0.37811,37.111,3,16.209,47.7560,34.7024,63.5407
59.2000,1.0867,0.3201,0.00611,0.13389,65.979,4,33.508,35.9626,14.4046,72.5443
56.0454,0.6436,0.3262,0.02361,0.60572,44.486,3,39.450,50.6886,58.9055,61.3018
59.9751,0.4180,0.2506,0.01743,0.48411,24.765,4,68.786,51.1125,37.2061,60.9781
45.1085,0.6426,0.4954,0.01871,0.72087,5.869,2,89.372,29.3414,16.3661,77.5993
23.2313,0.8166,0.3241,0.02131,0.70111,65.370,1,62.050,38.9870,17.9585,70.2353
37.3343,1.0042,0.4621,0.01777,0.62536,13.579,3,31.642,37.7748,28.3242,71.1608
21.9836,0.7113,0.2494,0.00636,0.19115,24.943,4,13.631,45.7372,23.3136,65.0819
57.4461,0.8417,0.4908,0.00960,0.31913,76.599,5,93.723,35.2365,23.2874,73.0987
29.7854,0.9988,0.3059,0.00426,0.12914,90.050,2,92.512,50.2130,21.2095,61.6648
57.5597,0.7210,0.2461,0.02214,0.45386,2.130,3,46.954,43.0314,26.4317,67.1476
58.7634,0.8475,0.1597,0.01708,0.23623,42.537,2,92.978,31.7886,16.3047,75.7309
57.2065,1.0100,0.2847,0.01443,0.30770,87.681,3,18.709,43.2199,23.4478,67.0037
32.0473,1.0207,0.4424,0.00655,0.23549,69.049,5,63.180,42.7960,21.6127,67.3273
55.8853,0.8809,0.3344,0.02112,0.53644,69.115,5,75.323,44.8420,14.7575,65.7653
56.8344,0.7324,0.3620,0.01908,0.58486,87.157,2,39.858,34.6571,11.1655,73.5410
45.9316,0.8248,0.3258,0.00840,0.24763,16.691,3,86.268,49.7739,35.3407,62.0000
29.9312,0.9657,0.2311,0.02318,0.48555,94.748,2,57.557,38.0118,20.6798,70.9799
52.1356,0.6087,0.4242,0.02212,0.72320,2.261,1,69.563,30.7553,14.7037,76.5199
43.8630,0.6032,0.2517,0.00897,0.24439,81.450,3,17.720,50.5160,46.1756,61.4335
25.8904,0.9167,0.3896,0.02352,0.73768,83.416,5,33.541,54.8374,33.7584,58.1343
55.9658,0.9439,0.1633,0.01428,0.19381,52.257,3,41.275,24.7776,7.5439,81.0835
40.8135,1.0231,0.2604,0.01141,0.26757,32.592,5,41.431,60.6352,41.2075,53.7079
55.5895,0.8864,0.2483,0.01476,0.30743,40.037,4,72.814,32.5672,17.8685,75.1365
46.0381,0.4210,0.2749,0.01754,0.55413,82.326,1,90.518,49.6972,23.3657,62.0586
56.9604,0.7354,0.4811,0.00955,0.33257,86.880,5,29.977,35.7927,20.7714,72.6740
59.8798,1.0249,0.2094,0.01028,0.15825,57.799,2,83.858,28.2697,11.2557,78.4175
26.8943,1.0944,0.2039,0.02052,0.42815,92.415,1,90.377,36.8467,31.4156,71.8693
45.4154,0.9870,0.4051,0.02066,0.62784,35.813,3,36.881,30.3678,14.7802,76.8157
45.4618,0.9286,0.4606,0.02304,0.67978,41.698,1,73.167,41.7682,19.8031,68.1120
52.9281,0.5763,0.3831,0.00972,0.34020,19.582,1,47.495,37.3706,13.9676,71.4694
34.9090,0.7912,0.3838,0.01041,0.37050,88.256,2,13.549,44.7924,16.0418,65.8031
32.5344,0.7486,0.3706,0.01189,0.42822,15.527,1,95.244,43.0091,27.6020,67.1646
38.1215,1.0576,0.2790,0.00664,0.16747,87.220,1,57.293,44.2231,28.2316,66.2378
59.2163,0.5533,0.4451,0.01403,0.51304,87.111,3,84.928,49.3108,39.7313,62.3536
21.8131,0.5440,0.1724,0.00345,0.07765,68.839,2,17.828,42.8064,29.0630,67.3194
57.2174,1.0401,0.2195,0.00339,0.05556,10.303,1,57.947,43.1585,29.8478,67.0506
42.2871,1.0934,0.2370,0.01283,0.26176,85.673,4,57.433,42.1458,16.7706,67.8237
25.7162,0.5056,0.1831,0.01526,0.35941,53.977,2,68.464,45.6588,16.4497,65.1417
59.1801,0.7755,0.4000,0.00715,0.22286,6.474,5,33.097,39.0178,15.7962,70.2118
48.2605,1.0572,0.4572,0.00987,0.31023,59.570,1,64.465,33.7370,10.6954,74.2435
41.3990,0.5897,0.2950,0.02071,0.63081,42.712,5,47.211,38.8177,22.9171,70.3646
42.3904,0.7514,0.3792,0.02104,0.68446,45.973,2,29.042,39.6704,29.8535,69.7136
56.1496,0.5068,0.3349,0.00501,0.16641,41.919,1,62.314,42.0064,28.8117,67.9302
37.3820,0.4726,0.1836,0.01455,0.32749,63.074,1,70.882,32.6854,8.3035,75.0463
46.9492,0.7700,0.1840,0.01359,0.24847,8.921,2,6.195,26.9749,11.8578,79.4060
57.0301,0.5714,0.2725,0.01131,0.31026,87.832,1,39.892,45.4500,33.5583,65.3012
55.9787,0.5383,0.2888,0.00460,0.13563,52.959,4,38.851,46.8450,54.3199,64.2361
47.7199,0.4075,0.3673,0.01546,0.58284,61.970,1,69.289,38.4577,17.0258,70.6394
37.1813,0.4638,0.3279,0.00433,0.15659,2.493,5,25.957,34.6460,14.6412,73.5495
51.6003,0.7775,0.2344,0.01772,0.38895,26.122,2,15.516,48.9098,28.6460,62.6598
22.1951,0.8527,0.4453,0.00853,0.34192,40.137,4,89.782,40.1070,20.2349,69.3803
55.4169,0.9240,0.1845,0.00454,0.06999,21.639,1,25.513,40.3174,38.9390,69.2196
38.5691,0.9437,0.4042,0.02047,0.67501,32.316,2,25.856,46.8654,37.0252,64.2206
56.8719,0.9145,0.3726,0.01874,0.52683,22.804,5,81.810,59.2383,68.4661,54.7745
55.3862,0.9781,0.3640,0.01288,0.34779,67.105,2,92.057,35.1336,12.7949,73.1772
51.7395,0.6651,0.2628,0.00375,0.09739,22.275,5,70.376,46.8703,39.2349,64.2168
28.3558,0.4444,0.2381,0.00305,0.09153,58.658,1,38.991,46.9008,15.7551,64.1935
28.9756,0.9964,0.3125,0.02210,0.62124,24.483,4,90.469,38.8950,28.4232,70.3056
40.1536,0.4617,0.3544,0.00663,0.24695,50.856,5,20.177,38.9561,12.0967,70.2589
42.5326,0.8858,0.1549,0.01508,0.23060,86.449,3,95.277,35.4867,20.8722,72.9076
51.0560,0.9064,0.2809,0.00505,0.12108,10.495,5,85.215,31.6367,15.6083,75.8469
40.8442,0.6233,0.4837,0.01861,0.73066,34.367,5,37.089,44.7207,34.3598,65.8579
36.6178,0.7649,0.3055,0.00762,0.23665,20.847,1,71.175,49.1240,36.5530,62.4962
43.1789,1.0002,0.3817,0.00317,0.09770,12.396,1,63.414,32.1209,22.3699,75.4772
25.7571,0.8883,0.4760,0.00937,0.37090,32.733,4,26.443,53.2166,51.6494,59.3717
41.9725,0.7618,0.1608,0.02461,0.33815,22.069,3,65.516,39.6310,22.4667,69.7436
57.2582,0.9605,0.3633,0.00435,0.11650,33.992,1,18.801,36.4806,18.5859,72.1488
45.1397,0.6078,0.2908,0.02366,0.60603,0.529,2,20.827,18.9676,7.7087,85.5192
21.0498,0.5782,0.3149,0.01936,0.71172,73.714,2,6.037,34.3117,5.9174,73.8047
51.1932,0.9043,0.1669,0.01614,0.24019,93.038,5,57.878,61.3231,44.9107,53.1828
38.6582,0.4041,0.3240,0.01923,0.70113,91.815,5,66.830,35.9615,16.7194,72.5452
26.9971,0.7865,0.4035,0.02235,0.76499,47.843,4,10.380,28.5547,11.7720,78.1999
45.3423,0.9251,0.2149,0.02374,0.39379,21.027,3,10.723,32.3771,13.1795,75.2817
35.3361,0.8278,0.4133,0.00621,0.22516,18.635,1,88.417,59.2337,36.7902,54.7780
48.3280,0.8608,0.3549,0.01117,0.33632,28.096,4,7.673,34.1064,18.5703,73.9615
43.2299,0.4967,0.1820,0.01021,0.21892,16.406,5,31.938,39.4289,17.8621,69.8979
27.9477,0.4464,0.4843,0.01824,0.78138,64.124,2,94.461,41.9019,18.8370,68.0100
31.7996,0.8139,0.4076,0.01219,0.45112,52.580,5,25.910,47.5943,26.6896,63.6641
49.5293,0.8667,0.1782,0.01896,0.31112,27.497,5,30.339,43.5761,30.7644,66.7318
39.7661,1.0039,0.2606,0.00729,0.17458,14.374,5,94.340,27.9433,11.8900,78.6666
50.2043,0.4275,0.3644,0.02018,0.73911,14.533,3,18.545,34.8018,19.1359,73.4305
35.5303,0.5392,0.2074,0.01466,0.36330,84.105,2,39.291,45.4034,34.0752,65.3367
34.1253,1.0156,0.4495,0.02241,0.71272,37.990,1,59.055,34.4186,14.2022,73.7230
27.2852,0.9825,0.2482,0.02456,0.52902,54.416,1,23.561,39.3969,17.4809,69.9224
40.4679,0.8346,0.3428,0.01538,0.48744,78.457,1,66.480,45.9670,18.5398,64.9064
40.6627,0.7113,0.1820,0.01699,0.33342,69.760,3,38.420,41.6598,28.9554,68.1948
20.1009,1.0831,0.3775,0.01035,0.38141,15.610,4,56.871,38.3506,19.6041,70.7211
52.5685,0.6128,0.2652,0.01190,0.31962,9.483,2,68.595,32.0718,13.6047,75.5147
55.6428,0.5517,0.4027,0.02327,0.71573,47.277,4,14.019,46.0747,16.3224,64.8242
41.9348,0.5219,0.3490,0.01973,0.70884,56.173,3,20.054,34.8427,14.9585,73.3993
48.0108,0.4017,0.4396,0.01745,0.70213,36.659,4,29.720,34.8206,12.0224,73.4162
52.4237,0.5472,0.1968,0.01031,0.22005,62.280,5,66.609,34.0194,12.3108,74.0278
48.0149,0.9260,0.2574,0.01229,0.27798,9.261,3,9.510,44.9800,27.3797,65.6599
56.7590,1.0938,0.3740,0.02378,0.50614,80.595,1,30.950,41.0747,17.7028,68.6415
34.1181,1.0160,0.4619,0.00946,0.34018,69.189,2,63.803,41.0746,16.8951,68.6415
39.2185,0.7146,0.3493,0.01077,0.36497,53.263,2,38.173,30.8536,15.0094,76.4448
26.9795,0.7928,0.4657,0.01964,0.78303,42.263,1,12.304,51.3258,20.1635,60.8153
42.9793,0.4649,0.1712,0.01193,0.24560,49.163,3,90.871,51.4044,22.2355,60.7553
40.2050,0.4511,0.2031,0.00364,0.08970,86.978,1,90.130,45.5515,55.3790,65.2236
47.5665,1.0998,0.4195,0.00859,0.25605,85.385,4,56.715,39.3336,23.4153,69.9707
40.4229,0.8211,0.3556,0.00333,0.10841,13.360,3,59.616,33.7310,31.9524,74.2480
56.8844,1.0432,0.4321,0.02085,0.57013,68.042,3,39.752,38.8526,16.6141,70.3379
48.0653,0.8978,0.4239,0.01779,0.58100,35.556,2,94.296,26.7657,6.9307,79.5657
26.6873,0.6170,0.1512,0.01415,0.26798,19.875,2,25.335,49.5295,28.5502,62.1866
33.1976,0.6737,0.2467,0.00884,0.24614,53.350,4,45.545,49.7963,21.6266,61.9829
46.8306,0.8348,0.3923,0.00438,0.14280,42.283,4,40.863,46.5045,53.6286,64.4961
46.2548,0.4420,0.2177,0.00411,0.10557,37.273,4,85.629,38.7483,21.3694,70.4176
44.6659,0.5823,0.2817,0.02071,0.60048,25.186,2,21.827,58.4351,58.8561,55.3877
35.2879,0.7217,0.2061,0.00936,0.21421,75.541,1,61.985,43.3098,45.8710,66.9350
40.6130,0.4345,0.3842,0.02444,0.77816,88.822,4,56.782,44.6188,24.4132,65.9357
27.6063,0.8930,0.2275,0.00474,0.11919,72.594,2,34.604,39.7703,13.6468,69.6373
42.4149,0.6553,0.4514,0.01670,0.63347,6.866,5,78.023,38.8181,31.5832,70.3643
59.7654,0.7448,0.3425,0.02462,0.57553,3.392,3,50.540,40.9582,40.0211,68.7304
43.0673,0.7416,0.2646,0.00534,0.14254,86.331,3,49.419,37.6282,18.4051,71.2727
30.3336,0.7248,0.4402,0.02105,0.78358,85.452,3,16.440,34.0851,16.8719,73.9776
20.5200,0.8578,0.1505,0.01654,0.30634,18.932,4,83.274,40.4522,11.3169,69.1167
21.3180,0.8605,0.2450,0.00666,0.19110,94.470,1,9.090,38.3270,14.7857,70.7392
55.1123,0.4442,0.4693,0.01844,0.72792,30.877,1,35.413,23.9164,9.2828,81.7410
21.9237,0.7194,0.3204,0.02128,0.71793,66.999,2,90.911,40.0493,18.1206,69.4243
24.1263,1.0610,0.2750,0.00318,0.09260,57.459,1,11.410,36.7371,20.6436,71.9530
53.3083,0.4374,0.4719,0.00792,0.31557,68.762,1,76.808,35.9697,16.4224,72.5389
34.6198,0.5505,0.3451,0.02124,0.73037,43.891,3,50.357,38.4919,21.7428,70.6133
38.8760,0.9431,0.4666,0.01849,0.65815,70.753,5,78.867,40.3038,26.0554,69.2300
20.6338,0.5956,0.2001,0.00519,0.13334,54.864,4,61.333,32.5683,21.0534,75.1357
56.8235,0.4140,0.4894,0.01934,0.77557,52.802,5,82.924,43.4558,29.4308,66.8236
43.7716,0.8750,0.4391,0.01286,0.44343,18.300,5,67.398,36.0991,16.7846,72.4401
36.5637,0.8273,0.3215,0.00811,0.25474,85.374,4,91.408,37.2703,15.0233,71.5460
24.0067,0.6435,0.2304,0.00608,0.17145,51.341,1,17.540,47.3937,16.9452,63.8172
21.4323,0.7920,0.1801,0.01306,0.28825,14.814,1,68.652,44.5916,27.0375,65.9565
26.3851,0.7883,0.2520,0.01238,0.35551,40.355,3,65.880,55.1552,38.9700,57.8917
40.1373,1.0320,0.4192,0.00739,0.24233,35.859,1,91.505,33.5452,21.3413,74.3899
44.9038,0.5297,0.2034,0.01016,0.23570,64.501,3,17.280,33.2239,12.2371,74.6352
38.0832,0.8204,0.2903,0.00735,0.21249,8.575,1,54.227,27.0409,13.2667,79.3556
33.7722,0.9169,0.3433,0.01619,0.52554,34.330,2,14.552,35.1985,12.5595,73.1277
31.4167,0.5327,0.3073,0.00721,0.25106,76.525,2,72.727,38.0143,22.0377,70.9779
52.6309,0.4952,0.4783,0.01474,0.57712,34.976,1,57.528,48.2778,34.6651,63.1423
34.9958,0.6507,0.4567,0.01487,0.58598,57.194,1,57.084,31.6911,15.4649,75.8054
24.1762,0.9103,0.3022,0.01482,0.48187,92.895,5,45.280,31.5904,18.2278,75.8822
57.7410,0.5601,0.4627,0.00983,0.36495,20.347,5,83.695,34.2179,18.1858,73.8763
40.3442,1.0332,0.3279,0.02096,0.56589,1.230,1,41.954,27.6804,25.6327,78.8673
44.1807,0.7056,0.4875,0.02083,0.75482,95.853,5,50.814,39.2825,17.2741,70.0097
38.8151,0.8302,0.4743,0.01276,0.47317,55.245,1,38.069,34.0600,18.4595,73.9969
29.4024,0.5306,0.4005,0.00991,0.39622,5.552,5,31.856,37.9051,16.2372,71.0613
40.7129,0.6110,0.2078,0.01675,0.39022,18.148,5,38.206,32.7041,16.6983,75.0320
47.9379,0.9113,0.3307,0.01888,0.52965,18.242,2,37.522,27.6979,12.6813,78.8540
46.8697,0.4152,0.4886,0.02212,0.82253,79.626,2,14.967,28.3561,12.5716,78.3515
48.3655,0.9391,0.2197,0.01883,0.36408,52.652,1,69.771,74.3218,54.1903,43.2589
29.0104,0.8238,0.1574,0.01870,0.33739,88.016,1,19.655,31.1935,17.2695,76.1853
33.3054,0.5829,0.3715,0.01757,0.66219,40.907,3,22.237,47.5684,23.7728,63.6838
40.2557,1.0620,0.4562,0.01003,0.33680,29.277,1,87.972,41.9544,21.6410,67.9699
43.9125,1.0717,0.2203,0.01459,0.27573,38.103,2,83.585,50.1737,25.2690,61.6948
23.5962,0.9508,0.4753,0.01425,0.56483,26.299,2,58.872,47.6100,22.6808,63.6521
49.6400,0.4897,0.3168,0.00842,0.28013,26.165,4,74.570,38.1648,15.4000,70.8631
34.4425,0.9191,0.3675,0.00472,0.15833,68.234,3,58.214,32.7618,17.1888,74.9879
51.2948,0.5590,0.4163,0.00321,0.11801,45.858,5,33.750,33.1807,11.5507,74.6681
47.3066,0.8729,0.2487,0.00467,0.10637,41.972,3,32.803,33.1466,11.8079,74.6942
22.4703,0.5035,0.4888,0.01490,0.64338,64.589,1,61.304,51.9998,29.0583,60.3006
26.0341,0.6047,0.2523,0.00804,0.24429,28.393,3,32.335,49.7203,18.9341,62.0410
57.7938,0.9618,0.2019,0.02275,0.31878,43.006,1,93.498,28.9874,10.2275,77.8695
44.6846,0.7887,0.1960,0.00420,0.08215,68.943,4,54.815,42.0023,18.0249,67.9333
47.0917,0.7609,0.2289,0.01859,0.41865,88.861,2,56.668,54.8822,30.5722,58.1001
39.2627,0.8481,0.4857,0.02414,0.73997,57.273,3,9.960,31.5278,14.4491,75.9301
27.7983,0.8847,0.2733,0.02050,0.58849,26.008,1,7.419,27.9447,7.6230,78.6655
25.4688,0.6243,0.3807,0.00540,0.21129,26.887,1,70.024,62.5397,60.6057,52.2540
31.7860,0.6593,0.2357,0.01192,0.32378,66.168,5,63.546,36.8150,17.5239,71.8935
42.1750,0.5072,0.4824,0.02101,0.80848,69.979,4,22.549,40.5479,13.5350,69.0436
21.6516,0.7016,0.2363,0.00889,0.25668,26.379,5,9.036,33.4406,10.5754,74.4697
56.1933,0.8957,0.2014,0.00928,0.15690,2.077,5,27.069,25.7806,15.7668,80.3178
39.0021,0.7819,0.1829,0.01203,0.23253,90.631,2,69.848,48.4481,29.0551,63.0122
53.7959,1.0433,0.3852,0.01175,0.32235,33.531,1,72.607,35.8875,9.2700,72.6017
21.6321,0.6927,0.4765,0.02261,0.83783,53.732,3,9.550,36.0872,27.2901,72.4492
39.8695,0.9416,0.4666,0.01382,0.48886,83.567,3,11.238,40.2499,18.4940,69.2712
23.9741,0.7735,0.2055,0.01679,0.41213,5.928,3,13.069,45.9558,31.3747,64.9150
49.9529,1.0593,0.3772,0.00948,0.26431,36.551,1,24.570,40.7524,14.7389,68.8875
37.6626,0.6653,0.3778,0.02015,0.72454,10.305,2,80.235,29.5570,16.1926,77.4346
52.4945,1.0263,0.3635,0.01726,0.46605,10.229,1,18.023,31.4282,12.4434,76.0061
45.5820,1.0005,0.2866,0.01620,0.39643,10.206,2,89.929,56.6083,45.4570,56.7823
42.2653,0.6117,0.1975,0.00740,0.16267,77.476,3,26.251,49.5544,27.6336,62.1676
35.4443,1.0367,0.4112,0.00448,0.15164,15.401,3,80.405,49.4353,25.5567,62.2586
54.7363,0.5235,0.4533,0.01362,0.51633,35.343,5,84.969,35.1224,13.0772,73.1858
57.8476,0.6113,0.2365,0.01081,0.25421,54.938,3,27.180,36.5685,20.4233,72.0817
34.8065,0.8233,0.4495,0.01856,0.69562,84.750,3,35.081,38.5068,24.3922,70.6019
28.8920,1.0548,0.3952,0.01109,0.38796,58.125,4,83.099,40.2036,21.7759,69.3065
40.0123,1.0399,0.2706,0.00388,0.09412,5.536,2,29.219,51.2303,73.0446,60.8881
51.5128,0.5536,0.3276,0.01749,0.57158,30.728,5,18.981,40.8591,22.6228,68.8061
53.3886,0.6871,0.1609,0.02094,0.32301,82.684,5,34.139,31.3165,13.6009,76.0913
50.8721,1.0225,0.4482,0.01698,0.52541,30.040,5,28.124,69.1985,115.5423,47.1703
25.5216,0.9106,0.3020,0.01026,0.32952,79.523,5,22.351,36.7236,16.9225,71.9633
46.8105,0.4149,0.1680,0.01153,0.23519,11.069,3,90.695,49.4510,39.4742,62.2466
58.2450,0.8873,0.3637,0.01064,0.29579,15.291,1,47.742,31.1691,12.2225,76.2039
24.8100,0.9244,0.2032,0.02328,0.46129,9.313,3,40.920,29.2799,16.2228,77.6462
37.5333,0.8962,0.4262,0.00827,0.29225,14.699,1,69.368,30.6646,7.8683,76.5890
47.6029,0.8183,0.2578,0.01314,0.31758,50.981,3,50.738,38.5899,24.8950,70.5385
39.5264,1.0070,0.4945,0.02246,0.70615,16.626,4,8.796,37.7913,16.3007,71.1482
27.2292,0.4551,0.2319,0.01242,0.36499,89.033,1,28.734,57.7947,27.9895,55.8766
29.4799,0.4366,0.1660,0.01652,0.35585,31.085,3,13.805,35.1599,26.2941,73.1571
20.5919,0.4769,0.2962,0.01666,0.60325,79.704,2,7.593,46.0010,24.7687,64.8805
29.7116,0.9265,0.2596,0.01277,0.34895,31.210,1,33.167,39.6066,27.2964,69.7623
57.7015,0.9418,0.4122,0.00642,0.18741,66.399,5,16.594,30.4216,11.4713,76.7746
55.7102,1.0711,0.4102,0.01043,0.28743,88.913,5,73.221,51.8171,38.3016,60.4402
58.9960,0.5911,0.3094,0.00577,0.17067,25.619,2,89.559,45.4968,30.7546,65.2654
56.9055,0.4721,0.2921,0.01559,0.47949,24.066,3,68.407,41.9574,26.5287,67.9675
35.4061,0.7743,0.3788,0.02335,0.70932,47.948,5,57.334,45.8567,22.8425,64.9906
54.4517,0.7996,0.4485,0.01464,0.49018,3.626,2,71.806,25.7884,7.3419,80.3118
31.7555,0.6978,0.2818,0.02347,0.62092,17.251,3,88.231,38.4781,31.5033,70.6238
31.2254,0.8249,0.2469,0.01429,0.38240,46.369,1,40.130,44.7934,18.7841,65.8024
48.7921,0.9005,0.4446,0.01369,0.45351,72.971,2,77.682,52.9086,64.0482,59.6068
49.8505,0.8436,0.4356,0.00726,0.24254,79.183,3,6.326,32.5807,13.9767,75.1262
34.8765,0.8965,0.1593,0.02249,0.33598,55.814,2,33.388,42.9421,32.4524,67.2158
26.6376,0.8917,0.1934,0.00929,0.20288,17.922,3,95.889,42.7824,21.3666,67.3377
51.8254,0.4549,0.2649,0.01640,0.48290,59.709,3,83.761,35.2189,14.1263,73.1121
32.5604,0.7372,0.4794,0.01268,0.50048,33.159,3,94.247,34.2442,10.9314,73.8562
26.1569,1.0858,0.2623,0.00429,0.11654,14.328,5,32.086,33.9610,12.8231,74.0724
53.7456,0.8606,0.4223,0.01228,0.39086,61.572,2,63.670,33.5406,9.6668,74.3934
34.9581,0.6891,0.4472,0.00750,0.29116,29.014,1,54.261,35.8850,19.9051,72.6035
54.6067,0.8718,0.4588,0.02033,0.65221,14.468,3,18.663,39.0122,23.5345,70.2161
58.7789,0.6408,0.2696,0.00804,0.20685,63.946,3,15.732,53.2859,40.1589,59.3188
34.8446,0.7754,0.3521,0.02145,0.68551,70.117,2,49.703,33.9409,18.4764,74.0878
21.5466,0.5276,0.3557,0.01856,0.73174,7.258,5,95.311,35.0210,21.8670,73.2632
36.3269,0.8984,0.4669,0.01318,0.48398,85.417,5,81.701,36.0369,14.6417,72.4876
21.1565,0.7412,0.3531,0.02410,0.75638,25.826,3,42.784,38.2246,17.0930,70.8174
34.5028,0.7918,0.4943,0.00948,0.36746,61.673,2,57.908,37.9603,16.1469,71.0192
50.1311,0.9936,0.3812,0.00372,0.10790,14.606,3,54.388,35.3381,14.9376,73.0211
29.9059,0.8374,0.4600,0.01153,0.44610,20.473,3,19.830,41.4554,21.2161,68.3508
29.2293,1.0034,0.4755,0.02239,0.75434,65.664,3,22.336,33.4900,15.8245,74.4320
40.0988,0.4156,0.2593,0.01658,0.51368,18.372,5,19.080,40.6897,13.6714,68.9354
37.6019,0.7377,0.3045,0.01508,0.46896,26.792,3,88.811,41.8173,19.0371,68.0745
37.4228,0.8801,0.4025,0.02140,0.69472,86.807,1,8.541,24.9555,13.1252,80.9477
25.6915,0.6314,0.4515,0.01911,0.78583,31.551,2,50.760,39.1600,30.2637,70.1033
56.6895,1.0464,0.4523,0.00846,0.24690,57.784,5,39.133,56.2212,63.0923,57.0779
24.9010,0.8228,0.2754,0.01199,0.37067,95.454,2,42.583,42.7146,39.0571,67.3895
39.7877,0.7432,0.3986,0.01111,0.39657,45.286,4,22.995,52.0284,36.5536,60.2789
37.9290,1.0785,0.2963,0.01736,0.45737,93.336,3,26.139,35.3018,18.2653,73.0488
49.7638,0.7384,0.2199,0.01311,0.28180,42.142,5,65.679,34.8250,20.6189,73.4128
49.6623,0.6614,0.4467,0.02072,0.72890,54.033,4,38.005,36.2772,15.8405,72.3041
22.6424,0.7676,0.1730,0.00418,0.08842,21.322,4,92.662,37.3706,13.6654,71.4694
34.5701,0.9096,0.2284,0.01688,0.39528,94.692,5,20.151,65.1633,57.9977,50.2510
33.5733,0.8351,0.4601,0.02384,0.75765,67.395,3,24.735,45.1846,27.8543,65.5038
40.1906,0.4959,0.1682,0.00370,0.07493,62.930,5,79.443,48.5616,20.2931,62.9256
43.5139,0.9012,0.3191,0.01212,0.34653,6.294,5,51.548,26.3211,13.4136,79.9051
37.9050,0.5264,0.2108,0.01140,0.28449,81.161,2,87.445,49.8458,28.7805,61.9451
23.3522,0.9097,0.2565,0.01690,0.48867,25.412,5,49.843,44.6693,32.1539,65.8971
45.5678,1.0375,0.4711,0.00809,0.26531,10.780,5,93.287,37.9513,22.7506,71.0260
28.9610,0.6840,0.4128,0.01319,0.51506,84.087,1,78.190,31.5844,16.5528,75.8868
33.7457,0.4090,0.2057,0.02283,0.52196,72.620,2,24.478,56.8735,35.4868,56.5799
24.7118,1.0921,0.2147,0.00737,0.17013,21.989,4,80.329,39.2669,21.0205,70.0217
31.6985,0.7705,0.2376,0.02198,0.52584,76.998,2,72.543,30.5167,17.3363,76.7020
22.0626,0.7907,0.4654,0.01329,0.54413,41.364,4,30.683,44.2884,34.2443,66.1880
53.1245,0.6461,0.3578,0.00639,0.20839,76.940,1,87.533,42.7985,17.3278,67.3255
52.1472,0.9902,0.3747,0.01776,0.50074,3.745,1,21.980,26.2088,18.2793,79.9909
36.7016,0.5984,0.3342,0.00821,0.28686,55.481,4,47.321,30.7239,14.4684,76.5438
46.0217,0.5906,0.1986,0.02333,0.43636,3.080,1,51.594,33.4712,30.5585,74.4463
42.9412,0.5105,0.4467,0.02395,0.79134,36.330,5,14.533,38.2668,19.5053,70.7852
24.2725,0.7695,0.4608,0.01163,0.47136,47.619,1,75.979,34.5889,16.7567,73.5931
33.9763,1.0498,0.1517,0.01966,0.29969,35.088,3,52.931,40.5207,41.6216,69.0644
44.8645,0.6557,0.4832,0.02032,0.76352,40.410,2,14.345,32.7417,19.4857,75.0033
26.1427,1.0229,0.4513,0.02289,0.75763,62.995,3,41.553,34.6831,26.5938,73.5212
38.7803,0.8673,0.2232,0.01531,0.34307,57.982,4,28.295,44.7080,20.5008,65.8676
48.2973,0.4889,0.3456,0.02117,0.70536,10.095,4,88.512,33.6237,16.8790,74.3299
38.3776,0.6214,0.1558,0.02396,0.36006,24.426,1,52.886,29.0979,11.4682,77.7852
51.0882,0.9721,0.2665,0.01668,0.36715,85.482,2,75.564,26.3108,9.1227,79.9130
46.1150,0.5643,0.3532,0.01759,0.61361,78.779,4,24.328,38.3198,19.1317,70.7447
21.3562,0.5688,0.4698,0.00455,0.19381,73.940,3,89.944,35.2702,20.5463,73.0730
32.1875,0.7034,0.3938,0.01447,0.54344,61.736,4,93.692,70.3305,29.4980,46.3061
53.4866,0.9968,0.1657,0.01807,0.24644,79.009,5,27.674,32.9398,12.3639,74.8520
47.7553,0.9171,0.3667,0.01843,0.55352,59.401,3,70.121,41.7749,19.1231,68.1069
50.9948,0.6770,0.3308,0.00580,0.17957,9.449,1,82.837,45.7104,27.2285,65.1023
36.0097,0.7787,0.2321,0.02433,0.49533,85.857,1,44.764,38.8970,13.3147,70.3040
50.9752,0.5568,0.1563,0.02325,0.34561,88.788,1,30.703,36.7863,15.2235,71.9154
28.4501,0.7182,0.3085,0.02421,0.67229,48.812,4,73.526,36.0201,14.1473,72.5004
51.9584,0.5259,0.1862,0.00589,0.12124,18.742,3,86.877,39.5667,12.8345,69.7927
51.2447,0.5213,0.2907,0.01928,0.59033,13.160,2,54.725,35.0462,20.5557,73.2440
39.4439,0.7253,0.2555,0.02244,0.53705,28.478,1,36.831,47.1955,37.2444,63.9685
28.2081,0.7533,0.3272,0.01498,0.51816,30.592,2,68.441,46.8853,27.8593,64.2053
30.2672,0.7656,0.2315,0.01172,0.30531,57.336,5,58.565,35.4823,11.6299,72.9110
28.6291,0.6165,0.2572,0.02305,0.60578,90.946,1,33.598,52.9134,42.9326,59.6032
37.3622,1.0891,0.4097,0.00718,0.23390,82.348,5,45.973,28.6421,10.2609,78.1331
33.0004,0.5202,0.3468,0.02410,0.74419,35.324,2,18.758,36.6036,8.9277,72.0549
42.0609,0.6709,0.2627,0.00483,0.13361,53.408,3,56.079,35.4166,15.5701,72.9611
56.8488,0.8548,0.4970,0.01804,0.60106,44.606,4,49.640,42.7733,15.9244,67.3447
23.0423,1.0369,0.4522,0.00396,0.15328,85.641,5,35.131,40.7396,18.5566,68.8973
46.5305,0.9966,0.2793,0.00369,0.08764,46.298,4,39.421,30.7440,18.4599,76.5284
55.1570,0.5431,0.3231,0.01737,0.55557,37.418,4,75.233,40.8401,31.0551,68.8206
21.6955,0.5328,0.1813,0.01962,0.46421,65.748,3,31.089,40.3412,24.6654,69.2015
30.1772,0.5194,0.3211,0.00471,0.17028,26.666,4,7.544,36.5662,21.7127,72.0835
27.3142,0.6542,0.3610,0.00820,0.30818,34.610,5,33.074,36.1584,13.0326,72.3949
28.3244,0.9040,0.4134,0.01176,0.43756,59.151,4,19.895,40.8297,20.4530,68.8285
21.2781,0.6609,0.3723,0.02190,0.78555,19.832,5,34.782,31.5297,13.3806,75.9286
52.9382,0.5417,0.2931,0.00598,0.18081,91.922,2,84.874,36.9874,17.6494,71.7619
53.9799,0.4971,0.3118,0.01455,0.46829,26.323,4,33.249,35.7393,20.0356,72.7148
35.1749,0.4306,0.2479,0.00756,0.22902,29.029,4,67.550,26.5209,11.2939,79.7526
33.4912,0.6663,0.1523,0.02377,0.35793,33.008,5,8.107,51.2636,28.1662,60.8627
56.3637,0.7319,0.1983,0.02122,0.37188,92.059,2,22.880,39.0588,22.6340,70.1805
29.0786,0.6382,0.3488,0.00336,0.12375,16.365,4,42.125,38.3973,30.3896,70.6855
26.2648,0.8784,0.3086,0.01194,0.39017,11.078,4,84.538,32.5474,17.3577,75.1517
50.8528,1.0970,0.2794,0.00694,0.14799,34.241,1,92.405,32.0412,17.3659,75.5381
21.3066,0.8492,0.3050,0.02119,0.67997,18.705,5,27.190,42.8338,43.8894,67.2985
33.2394,0.4508,0.3391,0.02250,0.75027,3.670,2,82.435,31.3504,18.8550,76.0655
57.5836,0.9629,0.1955,0.00443,0.06862,7.081,5,52.571,32.9186,18.6873,74.8683
29.0236,0.9192,0.4778,0.02344,0.77102,84.475,4,53.118,37.7029,20.6135,71.2157
44.3099,0.4120,0.4576,0.02109,0.81798,59.866,5,40.408,41.5303,28.3744,68.2937
57.5695,0.7411,0.2007,0.01723,0.31907,81.889,2,31.791,37.2991,27.9406,71.5240
49.8176,0.7506,0.4147,0.01572,0.53595,32.234,4,59.760,57.7043,35.7366,55.9456
44.6218,0.5187,0.4914,0.01005,0.40301,25.908,4,61.609,37.6522,16.9560,71.2544
28.4211,1.0412,0.1979,0.01024,0.21319,74.849,4,83.739,62.2319,33.4426,52.4890
24.8140,0.8825,0.2772,0.01577,0.48236,30.141,1,61.879,43.0128,18.2668,67.1618
23.2022,0.4258,0.4271,0.00515,0.21867,19.488,1,33.748,44.6087,21.1728,65.9435
57.1934,0.5542,0.3566,0.01064,0.35570,60.710,3,55.528,35.0110,11.2118,73.2708
50.7915,0.6752,0.4091,0.00863,0.30085,92.561,5,18.048,50.4346,25.8079,61.4956
48.7354,0.4738,0.3988,0.00696,0.26354,41.128,2,82.040,43.6126,29.0962,66.7039
38.1551,0.7054,0.3576,0.02204,0.69341,63.600,4,60.097,43.2887,21.6694,66.9512
55.0910,0.7233,0.1783,0.02467,0.34225,43.329,2,66.670,40.5723,26.4119,69.0250
47.0461,0.7829,0.4093,0.00758,0.25772,67.798,5,12.518,45.6725,19.0354,65.1313
44.0033,0.8452,0.3333,0.00714,0.21517,32.837,5,94.287,34.7932,12.2618,73.4371
26.8709,0.6346,0.4505,0.02362,0.81740,15.339,4,36.073,50.4507,40.8228,61.4834
53.5639,0.4655,0.4141,0.01829,0.69305,31.689,3,77.841,48.5192,23.9664,62.9580
56.4145,0.5967,0.4480,0.01547,0.56231,49.633,2,79.033,50.9894,38.9392,61.0720
52.8715,0.8947,0.2784,0.01821,0.42910,40.611,3,90.037,49.2782,23.1101,62.3785
35.7335,0.6824,0.4773,0.00824,0.32422,93.535,2,73.027,49.5920,50.9748,62.1389
54.3484,0.7351,0.2372,0.00374,0.08340,27.975,1,76.221,36.9084,25.4864,71.8223
25.7718,0.9484,0.1653,0.00966,0.18057,73.560,2,24.882,28.8924,13.7706,77.9421
26.6401,1.0744,0.4767,0.01185,0.44900,1.691,5,32.907,28.4549,17.6441,78.2761
54.9370,0.6021,0.3053,0.02294,0.59557,74.942,4,10.937,48.4450,32.5508,63.0146
23.4677,0.4984,0.3314,0.01325,0.50396,94.908,2,54.457,37.8818,16.6078,71.0791
45.5974,0.9066,0.4921,0.02485,0.69947,34.711,4,15.335,43.0337,29.2330,67.1458
49.2407,0.5995,0.2246,0.01999,0.47686,11.605,1,62.707,27.0633,10.0065,79.3385
24.5066,1.0713,0.4045,0.01566,0.57304,30.582,3,50.154,35.4016,29.6827,72.9726
34.5088,0.7838,0.4864,0.00833,0.32243,69.630,4,80.531,39.8636,19.3003,69.5661
47.4156,0.5001,0.2704,0.01983,0.59161,41.254,3,17.141,44.2961,28.2810,66.1821
37.4123,0.5876,0.2105,0.00423,0.10295,84.258,5,24.990,39.8660,23.0676,69.5642
30.8008,0.8462,0.2576,0.00532,0.14721,78.377,4,45.012,57.1913,38.3381,56.3372
47.5834,0.7843,0.1699,0.01553,0.26030,37.047,5,92.476,43.5224,26.4105,66.7728
43.4142,0.5810,0.4950,0.01188,0.46973,16.303,2,14.785,27.7926,14.6075,78.7817
30.8951,0.7935,0.2524,0.00855,0.23652,84.230,5,22.437,36.7467,28.4525,71.9457
26.2427,0.7853,0.4653,0.01473,0.59042,56.371,1,38.812,34.3716,14.8239,73.7590
49.0316,0.4986,0.4381,0.01722,0.66603,12.734,2,55.189,50.6570,44.7442,61.3258
25.2948,0.6489,0.2117,0.01375,0.35605,16.269,3,88.171,43.2500,23.6886,66.9807
24.4124,0.6782,0.1625,0.01995,0.40286,12.606,1,35.788,37.9547,19.7416,71.0235
34.0242,0.7859,0.3732,0.00602,0.21318,51.519,1,88.130,29.3678,11.9296,77.5791
30.7442,0.7483,0.2066,0.00851,0.20028,78.814,2,44.641,62.1209,49.0020,52.5737
51.3246,0.9700,0.2132,0.01769,0.31613,93.290,1,58.071,34.6345,20.2977,73.5583
37.9896,0.9694,0.3039,0.00681,0.19165,76.041,1,11.396,24.8841,8.7249,81.0022
29.2868,0.5465,0.2205,0.02406,0.54096,38.388,3,38.654,46.3928,30.3998,64.5814
25.8557,1.0057,0.4744,0.01262,0.48727,9.152,3,41.490,56.7212,67.8096,56.6962
22.4250,0.8280,0.2341,0.00893,0.24608,7.519,5,56.423,45.7406,23.5953,65.0793
25.4145,0.5655,0.3316,0.01463,0.54371,33.267,2,62.940,51.4404,16.3642,60.7278
46.9272,0.6308,0.2535,0.00672,0.17813,15.078,4,72.393,32.3694,15.4444,75.2875
30.6142,0.7368,0.2926,0.02310,0.63514,12.664,1,22.896,38.0817,12.5248,70.9265
33.4960,0.6051,0.1978,0.00340,0.07953,36.790,2,85.534,38.4426,15.8579,70.6510
21.8148,0.8386,0.3575,0.01053,0.39142,45.320,3,77.179,30.1632,16.8088,76.9718
43.3749,0.4752,0.3041,0.01489,0.49883,37.465,5,76.008,44.1963,21.6015,66.2583
49.8372,0.5181,0.3227,0.02025,0.66391,32.433,3,26.548,33.1988,18.9319,74.6544
32.3979,1.0261,0.3684,0.02346,0.66025,36.967,2,46.234,39.7020,17.2302,69.6894
54.2191,0.6994,0.2076,0.01360,0.27430,28.905,2,13.418,44.0740,45.5284,66.3517
56.8539,0.5141,0.3559,0.02010,0.68340,28.630,3,40.983,40.6712,28.4698,68.9495
47.6834,1.0594,0.3759,0.01380,0.39274,5.706,4,18.438,30.9131,22.3674,76.3993
45.3589,0.7487,0.4716,0.01930,0.70700,74.721,1,74.664,51.5708,25.3807,60.6282
39.6057,0.8757,0.1973,0.01266,0.24994,20.130,1,49.162,48.7199,21.2166,62.8047
24.8280,0.5097,0.4552,0.00974,0.41161,62.753,4,59.998,35.6245,15.9229,72.8024
54.6803,0.4043,0.2049,0.01324,0.31660,30.352,5,67.625,26.9160,11.9564,79.4509
20.1574,0.5587,0.2701,0.01813,0.60734,30.884,3,7.821,33.2046,9.0581,74.6499
22.4005,0.6989,0.2178,0.02299,0.53491,23.931,1,85.186,31.6141,7.8259,75.8641
53.4336,0.8506,0.4891,0.01127,0.38250,41.812,4,56.520,38.1436,25.0717,70.8792
21.3694,0.5821,0.3274,0.01616,0.60592,78.994,1,79.215,29.5729,9.7097,77.4225
28.5265,1.0414,0.2994,0.02294,0.59671,50.212,1,36.696,38.2186,29.4355,70.8220
25.5801,0.7228,0.1613,0.00874,0.17147,50.912,1,39.417,50.4838,52.4730,61.4581
37.2332,0.5168,0.4673,0.00399,0.16255,52.479,1,7.688,36.8954,23.8856,71.8321
43.7023,0.4807,0.4016,0.01164,0.44874,12.800,1,34.865,21.5905,8.9037,83.5167
27.9388,1.0198,0.4741,0.02339,0.75811,16.432,1,88.618,47.0435,31.5932,64.0846
54.7495,0.9706,0.3588,0.00710,0.19199,42.154,1,18.537,31.6311,15.4452,75.8512
58.9449,0.4776,0.4401,0.01451,0.54803,36.266,4,23.515,53.9984,69.2722,58.7749
45.8454,0.6221,0.4645,0.01032,0.39276,95.604,1,17.414,46.3754,23.6241,64.5946
32.3675,0.9720,0.3319,0.02002,0.63149,81.511,2,39.194,38.4979,23.6342,70.6088
20.3342,0.6814,0.2008,0.01345,0.34059,69.773,2,69.406,45.1770,20.4705,65.5096
55.5858,1.0925,0.3662,0.01716,0.43367,45.367,2,91.852,39.1039,32.6164,70.1461
31.1303,0.5429,0.2509,0.01047,0.31388,46.256,2,48.530,46.2343,30.1617,64.7024
21.1385,1.0560,0.1595,0.01602,0.29580,20.638,3,21.901,42.3743,24.8017,67.6493
27.6140,0.7572,0.4782,0.02256,0.80511,56.643,3,6.411,27.9457,8.0878,78.6648
59.5177,0.6583,0.4867,0.01735,0.62025,63.557,3,71.010,54.0979,50.8814,58.6989
56.2862,0.5225,0.4593,0.01390,0.52615,81.352,2,79.184,38.8223,13.7851,70.3610
59.7573,0.8866,0.3077,0.01738,0.42019,54.992,4,19.635,35.4204,25.0772,72.9582
23.9957,0.7712,0.3304,0.01025,0.36526,27.414,5,35.686,46.3634,30.7404,64.6038
26.7477,1.0697,0.4633,0.02128,0.75204,81.238,5,35.629,36.6507,19.4550,72.0189
31.1465,0.6949,0.2779,0.01351,0.41711,37.835,5,26.793,33.7503,15.0941,74.2333
41.5120,0.8083,0.2497,0.00776,0.19326,4.464,5,14.407,54.9686,44.0471,58.0341
53.4755,0.9220,0.1529,0.01876,0.25019,41.007,2,42.692,28.4382,12.5843,78.2888
53.9960,0.9899,0.3829,0.01147,0.32225,95.379,2,47.118,47.9361,17.8353,63.4031
23.2177,0.8634,0.3368,0.02297,0.70934,40.428,2,37.720,30.4976,12.1061,76.7166
55.2579,0.6277,0.4073,0.01067,0.37058,70.084,5,62.837,49.3799,18.0466,62.3009
41.3241,1.0725,0.2017,0.00470,0.08429,39.399,2,33.300,42.2405,25.3913,67.7514
56.0231,0.8754,0.4176,0.01198,0.36995,46.703,3,23.951,39.8003,24.0766,69.6144
40.1284,1.0162,0.3443,0.01709,0.50498,88.567,3,62.525,47.4621,40.3899,63.7650
56.1298,0.5279,0.2109,0.01150,0.25967,75.911,4,86.301,48.9793,30.4349,62.6067
31.1868,0.8244,0.2186,0.01442,0.34628,65.536,3,65.965,25.5627,9.8626,80.4841
42.9241,0.8317,0.2030,0.01890,0.37968,75.391,5,84.461,33.7895,20.3491,74.2033
55.0357,0.7652,0.4635,0.02338,0.68609,65.309,3,72.897,45.0234,40.0152,65.6268
26.1967,0.5979,0.2685,0.02449,0.63921,36.997,3,48.447,53.6542,37.9804,59.0376
48.6426,1.0475,0.2631,0.02420,0.42729,61.091,2,6.847,43.4789,24.6271,66.8060
39.1792,0.9262,0.2202,0.00508,0.10903,7.786,1,20.983,31.9448,13.2303,75.6117
44.8471,0.7401,0.3493,0.02271,0.64696,10.677,3,63.031,43.3577,30.7744,66.8985
47.2709,0.7975,0.2129,0.01058,0.21790,21.853,3,82.759,29.4546,10.0300,77.5128
54.1845,1.0287,0.1749,0.00502,0.06986,66.336,3,60.812,46.0974,21.9886,64.8068
42.2373,0.9462,0.4421,0.00365,0.12413,65.823,5,31.225,67.8264,53.6700,48.2178
25.4812,0.5927,0.1804,0.00352,0.07968,94.176,5,23.466,49.5801,30.9151,62.1480
48.2843,0.7139,0.4023,0.00316,0.10902,69.865,4,21.492,39.4421,20.3429,69.8879
33.3963,0.7750,0.3509,0.00396,0.13675,4.130,1,75.619,27.2426,11.5818,79.2016
23.8644,0.4314,0.2322,0.00442,0.13282,62.343,2,21.644,36.0845,28.0669,72.4512
26.5073,0.8899,0.4777,0.02000,0.78820,52.747,2,56.958,36.2949,30.8246,72.2906
41.7511,0.9503,0.1553,0.02182,0.29926,32.468,2,11.105,49.5104,34.2397,62.2012
38.1914,0.6115,0.4484,0.01537,0.60113,54.074,1,31.706,35.5038,14.2633,72.8946
34.1424,1.0573,0.2396,0.00970,0.22417,15.228,2,6.742,33.8590,12.9989,74.1503
45.5598,0.9809,0.4363,0.01703,0.55457,77.241,3,39.975,40.3147,21.1928,69.2217
52.7659,0.4795,0.3994,0.01242,0.46304,31.849,2,75.654,46.3656,26.9757,64.6021
31.4093,0.9743,0.3273,0.01163,0.36698,60.790,4,45.376,44.1326,16.1862,66.3069
35.5551,0.9836,0.1993,0.01846,0.36493,72.799,2,23.824,47.5394,29.5961,63.7060
51.8851,0.6057,0.4253,0.00346,0.12571,22.624,1,33.614,48.2520,56.9612,63.1620
33.1187,0.6626,0.3802,0.02321,0.74497,16.646,4,65.374,42.6280,25.5914,67.4556
58.4308,0.5066,0.1695,0.00700,0.12903,40.679,4,8.208,43.1608,24.0056,67.0488
33.4288,0.5176,0.4626,0.02063,0.82288,37.581,3,9.660,67.6890,54.5831,48.3227
52.3016,0.9228,0.3212,0.00520,0.13640,83.182,1,37.336,44.8019,40.8113,65.7959
21.5094,0.4124,0.3929,0.00479,0.20014,63.985,2,45.460,41.2361,25.0940,68.5183
37.0803,0.6635,0.3991,0.01493,0.55584,84.589,4,28.232,30.0599,8.0586,77.0507
27.3216,0.6512,0.4761,0.01206,0.49615,59.389,2,81.928,57.0513,45.2516,56.4441
45.4811,0.5745,0.3614,0.01082,0.38153,85.571,5,43.977,42.9211,16.0328,67.2318
49.1554,1.0247,0.1945,0.01500,0.24382,0.047,2,92.937,23.0684,7.8000,82.3884
32.2451,0.5210,0.4701,0.01334,0.55236,20.382,5,66.962,32.2254,11.7137,75.3975
26.8601,1.0012,0.1822,0.00912,0.18125,40.285,1,46.632,32.7067,16.3706,75.0301
49.7228,0.6399,0.1616,0.00780,0.13338,58.832,2,48.769,31.3599,16.6103,76.0582
36.8833,0.8188,0.2840,0.02383,0.57432,44.057,3,48.094,56.5654,26.9032,56.8150
33.0692,0.8703,0.3058,0.01905,0.58558,47.079,1,57.365,36.7711,39.2797,71.9270
