index,Y_raw
0,34.23846518131177
1,33.53307891699235
2,26.944834695077493
3,34.252354333827746
4,31.615913661420098
5,35.14030177318462
6,34.466794294342996
7,34.61281633618026
8,38.56953662283349
9,34.72687720557995
10,34.23846518131177
11,34.23846518131177
12,34.23846518131177
13,34.23846518131177
14,34.23846518131177
15,33.14977005580265
16,26.862413516554437
17,26.79476986523891
18,28.416747403182526
19,26.86483149803772
20,28.17308840562637
21,26.030835448727608
22,26.813135097400426
23,27.019376862142575
24,14.516081063446254
25,26.78221781185536
26,26.862413516554437
27,26.862413516554437
28,26.862413516554437
29,26.862413516554437
30,26.862413516554437
31,19.530476812630873
32,32.04617666351622
33,32.142791294933026
34,31.017487868114866
35,32.04918288568172
36,38.75276100652987
37,31.404844335795424
38,32.52116034098098
39,32.088261510310794
40,26.33715242724585
41,33.349732255994496
42,32.04617666351622
43,32.04617666351622
44,32.04617666351622
45,32.04617666351622
46,32.04617666351622
47,30.9704463573532
48,17.92420974251274
49,19.094619839320547
50,21.881634906499503
51,17.93123137339421
52,17.733548299268254
53,19.024585858471536
54,16.673408836574048
55,18.5458424758588
56,34.499615091756425
57,16.98306668200708
58,17.92420974251274
59,17.92420974251274
60,17.92420974251274
61,17.92420974251274
62,17.92420974251274
63,33.97738332941055
64,27.791549448088936
65,27.976988502575423
66,27.304816517849748
67,27.795072913974376
68,27.527911709585627
69,27.620953870019584
70,27.68132435989132
71,27.090771579649854
72,29.565937430852944
73,28.316632241205777
74,27.791549448088936
75,27.791549448088936
76,27.791549448088936
77,27.791549448088936
78,27.791549448088936
79,28.788449122780275
80,11.520081381556544
81,11.500125563983138
82,12.657843902125501
83,11.513851110257079
84,12.252743115563716
85,12.128434274703281
86,11.609600356551162
87,12.2649986638192
88,12.295890250742913
89,11.010400840322342
90,11.520081381556544
91,11.520081381556544
92,11.520081381556544
93,11.520081381556544
94,11.520081381556544
95,15.19759280063613
96,24.060356107118455
97,23.673538750465415
98,23.731239301703084
99,24.05834888611682
100,24.407246931957662
101,24.19109403630837
102,24.727193201744708
103,24.448802602521713
104,23.789657432005068
105,24.32125169202563
106,24.060356107118455
107,24.060356107118455
108,24.060356107118455
109,24.060356107118455
110,24.060356107118455
111,24.96238929012556
112,42.084814885881165
113,41.92980918450624
114,41.76974786233995
115,42.0895298713721
116,34.216967989958206
117,42.04149305413922
118,41.41769069546372
119,41.68893284015105
120,39.31169388825451
121,41.88268686545177
122,42.084814885881165
123,42.084814885881165
124,42.084814885881165
125,42.084814885881165
126,42.084814885881165
127,29.358397155785354
128,35.95862416866104
129,34.37847746733966
130,35.61354058349206
131,35.95102772594313
132,30.930160474875713
133,35.01565122756821
134,36.11397610635971
135,35.30399440744063
136,26.938852930800664
137,37.405352475904365
138,35.95862416866104
139,35.95862416866104
140,35.95862416866104
141,35.95862416866104
142,35.95862416866104
143,16.6238495047931
144,13.410574021945704
145,14.877168681861681
146,12.638264794851748
147,13.429883768869276
148,19.172907271522487
149,14.269693389435927
150,13.577132336921059
151,13.797439777246622
152,27.83091234817536
153,13.093142332345971
154,13.410574021945704
155,13.410574021945704
156,13.410574021945704
157,13.410574021945704
158,13.410574021945704
159,39.393094620292416
160,32.54046519002089
161,34.14176742974353
162,34.0391976689377
163,32.53575702621136
164,21.344544175846107
165,34.98060463863587
166,34.28368912741896
167,32.75292860113263
168,40.83740178918145
169,32.560089864361935
170,32.54046519002089
171,32.54046519002089
172,32.54046519002089
173,32.54046519002089
174,32.54046519002089
175,29.206397642636595
176,26.34949596457556
177,26.27378903177888
178,26.2361539935527
179,26.3493264793014
180,36.54149469876738
181,25.80679563603709
182,25.82873889410001
183,26.032437053878887
184,20.474831701945718
185,25.989267759947996
186,26.34949596457556
187,26.34949596457556
188,26.34949596457556
189,26.34949596457556
190,26.34949596457556
191,24.07591730463879
192,24.69330175599687
193,24.116746846799497
194,20.310933481221042
195,24.704512537684813
196,30.587211576644183
197,25.259885800566863
198,24.384244310125723
199,25.04472388868489
200,21.28945143672277
201,24.594110573770536
202,24.69330175599687
203,24.69330175599687
204,24.69330175599687
205,24.69330175599687
206,24.69330175599687
207,21.079727932587055
208,34.34322599827165
209,34.762332692448986
210,36.084149242349746
211,34.34377928872301
212,23.08968141942594
213,34.82927859280843
214,34.36174389874105
215,34.18062694947034
216,29.434257154875308
217,33.648250255314025
218,34.34322599827165
219,34.34322599827165
220,34.34322599827165
221,34.34322599827165
222,34.34322599827165
223,23.059188523264183
224,30.498941292869382
225,31.117799629314135
226,29.793988976486695
227,30.510394083412468
228,38.01709409215229
229,30.176151910177836
230,31.13507583089114
231,30.35954108347424
232,32.20425408589971
233,32.08509269115564
234,30.498941292869382
235,30.498941292869382
236,30.498941292869382
237,30.498941292869382
238,30.498941292869382
239,42.00800331628931
240,22.807187795122573
241,21.259316126082584
242,26.133976928126593
243,22.776031085838504
244,19.22850417723374
245,22.2045940110915
246,20.09726243264361
247,23.338126342400724
248,23.589870462445518
249,21.91935488041932
250,22.807187795122573
251,22.807187795122573
252,22.807187795122573
253,22.807187795122573
254,22.807187795122573
255,17.420570837792003
256,24.070228220475048
257,24.122346208971393
258,22.116466600922347
259,24.070213714488446
260,26.443987670968866
261,24.20414027087308
262,24.593815552855293
263,23.801618054623074
264,19.108396002824907
265,23.403165135135524
266,24.070228220475048
267,24.070228220475048
268,24.070228220475048
269,24.070228220475048
270,24.070228220475048
271,18.221676385238005
272,26.71499467049775
273,25.91319884583431
274,31.545716764041376
275,26.724683037503315
276,23.98571763029327
277,26.279236759976076
278,23.32243018210295
279,27.22824863418832
280,40.68638242744583
281,27.935214278385036
282,26.71499467049775
283,26.71499467049775
284,26.71499467049775
285,26.71499467049775
286,26.71499467049775
287,38.25841723369808
288,22.181893540472227
289,24.149935770884113
290,19.15205357515473
291,22.188728042200115
292,23.348642226207303
293,21.535067254108313
294,22.7906197477748
295,22.322297184448587
296,29.412920068642894
297,21.596036318355498
298,22.181893540472227
299,22.181893540472227
300,22.181893540472227
301,22.181893540472227
302,22.181893540472227
303,28.623965820666676
304,34.82198590739773
305,34.81388574871868
306,36.972163450848
307,34.81331550825406
308,39.88109854350729
309,35.202409395157936
310,35.450639503358346
311,34.4362586592694
312,14.324741269800246
313,34.89332324801659
314,34.82198590739773
315,34.82198590739773
316,34.82198590739773
317,34.82198590739773
318,34.82198590739773
319,24.372837978315978
320,28.251801225761493
321,28.3033351292393
322,26.12493808194147
323,28.243380150187825
324,32.63589147074837
325,29.303486045797218
326,28.724850047588227
327,29.043582983286363
328,26.622323446598553
329,28.138757295425023
330,28.251801225761493
331,28.251801225761493
332,28.251801225761493
333,28.251801225761493
334,28.251801225761493
335,31.262162636068
336,33.848638739705585
337,33.7970254544043
338,34.27391176161789
339,33.847198561354524
340,30.448742306850946
341,33.20660848586533
342,33.11085631509176
343,33.75261126116608
344,34.212409534845314
345,33.65287106297127
346,33.848638739705585
347,33.848638739705585
348,33.848638739705585
349,33.848638739705585
350,33.848638739705585
351,30.002302955186224
352,38.05577199800893
353,37.4426844481271
354,39.55644295155456
355,38.052734140129736
356,33.07439485004491
357,37.26421954933673
358,38.48751959991712
359,37.93414465509205
360,37.26953396957164
361,37.20991908432261
362,38.05577199800893
363,38.05577199800893
364,38.05577199800893
365,38.05577199800893
366,38.05577199800893
367,32.12296492270221
368,14.311792515562475
369,14.051285003128104
370,10.950199152907828
371,14.300456778669279
372,13.040663336018506
373,15.036842768649267
374,14.993073554967875
375,15.300569723948193
376,16.952572459449293
377,15.172097999547693
378,14.311792515562475
379,14.311792515562475
380,14.311792515562475
381,14.311792515562475
382,14.311792515562475
383,15.886516822105962
384,28.61959356805945
385,27.533453421722285
386,26.495074838528485
387,28.613378343040328
388,37.011880408770786
389,29.069149182494854
390,29.921439785115872
391,29.170640590532944
392,32.57677357369451
393,28.831624740494586
394,28.61959356805945
395,28.61959356805945
396,28.61959356805945
397,28.61959356805945
398,28.61959356805945
399,41.83570323643076
400,36.34818812070369
401,36.40258676696126
402,37.00032029960031
403,36.348078932283066
404,33.7170404940335
405,36.57813354206242
406,36.18465079258954
407,36.03326622151877
408,23.550555642252082
409,36.54623829535378
410,36.34818812070369
411,36.34818812070369
412,36.34818812070369
413,36.34818812070369
414,36.34818812070369
415,23.63896364440698
416,24.76930459520365
417,26.46605115389667
418,26.495013762575844
419,24.75802406392161
420,31.314196897068925
421,24.356680078941427
422,24.358661097880635
423,24.218313763899587
424,17.20628846894577
425,23.76907664474316
426,24.76930459520365
427,24.76930459520365
428,24.76930459520365
429,24.76930459520365
430,24.76930459520365
431,26.24324723677728
432,18.89265497209125
433,18.059682093798216
434,17.12193172672936
435,18.913815463192357
436,13.5834804840519
437,18.035080617498096
438,18.518588509462187
439,20.79011530149974
440,32.47692749841548
441,19.51445368539541
442,18.89265497209125
443,18.89265497209125
444,18.89265497209125
445,18.89265497209125
446,18.89265497209125
447,24.261322858173415
448,39.81730116346923
449,38.434498860209395
450,36.437596335368994
451,39.831395104166134
452,25.908512721815743
453,38.831794485931525
454,40.6226806282518
455,39.544628296993544
456,42.41759724744392
457,38.20788303233627
458,39.81730116346923
459,39.81730116346923
460,39.81730116346923
461,39.81730116346923
462,39.81730116346923
463,24.755586215854706
464,13.66207020207213
465,15.264799928351005
466,15.450188193405397
467,13.651799988101079
468,18.40920949702289
469,13.963253725350153
470,12.90952058872748
471,13.360323216181222
472,20.210694249529414
473,14.120464204973358
474,13.66207020207213
475,13.66207020207213
476,13.66207020207213
477,13.66207020207213
478,13.66207020207213
479,31.312578094732267
480,27.82972392034715
481,29.926227422318373
482,23.482637943011156
483,27.841672462905684
484,22.90526683977144
485,29.6873004191667
486,27.08255307822101
487,27.631326733242208
488,20.979742208236004
489,27.63327410976096
490,27.82972392034715
491,27.82972392034715
492,27.82972392034715
493,27.82972392034715
494,27.82972392034715
495,15.113049906631554
496,29.391357140622564
497,29.44677959194254
498,31.037638749954574
499,29.391194935084762
500,38.40351320878062
501,29.110017135177895
502,28.803769548626175
503,29.131255394736918
504,28.106949902455764
505,30.00038557979888
506,29.391357140622564
507,29.391357140622564
508,29.391357140622564
509,29.391357140622564
510,29.391357140622564
511,38.288541990579425
512,27.752982463147323
513,27.178434488772048
514,26.367544927306554
515,27.750227788814044
516,36.71747079768907
517,27.9008381217604
518,27.628981250904886
519,28.48551250717674
520,14.939976561460762
521,28.433022734411136
522,27.752982463147323
523,27.752982463147323
524,27.752982463147323
525,27.752982463147323
526,27.752982463147323
527,18.591378003906502
528,36.58609202292971
529,37.543548683647465
530,38.49069592756526
531,36.58741791732955
532,25.852086016050958
533,34.688223314439384
534,36.0079591449562
535,34.13551314837345
536,40.01513923527446
537,35.23156519428168
538,36.58609202292971
539,36.58609202292971
540,36.58609202292971
541,36.58609202292971
542,36.58609202292971
543,27.155484579976456
544,17.393916166598633
545,20.616947082415347
546,14.302746601053805
547,17.371950452975735
548,21.6128162232432
549,16.89805491395658
550,16.560748254924157
551,18.785813693754925
552,33.38278461525101
553,17.563538117620304
554,17.393916166598633
555,17.393916166598633
556,17.393916166598633
557,17.393916166598633
558,17.393916166598633
559,40.58449147677945
560,25.69584308454005
561,25.771907989919477
562,30.43837401479381
563,25.69705574362411
564,24.27605731996396
565,27.812516267366448
566,27.89929635065891
567,25.27692380736051
568,24.011443960212063
569,25.732412646119357
570,25.69584308454005
571,25.69584308454005
572,25.69584308454005
573,25.69584308454005
574,25.69584308454005
575,29.599500069167753
576,25.342106271402074
577,24.31156178485428
578,21.435535526104324
579,25.377883230967974
580,21.19116301686663
581,25.8070149328603
582,23.754987945539924
583,27.758754091729227
584,25.632712618040163
585,25.665714629370854
586,25.342106271402074
587,25.342106271402074
588,25.342106271402074
589,25.342106271402074
590,25.342106271402074
591,18.98495243028773
592,27.703605469176647
593,27.83208615531809
594,28.288046166668742
595,27.704258234391784
596,35.59117237060811
597,27.960021814246975
598,27.40086849675143
599,26.337225690680935
600,25.96617255382993
601,27.786663548909292
602,27.703605469176647
603,27.703605469176647
604,27.703605469176647
605,27.703605469176647
606,27.703605469176647
607,33.401599621589305
608,40.988611437045684
609,41.43835811246007
610,42.05333700435018
611,40.99108514935884
612,26.07960244082944
613,40.393741193165006
614,40.78009781972658
615,41.722117875011286
616,42.04100044294782
617,42.962384389044715
618,40.988611437045684
619,40.988611437045684
620,40.988611437045684
621,40.988611437045684
622,40.988611437045684
623,28.994736337988773
624,18.07693242761137
625,16.701849725113668
626,16.05051117867317
627,18.075625112732386
628,24.934488664190436
629,17.971242343758252
630,19.618821725265178
631,16.280870007548288
632,16.80498064005591
633,17.170638815986784
634,18.07693242761137
635,18.07693242761137
636,18.07693242761137
637,18.07693242761137
638,18.07693242761137
639,19.81034470570544
640,21.01844017371387
641,20.38869030949917
642,18.605236681073148
643,21.02198091940385
644,23.17951961264027
645,20.08823906377204
646,22.260878388706896
647,22.885009671422768
648,28.426920276841454
649,21.026778888466456
650,21.01844017371387
651,21.01844017371387
652,21.01844017371387
653,21.01844017371387
654,21.01844017371387
655,30.75163806281183
656,34.07301004910595
657,34.054936855798786
658,35.6101409729867
659,34.07404168791945
660,38.51053978046176
661,34.92593681958963
662,34.54811466504647
663,32.0728866483714
664,21.046244641262973
665,33.368344287523556
666,34.07301004910595
667,34.07301004910595
668,34.07301004910595
669,34.07301004910595
670,34.07301004910595
671,25.288542988705718
672,25.053286157008355
673,24.882218456292804
674,25.66359428649261
675,25.055585988667026
676,26.69055272373346
677,25.42358584630776
678,24.104234277447368
679,25.45637361615712
680,18.241256308444406
681,26.23085861529531
682,25.053286157008355
683,25.053286157008355
684,25.053286157008355
685,25.053286157008355
686,25.053286157008355
687,21.218180020450585
688,31.080333746752927
689,31.327147657852425
690,26.478060816197356
691,31.05355578008015
692,28.14616155976941
693,29.8653421810404
694,32.643453948271336
695,28.43595542725939
696,43.7694732374277
697,30.011861867465015
698,31.080333746752927
699,31.080333746752927
700,31.080333746752927
701,31.080333746752927
702,31.080333746752927
703,36.99443099478618
704,38.22611257276667
705,38.61732360252794
706,37.016138150290004
707,38.22231874345883
708,34.671752725753116
709,38.22812859155256
710,38.370036450484136
711,39.5231355356132
712,34.20446282391386
713,39.64365440013288
714,38.22611257276667
715,38.22611257276667
716,38.22611257276667
717,38.22611257276667
718,38.22611257276667
719,33.447321817565445
720,21.746870330848246
721,21.750839821144854
722,24.203170368586697
723,21.75052916693645
724,19.344117057458366
725,21.81839664609385
726,22.16299290467954
727,18.591253803264394
728,12.705195079808489
729,21.37565785489335
730,21.746870330848246
731,21.746870330848246
732,21.746870330848246
733,21.746870330848246
734,21.746870330848246
735,11.48131002667605
736,23.70869438809727
737,24.514303149024204
738,17.80002005634132
739,23.706581394417494
740,26.224308135024057
741,23.563909726788044
742,20.668591602042618
743,24.56460027968837
744,30.974058316552277
745,23.841644280802328
746,23.70869438809727
747,23.70869438809727
748,23.70869438809727
749,23.70869438809727
750,23.70869438809727
751,27.486871483926453
752,28.366114873199578
753,28.190404723301054
754,30.776764268902706
755,28.361025017950784
756,26.46489067266176
757,28.623101718025868
758,28.642406115066382
759,28.0525118780993
760,30.860271278040717
761,27.917177280819438
762,28.366114873199578
763,28.366114873199578
764,28.366114873199578
765,28.366114873199578
766,28.366114873199578
767,29.833688969188064
768,31.00823305733107
769,27.891996958853227
770,21.996008919603323
771,30.96567802416923
772,20.159458188143944
773,31.024390075473267
774,29.284780256828927
775,26.207352856405222
776,43.51250414261923
777,30.66401316696201
778,31.00823305733107
779,31.00823305733107
780,31.00823305733107
781,31.00823305733107
782,31.00823305733107
783,25.251521960227223
784,19.325941674226808
785,19.63513363438896
786,22.34580817041902
787,19.33579489569621
788,28.42503814978621
789,20.321939014947663
790,20.67299004197957
791,21.752371791041547
792,13.548261476876172
793,19.24129847301365
794,19.325941674226808
795,19.325941674226808
796,19.325941674226808
797,19.325941674226808
798,19.325941674226808
799,32.85186557947555
800,37.40845296580316
801,38.22990274864054
802,37.07210629187918
803,37.407057616912596
804,32.67129576947881
805,37.19125679239631
806,37.37511100475238
807,37.047858322368185
808,22.029938537961385
809,36.61592423357758
810,37.40845296580316
811,37.40845296580316
812,37.40845296580316
813,37.40845296580316
814,37.40845296580316
815,17.34593108173251
816,22.973781930223062
817,22.219982872577727
818,24.989570891005005
819,22.977991255448377
820,30.840831868253485
821,22.346695536349838
822,23.148929298836695
823,23.518481086021456
824,25.69463482563459
825,24.07710694813637
826,22.973781930223062
827,22.973781930223062
828,22.973781930223062
829,22.973781930223062
830,22.973781930223062
831,36.9944621619175
832,34.26242130288601
833,33.33197307765775
834,34.13825455749524
835,34.264541185711245
836,40.878739659479955
837,34.45029661862002
838,33.6204838385962
839,33.541164287133576
840,34.70564303427505
841,33.37734510056081
842,34.26242130288601
843,34.26242130288601
844,34.26242130288601
845,34.26242130288601
846,34.26242130288601
847,37.867165611616535
848,21.06957799591659
849,22.924507473083786
850,20.77651688034954
851,21.070885163283975
852,18.66776863806519
853,18.42229862474582
854,23.138386663505386
855,24.376593279857566
856,25.41929459956936
857,21.911095931418448
858,21.06957799591659
859,21.06957799591659
860,21.06957799591659
861,21.06957799591659
862,21.06957799591659
863,26.74382115161387
864,20.799947207492284
865,21.440340132512375
866,22.117559851153217
867,20.815672098660187
868,26.743871294725462
869,20.412625594833244
870,20.949496996833556
871,19.612752318905063
872,17.0248116984433
873,20.098367268578166
874,20.799947207492284
875,20.799947207492284
876,20.799947207492284
877,20.799947207492284
878,20.799947207492284
879,22.234683196457762
880,35.402015980402666
881,35.16218916399786
882,35.168838159856534
883,35.39524977253199
884,22.772689466011364
885,36.8667137221815
886,35.16774870382909
887,36.9126205577334
888,35.80346369748199
889,35.53564645483016
890,35.402015980402666
891,35.402015980402666
892,35.402015980402666
893,35.402015980402666
894,35.402015980402666
895,24.74287886306322
896,36.773588527316015
897,36.715867049950056
898,36.65786396544114
899,36.775212712054795
900,43.17084111049753
901,36.776396083300675
902,36.5803366550019
903,36.082509637880015
904,31.33272796588913
905,35.14638960134046
906,36.773588527316015
907,36.773588527316015
908,36.773588527316015
909,36.773588527316015
910,36.773588527316015
911,31.99957456300331
912,20.312153539078064
913,19.801753474941965
914,22.139437366884515
915,20.302146122390035
916,21.243214479722923
917,20.375372738269757
918,21.662884259082563
919,22.888989291688087
920,28.977348671341982
921,21.05260462899801
922,20.312153539078064
923,20.312153539078064
924,20.312153539078064
925,20.312153539078064
926,20.312153539078064
927,33.72762485328906
928,26.6627208535159
929,27.731455992229257
930,26.15166226653368
931,26.65631078971682
932,25.593337430001615
933,26.52497539830158
934,26.694651837423326
935,24.11817436087103
936,37.252558787369196
937,26.51762890285426
938,26.6627208535159
939,26.6627208535159
940,26.6627208535159
941,26.6627208535159
942,26.6627208535159
943,34.74899910879871
944,25.951421606768438
945,25.985709833548697
946,25.697805115886336
947,25.955468134846452
948,25.61150272852116
949,26.168191929356663
950,26.202173719958008
951,27.199872499492432
952,11.195347008500525
953,26.397861590185137
954,25.951421606768438
955,25.951421606768438
956,25.951421606768438
957,25.951421606768438
958,25.951421606768438
959,13.674622596588842
960,18.927410390666484
961,18.84489774566499
962,13.842824568037477
963,18.920438200614058
964,18.710817151063576
965,17.926653004032172
966,17.25697710634631
967,15.74117882290863
968,24.71273892125309
969,19.11270589445013
970,18.927410390666484
971,18.927410390666484
972,18.927410390666484
973,18.927410390666484
974,18.927410390666484
975,15.002717708124562
976,30.264887662204455
977,29.795113445274968
978,34.114078194801216
979,30.26674129635162
980,25.169673632000194
981,32.96257064532826
982,31.681888705423262
983,33.439964705005586
984,39.37804502569915
985,30.30740120977933
986,30.264887662204455
987,30.264887662204455
988,30.264887662204455
989,30.264887662204455
990,30.264887662204455
991,36.65692628004009
992,31.211892811480613
993,30.66132975583426
994,29.955090573657788
995,31.207757880152784
996,31.583859545126487
997,31.70336820279954
998,31.143101333686
999,30.801499523514327
1000,26.507084004581234
1001,29.871260754390807
1002,31.211892811480613
1003,31.211892811480613
1004,31.211892811480613
1005,31.211892811480613
1006,31.211892811480613
1007,23.204656936212924
1008,30.75169648195977
1009,30.935301887618674
1010,32.95551173856374
1011,30.771330253781734
1012,31.727760728731848
1013,29.339167464120763
1014,30.40950067686909
1015,31.125813039099373
1016,25.32680630665107
1017,31.76508747450232
1018,30.75169648195977
1019,30.75169648195977
1020,30.75169648195977
1021,30.75169648195977
1022,30.75169648195977
1023,29.46677150701436
1024,27.226362304242492
1025,25.17981692592576
1026,28.54296365081307
1027,27.205671063579256
1028,35.27759315959034
1029,26.584724416205038
1030,25.70532566565065
1031,27.318613195262664
1032,29.008310334225666
1033,28.002543263623426
1034,27.226362304242492
1035,27.226362304242492
1036,27.226362304242492
1037,27.226362304242492
1038,27.226362304242492
1039,35.01563626873831
1040,34.69581260030642
1041,35.23053782036204
1042,34.33000476840091
1043,34.70227881475972
1044,31.708502759932006
1045,34.401131655509936
1046,35.23811907745859
1047,34.5052370002095
1048,33.900891257956445
1049,34.20971640511959
1050,34.69581260030642
1051,34.69581260030642
1052,34.69581260030642
1053,34.69581260030642
1054,34.69581260030642
1055,30.589826661103423
1056,25.12824397224822
1057,27.063607857969412
1058,23.893849854337088
1059,25.117364170619766
1060,32.29876460629724
1061,25.37119063498653
1062,25.211787434278577
1063,25.087461389706533
1064,27.335095956293863
1065,25.018865714425395
1066,25.12824397224822
1067,25.12824397224822
1068,25.12824397224822
1069,25.12824397224822
1070,25.12824397224822
1071,35.60750189271905
1072,20.100139030583804
1073,19.90335237792608
1074,21.324549556449046
1075,20.104950815774647
1076,13.993462516497456
1077,21.38764854496333
1078,19.182422337204827
1079,19.72916307362937
1080,20.516300753530647
1081,20.025554606421995
1082,20.100139030583804
1083,20.100139030583804
1084,20.100139030583804
1085,20.100139030583804
1086,20.100139030583804
1087,14.798661473724067
1088,41.38268636773211
1089,40.5343026477343
1090,39.78122670989138
1091,41.38384896629155
1092,26.724972152463312
1093,40.95439187671358
1094,40.96995276129757
1095,41.99080524280536
1096,32.29023302402804
1097,40.60042442525209
1098,41.38268636773211
1099,41.38268636773211
1100,41.38268636773211
1101,41.38268636773211
1102,41.38268636773211
1103,15.932439178174647
1104,14.720403566744183
1105,14.479693300139113
1106,16.747972233508428
1107,14.71898605866365
1108,19.803497508580836
1109,17.41043473869081
1110,16.203905906902346
1111,13.908995610441359
1112,25.666857965174504
1113,14.95804565951085
1114,14.720403566744183
1115,14.720403566744183
1116,14.720403566744183
1117,14.720403566744183
1118,14.720403566744183
1119,36.51792985477607
1120,25.84817051202518
1121,27.278435590459825
1122,19.791368638733644
1123,25.873740224270062
1124,20.327157153208184
1125,27.06725439807151
1126,26.00418573977661
1127,25.03115078232356
1128,32.493270479037186
1129,26.60098954105027
1130,25.84817051202518
1131,25.84817051202518
1132,25.84817051202518
1133,25.84817051202518
1134,25.84817051202518
1135,23.487439560275863
1136,30.891195948201812
1137,30.24291642660593
1138,32.11918938794291
1139,30.884060608109202
1140,40.78473963112411
1141,29.97118373550254
1142,30.991836286232807
1143,31.419849235350338
1144,19.530101847764897
1145,30.451629786364894
1146,30.891195948201812
1147,30.891195948201812
1148,30.891195948201812
1149,30.891195948201812
1150,30.891195948201812
1151,27.055377759501773
1152,25.84324488920485
1153,25.37611747461319
1154,23.817560177583637
1155,25.84434688719704
1156,29.3787666014786
1157,25.745223531136894
1158,25.141956233501805
1159,26.381510413007916
1160,27.70570222556541
1161,25.78724904206795
1162,25.84324488920485
1163,25.84324488920485
1164,25.84324488920485
1165,25.84324488920485
1166,25.84324488920485
1167,29.81556858760821
1168,23.459243116176733
1169,23.494685345201862
1170,27.09063882601526
1171,23.45195198136401
1172,20.47157728186591
1173,23.899184333492965
1174,25.804284957716675
1175,20.897480854581236
1176,29.73217773902909
1177,24.195900778821894
1178,23.459243116176733
1179,23.459243116176733
1180,23.459243116176733
1181,23.459243116176733
1182,23.459243116176733
1183,29.683483937043025
1184,22.48682356158341
1185,21.845559006847644
1186,20.39610603905005
1187,22.486466038498218
1188,23.89634631752368
1189,22.670844511959483
1190,22.366713828796346
1191,21.494085635908327
1192,18.471075531230714
1193,22.875630546565656
1194,22.48682356158341
1195,22.48682356158341
1196,22.48682356158341
1197,22.48682356158341
1198,22.48682356158341
1199,17.11938545522694
1200,36.39651271913051
1201,36.533308832725915
1202,38.367993566226815
1203,36.40223835984
1204,41.49288345582202
1205,36.30899776836244
1206,36.369635080884144
1207,37.06903140750603
1208,32.785395713995236
1209,35.5071645545009
1210,36.39651271913051
1211,36.39651271913051
1212,36.39651271913051
1213,36.39651271913051
1214,36.39651271913051
1215,41.29733237593285
1216,28.01458661350942
1217,28.859709382904878
1218,28.85250093080133
1219,28.00891395047343
1220,31.92297042297077
1221,28.922872617010754
1222,27.021436552235638
1223,28.075991513418217
1224,32.798579317732276
1225,28.304526499151752
1226,28.01458661350942
1227,28.01458661350942
1228,28.01458661350942
1229,28.01458661350942
1230,28.01458661350942
1231,38.65089548406969
1232,33.796999537559785
1233,34.003950842093175
1234,33.56731125345321
1235,33.796464381773646
1236,31.360670795799333
1237,33.226219820676526
1238,34.20384016174431
1239,33.46585256811106
1240,25.982860242920832
1241,32.74706997514158
1242,33.796999537559785
1243,33.796999537559785
1244,33.796999537559785
1245,33.796999537559785
1246,33.796999537559785
1247,21.575983224172106
1248,36.34547132672606
1249,36.336625960454995
1250,35.46336209420164
1251,36.33405600119242
1252,31.24206273014446
1253,35.39405248771609
1254,36.21190320777361
1255,35.83226844248062
1256,23.337065562643474
1257,36.494312471270355
1258,36.34547132672606
1259,36.34547132672606
1260,36.34547132672606
1261,36.34547132672606
1262,36.34547132672606
1263,16.295278208124785
1264,11.770060611460895
1265,11.648602620116522
1266,13.767994019315168
1267,11.780290084680011
1268,10.950199006296128
1269,12.929414214165533
1270,12.05771023233943
1271,11.777259697880742
1272,24.66772112827979
1273,11.867637278627768
1274,11.770060611460895
1275,11.770060611460895
1276,11.770060611460895
1277,11.770060611460895
1278,11.770060611460895
1279,24.7776310179579
1280,34.6407387027766
1281,33.64165807564192
1282,34.98650840897736
1283,34.63469684279208
1284,29.985380953714348
1285,34.46643902702176
1286,34.6954298708834
1287,34.753559767473675
1288,34.008181838913046
1289,35.17383728745322
1290,34.6407387027766
1291,34.6407387027766
1292,34.6407387027766
1293,34.6407387027766
1294,34.6407387027766
1295,29.225664089025127
1296,10.031909607910132
1297,10.130156874962884
1298,10.30963149389714
1299,10.031863316909684
1300,14.161862418764102
1301,11.975973048658838
1302,10.836023440101627
1303,10.568261855117779
1304,13.524852948526895
1305,10.022757445507146
1306,10.031909607910132
1307,10.031909607910132
1308,10.031909607910132
1309,10.031909607910132
1310,10.031909607910132
1311,24.5410319022898
1312,36.55111229115625
1313,39.07719263175601
1314,36.945717121108146
1315,36.53843250710495
1316,25.04782087118186
1317,37.02837488657972
1318,34.482708632882435
1319,37.43594649769451
1320,31.30941594490427
1321,34.94159951932974
1322,36.55111229115625
1323,36.55111229115625
1324,36.55111229115625
1325,36.55111229115625
1326,36.55111229115625
1327,22.55776210305591
1328,27.075258013148474
1329,26.685707211189477
1330,26.68137899209895
1331,27.081744008251917
1332,36.674769442111185
1333,26.56313283045866
1334,27.159317537607464
1335,27.055265006593693
1336,26.39978457478242
1337,27.49444231316553
1338,27.075258013148474
1339,27.075258013148474
1340,27.075258013148474
1341,27.075258013148474
1342,27.075258013148474
1343,34.45387887920705
1344,23.54564860894505
1345,22.346163780206627
1346,22.751969050248434
1347,23.56037692596283
1348,29.098815290275905
1349,22.861080672600963
1350,24.392089124134582
1351,22.159854075442063
1352,28.67927972237657
1353,22.99764936938463
1354,23.54564860894505
1355,23.54564860894505
1356,23.54564860894505
1357,23.54564860894505
1358,23.54564860894505
1359,32.45610383964439
1360,36.35564028346097
1361,37.2993501637053
1362,36.95819314767551
1363,36.34635826481708
1364,24.84002459423299
1365,35.942769954572235
1366,36.84572062017708
1367,37.062234331439655
1368,15.73812232081653
1369,36.604669885631736
1370,36.35564028346097
1371,36.35564028346097
1372,36.35564028346097
1373,36.35564028346097
1374,36.35564028346097
1375,15.183004621651573
1376,30.8751889617924
1377,31.37557488017262
1378,27.348904937294105
1379,30.880538330548063
1380,37.461346406951954
1381,31.003617076761024
1382,30.011795315025974
1383,31.444229626780377
1384,28.458311421482904
1385,31.318132400066524
1386,30.8751889617924
1387,30.8751889617924
1388,30.8751889617924
1389,30.8751889617924
1390,30.8751889617924
1391,29.502821284514436
1392,18.115656256550203
1393,17.056505526781617
1394,25.932492517206548
1395,18.11301782539154
1396,15.654952355639143
1397,19.377933988175098
1398,19.56754208994256
1399,16.466471322799897
1400,35.36829909161196
1401,18.18057532083242
1402,18.115656256550203
1403,18.115656256550203
1404,18.115656256550203
1405,18.115656256550203
1406,18.115656256550203
1407,32.750148719969005
1408,32.68192606602038
1409,32.55900925843003
1410,29.168403395141546
1411,32.681538349056716
1412,31.07535647514067
1413,33.73542881287837
1414,31.697086121755483
1415,30.782622750639963
1416,25.877341411978435
1417,32.33203548969298
1418,32.68192606602038
1419,32.68192606602038
1420,32.68192606602038
1421,32.68192606602038
1422,32.68192606602038
1423,17.249705715985996
1424,26.0646938173931
1425,25.617864402700082
1426,26.689215833998066
1427,26.068947303711724
1428,26.67050539457019
1429,25.50370239051792
1430,25.717726167738626
1431,26.317101509012325
1432,25.03576994248865
1433,26.534216873292234
1434,26.0646938173931
1435,26.0646938173931
1436,26.0646938173931
1437,26.0646938173931
1438,26.0646938173931
1439,25.313525505294383
1440,33.154073583834275
1441,33.89626909511315
1442,31.248121180702523
1443,33.15771242702307
1444,40.281432140055415
1445,32.622127964754995
1446,32.89144948499796
1447,33.6149287642464
1448,34.24902358891394
1449,33.11122947572772
1450,33.154073583834275
1451,33.154073583834275
1452,33.154073583834275
1453,33.154073583834275
1454,33.154073583834275
1455,38.972425857789865
1456,16.580113641388902
1457,16.5597561476505
1458,25.065853596548536
1459,16.5758670804488
1460,16.34570989066936
1461,18.35385858475625
1462,18.979083945554894
1463,14.883149321131768
1464,21.375926966416625
1465,16.274159911597174
1466,16.580113641388902
1467,16.580113641388902
1468,16.580113641388902
1469,16.580113641388902
1470,16.580113641388902
1471,28.873319019922235
1472,28.880095056177215
1473,28.942646008445735
1474,28.22171388246129
1475,28.875784770923133
1476,28.046831224137524
1477,28.985409372687478
1478,28.707560612231195
1479,28.85308568574608
1480,22.837078217587923
1481,28.915804266435305
1482,28.880095056177215
1483,28.880095056177215
1484,28.880095056177215
1485,28.880095056177215
1486,28.880095056177215
1487,20.808054136652064
1488,20.352943613473943
1489,20.13205212787247
1490,20.437575343669803
1491,20.346932419223137
1492,22.127948147028352
1493,19.557399047897693
1494,19.217957871918273
1495,20.70543666395365
1496,33.10304500187173
1497,20.11280167580549
1498,20.352943613473943
1499,20.352943613473943
1500,20.352943613473943
1501,20.352943613473943
1502,20.352943613473943
1503,34.560233434878164
1504,21.856666288316347
1505,21.617471199639002
1506,22.256448604402085
1507,21.854928745685534
1508,21.98192760202605
1509,21.508428827710944
1510,21.234452199599236
1511,22.08976636658355
1512,27.005764948391686
1513,21.38393583858957
1514,21.856666288316347
1515,21.856666288316347
1516,21.856666288316347
1517,21.856666288316347
1518,21.856666288316347
1519,26.420561184331877
1520,40.043211660510146
1521,40.03579894276296
1522,40.60507335639348
1523,40.037966345244456
1524,32.8860798572011
1525,40.2510459032425
1526,41.29256645611095
1527,40.04779835561944
1528,24.86673991338597
1529,41.52508863032992
1530,40.043211660510146
1531,40.043211660510146
1532,40.043211660510146
1533,40.043211660510146
1534,40.043211660510146
1535,25.489019080379137
1536,37.64166144628758
1537,37.61595933333082
1538,37.15928684309348
1539,37.64254610669812
1540,44.87877860353691
1541,37.656400995235124
1542,38.03282812780204
1543,36.72913517477441
1544,38.81373980360632
1545,36.97045829011547
1546,37.64166144628758
1547,37.64166144628758
1548,37.64166144628758
1549,37.64166144628758
1550,37.64166144628758
1551,44.765954136429635
1552,16.856798730921945
1553,16.910576162995355
1554,17.08388099454096
1555,16.85824269657971
1556,17.0564642790129
1557,16.70591888342995
1558,15.890060441705701
1559,19.594565602821998
1560,18.08894121863263
1561,16.980826577020274
1562,16.856798730921945
1563,16.856798730921945
1564,16.856798730921945
1565,16.856798730921945
1566,16.856798730921945
1567,20.45784010923165
1568,24.290701122726297
1569,24.807300388110548
1570,24.755802104732023
1571,24.296528038863904
1572,23.398714936525092
1573,24.08523922245329
1574,23.06686409532682
1575,22.806133821183437
1576,24.704362014372887
1577,24.833235848980355
1578,24.290701122726297
1579,24.290701122726297
1580,24.290701122726297
1581,24.290701122726297
1582,24.290701122726297
1583,22.492640448855322
1584,26.49378809431173
1585,26.735457296799137
1586,26.764343907058773
1587,26.485936086096796
1588,25.835594000063438
1589,26.56814212345945
1590,25.796619069976682
1591,26.964533951378776
1592,25.10593427386618
1593,26.13646111902116
1594,26.49378809431173
1595,26.49378809431173
1596,26.49378809431173
1597,26.49378809431173
1598,26.49378809431173
1599,24.61425885111836
1600,14.714373370712659
1601,15.3650941978976
1602,12.632514273308566
1603,14.704311153367684
1604,14.003485583016044
1605,14.355530764732947
1606,17.38451172031311
1607,13.50074787471735
1608,25.893983757257285
1609,15.091906056268032
1610,14.714373370712659
1611,14.714373370712659
1612,14.714373370712659
1613,14.714373370712659
1614,14.714373370712659
1615,24.889709758208145
1616,35.466121412650715
1617,35.23444389570553
1618,36.74665105641806
1619,35.47469322955783
1620,30.297818675181965
1621,36.34555517244642
1622,34.793803478646865
1623,37.60377403973839
1624,30.36231028469328
1625,35.01125715579994
1626,35.466121412650715
1627,35.466121412650715
1628,35.466121412650715
1629,35.466121412650715
1630,35.466121412650715
1631,28.943151726720906
1632,32.112233619005636
1633,32.050280576405456
1634,30.674273694279844
1635,32.11198111328232
1636,32.00016430394328
1637,32.31741681724482
1638,32.00010192050343
1639,31.708574064606562
1640,20.840391268820365
1641,32.02678242209247
1642,32.112233619005636
1643,32.112233619005636
1644,32.112233619005636
1645,32.112233619005636
1646,32.112233619005636
1647,13.452486889031258
1648,25.38464882725767
1649,25.374910492904153
1650,33.503719055867755
1651,25.38232951181847
1652,26.36530277314559
1653,23.64671649837202
1654,25.17231770029582
1655,28.15976133383295
1656,31.240101027992825
1657,25.06710786278294
1658,25.38464882725767
1659,25.38464882725767
1660,25.38464882725767
1661,25.38464882725767
1662,25.38464882725767
1663,37.63667221251658
1664,23.543811015829046
1665,20.095467968921895
1666,22.525736519745635
1667,23.527255407954137
1668,15.482987633145465
1669,23.52852512100425
1670,24.232600951737343
1671,21.554017673921297
1672,36.822812655926036
1673,23.85775670180863
1674,23.543811015829046
1675,23.543811015829046
1676,23.543811015829046
1677,23.543811015829046
1678,23.543811015829046
1679,21.930818734966977
1680,22.17972756767505
1681,22.541652064550135
1682,22.93419870086258
1683,22.180860125776107
1684,32.161541462342
1685,21.499543331716378
1686,20.77884888940882
1687,23.160908331699055
1688,25.150731018295183
1689,21.33829314183795
1690,22.17972756767505
1691,22.17972756767505
1692,22.17972756767505
1693,22.17972756767505
1694,22.17972756767505
1695,35.26050285855739
1696,39.734182783083966
1697,40.06800139896723
1698,38.66779949284957
1699,39.72974393463857
1700,35.804840495576336
1701,39.75894356169189
1702,39.88614065111232
1703,39.22061095363865
1704,37.61848865197474
1705,39.75078190372113
1706,39.734182783083966
1707,39.734182783083966
1708,39.734182783083966
1709,39.734182783083966
1710,39.734182783083966
1711,31.004977433239404
1712,19.908680990519102
1713,19.351372795722376
1714,25.536991256566353
1715,19.923050258721492
1716,26.68714424702797
1717,20.874235943202073
1718,20.256337663394046
1719,22.04803147604396
1720,10.923429861544086
1721,20.1332641663798
1722,19.908680990519102
1723,19.908680990519102
1724,19.908680990519102
1725,19.908680990519102
1726,19.908680990519102
1727,26.31563418300694
1728,34.26782266657678
1729,34.199831902559524
1730,34.40031025261983
1731,34.276590016704546
1732,40.91403407096063
1733,34.77600813660757
1734,34.49864749963129
1735,33.155999217807526
1736,26.300994909960252
1737,34.073845017730584
1738,34.26782266657678
1739,34.26782266657678
1740,34.26782266657678
1741,34.26782266657678
1742,34.26782266657678
1743,31.25727119300001
1744,21.64688129588136
1745,21.421529896363072
1746,21.645494259128068
1747,21.657851975164785
1748,19.505368858874917
1749,20.930591816012008
1750,19.11104463445677
1751,24.026371037331195
1752,32.89851822800372
1753,22.353420436580244
1754,21.64688129588136
1755,21.64688129588136
1756,21.64688129588136
1757,21.64688129588136
1758,21.64688129588136
1759,30.61753027157433
1760,18.367827008831163
1761,19.97010811079296
1762,18.578459435209915
1763,18.372720045174454
1764,23.184786890361053
1765,16.99849355134846
1766,19.037358281843524
1767,16.821798018932295
1768,25.097389242524613
1769,18.738212389492713
1770,18.367827008831163
1771,18.367827008831163
1772,18.367827008831163
1773,18.367827008831163
1774,18.367827008831163
1775,31.716463216848556
1776,36.64812546385968
1777,34.749588899363154
1778,34.746458154664445
1779,36.64650135358601
1780,24.50170595275503
1781,37.05608110995336
1782,37.33964173472964
1783,37.39073457280612
1784,22.27566829908558
1785,35.53270426654831
1786,36.64812546385968
1787,36.64812546385968
1788,36.64812546385968
1789,36.64812546385968
1790,36.64812546385968
1791,13.527822813906258
1792,20.975048765695718
1793,20.83632684439463
1794,22.316801551567192
1795,20.99197002067768
1796,23.532289505252926
1797,20.108210509751142
1798,20.79923788709688
1799,23.961591563067905
1800,16.873674696984413
1801,20.442350070507015
1802,20.975048765695718
1803,20.975048765695718
1804,20.975048765695718
1805,20.975048765695718
1806,20.975048765695718
1807,22.780480697638144
1808,33.960156565956844
1809,33.45575007599185
1810,32.74147918853986
1811,33.94523198836878
1812,37.426473346594875
1813,35.02685613824028
1814,33.79610339305069
1815,32.1245024638951
1816,34.07558306559067
1817,34.38615819391502
1818,33.960156565956844
1819,33.960156565956844
1820,33.960156565956844
1821,33.960156565956844
1822,33.960156565956844
1823,35.820948714600796
1824,25.52923524369345
1825,26.081665733429755
1826,25.221081142928668
1827,25.53097853867016
1828,27.30826733259829
1829,26.41575408749744
1830,26.103576209795502
1831,26.30481702105448
1832,24.7354715614191
1833,26.07796559172436
1834,25.52923524369345
1835,25.52923524369345
1836,25.52923524369345
1837,25.52923524369345
1838,25.52923524369345
1839,29.497182887142284
1840,31.151875049173505
1841,31.1850197159381
1842,32.94790243723397
1843,31.15238729106096
1844,28.008166878231776
1845,28.109412792867094
1846,28.65408761270281
1847,29.66460534619865
1848,32.65108783588209
1849,31.207707106633578
1850,31.151875049173505
1851,31.151875049173505
1852,31.151875049173505
1853,31.151875049173505
1854,31.151875049173505
1855,25.49535348155404
1856,39.41552350255411
1857,39.340887826081776
1858,38.36504656189136
1859,39.41618742613479
1860,34.83812393026516
1861,39.39913426764855
1862,39.49538233132444
1863,39.6958399296989
1864,30.920107207412237
1865,40.29984002330844
1866,39.41552350255411
1867,39.41552350255411
1868,39.41552350255411
1869,39.41552350255411
1870,39.41552350255411
1871,25.219487732428934
1872,21.598572982851643
1873,21.86276763463547
1874,23.546193683777943
1875,21.5951356627729
1876,19.678599222030492
1877,21.55404219025496
1878,21.654649069196974
1879,20.15762434622131
1880,24.38915096163136
1881,21.546064593617434
1882,21.598572982851643
1883,21.598572982851643
1884,21.598572982851643
1885,21.598572982851643
1886,21.598572982851643
1887,23.18035837787669
1888,13.357807358624008
1889,11.777768514110797
1890,9.587856816002315
1891,13.354985539589116
1892,14.67639432324478
1893,13.355087225327773
1894,15.382483615924118
1895,15.924729439567335
1896,35.310618014856956
1897,12.675597836891631
1898,13.357807358624008
1899,13.357807358624008
1900,13.357807358624008
1901,13.357807358624008
1902,13.357807358624008
1903,37.12111680760291
1904,28.63406229273705
1905,28.74816562683977
1906,31.7243331682519
1907,28.643118983922733
1908,26.996805498660777
1909,28.669971757541557
1910,27.958883146792818
1911,26.57239150954352
1912,25.80732307349834
1913,29.275646109257547
1914,28.63406229273705
1915,28.63406229273705
1916,28.63406229273705
1917,28.63406229273705
1918,28.63406229273705
1919,26.6245996376107
1920,28.408046125732923
1921,27.90378733460599
1922,27.545269268742192
1923,28.40335966119955
1924,37.82678250579883
1925,28.736832913368694
1926,28.316150518358512
1927,28.76937007192863
1928,25.511126393528656
1929,28.381096199052195
1930,28.408046125732923
1931,28.408046125732923
1932,28.408046125732923
1933,28.408046125732923
1934,28.408046125732923
1935,33.0340923485901
1936,27.59252466711338
1937,27.60429376927178
1938,31.69346798836197
1939,27.591807569039954
1940,18.721115772074846
1941,26.504875777308825
1942,28.096844956338835
1943,24.531267190808244
1944,18.894735741680627
1945,27.387439252646587
1946,27.59252466711338
1947,27.59252466711338
1948,27.59252466711338
1949,27.59252466711338
1950,27.59252466711338
1951,14.28007973842312
1952,16.857264905736
1953,19.77415210939153
1954,13.239885674790688
1955,16.856231805152486
1956,21.517226168043223
1957,14.669858340831654
1958,18.75399596597266
1959,18.878263644884218
1960,23.223497879567134
1961,16.528195757383514
1962,16.857264905736
1963,16.857264905736
1964,16.857264905736
1965,16.857264905736
1966,16.857264905736
1967,25.90456232948036
1968,31.931704425129837
1969,31.21887421195369
1970,33.753547943617704
1971,31.92972404548146
1972,29.701810482631238
1973,32.23252679336322
1974,30.970804941981438
1975,30.118984348768922
1976,34.96464094515301
1977,33.00323122327879
1978,31.931704425129837
1979,31.931704425129837
1980,31.931704425129837
1981,31.931704425129837
1982,31.931704425129837
1983,33.06347596451904
1984,23.745668973893782
1985,21.341693625806386
1986,26.30534477781092
1987,23.764122863189534
1988,19.734735805480927
1989,22.850275098645238
1990,23.98126571029059
1991,27.46471219990243
1992,34.844800776856864
1993,23.619873139725918
1994,23.745668973893782
1995,23.745668973893782
1996,23.745668973893782
1997,23.745668973893782
1998,23.745668973893782
1999,30.022313038057497
2000,29.26138637041647
2001,29.809972306520173
2002,29.16481759204112
2003,29.261390807459517
2004,37.81991671862088
2005,28.96929707907338
2006,29.260770636124736
2007,27.526717690336273
2008,14.198759505740934
2009,29.73458059716622
2010,29.26138637041647
2011,29.26138637041647
2012,29.26138637041647
2013,29.26138637041647
2014,29.26138637041647
2015,14.793396197177177
2016,41.47323284315345
2017,41.85794190977306
2018,40.67796700725931
2019,41.486186741094954
2020,25.491080238026132
2021,41.781834240341674
2022,41.91891986589877
2023,41.971670183847664
2024,35.99992886075499
2025,41.32373081468289
2026,41.47323284315345
2027,41.47323284315345
2028,41.47323284315345
2029,41.47323284315345
2030,41.47323284315345
2031,23.02213446102644
2032,17.34334822897746
2033,16.957577269616312
2034,18.345241979476125
2035,17.330005634136185
2036,24.464740068203792
2037,17.72099948489656
2038,16.182338497240554
2039,16.472136508267333
2040,25.87987069065957
2041,17.118010705422968
2042,17.34334822897746
2043,17.34334822897746
2044,17.34334822897746
2045,17.34334822897746
2046,17.34334822897746
2047,34.825771850465756
2048,32.67098762691094
2049,31.947759277429594
2050,33.3212681846873
2051,32.68812094110066
2052,33.872912899673
2053,33.60152160920245
2054,32.75000359894378
2055,33.11135703735539
2056,36.66390119790472
2057,31.48255466873433
2058,32.67098762691094
2059,32.67098762691094
2060,32.67098762691094
2061,32.67098762691094
2062,32.67098762691094
2063,37.675214458677516
2064,27.588515111424197
2065,27.72085777787545
2066,27.22147856195345
2067,27.588686954226237
2068,33.216866343011795
2069,27.70366118331873
2070,27.612938977728675
2071,27.50584751501139
2072,18.53693708363101
2073,27.967813401762722
2074,27.588515111424197
2075,27.588515111424197
2076,27.588515111424197
2077,27.588515111424197
2078,27.588515111424197
2079,22.07091303866133
2080,33.1062469586287
2081,33.27821267832948
2082,33.20624106353903
2083,33.11647994915696
2084,33.76444305548352
2085,32.77971391938181
2086,32.15150987013707
2087,32.895205596880515
2088,28.248208861360624
2089,34.04310701398001
2090,33.1062469586287
2091,33.1062469586287
2092,33.1062469586287
2093,33.1062469586287
2094,33.1062469586287
2095,27.78423277216607
2096,15.223786647954192
2097,15.468719059541673
2098,15.425483682126476
2099,15.217997274827528
2100,14.148127688501587
2101,14.290393087096746
2102,17.10100347792192
2103,15.89925880843787
2104,30.84552164156366
2105,15.06886429147411
2106,15.223786647954192
2107,15.223786647954192
2108,15.223786647954192
2109,15.223786647954192
2110,15.223786647954192
2111,29.114197757725762
2112,31.885713995095113
2113,31.986102864776704
2114,28.625232718475672
2115,31.876656397373292
2116,25.11526233334477
2117,30.953753720750935
2118,31.755922622703473
2119,31.468141790899896
2120,31.56233164067038
2121,32.21713415924224
2122,31.885713995095113
2123,31.885713995095113
2124,31.885713995095113
2125,31.885713995095113
2126,31.885713995095113
2127,19.37569373108642
2128,20.164625058693908
2129,20.184476738025257
2130,25.245564542850715
2131,20.169435474778805
2132,19.994439390234437
2133,21.737495973451992
2134,20.386320653480528
2135,20.663043156574346
2136,14.120323072937978
2137,20.269186393646585
2138,20.164625058693908
2139,20.164625058693908
2140,20.164625058693908
2141,20.164625058693908
2142,20.164625058693908
2143,21.552109391908196
2144,18.521404104427543
2145,17.89783515088736
2146,18.184430779191867
2147,18.51262408131372
2148,18.920473626296445
2149,20.640242908564712
2150,17.137754952798964
2151,18.55284164524099
2152,21.652814707444843
2153,17.84083223163869
2154,18.521404104427543
2155,18.521404104427543
2156,18.521404104427543
2157,18.521404104427543
2158,18.521404104427543
2159,21.436563949093067
2160,37.49982843204324
2161,37.24713030585591
2162,38.3632053401711
2163,37.4991802756488
2164,38.91919887914523
2165,36.966301446004046
2166,37.91019816389491
2167,37.0556514492662
2168,37.78102770029642
2169,38.15745431874052
2170,37.49982843204324
2171,37.49982843204324
2172,37.49982843204324
2173,37.49982843204324
2174,37.49982843204324
2175,40.01109604994828
2176,32.021465672228686
2177,29.51132119098526
2178,26.876421691801305
2179,32.021703844209476
2180,26.734326559154372
2181,31.975640492857533
2182,32.37846364704948
2183,31.485607365320668
2184,19.615936125843696
2185,31.51954317383694
2186,32.021465672228686
2187,32.021465672228686
2188,32.021465672228686
2189,32.021465672228686
2190,32.021465672228686
2191,9.09597107661374
2192,18.32049016781795
2193,18.21075716420479
2194,25.745810881633375
2195,18.322041691023255
2196,19.750592505777107
2197,18.5963030417462
2198,18.20883109382168
2199,19.478213902601805
2200,32.46632123926227
2201,18.192588316991923
2202,18.32049016781795
2203,18.32049016781795
2204,18.32049016781795
2205,18.32049016781795
2206,18.32049016781795
2207,38.26484519302588
2208,30.47583689322823
2209,31.799839310124774
2210,27.938385255203094
2211,30.46702531199971
2212,25.00060213700906
2213,30.86976148756776
2214,28.911904361519873
2215,31.210506843246485
2216,39.95330773843682
2217,29.95422650339059
2218,30.47583689322823
2219,30.47583689322823
2220,30.47583689322823
2221,30.47583689322823
2222,30.47583689322823
2223,31.992036410338223
2224,27.45177856235809
2225,27.101750310596753
2226,28.02365409561721
2227,27.45810526876401
2228,40.26799608923405
2229,27.372342307870593
2230,28.159362127404716
2231,26.983852415923803
2232,22.01647611044521
2233,27.974960008759126
2234,27.45177856235809
2235,27.45177856235809
2236,27.45177856235809
2237,27.45177856235809
2238,27.45177856235809
2239,34.748424423327435
2240,21.016384219284973
2241,20.426566509385495
2242,21.331237411368537
2243,21.025976245351007
2244,31.92176103380873
2245,21.767785057469144
2246,20.737714623877913
2247,21.211772707017634
2248,14.123665860048968
2249,20.76085952492457
2250,21.016384219284973
2251,21.016384219284973
2252,21.016384219284973
2253,21.016384219284973
2254,21.016384219284973
2255,22.2242590560757
2256,43.1844129260264
2257,43.41172354735611
2258,43.21872603484964
2259,43.185033707605896
2260,32.48080606370196
2261,42.66828224012248
2262,43.15637866001388
2263,43.353018883100205
2264,37.56696751211816
2265,44.286613229455206
2266,43.1844129260264
2267,43.1844129260264
2268,43.1844129260264
2269,43.1844129260264
2270,43.1844129260264
2271,29.005718131094913
2272,28.90162870018117
2273,29.77218155578524
2274,28.100948141772054
2275,28.900575067179876
2276,32.16284241248112
2277,28.23190307383614
2278,27.962278585445386
2279,28.951585082223644
2280,31.89211949629361
2281,29.1092696884259
2282,28.90162870018117
2283,28.90162870018117
2284,28.90162870018117
2285,28.90162870018117
2286,28.90162870018117
2287,34.945119672420155
2288,12.8857716879355
2289,11.83332916000742
2290,13.60066208817864
2291,12.897656432836591
2292,9.298432995298672
2293,14.163055587776581
2294,14.413413874374799
2295,13.67674485173871
2296,20.648609331361882
2297,12.67369951215273
2298,12.8857716879355
2299,12.8857716879355
2300,12.8857716879355
2301,12.8857716879355
2302,12.8857716879355
2303,17.08669023825613
2304,29.17203917613846
2305,29.22114221721628
2306,28.42814445112193
2307,29.17856555700485
2308,33.986097230102416
2309,28.632490597863818
2310,28.481357911940997
2311,28.936511152432082
2312,28.222669599512358
2313,28.942337567256086
2314,29.17203917613846
2315,29.17203917613846
2316,29.17203917613846
2317,29.17203917613846
2318,29.17203917613846
2319,29.007963090984738
2320,11.841696576181048
2321,12.037357920306716
2322,12.683794586383206
2323,11.837003760656065
2324,12.59265890584786
2325,12.276581983030402
2326,12.611004367299902
2327,11.587575016799871
2328,34.35156607289062
2329,11.846500955465142
2330,11.841696576181048
2331,11.841696576181048
2332,11.841696576181048
2333,11.841696576181048
2334,11.841696576181048
2335,37.253376753412724
2336,23.680741577115498
2337,25.241692729026035
2338,25.059751702598977
2339,23.682489050589922
2340,21.69995652321754
2341,25.300414616934255
2342,24.529405217450925
2343,23.475576477896226
2344,27.32327753533622
2345,24.177007766143447
2346,23.680741577115498
2347,23.680741577115498
2348,23.680741577115498
2349,23.680741577115498
2350,23.680741577115498
2351,28.929119998697654
2352,35.90068946166246
2353,35.87372042536701
2354,35.59320206820232
2355,35.90211476111483
2356,37.13925031147024
2357,35.748562775850516
2358,36.172478869067305
2359,35.70035128624587
2360,15.938881541779716
2361,35.82205361549156
2362,35.90068946166246
2363,35.90068946166246
2364,35.90068946166246
2365,35.90068946166246
2366,35.90068946166246
2367,15.432769751840889
2368,33.58217854316618
2369,33.57175939315172
2370,28.726688257785387
2371,33.56638207268511
2372,30.334021192826953
2373,34.37503005861437
2374,31.52875285865865
2375,34.35548116263773
2376,32.69738611168382
2377,34.546057728301676
2378,33.58217854316618
2379,33.58217854316618
2380,33.58217854316618
2381,33.58217854316618
2382,33.58217854316618
2383,25.22467831837106
2384,28.413383617212226
2385,28.68269599268705
2386,29.949433802602275
2387,28.414722541352326
2388,24.948824260132216
2389,28.60828044433536
2390,28.852450339572222
2391,28.12063421514581
2392,29.807061668918603
2393,27.88580313844459
2394,28.413383617212226
2395,28.413383617212226
2396,28.413383617212226
2397,28.413383617212226
2398,28.413383617212226
2399,27.132377312315143
2400,40.8581865576724
2401,40.243071813523265
2402,38.53953039872792
2403,40.84182738259383
2404,38.165224361918696
2405,40.611693802323316
2406,41.33704730736686
2407,40.30428635608961
2408,39.9828669404941
2409,40.38679840998802
2410,40.8581865576724
2411,40.8581865576724
2412,40.8581865576724
2413,40.8581865576724
2414,40.8581865576724
2415,33.394764104075016
2416,13.40903370643795
2417,13.383085364618962
2418,16.672182405988146
2419,13.41516008251434
2420,15.911147525985127
2421,12.639599612880374
2422,13.741676019667473
2423,14.289481584764358
2424,14.154463320579753
2425,13.368938563108484
2426,13.40903370643795
2427,13.40903370643795
2428,13.40903370643795
2429,13.40903370643795
2430,13.40903370643795
2431,21.013578671846272
2432,23.346976075161216
2433,22.116315857780663
2434,18.65288176255285
2435,23.330206916113774
2436,28.524386673702224
2437,24.233592540196675
2438,23.03394633141229
2439,24.44834936122018
2440,31.649269697264696
2441,23.984659640812204
2442,23.346976075161216
2443,23.346976075161216
2444,23.346976075161216
2445,23.346976075161216
2446,23.346976075161216
2447,38.36780617762048
2448,35.81846831812669
2449,35.96870044596021
2450,37.986590045107135
2451,35.82831867144124
2452,26.44966509589105
2453,35.09377793909274
2454,36.839836792573735
2455,35.67014552761463
2456,23.58073487088041
2457,34.436150610291826
2458,35.81846831812669
2459,35.81846831812669
2460,35.81846831812669
2461,35.81846831812669
2462,35.81846831812669
2463,21.573782672022375
2464,25.72213147056259
2465,26.660738265708538
2466,24.52759981276349
2467,25.720605898335954
2468,42.26670225590483
2469,25.30387159395113
2470,25.441632536596043
2471,25.61607867087485
2472,17.410163541996212
2473,25.743166417497157
2474,25.72213147056259
2475,25.72213147056259
2476,25.72213147056259
2477,25.72213147056259
2478,25.72213147056259
2479,25.205205802978753
2480,23.105669269538385
2481,22.02523276247068
2482,27.826694846436542
2483,23.100035137347064
2484,17.191047658023077
2485,24.806432140528514
2486,22.99223123367289
2487,24.412467521161073
2488,32.36149959593174
2489,23.78646309050764
2490,23.105669269538385
2491,23.105669269538385
2492,23.105669269538385
2493,23.105669269538385
2494,23.105669269538385
2495,27.513888771957795
2496,39.633037197282206
2497,38.15793201199757
2498,39.136564960408144
2499,39.62991512124852
2500,29.68199868636979
2501,39.79754876905473
2502,39.056345348450414
2503,39.215320570675296
2504,42.18315121094313
2505,39.515509563228626
2506,39.633037197282206
2507,39.633037197282206
2508,39.633037197282206
2509,39.633037197282206
2510,39.633037197282206
2511,30.228832817434277
2512,9.250292463679234
2513,9.175276622536252
2514,9.922689387743882
2515,9.247135523600317
2516,13.905074459105595
2517,8.83887320691085
2518,11.331051212443404
2519,9.50231880102231
2520,18.617345309566957
2521,9.487627297823188
2522,9.250292463679234
2523,9.250292463679234
2524,9.250292463679234
2525,9.250292463679234
2526,9.250292463679234
2527,33.055469726713184
2528,27.54472224507052
2529,28.757094945834957
2530,28.410456429015735
2531,27.547299224259216
2532,20.534287844124034
2533,27.182088607217597
2534,26.555367604624738
2535,27.65395456715426
2536,20.632804271199777
2537,27.73217623733372
2538,27.54472224507052
2539,27.54472224507052
2540,27.54472224507052
2541,27.54472224507052
2542,27.54472224507052
2543,16.34242312068451
2544,33.514747356802935
2545,33.02707810937035
2546,32.64315492127895
2547,33.50999813192029
2548,36.075962865725586
2549,33.6323342005629
2550,33.18321111748975
2551,33.388999180965236
2552,31.42012592963668
2553,32.669335120292175
2554,33.514747356802935
2555,33.514747356802935
2556,33.514747356802935
2557,33.514747356802935
2558,33.514747356802935
2559,30.51717846760989
2560,26.993498576982674
2561,26.47356571658088
2562,26.69931656384777
2563,26.99193825228019
2564,42.528729097756994
2565,27.028740673925835
2566,26.92264670611556
2567,26.842661060477027
2568,17.94667450290889
2569,27.21187156642594
2570,26.993498576982674
2571,26.993498576982674
2572,26.993498576982674
2573,26.993498576982674
2574,26.993498576982674
2575,24.184750445593693
2576,24.788651730192235
2577,25.399039391907476
2578,26.694955348499626
2579,24.78998657349922
2580,18.570379230254165
2581,24.645317691472723
2582,23.19827160941812
2583,26.04053624268363
2584,37.18464207505024
2585,25.030552013302348
2586,24.788651730192235
2587,24.788651730192235
2588,24.788651730192235
2589,24.788651730192235
2590,24.788651730192235
2591,30.01558460555661
2592,19.151917918300082
2593,21.53778405263128
2594,19.910643419799513
2595,19.154867180666145
2596,24.720221488435133
2597,19.158033070183468
2598,21.228204172195714
2599,15.693569889319127
2600,29.661633394288803
2601,18.54389766635688
2602,19.151917918300082
2603,19.151917918300082
2604,19.151917918300082
2605,19.151917918300082
2606,19.151917918300082
2607,37.131348256586655
2608,36.194164282401516
2609,35.821137230038374
2610,34.96298559212243
2611,36.18813201836396
2612,26.443037131753794
2613,36.25124096112009
2614,35.95214777383214
2615,37.99071885451751
2616,31.081505258835904
2617,36.754302209952186
2618,36.194164282401516
2619,36.194164282401516
2620,36.194164282401516
2621,36.194164282401516
2622,36.194164282401516
2623,23.62927066951183
2624,24.081922080775637
2625,23.307159138402376
2626,19.652876775689155
2627,24.084387159355984
2628,17.036318501379593
2629,22.62507340372581
2630,23.03311806510753
2631,21.212947804974778
2632,27.098483998200702
2633,23.346172623977587
2634,24.081922080775637
2635,24.081922080775637
2636,24.081922080775637
2637,24.081922080775637
2638,24.081922080775637
2639,11.658724335868953
2640,25.144022287481352
2641,25.872257676363223
2642,28.13102252202198
2643,25.145015900362463
2644,28.366125894519687
2645,26.30384426969364
2646,24.337355129983774
2647,26.320109634418063
2648,23.68225613035015
2649,25.462121856153434
2650,25.144022287481352
2651,25.144022287481352
2652,25.144022287481352
2653,25.144022287481352
2654,25.144022287481352
2655,33.61543853712623
2656,38.767765876267
2657,39.13690960199782
2658,37.365168826440765
2659,38.774509183608274
2660,30.35399393492945
2661,39.00008850899928
2662,39.31695355348602
2663,37.732312212555335
2664,38.78064113971458
2665,39.70188087195089
2666,38.767765876267
2667,38.767765876267
2668,38.767765876267
2669,38.767765876267
2670,38.767765876267
2671,30.271916068030613
2672,20.847180803489405
2673,20.075962308793965
2674,24.13967915427522
2675,20.833386448656046
2676,29.942640393436086
2677,20.038549210541234
2678,20.038013170380054
2679,22.82865470274217
2680,18.655206415497975
2681,20.723933652458086
2682,20.847180803489405
2683,20.847180803489405
2684,20.847180803489405
2685,20.847180803489405
2686,20.847180803489405
2687,28.619466711449057
2688,21.063185184118865
2689,20.296311138508372
2690,13.560734949663285
2691,21.093612274931264
2692,18.336549768858454
2693,21.19581465166086
2694,22.135797670071607
2695,18.67288227775321
2696,32.11104328306166
2697,20.758083972422963
2698,21.063185184118865
2699,21.063185184118865
2700,21.063185184118865
2701,21.063185184118865
2702,21.063185184118865
2703,24.250145020881984
2704,26.76974573932079
2705,26.371118635381137
2706,30.31589044757091
2707,26.747476938729946
2708,28.36561007019932
2709,26.969332391836666
2710,27.725360298753916
2711,28.391128126122073
2712,18.69984982264168
2713,27.69349725664741
2714,26.76974573932079
2715,26.76974573932079
2716,26.76974573932079
2717,26.76974573932079
2718,26.76974573932079
2719,28.269299493224192
2720,27.97583674767959
2721,27.907829097157876
2722,27.431705469564825
2723,27.978906870253063
2724,34.270082488806196
2725,27.758197159140167
2726,28.12202913302024
2727,27.477753315757383
2728,21.70230251156488
2729,28.394714912757237
2730,27.97583674767959
2731,27.97583674767959
2732,27.97583674767959
2733,27.97583674767959
2734,27.97583674767959
2735,22.178543354517213
2736,29.29930279814644
2737,29.332156542979614
2738,33.98532439685093
2739,29.298256044308825
2740,30.08349107265379
2741,28.87987927160567
2742,27.207205643204073
2743,31.877143511011013
2744,40.35075305008526
2745,28.856443108338873
2746,29.29930279814644
2747,29.29930279814644
2748,29.29930279814644
2749,29.29930279814644
2750,29.29930279814644
2751,42.67938545769802
2752,43.206582358163246
2753,43.51625629719238
2754,42.514249395175405
2755,43.20471647667068
2756,39.25699378058295
2757,43.32206144004205
2758,43.23530611473765
2759,43.02615136383132
2760,41.71088266977096
2761,42.885534161762024
2762,43.206582358163246
2763,43.206582358163246
2764,43.206582358163246
2765,43.206582358163246
2766,43.206582358163246
2767,37.04454137009798
2768,16.04482172021924
2769,15.965179079651671
2770,16.14713504750342
2771,16.046352578675084
2772,19.494150228670495
2773,14.035953395302043
2774,16.84184941565001
2775,17.314011194082386
2776,8.354308129388777
2777,15.906533597944453
2778,16.04482172021924
2779,16.04482172021924
2780,16.04482172021924
2781,16.04482172021924
2782,16.04482172021924
2783,10.469838052021622
2784,25.12769384708386
2785,25.719113625568568
2786,27.273658887701025
2787,25.109805215260256
2788,23.026113404546354
2789,24.393339300218724
2790,26.09309728309206
2791,21.136697038819275
2792,30.364953355194114
2793,24.657416234657102
2794,25.12769384708386
2795,25.12769384708386
2796,25.12769384708386
2797,25.12769384708386
2798,25.12769384708386
2799,26.875697410939857
2800,27.091889334027684
2801,26.831200958539302
2802,26.317280648530616
2803,27.105373858809656
2804,23.479186420268
2805,28.294330034643004
2806,25.113139392057914
2807,29.264833085001932
2808,28.970979534554267
2809,27.766218723563544
2810,27.091889334027684
2811,27.091889334027684
2812,27.091889334027684
2813,27.091889334027684
2814,27.091889334027684
2815,26.564973779019194
2816,24.370331389754615
2817,22.230440645025695
2818,25.03290087299978
2819,24.37379797661953
2820,20.643214543937244
2821,21.898419800398962
2822,26.777293469900748
2823,25.092091228073034
2824,39.305376259862896
2825,25.217340855612644
2826,24.370331389754615
2827,24.370331389754615
2828,24.370331389754615
2829,24.370331389754615
2830,24.370331389754615
2831,34.55246344217212
2832,25.876184242457946
2833,26.182261157876386
2834,26.177119961009844
2835,25.87327298086803
2836,36.14861207837858
2837,27.17301589164492
2838,24.791385556470146
2839,24.976542401087702
2840,18.256672364901117
2841,25.25748711046067
2842,25.876184242457946
2843,25.876184242457946
2844,25.876184242457946
2845,25.876184242457946
2846,25.876184242457946
2847,25.351013725243494
2848,35.22356198681294
2849,36.77139272741309
2850,34.82384075541868
2851,35.21918389590055
2852,28.74714332798017
2853,35.87262599759544
2854,35.10772123660003
2855,36.33434790397669
2856,20.299859797310432
2857,34.699221841762395
2858,35.22356198681294
2859,35.22356198681294
2860,35.22356198681294
2861,35.22356198681294
2862,35.22356198681294
2863,22.128420600138178
2864,21.61743007642017
2865,21.497070835238507
2866,22.202203123216396
2867,21.623421115342875
2868,24.62734222102854
2869,19.95043364417522
2870,22.12960446783507
2871,17.78869897532152
2872,26.773569711702105
2873,21.621810143432775
2874,21.61743007642017
2875,21.61743007642017
2876,21.61743007642017
2877,21.61743007642017
2878,21.61743007642017
2879,25.892762658141834
2880,32.24960789306667
2881,31.503698376357274
2882,30.114105255808994
2883,32.252335898226704
2884,36.505699176188045
2885,32.281498662519205
2886,32.51806427147066
2887,32.65838681275117
2888,31.25424664411526
2889,31.864172000356515
2890,32.24960789306667
2891,32.24960789306667
2892,32.24960789306667
2893,32.24960789306667
2894,32.24960789306667
2895,33.84501682022902
2896,28.352221194607747
2897,28.414466570222608
2898,33.41915435057088
2899,28.355347235984706
2900,20.295919677956032
2901,28.266226579369366
2902,26.766067501031717
2903,26.37070052056013
2904,28.600589862935188
2905,28.411019306568086
2906,28.352221194607747
2907,28.352221194607747
2908,28.352221194607747
2909,28.352221194607747
2910,28.352221194607747
2911,23.998999178987898
2912,15.080590225295019
2913,15.657126342964823
2914,12.60413123950366
2915,15.081730240370552
2916,22.492041851529756
2917,15.061342705520385
2918,15.104723425100767
2919,17.156112340613376
2920,16.200965712059038
2921,15.442684536500472
2922,15.080590225295019
2923,15.080590225295019
2924,15.080590225295019
2925,15.080590225295019
2926,15.080590225295019
2927,24.726350653598704
2928,37.2183253574369
2929,36.53136448038676
2930,38.25416098975772
2931,37.224385828402475
2932,28.621275121598313
2933,37.30240951715557
2934,37.08581068279529
2935,35.654132372314436
2936,39.796196181314414
2937,36.94972253544923
2938,37.2183253574369
2939,37.2183253574369
2940,37.2183253574369
2941,37.2183253574369
2942,37.2183253574369
2943,29.790004798614635
2944,38.39149518790995
2945,38.34045984199286
2946,35.13240501022759
2947,38.39501488658245
2948,39.83932194385513
2949,38.50126639243954
2950,38.807273516310325
2951,38.89237677073803
2952,32.33257472766162
2953,38.33410866692292
2954,38.39149518790995
2955,38.39149518790995
2956,38.39149518790995
2957,38.39149518790995
2958,38.39149518790995
2959,29.918513047087067
2960,26.256964587656874
2961,26.044043192009823
2962,29.248958397728813
2963,26.257415810687846
2964,23.33242212509936
2965,24.530083310437217
2966,25.294545904973756
2967,25.182828338061757
2968,30.596816584978864
2969,26.643797143011884
2970,26.256964587656874
2971,26.256964587656874
2972,26.256964587656874
2973,26.256964587656874
2974,26.256964587656874
2975,27.23650863948022
2976,21.90973600198501
2977,22.757876243396765
2978,21.40094626626379
2979,21.93038594328479
2980,22.335077405804448
2981,20.90784598040059
2982,22.267009925188063
2983,26.24414876526554
2984,37.793432075861446
2985,21.921183872271154
2986,21.90973600198501
2987,21.90973600198501
2988,21.90973600198501
2989,21.90973600198501
2990,21.90973600198501
2991,40.51728713566624
2992,22.007826922285034
2993,22.066997260656237
2994,23.140122223863177
2995,21.991655289998384
2996,27.780532408682696
2997,23.03570814572085
2998,22.16992462710396
2999,20.638257814540037
3000,10.972342608725048
3001,21.4415975315771
3002,22.007826922285034
3003,22.007826922285034
3004,22.007826922285034
3005,22.007826922285034
3006,22.007826922285034
3007,15.19903047694715
3008,17.697954091649947
3009,17.514676574325648
3010,18.34461107536892
3011,17.67740166525351
3012,18.70813431207017
3013,17.993750535874216
3014,18.601804102584147
3015,18.03245212929228
3016,20.78106050224352
3017,18.085585983231198
3018,17.697954091649947
3019,17.697954091649947
3020,17.697954091649947
3021,17.697954091649947
3022,17.697954091649947
3023,24.274552032435288
3024,37.825521978465645
3025,38.41442101245358
3026,37.30762164273726
3027,37.83299809438002
3028,37.53419819697674
3029,38.48545963671843
3030,36.928144110535946
3031,37.42547328140452
3032,40.93949830815557
3033,36.38706863929976
3034,37.825521978465645
3035,37.825521978465645
3036,37.825521978465645
3037,37.825521978465645
3038,37.825521978465645
3039,38.702506669899414
3040,33.32878888434884
3041,32.56143311759933
3042,33.56659137419875
3043,33.32355499625156
3044,24.96355011053373
3045,33.19777191386843
3046,33.31200957661686
3047,34.64256760509436
3048,31.007361544207967
3049,33.39865201257581
3050,33.32878888434884
3051,33.32878888434884
3052,33.32878888434884
3053,33.32878888434884
3054,33.32878888434884
3055,24.0172213817112
3056,20.58014482245526
3057,20.683871262824393
3058,21.17596599299805
3059,20.58078587910091
3060,21.55017451398464
3061,19.505547087798288
3062,19.84962850499333
3063,16.57040095137
3064,18.80520095493604
3065,20.98836961470472
3066,20.58014482245526
3067,20.58014482245526
3068,20.58014482245526
3069,20.58014482245526
3070,20.58014482245526
3071,14.75233311417228
3072,26.83047216625163
3073,23.958297960574743
3074,22.11641043867146
3075,26.83053586981842
3076,30.911716501534315
3077,27.4694375396035
3078,27.6496928786771
3079,26.781736883804985
3080,28.804773050322105
3081,26.358717808435404
3082,26.83047216625163
3083,26.83047216625163
3084,26.83047216625163
3085,26.83047216625163
3086,26.83047216625163
3087,28.95449483552787
3088,35.16844001965556
3089,35.57760435923352
3090,36.77438112784726
3091,35.167577080506064
3092,27.88137539697211
3093,34.453780505887835
3094,34.256598969937365
3095,34.808610881222286
3096,35.459354109430244
3097,35.156352492595296
3098,35.16844001965556
3099,35.16844001965556
3100,35.16844001965556
3101,35.16844001965556
3102,35.16844001965556
3103,29.0304352701908
3104,24.36051046842462
3105,25.09807415163501
3106,23.74531100580842
3107,24.358741455208097
3108,38.992434881764275
3109,23.59521108878301
3110,24.29577910759288
3111,23.993880543030123
3112,25.463746817657565
3113,23.922290422170747
3114,24.36051046842462
3115,24.36051046842462
3116,24.36051046842462
3117,24.36051046842462
3118,24.36051046842462
3119,37.46447149484826
3120,19.38731531334077
3121,18.923261320358083
3122,25.5770149447518
3123,19.407861122477485
3124,14.940911951362029
3125,21.375302885286423
3126,18.568059297264465
3127,19.315868033764822
3128,16.885235015173468
3129,20.10479367182379
3130,19.38731531334077
3131,19.38731531334077
3132,19.38731531334077
3133,19.38731531334077
3134,19.38731531334077
3135,18.48860095613941
3136,36.439442244213716
3137,35.11051999353057
3138,37.89563552431037
3139,36.45148719165896
3140,28.73965780063196
3141,36.33688185270286
3142,37.72355301349458
3143,37.870192339226655
3144,30.52356102212046
3145,35.397973793311955
3146,36.439442244213716
3147,36.439442244213716
3148,36.439442244213716
3149,36.439442244213716
3150,36.439442244213716
3151,26.49899628022945
3152,14.798511063566078
3153,16.11585351348993
3154,13.275805433021686
3155,14.788179279409885
3156,20.776659609743824
3157,14.923084834158498
3158,13.417018709425957
3159,13.582504174181917
3160,28.031076018365642
3161,15.638225009690686
3162,14.798511063566078
3163,14.798511063566078
3164,14.798511063566078
3165,14.798511063566078
3166,14.798511063566078
3167,38.667564266586474
3168,31.45471640440927
3169,32.08127134348223
3170,30.03123683241935
3171,31.453985164056963
3172,25.050495043487988
3173,31.63238669394495
3174,31.44196193454012
3175,30.638792495499573
3176,32.009213523948006
3177,30.935634425109534
3178,31.45471640440927
3179,31.45471640440927
3180,31.45471640440927
3181,31.45471640440927
3182,31.45471640440927
3183,23.963386799939467
3184,32.51020961033235
3185,32.27078482157788
3186,33.92817107122117
3187,32.51283835475882
3188,33.801005756284404
3189,32.336883623583226
3190,32.75711264999285
3191,33.09589967044037
3192,13.128477510068382
3193,32.63667144734261
3194,32.51020961033235
3195,32.51020961033235
3196,32.51020961033235
3197,32.51020961033235
3198,32.51020961033235
3199,16.955227405468907
3200,28.25869917293672
3201,27.73275584852079
3202,29.654495430014496
3203,28.26591039565567
3204,31.34338923906584
3205,27.714556302030392
3206,28.748463404714172
3207,29.12952639386559
3208,31.10122630315995
3209,26.823802574959288
3210,28.25869917293672
3211,28.25869917293672
3212,28.25869917293672
3213,28.25869917293672
3214,28.25869917293672
3215,33.48315839659461
3216,16.381949825882668
3217,16.460392590501197
3218,14.526569758797628
3219,16.382626983695474
3220,18.026356666734266
3221,19.885728853396685
3222,14.625550241651299
3223,15.489692883392486
3224,24.91404653417646
3225,17.16999050868573
3226,16.381949825882668
3227,16.381949825882668
3228,16.381949825882668
3229,16.381949825882668
3230,16.381949825882668
3231,28.234511717565276
3232,29.017314181928057
3233,28.209864406095917
3234,27.040982509700907
3235,29.03082257274658
3236,24.98876940413556
3237,29.596128253256424
3238,29.074806742286107
3239,28.397594180993295
3240,25.81230234943205
3241,29.086640981079555
3242,29.017314181928057
3243,29.017314181928057
3244,29.017314181928057
3245,29.017314181928057
3246,29.017314181928057
3247,19.55399930752375
3248,34.82467032880169
3249,34.8864854681215
3250,35.591825790263734
3251,34.81907830998247
3252,37.81099373192896
3253,33.56481171390349
3254,34.695131454790186
3255,35.4322133116777
3256,28.98348957678862
3257,35.07606451334658
3258,34.82467032880169
3259,34.82467032880169
3260,34.82467032880169
3261,34.82467032880169
3262,34.82467032880169
3263,32.8118625096858
3264,29.618411341847843
3265,30.624730676691243
3266,24.924036017994172
3267,29.594161348041624
3268,27.53959757458599
3269,29.02964164895402
3270,31.26814420898509
3271,29.85913136999457
3272,37.99651341187527
3273,29.742168296543515
3274,29.618411341847843
3275,29.618411341847843
3276,29.618411341847843
3277,29.618411341847843
3278,29.618411341847843
3279,34.78388967208288
3280,27.906513585177443
3281,27.412406310711017
3282,28.64283915826453
3283,27.894830085471458
3284,23.211172142680716
3285,27.283896482498058
3286,26.963455539303055
3287,27.693181558543426
3288,21.03127537292029
3289,28.24433485620267
3290,27.906513585177443
3291,27.906513585177443
3292,27.906513585177443
3293,27.906513585177443
3294,27.906513585177443
3295,17.433967594276613
3296,40.57022691281074
3297,40.54042369199546
3298,38.38248386377911
3299,40.56510420908242
3300,39.81058238968043
3301,40.819829544476036
3302,40.55063150668744
3303,40.481012459924244
3304,23.890805032524128
3305,39.2790534797892
3306,40.57022691281074
3307,40.57022691281074
3308,40.57022691281074
3309,40.57022691281074
3310,40.57022691281074
3311,17.64916895192
3312,14.96506809230536
3313,14.703617802799934
3314,18.244477397776468
3315,14.963472846015378
3316,16.489552055546177
3317,15.60385819002677
3318,15.167883203146596
3319,14.868156629918364
3320,23.671461528911976
3321,15.462656767234446
3322,14.96506809230536
3323,14.96506809230536
3324,14.96506809230536
3325,14.96506809230536
3326,14.96506809230536
3327,28.868525124690613
3328,33.1808430377848
3329,32.54283333108378
3330,30.906759163139686
3331,33.17732346624886
3332,26.08206558068568
3333,33.345114786666805
3334,33.264992819986766
3335,33.17279210812639
3336,30.61478306212292
3337,34.476193840224056
3338,33.1808430377848
3339,33.1808430377848
3340,33.1808430377848
3341,33.1808430377848
3342,33.1808430377848
3343,22.043326917467773
3344,22.74171396056871
3345,23.358746959036502
3346,24.884680419465187
3347,22.752275415436692
3348,26.216698909796264
3349,21.851287543531
3350,23.53983748348474
3351,23.058968222747477
3352,20.19071135346253
3353,21.71543689308799
3354,22.74171396056871
3355,22.74171396056871
3356,22.74171396056871
3357,22.74171396056871
3358,22.74171396056871
3359,26.119685856368058
3360,28.90006471828751
3361,33.18758781908804
3362,24.75488949735796
3363,28.90605426918336
3364,22.7785843743958
3365,28.508978729615606
3366,29.54831239467339
3367,29.11023052416178
3368,27.907363272039458
3369,29.098457970641213
3370,28.90006471828751
3371,28.90006471828751
3372,28.90006471828751
3373,28.90006471828751
3374,28.90006471828751
3375,19.71675620531433
3376,25.353227579160652
3377,25.716084321759784
3378,27.718397533316956
3379,25.352193229178578
3380,38.8228007597153
3381,25.46556632422106
3382,24.035940152978807
3383,25.407097445028324
3384,26.66609023365207
3385,25.60639371896723
3386,25.353227579160652
3387,25.353227579160652
3388,25.353227579160652
3389,25.353227579160652
3390,25.353227579160652
3391,41.77363144812713
3392,22.353755090880504
3393,20.771690942607275
3394,22.237762301864226
3395,22.35767682450656
3396,35.81728835227299
3397,22.917162886502773
3398,23.040487654424197
3399,21.537859244413433
3400,25.62471727444409
3401,22.659237912367097
3402,22.353755090880504
3403,22.353755090880504
3404,22.353755090880504
3405,22.353755090880504
3406,22.353755090880504
3407,40.1367489285582
3408,40.74775710311438
3409,41.04321576110217
3410,40.69929200091138
3411,40.74782589293715
3412,28.819015900629932
3413,39.97020938444644
3414,41.10439206463253
3415,41.1532847756309
3416,18.985633051919546
3417,40.396491221897676
3418,40.74775710311438
3419,40.74775710311438
3420,40.74775710311438
3421,40.74775710311438
3422,40.74775710311438
3423,13.621841789854473
3424,26.576562900585095
3425,27.160893514980405
3426,26.202535698704597
3427,26.584160777389226
3428,31.106722658304353
3429,25.719026629998393
3430,27.01767362612216
3431,27.036301730692042
3432,24.76521702651003
3433,27.366717598475244
3434,26.576562900585095
3435,26.576562900585095
3436,26.576562900585095
3437,26.576562900585095
3438,26.576562900585095
3439,30.356913366196412
3440,21.364494915663364
3441,20.106244124454385
3442,23.715673861527904
3443,21.341905755056338
3444,14.838582720174323
3445,23.190617524497352
3446,19.17881940076721
3447,19.015478664890622
3448,37.386320076326406
3449,20.181200999050127
3450,21.364494915663364
3451,21.364494915663364
3452,21.364494915663364
3453,21.364494915663364
3454,21.364494915663364
3455,24.76112098154341
3456,38.91391777062832
3457,38.874833701678014
3458,39.987507671600326
3459,38.93473889199887
3460,38.70729501489489
3461,38.46618070213882
3462,38.32869431105109
3463,37.87374469019952
3464,28.458993078665177
3465,39.28190716652657
3466,38.91391777062832
3467,38.91391777062832
3468,38.91391777062832
3469,38.91391777062832
3470,38.91391777062832
3471,26.90068392859816
3472,26.087268221183997
3473,26.196020555836572
3474,26.037989545401935
3475,26.08542674953595
3476,32.83891506827692
3477,25.78277299239783
3478,25.773541671929095
3479,26.630828957844596
3480,22.109822566615964
3481,25.345519236739328
3482,26.087268221183997
3483,26.087268221183997
3484,26.087268221183997
3485,26.087268221183997
3486,26.087268221183997
3487,27.439155260984027
3488,27.089297710318665
3489,28.92874689742062
3490,26.78651750667992
3491,27.10208989198382
3492,26.13197737956041
3493,27.61902954800716
3494,29.71417946057074
3495,28.327378533504767
3496,33.46178275251739
3497,28.31778688802027
3498,27.089297710318665
3499,27.089297710318665
3500,27.089297710318665
3501,27.089297710318665
3502,27.089297710318665
3503,36.84309979371069
3504,17.059693690442042
3505,16.917324924060743
3506,16.66687366284621
3507,17.05641106660563
3508,16.906693184688653
3509,17.88193534394485
3510,15.798473795532157
3511,15.332926826790324
3512,25.87338186845616
3513,16.598646694163833
3514,17.059693690442042
3515,17.059693690442042
3516,17.059693690442042
3517,17.059693690442042
3518,17.059693690442042
3519,23.16337518417402
3520,29.265683088393736
3521,29.319322006050903
3522,28.41698012627921
3523,29.261629271334165
3524,23.96241781011589
3525,28.996819223274215
3526,28.971159083410818
3527,29.2976980497806
3528,19.924724088265773
3529,30.48587248449299
3530,29.265683088393736
3531,29.265683088393736
3532,29.265683088393736
3533,29.265683088393736
3534,29.265683088393736
3535,14.735918179849318
3536,19.807099794576203
3537,20.45795788134127
3538,22.37859488805466
3539,19.80519238512302
3540,18.766994451516066
3541,22.489871803913612
3542,18.728939099023517
3543,20.979943057493752
3544,31.850332036509666
3545,19.259075562222183
3546,19.807099794576203
3547,19.807099794576203
3548,19.807099794576203
3549,19.807099794576203
3550,19.807099794576203
3551,32.77114859423739
3552,21.616106602820132
3553,20.99501689022186
3554,16.926839720156448
3555,21.601872335229896
3556,23.594694539658917
3557,21.87703434816839
3558,23.468679720477596
3559,22.327920821519367
3560,29.91314355212804
3561,21.42081287593782
3562,21.616106602820132
3563,21.616106602820132
3564,21.616106602820132
3565,21.616106602820132
3566,21.616106602820132
3567,31.734892349925218
3568,38.705944337402244
3569,38.701234883620415
3570,40.18601302728806
3571,38.711740986456824
3572,38.045984887817504
3573,38.00483984245282
3574,38.504525094894156
3575,38.652559584895435
3576,28.219393069503948
3577,38.15361339442905
3578,38.705944337402244
3579,38.705944337402244
3580,38.705944337402244
3581,38.705944337402244
3582,38.705944337402244
3583,30.119538376879767
3584,38.51864358395587
3585,38.506510581031044
3586,37.985980599488336
3587,38.52299990728895
3588,38.62224184162602
3589,39.11085343312379
3590,38.083738667840656
3591,38.866937383910916
3592,38.64397078822902
3593,37.30007739806164
3594,38.51864358395587
3595,38.51864358395587
3596,38.51864358395587
3597,38.51864358395587
3598,38.51864358395587
3599,37.654823509418186
3600,22.18629387389012
3601,22.31576714292357
3602,24.249202008463804
3603,22.176624727141903
3604,20.76072721563061
3605,21.750146400475803
3606,24.187134901977792
3607,20.466558747882566
3608,19.87666510847876
3609,23.5213267035234
3610,22.18629387389012
3611,22.18629387389012
3612,22.18629387389012
3613,22.18629387389012
3614,22.18629387389012
3615,22.367787927240794
3616,20.495592379252304
3617,21.367417823859835
3618,15.288739809845884
3619,20.50445915412226
3620,19.960708141215676
3621,18.080628540630098
3622,18.981038689991376
3623,23.9532075751142
3624,28.429836307235984
3625,20.134179995796593
3626,20.495592379252304
3627,20.495592379252304
3628,20.495592379252304
3629,20.495592379252304
3630,20.495592379252304
3631,20.9996505254079
3632,21.83021068382407
3633,22.008729783668002
3634,24.31405603565766
3635,21.831319412769524
3636,29.34616159297707
3637,22.332386120609602
3638,21.14814933055558
3639,19.866812006788813
3640,22.683040087425514
3641,21.828789394689778
3642,21.83021068382407
3643,21.83021068382407
3644,21.83021068382407
3645,21.83021068382407
3646,21.83021068382407
3647,31.85236112436659
3648,17.457656447799838
3649,18.143263658541116
3650,18.60583558909751
3651,17.440257057022258
3652,19.43293752526189
3653,17.406470556748104
3654,17.034504351309383
3655,19.78149203555756
3656,27.379832480687746
3657,17.153945449572966
3658,17.457656447799838
3659,17.457656447799838
3660,17.457656447799838
3661,17.457656447799838
3662,17.457656447799838
3663,31.06601617001152
3664,38.34223336729623
3665,38.64252672345435
3666,38.45043881815554
3667,38.3418149819536
3668,36.91871800130656
3669,37.1360370284699
3670,39.51986013267179
3671,36.2914354493269
3672,31.87614806647068
3673,38.13043853134239
3674,38.34223336729623
3675,38.34223336729623
3676,38.34223336729623
3677,38.34223336729623
3678,38.34223336729623
3679,28.69137732259718
3680,33.68604799942466
3681,33.56068358105972
3682,33.52050401472553
3683,33.676195288996276
3684,27.251266825044123
3685,33.77551923869085
3686,33.51241465349104
3687,34.373789887166325
3688,17.153536184281194
3689,32.953522704768424
3690,33.68604799942466
3691,33.68604799942466
3692,33.68604799942466
3693,33.68604799942466
3694,33.68604799942466
3695,14.151624470322751
3696,26.931619916975155
3697,26.006712662593827
3698,26.295425852191695
3699,26.967040227096078
3700,26.62132415083736
3701,27.61354954421232
3702,26.640127444475777
3703,25.458910655419192
3704,32.33172548369705
3705,27.894498626063204
3706,26.931619916975155
3707,26.931619916975155
3708,26.931619916975155
3709,26.931619916975155
3710,26.931619916975155
3711,31.55782760720183
3712,31.883002188549337
3713,28.35626942770953
3714,31.191939570135943
3715,31.8626884548882
3716,25.591161872437258
3717,31.049498203815165
3718,29.47024066084496
3719,34.17043303342661
3720,36.582146525238485
3721,31.821360693453045
3722,31.883002188549337
3723,31.883002188549337
3724,31.883002188549337
3725,31.883002188549337
3726,31.883002188549337
3727,26.360912750057633
3728,26.457845797461186
3729,26.69398035883542
3730,26.194062837816936
3731,26.46232209599001
3732,38.85279556110916
3733,27.13065106512615
3734,26.807857110134634
3735,25.294315609255843
3736,27.902009837256095
3737,26.843614639289594
3738,26.457845797461186
3739,26.457845797461186
3740,26.457845797461186
3741,26.457845797461186
3742,26.457845797461186
3743,41.14915050277881
3744,34.566704702973205
3745,35.460119185917456
3746,34.251717514641236
3747,34.56428982554947
3748,26.781818095423244
3749,35.242717167787795
3750,35.03355681643028
3751,35.89520434513076
3752,33.244120376303144
3753,33.446783109296135
3754,34.566704702973205
3755,34.566704702973205
3756,34.566704702973205
3757,34.566704702973205
3758,34.566704702973205
3759,27.341241439106607
3760,22.052555209826174
3761,21.33718032170966
3762,23.48471580785959
3763,22.050487077157488
3764,25.960099244756762
3765,20.992439596516583
3766,22.485945389221925
3767,20.568200004443494
3768,16.625798832561188
3769,22.59323073365625
3770,22.052555209826174
3771,22.052555209826174
3772,22.052555209826174
3773,22.052555209826174
3774,22.052555209826174
3775,17.95925618885254
3776,31.66205423634301
3777,31.61667044433583
3778,30.60193319707592
3779,31.65988341656228
3780,37.69659920563978
3781,31.698667413277207
3782,31.183594536748448
3783,31.926245544758928
3784,24.161632133927064
3785,30.114850923330664
3786,31.66205423634301
3787,31.66205423634301
3788,31.66205423634301
3789,31.66205423634301
3790,31.66205423634301
3791,22.997356857684768
3792,26.911674901220973
3793,28.578070234085935
3794,28.573083711103955
3795,26.915743663562186
3796,17.91942500695715
3797,26.690645993188152
3798,27.43879284522711
3799,25.27837174932611
3800,36.55704294251493
3801,27.89074289739659
3802,26.911674901220973
3803,26.911674901220973
3804,26.911674901220973
3805,26.911674901220973
3806,26.911674901220973
3807,26.589760579863427
3808,12.758722237094414
3809,14.813411393078413
3810,8.104893212148248
3811,12.766206251665036
3812,20.081836661648993
3813,12.75994252684428
3814,13.401398070269096
3815,15.43569683173143
3816,21.0063795562046
3817,12.693166858749132
3818,12.758722237094414
3819,12.758722237094414
3820,12.758722237094414
3821,12.758722237094414
3822,12.758722237094414
3823,31.75017158851118
3824,36.051229804666214
3825,36.65388614384697
3826,41.07087171052087
3827,36.04989492113358
3828,26.362340634458672
3829,35.92858522408595
3830,36.919086182116146
3831,32.7944195848362
3832,24.322902526262627
3833,36.381015295910586
3834,36.051229804666214
3835,36.051229804666214
3836,36.051229804666214
3837,36.051229804666214
3838,36.051229804666214
3839,19.848358793454057
3840,24.05857346758534
3841,23.91869480795283
3842,18.32718088401225
3843,24.07120242169068
3844,20.05726433795776
3845,23.864572006644856
3846,23.568401408820755
3847,22.780686228492993
3848,22.515439308814315
3849,24.52422987793369
3850,24.05857346758534
3851,24.05857346758534
3852,24.05857346758534
3853,24.05857346758534
3854,24.05857346758534
3855,11.966532668944122
3856,29.308664058779947
3857,29.58891603873081
3858,31.737886922270345
3859,29.308524667215064
3860,32.47988101532035
3861,28.8009285280218
3862,29.2822490090393
3863,30.325348379819122
3864,30.10106099328396
3865,29.02394800837288
3866,29.308664058779947
3867,29.308664058779947
3868,29.308664058779947
3869,29.308664058779947
3870,29.308664058779947
3871,35.315260089195384
3872,28.322810829768624
3873,28.63128008259707
3874,27.78347436804544
3875,28.32609752064844
3876,32.85358358493817
3877,28.605253123724957
3878,27.937953506440266
3879,27.487866029177297
3880,27.088827544736024
3881,29.037460042805424
3882,28.322810829768624
3883,28.322810829768624
3884,28.322810829768624
3885,28.322810829768624
3886,28.322810829768624
3887,29.688894308462263
3888,28.273264219908054
3889,28.725987418465007
3890,32.1987236811405
3891,28.24098986702694
3892,30.580208613548688
3893,28.601764038739056
3894,29.245582254987337
3895,32.107968269778915
3896,28.518731824814722
3897,26.88691139217323
3898,28.273264219908054
3899,28.273264219908054
3900,28.273264219908054
3901,28.273264219908054
3902,28.273264219908054
3903,37.67310456712442
3904,40.684716023014175
3905,40.511006962483464
3906,41.93600692814737
3907,40.67623435856756
3908,38.310957565641694
3909,41.32533243333662
3910,40.84089088068795
3911,39.28284421385287
3912,29.305813201990645
3913,42.13338058923289
3914,40.684716023014175
3915,40.684716023014175
3916,40.684716023014175
3917,40.684716023014175
3918,40.684716023014175
3919,30.788496428843086
3920,15.83146353328351
3921,16.16181823014235
3922,15.232458874730327
3923,15.839073436452324
3924,18.359452262857126
3925,15.485340652991193
3926,15.96780431577449
3927,17.20843719023701
3928,22.581220240037187
3929,15.209934275198854
3930,15.83146353328351
3931,15.83146353328351
3932,15.83146353328351
3933,15.83146353328351
3934,15.83146353328351
3935,25.47695483239241
3936,29.039556441970614
3937,27.1522266382521
3938,26.198656183845873
3939,29.026933006848967
3940,28.376787036128786
3941,27.134333209051128
3942,27.707942211365857
3943,26.955263182094637
3944,38.59348232203602
3945,29.35470609724257
3946,29.039556441970614
3947,29.039556441970614
3948,29.039556441970614
3949,29.039556441970614
3950,29.039556441970614
3951,35.371000367993815
3952,26.30483354682317
3953,26.370327767419198
3954,28.00223298526322
3955,26.305526830517863
3956,21.118167084574967
3957,26.835148721310127
3958,27.60536392975467
3959,27.41475734512131
3960,18.1326558645696
3961,26.513809650644827
3962,26.30483354682317
3963,26.30483354682317
3964,26.30483354682317
3965,26.30483354682317
3966,26.30483354682317
3967,20.06908386052134
3968,27.188548293666653
3969,26.75033249478548
3970,27.657418247113842
3971,27.189081700775386
3972,40.48385595843567
3973,27.250971248523012
3974,27.12337113594844
3975,26.405316109775672
3976,25.03572733336564
3977,28.483946758921064
3978,27.188548293666653
3979,27.188548293666653
3980,27.188548293666653
3981,27.188548293666653
3982,27.188548293666653
3983,37.76344090192411
3984,28.26498824456253
3985,29.061129853588945
3986,24.64063033576604
3987,28.254458589358023
3988,22.53020405751426
3989,27.899009806027834
3990,28.369798520100176
3991,30.99821564591217
3992,21.018233757673773
3993,27.48816454975017
3994,28.26498824456253
3995,28.26498824456253
3996,28.26498824456253
3997,28.26498824456253
3998,28.26498824456253
3999,15.430434631903873
4000,18.76699083963585
4001,21.79616504826615
4002,17.1315981892004
4003,18.755476161105733
4004,22.97758741533976
4005,18.75285109688743
4006,17.006382272029793
4007,16.96019162968418
4008,21.564562495737096
4009,18.570495956213314
4010,18.76699083963585
4011,18.76699083963585
4012,18.76699083963585
4013,18.76699083963585
4014,18.76699083963585
4015,22.89694855825328
4016,31.59145644790808
4017,31.557427549693596
4018,34.07791574436681
4019,31.595832011050437
4020,23.754158728058936
4021,31.545715098968657
4022,32.576433192275324
4023,32.953357262645106
4024,36.116398906492314
4025,31.359132826071537
4026,31.59145644790808
4027,31.59145644790808
4028,31.59145644790808
4029,31.59145644790808
4030,31.59145644790808
4031,28.721746640720525
4032,21.634053144750922
4033,17.953498422146414
4034,15.092355308866663
4035,21.650078743766414
4036,16.13493026089022
4037,20.787032440230792
4038,22.13981788094875
4039,20.457534816007442
4040,35.47287243495789
4041,21.812308705684327
4042,21.634053144750922
4043,21.634053144750922
4044,21.634053144750922
4045,21.634053144750922
4046,21.634053144750922
4047,23.149810202188952
4048,25.3073786473449
4049,26.35194744942378
4050,27.493945586868453
4051,25.307046697522132
4052,26.885067800940742
4053,27.018813257857442
4054,25.164110977914582
4055,26.777944707912386
4056,12.997650798969103
4057,24.70784256257813
4058,25.3073786473449
4059,25.3073786473449
4060,25.3073786473449
4061,25.3073786473449
4062,25.3073786473449
4063,23.630627520375164
4064,38.92844913490073
4065,39.12441177834915
4066,38.12468422200387
4067,38.928779813347624
4068,31.72205337573509
4069,39.41363759495207
4070,38.536758782630685
4071,38.22050048191962
4072,32.749535066016435
4073,40.74871134836929
4074,38.92844913490073
4075,38.92844913490073
4076,38.92844913490073
4077,38.92844913490073
4078,38.92844913490073
4079,24.363936283131103
4080,23.9471659416042
4081,23.34217561465548
4082,26.815642448841643
4083,23.952690231002926
4084,32.69533736725995
4085,22.56789785202965
4086,25.264061011767357
4087,26.19310661438832
4088,29.038199073518307
4089,23.31788979515635
4090,23.9471659416042
4091,23.9471659416042
4092,23.9471659416042
4093,23.9471659416042
4094,23.9471659416042
4095,40.39147671099624
4096,26.649062748055634
4097,25.72373432598425
4098,22.029512916047096
4099,26.617768730829557
4100,26.738985266378528
4101,26.348908341424213
4102,27.409274733580805
4103,22.48769278191048
4104,23.844961530138104
4105,26.55259165104265
4106,26.649062748055634
4107,26.649062748055634
4108,26.649062748055634
4109,26.649062748055634
4110,26.649062748055634
4111,14.830488627921335
4112,26.916957423673363
4113,27.468254918662485
4114,29.679380870213596
4115,26.925712733160964
4116,22.07635958168729
4117,27.05552423295331
4118,27.277278454565018
4119,28.9150917301228
4120,27.26419042039039
4121,27.497083078618
4122,26.916957423673363
4123,26.916957423673363
4124,26.916957423673363
4125,26.916957423673363
4126,26.916957423673363
4127,27.073892543218236
4128,38.88791998931757
4129,40.57195925782582
4130,37.368728740259236
4131,38.88694413031692
4132,38.03242524788941
4133,39.008791937560424
4134,39.15423628581308
4135,38.13549102320622
4136,39.827627514193196
4137,39.42847024804821
4138,38.88791998931757
4139,38.88791998931757
4140,38.88791998931757
4141,38.88791998931757
4142,38.88791998931757
4143,39.22356001604172
4144,19.402097904448368
4145,19.054652046810304
4146,21.447751722748865
4147,19.40626598142695
4148,21.929491494284882
4149,18.925131900559865
4150,17.115622637139598
4151,19.972356100568433
4152,23.09396677637519
4153,18.788112402415013
4154,19.402097904448368
4155,19.402097904448368
4156,19.402097904448368
4157,19.402097904448368
4158,19.402097904448368
4159,24.209186631902945
4160,26.680077250107683
4161,26.31050415004164
4162,26.62506741844726
4163,26.67973074113155
4164,34.8500545092665
4165,26.41841667873892
4166,26.75648985804081
4167,26.319667438270216
4168,19.400299508809304
4169,27.025001754231077
4170,26.680077250107683
4171,26.680077250107683
4172,26.680077250107683
4173,26.680077250107683
4174,26.680077250107683
4175,20.46265199841505
4176,27.86618580025595
4177,28.05160101544768
4178,28.884482623097398
4179,27.868241444344463
4180,26.777022863450334
4181,30.914122897089534
4182,29.525083705600185
4183,31.112689976163058
4184,30.196429482177667
4185,27.036619528052288
4186,27.86618580025595
4187,27.86618580025595
4188,27.86618580025595
4189,27.86618580025595
4190,27.86618580025595
4191,35.78419551398521
4192,18.061788483273247
4193,18.77469205404115
4194,19.793761425768384
4195,18.1015632890896
4196,16.57504024663126
4197,19.259824987477554
4198,19.329831141622538
4199,16.067929522577526
4200,31.793988324887433
4201,18.22193000883942
4202,18.061788483273247
4203,18.061788483273247
4204,18.061788483273247
4205,18.061788483273247
4206,18.061788483273247
4207,30.26905130730199
4208,33.65244841083103
4209,32.52742463750368
4210,31.429555138389198
4211,33.638667767816045
4212,33.183982507834486
4213,32.970326942021785
4214,32.08393653993394
4215,34.86971922913514
4216,27.16453798701494
4217,33.953479634715904
4218,33.65244841083103
4219,33.65244841083103
4220,33.65244841083103
4221,33.65244841083103
4222,33.65244841083103
4223,20.880686896543352
4224,43.298693667052845
4225,43.31982154206687
4226,42.75495766438322
4227,43.30298965384123
4228,31.727009398564967
4229,43.40822536433919
4230,43.166872929963326
4231,42.85856441062366
4232,40.15587299689699
4233,44.41637597071951
4234,43.298693667052845
4235,43.298693667052845
4236,43.298693667052845
4237,43.298693667052845
4238,43.298693667052845
4239,27.614795009453093
4240,19.596704544407395
4241,19.946260192705665
4242,20.49426176482304
4243,19.59567312601017
4244,29.85922515811062
4245,19.98956838953677
4246,18.480549224319326
4247,21.987983650779885
4248,14.320043662037243
4249,19.18878497747328
4250,19.596704544407395
4251,19.596704544407395
4252,19.596704544407395
4253,19.596704544407395
4254,19.596704544407395
4255,25.59377313307315
4256,21.605979674806985
4257,22.373194157889564
4258,23.579852151661832
4259,21.597161045038536
4260,13.843507605357622
4261,20.47588216422384
4262,23.779809808009762
4263,19.654513470979804
4264,30.934876731467863
4265,21.455003155065203
4266,21.605979674806985
4267,21.605979674806985
4268,21.605979674806985
4269,21.605979674806985
4270,21.605979674806985
4271,21.065771161331803
4272,23.22855411410567
4273,22.932650212399523
4274,22.950551162039556
4275,23.227754108555693
4276,27.514627735311098
4277,22.736738208200386
4278,22.65877396085295
4279,24.765824933641465
4280,29.10111723835145
4281,22.97663746279962
4282,23.22855411410567
4283,23.22855411410567
4284,23.22855411410567
4285,23.22855411410567
4286,23.22855411410567
4287,33.91599150890216
4288,24.088223220422037
4289,24.721037414527444
4290,18.686338877624845
4291,24.098963183765743
4292,28.821446114127184
4293,24.339071240222264
4294,23.652663318020647
4295,20.482200009628553
4296,32.53046778409783
4297,23.692011696631273
4298,24.088223220422037
4299,24.088223220422037
4300,24.088223220422037
4301,24.088223220422037
4302,24.088223220422037
4303,32.57455724650482
4304,29.410274217894912
4305,29.960612249157357
4306,31.565677130662255
4307,29.41005736798436
4308,23.13032518828503
4309,27.841474872902356
4310,29.11405152379961
4311,31.85984425850643
4312,12.312997322130498
4313,29.95446993801875
4314,29.410274217894912
4315,29.410274217894912
4316,29.410274217894912
4317,29.410274217894912
4318,29.410274217894912
4319,16.227076104370877
4320,28.71789800319953
4321,28.431967157497837
4322,27.302414759865794
4323,28.709934220962754
4324,42.27271144229606
4325,28.623402647311675
4326,29.402288676229205
4327,28.495350782735915
4328,22.938309738399767
4329,29.590484503304335
4330,28.71789800319953
4331,28.71789800319953
4332,28.71789800319953
4333,28.71789800319953
4334,28.71789800319953
4335,32.228418601514434
4336,23.972080043564887
4337,23.992953989659807
4338,30.039886459261115
4339,23.976248110408417
4340,19.480951225091392
4341,26.398467859821928
4342,23.249269704003282
4343,24.529628769614188
4344,36.74667752609061
4345,23.647558244341
4346,23.972080043564887
4347,23.972080043564887
4348,23.972080043564887
4349,23.972080043564887
4350,23.972080043564887
4351,32.68363320977377
4352,32.36129124246753
4353,31.372908684398507
4354,30.178914115073503
4355,32.36039381398272
4356,26.867528999625478
4357,31.932864132483655
4358,32.660947479115826
4359,33.15775414067
4360,32.78231702665515
4361,32.1508177430595
4362,32.36129124246753
4363,32.36129124246753
4364,32.36129124246753
4365,32.36129124246753
4366,32.36129124246753
4367,26.35092543574441
4368,26.15768017392288
4369,26.10696884525215
4370,31.86755966457509
4371,26.155200463040984
4372,26.02478963154757
4373,28.18183604920237
4374,24.499188403135637
4375,22.405782243582898
4376,23.355825911509424
4377,26.742326594209846
4378,26.15768017392288
4379,26.15768017392288
4380,26.15768017392288
4381,26.15768017392288
4382,26.15768017392288
4383,29.000394273955173
4384,14.541280900883287
4385,16.702776220040025
4386,13.273346610899068
4387,14.519026023049273
4388,17.1838375830463
4389,15.545983483768973
4390,14.363274934386807
4391,15.132560628253078
4392,13.392966538399472
4393,14.628084068088588
4394,14.541280900883287
4395,14.541280900883287
4396,14.541280900883287
4397,14.541280900883287
4398,14.541280900883287
4399,17.623021954722358
4400,38.966593269473
4401,38.72064450713763
4402,39.6125296169782
4403,38.982899771051436
4404,37.06368059829538
4405,38.01105811684194
4406,39.05490098042892
4407,38.627793919268555
4408,36.550769670165025
4409,38.418321492892815
4410,38.966593269473
4411,38.966593269473
4412,38.966593269473
4413,38.966593269473
4414,38.966593269473
4415,33.33896206368846
4416,19.803329717660237
4417,18.248507935303476
4418,21.07671878373711
4419,19.83953025482346
4420,21.14557960660557
4421,20.384999912782217
4422,21.464320888523268
4423,22.570891911168818
4424,38.312735948502855
4425,19.735098976546748
4426,19.803329717660237
4427,19.803329717660237
4428,19.803329717660237
4429,19.803329717660237
4430,19.803329717660237
4431,41.75993285416075
4432,23.19409962224966
4433,23.95698795998892
4434,23.14223986317491
4435,23.19100190361672
4436,26.698007043593005
4437,22.828559027336627
4438,22.33573731224717
4439,21.073443956048408
4440,22.45401839038671
4441,22.85460244419623
4442,23.19409962224966
4443,23.19409962224966
4444,23.19409962224966
4445,23.19409962224966
4446,23.19409962224966
4447,22.37280810096637
4448,36.09041088582342
4449,36.40747956744216
4450,35.811062486495835
4451,36.089292346854265
4452,39.20559724491819
4453,35.99948086827967
4454,36.169098489681964
4455,36.37307979800084
4456,21.827514698165697
4457,35.19015153516009
4458,36.09041088582342
4459,36.09041088582342
4460,36.09041088582342
4461,36.09041088582342
4462,36.09041088582342
4463,25.26155986756551
4464,26.445472360482203
4465,25.852204388220603
4466,26.28588079975121
4467,26.442372277343956
4468,21.582355892739866
4469,26.879118364711637
4470,26.30111548287315
4471,24.359345066465874
4472,31.362270491947907
4473,27.402605569679515
4474,26.445472360482203
4475,26.445472360482203
4476,26.445472360482203
4477,26.445472360482203
4478,26.445472360482203
4479,25.308644496548702
4480,14.443227739922067
4481,13.420478424265916
4482,14.509222163441148
4483,14.426594748120856
4484,19.75901998863215
4485,15.00147538785902
4486,16.26425424182395
4487,16.424825897431553
4488,22.523634418075247
4489,14.773272291283888
4490,14.443227739922067
4491,14.443227739922067
4492,14.443227739922067
4493,14.443227739922067
4494,14.443227739922067
4495,34.13373194504628
4496,36.67263510648775
4497,36.59990296073813
4498,35.97946295235747
4499,36.67705385227638
4500,29.209025519022166
4501,35.15721837060536
4502,35.20146742351998
4503,35.19015022670111
4504,39.10551001457923
4505,36.727763874774666
4506,36.67263510648775
4507,36.67263510648775
4508,36.67263510648775
4509,36.67263510648775
4510,36.67263510648775
4511,27.328821897120097
4512,33.58990410685379
4513,33.47137169108166
4514,33.52649398028805
4515,33.59428143190375
4516,34.94519377649799
4517,33.28639486884352
4518,33.47120965887927
4519,34.047311028828176
4520,30.94453055337614
4521,32.398620963929424
4522,33.58990410685379
4523,33.58990410685379
4524,33.58990410685379
4525,33.58990410685379
4526,33.58990410685379
4527,30.875276401972595
4528,23.818697347264663
4529,24.12862405617719
4530,24.71792836574298
4531,23.81635959081538
4532,17.494558934212165
4533,26.593239419060655
4534,23.761759117935956
4535,21.596965260467424
4536,13.356533639903459
4537,24.289682758977424
4538,23.818697347264663
4539,23.818697347264663
4540,23.818697347264663
4541,23.818697347264663
4542,23.818697347264663
4543,11.342271109053382
4544,36.76506049426508
4545,37.00963491778614
4546,32.00123726099785
4547,36.751508742874606
4548,28.459980297654017
4549,37.041944255318796
4550,37.41382258707574
4551,38.25757381657899
4552,27.94302449658551
4553,35.7949811532195
4554,36.76506049426508
4555,36.76506049426508
4556,36.76506049426508
4557,36.76506049426508
4558,36.76506049426508
4559,19.716114558671332
4560,21.290004806873913
4561,21.28146696436458
4562,24.903719469173176
4563,21.289723403140147
4564,26.483517832395577
4565,21.863848273576906
4566,20.158202456920993
4567,18.436282146170793
4568,31.01631021263967
4569,21.357864514346105
4570,21.290004806873913
4571,21.290004806873913
4572,21.290004806873913
4573,21.290004806873913
4574,21.290004806873913
4575,38.425935356474
4576,26.93227356636027
4577,26.942813453937177
4578,26.128648633087018
4579,26.935134849759528
4580,21.856631850922774
4581,25.992970537839106
4582,27.37078288336542
4583,28.53667387705798
4584,36.8463531406599
4585,27.258738692520296
4586,26.93227356636027
4587,26.93227356636027
4588,26.93227356636027
4589,26.93227356636027
4590,26.93227356636027
4591,30.65819354557252
4592,25.940438074976694
4593,25.867451316652534
4594,27.05935313143812
4595,25.94239475338875
4596,39.49999071279486
4597,25.588647663053447
4598,26.01661467697711
4599,25.710597391000025
4600,16.239675172318414
4601,25.94641959524152
4602,25.940438074976694
4603,25.940438074976694
4604,25.940438074976694
4605,25.940438074976694
4606,25.940438074976694
4607,27.524079199137034
4608,31.802587022632878
4609,31.889191413087854
4610,26.377844477040483
4611,31.800190935120085
4612,32.52804132230391
4613,32.38496854730447
4614,31.843096367358754
4615,31.478186828097357
4616,31.72143983024361
4617,32.31117961242108
4618,31.802587022632878
4619,31.802587022632878
4620,31.802587022632878
4621,31.802587022632878
4622,31.802587022632878
4623,28.294551152901814
4624,16.499738982945605
4625,16.437453613523857
4626,22.417609524246547
4627,16.497777369188157
4628,12.684816531383754
4629,16.571529132807225
4630,16.14266602071924
4631,16.31021396953965
4632,21.191975523097593
4633,15.891388771310682
4634,16.499738982945605
4635,16.499738982945605
4636,16.499738982945605
4637,16.499738982945605
4638,16.499738982945605
4639,19.329220801152683
4640,19.96342716336467
4641,20.88611253369141
4642,19.409297704551335
4643,19.975532922001555
4644,27.586739332881628
4645,19.175195312666077
4646,17.950391623609594
4647,19.756082778921833
4648,19.77950055118076
4649,20.05132077645633
4650,19.96342716336467
4651,19.96342716336467
4652,19.96342716336467
4653,19.96342716336467
4654,19.96342716336467
4655,23.806503120554485
4656,39.347986036698806
4657,39.40692321567444
4658,40.09471816493208
4659,39.34468430087033
4660,30.82437560034598
4661,39.13851966670719
4662,39.89052559971393
4663,39.135448556338396
4664,39.77484050350803
4665,39.823197565873876
4666,39.347986036698806
4667,39.347986036698806
4668,39.347986036698806
4669,39.347986036698806
4670,39.347986036698806
4671,32.31671850571145
4672,32.173104215522066
4673,31.66602604217177
4674,32.4112382536515
4675,32.152492371255434
4676,25.475531929444617
4677,29.66158911652611
4678,32.079062328348066
4679,33.32884230222546
4680,40.77087121458125
4681,31.910670188851412
4682,32.173104215522066
4683,32.173104215522066
4684,32.173104215522066
4685,32.173104215522066
4686,32.173104215522066
4687,31.64523627413059
4688,24.68211605346933
4689,24.995169693411867
4690,24.479809140952746
4691,24.683278910382196
4692,39.61294744366481
4693,24.960687677380463
4694,24.7274525208272
4695,24.35771536160314
4696,12.365130455654654
4697,25.273518566480142
4698,24.68211605346933
4699,24.68211605346933
4700,24.68211605346933
4701,24.68211605346933
4702,24.68211605346933
4703,21.248112985944267
4704,34.733391227692536
4705,33.363986371528625
4706,34.78514311651494
4707,34.74381276413151
4708,28.047378004614295
4709,35.61762095160865
4710,34.11053053505207
4711,34.424303141704456
4712,29.086956403057048
4713,35.32221000354448
4714,34.733391227692536
4715,34.733391227692536
4716,34.733391227692536
4717,34.733391227692536
4718,34.733391227692536
4719,21.936967850840755
4720,18.501077351025533
4721,18.450363598799388
4722,19.75383892814113
4723,18.499151806219775
4724,21.932116701126848
4725,17.676595861567215
4726,20.24125136050576
4727,19.765654812809778
4728,29.9315468878188
4729,17.78097539279106
4730,18.501077351025533
4731,18.501077351025533
4732,18.501077351025533
4733,18.501077351025533
4734,18.501077351025533
4735,35.321108144097145
4736,19.413198844126814
4737,17.59728972743901
4738,20.32066601642279
4739,19.418167788281405
4740,21.736654227138917
4741,19.452048763622262
4742,19.261422520315545
4743,20.180076632452362
4744,12.877168779565272
4745,19.10595175914677
4746,19.413198844126814
4747,19.413198844126814
4748,19.413198844126814
4749,19.413198844126814
4750,19.413198844126814
4751,13.417737281966755
4752,39.32300650195705
4753,39.502354536167
4754,39.322703085396554
4755,39.32454004466194
4756,39.12824120669076
4757,39.23588197210719
4758,39.157710120379214
4759,39.209105615572916
4760,37.76091199625814
4761,39.72740399737012
4762,39.32300650195705
4763,39.32300650195705
4764,39.32300650195705
4765,39.32300650195705
4766,39.32300650195705
4767,37.72875709513795
4768,29.722205327210325
4769,30.622655621017447
4770,29.464708691301194
4771,29.711449034828867
4772,25.39725071689077
4773,29.674427039170183
4774,29.03611772929792
4775,29.569001449366983
4776,31.210392496983623
4777,30.467402989861675
4778,29.722205327210325
4779,29.722205327210325
4780,29.722205327210325
4781,29.722205327210325
4782,29.722205327210325
4783,27.287585681667316
4784,19.65696441517521
4785,19.11512281707861
4786,19.888806820070506
4787,19.665071770046247
4788,18.559786408351822
4789,19.653346618625175
4790,21.248047243757554
4791,21.375167432234242
4792,28.570867006390625
4793,19.39570398079232
4794,19.65696441517521
4795,19.65696441517521
4796,19.65696441517521
4797,19.65696441517521
4798,19.65696441517521
4799,28.760209294629828
4800,31.35412442684193
4801,29.310602729646096
4802,25.838812040800267
4803,31.38898934636221
4804,33.536872655139526
4805,32.35333281943945
4806,31.340264765947932
4807,31.049390082674094
4808,22.832869549986633
4809,32.064720352112246
4810,31.35412442684193
4811,31.35412442684193
4812,31.35412442684193
4813,31.35412442684193
4814,31.35412442684193
4815,19.175827586765667
4816,13.929457042290776
4817,13.282113946878008
4818,17.524270125290847
4819,13.943347282362918
4820,11.654217965501635
4821,11.90882163643862
4822,14.514592144620808
4823,14.143734089357807
4824,27.164894353322477
4825,13.633888686403582
4826,13.929457042290776
4827,13.929457042290776
4828,13.929457042290776
4829,13.929457042290776
4830,13.929457042290776
4831,25.94442735129329
4832,33.365154087568904
4833,34.29216423497973
4834,31.253702868333317
4835,33.368627720839264
4836,36.131953409997394
4837,31.94033978849435
4838,32.61880384184539
4839,33.55303113916754
4840,39.79051724762336
4841,33.18429825503791
4842,33.365154087568904
4843,33.365154087568904
4844,33.365154087568904
4845,33.365154087568904
4846,33.365154087568904
4847,41.11270396321876
4848,29.866547680052353
4849,29.625796745581468
4850,30.062879536722093
4851,29.86310830407262
4852,32.46181808315289
4853,30.224440462218027
4854,30.186731064174477
4855,29.681837673191044
4856,21.13071463195447
4857,29.354681228441873
4858,29.866547680052353
4859,29.866547680052353
4860,29.866547680052353
4861,29.866547680052353
4862,29.866547680052353
4863,24.449491894265915
4864,33.158163858118264
4865,32.795693245657006
4866,28.817888102739417
4867,33.17291161477625
4868,22.88351348996733
4869,31.96968823997715
4870,32.89187121947164
4871,33.42807157483078
4872,31.77016035063349
4873,32.977058903443854
4874,33.158163858118264
4875,33.158163858118264
4876,33.158163858118264
4877,33.158163858118264
4878,33.158163858118264
4879,16.27480257358759
4880,31.34648341800448
4881,31.26521552583775
4882,32.64435270094402
4883,31.34349486806347
4884,35.947841481599255
4885,31.662967758033115
4886,31.897444574166254
4887,31.297117532624867
4888,29.134542208841424
4889,31.034551495317878
4890,31.34648341800448
4891,31.34648341800448
4892,31.34648341800448
4893,31.34648341800448
4894,31.34648341800448
4895,36.12606446102342
4896,38.95960691533896
4897,39.851565445589614
4898,36.98578361117131
4899,38.95276831038368
4900,26.909246140925084
4901,40.640305186816015
4902,38.18363785620655
4903,38.53766804020946
4904,40.84367879925681
4905,38.133366493870085
4906,38.95960691533896
4907,38.95960691533896
4908,38.95960691533896
4909,38.95960691533896
4910,38.95960691533896
4911,27.2533185197731
4912,9.013585592539387
4913,9.022587453337916
4914,12.314630960421164
4915,9.013565846451995
4916,14.45505745601445
4917,8.452120239133656
4918,8.428217373768131
4919,9.481231228003187
4920,9.05805622228138
4921,9.333380149342325
4922,9.013585592539387
4923,9.013585592539387
4924,9.013585592539387
4925,9.013585592539387
4926,9.013585592539387
4927,21.02122961200592
4928,27.847101762332354
4929,28.001171853262328
4930,26.95622593313177
4931,27.849941319542502
4932,42.94873179015425
4933,27.981127933030557
4934,27.64993802684982
4935,27.502240779221633
4936,24.522463718410695
4937,27.81253247874184
4938,27.847101762332354
4939,27.847101762332354
4940,27.847101762332354
4941,27.847101762332354
4942,27.847101762332354
4943,34.98041457513563
4944,14.329856431458547
4945,14.322501534063075
4946,15.42207846923011
4947,14.329844332808618
4948,11.40325633981756
4949,15.292416058872929
4950,17.82408521519207
4951,14.595832431263291
4952,38.598380993215876
4953,14.658938518305986
4954,14.329856431458547
4955,14.329856431458547
4956,14.329856431458547
4957,14.329856431458547
4958,14.329856431458547
4959,33.47526715996985
4960,24.396564753869473
4961,24.664607780518963
4962,25.808416435172447
4963,24.37781048254029
4964,28.459076836040236
4965,24.146002505142597
4966,23.793692222553965
4967,24.65540406393629
4968,29.843466819015553
4969,24.44847070239312
4970,24.396564753869473
4971,24.396564753869473
4972,24.396564753869473
4973,24.396564753869473
4974,24.396564753869473
4975,35.513570157107914
4976,35.28979749671167
4977,35.097195642133876
4978,35.107367829352754
4979,35.292314139320524
4980,28.337803530249253
4981,34.71884481919892
4982,35.0525533269715
4983,34.939759469544356
4984,23.408942972351824
4985,34.96062216752308
4986,35.28979749671167
4987,35.28979749671167
4988,35.28979749671167
4989,35.28979749671167
4990,35.28979749671167
4991,14.873295326964989
4992,40.0044087171801
4993,38.933217193126396
4994,39.73106853042163
4995,39.989896291818155
4996,39.842321395412796
4997,40.26807214891231
4998,39.16322036412023
4999,39.509112917259515
5000,41.38339753735363
5001,38.937170944056966
5002,40.0044087171801
5003,40.0044087171801
5004,40.0044087171801
5005,40.0044087171801
5006,40.0044087171801
5007,38.5074558110498
5008,14.251938862752825
5009,14.526339294274115
5010,15.213630745287524
5011,14.255057754807885
5012,15.858674724098634
5013,13.359250227551735
5014,14.762072132118648
5015,15.076015257811061
5016,15.601798990760928
5017,14.378724961895731
5018,14.251938862752825
5019,14.251938862752825
5020,14.251938862752825
5021,14.251938862752825
5022,14.251938862752825
5023,19.88919197848369
5024,23.937435794418942
5025,26.253187466308542
5026,25.28974016332057
5027,23.939432664606823
5028,23.116130820223887
5029,22.86284570587485
5030,24.219560857552484
5031,24.778436291659126
5032,20.54129182017258
5033,24.408698036993485
5034,23.937435794418942
5035,23.937435794418942
5036,23.937435794418942
5037,23.937435794418942
5038,23.937435794418942
5039,24.756739312508355
5040,31.127624170273965
5041,30.530548828583388
5042,29.42306077523778
5043,31.13230324793945
5044,26.01169616174556
5045,31.58246135079043
5046,31.407780132423476
5047,30.690990441512174
5048,27.450310138821376
5049,31.09877066163859
5050,31.127624170273965
5051,31.127624170273965
5052,31.127624170273965
5053,31.127624170273965
5054,31.127624170273965
5055,21.092226432397492
5056,23.112426424668936
5057,22.544642186095654
5058,19.942949537409806
5059,23.11172221672253
5060,22.439753631819766
5061,23.160784641762604
5062,21.310643134405357
5063,23.49366640830943
5064,28.595687153463857
5065,23.755944231564133
5066,23.112426424668936
5067,23.112426424668936
5068,23.112426424668936
5069,23.112426424668936
5070,23.112426424668936
5071,26.145860431721594
5072,38.30657504836622
5073,38.71419464871753
5074,39.51193649223032
5075,38.30564794058435
5076,36.49350737079744
5077,38.19965590201484
5078,38.815033136550916
5079,38.444001253014456
5080,29.990042009368068
5081,38.32050537099671
5082,38.30657504836622
5083,38.30657504836622
5084,38.30657504836622
5085,38.30657504836622
5086,38.30657504836622
5087,34.332447190589754
5088,26.03863283763258
5089,26.859674522401995
5090,24.752780563818977
5091,26.051927257875352
5092,32.33687293889514
5093,25.99321726668207
5094,26.576353237739394
5095,26.163399380511876
5096,17.953340572742952
5097,25.093142496564923
5098,26.03863283763258
5099,26.03863283763258
5100,26.03863283763258
5101,26.03863283763258
5102,26.03863283763258
5103,22.236129075643152
5104,18.539300377856787
5105,17.55522669634364
5106,23.20392360389121
5107,18.524766831881454
5108,18.17659900776373
5109,18.493551196086162
5110,19.449946257246083
5111,19.102456387634753
5112,36.08792174190045
5113,19.05139295006742
5114,18.539300377856787
5115,18.539300377856787
5116,18.539300377856787
5117,18.539300377856787
5118,18.539300377856787
5119,37.51156868467991
5120,16.38535041137275
5121,16.86597924583733
5122,17.446538857954568
5123,16.405088500109382
5124,23.200783586732115
5125,17.150525315359346
5126,14.140387573775131
5127,19.441981847714374
5128,29.122118232325118
5129,17.04854395520694
5130,16.38535041137275
5131,16.38535041137275
5132,16.38535041137275
5133,16.38535041137275
5134,16.38535041137275
5135,42.630277229348955
5136,33.19584565875315
5137,33.55324598353145
5138,33.22244327529719
5139,33.19627176504325
5140,25.14106037769693
5141,33.037309843409965
5142,34.20318509140879
5143,30.074854199937604
5144,27.27206918919326
5145,32.37564620604019
5146,33.19584565875315
5147,33.19584565875315
5148,33.19584565875315
5149,33.19584565875315
5150,33.19584565875315
5151,18.540536874067524
5152,32.674212815032014
5153,33.146918708973416
5154,32.47498827128651
5155,32.67246999220453
5156,36.09490316119679
5157,31.992831635181748
5158,32.9860309359346
5159,33.1158907066639
5160,19.22695435370962
5161,32.58617355236387
5162,32.674212815032014
5163,32.674212815032014
5164,32.674212815032014
5165,32.674212815032014
5166,32.674212815032014
5167,23.32478389249046
5168,30.895820325976
5169,30.9402090331013
5170,30.98814589108528
5171,30.89496630963437
5172,21.5949690804464
5173,31.145955124991318
5174,31.52513716687451
5175,29.895518401884384
5176,32.62193442818749
5177,30.301780607666252
5178,30.895820325976
5179,30.895820325976
5180,30.895820325976
5181,30.895820325976
5182,30.895820325976
5183,22.535823433687337
5184,38.23155129694779
5185,38.21321170692239
5186,37.21010452901874
5187,38.23595431902293
5188,28.57858455218214
5189,38.068794625897965
5190,37.32007259144009
5191,38.86514089677511
5192,38.13994283088479
5193,38.18274714269243
5194,38.23155129694779
5195,38.23155129694779
5196,38.23155129694779
5197,38.23155129694779
5198,38.23155129694779
5199,27.191530683769173
5200,20.730555383402784
5201,20.901194011899154
5202,22.8089644123371
5203,20.729844382097088
5204,26.981596488622845
5205,19.84405611280626
5206,20.90253613502411
5207,18.813532952200422
5208,21.79393171294749
5209,20.42365502285029
5210,20.730555383402784
5211,20.730555383402784
5212,20.730555383402784
5213,20.730555383402784
5214,20.730555383402784
5215,28.0585885872086
5216,25.472720465383688
5217,23.035568961313754
5218,16.997173417405076
5219,25.43642263149427
5220,19.418482242519556
5221,26.421667392516945
5222,25.644210857520044
5223,27.756463082333454
5224,20.696998457270812
5225,27.020155140055287
5226,25.472720465383688
5227,25.472720465383688
5228,25.472720465383688
5229,25.472720465383688
5230,25.472720465383688
5231,12.995575960369973
5232,24.816790547701956
5233,24.699425197797005
5234,27.102215640834817
5235,24.82106454665881
5236,40.29170553441621
5237,25.14256574257464
5238,25.158186511598274
5239,23.20144078466594
5240,25.199214200707527
5241,24.047453280368057
5242,24.816790547701956
5243,24.816790547701956
5244,24.816790547701956
5245,24.816790547701956
5246,24.816790547701956
5247,41.59926487513528
5248,31.546441143928778
5249,31.06542642561426
5250,30.135125812034243
5251,31.535214192759074
5252,27.919959615307445
5253,31.17473051582127
5254,31.306142990556236
5255,32.08264993800302
5256,27.897225657083144
5257,31.866633804261774
5258,31.546441143928778
5259,31.546441143928778
5260,31.546441143928778
5261,31.546441143928778
5262,31.546441143928778
5263,21.480194633613582
5264,21.059142691819922
5265,21.461450626036008
5266,23.349722203614565
5267,21.07732730400247
5268,19.56774820908935
5269,22.73519479022692
5270,24.2333259541897
5271,18.837017480848335
5272,34.98856970459749
5273,20.915044909189103
5274,21.059142691819922
5275,21.059142691819922
5276,21.059142691819922
5277,21.059142691819922
5278,21.059142691819922
5279,34.241881338267014
5280,14.582118875500992
5281,16.71366175261428
5282,11.087917181383405
5283,14.580234913653513
5284,18.07237967758369
5285,15.793852130268284
5286,14.272858326049803
5287,16.404049066916333
5288,23.291603769687338
5289,15.191532411651126
5290,14.582118875500992
5291,14.582118875500992
5292,14.582118875500992
5293,14.582118875500992
5294,14.582118875500992
5295,29.85287818847493
5296,41.56086910902812
5297,42.10164851580571
5298,44.47915668373676
5299,41.56160960867365
5300,38.253987265491794
5301,40.42915569079057
5302,41.06070451691929
5303,39.53746028593452
5304,24.92371700257381
5305,39.36161240002292
5306,41.56086910902812
5307,41.56086910902812
5308,41.56086910902812
5309,41.56086910902812
5310,41.56086910902812
5311,18.865185930522536
5312,27.101383685910697
5313,25.265127739527777
5314,27.50884462378929
5315,27.099019077484947
5316,27.36908160938822
5317,27.023411493888155
5318,26.16311455198498
5319,31.020895121056647
5320,32.505302658996136
5321,27.751206018050553
5322,27.101383685910697
5323,27.101383685910697
5324,27.101383685910697
5325,27.101383685910697
5326,27.101383685910697
5327,34.99243408355041
5328,23.055405533319856
5329,23.213793875167177
5330,23.19919445956999
5331,23.057640026519593
5332,28.096596517742768
5333,23.208388521987946
5334,24.4457396839902
5335,21.333559587518323
5336,26.99022970578703
5337,22.304704910725622
5338,23.055405533319856
5339,23.055405533319856
5340,23.055405533319856
5341,23.055405533319856
5342,23.055405533319856
5343,31.348605917322615
5344,34.79737565728954
5345,35.22921923978226
5346,34.78576072098327
5347,34.80945703658828
5348,36.274600933004024
5349,34.92834924891921
5350,34.409535301940636
5351,35.47908770620913
5352,28.095240370792737
5353,35.227918607474216
5354,34.79737565728954
5355,34.79737565728954
5356,34.79737565728954
5357,34.79737565728954
5358,34.79737565728954
5359,31.819840983603175
5360,26.956287678233398
5361,26.303199675518076
5362,27.976786923652465
5363,26.944040405518283
5364,23.156411805101687
5365,26.629683605975426
5366,26.32915205217059
5367,26.069878536736827
5368,21.040415375354293
5369,26.9581913950802
5370,26.956287678233398
5371,26.956287678233398
5372,26.956287678233398
5373,26.956287678233398
5374,26.956287678233398
5375,16.096530667018957
5376,41.2761075537051
5377,41.03838034584903
5378,41.98114895754236
5379,41.27464275690219
5380,31.493298273676174
5381,41.15627692957607
5382,41.35266089835366
5383,40.19464858767306
5384,23.570901120757643
5385,41.66046740815015
5386,41.2761075537051
5387,41.2761075537051
5388,41.2761075537051
5389,41.2761075537051
5390,41.2761075537051
5391,16.71513314053134
5392,19.44587547617017
5393,19.552483681337925
5394,18.686351580410882
5395,19.44509802378885
5396,28.410354920175138
5397,18.696933997633483
5398,19.640396450093135
5399,21.11177997185035
5400,23.743089981690115
5401,19.635025654000177
5402,19.44587547617017
5403,19.44587547617017
5404,19.44587547617017
5405,19.44587547617017
5406,19.44587547617017
5407,35.033784034572825
5408,24.388727264595513
5409,24.086700584545994
5410,20.89573519074589
5411,24.419492250243476
5412,17.01337449313672
5413,25.303801448173537
5414,23.188782707828217
5415,22.292229615772488
5416,38.26897620587627
5417,23.427610067409994
5418,24.388727264595513
5419,24.388727264595513
5420,24.388727264595513
5421,24.388727264595513
5422,24.388727264595513
5423,24.623668494948426
5424,22.904855689613882
5425,23.257953508713026
5426,24.677042680105224
5427,22.89866288049789
5428,25.748938995582936
5429,23.49267043013605
5430,24.140968974623036
5431,23.614075488439617
5432,20.018141320870686
5433,23.713786969541538
5434,22.904855689613882
5435,22.904855689613882
5436,22.904855689613882
5437,22.904855689613882
5438,22.904855689613882
5439,29.123123361348867
5440,23.398865395299843
5441,23.83882179986181
5442,17.493261796851936
5443,23.3834855309759
5444,27.161593922985343
5445,25.020361515966748
5446,23.354767846576102
5447,21.880610798461127
5448,22.85554812402882
5449,22.19970201841633
5450,23.398865395299843
5451,23.398865395299843
5452,23.398865395299843
5453,23.398865395299843
5454,23.398865395299843
5455,19.559221004465627
5456,31.670693621167146
5457,31.68929315692654
5458,33.539670343917095
5459,31.66977358887983
5460,26.205670127986732
5461,30.992533534176676
5462,31.37487801231618
5463,32.75696309894425
5464,29.391201944087634
5465,32.607743939179635
5466,31.670693621167146
5467,31.670693621167146
5468,31.670693621167146
5469,31.670693621167146
5470,31.670693621167146
5471,27.389003024695434
5472,30.606556143824168
5473,30.52343002840892
5474,29.62929910047921
5475,30.609356351853386
5476,42.68462176012426
5477,30.03101107851766
5478,30.181666937198585
5479,29.960752359716732
5480,31.309122065766907
5481,30.258695318864653
5482,30.606556143824168
5483,30.606556143824168
5484,30.606556143824168
5485,30.606556143824168
5486,30.606556143824168
5487,39.50366056790778
5488,23.850158354662476
5489,23.4324002013908
5490,29.17334239140378
5491,23.845380088424648
5492,20.667158418807627
5493,24.976862830733673
5494,25.709363520950685
5495,26.98047437277267
5496,25.28251244139827
5497,24.37992085528235
5498,23.850158354662476
5499,23.850158354662476
5500,23.850158354662476
5501,23.850158354662476
5502,23.850158354662476
5503,30.57826244730789
5504,26.56361037377924
5505,22.806752720279146
5506,21.44881578723281
5507,26.572825636306455
5508,28.177174525679067
5509,27.18391557093049
5510,26.210467879392116
5511,25.23814717824174
5512,33.54987997596733
5513,25.892228167569613
5514,26.56361037377924
5515,26.56361037377924
5516,26.56361037377924
5517,26.56361037377924
5518,26.56361037377924
5519,29.673558495097897
5520,29.48379727680763
5521,29.845350560136986
5522,31.651927103391202
5523,29.485156976780264
5524,22.519915863250844
5525,29.15869463337343
5526,29.722395494215675
5527,30.960642229460404
5528,16.555034375146338
5529,30.843755741796056
5530,29.48379727680763
5531,29.48379727680763
5532,29.48379727680763
5533,29.48379727680763
5534,29.48379727680763
5535,19.716734346640887
5536,39.29480372285687
5537,40.01829627697351
5538,38.46915810075997
5539,39.28737290243934
5540,39.59026148335366
5541,39.19703991201453
5542,38.79844186822735
5543,38.403604463990604
5544,26.942775656142768
5545,38.45478960079752
5546,39.29480372285687
5547,39.29480372285687
5548,39.29480372285687
5549,39.29480372285687
5550,39.29480372285687
5551,20.747182616180222
5552,18.396911022530904
5553,18.091243885272323
5554,21.739626244716458
5555,18.40765096548348
5556,19.807531372631793
5557,18.770738846616826
5558,19.78246323909669
5559,20.39101567362819
5560,27.87684331314234
5561,18.52827173177523
5562,18.396911022530904
5563,18.396911022530904
5564,18.396911022530904
5565,18.396911022530904
5566,18.396911022530904
5567,32.25570494612042
5568,26.815225599837937
5569,26.58788187478377
5570,27.22947457475743
5571,26.822499891848313
5572,32.838766034194315
5573,26.543609897777305
5574,26.814567877452262
5575,26.142318996483738
5576,25.337450305094343
5577,26.521501545103348
5578,26.815225599837937
5579,26.815225599837937
5580,26.815225599837937
5581,26.815225599837937
5582,26.815225599837937
5583,29.359908052277472
5584,31.406865930644226
5585,33.584109336424035
5586,29.60431975935879
5587,31.392315786746902
5588,31.582236818159785
5589,33.03508147758072
5590,31.172165361093835
5591,34.66803766654537
5592,19.49369091784497
5593,31.162045649374882
5594,31.406865930644226
5595,31.406865930644226
5596,31.406865930644226
5597,31.406865930644226
5598,31.406865930644226
5599,22.60917572772991
5600,17.666809672215603
5601,20.05241732105885
5602,15.935487114230511
5603,17.675347810846308
5604,15.343136177137344
5605,19.014153986652442
5606,15.531170659397102
5607,16.313078929147725
5608,28.562820151727884
5609,17.159754384266847
5610,17.666809672215603
5611,17.666809672215603
5612,17.666809672215603
5613,17.666809672215603
5614,17.666809672215603
5615,23.231700600264162
5616,27.406779599770147
5617,27.290697620470187
5618,29.703331056167826
5619,27.401720179366183
5620,28.04992172948274
5621,25.607353370964827
5622,28.876318464429197
5623,28.281634358764954
5624,33.37025122369186
5625,28.93674700762747
5626,27.406779599770147
5627,27.406779599770147
5628,27.406779599770147
5629,27.406779599770147
5630,27.406779599770147
5631,36.801966796016266
5632,36.62245222879757
5633,35.672221187098124
5634,38.13541297543191
5635,36.61914102431947
5636,38.57608419463434
5637,37.36560349571784
5638,37.39731710882291
5639,36.71452870534138
5640,32.62447191685646
5641,36.74918243870115
5642,36.62245222879757
5643,36.62245222879757
5644,36.62245222879757
5645,36.62245222879757
5646,36.62245222879757
5647,37.78897966186451
5648,16.220931464997605
5649,17.429046710281803
5650,14.496206139861352
5651,16.231160389775088
5652,16.922172354398665
5653,14.776923463788332
5654,15.075406802655843
5655,16.309380344384216
5656,28.437160806818643
5657,15.942636382664306
5658,16.220931464997605
5659,16.220931464997605
5660,16.220931464997605
5661,16.220931464997605
5662,16.220931464997605
5663,26.96256487348182
5664,29.426217290913844
5665,31.478783284135478
5666,28.64253031938552
5667,29.404597913517335
5668,29.663919778898766
5669,27.85220888165741
5670,29.872993047324655
5671,29.773515493007753
5672,34.78784705012249
5673,30.91042192864082
5674,29.426217290913844
5675,29.426217290913844
5676,29.426217290913844
5677,29.426217290913844
5678,29.426217290913844
5679,36.98450464028868
5680,31.10206073874502
5681,31.102185856868868
5682,32.51092432963603
5683,31.1052273637838
5684,24.896407044913214
5685,32.1320491809976
5686,31.042631845936842
5687,31.072280366649462
5688,11.899631211798239
5689,30.26584573138557
5690,31.10206073874502
5691,31.10206073874502
5692,31.10206073874502
5693,31.10206073874502
5694,31.10206073874502
5695,11.787049457688342
5696,27.171281936735785
5697,24.857149027227727
5698,23.854892272182276
5699,27.191723489789556
5700,24.8441840184707
5701,27.312329288229858
5702,27.86765396497682
5703,26.03674134257345
5704,24.522773290741394
5705,28.09260672632191
5706,27.171281936735785
5707,27.171281936735785
5708,27.171281936735785
5709,27.171281936735785
5710,27.171281936735785
5711,17.815100366574036
5712,37.70914186229964
5713,38.03779343295346
5714,38.552451445380605
5715,37.70894303143908
5716,37.94396622348229
5717,37.579425603933586
5718,36.899736452124245
5719,37.97396790074142
5720,37.10787583350964
5721,37.015059356423016
5722,37.70914186229964
5723,37.70914186229964
5724,37.70914186229964
5725,37.70914186229964
5726,37.70914186229964
5727,38.04167381990321
5728,24.012711028051353
5729,24.148037563180946
5730,22.310446770163715
5731,24.009169593717722
5732,28.56607832329633
5733,24.044398923645502
5734,23.823284842322746
5735,24.485302288317683
5736,24.350287895640204
5737,24.06410173880159
5738,24.012711028051353
5739,24.012711028051353
5740,24.012711028051353
5741,24.012711028051353
5742,24.012711028051353
5743,27.63461326142965
5744,17.932746665993662
5745,15.823754125128806
5746,23.88921348957438
5747,17.927624455377476
5748,18.330442344742472
5749,17.933934349481472
5750,17.715870124950083
5751,16.120195153144184
5752,22.70941156905334
5753,17.500925429667713
5754,17.932746665993662
5755,17.932746665993662
5756,17.932746665993662
5757,17.932746665993662
5758,17.932746665993662
5759,23.648495736085295
5760,33.04480465894606
5761,32.796394413900885
5762,28.589082171486393
5763,33.03445325509338
5764,23.88435470211331
5765,32.51512165325165
5766,33.76092651383037
5767,31.944245343107564
5768,37.746442942012735
5769,33.97626692957087
5770,33.04480465894606
5771,33.04480465894606
5772,33.04480465894606
5773,33.04480465894606
5774,33.04480465894606
5775,26.922565055943576
5776,29.5780155957325
5777,29.660689096788158
5778,31.81323786169292
5779,29.578255068134084
5780,32.37909469872479
5781,30.88989166798083
5782,28.9133142062959
5783,30.14226553092722
5784,18.6758049026343
5785,28.627789994929145
5786,29.5780155957325
5787,29.5780155957325
5788,29.5780155957325
5789,29.5780155957325
5790,29.5780155957325
5791,25.627564888722045
5792,38.51689831128236
5793,38.950876620296405
5794,35.51640958224728
5795,38.52786378468926
5796,28.097601213595016
5797,38.980231435364566
5798,38.58776248108547
5799,39.67562071515602
5800,29.028594329942578
5801,38.94598993650589
5802,38.51689831128236
5803,38.51689831128236
5804,38.51689831128236
5805,38.51689831128236
5806,38.51689831128236
5807,20.154890221898746
5808,12.499795245399522
5809,12.39203147544916
5810,15.947601239543449
5811,12.497335944933818
5812,19.083667454184194
5813,11.0466260679196
5814,12.668202563382303
5815,11.198184874140054
5816,22.51717504495316
5817,12.577958173725603
5818,12.499795245399522
5819,12.499795245399522
5820,12.499795245399522
5821,12.499795245399522
5822,12.499795245399522
5823,34.20566400660935
5824,27.974809215599603
5825,28.0166975889557
5826,28.834283636951003
5827,27.965203867433974
5828,41.5409794840833
5829,27.891454687016516
5830,28.498671163758246
5831,27.95316008422049
5832,28.36492372317829
5833,28.21264434514276
5834,27.974809215599603
5835,27.974809215599603
5836,27.974809215599603
5837,27.974809215599603
5838,27.974809215599603
5839,43.78720019222241
5840,22.79530205476933
5841,23.681632036426304
5842,22.544347016739465
5843,22.795317501392304
5844,18.992766297294864
5845,21.46567190024557
5846,20.3754747248589
5847,23.805326687459022
5848,27.791330349008483
5849,22.791364262424924
5850,22.79530205476933
5851,22.79530205476933
5852,22.79530205476933
5853,22.79530205476933
5854,22.79530205476933
5855,20.594878590934236
5856,26.914296364807097
5857,25.530521319983098
5858,23.85453339088342
5859,26.92164583754369
5860,29.414894846642564
5861,27.125320483408967
5862,26.695147482520884
5863,27.70095969701133
5864,20.49584902103048
5865,28.172201194220168
5866,26.914296364807097
5867,26.914296364807097
5868,26.914296364807097
5869,26.914296364807097
5870,26.914296364807097
5871,18.777800299073764
5872,31.24890690137483
5873,31.32181513719404
5874,33.108726320669
5875,31.250285971107026
5876,26.48767176714815
5877,32.2191332621399
5878,31.414959732754212
5879,31.214586288186887
5880,28.808946128277043
5881,29.57324587101496
5882,31.24890690137483
5883,31.24890690137483
5884,31.24890690137483
5885,31.24890690137483
5886,31.24890690137483
5887,25.961086254959042
5888,22.37605909357408
5889,19.99768911271067
5890,22.31032283490431
5891,22.34628401976874
5892,26.88758075974582
5893,22.472581840632483
5894,21.89153364713894
5895,22.45799804893097
5896,25.844735513849912
5897,21.176601722074434
5898,22.37605909357408
5899,22.37605909357408
5900,22.37605909357408
5901,22.37605909357408
5902,22.37605909357408
5903,27.310049768216185
5904,38.31446537378039
5905,38.53528946976689
5906,38.11726642798387
5907,38.3165068649385
5908,36.39567409291915
5909,38.228590684925415
5910,38.275235927632565
5911,37.698874421758745
5912,22.78259562639165
5913,39.58687534253178
5914,38.31446537378039
5915,38.31446537378039
5916,38.31446537378039
5917,38.31446537378039
5918,38.31446537378039
5919,20.101180180898098
5920,26.34249783327595
5921,27.77518604989332
5922,26.29718319565574
5923,26.342956693586036
5924,23.5517872017075
5925,26.428722372602763
5926,27.835236954816924
5927,26.048589073213165
5928,16.93893082183968
5929,26.084285457799496
5930,26.34249783327595
5931,26.34249783327595
5932,26.34249783327595
5933,26.34249783327595
5934,26.34249783327595
5935,19.133712390249322
5936,23.617153112339263
5937,22.867278389830933
5938,24.873812722309086
5939,23.62528912330196
5940,21.539064858613834
5941,23.587297123044152
5942,22.808990658806543
5943,23.334890689475674
5944,38.472333186579796
5945,24.008563387695602
5946,23.617153112339263
5947,23.617153112339263
5948,23.617153112339263
5949,23.617153112339263
5950,23.617153112339263
5951,35.605457505266536
5952,32.77492360416207
5953,32.16959654114166
5954,30.32941693880472
5955,32.774299945711576
5956,33.41284984925481
5957,33.14432114849477
5958,32.26617346667119
5959,33.59260678155934
5960,33.788005640845235
5961,33.16671349328306
5962,32.77492360416207
5963,32.77492360416207
5964,32.77492360416207
5965,32.77492360416207
5966,32.77492360416207
5967,33.21364797469075
5968,17.91060539241289
5969,18.993867113804626
5970,19.74301204336726
5971,17.902640177019787
5972,16.120189165927652
5973,17.026464583381347
5974,16.455046799949205
5975,16.21714130727961
5976,18.33157913077981
5977,18.005315369025144
5978,17.91060539241289
5979,17.91060539241289
5980,17.91060539241289
5981,17.91060539241289
5982,17.91060539241289
5983,16.24495680716303
5984,34.18375723029117
5985,35.79392480856928
5986,29.54153154052155
5987,34.215210027430665
5988,35.77824576678962
5989,33.26042451303301
5990,35.663522487443615
5991,33.11091185175676
5992,35.784168225946765
5993,32.73356546366237
5994,34.18375723029117
5995,34.18375723029117
5996,34.18375723029117
5997,34.18375723029117
5998,34.18375723029117
5999,32.15373687605925
6000,27.181679943134977
6001,27.463926403081157
6002,29.17103866939822
6003,27.18074801626891
6004,31.079533856958296
6005,27.595732085780913
6006,26.796036008343346
6007,27.810025003583224
6008,26.226508806816447
6009,28.209368520344807
6010,27.181679943134977
6011,27.181679943134977
6012,27.181679943134977
6013,27.181679943134977
6014,27.181679943134977
6015,33.5021195830341
6016,28.907912198302512
6017,28.54210804000903
6018,27.30342448384868
6019,28.921973774028324
6020,30.80747848716899
6021,28.2926566331088
6022,29.392166195833482
6023,29.93870884825837
6024,17.05395586519825
6025,28.407182560465888
6026,28.907912198302512
6027,28.907912198302512
6028,28.907912198302512
6029,28.907912198302512
6030,28.907912198302512
6031,16.621828322093975
6032,15.781609408781573
6033,15.49296021797153
6034,19.958736162607465
6035,15.771542119615614
6036,11.347758999976238
6037,15.327539071392074
6038,17.05501297105233
6039,14.44402783051783
6040,31.264642630995905
6041,15.667952521380082
6042,15.781609408781573
6043,15.781609408781573
6044,15.781609408781573
6045,15.781609408781573
6046,15.781609408781573
6047,23.951231945953626
6048,23.23443133372739
6049,23.626352632595346
6050,19.39730271950951
6051,23.224864856363837
6052,33.626894198909106
6053,23.785822504034236
6054,23.958731078301224
6055,22.79876343781797
6056,27.34585509761403
6057,22.616455136211503
6058,23.23443133372739
6059,23.23443133372739
6060,23.23443133372739
6061,23.23443133372739
6062,23.23443133372739
6063,35.94254223098952
6064,40.2981065054484
6065,40.352926102619826
6066,41.54777844041714
6067,40.29837215454305
6068,29.797664821750086
6069,40.47870220609295
6070,39.59485458071856
6071,40.748453235823185
6072,31.1055172470818
6073,42.04978244374815
6074,40.2981065054484
6075,40.2981065054484
6076,40.2981065054484
6077,40.2981065054484
6078,40.2981065054484
6079,27.555093474924433
6080,34.32252468013985
6081,35.36148797604643
6082,35.11383521231268
6083,34.33331967826135
6084,26.193833772180785
6085,33.52153930801587
6086,35.20820479432565
6087,34.43804602731785
6088,30.347739840935905
6089,33.481415650165545
6090,34.32252468013985
6091,34.32252468013985
6092,34.32252468013985
6093,34.32252468013985
6094,34.32252468013985
6095,24.48501330858205
6096,23.126578686471014
6097,23.15681334354479
6098,23.136980268623436
6099,23.12661493238025
6100,38.9009987398389
6101,24.277603098227274
6102,23.29800100473867
6103,22.95680506903385
6104,19.95451903963033
6105,24.05604405248374
6106,23.126578686471014
6107,23.126578686471014
6108,23.126578686471014
6109,23.126578686471014
6110,23.126578686471014
6111,38.36239903727503
6112,33.54237007214797
6113,33.88764677395301
6114,32.83227963784458
6115,33.52895481973294
6116,25.10665320897343
6117,33.93977295899831
6118,33.75931960522311
6119,33.37250419060024
6120,37.89348228294116
6121,32.58269693330622
6122,33.54237007214797
6123,33.54237007214797
6124,33.54237007214797
6125,33.54237007214797
6126,33.54237007214797
6127,27.875897064424368
6128,21.580372451403093
6129,20.90126157383452
6130,21.473768082739255
6131,21.588602724734887
6132,26.805282657066446
6133,20.373907797202865
6134,19.36916394453326
6135,21.552084340535146
6136,25.515808057112373
6137,21.76848416598422
6138,21.580372451403093
6139,21.580372451403093
6140,21.580372451403093
6141,21.580372451403093
6142,21.580372451403093
6143,26.884441126958382
6144,22.00201986921666
6145,20.374117447105284
6146,16.757625840545845
6147,22.027381302047424
6148,23.267931779520673
6149,22.230142687157134
6150,23.585356842302595
6151,22.79044216308241
6152,25.59500162609802
6153,20.81756040475557
6154,22.00201986921666
6155,22.00201986921666
6156,22.00201986921666
6157,22.00201986921666
6158,22.00201986921666
6159,22.139164201557875
6160,24.29792789036747
6161,24.42165756120503
6162,25.545029174362
6163,24.29774157682914
6164,24.615376596543765
6165,22.861146112034803
6166,24.48631050722025
6167,23.717947443468173
6168,26.79892952235227
6169,25.455531696786238
6170,24.29792789036747
6171,24.29792789036747
6172,24.29792789036747
6173,24.29792789036747
6174,24.29792789036747
6175,28.664056406161556
6176,40.72930021488074
6177,41.78930252324364
6178,41.4917163377391
6179,40.72565210684647
6180,35.49630178989892
6181,40.71286216944129
6182,39.70435831373133
6183,41.93405729188787
6184,39.22115339687097
6185,40.945265121112
6186,40.72930021488074
6187,40.72930021488074
6188,40.72930021488074
6189,40.72930021488074
6190,40.72930021488074
6191,36.90329739777118
6192,20.962343282978466
6193,20.36785707097493
6194,20.03077782032928
6195,20.96333248126581
6196,20.483872840901654
6197,22.06232301817528
6198,21.5607308491895
6199,18.05945273297037
6200,21.56506077559669
6201,21.192201765018684
6202,20.962343282978466
6203,20.962343282978466
6204,20.962343282978466
6205,20.962343282978466
6206,20.962343282978466
6207,19.73127067798606
6208,28.3788167602907
6209,27.484417749275007
6210,25.797618960972635
6211,28.39124132288765
6212,27.195085716148302
6213,28.551148507044086
6214,28.682349105245958
6215,29.048668259374736
6216,16.288034737237997
6217,28.344484882144563
6218,28.3788167602907
6219,28.3788167602907
6220,28.3788167602907
6221,28.3788167602907
6222,28.3788167602907
6223,12.97405963598081
6224,30.388428337858848
6225,32.07562501168614
6226,32.98932467661662
6227,30.38016397466695
6228,28.7898006784951
6229,31.31059155409815
6230,31.2394889962411
6231,28.943840928114405
6232,34.592841912556025
6233,30.731108171599637
6234,30.388428337858848
6235,30.388428337858848
6236,30.388428337858848
6237,30.388428337858848
6238,30.388428337858848
6239,36.6011136298997
6240,23.91045448201399
6241,24.57911563932201
6242,19.398525182530488
6243,23.901557207594376
6244,23.741663966355862
6245,23.049773161067105
6246,21.68353336611653
6247,26.543485498183788
6248,33.998076686281316
6249,22.94910369243605
6250,23.91045448201399
6251,23.91045448201399
6252,23.91045448201399
6253,23.91045448201399
6254,23.91045448201399
6255,31.448710242182482
6256,30.55234573755931
6257,30.473455371168598
6258,34.40092032660878
6259,30.551087397595346
6260,36.263535969702914
6261,30.118329312396142
6262,31.02944966511413
6263,29.0361822354939
6264,20.37614534305586
6265,31.45345669424301
6266,30.55234573755931
6267,30.55234573755931
6268,30.55234573755931
6269,30.55234573755931
6270,30.55234573755931
6271,28.971114967209157
6272,39.81828389833409
6273,39.847901738923966
6274,38.29839361960685
6275,39.822022659335225
6276,26.359827774830034
6277,39.21333429526612
6278,39.36057196230247
6279,40.69191235927306
6280,36.93984760681491
6281,39.24381873207056
6282,39.81828389833409
6283,39.81828389833409
6284,39.81828389833409
6285,39.81828389833409
6286,39.81828389833409
6287,21.98324488918985
6288,20.177146688227964
6289,19.539472424877015
6290,22.9076988906072
6291,20.169276734951932
6292,24.989979360069526
6293,21.509224102569508
6294,19.33583350876788
6295,18.510948884971206
6296,18.202790853574083
6297,20.277993865902324
6298,20.177146688227964
6299,20.177146688227964
6300,20.177146688227964
6301,20.177146688227964
6302,20.177146688227964
6303,22.892083318911364
6304,24.630484805714953
6305,25.516128199202427
6306,19.72298291001405
6307,24.671228357919198
6308,21.835730554352722
6309,25.98396832142134
6310,23.216229243228476
6311,27.270107092559343
6312,26.829994999283077
6313,24.245318519389176
6314,24.630484805714953
6315,24.630484805714953
6316,24.630484805714953
6317,24.630484805714953
6318,24.630484805714953
6319,22.388480494087275
6320,29.729029464101878
6321,29.56537534825631
6322,31.62979304920825
6323,29.719698491297365
6324,35.15384379376672
6325,28.926571481998007
6326,30.863601639324322
6327,28.369028122888462
6328,32.72018515701903
6329,30.78151194755897
6330,29.729029464101878
6331,29.729029464101878
6332,29.729029464101878
6333,29.729029464101878
6334,29.729029464101878
6335,40.40259365746126
6336,19.38880382340639
6337,20.127882076169044
6338,17.70714825716587
6339,19.35837405707606
6340,26.330897838288163
6341,19.02907705046639
6342,18.524881802221696
6343,19.78005900946021
6344,30.4691306105281
6345,18.700634309657854
6346,19.38880382340639
6347,19.38880382340639
6348,19.38880382340639
6349,19.38880382340639
6350,19.38880382340639
6351,38.24740681747191
6352,29.361520305903667
6353,28.874436608447596
6354,29.826736520847103
6355,29.354853224787167
6356,26.776368151205663
6357,29.62827512337483
6358,29.266978911982964
6359,28.311011125888786
6360,14.354300917676968
6361,30.91454927680369
6362,29.361520305903667
6363,29.361520305903667
6364,29.361520305903667
6365,29.361520305903667
6366,29.361520305903667
6367,14.346879581102172
6368,24.9814280013162
6369,24.778928657162943
6370,25.722315353794666
6371,24.982641512250787
6372,36.535439442756484
6373,24.996444411741617
6374,24.916870252875917
6375,25.74515047060625
6376,18.880450448031556
6377,24.3887316977667
6378,24.9814280013162
6379,24.9814280013162
6380,24.9814280013162
6381,24.9814280013162
6382,24.9814280013162
6383,31.44448042991105
6384,36.406584997990784
6385,36.382890696199205
6386,32.675065301379334
6387,36.40752365180616
6388,24.76368387151092
6389,36.26346103352493
6390,38.10132380180485
6391,32.35521251890063
6392,42.76259543320591
6393,36.50902562187477
6394,36.406584997990784
6395,36.406584997990784
6396,36.406584997990784
6397,36.406584997990784
6398,36.406584997990784
6399,27.551337723109878
6400,34.01119889231971
6401,33.073899357039984
6402,33.620955225396
6403,34.004762080478976
6404,32.65855109410937
6405,34.14831873892223
6406,33.6933378389795
6407,33.859779438740595
6408,33.80709293786382
6409,34.21229325976089
6410,34.01119889231971
6411,34.01119889231971
6412,34.01119889231971
6413,34.01119889231971
6414,34.01119889231971
6415,30.887859675451992
6416,27.189330218751262
6417,28.64176465992572
6418,26.841424709767026
6419,27.196730208000417
6420,30.11928721783878
6421,27.787993159564135
6422,28.225025986557164
6423,28.605146089955426
6424,23.55495345354563
6425,26.201605448622537
6426,27.189330218751262
6427,27.189330218751262
6428,27.189330218751262
6429,27.189330218751262
6430,27.189330218751262
6431,29.835193729561492
6432,17.587380346833378
6433,19.915605150328574
6434,18.235823920070494
6435,17.596587243863205
6436,16.37246449167643
6437,16.646974770370004
6438,17.038979968895866
6439,14.68449906413465
6440,18.667663226284347
6441,18.335592265123193
6442,17.587380346833378
6443,17.587380346833378
6444,17.587380346833378
6445,17.587380346833378
6446,17.587380346833378
6447,17.229704657491162
6448,30.77309004635886
6449,30.690171317006218
6450,30.796378893287944
6451,30.773435131079832
6452,27.4523911733109
6453,30.2048431907292
6454,31.104273679536604
6455,34.208034594515205
6456,28.908323296287037
6457,29.855619215649156
6458,30.77309004635886
6459,30.77309004635886
6460,30.77309004635886
6461,30.77309004635886
6462,30.77309004635886
6463,28.112257091916618
6464,32.568452958751216
6465,31.173010298125472
6466,24.80546110279508
6467,32.555126981851174
6468,28.85283127387749
6469,33.49330908522539
6470,31.187246612119136
6471,30.038442131662162
6472,41.735289890220116
6473,34.04708616617261
6474,32.568452958751216
6475,32.568452958751216
6476,32.568452958751216
6477,32.568452958751216
6478,32.568452958751216
6479,35.50902350126644
6480,24.62845161429204
6481,24.883811578948507
6482,26.606245849174158
6483,24.628364797493784
6484,25.79435891631533
6485,22.737131588445973
6486,25.534933394225106
6487,25.69729315486306
6488,20.010254765443612
6489,24.127154100694888
6490,24.62845161429204
6491,24.62845161429204
6492,24.62845161429204
6493,24.62845161429204
6494,24.62845161429204
6495,25.871854120879895
6496,36.680268183606984
6497,37.198254125501016
6498,35.59507464975327
6499,36.6897826792777
6500,39.85205795053468
6501,36.27735666073593
6502,36.793917919715824
6503,35.30493646777857
6504,19.265494541323605
6505,36.48783335870195
6506,36.680268183606984
6507,36.680268183606984
6508,36.680268183606984
6509,36.680268183606984
6510,36.680268183606984
6511,15.176941366059808
6512,18.319061766692737
6513,16.70172684639304
6514,21.882754816772717
6515,18.313796248553817
6516,20.29196336440508
6517,20.361132922518305
6518,18.32227702956994
6519,20.48099951649376
6520,27.76221092519929
6521,18.130917853275598
6522,18.319061766692737
6523,18.319061766692737
6524,18.319061766692737
6525,18.319061766692737
6526,18.319061766692737
6527,32.855833836711135
6528,19.155147015721344
6529,18.388811751663777
6530,14.242255130078957
6531,19.182328452579352
6532,26.491871858970885
6533,19.295287393668502
6534,17.697819444145324
6535,17.46444587855945
6536,23.10188297774902
6537,19.876723708196636
6538,19.155147015721344
6539,19.155147015721344
6540,19.155147015721344
6541,19.155147015721344
6542,19.155147015721344
6543,23.47629415067561
6544,34.008956645810485
6545,34.01052647935158
6546,39.3628123298002
6547,34.00880912656515
6548,19.798987049067716
6549,33.73230427970997
6550,35.068770879139755
6551,35.37550621223555
6552,37.61280136603296
6553,32.330856034314635
6554,34.008956645810485
6555,34.008956645810485
6556,34.008956645810485
6557,34.008956645810485
6558,34.008956645810485
6559,24.413646421100257
6560,31.20706491167661
6561,31.042964559350075
6562,30.38227120499926
6563,31.207708217003642
6564,39.63646156215134
6565,31.001155666339802
6566,31.11304129468569
6567,29.987708188159168
6568,29.553146355932114
6569,31.2964176569983
6570,31.20706491167661
6571,31.20706491167661
6572,31.20706491167661
6573,31.20706491167661
6574,31.20706491167661
6575,33.17853512634191
6576,26.836869270948053
6577,27.45949667072234
6578,29.352081921624286
6579,26.832112373822373
6580,21.994774208812505
6581,27.4459528059367
6582,26.58644361337385
6583,29.098511460813306
6584,17.687960374557232
6585,27.043291943839154
6586,26.836869270948053
6587,26.836869270948053
6588,26.836869270948053
6589,26.836869270948053
6590,26.836869270948053
6591,20.472344407344167
6592,36.20332536428622
6593,36.30166481147091
6594,36.182433205039004
6595,36.20258894409457
6596,34.256467388175615
6597,35.87566994617237
6598,35.909342664343406
6599,36.05530276117617
6600,29.316183429297908
6601,36.71979935988708
6602,36.20332536428622
6603,36.20332536428622
6604,36.20332536428622
6605,36.20332536428622
6606,36.20332536428622
6607,25.384726878901947
6608,23.78610863655496
6609,23.788946194591208
6610,24.406039597503263
6611,23.788561252689213
6612,30.660129295314157
6613,25.588079306584845
6614,25.838424156236652
6615,24.736131162585938
6616,32.499782976575474
6617,23.711738831704697
6618,23.78610863655496
6619,23.78610863655496
6620,23.78610863655496
6621,23.78610863655496
6622,23.78610863655496
6623,43.244300193918114
6624,24.468844482964837
6625,24.59012688834434
6626,24.354851747922694
6627,24.423194739294836
6628,17.023550702507833
6629,25.3640495528042
6630,25.183484786330496
6631,19.481387852208353
6632,36.7090781953424
6633,25.358643059674723
6634,24.468844482964837
6635,24.468844482964837
6636,24.468844482964837
6637,24.468844482964837
6638,24.468844482964837
6639,25.937352362880493
6640,23.459517836359637
6641,23.3990506162396
6642,22.875576778563154
6643,23.466303321632058
6644,32.12718197987627
6645,22.372499183368074
6646,23.476826707551382
6647,25.97915172918524
6648,16.720904286424968
6649,22.378695796441146
6650,23.459517836359637
6651,23.459517836359637
6652,23.459517836359637
6653,23.459517836359637
6654,23.459517836359637
6655,23.83194218292089
6656,29.63468046647935
6657,29.685173622974656
6658,29.749903561273335
6659,29.648421089676255
6660,38.66683694466682
6661,30.306708367159008
6662,29.59037002588536
6663,29.362310801944655
6664,29.352299371955233
6665,29.451268038990108
6666,29.63468046647935
6667,29.63468046647935
6668,29.63468046647935
6669,29.63468046647935
6670,29.63468046647935
6671,38.79849856532639
6672,18.565310690537252
6673,18.49744228799509
6674,19.858969521931325
6675,18.557996766689033
6676,14.346801030866187
6677,16.116694813104406
6678,18.43188151768936
6679,18.872977646917484
6680,20.953202749950794
6681,18.832919196386083
6682,18.565310690537252
6683,18.565310690537252
6684,18.565310690537252
6685,18.565310690537252
6686,18.565310690537252
6687,15.583597163252401
6688,20.319788985970074
6689,21.5351539658387
6690,20.391851594487985
6691,20.322439605231388
6692,26.844836205361773
6693,19.222003926714645
6694,21.375606664978225
6695,20.561087931960028
6696,20.70025856684608
6697,19.49138586527401
6698,20.319788985970074
6699,20.319788985970074
6700,20.319788985970074
6701,20.319788985970074
6702,20.319788985970074
6703,28.052298105235753
6704,37.534656404849784
6705,37.61270133104789
6706,37.112453256661006
6707,37.532260106372
6708,23.47289890016101
6709,38.521675615326636
6710,36.63139776727757
6711,37.177981585980966
6712,39.36361601604699
6713,38.359019679194994
6714,37.534656404849784
6715,37.534656404849784
6716,37.534656404849784
6717,37.534656404849784
6718,37.534656404849784
6719,24.962552280791954
6720,37.02482163630603
6721,36.77130473912313
6722,32.27751589371105
6723,37.02556371794991
6724,26.79796770778041
6725,36.99899442750644
6726,36.92968607902197
6727,37.681864222926436
6728,39.02555672774277
6729,35.2835533585229
6730,37.02482163630603
6731,37.02482163630603
6732,37.02482163630603
6733,37.02482163630603
6734,37.02482163630603
6735,24.807161662480336
6736,28.214832231749135
6737,28.08551848303821
6738,29.258097898379287
6739,28.21386335146263
6740,36.520404850851435
6741,28.222256973959425
6742,28.328279634352807
6743,28.18409074089956
6744,10.098558402645935
6745,29.32752973060627
6746,28.214832231749135
6747,28.214832231749135
6748,28.214832231749135
6749,28.214832231749135
6750,28.214832231749135
6751,20.76335792463774
6752,32.180429510868066
6753,30.78625144365843
6754,30.04763113994461
6755,32.15981473674207
6756,29.854830708795056
6757,31.999422352476042
6758,33.22017281520474
6759,31.9167959662169
6760,30.430008496000678
6761,32.148031816528245
6762,32.180429510868066
6763,32.180429510868066
6764,32.180429510868066
6765,32.180429510868066
6766,32.180429510868066
6767,26.041189933779457
6768,15.583048319217305
6769,15.355550677146843
6770,18.40883506149457
6771,15.60807324963213
6772,20.675884904085905
6773,15.72506126457762
6774,13.51790148067308
6775,16.676436998773625
6776,31.235066694698492
6777,15.79521044182361
6778,15.583048319217305
6779,15.583048319217305
6780,15.583048319217305
6781,15.583048319217305
6782,15.583048319217305
6783,42.27064625026316
6784,27.126581993806642
6785,25.821062064200465
6786,22.98781263256578
6787,27.11397708166049
6788,25.904467490517664
6789,26.27187180886796
6790,27.185951555582538
6791,27.731322920515034
6792,21.74688069909864
6793,26.12289613955027
6794,27.126581993806642
6795,27.126581993806642
6796,27.126581993806642
6797,27.126581993806642
6798,27.126581993806642
6799,12.994978626103263
6800,36.99009979554197
6801,37.21283698144811
6802,39.15299741775998
6803,36.99195327013771
6804,32.392018949094485
6805,37.38611859463437
6806,36.61438683035562
6807,36.54723925639799
6808,33.51165172532487
6809,39.052919724269145
6810,36.99009979554197
6811,36.99009979554197
6812,36.99009979554197
6813,36.99009979554197
6814,36.99009979554197
6815,34.24143536752038
6816,29.75000526540027
6817,30.969948903019848
6818,28.317456380534306
6819,29.756318004826536
6820,27.95669862096811
6821,31.08048570826801
6822,30.32880875524545
6823,29.137979289316117
6824,32.45941248691399
6825,29.076402757174307
6826,29.75000526540027
6827,29.75000526540027
6828,29.75000526540027
6829,29.75000526540027
6830,29.75000526540027
6831,30.36399804549649
6832,18.513412032747702
6833,17.031331378195436
6834,21.93774747391314
6835,18.5164813584643
6836,21.506533770533107
6837,17.55945551934824
6838,16.602589032076022
6839,19.65974472190981
6840,28.353939609317383
6841,18.47344671926065
6842,18.513412032747702
6843,18.513412032747702
6844,18.513412032747702
6845,18.513412032747702
6846,18.513412032747702
6847,32.163860902299874
6848,36.345882798898145
6849,35.51184355973696
6850,35.974727091005995
6851,36.340643315221804
6852,40.99383696265185
6853,36.75793716621548
6854,36.392927092287024
6855,36.02263332567041
6856,25.83974235579242
6857,35.86622303771769
6858,36.345882798898145
6859,36.345882798898145
6860,36.345882798898145
6861,36.345882798898145
6862,36.345882798898145
6863,26.338854558970148
6864,13.847011550052773
6865,16.74328331347571
6866,13.913631616226482
6867,13.847128729140842
6868,14.472721350854414
6869,14.110306084744487
6870,14.366382122272212
6871,13.681472778411111
6872,22.980927931580016
6873,13.838272717664152
6874,13.847011550052773
6875,13.847011550052773
6876,13.847011550052773
6877,13.847011550052773
6878,13.847011550052773
6879,26.935880683740656
6880,30.964304628845557
6881,32.56674498440011
6882,32.23389707476524
6883,30.997855873361402
6884,26.64272561893167
6885,29.86633984581156
6886,33.02742734822518
6887,30.45265161036142
6888,43.32959175023972
6889,30.31944188134522
6890,30.964304628845557
6891,30.964304628845557
6892,30.964304628845557
6893,30.964304628845557
6894,30.964304628845557
6895,37.75949418923088
6896,23.957682222202262
6897,23.886143733820457
6898,23.985111121773297
6899,23.95663664472511
6900,26.748379577163405
6901,23.828345702058208
6902,23.429736879346997
6903,23.800829297004995
6904,16.078066703187382
6905,24.881084994808596
6906,23.957682222202262
6907,23.957682222202262
6908,23.957682222202262
6909,23.957682222202262
6910,23.957682222202262
6911,16.77087839322118
6912,24.500149590560028
6913,23.717835887599826
6914,22.32481200619398
6915,24.49250865098276
6916,20.790119747711593
6917,24.471173762471537
6918,27.014838511826486
6919,24.980423608884276
6920,26.56470049148811
6921,25.85002891300596
6922,24.500149590560028
6923,24.500149590560028
6924,24.500149590560028
6925,24.500149590560028
6926,24.500149590560028
6927,24.07569077389438
6928,31.850413912686694
6929,31.850961349061684
6930,32.59065225742957
6931,31.85034494896763
6932,38.15878164155652
6933,31.862283372605667
6934,31.403545332249585
6935,32.02964173068582
6936,32.15437873289067
6937,31.196010753660538
6938,31.850413912686694
6939,31.850413912686694
6940,31.850413912686694
6941,31.850413912686694
6942,31.850413912686694
6943,38.23993484804087
6944,38.771541349102755
6945,39.10891384455974
6946,39.48880367016185
6947,38.77653658624923
6948,26.07948950596909
6949,38.57984254928253
6950,38.40759757497322
6951,38.853021918555434
6952,37.985555108031356
6953,38.5420221232528
6954,38.771541349102755
6955,38.771541349102755
6956,38.771541349102755
6957,38.771541349102755
6958,38.771541349102755
6959,26.012612036774698
6960,17.304466466702078
6961,17.940821029551284
6962,14.156087731673873
6963,17.288051120022025
6964,21.093779414979558
6965,17.452929171176066
6966,16.322893489196918
6967,17.890808958218262
6968,12.106665534690677
6969,17.24811265263402
6970,17.304466466702078
6971,17.304466466702078
6972,17.304466466702078
6973,17.304466466702078
6974,17.304466466702078
6975,10.737477839019723
6976,23.117516168356037
6977,23.437385986480734
6978,21.471329629788222
6979,23.09669940793683
6980,32.255157740870786
6981,23.735883740457563
6982,24.314050888139118
6983,22.477782120076707
6984,18.734239609850924
6985,23.21907631713871
6986,23.117516168356037
6987,23.117516168356037
6988,23.117516168356037
6989,23.117516168356037
6990,23.117516168356037
6991,26.474238475731433
6992,21.323407928934255
6993,21.063594975369387
6994,26.047665185033427
6995,21.335877330058228
6996,14.623874226149761
6997,19.838707894680024
6998,20.83593992375976
6999,22.849722828161276
7000,42.10311094198293
7001,20.637946063182603
7002,21.323407928934255
7003,21.323407928934255
7004,21.323407928934255
7005,21.323407928934255
7006,21.323407928934255
7007,29.535427845369284
7008,24.26235676049381
7009,24.570437926307577
7010,20.63599651848936
7011,24.254721256243702
7012,34.236143394943795
7013,23.77566671242247
7014,24.022484310259497
7015,24.61257152434602
7016,27.24383373309501
7017,25.375422644684082
7018,24.26235676049381
7019,24.26235676049381
7020,24.26235676049381
7021,24.26235676049381
7022,24.26235676049381
7023,35.873356885632155
7024,38.050442715386936
7025,37.83794651141571
7026,39.591879790520764
7027,38.0544977897657
7028,33.548427042944375
7029,38.4448181559501
7030,37.62261177605021
7031,37.61388935786973
7032,23.473467328369857
7033,36.992749412124994
7034,38.050442715386936
7035,38.050442715386936
7036,38.050442715386936
7037,38.050442715386936
7038,38.050442715386936
7039,22.090501112208923
7040,38.58034326444205
7041,36.185833488984315
7042,33.2816460343328
7043,38.58843339878288
7044,32.15828146247142
7045,38.888445463063384
7046,39.04500777111566
7047,37.71942618313271
7048,43.69941720794571
7049,39.36313513028223
7050,38.58034326444205
7051,38.58034326444205
7052,38.58034326444205
7053,38.58034326444205
7054,38.58034326444205
7055,35.11470332936048
7056,12.372829090733806
7057,13.488223806729449
7058,15.753300395351323
7059,12.37781510864117
7060,12.714417642084973
7061,12.745901396725362
7062,9.768541179684876
7063,12.69371564731644
7064,17.920915251145075
7065,12.30870295239909
7066,12.372829090733806
7067,12.372829090733806
7068,12.372829090733806
7069,12.372829090733806
7070,12.372829090733806
7071,20.803473883402468
7072,29.673020721928086
7073,31.758066270749534
7074,26.137580068509834
7075,29.645039110233753
7076,32.612546798673534
7077,29.31404630338345
7078,29.714090624306674
7079,29.89073374632373
7080,22.35206896097446
7081,30.558219457292825
7082,29.673020721928086
7083,29.673020721928086
7084,29.673020721928086
7085,29.673020721928086
7086,29.673020721928086
7087,21.839439631733033
7088,31.330062672239556
7089,31.389042211551004
7090,32.68977980311956
7091,31.330151024479438
7092,30.974164251755592
7093,30.8804858065334
7094,31.58521213007032
7095,30.925528735775888
7096,24.915078961307064
7097,30.093056918635472
7098,31.330062672239556
7099,31.330062672239556
7100,31.330062672239556
7101,31.330062672239556
7102,31.330062672239556
7103,25.73727349427197
7104,26.96656992654217
7105,26.366330159739135
7106,23.83961014222205
7107,26.983231583969438
7108,26.173126049840143
7109,25.743956586041897
7110,27.66355591827694
7111,27.171825769877806
7112,33.15003148730379
7113,27.857258804878946
7114,26.96656992654217
7115,26.96656992654217
7116,26.96656992654217
7117,26.96656992654217
7118,26.96656992654217
7119,31.592080761093982
7120,35.52918250203579
7121,35.63875477704889
7122,35.974561119301576
7123,35.5292532895218
7124,42.54194158172412
7125,35.85253817977826
7126,34.828363508778104
7127,35.488878465493265
7128,29.19595829170778
7129,34.10209981095202
7130,35.52918250203579
7131,35.52918250203579
7132,35.52918250203579
7133,35.52918250203579
7134,35.52918250203579
7135,35.374704457619444
7136,25.37820233153183
7137,26.363183521754006
7138,26.380559571930846
7139,25.369839666952572
7140,25.422918819749828
7141,26.528502401624404
7142,25.850789637369733
7143,25.171474938885698
7144,14.071622270083108
7145,25.561495710188655
7146,25.37820233153183
7147,25.37820233153183
7148,25.37820233153183
7149,25.37820233153183
7150,25.37820233153183
7151,20.571220983612598
7152,21.868103828597977
7153,20.218089800044165
7154,19.432193877572587
7155,21.86866586381131
7156,20.4075943572535
7157,20.792707667316606
7158,23.264934990217427
7159,22.88182412751183
7160,36.867294183391216
7161,21.986179364176728
7162,21.868103828597977
7163,21.868103828597977
7164,21.868103828597977
7165,21.868103828597977
7166,21.868103828597977
7167,34.39379338792367
7168,19.688410458040128
7169,19.985819359225026
7170,18.01641065088331
7171,19.68662761105125
7172,26.53197546919747
7173,19.466991878341616
7174,20.16776454472425
7175,18.879577662289936
7176,26.82882821512341
7177,19.514344672043215
7178,19.688410458040128
7179,19.688410458040128
7180,19.688410458040128
7181,19.688410458040128
7182,19.688410458040128
7183,34.672486320973846
7184,40.08233110828938
7185,39.6302470188487
7186,40.69208656963764
7187,40.07968894694104
7188,24.85386457297299
7189,40.3093793681597
7190,39.00039486092824
7191,41.3796377855555
7192,28.86165612058347
7193,39.91223590568804
7194,40.08233110828938
7195,40.08233110828938
7196,40.08233110828938
7197,40.08233110828938
7198,40.08233110828938
7199,17.866744219553233
7200,30.639666039892553
7201,31.345402981330608
7202,28.97411020574759
7203,30.64730517930769
7204,38.60372004899121
7205,30.706368712559282
7206,30.987722168026473
7207,29.626392815187252
7208,20.389418664695153
7209,30.278078404133204
7210,30.639666039892553
7211,30.639666039892553
7212,30.639666039892553
7213,30.639666039892553
7214,30.639666039892553
7215,19.096955673931603
7216,20.646914423074403
7217,20.65610749085541
7218,28.5783095627575
7219,20.644420841226307
7220,16.856316778798778
7221,20.38265306163092
7222,21.795770011531467
7223,24.54528021232144
7224,29.627181951459118
7225,21.15503109045066
7226,20.646914423074403
7227,20.646914423074403
7228,20.646914423074403
7229,20.646914423074403
7230,20.646914423074403
7231,31.187890841085398
7232,37.00921416331729
7233,37.00961369264467
7234,36.78835108751842
7235,36.99972888149402
7236,35.73799463504283
7237,36.78797301079355
7238,37.113027997629636
7239,36.350215004550826
7240,36.39300239147549
7241,36.43978114463826
7242,37.00921416331729
7243,37.00921416331729
7244,37.00921416331729
7245,37.00921416331729
7246,37.00921416331729
7247,33.190116008715464
7248,21.483789884526892
7249,21.487203499963602
7250,21.455319595952712
7251,21.483982024674344
7252,26.995755299595977
7253,22.99618107664455
7254,18.500408823124108
7255,23.63031390099881
7256,21.620478605990762
7257,22.03649192078699
7258,21.483789884526892
7259,21.483789884526892
7260,21.483789884526892
7261,21.483789884526892
7262,21.483789884526892
7263,29.24646442795567
7264,21.595962049119738
7265,19.878290464320944
7266,23.206463842034125
7267,21.587116362084622
7268,15.291825066595512
7269,23.61550931033794
7270,22.013571593649967
7271,19.518456767897234
7272,20.558455570777028
7273,21.69074774254292
7274,21.595962049119738
7275,21.595962049119738
7276,21.595962049119738
7277,21.595962049119738
7278,21.595962049119738
7279,14.678724557033734
7280,23.90561548286555
7281,23.771790814539372
7282,24.090520149304034
7283,23.91099732187704
7284,32.548062333693416
7285,22.72196647981548
7286,24.276378980556835
7287,24.853826115068003
7288,24.94168988424741
7289,23.47063736865238
7290,23.90561548286555
7291,23.90561548286555
7292,23.90561548286555
7293,23.90561548286555
7294,23.90561548286555
7295,33.5218425658655
7296,34.07591605000121
7297,33.74578611618103
7298,34.10061263147672
7299,34.076925773439505
7300,32.53826359160305
7301,33.98279694181533
7302,34.436367228667166
7303,33.421873637942056
7304,30.059700445447188
7305,33.13912224435022
7306,34.07591605000121
7307,34.07591605000121
7308,34.07591605000121
7309,34.07591605000121
7310,34.07591605000121
7311,26.247512815873268
7312,25.86370283523528
7313,25.873613195864028
7314,26.52628106192043
7315,25.863814797494072
7316,29.04346885281223
7317,24.958319226930517
7318,25.224210999565692
7319,27.557019585621518
7320,33.5909461656161
7321,26.329505649885167
7322,25.86370283523528
7323,25.86370283523528
7324,25.86370283523528
7325,25.86370283523528
7326,25.86370283523528
7327,38.82346313716383
7328,14.935556309512808
7329,16.932897694370293
7330,15.088327250738278
7331,14.916109512894145
7332,13.535959702424936
7333,15.498616537189472
7334,14.515386024469073
7335,12.916106741412534
7336,26.80048276837262
7337,15.475825796649017
7338,14.935556309512808
7339,14.935556309512808
7340,14.935556309512808
7341,14.935556309512808
7342,14.935556309512808
7343,25.28356688290288
7344,32.7982573345722
7345,30.561605117196414
7346,31.75146095249503
7347,32.80964143017755
7348,30.039638333571325
7349,33.44930723561271
7350,31.91691346762308
7351,34.502514127916925
7352,21.044440890506625
7353,32.57518697080528
7354,32.7982573345722
7355,32.7982573345722
7356,32.7982573345722
7357,32.7982573345722
7358,32.7982573345722
7359,17.225838102816667
7360,23.935135241193844
7361,22.47897583302495
7362,21.758745127426188
7363,23.959262050843105
7364,21.29811263753184
7365,25.918447021144964
7366,27.384601011008634
7367,22.548117812681305
7368,26.861027287500743
7369,24.10734763122057
7370,23.935135241193844
7371,23.935135241193844
7372,23.935135241193844
7373,23.935135241193844
7374,23.935135241193844
7375,25.235982765039967
7376,24.09396726242209
7377,24.99058560498107
7378,24.569050284600394
7379,24.09381623791894
7380,25.241375026582098
7381,23.85568314613311
7382,23.455546211495502
7383,24.737322340828573
7384,26.867642584812415
7385,24.145737078434436
7386,24.09396726242209
7387,24.09396726242209
7388,24.09396726242209
7389,24.09396726242209
7390,24.09396726242209
7391,29.219653951460653
7392,39.90197574515313
7393,40.16475345151129
7394,38.233592677058354
7395,39.89720903181832
7396,44.20908977322871
7397,39.549159385114955
7398,39.68737521656318
7399,39.176053470633185
7400,37.25752454498144
7401,38.40669512976827
7402,39.90197574515313
7403,39.90197574515313
7404,39.90197574515313
7405,39.90197574515313
7406,39.90197574515313
7407,30.361332922723886
7408,18.337871274704515
7409,17.594022120764837
7410,24.409795400954053
7411,18.34072958991641
7412,19.829750477989833
7413,18.47832888491908
7414,17.670671042234478
7415,21.402017069879363
7416,13.374956771774068
7417,18.62061113451147
7418,18.337871274704515
7419,18.337871274704515
7420,18.337871274704515
7421,18.337871274704515
7422,18.337871274704515
7423,23.052757772897426
7424,40.533100202536026
7425,40.24840730931976
7426,39.06223097247685
7427,40.54419366606397
7428,25.875789941557375
7429,40.19419815541299
7430,40.54597568313835
7431,40.8333747126437
7432,25.117928887054447
7433,41.47397500271867
7434,40.533100202536026
7435,40.533100202536026
7436,40.533100202536026
7437,40.533100202536026
7438,40.533100202536026
7439,12.07018398171694
7440,16.3810898446374
7441,16.491890711493692
7442,18.381399846256304
7443,16.37311703481467
7444,20.91360227162787
7445,17.559709896436907
7446,16.95793971667892
7447,15.108358329744021
7448,23.772454025046077
7449,15.577984935261963
7450,16.3810898446374
7451,16.3810898446374
7452,16.3810898446374
7453,16.3810898446374
7454,16.3810898446374
7455,30.648147126806187
7456,15.540588889308793
7457,15.343017953272298
7458,13.917226383128876
7459,15.541664320521406
7460,13.52052712917017
7461,17.517254727667
7462,18.210979503421644
7463,18.9066992606889
7464,31.654601138310234
7465,15.539846858550908
7466,15.540588889308793
7467,15.540588889308793
7468,15.540588889308793
7469,15.540588889308793
7470,15.540588889308793
7471,30.502972876479685
7472,31.265024240047804
7473,31.5606573614924
7474,33.194751539409914
7475,31.263342941165867
7476,36.75826192825318
7477,30.27212618108249
7478,30.56534620926058
7479,29.579637791739195
7480,27.631518123307842
7481,31.846969498858968
7482,31.265024240047804
7483,31.265024240047804
7484,31.265024240047804
7485,31.265024240047804
7486,31.265024240047804
7487,33.416158728555764
7488,18.02310685006835
7489,18.439505764127546
7490,19.63044182731735
7491,18.019216915413285
7492,24.758642308306943
7493,18.56584591204325
7494,17.841010636933866
7495,20.815143212724468
7496,22.891850201310547
7497,18.041379515624516
7498,18.02310685006835
7499,18.02310685006835
7500,18.02310685006835
7501,18.02310685006835
7502,18.02310685006835
7503,36.9367927242205
7504,30.913945146510425
7505,30.91147857537938
7506,29.38007450370546
7507,30.918896528854276
7508,27.389622292891044
7509,30.648755977736734
7510,30.567902057692283
7511,28.97645803082247
7512,31.367828602510723
7513,31.643040490436604
7514,30.913945146510425
7515,30.913945146510425
7516,30.913945146510425
7517,30.913945146510425
7518,30.913945146510425
7519,24.415830177603365
7520,26.73907970036861
7521,26.65780488621776
7522,26.585016036445115
7523,26.7323729152306
7524,38.85702247646744
7525,26.669890956859454
7526,26.95995758732411
7527,27.262553801830943
7528,26.467358429257125
7529,27.012996251309886
7530,26.73907970036861
7531,26.73907970036861
7532,26.73907970036861
7533,26.73907970036861
7534,26.73907970036861
7535,39.559400345923066
7536,33.57680002485847
7537,33.41490763857943
7538,35.146818029154275
7539,33.58636377321832
7540,22.39211932368557
7541,34.163053122975626
7542,31.90243242697849
7543,31.771256565114072
7544,30.643350091947593
7545,32.819269967077396
7546,33.57680002485847
7547,33.57680002485847
7548,33.57680002485847
7549,33.57680002485847
7550,33.57680002485847
7551,18.55666800905172
7552,22.8278890611961
7553,18.177724373335792
7554,24.654837170124523
7555,22.794353831253982
7556,23.967026600045223
7557,24.530270873964366
7558,22.715021331639882
7559,25.89303679437315
7560,33.43403685788456
7561,22.564820755410707
7562,22.8278890611961
7563,22.8278890611961
7564,22.8278890611961
7565,22.8278890611961
7566,22.8278890611961
7567,36.599550465265736
7568,27.287437668471394
7569,27.704116418647704
7570,26.941204017933998
7571,27.2906549235066
7572,28.082836156769076
7573,26.65440994694937
7574,27.405656248110617
7575,25.633614769682172
7576,18.240278721343625
7577,27.1268169529513
7578,27.287437668471394
7579,27.287437668471394
7580,27.287437668471394
7581,27.287437668471394
7582,27.287437668471394
7583,15.203008402598684
7584,41.6701977418988
7585,42.26628426584793
7586,41.01449569036885
7587,41.67456233157174
7588,35.60246699908651
7589,40.88418220468177
7590,42.06749971463686
7591,42.263173603726386
7592,31.104819094785544
7593,42.42521527048354
7594,41.6701977418988
7595,41.6701977418988
7596,41.6701977418988
7597,41.6701977418988
7598,41.6701977418988
7599,28.163197892889297
7600,19.81138600640336
7601,19.673866810850118
7602,21.016981190702072
7603,19.811917769360637
7604,20.03840267378965
7605,20.49640733299224
7606,18.59728649196208
7607,18.595309476086765
7608,26.426091049785665
7609,19.654144465019773
7610,19.81138600640336
7611,19.81138600640336
7612,19.81138600640336
7613,19.81138600640336
7614,19.81138600640336
7615,26.208718664153416
7616,29.234071628258658
7617,28.789046491916867
7618,27.912851605464212
7619,29.23025461878574
7620,28.38986379566946
7621,29.047818321695114
7622,29.276447919542985
7623,29.5861539611964
7624,29.066770380862554
7625,30.150301552180586
7626,29.234071628258658
7627,29.234071628258658
7628,29.234071628258658
7629,29.234071628258658
7630,29.234071628258658
7631,27.625630481821403
7632,26.323301309542945
7633,25.327651754023673
7634,28.368362098898086
7635,26.325295373250984
7636,24.847702093279857
7637,25.283020590026528
7638,25.839392839456938
7639,23.8287832872236
7640,19.579160848815718
7641,25.870787338274102
7642,26.323301309542945
7643,26.323301309542945
7644,26.323301309542945
7645,26.323301309542945
7646,26.323301309542945
7647,19.158621279651495
7648,19.248488877013745
7649,21.28677463443725
7650,14.954178830667432
7651,19.271793578352263
7652,19.767433765656527
7653,19.827964151193736
7654,20.599070103204394
7655,22.038201784072644
7656,25.981492680593746
7657,19.07682456686672
7658,19.248488877013745
7659,19.248488877013745
7660,19.248488877013745
7661,19.248488877013745
7662,19.248488877013745
7663,26.777712547089912
7664,32.59887776419061
7665,31.70007185229056
7666,34.68615642428155
7667,32.59589310773004
7668,37.93592446082198
7669,32.98688943023124
7670,31.87690680774539
7671,30.660260830766052
7672,34.233173100663215
7673,32.6333994463166
7674,32.59887776419061
7675,32.59887776419061
7676,32.59887776419061
7677,32.59887776419061
7678,32.59887776419061
7679,39.12979520640494
7680,41.28276001927836
7681,40.2630776123777
7682,38.766195372292884
7683,41.26832475891269
7684,34.00980878921001
7685,41.1002927816006
7686,40.660689533894725
7687,41.29047636785789
7688,39.15864764760406
7689,40.59431938716089
7690,41.28276001927836
7691,41.28276001927836
7692,41.28276001927836
7693,41.28276001927836
7694,41.28276001927836
7695,26.427512285935077
7696,10.91023022678366
7697,10.84174335929373
7698,13.726235501412262
7699,10.908968658633448
7700,11.293424273687393
7701,10.066534700042535
7702,12.683573524394301
7703,11.741927745440057
7704,24.327691303512708
7705,11.279990373530381
7706,10.91023022678366
7707,10.91023022678366
7708,10.91023022678366
7709,10.91023022678366
7710,10.91023022678366
7711,28.221242169698062
7712,26.10843000875546
7713,29.076490969541485
7714,22.756911104083027
7715,26.118551080752788
7716,28.122749378967672
7717,26.225134162168434
7718,26.55035862189065
7719,26.77563019241376
7720,32.450495451240045
7721,26.444414385013808
7722,26.10843000875546
7723,26.10843000875546
7724,26.10843000875546
7725,26.10843000875546
7726,26.10843000875546
7727,33.59811657511816
7728,32.84268447077206
7729,32.517153415912496
7730,33.8199874665327
7731,32.84363179738027
7732,33.14285735991722
7733,33.2359509323262
7734,32.86783207325367
7735,32.864800975219595
7736,18.929518053311508
7737,32.26919319363737
7738,32.84268447077206
7739,32.84268447077206
7740,32.84268447077206
7741,32.84268447077206
7742,32.84268447077206
7743,22.90619753351551
7744,23.224661496780577
7745,20.841542507227057
7746,24.992707319134162
7747,23.211286062424534
7748,22.57041876230302
7749,22.563856464470977
7750,21.360623240214828
7751,21.91545944038967
7752,23.338722765908482
7753,23.183812430983835
7754,23.224661496780577
7755,23.224661496780577
7756,23.224661496780577
7757,23.224661496780577
7758,23.224661496780577
7759,17.395080495352865
7760,31.440373107494523
7761,32.323528552287726
7762,31.315738396075577
7763,31.440379929536057
7764,37.6230520735321
7765,32.85204689814226
7766,32.01974848043481
7767,32.31807930782912
7768,33.851077261699444
7769,31.271088223869096
7770,31.440373107494523
7771,31.440373107494523
7772,31.440373107494523
7773,31.440373107494523
7774,31.440373107494523
7775,42.34530112859156
7776,27.180495868395464
7777,27.297841373247273
7778,26.044050408369266
7779,27.194048148514064
7780,27.977877544518485
7781,27.42376652085523
7782,26.942509880783387
7783,27.660214236876172
7784,25.52858715256993
7785,26.832024549151914
7786,27.180495868395464
7787,27.180495868395464
7788,27.180495868395464
7789,27.180495868395464
7790,27.180495868395464
7791,25.402509947834194
7792,27.98906563277169
7793,27.451010271239586
7794,30.097625847979952
7795,27.984244217687007
7796,25.432271370077455
7797,25.065223856816257
7798,27.98705711487377
7799,25.712735588104998
7800,25.235133050929818
7801,28.790290072000463
7802,27.98906563277169
7803,27.98906563277169
7804,27.98906563277169
7805,27.98906563277169
7806,27.98906563277169
7807,19.390238228013896
7808,29.136518209312193
7809,28.779483891439067
7810,30.673478197752917
7811,29.16474984892504
7812,24.20636813596795
7813,29.15766353813703
7814,27.712587466044212
7815,27.80340198601527
7816,36.569123432676164
7817,29.253070480072665
7818,29.136518209312193
7819,29.136518209312193
7820,29.136518209312193
7821,29.136518209312193
7822,29.136518209312193
7823,30.440604343937228
7824,32.591004342367285
7825,32.282583649951775
7826,31.693215761555535
7827,32.584782176873425
7828,40.002680700491936
7829,32.61831765868923
7830,33.244667555228276
7831,32.94696949789003
7832,23.965704573113882
7833,32.7972718895872
7834,32.591004342367285
7835,32.591004342367285
7836,32.591004342367285
7837,32.591004342367285
7838,32.591004342367285
7839,30.73183088770645
7840,34.0814943551136
7841,34.47462942534462
7842,33.6799742278678
7843,34.08371469520285
7844,22.31268939995773
7845,34.02902529376534
7846,34.33830777618425
7847,34.60201492433792
7848,21.87879653796986
7849,32.926905166075
7850,34.0814943551136
7851,34.0814943551136
7852,34.0814943551136
7853,34.0814943551136
7854,34.0814943551136
7855,14.31032875841493
7856,15.03362989574613
7857,15.000457855337093
7858,16.53604289968805
7859,15.031176302245528
7860,18.454699106263508
7861,15.130562104781504
7862,14.933464471949797
7863,13.359182951776015
7864,25.21624815671745
7865,15.222800978661374
7866,15.03362989574613
7867,15.03362989574613
7868,15.03362989574613
7869,15.03362989574613
7870,15.03362989574613
7871,30.79483015668957
7872,25.353248717846224
7873,25.432383960327062
7874,23.00044369530826
7875,25.35387290414004
7876,35.77491468212129
7877,25.936722688013077
7878,24.60515833459455
7879,25.35396294538572
7880,27.381994460969732
7881,24.77313804291851
7882,25.353248717846224
7883,25.353248717846224
7884,25.353248717846224
7885,25.353248717846224
7886,25.353248717846224
7887,35.687276571856856
7888,19.127954047327865
7889,19.658397164491088
7890,20.587547228624327
7891,19.126874480645565
7892,12.684906486219363
7893,16.49857118919094
7894,20.868179929659593
7895,19.463534701111943
7896,32.008915122106735
7897,19.44969289920337
7898,19.127954047327865
7899,19.127954047327865
7900,19.127954047327865
7901,19.127954047327865
7902,19.127954047327865
7903,23.63165886996729
7904,24.018394458150457
7905,23.405349233762124
7906,21.862342710056552
7907,24.000459546358858
7908,34.39340792166143
7909,22.768385219112854
7910,23.862582840667354
7911,24.29187669612336
7912,13.464310619278836
7913,24.730487786233457
7914,24.018394458150457
7915,24.018394458150457
7916,24.018394458150457
7917,24.018394458150457
7918,24.018394458150457
7919,14.174327056193345
7920,39.03876354481508
7921,39.098889982537145
7922,40.22579706959367
7923,39.04479049367733
7924,34.19289607198077
7925,39.46802775963138
7926,39.05556675073292
7927,38.99639135338296
7928,35.08336877628749
7929,38.93368126738359
7930,39.03876354481508
7931,39.03876354481508
7932,39.03876354481508
7933,39.03876354481508
7934,39.03876354481508
7935,33.55566804811259
7936,24.50702795395833
7937,23.009639790517152
7938,23.71420067701475
7939,24.5194193583122
7940,22.900464963374233
7941,24.0600351823126
7942,24.078450157560027
7943,24.51542320100227
7944,25.149183103412273
7945,24.56485984393086
7946,24.50702795395833
7947,24.50702795395833
7948,24.50702795395833
7949,24.50702795395833
7950,24.50702795395833
7951,20.70833583569095
7952,39.25390900827851
7953,39.694024462395426
7954,40.08613203372931
7955,39.252524667432375
7956,34.67929551669034
7957,40.246065138191646
7958,39.17843985620902
7959,39.16885123171609
7960,20.837028073680326
7961,39.88346890084988
7962,39.25390900827851
7963,39.25390900827851
7964,39.25390900827851
7965,39.25390900827851
7966,39.25390900827851
7967,24.478106787757806
7968,29.05816762551315
7969,31.12664871887461
7970,26.75517324985745
7971,29.046944334235018
7972,26.521451430092863
7973,29.613714521509284
7974,28.739273345565742
7975,28.89739664226381
7976,24.827949436269737
7977,29.21218127747516
7978,29.05816762551315
7979,29.05816762551315
7980,29.05816762551315
7981,29.05816762551315
7982,29.05816762551315
7983,19.457334769959505
7984,11.953412949703262
7985,11.708683361525212
7986,19.3267419748365
7987,11.954615285234677
7988,14.186289470991397
7989,9.645925537080883
7990,15.028072205928822
7991,11.89946279404142
7992,33.46221385182495
7993,11.645261433136922
7994,11.953412949703262
7995,11.953412949703262
7996,11.953412949703262
7997,11.953412949703262
7998,11.953412949703262
7999,40.46576034969159
8000,36.443546827270765
8001,36.01375451207734
8002,36.44994397521772
8003,36.45648513269875
8004,41.08415642303384
8005,35.92213994289151
8006,36.145786057494156
8007,37.19541373814676
8008,36.90766735545882
8009,37.10243779431348
8010,36.443546827270765
8011,36.443546827270765
8012,36.443546827270765
8013,36.443546827270765
8014,36.443546827270765
8015,41.97580405951631
8016,15.708190598023823
8017,15.907257378013645
8018,16.326410718212255
8019,15.708124822415332
8020,16.191928831052937
8021,15.499785365224099
8022,14.329975925659653
8023,14.886953917538568
8024,13.937016302009717
8025,14.947446059948108
8026,15.708190598023823
8027,15.708190598023823
8028,15.708190598023823
8029,15.708190598023823
8030,15.708190598023823
8031,12.583950221429802
8032,36.0665002048818
8033,37.912034070854695
8034,35.885582738599815
8035,36.0586464568298
8036,31.97363693096046
8037,36.73792192416145
8038,34.78261690475711
8039,35.30191329326374
8040,38.28273141750923
8041,36.095626327947016
8042,36.0665002048818
8043,36.0665002048818
8044,36.0665002048818
8045,36.0665002048818
8046,36.0665002048818
8047,34.31194859196601
8048,23.90239823603839
8049,22.967670495089703
8050,23.303754691383272
8051,23.898940919556324
8052,25.821158674446757
8053,24.12459769520398
8054,24.712756142208544
8055,24.343537559383627
8056,23.90036406816899
8057,24.173096629475356
8058,23.90239823603839
8059,23.90239823603839
8060,23.90239823603839
8061,23.90239823603839
8062,23.90239823603839
8063,26.627078392499246
8064,29.745396320788863
8065,29.507352999124365
8066,29.345763207489703
8067,29.747499792116248
8068,38.15363807851659
8069,29.984313483563522
8070,29.967719119697534
8071,30.29114775446234
8072,18.24003441878752
8073,30.77869586813971
8074,29.745396320788863
8075,29.745396320788863
8076,29.745396320788863
8077,29.745396320788863
8078,29.745396320788863
8079,26.050388177515394
8080,22.780641983823305
8081,22.659910762914556
8082,22.615329293275064
8083,22.775732222456757
8084,18.308208111896906
8085,21.268827921585135
8086,24.00826695376629
8087,21.196198796414233
8088,34.36559632682789
8089,22.2428671094313
8090,22.780641983823305
8091,22.780641983823305
8092,22.780641983823305
8093,22.780641983823305
8094,22.780641983823305
8095,26.107726721753796
8096,21.231757611026342
8097,21.42347844855058
8098,21.73395051084754
8099,21.24973647585374
8100,28.013113126902198
8101,20.514037839939345
8102,19.72724890195781
8103,20.06970882056186
8104,27.36285026663418
8105,20.97604533052448
8106,21.231757611026342
8107,21.231757611026342
8108,21.231757611026342
8109,21.231757611026342
8110,21.231757611026342
8111,34.040605283580064
8112,37.36607047463502
8113,37.57279244423554
8114,37.27667753594092
8115,37.35275600812447
8116,23.83804973535898
8117,37.895293374259175
8118,37.606333525199894
8119,38.23366139631707
8120,27.446138033367173
8121,37.53129356409994
8122,37.36607047463502
8123,37.36607047463502
8124,37.36607047463502
8125,37.36607047463502
8126,37.36607047463502
8127,19.42743354201914
8128,32.57682316460632
8129,33.502419730869526
8130,30.675256521505034
8131,32.549040150688185
8132,24.000488335621764
8133,32.681332045749784
8134,33.32622123590962
8135,32.78247188358201
8136,28.37750487952249
8137,32.04227050340004
8138,32.57682316460632
8139,32.57682316460632
8140,32.57682316460632
8141,32.57682316460632
8142,32.57682316460632
8143,20.593406319167734
8144,28.102226955323125
8145,28.095910835054205
8146,28.35087300609818
8147,28.10314667749422
8148,35.83230563294697
8149,28.065993920172243
8150,28.27369608244227
8151,27.803871321240774
8152,24.292625733870192
8153,28.003599653644784
8154,28.102226955323125
8155,28.102226955323125
8156,28.102226955323125
8157,28.102226955323125
8158,28.102226955323125
8159,31.29741120993907
8160,34.0109140412791
8161,34.29552933790009
8162,30.935393168019356
8163,34.011679264531935
8164,32.15299446179895
8165,33.94275989481787
8166,32.75741900172501
8167,33.63693762343952
8168,37.13888851813944
8169,34.732457451191124
8170,34.0109140412791
8171,34.0109140412791
8172,34.0109140412791
8173,34.0109140412791
8174,34.0109140412791
8175,33.47735191410886
8176,11.32800207910805
8177,11.242443626159911
8178,20.314029571255787
8179,11.328778758465342
8180,15.104852679779121
8181,11.485848737408254
8182,12.136856043552642
8183,11.244722315741072
8184,18.33362610619508
8185,11.15804115372503
8186,11.32800207910805
8187,11.32800207910805
8188,11.32800207910805
8189,11.32800207910805
8190,11.32800207910805
8191,33.45633586864796
