index,Y_raw
0,4.359212785820828
1,4.298707801638448
2,4.561973869069168
3,4.3599494942701424
4,3.096171699815571
5,5.158800973351538
6,5.223567447126672
7,4.624014314488761
8,3.6741593076323027
9,4.255314958490836
10,4.359212785820828
11,4.359212785820828
12,4.359212785820828
13,4.359212785820828
14,4.359212785820828
15,3.7582902365294046
16,4.281992843242811
17,4.938542978851304
18,4.056731885401681
19,4.282019166112974
20,6.154723512354872
21,3.834899207718135
22,3.296487984563976
23,4.592345862023603
24,5.081271631041376
25,4.308016190718361
26,4.281992843242811
27,4.281992843242811
28,4.281992843242811
29,4.281992843242811
30,4.281992843242811
31,5.305037633484946
32,6.062621896491302
33,6.278667911002714
34,6.840868403393355
35,6.065768545247753
36,5.097957598053378
37,4.93114812285537
38,5.376971649679174
39,5.977550667183443
40,7.300552212626362
41,5.949642155799216
42,6.062621896491302
43,6.062621896491302
44,6.062621896491302
45,6.062621896491302
46,6.062621896491302
47,5.008586883916984
48,5.675191321654747
49,4.646037806966052
50,5.069282729542544
51,5.650350391428572
52,6.534166089754166
53,6.672319346693051
54,6.399388686345604
55,4.907563728233841
56,4.287289704966667
57,5.823333069217609
58,5.675191321654747
59,5.675191321654747
60,5.675191321654747
61,5.675191321654747
62,5.675191321654747
63,4.46351849053532
64,3.0246074254321513
65,2.833648893036692
66,3.0124734271261473
67,3.0208661534695884
68,3.6151068881635693
69,3.1812406993242934
70,3.9978904357804153
71,2.6839600761385807
72,3.0329999377099908
73,2.953898438279851
74,3.0246074254321513
75,3.0246074254321513
76,3.0246074254321513
77,3.0246074254321513
78,3.0246074254321513
79,4.0615930845136
80,7.41085687036957
81,7.648770937220548
82,9.239933693769439
83,7.423670183164889
84,6.366999995049023
85,8.034630037549594
86,5.924046292308714
87,7.149861068385388
88,7.475742238756321
89,7.634285525346934
90,7.41085687036957
91,7.41085687036957
92,7.41085687036957
93,7.41085687036957
94,7.41085687036957
95,7.460390762320377
96,3.7130914522726948
97,4.07018516201837
98,3.711752489916944
99,3.7132558908229365
100,6.155769799429684
101,3.6302507911439177
102,3.5053010064023993
103,3.9961633353150736
104,3.7316126131398426
105,3.6819754310021446
106,3.7130914522726948
107,3.7130914522726948
108,3.7130914522726948
109,3.7130914522726948
110,3.7130914522726948
111,6.78908611422812
112,4.266309135096807
113,3.831694332321205
114,3.5468935528592316
115,4.265807011423664
116,2.5695336828117252
117,4.194817285760728
118,4.959811062492667
119,4.759645227870956
120,4.633830488884451
121,4.311011569951306
122,4.266309135096807
123,4.266309135096807
124,4.266309135096807
125,4.266309135096807
126,4.266309135096807
127,2.8319360778589417
128,3.475830804890367
129,3.536699200915815
130,3.4823644782763337
131,3.475954364259188
132,3.6688316824668497
133,3.383209172397365
134,4.15940710604616
135,3.122186552284377
136,3.961548966105835
137,3.390172566291739
138,3.475830804890367
139,3.475830804890367
140,3.475830804890367
141,3.475830804890367
142,3.475830804890367
143,4.349709119918543
144,5.402475183203357
145,5.508280758127267
146,5.971581221229911
147,5.401722461859346
148,5.375195371224359
149,6.9198431183307045
150,4.186677914736287
151,5.504484615977632
152,5.0236354189643535
153,5.654802711554213
154,5.402475183203357
155,5.402475183203357
156,5.402475183203357
157,5.402475183203357
158,5.402475183203357
159,6.615301787258254
160,5.259700651746745
161,5.258782787427492
162,5.241072677425083
163,5.259881815446354
164,5.014336994850461
165,5.491452327399094
166,5.568575706401785
167,5.423030730318167
168,4.220578062033552
169,5.277176974421953
170,5.259700651746745
171,5.259700651746745
172,5.259700651746745
173,5.259700651746745
174,5.259700651746745
175,4.5609215603406055
176,4.6470999375750015
177,4.83630600337672
178,4.091117004666272
179,4.660959305390975
180,4.764957833254996
181,3.320469371785878
182,3.9241257129023186
183,4.761851423913971
184,6.162272170178441
185,4.659281091748312
186,4.6470999375750015
187,4.6470999375750015
188,4.6470999375750015
189,4.6470999375750015
190,4.6470999375750015
191,3.5910097052336973
192,3.379411576435367
193,3.3719143946168555
194,3.8240994288860506
195,3.3819507961791992
196,3.1170701341169207
197,3.1742229237721356
198,4.500557458441484
199,3.564157797906369
200,2.931741236037846
201,3.378252362012717
202,3.379411576435367
203,3.379411576435367
204,3.379411576435367
205,3.379411576435367
206,3.379411576435367
207,3.987252182798312
208,6.237121746895748
209,6.065116992860956
210,5.366668278952329
211,6.2198207433933375
212,6.871537748351357
213,5.832449349718016
214,4.963406173096461
215,6.73146242049796
216,6.802029199233482
217,6.234153865768077
218,6.237121746895748
219,6.237121746895748
220,6.237121746895748
221,6.237121746895748
222,6.237121746895748
223,5.221793049991394
224,4.04927229170291
225,4.06292360124466
226,4.3832235828757655
227,4.049370293857505
228,3.8496470732249137
229,4.148864125827844
230,4.567893005861363
231,4.145324133571961
232,3.601227356012867
233,3.895984682429365
234,4.04927229170291
235,4.04927229170291
236,4.04927229170291
237,4.04927229170291
238,4.04927229170291
239,4.161922594826487
240,6.234809275893198
241,6.085875749060614
242,5.519320018243825
243,6.242423355463715
244,6.166041816251694
245,6.36465348614516
246,5.25106147332972
247,5.532503741437454
248,6.987241006000213
249,6.427743971243412
250,6.234809275893198
251,6.234809275893198
252,6.234809275893198
253,6.234809275893198
254,6.234809275893198
255,4.706068532828394
256,4.128674398819575
257,4.066173597144797
258,4.190896253732552
259,4.130885305572544
260,6.164358869683146
261,3.96171228100966
262,4.274402936604158
263,4.67156302292704
264,4.739249860249004
265,4.3118778915902345
266,4.128674398819575
267,4.128674398819575
268,4.128674398819575
269,4.128674398819575
270,4.128674398819575
271,8.349062081395124
272,4.775640389766359
273,5.212838185769423
274,4.474290903489743
275,4.76768187224315
276,3.1259408170995258
277,4.5834056723688725
278,5.199435631274205
279,4.716813112769505
280,3.9639726280775034
281,4.6051788963125
282,4.775640389766359
283,4.775640389766359
284,4.775640389766359
285,4.775640389766359
286,4.775640389766359
287,2.532322317974276
288,4.917843557441971
289,5.182136109165062
290,5.570570458153193
291,4.918444585341359
292,6.229848327507689
293,5.09900429761142
294,5.70664994239257
295,4.4070423154439355
296,3.979514577618395
297,4.950610440683701
298,4.917843557441971
299,4.917843557441971
300,4.917843557441971
301,4.917843557441971
302,4.917843557441971
303,7.0329915859902865
304,5.756904567989816
305,4.333911291614571
306,4.245659044751985
307,5.765033811335061
308,4.7540668918208135
309,6.085150851670896
310,5.479336976549943
311,5.217607922483634
312,6.855296939805812
313,5.826601507670197
314,5.756904567989816
315,5.756904567989816
316,5.756904567989816
317,5.756904567989816
318,5.756904567989816
319,3.4542616447873367
320,7.247708153850068
321,7.095919768198361
322,7.566345831096751
323,7.245159839549762
324,6.62799616435452
325,8.122635606021268
326,7.245220390093988
327,6.700734736214849
328,7.657434476690865
329,7.221516880770859
330,7.247708153850068
331,7.247708153850068
332,7.247708153850068
333,7.247708153850068
334,7.247708153850068
335,7.078651524700156
336,3.0579207160030006
337,3.959149025632781
338,3.3044368219174007
339,3.057866844493511
340,3.199332160766718
341,2.5777139270533618
342,2.941138123059599
343,2.927811989379113
344,2.988736949599005
345,3.036690906096562
346,3.0579207160030006
347,3.0579207160030006
348,3.0579207160030006
349,3.0579207160030006
350,3.0579207160030006
351,3.389389209562632
352,4.95142956125938
353,5.116672553344382
354,4.951275443876831
355,4.950903754826387
356,3.3864016541397564
357,4.482625928566942
358,5.587011331961912
359,5.256532431168648
360,5.2040736257748215
361,5.107748274608366
362,4.95142956125938
363,4.95142956125938
364,4.95142956125938
365,4.95142956125938
366,4.95142956125938
367,4.050001467693824
368,3.1406928315732743
369,3.078907474294014
370,3.3410453585996103
371,3.1452399685458685
372,4.808772858218611
373,4.03733789316275
374,2.759088941818037
375,3.6519366305702383
376,3.1720483647922704
377,3.049832278733779
378,3.1406928315732743
379,3.1406928315732743
380,3.1406928315732743
381,3.1406928315732743
382,3.1406928315732743
383,6.514114629275451
384,7.270797100389365
385,7.470097968900418
386,7.460898259721563
387,7.268926412744611
388,6.704481353342339
389,6.382228705597048
390,7.363818376693121
391,6.809387920866995
392,5.512367130921118
393,7.34101409571219
394,7.270797100389365
395,7.270797100389365
396,7.270797100389365
397,7.270797100389365
398,7.270797100389365
399,4.48280165159638
400,3.56327800668238
401,3.568375526749701
402,3.300305843052235
403,3.570707230964648
404,3.784854130699544
405,3.150815311367665
406,3.7455903427139186
407,3.3612922486824015
408,5.230537137692627
409,3.511727967312169
410,3.56327800668238
411,3.56327800668238
412,3.56327800668238
413,3.56327800668238
414,3.56327800668238
415,4.447956008593327
416,2.4486703921637223
417,2.4559927932363848
418,2.4782904874561087
419,2.4487518044863528
420,2.474126807275239
421,2.679526265598372
422,3.561799072908132
423,2.3194566166471744
424,2.648490528034929
425,2.4948316543413727
426,2.4486703921637223
427,2.4486703921637223
428,2.4486703921637223
429,2.4486703921637223
430,2.4486703921637223
431,4.090567641912894
432,6.206255281268436
433,5.871516892965385
434,6.345215730486034
435,6.199023964616976
436,6.321333043192045
437,7.216603434418564
438,4.491157512220456
439,6.724478436861436
440,5.777635464039892
441,6.040432788383562
442,6.206255281268436
443,6.206255281268436
444,6.206255281268436
445,6.206255281268436
446,6.206255281268436
447,5.013402131922866
448,6.848781664215861
449,6.211909539694969
450,7.526247094511121
451,6.848749629449518
452,6.851575301785942
453,5.930234431525081
454,6.6782342733535165
455,8.072970974484734
456,6.158174686343264
457,7.056345099241358
458,6.848781664215861
459,6.848781664215861
460,6.848781664215861
461,6.848781664215861
462,6.848781664215861
463,5.996273108484839
464,2.672049023120646
465,2.6441516075899325
466,2.6053298974019556
467,2.673137564966278
468,2.605480516436361
469,3.1653667199772304
470,2.5136802775347102
471,2.6997615221427855
472,2.7359383377603805
473,2.625617627585277
474,2.672049023120646
475,2.672049023120646
476,2.672049023120646
477,2.672049023120646
478,2.672049023120646
479,2.806923204137296
480,5.345469153703926
481,5.342319288507796
482,6.08003094799003
483,5.345187329618385
484,5.102022247501969
485,5.831471193709156
486,7.3373763258067255
487,5.115003308182098
488,4.891726837245236
489,5.383061560004524
490,5.345469153703926
491,5.345469153703926
492,5.345469153703926
493,5.345469153703926
494,5.345469153703926
495,7.684023393683754
496,5.401757106847188
497,6.583142117081488
498,4.578940918858059
499,5.388590777694745
500,5.716327899239835
501,4.1748953752189575
502,3.5941853765279803
503,5.230508729094505
504,5.894155032694174
505,5.287265093756455
506,5.401757106847188
507,5.401757106847188
508,5.401757106847188
509,5.401757106847188
510,5.401757106847188
511,2.9077718253544558
512,4.09131636459408
513,4.100704793526854
514,4.153712569941906
515,4.091632118251759
516,4.309188196315983
517,5.188230952937371
518,3.0099624993066505
519,3.2623199843611865
520,5.067397580180016
521,4.002523196577164
522,4.09131636459408
523,4.09131636459408
524,4.09131636459408
525,4.09131636459408
526,4.09131636459408
527,4.1776833399579285
528,4.612489377342106
529,4.632784593193729
530,4.450380583934486
531,4.61535238419055
532,4.595905204942203
533,4.329871018421416
534,6.937579600545003
535,4.854974753328904
536,3.7945069848929593
537,4.749132296330505
538,4.612489377342106
539,4.612489377342106
540,4.612489377342106
541,4.612489377342106
542,4.612489377342106
543,5.730082957329681
544,4.74845800303049
545,4.714769219722528
546,5.638450856767005
547,4.7486646336416465
548,4.395098113633562
549,3.966555296032883
550,5.1460310048103475
551,3.604621055085589
552,4.098182606852727
553,4.7088342573399995
554,4.74845800303049
555,4.74845800303049
556,4.74845800303049
557,4.74845800303049
558,4.74845800303049
559,2.777151080755134
560,4.534772549241255
561,4.327084975508771
562,3.7723214359427897
563,4.5261551206342245
564,4.622647308480356
565,5.118799873621517
566,4.765582674044568
567,6.315006632295627
568,5.497925725068737
569,4.594512825861686
570,4.534772549241255
571,4.534772549241255
572,4.534772549241255
573,4.534772549241255
574,4.534772549241255
575,7.390635336507813
576,6.3759073138553
577,6.3112430636022
578,6.666307074385096
579,6.376423934728589
580,5.988177378527944
581,5.948015368242153
582,4.36907304807612
583,5.680683368505197
584,6.017359762883782
585,6.209222068331861
586,6.3759073138553
587,6.3759073138553
588,6.3759073138553
589,6.3759073138553
590,6.3759073138553
591,3.206925128634228
592,4.05710781400829
593,3.8307931699770914
594,3.8717946725734014
595,4.06015040021311
596,4.672981359450281
597,3.590127437728928
598,5.834220149489795
599,5.200117471940403
600,4.051023174134292
601,4.06582822402883
602,4.05710781400829
603,4.05710781400829
604,4.05710781400829
605,4.05710781400829
606,4.05710781400829
607,6.945731955089225
608,5.88024665405373
609,6.020152184129879
610,5.8868583802070615
611,5.881434769320269
612,5.642518288618551
613,6.443206184939457
614,5.700572214967602
615,3.944329169419781
616,5.687343734385231
617,5.7510258806542245
618,5.88024665405373
619,5.88024665405373
620,5.88024665405373
621,5.88024665405373
622,5.88024665405373
623,3.822122552771732
624,3.601030498410306
625,3.6429842735347107
626,3.61355682766607
627,3.5960544300977757
628,3.6326176393824
629,3.8685846457916364
630,3.611228513213786
631,5.269081356272087
632,3.584005432350584
633,3.676686123416253
634,3.601030498410306
635,3.601030498410306
636,3.601030498410306
637,3.601030498410306
638,3.601030498410306
639,5.923856519806417
640,4.903703638492214
641,4.859764641037938
642,5.065709583758261
643,4.904682206059331
644,5.886166108953099
645,4.196288495291676
646,4.466804584200264
647,4.354638088761441
648,4.630787346428115
649,4.92896639071405
650,4.903703638492214
651,4.903703638492214
652,4.903703638492214
653,4.903703638492214
654,4.903703638492214
655,3.8105713868519957
656,3.553212279288981
657,4.805591466266545
658,3.8680978797513164
659,3.5480912510064035
660,3.0619373912045016
661,4.093513521930467
662,4.066574873630791
663,4.6087846053928585
664,3.73801396512644
665,3.559400040721468
666,3.553212279288981
667,3.553212279288981
668,3.553212279288981
669,3.553212279288981
670,3.553212279288981
671,9.091315096137961
672,3.143773505185561
673,3.185694556557559
674,3.151723549469742
675,3.143898412833482
676,4.62060712949089
677,3.552298483979533
678,3.3259165018715344
679,1.9130665616127105
680,3.972390447296597
681,3.0272827848671433
682,3.143773505185561
683,3.143773505185561
684,3.143773505185561
685,3.143773505185561
686,3.143773505185561
687,4.13799824234123
688,7.567649138198768
689,6.974605124074576
690,8.23871496139892
691,7.564496482536043
692,5.198528280676353
693,6.246511667290276
694,7.665758723502923
695,10.149693121840176
696,5.429680164393635
697,7.854186225022476
698,7.567649138198768
699,7.567649138198768
700,7.567649138198768
701,7.567649138198768
702,7.567649138198768
703,4.252980126948423
704,7.138242608746329
705,6.2622527339918514
706,7.372859367499369
707,7.134750367393621
708,4.851016406102529
709,7.042370841184026
710,6.045825037356344
711,5.947515997533698
712,7.584363026811967
713,6.940797319538545
714,7.138242608746329
715,7.138242608746329
716,7.138242608746329
717,7.138242608746329
718,7.138242608746329
719,3.125985283112595
720,3.861846291642593
721,4.104588229351991
722,3.6040034893893713
723,3.862762428556094
724,5.5497372754464624
725,3.87329688555304
726,4.3095639174009905
727,4.149641225762235
728,3.688267773357935
729,4.013888684021256
730,3.861846291642593
731,3.861846291642593
732,3.861846291642593
733,3.861846291642593
734,3.861846291642593
735,6.289736024728238
736,3.5116772086391475
737,3.5994760976028863
738,3.6882130419057657
739,3.51267619686252
740,3.3189057021908708
741,3.495841933784524
742,3.248108914717167
743,2.810809723793257
744,3.9437598443778326
745,3.506773856130013
746,3.5116772086391475
747,3.5116772086391475
748,3.5116772086391475
749,3.5116772086391475
750,3.5116772086391475
751,3.2811005718803528
752,4.8112224264969745
753,4.32466513276227
754,3.9544020105630078
755,4.825070027321885
756,4.997690246077505
757,4.839485588303014
758,4.683246770788071
759,7.119546099993707
760,4.5957048061815655
761,4.819144036883837
762,4.8112224264969745
763,4.8112224264969745
764,4.8112224264969745
765,4.8112224264969745
766,4.8112224264969745
767,5.574074556326852
768,4.972921541901973
769,5.328499213872203
770,5.261368546264729
771,4.973051320560361
772,4.61660484411693
773,4.7608303417971705
774,4.392179858212107
775,5.724853296110189
776,4.3116688090285695
777,4.957714962275666
778,4.972921541901973
779,4.972921541901973
780,4.972921541901973
781,4.972921541901973
782,4.972921541901973
783,4.554269608533351
784,5.240842793949014
785,5.233256024507235
786,4.3642753736205755
787,5.238751386996926
788,5.670033026420081
789,4.797196103718236
790,5.621506424466417
791,4.027900569786007
792,6.625768633336466
793,5.218665426561682
794,5.240842793949014
795,5.240842793949014
796,5.240842793949014
797,5.240842793949014
798,5.240842793949014
799,4.46920340649872
800,4.324030065993601
801,4.319651930248379
802,4.804867911615548
803,4.322923154203308
804,4.305050516786034
805,4.869443868164511
806,3.445445641631066
807,6.633399503005606
808,5.086241902873818
809,4.471709756799185
810,4.324030065993601
811,4.324030065993601
812,4.324030065993601
813,4.324030065993601
814,4.324030065993601
815,8.393997600678867
816,4.514587547239838
817,4.002133730857467
818,3.988342459570444
819,4.524490389716632
820,4.617282382498619
821,4.976097396076111
822,5.564621111506226
823,3.3376968396017115
824,3.848039973722075
825,4.372684786843555
826,4.514587547239838
827,4.514587547239838
828,4.514587547239838
829,4.514587547239838
830,4.514587547239838
831,3.1653719819509534
832,2.558533017982662
833,2.5398038114839174
834,2.5789221541348972
835,2.5596946158614244
836,2.558467195498914
837,3.22187537489623
838,2.276007505833633
839,2.989082915135517
840,2.5088207962395757
841,2.646693921760581
842,2.558533017982662
843,2.558533017982662
844,2.558533017982662
845,2.558533017982662
846,2.558533017982662
847,3.411877868414037
848,5.900950503567387
849,5.951700728808037
850,7.122427215401713
851,5.8985982283352
852,5.894828179238075
853,5.430771826928361
854,6.76435666125501
855,5.425591670433671
856,5.554992869657491
857,5.683711118572143
858,5.900950503567387
859,5.900950503567387
860,5.900950503567387
861,5.900950503567387
862,5.900950503567387
863,6.2396635125991855
864,4.427540100536172
865,4.429020496750135
866,4.419414440312467
867,4.427670411880271
868,4.167109773129977
869,3.604067678203482
870,3.627779037325984
871,5.894397313668919
872,4.597029967640089
873,4.448484798410942
874,4.427540100536172
875,4.427540100536172
876,4.427540100536172
877,4.427540100536172
878,4.427540100536172
879,3.8333405688435986
880,6.210830350104228
881,6.91182972440643
882,5.527107948031436
883,6.215485924402061
884,6.613556346651202
885,6.787107909805822
886,8.444302662756042
887,4.28428263783558
888,5.873179605028461
889,6.250160405303409
890,6.210830350104228
891,6.210830350104228
892,6.210830350104228
893,6.210830350104228
894,6.210830350104228
895,6.171262041480167
896,3.3316213789404796
897,3.2259548445004205
898,3.3388849975995134
899,3.33225153816526
900,2.8554659946239442
901,3.256911506814516
902,3.7150779317348683
903,4.033279902617058
904,4.242133408968818
905,3.438463379694172
906,3.3316213789404796
907,3.3316213789404796
908,3.3316213789404796
909,3.3316213789404796
910,3.3316213789404796
911,4.77737359773461
912,6.0973007188764
913,6.398064356168342
914,7.352833945331499
915,6.097763000317209
916,6.808901798735276
917,6.015292371592709
918,5.180447425281293
919,5.775462816659549
920,4.670412319796313
921,6.005886601286129
922,6.0973007188764
923,6.0973007188764
924,6.0973007188764
925,6.0973007188764
926,6.0973007188764
927,5.3408677127050765
928,5.0462796819831235
929,5.349988857167008
930,5.041908855788873
931,5.045812372845279
932,3.7433860631722244
933,4.988264055085365
934,3.7685752627587545
935,6.304988541571451
936,4.331095017809944
937,5.104178493491189
938,5.0462796819831235
939,5.0462796819831235
940,5.0462796819831235
941,5.0462796819831235
942,5.0462796819831235
943,3.1703011780330765
944,7.625546034054743
945,5.990064770757296
946,5.548959897755171
947,7.588870962680648
948,11.062053103026463
949,7.470070378756522
950,8.86248112455151
951,4.964941114408601
952,8.575928714890091
953,7.468295457748366
954,7.625546034054743
955,7.625546034054743
956,7.625546034054743
957,7.625546034054743
958,7.625546034054743
959,5.6337728005045715
960,3.0300825245170513
961,2.7322950374223707
962,3.4198168905429895
963,3.0242251039960903
964,4.643125992723132
965,2.6221232803159156
966,3.4905414222017317
967,3.443244432005608
968,3.394785178530936
969,3.045790373544295
970,3.0300825245170513
971,3.0300825245170513
972,3.0300825245170513
973,3.0300825245170513
974,3.0300825245170513
975,5.45282679810032
976,6.443623407315948
977,7.2373554926921795
978,6.0228164028022695
979,6.459180202100213
980,3.9269621015269283
981,7.50863167743699
982,5.865760500509453
983,5.011158614003212
984,5.950377558072182
985,6.341727968204733
986,6.443623407315948
987,6.443623407315948
988,6.443623407315948
989,6.443623407315948
990,6.443623407315948
991,2.751953536022847
992,2.6584245385886827
993,2.7178188371695278
994,2.8003361116034946
995,2.658588736106255
996,3.064497009660036
997,3.114515049890606
998,2.0203862877522014
999,4.259352675083105
1000,3.057576917722162
1001,2.703088449289439
1002,2.6584245385886827
1003,2.6584245385886827
1004,2.6584245385886827
1005,2.6584245385886827
1006,2.6584245385886827
1007,6.371977485444172
1008,6.953537760976551
1009,6.602881298144929
1010,6.4933845012966245
1011,6.9555647173127895
1012,6.330841744771218
1013,5.783393104225521
1014,8.854613639411571
1015,5.214198504023518
1016,6.364446520404564
1017,6.727372105799711
1018,6.953537760976551
1019,6.953537760976551
1020,6.953537760976551
1021,6.953537760976551
1022,6.953537760976551
1023,4.213643925106262
1024,4.360286761708319
1025,4.357902860994764
1026,4.142757505248836
1027,4.360083942545121
1028,3.984257067973756
1029,4.5187658381439295
1030,4.84489803403714
1031,5.8068410795582075
1032,4.3654619625813575
1033,4.238617271040356
1034,4.360286761708319
1035,4.360286761708319
1036,4.360286761708319
1037,4.360286761708319
1038,4.360286761708319
1039,5.5973475250952465
1040,3.4079029157969485
1041,3.4348495758738937
1042,3.4275545422187474
1043,3.408087441547243
1044,3.7514070057055258
1045,3.475904893263466
1046,3.196677387972046
1047,3.369111514109913
1048,3.5035850804159487
1049,3.4810103262227807
1050,3.4079029157969485
1051,3.4079029157969485
1052,3.4079029157969485
1053,3.4079029157969485
1054,3.4079029157969485
1055,3.7437897542522607
1056,4.15342985603857
1057,4.138345055287309
1058,4.155726441745233
1059,4.1534139176361995
1060,3.98460795496955
1061,4.00961209943083
1062,3.0437282353413218
1063,3.5957492803158084
1064,4.104834775230929
1065,4.251172610869282
1066,4.15342985603857
1067,4.15342985603857
1068,4.15342985603857
1069,4.15342985603857
1070,4.15342985603857
1071,2.4360197786694147
1072,8.02246644829617
1073,6.457389801743435
1074,6.436468896771894
1075,8.05793087017578
1076,8.24631039652005
1077,7.501473668762414
1078,10.489553028460856
1079,8.053933528848093
1080,8.70127817467742
1081,7.981260295598169
1082,8.02246644829617
1083,8.02246644829617
1084,8.02246644829617
1085,8.02246644829617
1086,8.02246644829617
1087,7.422973909826811
1088,6.611162079145852
1089,7.039669027085407
1090,10.704770085996817
1091,6.615167173692468
1092,6.757727570899044
1093,4.855170597237901
1094,7.454679372819952
1095,6.420737861635317
1096,7.875530456079634
1097,6.637548408664136
1098,6.611162079145852
1099,6.611162079145852
1100,6.611162079145852
1101,6.611162079145852
1102,6.611162079145852
1103,10.935421711260366
1104,4.7806926564144305
1105,4.680649014551903
1106,4.473522782397775
1107,4.775958518227518
1108,4.69603303884488
1109,4.872953296453146
1110,3.9017458158298757
1111,4.107020882806081
1112,3.891322316255564
1113,4.704868601287738
1114,4.7806926564144305
1115,4.7806926564144305
1116,4.7806926564144305
1117,4.7806926564144305
1118,4.7806926564144305
1119,2.5034023518267015
1120,5.993269528431144
1121,6.017493311595383
1122,6.2015755700946755
1123,5.993313244145305
1124,5.673245528247538
1125,7.501164969538883
1126,4.670169777423097
1127,5.422330038962311
1128,5.048896249155934
1129,5.825000360836418
1130,5.993269528431144
1131,5.993269528431144
1132,5.993269528431144
1133,5.993269528431144
1134,5.993269528431144
1135,4.401532242518136
1136,3.186538426840818
1137,3.1641897850663945
1138,3.042137513678692
1139,3.188362023875396
1140,3.2774087227103075
1141,2.9904903189323107
1142,3.6616064288138013
1143,3.7255045216641536
1144,3.6299554922107675
1145,3.237319193828358
1146,3.186538426840818
1147,3.186538426840818
1148,3.186538426840818
1149,3.186538426840818
1150,3.186538426840818
1151,4.553248939321657
1152,3.050279036459728
1153,3.0340341378870512
1154,3.656005116386482
1155,3.0502822825452203
1156,4.824317121046302
1157,3.003242133126036
1158,2.6762640159346778
1159,3.133155684874146
1160,2.7766139346275702
1161,3.072072360734581
1162,3.050279036459728
1163,3.050279036459728
1164,3.050279036459728
1165,3.050279036459728
1166,3.050279036459728
1167,4.1244803760912525
1168,6.964611036625644
1169,8.846016724093207
1170,6.045577199811706
1171,6.9644964337773265
1172,4.734815962094824
1173,6.62569244265414
1174,8.279755304429935
1175,6.417761752861416
1176,7.406441662234537
1177,6.976464803182469
1178,6.964611036625644
1179,6.964611036625644
1180,6.964611036625644
1181,6.964611036625644
1182,6.964611036625644
1183,5.036936571128141
1184,6.30373512600776
1185,6.554511890176614
1186,6.593133150328849
1187,6.307192589216587
1188,7.65945904363193
1189,6.749698798206022
1190,4.966708097722193
1191,6.003951020312473
1192,5.590054029477883
1193,6.20594756397367
1194,6.30373512600776
1195,6.30373512600776
1196,6.30373512600776
1197,6.30373512600776
1198,6.30373512600776
1199,5.996259065296838
1200,3.0752042487267697
1201,2.81761756158225
1202,2.712399361194195
1203,3.0675802514572306
1204,2.3943893033720576
1205,3.1987543940976835
1206,4.298314640689869
1207,3.6532370569604096
1208,3.463552262804222
1209,3.1080893339602746
1210,3.0752042487267697
1211,3.0752042487267697
1212,3.0752042487267697
1213,3.0752042487267697
1214,3.0752042487267697
1215,3.949434074788502
1216,5.388110157807806
1217,4.9241354451581785
1218,5.175905003254836
1219,5.376741874020765
1220,5.038308031759475
1221,6.459758039399418
1222,4.8619759341708
1223,6.3750751246865995
1224,4.339097482255765
1225,5.369796525700212
1226,5.388110157807806
1227,5.388110157807806
1228,5.388110157807806
1229,5.388110157807806
1230,5.388110157807806
1231,4.608402784250883
1232,3.9280295380251236
1233,4.055689279518746
1234,3.9771223095769077
1235,3.933646705382171
1236,4.422656063513769
1237,3.2580671666220633
1238,4.06333572821188
1239,3.6073412729970817
1240,5.290671256711745
1241,3.990574670204397
1242,3.9280295380251236
1243,3.9280295380251236
1244,3.9280295380251236
1245,3.9280295380251236
1246,3.9280295380251236
1247,4.947364468252862
1248,7.257163049482524
1249,7.652675636061718
1250,7.197652648963361
1251,7.2582297197511645
1252,4.522035371496723
1253,6.823624371052792
1254,5.99938233224175
1255,6.248865866991084
1256,8.25313214509416
1257,7.248479933689535
1258,7.257163049482524
1259,7.257163049482524
1260,7.257163049482524
1261,7.257163049482524
1262,7.257163049482524
1263,3.7387758373373488
1264,3.1634932894654577
1265,2.9037945482238863
1266,3.195416646603707
1267,3.165481308916308
1268,4.74160897125848
1269,3.991385741492741
1270,3.7803924293221987
1271,3.16505915318176
1272,2.7750418689328904
1273,3.1678558893882727
1274,3.1634932894654577
1275,3.1634932894654577
1276,3.1634932894654577
1277,3.1634932894654577
1278,3.1634932894654577
1279,5.708195932089313
1280,4.677940940110268
1281,4.839345106054165
1282,4.678447874408946
1283,4.677004691524929
1284,4.598155937483765
1285,3.9342922498525565
1286,3.7333515825792323
1287,4.760001075772803
1288,4.82756918725402
1289,4.664931123320344
1290,4.677940940110268
1291,4.677940940110268
1292,4.677940940110268
1293,4.677940940110268
1294,4.677940940110268
1295,3.296702307856308
1296,3.9803894680036875
1297,3.929126003621028
1298,3.620582775994139
1299,3.9836703717539685
1300,3.8612405147908517
1301,4.601538816103609
1302,4.486628351858142
1303,4.726545919208936
1304,3.896108161528798
1305,3.959094154776256
1306,3.9803894680036875
1307,3.9803894680036875
1308,3.9803894680036875
1309,3.9803894680036875
1310,3.9803894680036875
1311,5.145045812013617
1312,4.1927013645904765
1313,4.2013684824049795
1314,4.188338755610031
1315,4.193004350521444
1316,4.068252934035316
1317,5.02687434857785
1318,3.830124864055229
1319,4.389871624056379
1320,4.405752277971488
1321,4.242259740282542
1322,4.1927013645904765
1323,4.1927013645904765
1324,4.1927013645904765
1325,4.1927013645904765
1326,4.1927013645904765
1327,4.97619729162581
1328,5.032298149527875
1329,4.618419144825091
1330,5.898731271270826
1331,5.026738731281409
1332,5.650761862192758
1333,4.5110743857087625
1334,5.111391107471899
1335,3.9865158835333787
1336,5.1830437282140664
1337,4.982832215700841
1338,5.032298149527875
1339,5.032298149527875
1340,5.032298149527875
1341,5.032298149527875
1342,5.032298149527875
1343,4.257649648244639
1344,4.730478390268272
1345,4.578959541726923
1346,6.472352013585193
1347,4.730466143021804
1348,4.151875263972525
1349,5.3346254310776136
1350,4.482721331125948
1351,3.9288317004222466
1352,3.790743340608215
1353,4.784339238593073
1354,4.730478390268272
1355,4.730478390268272
1356,4.730478390268272
1357,4.730478390268272
1358,4.730478390268272
1359,3.7743165404800716
1360,4.438596625101207
1361,4.452320778605155
1362,4.460104774990355
1363,4.439190391477177
1364,4.6391446481986875
1365,4.89750608426145
1366,4.976238387469044
1367,4.7665059513141115
1368,5.5144283555432665
1369,4.384176246183257
1370,4.438596625101207
1371,4.438596625101207
1372,4.438596625101207
1373,4.438596625101207
1374,4.438596625101207
1375,7.264613699929152
1376,2.6022439755953877
1377,2.6067677332980606
1378,2.7167506521973777
1379,2.601910305387534
1380,2.627484216989851
1381,2.3530838934625744
1382,2.797895398929053
1383,2.941940026511858
1384,2.932679653763581
1385,2.6104100668377836
1386,2.6022439755953877
1387,2.6022439755953877
1388,2.6022439755953877
1389,2.6022439755953877
1390,2.6022439755953877
1391,3.4068452317195876
1392,9.100161497334982
1393,11.12093308562684
1394,6.856394533602666
1395,9.073283775532921
1396,9.348922506924188
1397,7.64174910194925
1398,8.87185095477776
1399,9.092655978475804
1400,7.3085717152363125
1401,9.180085330604449
1402,9.100161497334982
1403,9.100161497334982
1404,9.100161497334982
1405,9.100161497334982
1406,9.100161497334982
1407,5.234279925696194
1408,6.400635064518524
1409,6.341390774181456
1410,7.782858752636577
1411,6.403015580920758
1412,4.474063153491781
1413,7.837196702668488
1414,4.182837680883868
1415,5.535473508901399
1416,5.939540713417348
1417,6.569606170264502
1418,6.400635064518524
1419,6.400635064518524
1420,6.400635064518524
1421,6.400635064518524
1422,6.400635064518524
1423,3.5598053801822176
1424,3.563022990179943
1425,3.9367670682187526
1426,3.4969715995588597
1427,3.559497225482231
1428,5.034506728007884
1429,3.101042458119516
1430,5.230566616117711
1431,3.90684148105692
1432,3.6299346611407945
1433,3.498818818760921
1434,3.563022990179943
1435,3.563022990179943
1436,3.563022990179943
1437,3.563022990179943
1438,3.563022990179943
1439,7.340116874786623
1440,3.890246060412707
1441,4.022102698562572
1442,4.126601153620083
1443,3.8902766702997638
1444,3.380987438495414
1445,3.3095150019791375
1446,3.7099663340110838
1447,4.3435727028200715
1448,3.532067679897877
1449,3.858754363639727
1450,3.890246060412707
1451,3.890246060412707
1452,3.890246060412707
1453,3.890246060412707
1454,3.890246060412707
1455,3.05971014909431
1456,5.997585325772999
1457,4.940398099919056
1458,4.853790342644052
1459,5.996144162530676
1460,6.909332657689003
1461,6.776522923543292
1462,6.234449203839767
1463,6.071703125755173
1464,6.3950741644886575
1465,6.090762806385893
1466,5.997585325772999
1467,5.997585325772999
1468,5.997585325772999
1469,5.997585325772999
1470,5.997585325772999
1471,6.56245251603542
1472,3.3768174807162015
1473,3.165093701372072
1474,3.357972105007753
1475,3.3753269659184677
1476,3.8733888140872303
1477,3.5296473963239574
1478,2.599725084898813
1479,3.2793740852934143
1480,3.6665929745591685
1481,3.338390837504768
1482,3.3768174807162015
1483,3.3768174807162015
1484,3.3768174807162015
1485,3.3768174807162015
1486,3.3768174807162015
1487,3.019218485122921
1488,5.368575379683792
1489,7.4353273634879296
1490,4.153596401944857
1491,5.370201165552397
1492,4.652046599130661
1493,5.736333159770796
1494,7.8842505986858695
1495,5.900709672837407
1496,5.198862406741538
1497,5.435024765701149
1498,5.368575379683792
1499,5.368575379683792
1500,5.368575379683792
1501,5.368575379683792
1502,5.368575379683792
1503,7.225572992849139
1504,3.3657428582125593
1505,3.4475330194438687
1506,3.33046909847227
1507,3.3638719576382132
1508,5.501000733334111
1509,3.2617716579949936
1510,3.681580188396159
1511,3.611120174091682
1512,2.589238261857074
1513,3.4110783569903362
1514,3.3657428582125593
1515,3.3657428582125593
1516,3.3657428582125593
1517,3.3657428582125593
1518,3.3657428582125593
1519,4.90470593654332
1520,6.863299409044539
1521,6.4098453825717705
1522,7.80277755558145
1523,6.879410741533871
1524,4.372958158907476
1525,6.636900811463417
1526,6.826728491974193
1527,5.59940067763325
1528,9.344060373130878
1529,6.58806235868432
1530,6.863299409044539
1531,6.863299409044539
1532,6.863299409044539
1533,6.863299409044539
1534,6.863299409044539
1535,4.583359689640553
1536,3.9193942736716796
1537,3.818470889219483
1538,3.9166866270834864
1539,3.9212802857192077
1540,3.6334276094493254
1541,3.8803251318012726
1542,3.9643851888283073
1543,4.8202373145099005
1544,3.6115912952061766
1545,3.9452448210397764
1546,3.9193942736716796
1547,3.9193942736716796
1548,3.9193942736716796
1549,3.9193942736716796
1550,3.9193942736716796
1551,4.0588191355164325
1552,6.493562981775034
1553,8.274173817410116
1554,5.497157817937593
1555,6.476813354269351
1556,7.4109801309978796
1557,6.415510460555773
1558,5.98167502635322
1559,4.78249787031087
1560,6.510091963455269
1561,6.406489043103603
1562,6.493562981775034
1563,6.493562981775034
1564,6.493562981775034
1565,6.493562981775034
1566,6.493562981775034
1567,4.6579586660194074
1568,3.770607596997851
1569,3.8340454324631708
1570,3.7214132569750222
1571,3.771418696787185
1572,2.7261238182421694
1573,3.724161643822146
1574,5.3914823238171135
1575,5.514968852272962
1576,3.659738440775025
1577,3.6882836055277575
1578,3.770607596997851
1579,3.770607596997851
1580,3.770607596997851
1581,3.770607596997851
1582,3.770607596997851
1583,5.272223596910828
1584,6.932574985139663
1585,5.576521115014474
1586,8.145281797936834
1587,6.938157826060746
1588,9.196052055332748
1589,6.75613047098344
1590,4.475505306215911
1591,5.417334827524651
1592,7.062788643758953
1593,7.084799888307532
1594,6.932574985139663
1595,6.932574985139663
1596,6.932574985139663
1597,6.932574985139663
1598,6.932574985139663
1599,4.1166085139154855
1600,3.473053275580211
1601,3.2525883976484593
1602,4.694966539781004
1603,3.4696289449642097
1604,5.491906401937936
1605,2.981333362933247
1606,3.3791688012079444
1607,4.299050413252628
1608,3.0779062223426177
1609,3.3660065154823147
1610,3.473053275580211
1611,3.473053275580211
1612,3.473053275580211
1613,3.473053275580211
1614,3.473053275580211
1615,5.3989046118032205
1616,4.616208730581881
1617,4.824388466409081
1618,4.5208354271427575
1619,4.616418391783591
1620,3.001972287168684
1621,5.470702452476882
1622,4.9286198032708555
1623,3.995359049159906
1624,5.662455822320916
1625,4.715824274164856
1626,4.616208730581881
1627,4.616208730581881
1628,4.616208730581881
1629,4.616208730581881
1630,4.616208730581881
1631,4.122762574924943
1632,2.517280152101343
1633,2.5044889785383053
1634,2.4572072589280176
1635,2.517774027106671
1636,2.7267847234426985
1637,2.763468423415707
1638,3.591424526657415
1639,3.1135289968387054
1640,2.918129753579154
1641,2.569117892879918
1642,2.517280152101343
1643,2.517280152101343
1644,2.517280152101343
1645,2.517280152101343
1646,2.517280152101343
1647,7.898454813593277
1648,8.562878015122687
1649,7.859683917349707
1650,7.423900637302981
1651,8.594227676586131
1652,7.4665103827916495
1653,7.25774819492056
1654,6.490862440697644
1655,6.232632500282865
1656,7.0753718776286485
1657,8.493384874746868
1658,8.562878015122687
1659,8.562878015122687
1660,8.562878015122687
1661,8.562878015122687
1662,8.562878015122687
1663,2.6077849959840926
1664,4.909926207974205
1665,4.900272719389919
1666,6.158208095933461
1667,4.9091778854307115
1668,4.577501509814152
1669,5.245384998420123
1670,5.086564370860558
1671,6.2860687380825935
1672,5.331042665694189
1673,4.898149416456007
1674,4.909926207974205
1675,4.909926207974205
1676,4.909926207974205
1677,4.909926207974205
1678,4.909926207974205
1679,8.979733584122021
1680,2.949227689066156
1681,3.033655584125213
1682,2.8387740273442943
1683,2.9525288501624165
1684,3.2751184053636933
1685,3.295402339562545
1686,2.7968791193212037
1687,2.6393914174004003
1688,2.8092200884306093
1689,3.0064712776680653
1690,2.949227689066156
1691,2.949227689066156
1692,2.949227689066156
1693,2.949227689066156
1694,2.949227689066156
1695,2.9262735863586715
1696,4.0714540968862645
1697,4.061616954447691
1698,4.386155912207261
1699,4.071278092936495
1700,3.94140124912349
1701,3.762714348730222
1702,4.672051417861725
1703,5.017880940163381
1704,4.59661158917164
1705,4.090027053728133
1706,4.0714540968862645
1707,4.0714540968862645
1708,4.0714540968862645
1709,4.0714540968862645
1710,4.0714540968862645
1711,6.161513563707568
1712,7.308813286800081
1713,8.435807246374438
1714,5.589032187882546
1715,7.2961291688267815
1716,7.406553621668973
1717,6.83694896619277
1718,6.197146563613886
1719,5.36662961083299
1720,6.852253682071263
1721,7.3287678579099955
1722,7.308813286800081
1723,7.308813286800081
1724,7.308813286800081
1725,7.308813286800081
1726,7.308813286800081
1727,3.3268085398473537
1728,3.8079705909295765
1729,3.713533891724336
1730,3.816506379811303
1731,3.8082136280926564
1732,3.9682526725457326
1733,4.053531900107954
1734,3.8166008808406424
1735,4.430428166626231
1736,5.1034734726657005
1737,3.807191070963443
1738,3.8079705909295765
1739,3.8079705909295765
1740,3.8079705909295765
1741,3.8079705909295765
1742,3.8079705909295765
1743,6.423311594252981
1744,7.322670755042394
1745,6.933786582005977
1746,6.369313583974913
1747,7.333248438112393
1748,7.211873037451567
1749,5.570300588825753
1750,8.217817537173005
1751,4.934725913772745
1752,5.072469380068733
1753,7.3224061945259145
1754,7.322670755042394
1755,7.322670755042394
1756,7.322670755042394
1757,7.322670755042394
1758,7.322670755042394
1759,2.8026377164853646
1760,3.260044993828805
1761,3.2960834556498515
1762,3.2520628999349492
1763,3.260179750780972
1764,3.0961557937810054
1765,2.983498110099278
1766,3.6905472196585776
1767,4.909685485939289
1768,2.9612661078322797
1769,3.209291947661887
1770,3.260044993828805
1771,3.260044993828805
1772,3.260044993828805
1773,3.260044993828805
1774,3.260044993828805
1775,4.338350531120496
1776,4.948366060119671
1777,5.0449524074474565
1778,5.381614820292502
1779,4.942830549357936
1780,5.0614820040675985
1781,6.430367088287082
1782,4.89471901983237
1783,3.980270551923672
1784,5.173076679088949
1785,4.975406068340799
1786,4.948366060119671
1787,4.948366060119671
1788,4.948366060119671
1789,4.948366060119671
1790,4.948366060119671
1791,6.358712319458147
1792,4.913366057093134
1793,4.7355081643447745
1794,4.7987585233203305
1795,4.9175197625407305
1796,5.979076169784104
1797,4.0133276343245905
1798,6.636667137781229
1799,3.9664115444042687
1800,4.789462863681557
1801,4.998253679449723
1802,4.913366057093134
1803,4.913366057093134
1804,4.913366057093134
1805,4.913366057093134
1806,4.913366057093134
1807,5.159606587374694
1808,4.667303596516708
1809,4.800015019302087
1810,4.734605396240341
1811,4.667466133037097
1812,3.818210818349582
1813,5.32410821240236
1814,3.5264564151163755
1815,5.515809001681478
1816,4.507477834168256
1817,4.617520489969689
1818,4.667303596516708
1819,4.667303596516708
1820,4.667303596516708
1821,4.667303596516708
1822,4.667303596516708
1823,3.9695953875059606
1824,2.947405921765519
1825,3.065339060644513
1826,2.9165732429738354
1827,2.9469795338558313
1828,4.429738845159755
1829,3.1773692281635655
1830,3.4990262041502995
1831,2.4704415920015594
1832,2.9581374613448537
1833,2.961328237161841
1834,2.947405921765519
1835,2.947405921765519
1836,2.947405921765519
1837,2.947405921765519
1838,2.947405921765519
1839,5.58315142276484
1840,7.140209904457714
1841,5.52937678360697
1842,6.986212786928656
1843,7.098267374233985
1844,4.844176377821909
1845,5.730967774162175
1846,5.993519201331719
1847,9.88540332722556
1848,6.721871625439418
1849,7.253958689960734
1850,7.140209904457714
1851,7.140209904457714
1852,7.140209904457714
1853,7.140209904457714
1854,7.140209904457714
1855,3.4004460070112525
1856,4.572970009338112
1857,4.3423776618492544
1858,6.275260027537077
1859,4.56942278791963
1860,2.991335686442733
1861,4.575347505137981
1862,5.365397636787658
1863,3.6544220747829153
1864,5.621951607763744
1865,4.560404627064695
1866,4.572970009338112
1867,4.572970009338112
1868,4.572970009338112
1869,4.572970009338112
1870,4.572970009338112
1871,3.8312380541164437
1872,4.407537015647143
1873,5.038091791320148
1874,3.7817425678200673
1875,4.419400665428942
1876,6.308782055169538
1877,4.360592552022886
1878,3.547206780654046
1879,5.713762911127985
1880,3.7893005568307623
1881,4.361862463781511
1882,4.407537015647143
1883,4.407537015647143
1884,4.407537015647143
1885,4.407537015647143
1886,4.407537015647143
1887,5.020654889184212
1888,5.812141554595742
1889,6.059146589455748
1890,5.905741911992749
1891,5.812195707635788
1892,5.515639971283599
1893,5.799125738717213
1894,5.9287377213064465
1895,3.9123098026255567
1896,4.870369203437683
1897,5.867053218076373
1898,5.812141554595742
1899,5.812141554595742
1900,5.812141554595742
1901,5.812141554595742
1902,5.812141554595742
1903,3.380273314670553
1904,4.523242295498028
1905,4.467396109045199
1906,4.164735886758116
1907,4.521676606414405
1908,4.804597556513892
1909,4.4360139068688
1910,3.8567629226101294
1911,5.878164841655605
1912,5.801950717244497
1913,4.482799522891323
1914,4.523242295498028
1915,4.523242295498028
1916,4.523242295498028
1917,4.523242295498028
1918,4.523242295498028
1919,6.036822694087128
1920,2.9819665401120763
1921,3.145782842587991
1922,4.063617711942085
1923,2.9820597850828525
1924,2.918745616696903
1925,3.29558514083738
1926,4.018617049390456
1927,2.544289687966765
1928,3.3329696344381237
1929,2.9561864460220626
1930,2.9819665401120763
1931,2.9819665401120763
1932,2.9819665401120763
1933,2.9819665401120763
1934,2.9819665401120763
1935,7.369659314988259
1936,5.896029325406489
1937,5.965254825448292
1938,5.405391519261326
1939,5.890342483696909
1940,5.6602567500796885
1941,4.693544358384051
1942,4.491173308711422
1943,8.178330811060658
1944,5.295399839584288
1945,5.979497345109265
1946,5.896029325406489
1947,5.896029325406489
1948,5.896029325406489
1949,5.896029325406489
1950,5.896029325406489
1951,4.108128363819502
1952,5.381793342417884
1953,5.370919701233926
1954,5.686979567168383
1955,5.381579829879506
1956,5.186137748970951
1957,5.144778898411995
1958,5.276385796732551
1959,3.800876239120424
1960,6.287960066892432
1961,5.466117788664188
1962,5.381793342417884
1963,5.381793342417884
1964,5.381793342417884
1965,5.381793342417884
1966,5.381793342417884
1967,4.273166889167003
1968,3.2032817636039685
1969,3.0381355597883037
1970,3.0449055161597918
1971,3.2077998221766237
1972,3.4398077274807575
1973,4.243002165989814
1974,3.65917297594112
1975,4.271671685908865
1976,2.9391043123222844
1977,3.099577900667317
1978,3.2032817636039685
1979,3.2032817636039685
1980,3.2032817636039685
1981,3.2032817636039685
1982,3.2032817636039685
1983,5.448750147850505
1984,7.195287026732681
1985,6.3692354628454995
1986,6.640222531716954
1987,7.204941768482811
1988,6.581273887751932
1989,7.884544724999134
1990,8.483746818821116
1991,5.147393243097376
1992,6.416314188824927
1993,7.367458591724193
1994,7.195287026732681
1995,7.195287026732681
1996,7.195287026732681
1997,7.195287026732681
1998,7.195287026732681
1999,4.77310468338613
2000,4.305190926119103
2001,4.31436207030803
2002,4.205212059710926
2003,4.298338487610663
2004,4.55784905826184
2005,4.8367498124643875
2006,3.498855710416245
2007,4.686257956302228
2008,4.762826833790367
2009,4.200348458645628
2010,4.305190926119103
2011,4.305190926119103
2012,4.305190926119103
2013,4.305190926119103
2014,4.305190926119103
2015,4.776095465013699
2016,6.936785407876204
2017,6.922149830769594
2018,6.936797571293434
2019,6.936807237162074
2020,7.071155518858723
2021,6.45281706962872
2022,5.876974686899359
2023,5.80957904035266
2024,8.481321280873654
2025,6.843181260650908
2026,6.936785407876204
2027,6.936785407876204
2028,6.936785407876204
2029,6.936785407876204
2030,6.936785407876204
2031,5.598979799265955
2032,3.7439245927640616
2033,4.011567170990224
2034,3.0393663459009477
2035,3.74927610191923
2036,3.877685514898387
2037,3.477199997788377
2038,4.286338761614023
2039,5.162678711767074
2040,2.7648222871214996
2041,3.7835035353018536
2042,3.7439245927640616
2043,3.7439245927640616
2044,3.7439245927640616
2045,3.7439245927640616
2046,3.7439245927640616
2047,3.676738517421531
2048,7.544489611361072
2049,7.134856337641676
2050,7.482952767878498
2051,7.550655835879252
2052,5.684693574247257
2053,7.256719961002753
2054,6.6228712620878625
2055,7.007875456069479
2056,6.719033432395868
2057,7.571913829374793
2058,7.544489611361072
2059,7.544489611361072
2060,7.544489611361072
2061,7.544489611361072
2062,7.544489611361072
2063,3.8067787953356627
2064,2.4993804217203763
2065,2.691555901880688
2066,2.623523881801553
2067,2.498516933656459
2068,3.502614092053471
2069,2.4426247765051285
2070,3.1843679733254704
2071,2.611069478971174
2072,2.970757224485047
2073,2.453263084619269
2074,2.4993804217203763
2075,2.4993804217203763
2076,2.4993804217203763
2077,2.4993804217203763
2078,2.4993804217203763
2079,6.250989448748424
2080,3.379913880654974
2081,3.4126823256305685
2082,3.3809156621033414
2083,3.380026876910015
2084,2.5936741478711394
2085,3.4838119197164272
2086,4.290208441003749
2087,3.6109516297796582
2088,4.152678105767174
2089,3.3740678734179843
2090,3.379913880654974
2091,3.379913880654974
2092,3.379913880654974
2093,3.379913880654974
2094,3.379913880654974
2095,4.485467088560946
2096,5.761446098428513
2097,4.355998723996797
2098,4.75073660469252
2099,5.767823132516988
2100,7.313367169011531
2101,6.072618778834297
2102,5.163381155145664
2103,6.107038767528602
2104,4.765645123183346
2105,5.740750351752014
2106,5.761446098428513
2107,5.761446098428513
2108,5.761446098428513
2109,5.761446098428513
2110,5.761446098428513
2111,4.081157277766067
2112,5.273048621471877
2113,5.017176317436325
2114,6.0469516343227205
2115,5.274493327888396
2116,6.545700206981175
2117,5.005129934256941
2118,3.8623554643005447
2119,5.4701278032351945
2120,4.978451307149659
2121,5.275438359402889
2122,5.273048621471877
2123,5.273048621471877
2124,5.273048621471877
2125,5.273048621471877
2126,5.273048621471877
2127,4.488223117050272
2128,3.946429802700326
2129,4.082275388376172
2130,3.490512096238281
2131,3.943956580639863
2132,3.073290653644109
2133,5.3120541924417415
2134,5.01476748478297
2135,4.034070721889371
2136,3.9607542823429207
2137,3.950687859559564
2138,3.946429802700326
2139,3.946429802700326
2140,3.946429802700326
2141,3.946429802700326
2142,3.946429802700326
2143,4.520224305878544
2144,4.597052675458288
2145,5.3696026372202
2146,5.636485461849592
2147,4.596324340578557
2148,5.4875656943179925
2149,4.703026323122304
2150,4.984435483435202
2151,4.44991538640718
2152,4.500377358839151
2153,4.688162986416999
2154,4.597052675458288
2155,4.597052675458288
2156,4.597052675458288
2157,4.597052675458288
2158,4.597052675458288
2159,10.724677025205718
2160,6.735001252286795
2161,6.245409616781498
2162,6.141916879431998
2163,6.744931567040436
2164,5.6559087079843415
2165,4.816857066383572
2166,6.322400130246458
2167,5.94418104746714
2168,6.667890346186932
2169,6.70005225505373
2170,6.735001252286795
2171,6.735001252286795
2172,6.735001252286795
2173,6.735001252286795
2174,6.735001252286795
2175,3.11846728230858
2176,4.879922766043129
2177,4.9207246696827465
2178,5.116493547498294
2179,4.88001389377534
2180,5.450069020406206
2181,4.995398666172656
2182,4.20779415391618
2183,5.3640877164081795
2184,5.436643243252021
2185,4.864457802398317
2186,4.879922766043129
2187,4.879922766043129
2188,4.879922766043129
2189,4.879922766043129
2190,4.879922766043129
2191,6.4807455053701535
2192,3.4164511098580594
2193,3.6126983623100357
2194,3.1757918102475373
2195,3.421070615398705
2196,3.1195323866484954
2197,3.6418520211612435
2198,4.330553312926304
2199,3.7152793239822035
2200,2.9943165845929554
2201,3.4806295369913176
2202,3.4164511098580594
2203,3.4164511098580594
2204,3.4164511098580594
2205,3.4164511098580594
2206,3.4164511098580594
2207,3.856852125608672
2208,7.106161678938677
2209,7.042043187116113
2210,8.785309118228774
2211,7.105712449425748
2212,6.375919935314928
2213,6.738059956709802
2214,6.642578165601625
2215,7.216777542465396
2216,5.229988033716765
2217,7.258615893845063
2218,7.106161678938677
2219,7.106161678938677
2220,7.106161678938677
2221,7.106161678938677
2222,7.106161678938677
2223,4.909375102426505
2224,3.0023932415241026
2225,3.0594266395984944
2226,2.862968936290684
2227,3.0021389220661785
2228,3.2296995444041845
2229,2.9180816541683288
2230,3.2553759737988175
2231,2.718898973176175
2232,3.7751938882704077
2233,2.932335792403504
2234,3.0023932415241026
2235,3.0023932415241026
2236,3.0023932415241026
2237,3.0023932415241026
2238,3.0023932415241026
2239,3.6420399480691663
2240,5.289282218097988
2241,5.2857688766998105
2242,5.136399585181563
2243,5.295505792312404
2244,7.075434130593616
2245,6.52153526341117
2246,3.905795594732658
2247,4.382461430472481
2248,4.687759719888002
2249,5.417420969817216
2250,5.289282218097988
2251,5.289282218097988
2252,5.289282218097988
2253,5.289282218097988
2254,5.289282218097988
2255,4.636319207939748
2256,3.8301765100065994
2257,3.77161569349771
2258,4.11647850832947
2259,3.8291680996025166
2260,3.243513331464066
2261,3.5241305814184334
2262,4.879224433244951
2263,3.6964255213065687
2264,4.413482869600202
2265,3.7467406006083923
2266,3.8301765100065994
2267,3.8301765100065994
2268,3.8301765100065994
2269,3.8301765100065994
2270,3.8301765100065994
2271,4.310499065324953
2272,4.503954470702466
2273,4.516854999222379
2274,4.5119198758419
2275,4.504004890194258
2276,3.8194764837952073
2277,3.7834296805136023
2278,3.628491514748171
2279,4.885894417395332
2280,4.2104368560508725
2281,4.447205931622414
2282,4.503954470702466
2283,4.503954470702466
2284,4.503954470702466
2285,4.503954470702466
2286,4.503954470702466
2287,2.6039701624710623
2288,5.598450664448679
2289,5.419463515635737
2290,4.505393877126479
2291,5.5733951952066
2292,6.070928985418426
2293,6.768373799783049
2294,6.29396247347549
2295,5.89494205012458
2296,6.552704749564283
2297,5.66836388838364
2298,5.598450664448679
2299,5.598450664448679
2300,5.598450664448679
2301,5.598450664448679
2302,5.598450664448679
2303,7.842678339936843
2304,2.854764042328354
2305,2.826831709545698
2306,2.869481281236004
2307,2.8545133026500906
2308,3.63400102625377
2309,2.5901877055435696
2310,2.8905914687488345
2311,2.7334497091165195
2312,3.5219909182057765
2313,2.898365341368059
2314,2.854764042328354
2315,2.854764042328354
2316,2.854764042328354
2317,2.854764042328354
2318,2.854764042328354
2319,3.969079299891857
2320,8.275292829501144
2321,9.393604119335416
2322,7.2252886067422315
2323,8.28497963847542
2324,6.292792404140256
2325,10.325735485354269
2326,7.862339233787167
2327,8.00514071186631
2328,7.159627170984899
2329,8.19211944198777
2330,8.275292829501144
2331,8.275292829501144
2332,8.275292829501144
2333,8.275292829501144
2334,8.275292829501144
2335,5.814729334049723
2336,3.9416826712125217
2337,4.20484964449245
2338,3.9105882162831174
2339,3.9423662571704123
2340,4.790083650973947
2341,4.4179340960930125
2342,3.598254963135232
2343,3.9090712668623424
2344,3.2387519789458596
2345,3.8708698974053513
2346,3.9416826712125217
2347,3.9416826712125217
2348,3.9416826712125217
2349,3.9416826712125217
2350,3.9416826712125217
2351,4.0039728983581355
2352,5.491319968325461
2353,4.442465704395001
2354,5.132689958613869
2355,5.481211349409167
2356,4.639263186902747
2357,4.322697508745333
2358,5.801962208856539
2359,6.173850070461682
2360,6.877836281316345
2361,5.638969991549162
2362,5.491319968325461
2363,5.491319968325461
2364,5.491319968325461
2365,5.491319968325461
2366,5.491319968325461
2367,4.585621807389292
2368,4.867634198917285
2369,4.56687861474843
2370,5.778428799890226
2371,4.863588034464499
2372,3.2781979408757165
2373,4.158674652681302
2374,4.815666968806103
2375,5.3843692492700646
2376,4.781351027017153
2377,4.723040611207309
2378,4.867634198917285
2379,4.867634198917285
2380,4.867634198917285
2381,4.867634198917285
2382,4.867634198917285
2383,2.9867038872372453
2384,4.213537012008276
2385,4.874299090457968
2386,4.153395006818062
2387,4.216445221901174
2388,5.556157170278565
2389,3.8375933133760896
2390,4.5665778056236395
2391,4.17420868032083
2392,3.957124211846246
2393,4.288612945821819
2394,4.213537012008276
2395,4.213537012008276
2396,4.213537012008276
2397,4.213537012008276
2398,4.213537012008276
2399,5.456611989710096
2400,4.337636705558736
2401,4.352859903439114
2402,4.86596367203655
2403,4.337941306887602
2404,3.501274770343917
2405,4.653410039409216
2406,3.7795218620346107
2407,4.133527012357349
2408,4.470290221216271
2409,4.412400568662663
2410,4.337636705558736
2411,4.337636705558736
2412,4.337636705558736
2413,4.337636705558736
2414,4.337636705558736
2415,4.270062108903659
2416,5.146238692593671
2417,4.897299416858061
2418,4.580839705169835
2419,5.143819163643993
2420,7.046275655785896
2421,5.7734962796661655
2422,6.23505252409276
2423,4.773444166607544
2424,4.916109809336839
2425,5.112679727109711
2426,5.146238692593671
2427,5.146238692593671
2428,5.146238692593671
2429,5.146238692593671
2430,5.146238692593671
2431,7.1909849934320516
2432,3.4932621829245805
2433,3.604130396849563
2434,3.725278889615019
2435,3.492564902765013
2436,3.196312456662681
2437,3.9026372891625423
2438,3.4154996100986588
2439,3.987594159203647
2440,2.581402872902685
2441,3.4417093975533315
2442,3.4932621829245805
2443,3.4932621829245805
2444,3.4932621829245805
2445,3.4932621829245805
2446,3.4932621829245805
2447,3.2713346043982483
2448,5.429947024104383
2449,5.442258301540353
2450,5.205420531042205
2451,5.430744344081367
2452,5.668731788140773
2453,4.558973324249402
2454,4.9544382709993195
2455,5.522340118487599
2456,7.167127204508942
2457,5.479495061447296
2458,5.429947024104383
2459,5.429947024104383
2460,5.429947024104383
2461,5.429947024104383
2462,5.429947024104383
2463,5.655148657697159
2464,3.9475964243614827
2465,3.958560570668384
2466,4.725657379627912
2467,3.946427482261979
2468,4.689041897951547
2469,3.50606041522116
2470,2.7810012521028855
2471,3.755080934477958
2472,4.006316098067865
2473,3.9049524905119855
2474,3.9475964243614827
2475,3.9475964243614827
2476,3.9475964243614827
2477,3.9475964243614827
2478,3.9475964243614827
2479,3.2809713171633375
2480,9.080916726709635
2481,8.24319376148429
2482,6.615643155579933
2483,9.125714326844918
2484,8.052443385257067
2485,12.400021924369492
2486,11.79893721669611
2487,8.446922394360461
2488,8.337410134452838
2489,9.00351622607509
2490,9.080916726709635
2491,9.080916726709635
2492,9.080916726709635
2493,9.080916726709635
2494,9.080916726709635
2495,7.963921084769574
2496,4.436312496809415
2497,4.1918518067512185
2498,4.608470421545809
2499,4.4420742392848895
2500,3.881010218635668
2501,4.3566511717968135
2502,4.244181266436419
2503,4.067009014557717
2504,4.11164000510371
2505,4.462017732806039
2506,4.436312496809415
2507,4.436312496809415
2508,4.436312496809415
2509,4.436312496809415
2510,4.436312496809415
2511,2.961860327715456
2512,5.898404367163585
2513,5.777258698822278
2514,5.91654044472268
2515,5.881909779189497
2516,6.963464342937625
2517,5.793604642878595
2518,6.241831816857138
2519,5.224960270564543
2520,6.604951248115535
2521,5.928602044908929
2522,5.898404367163585
2523,5.898404367163585
2524,5.898404367163585
2525,5.898404367163585
2526,5.898404367163585
2527,7.06359046445132
2528,4.958419570384713
2529,4.9442271761403145
2530,4.955318814504272
2531,4.95858487379332
2532,5.871104133631485
2533,5.2591881769062105
2534,3.2716117930853987
2535,4.987760341651664
2536,4.804245675966975
2537,4.899276002183
2538,4.958419570384713
2539,4.958419570384713
2540,4.958419570384713
2541,4.958419570384713
2542,4.958419570384713
2543,3.947053504831296
2544,2.813952299204623
2545,3.0947390990651007
2546,2.840229852085989
2547,2.8134167700119335
2548,2.3178471046159785
2549,2.9680323132301005
2550,4.287704943865213
2551,3.3549102495230163
2552,3.0766705032515356
2553,2.8408751716378013
2554,2.813952299204623
2555,2.813952299204623
2556,2.813952299204623
2557,2.813952299204623
2558,2.813952299204623
2559,5.471600268120028
2560,2.598060835435907
2561,2.5600473557583308
2562,2.664211001773154
2563,2.5972321003645558
2564,3.0467977948097253
2565,2.524446330328378
2566,3.5026743920052152
2567,3.846272588982913
2568,3.1416718561898973
2569,2.5897066523426875
2570,2.598060835435907
2571,2.598060835435907
2572,2.598060835435907
2573,2.598060835435907
2574,2.598060835435907
2575,7.109959514955973
2576,8.360673052474574
2577,8.38047116414307
2578,8.497261384020076
2579,8.356732574498338
2580,7.782262037505149
2581,8.18900985397949
2582,6.154359622309313
2583,6.724446458989319
2584,6.773358123919716
2585,8.333013409342511
2586,8.360673052474574
2587,8.360673052474574
2588,8.360673052474574
2589,8.360673052474574
2590,8.360673052474574
2591,3.6917059097444236
2592,4.027121780843404
2593,3.9977389715945835
2594,4.024944493280765
2595,4.026539165500971
2596,3.5924307903452957
2597,3.9643193486903003
2598,3.7293673948125985
2599,4.212872771970908
2600,3.446300516886094
2601,4.087397795453647
2602,4.027121780843404
2603,4.027121780843404
2604,4.027121780843404
2605,4.027121780843404
2606,4.027121780843404
2607,3.0573067677400387
2608,6.499310082117663
2609,6.401921829452247
2610,6.615576040875547
2611,6.522284349571729
2612,6.918128651802248
2613,6.3413954033885505
2614,6.6192433683023015
2615,5.206360691442892
2616,7.290598794682484
2617,6.429242035579135
2618,6.499310082117663
2619,6.499310082117663
2620,6.499310082117663
2621,6.499310082117663
2622,6.499310082117663
2623,6.137768941987196
2624,3.646103602013358
2625,3.5803501351418157
2626,3.9963713313513654
2627,3.651698856635539
2628,4.576490351680653
2629,3.110344600802418
2630,5.640855284118098
2631,5.032703460546589
2632,3.620881710395853
2633,3.661381600161917
2634,3.646103602013358
2635,3.646103602013358
2636,3.646103602013358
2637,3.646103602013358
2638,3.646103602013358
2639,8.79047011614619
2640,5.749996114743851
2641,5.603855145082719
2642,5.482346871038798
2643,5.738485018781632
2644,4.555198957226855
2645,6.706558660160353
2646,3.925285019885683
2647,3.6632292420685
2648,5.85893856016071
2649,5.655406355478004
2650,5.749996114743851
2651,5.749996114743851
2652,5.749996114743851
2653,5.749996114743851
2654,5.749996114743851
2655,2.1331564101396894
2656,3.715754890319279
2657,3.694551164923109
2658,4.011372843238436
2659,3.7151500835379077
2660,3.288885611430239
2661,4.1666957450301325
2662,4.024979769037853
2663,4.814074013428567
2664,3.722623673724148
2665,3.719208278897342
2666,3.715754890319279
2667,3.715754890319279
2668,3.715754890319279
2669,3.715754890319279
2670,3.715754890319279
2671,6.443746967842691
2672,5.563306132717393
2673,5.71675594222319
2674,4.450046166193962
2675,5.5633050480319985
2676,6.05812489918237
2677,4.595836331597326
2678,5.605293281996627
2679,4.9260528431685096
2680,5.9953503735634595
2681,5.549762555853276
2682,5.563306132717393
2683,5.563306132717393
2684,5.563306132717393
2685,5.563306132717393
2686,5.563306132717393
2687,3.9845450386793546
2688,3.8091215887678813
2689,3.7511993202026668
2690,4.144333447806119
2691,3.8093566926700784
2692,4.7440086618586035
2693,3.658728517244582
2694,3.9251084385266424
2695,5.459773299366493
2696,3.6186953479392234
2697,3.8828660780358706
2698,3.8091215887678813
2699,3.8091215887678813
2700,3.8091215887678813
2701,3.8091215887678813
2702,3.8091215887678813
2703,6.724354084565679
2704,6.790200166771751
2705,8.87315607637642
2706,6.591027005539619
2707,6.793053762333814
2708,5.365184106500893
2709,6.293242380545809
2710,6.073277039552607
2711,4.398648669762499
2712,7.630531614814306
2713,6.627699297055391
2714,6.790200166771751
2715,6.790200166771751
2716,6.790200166771751
2717,6.790200166771751
2718,6.790200166771751
2719,3.532833304691435
2720,3.2628050963736466
2721,3.2765700326366836
2722,3.94161404672304
2723,3.2624091093142407
2724,4.341675637756534
2725,3.600897485407877
2726,2.9710354535466026
2727,4.161782256428024
2728,4.428926651147095
2729,3.224014641022112
2730,3.2628050963736466
2731,3.2628050963736466
2732,3.2628050963736466
2733,3.2628050963736466
2734,3.2628050963736466
2735,10.811852374422035
2736,5.056863474983549
2737,4.600408664451762
2738,4.560821564613154
2739,5.044153716844117
2740,3.7454560645076937
2741,5.539022303988859
2742,5.023718744145239
2743,4.510741203833324
2744,3.7210426727264414
2745,5.09848827771079
2746,5.056863474983549
2747,5.056863474983549
2748,5.056863474983549
2749,5.056863474983549
2750,5.056863474983549
2751,2.3146480038562793
2752,3.5187808536272684
2753,3.3595059306003945
2754,3.5580388629715713
2755,3.517535866105911
2756,2.753748156723613
2757,4.607635698353518
2758,4.147988999317062
2759,4.916071199294296
2760,3.7117793297431922
2761,3.5115732414555896
2762,3.5187808536272684
2763,3.5187808536272684
2764,3.5187808536272684
2765,3.5187808536272684
2766,3.5187808536272684
2767,5.717318077140613
2768,6.1858729672181685
2769,6.908781015898028
2770,5.305897012704581
2771,6.201107730143875
2772,8.67009867300485
2773,5.565786920394462
2774,5.2410122228135645
2775,4.699219823082046
2776,5.52785734257725
2777,6.369257452451651
2778,6.1858729672181685
2779,6.1858729672181685
2780,6.1858729672181685
2781,6.1858729672181685
2782,6.1858729672181685
2783,4.2591615492002965
2784,6.3659678112598845
2785,6.919573161887358
2786,6.278912179324017
2787,6.3663175512292955
2788,4.357362193845787
2789,5.156789905940211
2790,6.676177417237311
2791,6.878969982871843
2792,6.611937783685274
2793,6.533116005845049
2794,6.3659678112598845
2795,6.3659678112598845
2796,6.3659678112598845
2797,6.3659678112598845
2798,6.3659678112598845
2799,4.349169739765574
2800,3.663037816103432
2801,3.41801660670098
2802,3.4967685578187573
2803,3.659409836420282
2804,5.146537990822187
2805,3.966667956343953
2806,3.588674301255209
2807,3.0261040805222548
2808,3.40604115535784
2809,3.5761243211436766
2810,3.663037816103432
2811,3.663037816103432
2812,3.663037816103432
2813,3.663037816103432
2814,3.663037816103432
2815,3.6799407271200453
2816,6.422260656288411
2817,7.164472078365089
2818,6.301711417829212
2819,6.414812000867069
2820,6.079846669126305
2821,5.451098236919046
2822,7.187422793414728
2823,5.014159929463098
2824,5.07032141973557
2825,6.21332912774406
2826,6.422260656288411
2827,6.422260656288411
2828,6.422260656288411
2829,6.422260656288411
2830,6.422260656288411
2831,3.699312538044895
2832,2.3080131164897946
2833,2.30758994633968
2834,2.428100480238559
2835,2.3098991166043032
2836,2.4413464634136104
2837,2.6205776746183442
2838,2.2398996951272645
2839,3.803760484099878
2840,2.7973582441784557
2841,2.3354044307962494
2842,2.3080131164897946
2843,2.3080131164897946
2844,2.3080131164897946
2845,2.3080131164897946
2846,2.3080131164897946
2847,5.891678441453421
2848,3.457647388257809
2849,3.4558865823937563
2850,3.466140553660016
2851,3.457664904892348
2852,4.018459623587949
2853,3.956937774441731
2854,4.583640305879831
2855,2.676169111848976
2856,4.029123562342673
2857,3.4949384819556317
2858,3.457647388257809
2859,3.457647388257809
2860,3.457647388257809
2861,3.457647388257809
2862,3.457647388257809
2863,5.563278530739174
2864,11.441105052639053
2865,9.135349014471098
2866,8.054961726421983
2867,11.439338973795936
2868,9.83949656018599
2869,8.802910365430524
2870,10.043964743715197
2871,13.086507787769872
2872,9.022253542327865
2873,11.328874845429182
2874,11.441105052639053
2875,11.441105052639053
2876,11.441105052639053
2877,11.441105052639053
2878,11.441105052639053
2879,3.930134714785753
2880,5.020224832225927
2881,4.964644836449668
2882,5.538884176285728
2883,5.022077396185374
2884,4.235787690716891
2885,5.002332340101412
2886,5.783881951914976
2887,3.3004818000719016
2888,5.356710692481924
2889,5.133246882266364
2890,5.020224832225927
2891,5.020224832225927
2892,5.020224832225927
2893,5.020224832225927
2894,5.020224832225927
2895,3.778102975192306
2896,5.036644732607961
2897,5.098224622060762
2898,4.620606669637075
2899,5.037722513119281
2900,5.640824423171321
2901,5.08049115723494
2902,4.193544482872025
2903,6.290788875273286
2904,4.8655383196070625
2905,4.993273836185862
2906,5.036644732607961
2907,5.036644732607961
2908,5.036644732607961
2909,5.036644732607961
2910,5.036644732607961
2911,5.219883791600669
2912,2.8709408341658684
2913,2.871298808027529
2914,3.2437221900892736
2915,2.870382640309243
2916,3.5600105604983625
2917,2.863720892516928
2918,3.8347227840763973
2919,2.621581692535904
2920,2.9905656604419373
2921,2.820521123998882
2922,2.8709408341658684
2923,2.8709408341658684
2924,2.8709408341658684
2925,2.8709408341658684
2926,2.8709408341658684
2927,5.057302150565993
2928,5.6632446946556465
2929,6.075010489498827
2930,5.511070303483669
2931,5.654427895677964
2932,4.796764498163767
2933,5.717648515523799
2934,4.261673913758281
2935,6.675124522616965
2936,5.727987520806755
2937,5.832035078858197
2938,5.6632446946556465
2939,5.6632446946556465
2940,5.6632446946556465
2941,5.6632446946556465
2942,5.6632446946556465
2943,4.5801849799699
2944,5.595690546354879
2945,5.622165643341661
2946,5.625122994847419
2947,5.595582458898148
2948,4.147233420679344
2949,6.6526320582690275
2950,4.889770340328534
2951,3.8913745984658425
2952,6.939444720020535
2953,5.622308889325304
2954,5.595690546354879
2955,5.595690546354879
2956,5.595690546354879
2957,5.595690546354879
2958,5.595690546354879
2959,4.150889333685566
2960,3.445451488302774
2961,3.823857750688274
2962,2.953297146087351
2963,3.439740875827617
2964,4.389837310316116
2965,3.215505630880041
2966,4.254028850374195
2967,4.634097007929447
2968,2.7998920294815
2969,3.4537741281343375
2970,3.445451488302774
2971,3.445451488302774
2972,3.445451488302774
2973,3.445451488302774
2974,3.445451488302774
2975,4.9815849409730495
2976,5.783490318009909
2977,6.460434113868357
2978,7.8943310266652515
2979,5.783463541571198
2980,4.287128431452054
2981,4.664085836186201
2982,7.215684337054438
2983,5.511332026105079
2984,5.158552689373526
2985,5.695197317812964
2986,5.783490318009909
2987,5.783490318009909
2988,5.783490318009909
2989,5.783490318009909
2990,5.783490318009909
2991,5.832246417499289
2992,2.975865878104197
2993,2.607892576916923
2994,2.747491314202919
2995,2.980906919417527
2996,4.375146903596785
2997,3.3197611647297727
2998,2.473705316115239
2999,3.5571813860204666
3000,3.37564338707157
3001,3.0024924348776434
3002,2.975865878104197
3003,2.975865878104197
3004,2.975865878104197
3005,2.975865878104197
3006,2.975865878104197
3007,4.6238387561072996
3008,5.586260189469335
3009,4.8348286315309466
3010,5.52342789020115
3011,5.5815786298533485
3012,6.8769135158183285
3013,5.197898919433417
3014,5.091602306263322
3015,4.002832768263395
3016,5.993660007495848
3017,5.522354376877639
3018,5.586260189469335
3019,5.586260189469335
3020,5.586260189469335
3021,5.586260189469335
3022,5.586260189469335
3023,3.865392366891185
3024,4.169331263350209
3025,4.6247787731887176
3026,4.519589366281796
3027,4.1670507015114415
3028,3.3560195573377563
3029,3.7886943043189456
3030,4.376561749718589
3031,6.289239896024827
3032,3.5580171845336936
3033,4.2150298457565
3034,4.169331263350209
3035,4.169331263350209
3036,4.169331263350209
3037,4.169331263350209
3038,4.169331263350209
3039,5.083747139594828
3040,4.356849118019486
3041,4.421104182340999
3042,4.361786723104907
3043,4.3572039480374185
3044,5.839150115538008
3045,4.718668561551267
3046,5.48058803201204
3047,3.3441659635804672
3048,4.75483070148817
3049,4.316654614467555
3050,4.356849118019486
3051,4.356849118019486
3052,4.356849118019486
3053,4.356849118019486
3054,4.356849118019486
3055,6.744426683771695
3056,6.472331206922871
3057,6.047744726656211
3058,5.603610821999615
3059,6.492531647165444
3060,4.919411897451531
3061,7.004358321549239
3062,4.548683886440946
3063,7.427601342468092
3064,5.810168680165601
3065,6.444763311597994
3066,6.472331206922871
3067,6.472331206922871
3068,6.472331206922871
3069,6.472331206922871
3070,6.472331206922871
3071,3.176454982625469
3072,5.110890922416151
3073,5.122795124872333
3074,5.919552857393207
3075,5.108489635594283
3076,4.900281353556066
3077,5.852431909486491
3078,4.5084870634732175
3079,5.156433234799945
3080,4.710038226804059
3081,5.089055101099107
3082,5.110890922416151
3083,5.110890922416151
3084,5.110890922416151
3085,5.110890922416151
3086,5.110890922416151
3087,5.436623676766648
3088,6.38906613936572
3089,6.703993260834603
3090,5.390990190524443
3091,6.412456729255677
3092,6.631930220115515
3093,4.972421779989308
3094,6.844332560504883
3095,5.431571942566379
3096,6.430092463810043
3097,6.377592022859373
3098,6.38906613936572
3099,6.38906613936572
3100,6.38906613936572
3101,6.38906613936572
3102,6.38906613936572
3103,4.235013565175423
3104,2.703363282372475
3105,2.6509133775437506
3106,2.7461989508765963
3107,2.702238459034062
3108,3.2370749797896434
3109,2.464480859677162
3110,3.325067778426063
3111,2.5264867758254255
3112,2.6494562567678845
3113,2.808251540373044
3114,2.703363282372475
3115,2.703363282372475
3116,2.703363282372475
3117,2.703363282372475
3118,2.703363282372475
3119,3.4227766382776945
3120,7.893531710841927
3121,6.768113565042367
3122,6.325138244564718
3123,7.88894910794005
3124,6.751839089704465
3125,10.12725876532781
3126,5.731659003898788
3127,9.861720938305611
3128,7.97047365051699
3129,7.611388576718884
3130,7.893531710841927
3131,7.893531710841927
3132,7.893531710841927
3133,7.893531710841927
3134,7.893531710841927
3135,5.407946798751653
3136,4.036953563282862
3137,4.340760532616171
3138,3.9976115552053333
3139,4.039362361594491
3140,3.5730190586843515
3141,4.0003944041908515
3142,3.6595811976570465
3143,4.679377651741926
3144,5.196217603667541
3145,4.1501333461613195
3146,4.036953563282862
3147,4.036953563282862
3148,4.036953563282862
3149,4.036953563282862
3150,4.036953563282862
3151,5.211997665290866
3152,3.5132728040830394
3153,3.470178494080967
3154,3.6702000195697217
3155,3.5138995753676014
3156,4.21785060602382
3157,3.4413215434894338
3158,4.217006653644471
3159,3.2044418275092657
3160,2.9373800283634006
3161,3.3759967510537834
3162,3.5132728040830394
3163,3.5132728040830394
3164,3.5132728040830394
3165,3.5132728040830394
3166,3.5132728040830394
3167,3.7156171768854147
3168,4.70319199803795
3169,4.714656986803736
3170,4.738110082934496
3171,4.702549055803602
3172,5.485779707385277
3173,5.106195936628223
3174,5.9772267029430255
3175,4.287227380159721
3176,3.965941649623439
3177,4.709723633726196
3178,4.70319199803795
3179,4.70319199803795
3180,4.70319199803795
3181,4.70319199803795
3182,4.70319199803795
3183,5.928590009317753
3184,4.538792651847643
3185,4.460635170356823
3186,5.199229367940115
3187,4.5236929700900275
3188,3.6723128109231906
3189,4.856742028684143
3190,3.587542565676775
3191,4.722111168868146
3192,5.539142517058944
3193,4.533524958469444
3194,4.538792651847643
3195,4.538792651847643
3196,4.538792651847643
3197,4.538792651847643
3198,4.538792651847643
3199,4.433858626568588
3200,3.599662188125724
3201,3.4713726349478606
3202,3.4973210890730604
3203,3.600534244456113
3204,4.778900782203487
3205,2.7232166864247187
3206,3.980413415113863
3207,4.285956482286594
3208,3.2520342326543434
3209,3.6894660192154616
3210,3.599662188125724
3211,3.599662188125724
3212,3.599662188125724
3213,3.599662188125724
3214,3.599662188125724
3215,4.748391475543853
3216,5.307527479471719
3217,6.092321486757464
3218,5.279907533363081
3219,5.3047965648756525
3220,4.28853839245662
3221,5.510833434108797
3222,4.470477109551185
3223,5.0123538929531355
3224,6.066660080599067
3225,5.214168927356622
3226,5.307527479471719
3227,5.307527479471719
3228,5.307527479471719
3229,5.307527479471719
3230,5.307527479471719
3231,4.536248177347195
3232,3.5299707884236127
3233,3.5642529714684374
3234,3.5223961669129986
3235,3.5300676206049384
3236,4.078296966721519
3237,4.446414358775412
3238,4.597259193053465
3239,3.059470571943262
3240,3.2982764017893134
3241,3.5473717869533767
3242,3.5299707884236127
3243,3.5299707884236127
3244,3.5299707884236127
3245,3.5299707884236127
3246,3.5299707884236127
3247,5.6797079662718195
3248,7.909890613375056
3249,6.92765470298241
3250,7.401716582115352
3251,7.928227547298696
3252,6.350565213232762
3253,7.565905430789041
3254,6.208514251704478
3255,7.583680804826679
3256,9.077497965921012
3257,7.728679983237017
3258,7.909890613375056
3259,7.909890613375056
3260,7.909890613375056
3261,7.909890613375056
3262,7.909890613375056
3263,4.278994058780528
3264,5.646105382219963
3265,5.287152702867576
3266,7.654274064163969
3267,5.64397201080081
3268,4.152153841204304
3269,5.665661729519291
3270,6.5155541260199925
3271,5.627118344222243
3272,4.372935530190861
3273,5.744100587631934
3274,5.646105382219963
3275,5.646105382219963
3276,5.646105382219963
3277,5.646105382219963
3278,5.646105382219963
3279,4.03259774731349
3280,4.052157092509296
3281,4.2169771147757045
3282,3.799578697980149
3283,4.050177617568197
3284,5.498869192486378
3285,4.125444961092443
3286,3.837913130202431
3287,3.5304441948096614
3288,5.072529406598324
3289,4.040454550539307
3290,4.052157092509296
3291,4.052157092509296
3292,4.052157092509296
3293,4.052157092509296
3294,4.052157092509296
3295,5.418665427663773
3296,3.1462663285241557
3297,3.438695613487714
3298,3.203010550799396
3299,3.1463567876389544
3300,2.477553827606812
3301,2.9789830937496724
3302,4.303767146188111
3303,3.0561300794327333
3304,3.4174506967992184
3305,3.242978110702394
3306,3.1462663285241557
3307,3.1462663285241557
3308,3.1462663285241557
3309,3.1462663285241557
3310,3.1462663285241557
3311,4.107756960315874
3312,5.414061426256175
3313,5.024693802531999
3314,4.941329706108753
3315,5.425638207049396
3316,6.827071830027403
3317,5.044426641802564
3318,4.576931921276292
3319,6.839019541618484
3320,4.671205670888547
3321,5.309235879918488
3322,5.414061426256175
3323,5.414061426256175
3324,5.414061426256175
3325,5.414061426256175
3326,5.414061426256175
3327,5.240840933823049
3328,5.270908487585569
3329,5.47595968507159
3330,5.952541995833664
3331,5.270191613496393
3332,5.742520321664842
3333,5.423306420100428
3334,6.11380305415816
3335,4.099872153150015
3336,5.174114932534548
3337,5.1410387584390564
3338,5.270908487585569
3339,5.270908487585569
3340,5.270908487585569
3341,5.270908487585569
3342,5.270908487585569
3343,6.391661204062254
3344,4.255466988133936
3345,4.230956548718915
3346,4.174000906031592
3347,4.254926098447392
3348,3.5761265001726374
3349,4.352223297517851
3350,3.7670260843203187
3351,4.472466666410608
3352,4.107737832286073
3353,4.323113159275063
3354,4.255466988133936
3355,4.255466988133936
3356,4.255466988133936
3357,4.255466988133936
3358,4.255466988133936
3359,3.263039083120415
3360,8.456347562064249
3361,8.472776053615348
3362,8.783997166569252
3363,8.4545643384406
3364,8.109562529400138
3365,8.085965387705242
3366,8.483540637427202
3367,9.422884218606788
3368,8.564661976385496
3369,8.304078443981899
3370,8.456347562064249
3371,8.456347562064249
3372,8.456347562064249
3373,8.456347562064249
3374,8.456347562064249
3375,8.945051082781063
3376,2.8820208834503496
3377,2.5322635857315703
3378,2.305208121895356
3379,2.893134597734325
3380,3.200607014394527
3381,2.7106528763013205
3382,2.8314548942448523
3383,2.769759531541171
3384,2.7478474196526186
3385,2.906074285231114
3386,2.8820208834503496
3387,2.8820208834503496
3388,2.8820208834503496
3389,2.8820208834503496
3390,2.8820208834503496
3391,2.1411803909153653
3392,3.597867267772239
3393,3.5338813417889936
3394,3.6067871897813166
3395,3.600045763740545
3396,4.512731356101897
3397,4.516125632945131
3398,3.760043437167961
3399,3.6054522597256096
3400,3.053720501613639
3401,3.559039930252559
3402,3.597867267772239
3403,3.597867267772239
3404,3.597867267772239
3405,3.597867267772239
3406,3.597867267772239
3407,4.8434380463563285
3408,5.742917186255879
3409,5.795718839780506
3410,4.804733881448938
3411,5.717962506982767
3412,4.666973779279558
3413,4.946417696519012
3414,4.887868226138649
3415,6.449678974608942
3416,7.39296511910329
3417,5.802975028455797
3418,5.742917186255879
3419,5.742917186255879
3420,5.742917186255879
3421,5.742917186255879
3422,5.742917186255879
3423,4.219693367700035
3424,5.168077665488528
3425,5.200470482041703
3426,5.175045380560389
3427,5.169100710516224
3428,4.618046465160458
3429,4.487644122076515
3430,4.885484930222185
3431,5.955327140225457
3432,6.070606010154536
3433,5.092197407352751
3434,5.168077665488528
3435,5.168077665488528
3436,5.168077665488528
3437,5.168077665488528
3438,5.168077665488528
3439,5.056508526007868
3440,3.7503062189747145
3441,4.151713960466928
3442,4.495867413877411
3443,3.7496003146321937
3444,4.2536241650154585
3445,4.220102846599063
3446,3.6401284385239743
3447,3.2933051991513262
3448,3.2884347898039277
3449,3.887708771704317
3450,3.7503062189747145
3451,3.7503062189747145
3452,3.7503062189747145
3453,3.7503062189747145
3454,3.7503062189747145
3455,5.434245079178952
3456,5.438253197432707
3457,5.40062766771872
3458,5.444868487118657
3459,5.438506650709481
3460,3.9832443997135547
3461,6.226918020202909
3462,8.10746987385191
3463,5.489364868387319
3464,5.075215557528787
3465,5.456751564278851
3466,5.438253197432707
3467,5.438253197432707
3468,5.438253197432707
3469,5.438253197432707
3470,5.438253197432707
3471,6.348330715004855
3472,2.559395773876097
3473,2.867818201368496
3474,2.582664438513531
3475,2.559177959011587
3476,3.5573567200831224
3477,2.8534440923150077
3478,1.8090392711917571
3479,2.866531343779925
3480,2.778049230213533
3481,2.565629610854636
3482,2.559395773876097
3483,2.559395773876097
3484,2.559395773876097
3485,2.559395773876097
3486,2.559395773876097
3487,3.569083714664135
3488,5.46982247657856
3489,5.746506768988128
3490,5.483809175735721
3491,5.470214326003042
3492,4.253682511264096
3493,5.057375423995306
3494,5.650684047908686
3495,5.564601453242941
3496,5.401903102557405
3497,5.240508149804052
3498,5.46982247657856
3499,5.46982247657856
3500,5.46982247657856
3501,5.46982247657856
3502,5.46982247657856
3503,4.0870743337364335
3504,4.6939767257762
3505,4.08957196076818
3506,6.027133828020348
3507,4.681660931676595
3508,6.049419005557051
3509,4.109738072757254
3510,4.805768472402778
3511,3.8246558758170703
3512,5.162474504846728
3513,4.8586979202725145
3514,4.6939767257762
3515,4.6939767257762
3516,4.6939767257762
3517,4.6939767257762
3518,4.6939767257762
3519,4.976574323054048
3520,5.695291676162048
3521,4.813889392736408
3522,7.8248775465886515
3523,5.691185016954134
3524,7.157246075946559
3525,4.463320948736265
3526,7.7022013750875375
3527,4.6978558476348615
3528,6.194641564879374
3529,5.490994159032883
3530,5.695291676162048
3531,5.695291676162048
3532,5.695291676162048
3533,5.695291676162048
3534,5.695291676162048
3535,6.380733526958794
3536,5.205149361549329
3537,6.185373925382005
3538,4.905774261851604
3539,5.212349644360602
3540,3.8341883683500186
3541,5.819338171292824
3542,3.6248530330178683
3543,5.560892548439456
3544,4.748365868519157
3545,5.389229438710472
3546,5.205149361549329
3547,5.205149361549329
3548,5.205149361549329
3549,5.205149361549329
3550,5.205149361549329
3551,3.135750268267561
3552,4.419589356226181
3553,4.462618360630895
3554,4.50080571449816
3555,4.419603887360142
3556,5.43684169070408
3557,5.218483179503907
3558,4.2756338265640546
3559,5.169354240639959
3560,3.33092396707066
3561,4.38834438779027
3562,4.419589356226181
3563,4.419589356226181
3564,4.419589356226181
3565,4.419589356226181
3566,4.419589356226181
3567,5.443535941615782
3568,5.293014326751583
3569,4.696742428488391
3570,3.984070527910397
3571,5.281522642889225
3572,4.425931854928691
3573,4.546714398651122
3574,5.345573078081399
3575,5.438798039137477
3576,7.067632213412414
3577,5.263867595268399
3578,5.293014326751583
3579,5.293014326751583
3580,5.293014326751583
3581,5.293014326751583
3582,5.293014326751583
3583,3.9116202529274884
3584,3.7883047741807006
3585,3.663624082928776
3586,4.436802076070595
3587,3.787060422288219
3588,2.8784968052999207
3589,4.122109380748114
3590,3.708160960068988
3591,2.9425285132730234
3592,3.750455450200093
3593,3.8857663637553403
3594,3.7883047741807006
3595,3.7883047741807006
3596,3.7883047741807006
3597,3.7883047741807006
3598,3.7883047741807006
3599,2.542555469677084
3600,4.632834187891627
3601,5.675149259081668
3602,4.29990881761354
3603,4.635303864533789
3604,6.292353954368252
3605,3.7137475898801156
3606,4.748022074926267
3607,6.785254912284941
3608,4.832554074482708
3609,4.427816052940426
3610,4.632834187891627
3611,4.632834187891627
3612,4.632834187891627
3613,4.632834187891627
3614,4.632834187891627
3615,7.7383352850534415
3616,9.120323232634698
3617,9.190222360533062
3618,9.512660258663011
3619,9.12157575446302
3620,6.214980736540958
3621,8.570526176755195
3622,6.286337990807951
3623,6.212434284136025
3624,9.007774412674191
3625,9.101803192391792
3626,9.120323232634698
3627,9.120323232634698
3628,9.120323232634698
3629,9.120323232634698
3630,9.120323232634698
3631,2.8486352742455425
3632,3.080974836085221
3633,2.3593774467831388
3634,2.2549467503715372
3635,3.0749674355689147
3636,4.394743881351031
3637,4.330910882404814
3638,4.5317193821367745
3639,3.580008843195728
3640,3.310350322966118
3641,3.073663508180459
3642,3.080974836085221
3643,3.080974836085221
3644,3.080974836085221
3645,3.080974836085221
3646,3.080974836085221
3647,6.900192121666446
3648,4.098258489439721
3649,3.9841141908382194
3650,4.118223180488721
3651,4.096516903533967
3652,5.319095361593173
3653,4.330590211727859
3654,3.9464671551882655
3655,3.014927083556975
3656,3.3982465823117325
3657,4.1025338775291225
3658,4.098258489439721
3659,4.098258489439721
3660,4.098258489439721
3661,4.098258489439721
3662,4.098258489439721
3663,3.1727012290891055
3664,5.544070237893518
3665,6.018279503105996
3666,5.206197877819988
3667,5.553131635725376
3668,4.636115996915987
3669,6.070662928752168
3670,5.282433974220243
3671,6.839746242438877
3672,6.549514255572679
3673,5.54986867449481
3674,5.544070237893518
3675,5.544070237893518
3676,5.544070237893518
3677,5.544070237893518
3678,5.544070237893518
3679,7.0259844971956085
3680,5.461163987456824
3681,6.0535323127249425
3682,5.483799070489379
3683,5.461143458917041
3684,7.00191561041882
3685,4.955382543522838
3686,3.7018729711243865
3687,5.086780969236883
3688,6.477578976091872
3689,5.72095309327732
3690,5.461163987456824
3691,5.461163987456824
3692,5.461163987456824
3693,5.461163987456824
3694,5.461163987456824
3695,5.564414106362595
3696,3.7568945728735974
3697,3.596392074621985
3698,4.534446159231046
3699,3.7564553476764067
3700,2.6752455344508994
3701,3.479755363336953
3702,5.023836241449058
3703,4.937018854049558
3704,2.9580358420574813
3705,3.655653131643335
3706,3.7568945728735974
3707,3.7568945728735974
3708,3.7568945728735974
3709,3.7568945728735974
3710,3.7568945728735974
3711,3.567236311350907
3712,5.595942821482779
3713,5.586370826877772
3714,5.605467672369676
3715,5.594798997022436
3716,5.39306013434728
3717,4.766982672388358
3718,5.664212942210686
3719,4.060972171797537
3720,5.915495700136879
3721,5.68075815338384
3722,5.595942821482779
3723,5.595942821482779
3724,5.595942821482779
3725,5.595942821482779
3726,5.595942821482779
3727,3.615411396456172
3728,4.75068138676839
3729,4.983889405088926
3730,4.21182377585613
3731,4.751070059994603
3732,5.066557392569363
3733,5.58989140561603
3734,4.9538053253771785
3735,5.846316628465307
3736,4.12253549760264
3737,4.710163610006515
3738,4.75068138676839
3739,4.75068138676839
3740,4.75068138676839
3741,4.75068138676839
3742,4.75068138676839
3743,5.913035196770005
3744,4.118584667313983
3745,4.104609419673574
3746,4.1202659373973605
3747,4.117355075027137
3748,4.733972142321139
3749,4.707523947706636
3750,3.7659821590537104
3751,3.4344904612709244
3752,4.354375109905848
3753,4.224523125958641
3754,4.118584667313983
3755,4.118584667313983
3756,4.118584667313983
3757,4.118584667313983
3758,4.118584667313983
3759,4.457391893061754
3760,4.745167141506324
3761,5.3245709392477085
3762,6.164142162215301
3763,4.76084266105609
3764,3.979521000063858
3765,3.91574552004224
3766,5.6471015482611095
3767,5.758074975345303
3768,4.4199468381686176
3769,4.654252933301277
3770,4.745167141506324
3771,4.745167141506324
3772,4.745167141506324
3773,4.745167141506324
3774,4.745167141506324
3775,6.363856152954609
3776,3.2789338329584266
3777,3.1146064595069682
3778,4.026008935041509
3779,3.2844885713335468
3780,2.748182575602267
3781,3.315799066970626
3782,3.24639323822067
3783,2.644617443289962
3784,4.587094653754411
3785,3.3731153210174094
3786,3.2789338329584266
3787,3.2789338329584266
3788,3.2789338329584266
3789,3.2789338329584266
3790,3.2789338329584266
3791,3.614826630445683
3792,4.945915738166508
3793,4.841576746452911
3794,4.815145836191392
3795,4.940991273909991
3796,5.684652362617715
3797,4.939752485693929
3798,4.837636933653787
3799,7.3963816473162085
3800,3.9252245498954497
3801,4.85945853671171
3802,4.945915738166508
3803,4.945915738166508
3804,4.945915738166508
3805,4.945915738166508
3806,4.945915738166508
3807,6.605636324539809
3808,4.556218486984275
3809,4.562808453317235
3810,4.563161518688104
3811,4.5558775024032805
3812,5.437262857065113
3813,4.6093519290363645
3814,4.036055647750236
3815,3.3712932325878184
3816,4.403925542157683
3817,4.581880085375592
3818,4.556218486984275
3819,4.556218486984275
3820,4.556218486984275
3821,4.556218486984275
3822,4.556218486984275
3823,3.541467516705618
3824,5.6892604058027185
3825,5.930035657962466
3826,4.922123448811416
3827,5.68927249323105
3828,4.808033932912708
3829,5.7147536950570075
3830,6.147224128388466
3831,7.061737713200344
3832,5.990514559028598
3833,5.593612175908765
3834,5.6892604058027185
3835,5.6892604058027185
3836,5.6892604058027185
3837,5.6892604058027185
3838,5.6892604058027185
3839,5.838864009154926
3840,3.882647063601285
3841,3.848115173695933
3842,4.46002247050086
3843,3.8830542943749022
3844,4.668880288572383
3845,4.197175486014875
3846,2.985689965807238
3847,5.33874058068525
3848,4.032494409724599
3849,3.823127433390122
3850,3.882647063601285
3851,3.882647063601285
3852,3.882647063601285
3853,3.882647063601285
3854,3.882647063601285
3855,6.0370050009507255
3856,4.299072150657264
3857,4.589036728501903
3858,3.9381343076042867
3859,4.2926073217209595
3860,3.410304961051151
3861,4.996363622083009
3862,5.401979115755183
3863,3.586039174206777
3864,4.169480145420133
3865,4.337085139357017
3866,4.299072150657264
3867,4.299072150657264
3868,4.299072150657264
3869,4.299072150657264
3870,4.299072150657264
3871,3.7555026889626366
3872,3.004686296778557
3873,3.411833809458826
3874,3.1231284875441214
3875,3.004693075289232
3876,3.956755532011668
3877,2.8380605881640104
3878,2.415292588964197
3879,3.353530031270333
3880,3.1545862362015114
3881,2.9616005261544127
3882,3.004686296778557
3883,3.004686296778557
3884,3.004686296778557
3885,3.004686296778557
3886,3.004686296778557
3887,4.433680516877762
3888,8.527411008579191
3889,7.418596551727254
3890,7.70584431217862
3891,8.534338938809746
3892,6.581659511983478
3893,8.177097900865544
3894,9.174328802362833
3895,6.388788105958321
3896,8.808681692766553
3897,8.841506209824654
3898,8.527411008579191
3899,8.527411008579191
3900,8.527411008579191
3901,8.527411008579191
3902,8.527411008579191
3903,4.758589216311067
3904,5.754084426515421
3905,5.350812134038124
3906,5.557686428816333
3907,5.755752953135695
3908,4.419136641180484
3909,6.272440585039198
3910,4.749878930403418
3911,7.437221966526725
3912,6.646445942962326
3913,5.618347359268344
3914,5.754084426515421
3915,5.754084426515421
3916,5.754084426515421
3917,5.754084426515421
3918,5.754084426515421
3919,5.259882983017221
3920,4.017850904820027
3921,4.466934320447456
3922,4.009919039561906
3923,4.0153610280662795
3924,5.506923989682349
3925,3.144084926152857
3926,5.210608264074472
3927,2.725837671051447
3928,3.437614113474672
3929,4.1120602388333225
3930,4.017850904820027
3931,4.017850904820027
3932,4.017850904820027
3933,4.017850904820027
3934,4.017850904820027
3935,3.5794260893098535
3936,3.8738774480816596
3937,3.985269806720714
3938,3.875833734096982
3939,3.8742002395810564
3940,2.7500389352153345
3941,3.636004109717241
3942,3.5535611555446276
3943,5.359961998098603
3944,3.0823428401895097
3945,3.8365780733508195
3946,3.8738774480816596
3947,3.8738774480816596
3948,3.8738774480816596
3949,3.8738774480816596
3950,3.8738774480816596
3951,2.6614135246801487
3952,4.837858261627415
3953,4.7198828887733235
3954,4.557369969289373
3955,4.84807516043693
3956,6.810190065205536
3957,6.596576349268331
3958,5.469643964377114
3959,4.151476551540774
3960,5.698241946687109
3961,4.892131078839662
3962,4.837858261627415
3963,4.837858261627415
3964,4.837858261627415
3965,4.837858261627415
3966,4.837858261627415
3967,9.828074561253638
3968,3.498172221550669
3969,3.7599223048337627
3970,3.4779660753092183
3971,3.495786948213759
3972,3.892178015035103
3973,3.394518471571992
3974,2.686786692397219
3975,4.665106538591019
3976,3.8567462103083288
3977,3.371414662469404
3978,3.498172221550669
3979,3.498172221550669
3980,3.498172221550669
3981,3.498172221550669
3982,3.498172221550669
3983,4.363135696505359
3984,6.715026547505594
3985,6.732884778584932
3986,6.904130468349493
3987,6.71734546228535
3988,5.922511877745419
3989,6.553326700507256
3990,8.333071725510537
3991,4.672050076788017
3992,5.777154794956047
3993,6.937716605341046
3994,6.715026547505594
3995,6.715026547505594
3996,6.715026547505594
3997,6.715026547505594
3998,6.715026547505594
3999,4.5906826191488515
4000,2.6962582144666456
4001,2.6957440847642613
4002,2.7058390892248885
4003,2.6963222374252322
4004,2.5551343217007525
4005,2.6470504670724853
4006,3.001161723235846
4007,3.5215859798815257
4008,2.9357573262240666
4009,2.673966956835501
4010,2.6962582144666456
4011,2.6962582144666456
4012,2.6962582144666456
4013,2.6962582144666456
4014,2.6962582144666456
4015,3.9402492813123096
4016,9.718715741773007
4017,8.786776462593512
4018,11.465481197392892
4019,9.721000846788572
4020,10.747844224026526
4021,9.31351718008755
4022,8.793345112275437
4023,7.731987820006029
4024,8.500535051566017
4025,9.613505545546351
4026,9.718715741773007
4027,9.718715741773007
4028,9.718715741773007
4029,9.718715741773007
4030,9.718715741773007
4031,6.6847187392029355
4032,5.172400895290449
4033,4.643547171131294
4034,6.5979405498827335
4035,5.178177596890076
4036,6.0819071912624825
4037,4.254844704219041
4038,4.309361626650076
4039,7.1010419101429365
4040,4.70534941293573
4041,5.192507145966579
4042,5.172400895290449
4043,5.172400895290449
4044,5.172400895290449
4045,5.172400895290449
4046,5.172400895290449
4047,5.361616545274454
4048,4.358405811071812
4049,4.35852297712868
4050,3.5857849637798815
4051,4.354958837621867
4052,3.341367508452461
4053,5.292033135740559
4054,5.5963576268800805
4055,3.6583894237950645
4056,5.1307167585387115
4057,4.383052406199484
4058,4.358405811071812
4059,4.358405811071812
4060,4.358405811071812
4061,4.358405811071812
4062,4.358405811071812
4063,4.0451101538268395
4064,2.882655792298735
4065,2.887612368863617
4066,2.8611390110834725
4067,2.8820066939687012
4068,2.603760870852458
4069,2.982605162777707
4070,3.6246446510550845
4071,3.341205034139399
4072,3.5116619338124457
4073,2.7819062987675505
4074,2.882655792298735
4075,2.882655792298735
4076,2.882655792298735
4077,2.882655792298735
4078,2.882655792298735
4079,5.0245413561041135
4080,6.7547643279144225
4081,7.147311929424707
4082,5.937734756493995
4083,6.735207242056918
4084,7.932090847375713
4085,5.742362087178155
4086,6.339782947707778
4087,5.245699631004648
4088,5.258103000366418
4089,7.029004192498868
4090,6.7547643279144225
4091,6.7547643279144225
4092,6.7547643279144225
4093,6.7547643279144225
4094,6.7547643279144225
4095,3.701222192191278
4096,5.601630707193785
4097,5.752587551187636
4098,6.294860495733659
4099,5.607441985444628
4100,4.074360474909567
4101,5.071593706567551
4102,6.222905687596394
4103,6.392318704139848
4104,5.6988994200014265
4105,5.603807656604773
4106,5.601630707193785
4107,5.601630707193785
4108,5.601630707193785
4109,5.601630707193785
4110,5.601630707193785
4111,5.4909054102233705
4112,5.104434527410097
4113,5.055754222347244
4114,4.885469878161877
4115,5.104090018269395
4116,6.467179527659906
4117,4.844750181747662
4118,4.375801024594183
4119,4.029015057939731
4120,4.9579160526722905
4121,5.1043449212844685
4122,5.104434527410097
4123,5.104434527410097
4124,5.104434527410097
4125,5.104434527410097
4126,5.104434527410097
4127,3.871063276072778
4128,4.097905729607585
4129,4.090784778357133
4130,5.14276139376812
4131,4.097916646778085
4132,3.505228448892166
4133,4.102141461593025
4134,4.128326301933037
4135,6.596403899046001
4136,4.05112513854586
4137,4.029620528549463
4138,4.097905729607585
4139,4.097905729607585
4140,4.097905729607585
4141,4.097905729607585
4142,4.097905729607585
4143,6.566628995729519
4144,6.17697179413833
4145,5.076878919233341
4146,4.328973647604776
4147,6.1812829064414725
4148,7.989159022370142
4149,6.346274247112734
4150,6.1424474137031435
4151,4.686309410222494
4152,5.897259660872024
4153,6.217886380096492
4154,6.17697179413833
4155,6.17697179413833
4156,6.17697179413833
4157,6.17697179413833
4158,6.17697179413833
4159,3.6933967074573784
4160,2.4954207311615644
4161,2.4291005284075107
4162,2.5454994027925446
4163,2.4974583622719972
4164,3.490113503897598
4165,2.158795099086758
4166,2.947789466337753
4167,2.991571288021685
4168,2.8844044655466012
4169,2.4754914132331884
4170,2.4954207311615644
4171,2.4954207311615644
4172,2.4954207311615644
4173,2.4954207311615644
4174,2.4954207311615644
4175,4.637428479581485
4176,6.687869772026428
4177,6.743135403220956
4178,6.32917648861426
4179,6.681291024525935
4180,4.683589273603612
4181,7.562465227723548
4182,6.403896624961874
4183,6.29132588397485
4184,5.800194113328036
4185,6.788495687504534
4186,6.687869772026428
4187,6.687869772026428
4188,6.687869772026428
4189,6.687869772026428
4190,6.687869772026428
4191,3.9783098862260418
4192,3.7727170173897067
4193,3.7748527893820496
4194,3.8129631003511606
4195,3.7727728437689696
4196,5.030067822068313
4197,4.465904799726587
4198,3.8375315169628443
4199,4.673532811003002
4200,3.216910202607429
4201,3.7595469279032336
4202,3.7727170173897067
4203,3.7727170173897067
4204,3.7727170173897067
4205,3.7727170173897067
4206,3.7727170173897067
4207,6.409194073864368
4208,5.48547521066852
4209,6.277832855561522
4210,5.499395430153794
4211,5.483760182827309
4212,4.229512803659506
4213,4.822233345938545
4214,5.93845273605795
4215,3.4934742516169823
4216,7.115157578504857
4217,5.474736895371342
4218,5.48547521066852
4219,5.48547521066852
4220,5.48547521066852
4221,5.48547521066852
4222,5.48547521066852
4223,3.76188405260087
4224,3.080700318465548
4225,3.08470062873259
4226,3.081024786327417
4227,3.0807934591806414
4228,2.5805148737616594
4229,3.079324935684307
4230,4.270212184574616
4231,3.6948569260728137
4232,3.6170344946238484
4233,3.0103327689856885
4234,3.080700318465548
4235,3.080700318465548
4236,3.080700318465548
4237,3.080700318465548
4238,3.080700318465548
4239,4.566468272213948
4240,6.652854163760418
4241,7.910574601591238
4242,5.7659381979334885
4243,6.642783607102462
4244,8.121039628304219
4245,5.833708212418889
4246,4.3395412386982715
4247,6.252461551343054
4248,5.929433182298396
4249,6.857165553350674
4250,6.652854163760418
4251,6.652854163760418
4252,6.652854163760418
4253,6.652854163760418
4254,6.652854163760418
4255,3.910693218460718
4256,4.652251323062782
4257,5.108067111057162
4258,4.630535208158086
4259,4.655336523561362
4260,5.290159819816147
4261,5.495689633129095
4262,4.560800212668147
4263,6.355841937623734
4264,5.270814819663298
4265,4.79069649853939
4266,4.652251323062782
4267,4.652251323062782
4268,4.652251323062782
4269,4.652251323062782
4270,4.652251323062782
4271,10.449343949556635
4272,4.360414113869692
4273,3.9571963396302086
4274,4.306987450854692
4275,4.35340940138378
4276,3.729758553920392
4277,4.99315160240118
4278,4.179782858080461
4279,3.11647830838224
4280,3.9468988147155892
4281,4.34991888597232
4282,4.360414113869692
4283,4.360414113869692
4284,4.360414113869692
4285,4.360414113869692
4286,4.360414113869692
4287,2.3438143698174225
4288,3.2936185283510855
4289,3.080174495189058
4290,3.652350536974591
4291,3.287187491946505
4292,2.8244837118688575
4293,4.1263835344671325
4294,4.893428129108029
4295,3.7099711023208988
4296,2.8392787699549893
4297,3.313755994616366
4298,3.2936185283510855
4299,3.2936185283510855
4300,3.2936185283510855
4301,3.2936185283510855
4302,3.2936185283510855
4303,4.838453187812099
4304,6.677357112394928
4305,7.623046736027372
4306,6.425202122598243
4307,6.68230986049471
4308,7.606523611889556
4309,5.954908438599726
4310,4.897626826257174
4311,4.965179184352256
4312,7.305068824005497
4313,6.595362615499046
4314,6.677357112394928
4315,6.677357112394928
4316,6.677357112394928
4317,6.677357112394928
4318,6.677357112394928
4319,4.079019130911993
4320,3.040046597793295
4321,3.0802345760286696
4322,3.5662730727379315
4323,3.0399436599944294
4324,3.3014482307194446
4325,2.6264216797580358
4326,3.0061752831471202
4327,4.557239168087398
4328,3.8887404351124433
4329,2.978826143204141
4330,3.040046597793295
4331,3.040046597793295
4332,3.040046597793295
4333,3.040046597793295
4334,3.040046597793295
4335,6.500016506144936
4336,7.025660640061038
4337,6.484009584864749
4338,6.076410351027508
4339,7.0351959232648955
4340,6.6861134884100775
4341,8.157680671878767
4342,7.257033639203437
4343,5.059666404242182
4344,5.144693201690576
4345,7.165775899654242
4346,7.025660640061038
4347,7.025660640061038
4348,7.025660640061038
4349,7.025660640061038
4350,7.025660640061038
4351,3.5734733984719442
4352,4.731775707742298
4353,4.741049741574081
4354,5.286701945313591
4355,4.730288241254345
4356,6.745956660402573
4357,4.2452618958811685
4358,4.473886133360743
4359,3.9356999905299035
4360,4.6207258341326165
4361,4.862685292983175
4362,4.731775707742298
4363,4.731775707742298
4364,4.731775707742298
4365,4.731775707742298
4366,4.731775707742298
4367,5.175260226992411
4368,4.065846018163718
4369,4.24044538457498
4370,3.8749860374174396
4371,4.067228346687438
4372,2.8226636479581484
4373,4.882434876237449
4374,4.812389438846683
4375,4.333817354244143
4376,4.0367203041563435
4377,3.996422931436863
4378,4.065846018163718
4379,4.065846018163718
4380,4.065846018163718
4381,4.065846018163718
4382,4.065846018163718
4383,3.898872329281273
4384,3.5885059787630684
4385,3.5477530458190794
4386,4.535020752128699
4387,3.5892030834709665
4388,4.984931534329759
4389,3.975442454910043
4390,4.693711234811544
4391,2.850228685055656
4392,3.361712726755901
4393,3.559732524686728
4394,3.5885059787630684
4395,3.5885059787630684
4396,3.5885059787630684
4397,3.5885059787630684
4398,3.5885059787630684
4399,6.406706560266264
4400,5.998411183072327
4401,5.5668981709789085
4402,5.69937636833701
4403,6.000663680080968
4404,4.521872477233684
4405,4.618756456344627
4406,4.672261259121027
4407,8.930100899517736
4408,6.081403041294887
4409,6.109765992106482
4410,5.998411183072327
4411,5.998411183072327
4412,5.998411183072327
4413,5.998411183072327
4414,5.998411183072327
4415,3.7670289351458264
4416,8.171112783106773
4417,8.84635081551571
4418,7.818682452091441
4419,8.160635552629403
4420,6.215857872326871
4421,8.685936085296023
4422,7.069448842104484
4423,7.330199595012974
4424,6.9180512883538725
4425,8.094208483429442
4426,8.171112783106773
4427,8.171112783106773
4428,8.171112783106773
4429,8.171112783106773
4430,8.171112783106773
4431,4.38266636477811
4432,2.3931664696289134
4433,2.3819433088454125
4434,2.495612260959005
4435,2.392882629875679
4436,3.2024468398070103
4437,2.503356729755113
4438,2.6802374664842814
4439,3.0977673726189305
4440,2.9207936774734087
4441,2.421001273377824
4442,2.3931664696289134
4443,2.3931664696289134
4444,2.3931664696289134
4445,2.3931664696289134
4446,2.3931664696289134
4447,6.284013901299438
4448,4.595424547739962
4449,4.584697468546315
4450,4.612047102618997
4451,4.59447527271662
4452,3.581707743313048
4453,4.594409231846485
4454,5.601140945730014
4455,2.8280815408212425
4456,5.544957363479475
4457,4.661295248770898
4458,4.595424547739962
4459,4.595424547739962
4460,4.595424547739962
4461,4.595424547739962
4462,4.595424547739962
4463,3.242321671215659
4464,6.469075080991662
4465,6.6195306886785215
4466,5.07543854500935
4467,6.464376830533399
4468,7.969905061945259
4469,6.219486565507435
4470,5.059480439933654
4471,8.715873379528052
4472,5.276730385829826
4473,6.249791230487607
4474,6.469075080991662
4475,6.469075080991662
4476,6.469075080991662
4477,6.469075080991662
4478,6.469075080991662
4479,5.1019369581278955
4480,3.623885499176112
4481,3.569471917360971
4482,3.618710160364619
4483,3.625762804302237
4484,4.178033266313279
4485,4.8295653790718465
4486,4.134107525479837
4487,3.1477447445775066
4488,4.0576603040707715
4489,3.6125538258573147
4490,3.623885499176112
4491,3.623885499176112
4492,3.623885499176112
4493,3.623885499176112
4494,3.623885499176112
4495,5.954621248717106
4496,3.614782595448736
4497,3.922944020268739
4498,3.9994736651718568
4499,3.6138526540581397
4500,3.318999104294795
4501,3.501281000518491
4502,3.11766741979145
4503,4.546401864717674
4504,3.478907273997289
4505,3.576389914396224
4506,3.614782595448736
4507,3.614782595448736
4508,3.614782595448736
4509,3.614782595448736
4510,3.614782595448736
4511,4.282441408009767
4512,4.2385193483689125
4513,4.328014621177329
4514,4.231447551252914
4515,4.23853797451235
4516,3.189400819348493
4517,3.59362896453024
4518,5.583262048592624
4519,2.7824130330886336
4520,4.5336623619034535
4521,4.280984562700498
4522,4.2385193483689125
4523,4.2385193483689125
4524,4.2385193483689125
4525,4.2385193483689125
4526,4.2385193483689125
4527,2.442327800917425
4528,6.678470356116539
4529,5.702043453967992
4530,5.787064836829837
4531,6.670174016161491
4532,7.985628972255229
4533,7.027783596310612
4534,5.174666455046209
4535,9.653301929706725
4536,6.295817361314273
4537,6.609921502684723
4538,6.678470356116539
4539,6.678470356116539
4540,6.678470356116539
4541,6.678470356116539
4542,6.678470356116539
4543,6.788495488534185
4544,5.4755119115651
4545,5.054617976291286
4546,6.305654375324011
4547,5.474216975080511
4548,6.125165988306172
4549,5.2987830516661045
4550,5.718452478688816
4551,4.454799764778098
4552,7.040096462915456
4553,5.53492605721767
4554,5.4755119115651
4555,5.4755119115651
4556,5.4755119115651
4557,5.4755119115651
4558,5.4755119115651
4559,6.261350332365854
4560,6.120411129056822
4561,6.27070415967433
4562,4.939121916062167
4563,6.131142308024519
4564,5.698678366594484
4565,5.666371256740335
4566,5.13456393260672
4567,6.615827047556956
4568,4.296784490282727
4569,6.007890680227687
4570,6.120411129056822
4571,6.120411129056822
4572,6.120411129056822
4573,6.120411129056822
4574,6.120411129056822
4575,2.8002594680183943
4576,5.60154557324283
4577,6.752716364075503
4578,6.523507688889446
4579,5.597634965260092
4580,5.023128659635328
4581,5.872799793865668
4582,6.7954564174806125
4583,4.338114264328105
4584,5.235341464271206
4585,5.605020476953731
4586,5.60154557324283
4587,5.60154557324283
4588,5.60154557324283
4589,5.60154557324283
4590,5.60154557324283
4591,7.724245984716258
4592,3.6177016442462047
4593,3.287687147866875
4594,3.3027969930356043
4595,3.625536864006976
4596,3.963833485152563
4597,3.699079450222263
4598,2.7992344810715855
4599,5.089500405099402
4600,3.823988853611902
4601,3.6385647160606656
4602,3.6177016442462047
4603,3.6177016442462047
4604,3.6177016442462047
4605,3.6177016442462047
4606,3.6177016442462047
4607,4.0887424612574605
4608,5.357262482871204
4609,5.170934516479753
4610,5.9171646488656044
4611,5.364079748832771
4612,4.241134431328354
4613,5.004797036669935
4614,4.339299897538837
4615,6.250221091648668
4616,5.520758002170913
4617,5.337577446899914
4618,5.357262482871204
4619,5.357262482871204
4620,5.357262482871204
4621,5.357262482871204
4622,5.357262482871204
4623,3.886125419994129
4624,3.211509531199668
4625,3.5104332419741158
4626,2.7890044293601193
4627,3.204844544460239
4628,3.801861287621698
4629,2.9904958619102975
4630,4.282346062958457
4631,3.2272558430003064
4632,3.2944572080224472
4633,3.263475590850479
4634,3.211509531199668
4635,3.211509531199668
4636,3.211509531199668
4637,3.211509531199668
4638,3.211509531199668
4639,4.396958551606246
4640,3.6881636719300555
4641,4.023003392832714
4642,4.32288580702223
4643,3.6883693197086598
4644,4.3490035603067785
4645,3.9733046216021575
4646,3.343004260255548
4647,3.510753677361186
4648,3.8468911259659877
4649,3.683770619262085
4650,3.6881636719300555
4651,3.6881636719300555
4652,3.6881636719300555
4653,3.6881636719300555
4654,3.6881636719300555
4655,6.354760110908379
4656,6.226678712322961
4657,4.893596420332145
4658,5.487973215570908
4659,6.218167793474536
4660,5.603011531041611
4661,7.0109823502174775
4662,7.275386540065327
4663,5.96096820518859
4664,6.140151101728244
4665,6.238134179019634
4666,6.226678712322961
4667,6.226678712322961
4668,6.226678712322961
4669,6.226678712322961
4670,6.226678712322961
4671,5.131111757553947
4672,10.653789317110073
4673,9.69438940254878
4674,10.60869340985239
4675,10.655241703726482
4676,9.277377525696881
4677,9.785940621900904
4678,8.729465283342874
4679,10.064484726189914
4680,8.42379392074149
4681,10.646989526859358
4682,10.653789317110073
4683,10.653789317110073
4684,10.653789317110073
4685,10.653789317110073
4686,10.653789317110073
4687,4.88039359194163
4688,2.12148256690148
4689,2.268094857787964
4690,2.3190580788923203
4691,2.1217396691719883
4692,2.493584868493257
4693,2.592617493445876
4694,2.633161624614315
4695,2.0200768299416403
4696,2.511609429961477
4697,2.1175580177601248
4698,2.12148256690148
4699,2.12148256690148
4700,2.12148256690148
4701,2.12148256690148
4702,2.12148256690148
4703,5.7699991314210894
4704,4.95811710972814
4705,5.009640932959484
4706,4.9469270420709055
4707,4.960170950884235
4708,5.232279217146146
4709,5.278140959839374
4710,4.288600798080171
4711,4.753423645367518
4712,5.564503257669801
4713,4.858548517722423
4714,4.95811710972814
4715,4.95811710972814
4716,4.95811710972814
4717,4.95811710972814
4718,4.95811710972814
4719,5.193278785714624
4720,5.541723954438858
4721,5.4120618670809275
4722,4.809623492300239
4723,5.554583909446797
4724,5.209400726748598
4725,4.064554636025548
4726,5.904051823751421
4727,6.018408477133187
4728,4.678376098204645
4729,5.572307937824589
4730,5.541723954438858
4731,5.541723954438858
4732,5.541723954438858
4733,5.541723954438858
4734,5.541723954438858
4735,3.3760136682031963
4736,5.048527054889941
4737,5.759962576902953
4738,4.961996628982874
4739,5.046228792236398
4740,6.491223277337457
4741,5.012281356946687
4742,3.8424905538443395
4743,4.547830823713977
4744,4.687852416070213
4745,5.109659319176556
4746,5.048527054889941
4747,5.048527054889941
4748,5.048527054889941
4749,5.048527054889941
4750,5.048527054889941
4751,4.485334348980294
4752,4.557199833260915
4753,4.579018618742565
4754,4.808727636957172
4755,4.558739993299463
4756,3.529009363128675
4757,4.524943396638715
4758,5.763566898938347
4759,4.267463108414622
4760,4.880161761410377
4761,4.508278885155927
4762,4.557199833260915
4763,4.557199833260915
4764,4.557199833260915
4765,4.557199833260915
4766,4.557199833260915
4767,4.673852660619083
4768,3.256977850522449
4769,3.2637575170555864
4770,3.2646007021762506
4771,3.2570287411360535
4772,4.484565282259269
4773,3.220406408790541
4774,3.760679578528119
4775,3.365000586343358
4776,2.9739207380628923
4777,3.1903129547031637
4778,3.256977850522449
4779,3.256977850522449
4780,3.256977850522449
4781,3.256977850522449
4782,3.256977850522449
4783,4.747335368847854
4784,6.877647844765634
4785,6.273466530537552
4786,5.055501394498768
4787,6.870877693192983
4788,4.962917262420744
4789,6.814539567778706
4790,6.376968090002112
4791,7.8668989003150855
4792,6.9654441375646705
4793,7.037843686552478
4794,6.877647844765634
4795,6.877647844765634
4796,6.877647844765634
4797,6.877647844765634
4798,6.877647844765634
4799,3.8262165358851488
4800,4.745491278647803
4801,4.584045680273928
4802,5.51834412660885
4803,4.745155870151979
4804,3.764867899500652
4805,5.49948759566309
4806,3.64182358781797
4807,5.54337092207506
4808,5.191125799257557
4809,4.620747780271997
4810,4.745491278647803
4811,4.745491278647803
4812,4.745491278647803
4813,4.745491278647803
4814,4.745491278647803
4815,4.483609679750082
4816,3.8782900456316103
4817,3.873892564953283
4818,3.5015475834900944
4819,3.878224616759235
4820,4.55188974366251
4821,3.3804571892702127
4822,4.587040927750387
4823,3.9029245689728924
4824,3.5663150025071166
4825,3.958885017792914
4826,3.8782900456316103
4827,3.8782900456316103
4828,3.8782900456316103
4829,3.8782900456316103
4830,3.8782900456316103
4831,4.139233798951725
4832,6.416714230610894
4833,6.411319488418387
4834,8.185670787719397
4835,6.41806357607201
4836,5.083623057773285
4837,5.495224309594009
4838,6.923987298656928
4839,5.879029989342666
4840,4.943631043298547
4841,6.5707903619588715
4842,6.416714230610894
4843,6.416714230610894
4844,6.416714230610894
4845,6.416714230610894
4846,6.416714230610894
4847,4.058324110306998
4848,3.753409369475316
4849,3.8823367550806798
4850,3.69350652815748
4851,3.749525266083902
4852,5.063708328438069
4853,4.5636053800046215
4854,3.1440480879893924
4855,3.49525286542974
4856,5.275891667116794
4857,3.7377544904545643
4858,3.753409369475316
4859,3.753409369475316
4860,3.753409369475316
4861,3.753409369475316
4862,3.753409369475316
4863,6.932221461066346
4864,4.514989430060303
4865,4.357058784913183
4866,4.881422080652103
4867,4.515033132106253
4868,5.064961050689518
4869,4.160545281673248
4870,4.400229069433414
4871,4.794879133554162
4872,4.5406922327443136
4873,4.479723593967737
4874,4.514989430060303
4875,4.514989430060303
4876,4.514989430060303
4877,4.514989430060303
4878,4.514989430060303
4879,4.825595142061073
4880,3.493878843981259
4881,4.033306799532944
4882,3.557165078935628
4883,3.4939882041493955
4884,3.198889020935209
4885,4.242683784906875
4886,3.549594304645704
4887,3.7922026120240337
4888,3.6479170291770497
4889,3.558110765634282
4890,3.493878843981259
4891,3.493878843981259
4892,3.493878843981259
4893,3.493878843981259
4894,3.493878843981259
4895,5.09865840323238
4896,5.316730276706325
4897,5.324273702382681
4898,6.271710837563668
4899,5.3154938858600405
4900,4.266886740743018
4901,5.6211812935832945
4902,3.598452330924374
4903,5.469016222675891
4904,5.246549871730074
4905,5.418333152377705
4906,5.316730276706325
4907,5.316730276706325
4908,5.316730276706325
4909,5.316730276706325
4910,5.316730276706325
4911,3.9328018426349263
4912,4.834944377421591
4913,4.009961682005993
4914,4.042734461834412
4915,4.821023477807876
4916,6.225097680334635
4917,3.6435008471308024
4918,6.824996498404493
4919,4.350774168086931
4920,4.965952916851407
4921,4.673394829848001
4922,4.834944377421591
4923,4.834944377421591
4924,4.834944377421591
4925,4.834944377421591
4926,4.834944377421591
4927,4.767723928295743
4928,3.559032289769888
4929,3.406201169699842
4930,3.6616920050229536
4931,3.554045682359158
4932,4.033805778469284
4933,3.1482258704928103
4934,3.768412081726938
4935,3.182005690317615
4936,4.209950985388985
4937,3.644113894837976
4938,3.559032289769888
4939,3.559032289769888
4940,3.559032289769888
4941,3.559032289769888
4942,3.559032289769888
4943,3.9605344509309766
4944,8.904117219257396
4945,10.452769651335991
4946,7.939729922584041
4947,8.93048609102764
4948,8.416561920323227
4949,7.941886634478489
4950,9.218107274987009
4951,8.976167498552826
4952,6.770521253424894
4953,8.728584137490332
4954,8.904117219257396
4955,8.904117219257396
4956,8.904117219257396
4957,8.904117219257396
4958,8.904117219257396
4959,5.953927691991314
4960,4.538295987643589
4961,4.865243610453592
4962,4.551118894359185
4963,4.538076619001717
4964,3.9013288714298415
4965,4.721789149228344
4966,3.4345722662073346
4967,4.634463643300192
4968,3.828508641804481
4969,4.501173088469145
4970,4.538295987643589
4971,4.538295987643589
4972,4.538295987643589
4973,4.538295987643589
4974,4.538295987643589
4975,2.698098508062842
4976,3.521535220685095
4977,3.358309959769394
4978,3.4557788926346524
4979,3.5237405260717494
4980,3.78455231134991
4981,3.746045431575055
4982,5.3691652974718815
4983,3.592191122167181
4984,4.196846799166963
4985,3.5677280575260193
4986,3.521535220685095
4987,3.521535220685095
4988,3.521535220685095
4989,3.521535220685095
4990,3.521535220685095
4991,7.052187582988114
4992,3.3710813872791467
4993,3.3679735828643746
4994,3.3733254363999867
4995,3.371046486352971
4996,2.873291903763252
4997,3.8755045084249513
4998,3.1538031933002135
4999,3.047767341367894
5000,2.983445414142531
5001,3.409273060370478
5002,3.3710813872791467
5003,3.3710813872791467
5004,3.3710813872791467
5005,3.3710813872791467
5006,3.3710813872791467
5007,2.461055265627515
5008,6.981319766445965
5009,7.147468918786029
5010,6.702045210944231
5011,6.981048962236239
5012,8.526899518585205
5013,5.999315511315207
5014,6.942949427961438
5015,6.94564878403305
5016,7.823178626838841
5017,6.881266169498338
5018,6.981319766445965
5019,6.981319766445965
5020,6.981319766445965
5021,6.981319766445965
5022,6.981319766445965
5023,7.829840268616199
5024,5.168723580288854
5025,5.141870964543593
5026,5.118724487062528
5027,5.1664012411381055
5028,3.88465253921748
5029,4.419716737313113
5030,4.312021782525891
5031,5.701896480372663
5032,4.587355489892187
5033,5.187382371010406
5034,5.168723580288854
5035,5.168723580288854
5036,5.168723580288854
5037,5.168723580288854
5038,5.168723580288854
5039,2.7403103989683313
5040,3.862741640350173
5041,3.97386313285817
5042,3.862599897441804
5043,3.8674830976273284
5044,4.7670281207742935
5045,4.706668359139201
5046,4.221784166852492
5047,4.389813071743431
5048,4.135879368862327
5049,3.891412318312865
5050,3.862741640350173
5051,3.862741640350173
5052,3.862741640350173
5053,3.862741640350173
5054,3.862741640350173
5055,8.113654912131404
5056,3.383670249641353
5057,3.130381991329064
5058,3.8481880847890118
5059,3.3906390284969463
5060,4.303334878995358
5061,3.4688491269323034
5062,3.496629355051113
5063,3.515685653903417
5064,2.711251674797651
5065,3.361160153348018
5066,3.383670249641353
5067,3.383670249641353
5068,3.383670249641353
5069,3.383670249641353
5070,3.383670249641353
5071,3.8422626319507374
5072,6.433580953507933
5073,6.061740414865646
5074,5.80993322089818
5075,6.428263625112681
5076,5.0953516670825945
5077,6.775964590413417
5078,6.501533005717536
5079,6.73110937446448
5080,8.374990541562484
5081,6.337507137932545
5082,6.433580953507933
5083,6.433580953507933
5084,6.433580953507933
5085,6.433580953507933
5086,6.433580953507933
5087,6.272106248590803
5088,3.2684479157099497
5089,3.287730654348844
5090,4.075081664369365
5091,3.268623001683219
5092,4.511252463272393
5093,3.323846009543001
5094,3.0201251036040726
5095,3.1597212320165293
5096,3.7083886573378866
5097,3.290238273798241
5098,3.2684479157099497
5099,3.2684479157099497
5100,3.2684479157099497
5101,3.2684479157099497
5102,3.2684479157099497
5103,6.370876089944317
5104,6.328096881392782
5105,6.2648805014878866
5106,5.259632654166419
5107,6.330320165573792
5108,4.715758836520408
5109,6.521804277191694
5110,7.25566489264871
5111,5.290554194582265
5112,5.846815974744737
5113,6.231615690001537
5114,6.328096881392782
5115,6.328096881392782
5116,6.328096881392782
5117,6.328096881392782
5118,6.328096881392782
5119,3.5475398691802478
5120,3.731740451321556
5121,3.693136771424208
5122,3.7478005912500825
5123,3.731621769827394
5124,4.132085143983223
5125,4.184554914176378
5126,4.042027128123912
5127,2.7043767561398506
5128,3.0948014886914517
5129,3.6285451856537403
5130,3.731740451321556
5131,3.731740451321556
5132,3.731740451321556
5133,3.731740451321556
5134,3.731740451321556
5135,2.8752626252363553
5136,5.813678989336649
5137,6.567302830016195
5138,5.427101598710268
5139,5.810606273269785
5140,5.035336710842065
5141,4.83582672978005
5142,5.749940443162744
5143,6.378673464720746
5144,7.39796564578579
5145,6.065584694878445
5146,5.813678989336649
5147,5.813678989336649
5148,5.813678989336649
5149,5.813678989336649
5150,5.813678989336649
5151,6.109622190375129
5152,3.865266877222793
5153,4.010211566460811
5154,3.898240691310487
5155,3.86746537753822
5156,3.1323896175878674
5157,3.519743971963228
5158,3.648485193919527
5159,3.280405064838209
5160,4.71110839117136
5161,3.861107685085787
5162,3.865266877222793
5163,3.865266877222793
5164,3.865266877222793
5165,3.865266877222793
5166,3.865266877222793
5167,2.905563836093493
5168,4.311956519396412
5169,3.5806789209895733
5170,6.466111629639405
5171,4.303596635932518
5172,5.319829279634113
5173,5.612623112199499
5174,4.7427845499434005
5175,5.980788516962414
5176,3.7368069408876075
5177,4.319225774300764
5178,4.311956519396412
5179,4.311956519396412
5180,4.311956519396412
5181,4.311956519396412
5182,4.311956519396412
5183,9.125860272608854
5184,3.7430581610950013
5185,3.620721630883449
5186,4.276775162217823
5187,3.736221682493879
5188,3.9045611143496375
5189,4.107593626087275
5190,3.3155389905056727
5191,3.1546252028590303
5192,3.8059315626590973
5193,3.740779574167357
5194,3.7430581610950013
5195,3.7430581610950013
5196,3.7430581610950013
5197,3.7430581610950013
5198,3.7430581610950013
5199,3.177641928217548
5200,4.896184210572444
5201,6.216928956482809
5202,4.609351526418563
5203,4.903059630546269
5204,4.449740900313835
5205,5.69943168155248
5206,4.916031068946544
5207,6.723621427883822
5208,4.666396684889556
5209,4.881579408349964
5210,4.896184210572444
5211,4.896184210572444
5212,4.896184210572444
5213,4.896184210572444
5214,4.896184210572444
5215,7.408808368906147
5216,8.530564342768931
5217,8.761731550887633
5218,8.763709087616485
5219,8.530093138701801
5220,7.786028229287127
5221,7.399588873639841
5222,7.054301419780416
5223,5.914376697201558
5224,8.442024235317534
5225,8.107354204565974
5226,8.530564342768931
5227,8.530564342768931
5228,8.530564342768931
5229,8.530564342768931
5230,8.530564342768931
5231,3.8711422791696837
5232,3.58276665437549
5233,3.3576177216480634
5234,2.892952904829617
5235,3.5882406660851864
5236,4.286516505553591
5237,3.201279172201905
5238,4.081428980920737
5239,4.709261657357172
5240,3.420092606275978
5241,3.6837036876833786
5242,3.58276665437549
5243,3.58276665437549
5244,3.58276665437549
5245,3.58276665437549
5246,3.58276665437549
5247,4.710115242779211
5248,3.750600394521965
5249,3.9720909996090557
5250,4.386332812032979
5251,3.751108842947015
5252,5.1787201528818
5253,3.2891258408893416
5254,4.1545709920871206
5255,3.0885534628523654
5256,4.546958468287597
5257,3.6843419339110794
5258,3.750600394521965
5259,3.750600394521965
5260,3.750600394521965
5261,3.750600394521965
5262,3.750600394521965
5263,6.4379987708608
5264,4.508114701836978
5265,4.514363850957951
5266,4.448874349258956
5267,4.507744683087901
5268,3.156308375796542
5269,5.438257442551422
5270,4.608227116391779
5271,6.004085446342985
5272,3.4273630788729132
5273,4.539004503345243
5274,4.508114701836978
5275,4.508114701836978
5276,4.508114701836978
5277,4.508114701836978
5278,4.508114701836978
5279,3.8683622616875777
5280,4.425073395879774
5281,4.436185847406526
5282,4.504955607540267
5283,4.425767823696489
5284,6.037453831319061
5285,4.8111838794711685
5286,3.3811594979559727
5287,3.059117170049569
5288,4.018263462697823
5289,4.350250579284914
5290,4.425073395879774
5291,4.425073395879774
5292,4.425073395879774
5293,4.425073395879774
5294,4.425073395879774
5295,3.1899166090865396
5296,5.570381189963652
5297,5.189238687019318
5298,4.514479718598018
5299,5.582420943537729
5300,4.389955325581412
5301,4.357620469967334
5302,8.035184910816028
5303,7.516020074861634
5304,6.167442135984018
5305,5.727433468244336
5306,5.570381189963652
5307,5.570381189963652
5308,5.570381189963652
5309,5.570381189963652
5310,5.570381189963652
5311,6.319468237420526
5312,6.871467411382857
5313,6.537210317953379
5314,6.870149969505754
5315,6.878354525372615
5316,5.160370710156759
5317,7.2204928980378735
5318,6.425655454277087
5319,5.38884402324311
5320,8.15378852275467
5321,6.721079899192992
5322,6.871467411382857
5323,6.871467411382857
5324,6.871467411382857
5325,6.871467411382857
5326,6.871467411382857
5327,4.3689472647182095
5328,3.4461055162863414
5329,3.375699618354423
5330,2.906166700717361
5331,3.441438348468577
5332,4.520196779695856
5333,3.5702262225199264
5334,3.578024232060673
5335,3.9761719929062145
5336,3.1373986032062233
5337,3.536900978256813
5338,3.4461055162863414
5339,3.4461055162863414
5340,3.4461055162863414
5341,3.4461055162863414
5342,3.4461055162863414
5343,4.370693726125576
5344,4.784580957940681
5345,4.787515084152186
5346,4.7761174242122575
5347,4.784202347999687
5348,3.8667659135864585
5349,4.666183544120026
5350,3.188026210300904
5351,3.9134161048834324
5352,5.294388639698997
5353,4.748554122775567
5354,4.784580957940681
5355,4.784580957940681
5356,4.784580957940681
5357,4.784580957940681
5358,4.784580957940681
5359,2.2501851581452716
5360,4.179428289403671
5361,4.686994558944512
5362,5.191449027535371
5363,4.181290640171288
5364,5.141196624926238
5365,3.952123527615623
5366,6.1707007023698806
5367,5.634962725499512
5368,3.7969148423348478
5369,4.233089202769209
5370,4.179428289403671
5371,4.179428289403671
5372,4.179428289403671
5373,4.179428289403671
5374,4.179428289403671
5375,13.031698436200067
5376,4.352934271480277
5377,4.337901504899675
5378,4.341987785740799
5379,4.35776210060365
5380,3.7403371047197416
5381,4.558587033348662
5382,3.334777780282707
5383,5.05524990456112
5384,5.374276821068708
5385,4.393375221823598
5386,4.352934271480277
5387,4.352934271480277
5388,4.352934271480277
5389,4.352934271480277
5390,4.352934271480277
5391,4.167695200626645
5392,5.501639822858215
5393,6.438269649305279
5394,5.592841675668586
5395,5.4950422143443
5396,6.7270207562937046
5397,5.929046379776211
5398,6.153136477711166
5399,3.7153643067576323
5400,4.503334974478211
5401,5.449403701582081
5402,5.501639822858215
5403,5.501639822858215
5404,5.501639822858215
5405,5.501639822858215
5406,5.501639822858215
5407,5.339757766493198
5408,3.704363600873903
5409,3.782142612433787
5410,3.7842668472429586
5411,3.7045013352783283
5412,4.196706933178944
5413,3.625764911056107
5414,4.255923666782427
5415,5.574651186413582
5416,3.3641693232749965
5417,3.794320994865096
5418,3.704363600873903
5419,3.704363600873903
5420,3.704363600873903
5421,3.704363600873903
5422,3.704363600873903
5423,7.008634634809895
5424,7.306627988564438
5425,5.801690061379944
5426,7.099365240110464
5427,7.29874723294668
5428,6.00512149282798
5429,7.203932016187574
5430,6.109560613596161
5431,5.8484546233436605
5432,8.830413674567506
5433,7.109798528216249
5434,7.306627988564438
5435,7.306627988564438
5436,7.306627988564438
5437,7.306627988564438
5438,7.306627988564438
5439,3.636411507144617
5440,3.7469827003375347
5441,3.657132070035639
5442,4.511665366390933
5443,3.74689149630676
5444,3.1878036308015187
5445,3.8792214444825364
5446,2.8081514362140414
5447,4.809487980404499
5448,3.724773545263741
5449,3.8609486191395814
5450,3.7469827003375347
5451,3.7469827003375347
5452,3.7469827003375347
5453,3.7469827003375347
5454,3.7469827003375347
5455,3.514890366454306
5456,5.5820353120336375
5457,5.932493041474855
5458,5.0421403418976
5459,5.584491952590804
5460,6.593234811749176
5461,4.135633725572895
5462,7.317170026472995
5463,5.027487386773582
5464,5.5491580928367155
5465,5.5050302913753795
5466,5.5820353120336375
5467,5.5820353120336375
5468,5.5820353120336375
5469,5.5820353120336375
5470,5.5820353120336375
5471,5.419532663979698
5472,2.575481276917065
5473,2.8208256862392296
5474,2.5916775839480195
5475,2.575611948785302
5476,2.669639671218982
5477,2.4835526301197532
5478,2.82295345187334
5479,3.182965723757006
5480,2.414221222152775
5481,2.6015220603776363
5482,2.575481276917065
5483,2.575481276917065
5484,2.575481276917065
5485,2.575481276917065
5486,2.575481276917065
5487,3.7569865377430394
5488,6.99430503001575
5489,6.7863269656837115
5490,6.703656745681902
5491,7.002517177759564
5492,6.712290306971884
5493,9.54587391679557
5494,6.541759816096986
5495,5.2157181582738845
5496,6.890120679184132
5497,6.867694986000322
5498,6.99430503001575
5499,6.99430503001575
5500,6.99430503001575
5501,6.99430503001575
5502,6.99430503001575
5503,5.589392305704672
5504,5.019023867648637
5505,5.121292917715078
5506,6.1037641534689335
5507,5.017408042768277
5508,3.755158998132593
5509,4.761654057746225
5510,4.1202776352312664
5511,6.076599530546702
5512,4.478882124954303
5513,5.221922815207373
5514,5.019023867648637
5515,5.019023867648637
5516,5.019023867648637
5517,5.019023867648637
5518,5.019023867648637
5519,4.137155508248619
5520,4.018283542783097
5521,4.205832252842377
5522,3.596511312692192
5523,4.019856099311318
5524,5.441237649546559
5525,3.777826498925842
5526,4.738426607457695
5527,3.401401631408424
5528,4.270555545518584
5529,3.8678185657326183
5530,4.018283542783097
5531,4.018283542783097
5532,4.018283542783097
5533,4.018283542783097
5534,4.018283542783097
5535,4.728298496648191
5536,4.146609842523
5537,4.116665749260432
5538,4.200743112242117
5539,4.147252998043629
5540,3.283545873529263
5541,4.240148504787021
5542,3.7522541098775446
5543,5.026670550834502
5544,5.462039002882137
5545,4.165234583952812
5546,4.146609842523
5547,4.146609842523
5548,4.146609842523
5549,4.146609842523
5550,4.146609842523
5551,4.879712997203764
5552,8.12813051159873
5553,7.797296568809822
5554,6.590820215027154
5555,8.122786644211008
5556,10.201717087651762
5557,8.254223149650494
5558,8.53763355333216
5559,5.77569428627868
5560,5.8396800085314355
5561,8.189462038644626
5562,8.12813051159873
5563,8.12813051159873
5564,8.12813051159873
5565,8.12813051159873
5566,8.12813051159873
5567,4.50346255200352
5568,3.787453649783201
5569,3.802665485305571
5570,3.641301603176077
5571,3.7860818925454485
5572,5.635899808341924
5573,3.0559652872118677
5574,3.0467644636417712
5575,4.752837960205252
5576,4.176817456639457
5577,3.7555004664999356
5578,3.787453649783201
5579,3.787453649783201
5580,3.787453649783201
5581,3.787453649783201
5582,3.787453649783201
5583,4.886239456639038
5584,5.898012495188733
5585,5.772476903858132
5586,6.105599604729996
5587,5.897228132169302
5588,4.27578714958388
5589,6.621448259685947
5590,8.288870388872132
5591,4.445139424474699
5592,5.651854527153056
5593,5.834936523660159
5594,5.898012495188733
5595,5.898012495188733
5596,5.898012495188733
5597,5.898012495188733
5598,5.898012495188733
5599,4.878102979904566
5600,2.7749999063563946
5601,2.772973876689174
5602,2.742396588323406
5603,2.7739055379338695
5604,3.555471773893355
5605,3.233553860868288
5606,2.3541857341516352
5607,4.127819528945168
5608,2.943584363082923
5609,2.852481761441411
5610,2.7749999063563946
5611,2.7749999063563946
5612,2.7749999063563946
5613,2.7749999063563946
5614,2.7749999063563946
5615,5.8822412587750135
5616,5.933837440892138
5617,5.521106623722852
5618,6.2469040425940285
5619,5.9222143273265395
5620,4.2968621152639015
5621,5.176333821858228
5622,7.009105887063025
5623,4.706277381586689
5624,5.725098748132572
5625,5.708545706337161
5626,5.933837440892138
5627,5.933837440892138
5628,5.933837440892138
5629,5.933837440892138
5630,5.933837440892138
5631,3.213559012708566
5632,4.707060596128367
5633,4.902469984210866
5634,4.642129511100523
5635,4.702265012696071
5636,3.884869879017853
5637,5.70649781604552
5638,4.8196739703786395
5639,4.525017262501847
5640,5.408242095150294
5641,4.705549751406849
5642,4.707060596128367
5643,4.707060596128367
5644,4.707060596128367
5645,4.707060596128367
5646,4.707060596128367
5647,5.402261621552705
5648,4.921408925993605
5649,4.916827075232033
5650,5.0924730166726615
5651,4.923588503029593
5652,5.965877405249156
5653,4.09011111420471
5654,4.31223738709683
5655,5.376073033875139
5656,3.9354513419277626
5657,4.920408243434015
5658,4.921408925993605
5659,4.921408925993605
5660,4.921408925993605
5661,4.921408925993605
5662,4.921408925993605
5663,3.8695394554955933
5664,4.417626310951425
5665,4.402676578579561
5666,4.494433358679284
5667,4.417716724171734
5668,3.3505942628208927
5669,3.924196189814709
5670,5.1480316962423895
5671,4.719767262161054
5672,3.562012613916781
5673,4.236453532223922
5674,4.417626310951425
5675,4.417626310951425
5676,4.417626310951425
5677,4.417626310951425
5678,4.417626310951425
5679,2.8760036344665973
5680,7.434997032062891
5681,6.162447424871852
5682,7.699119365101108
5683,7.436618308888716
5684,9.390562635374735
5685,8.94105787006713
5686,5.8963013161274125
5687,6.003340546154117
5688,9.302171275599582
5689,7.684474266989875
5690,7.434997032062891
5691,7.434997032062891
5692,7.434997032062891
5693,7.434997032062891
5694,7.434997032062891
5695,7.808707292472431
5696,4.096057261123012
5697,3.973338965696557
5698,5.179505205309865
5699,4.093417690722254
5700,5.256331761058621
5701,4.189336213149162
5702,4.74308529332417
5703,3.562476939847499
5704,4.300795548523635
5705,3.968478855136083
5706,4.096057261123012
5707,4.096057261123012
5708,4.096057261123012
5709,4.096057261123012
5710,4.096057261123012
5711,6.404230259719211
5712,5.3542364728161225
5713,5.476567119313852
5714,4.387200520621361
5715,5.3540510022426915
5716,4.000610489318581
5717,5.464884541074158
5718,4.4278117254552765
5719,5.946556166788926
5720,5.527606424559319
5721,5.564411100209439
5722,5.3542364728161225
5723,5.3542364728161225
5724,5.3542364728161225
5725,5.3542364728161225
5726,5.3542364728161225
5727,3.283833856215284
5728,2.0899375499650152
5729,2.08661701658541
5730,2.1285202965143837
5731,2.0903394027890414
5732,2.972043273775961
5733,2.1607490730517873
5734,2.92243078919725
5735,2.3476965446590423
5736,2.1954989864161734
5737,2.083509903485008
5738,2.0899375499650152
5739,2.0899375499650152
5740,2.0899375499650152
5741,2.0899375499650152
5742,2.0899375499650152
5743,5.144203682030853
5744,7.132955165884605
5745,7.885942212948913
5746,6.568961020924854
5747,7.128804166864246
5748,5.285987370870952
5749,7.253564379003427
5750,5.495236101698647
5751,7.27536301755356
5752,6.860231717603518
5753,7.113991195485066
5754,7.132955165884605
5755,7.132955165884605
5756,7.132955165884605
5757,7.132955165884605
5758,7.132955165884605
5759,3.866571893044143
5760,7.607302324347668
5761,7.535506763496451
5762,8.905667635809206
5763,7.611846207901564
5764,8.351379332729984
5765,6.066214296184419
5766,6.544541165026621
5767,6.187520948473897
5768,5.801681074662959
5769,7.445565048824094
5770,7.607302324347668
5771,7.607302324347668
5772,7.607302324347668
5773,7.607302324347668
5774,7.607302324347668
5775,3.6901129979410134
5776,3.33331204472026
5777,3.5496614204153953
5778,3.1669923259553228
5779,3.331382520954568
5780,2.765982403531854
5781,3.6035493412995634
5782,3.9226209529206915
5783,3.460625967729468
5784,4.601516168276735
5785,3.445749242913024
5786,3.33331204472026
5787,3.33331204472026
5788,3.33331204472026
5789,3.33331204472026
5790,3.33331204472026
5791,4.849470950777332
5792,3.659285586185092
5793,3.9400310335731135
5794,3.667026853555892
5795,3.6594798207486265
5796,3.1441568325230738
5797,4.4390999169629675
5798,4.302367584546596
5799,4.046302430530938
5800,3.974186601169227
5801,3.656883394222878
5802,3.659285586185092
5803,3.659285586185092
5804,3.659285586185092
5805,3.659285586185092
5806,3.659285586185092
5807,6.48191489437469
5808,4.399926316729774
5809,4.029697584631734
5810,4.08155796602139
5811,4.395901757934868
5812,5.7754525842148094
5813,4.069579598744892
5814,3.4805164134864754
5815,4.290124264728795
5816,4.286513157146088
5817,4.46942539658222
5818,4.399926316729774
5819,4.399926316729774
5820,4.399926316729774
5821,4.399926316729774
5822,4.399926316729774
5823,3.744958557822385
5824,4.1966633867123
5825,3.6372011071075105
5826,3.9816333086921287
5827,4.196346495542421
5828,4.43145690811346
5829,4.504131647438818
5830,4.0573219295587775
5831,4.366301594634122
5832,3.8056811814551685
5833,4.10293672482748
5834,4.1966633867123
5835,4.1966633867123
5836,4.1966633867123
5837,4.1966633867123
5838,4.1966633867123
5839,3.6229603998254367
5840,4.305164892906756
5841,4.687087343614391
5842,4.40914373028209
5843,4.308696382095108
5844,3.9245290750343105
5845,4.524108676174729
5846,4.879556750429342
5847,5.255035407510303
5848,4.601248168270006
5849,4.329263541158939
5850,4.305164892906756
5851,4.305164892906756
5852,4.305164892906756
5853,4.305164892906756
5854,4.305164892906756
5855,6.9929416869747385
5856,3.712958563754509
5857,3.812209106459133
5858,3.7428207700022154
5859,3.713977777412582
5860,3.3225756038741046
5861,3.457377979096645
5862,5.072819090791489
5863,3.966998142749776
5864,3.4012270432099108
5865,3.6506461315472736
5866,3.712958563754509
5867,3.712958563754509
5868,3.712958563754509
5869,3.712958563754509
5870,3.712958563754509
5871,4.265636387478351
5872,8.542062825471696
5873,7.802917290607882
5874,8.12667549479975
5875,8.570020624497001
5876,9.706645356716882
5877,7.419980623387221
5878,6.57618075790324
5879,6.915167466116001
5880,8.917563653102329
5881,8.767761978924277
5882,8.542062825471696
5883,8.542062825471696
5884,8.542062825471696
5885,8.542062825471696
5886,8.542062825471696
5887,4.926249254533272
5888,2.8821844424079197
5889,2.8613236128380364
5890,2.882919786620524
5891,2.882829051684179
5892,3.835652776619928
5893,2.880329703685594
5894,4.030953648869644
5895,3.4353244430553382
5896,2.445510404328821
5897,2.982554061428829
5898,2.8821844424079197
5899,2.8821844424079197
5900,2.8821844424079197
5901,2.8821844424079197
5902,2.8821844424079197
5903,5.592053412678197
5904,5.610275833930767
5905,5.75539970670258
5906,4.851778788697353
5907,5.611141267505735
5908,4.58949453743103
5909,5.586682924204034
5910,4.114559469245368
5911,5.171307441064566
5912,6.33385080361478
5913,5.5349642147687845
5914,5.610275833930767
5915,5.610275833930767
5916,5.610275833930767
5917,5.610275833930767
5918,5.610275833930767
5919,2.998138181835714
5920,6.311081780646403
5921,6.190584190860571
5922,6.214502127835972
5923,6.3055015508348955
5924,8.25890026425434
5925,6.319420452443613
5926,6.207066182571644
5927,5.48618162274838
5928,7.607722004706129
5929,6.389463941472471
5930,6.311081780646403
5931,6.311081780646403
5932,6.311081780646403
5933,6.311081780646403
5934,6.311081780646403
5935,8.33727843075079
5936,4.886108459878794
5937,5.32559070325677
5938,6.157685485304467
5939,4.887161731239471
5940,3.363744751428703
5941,4.877050151819673
5942,5.366136354049241
5943,4.928915230912697
5944,3.8647958276101226
5945,4.823828302402318
5946,4.886108459878794
5947,4.886108459878794
5948,4.886108459878794
5949,4.886108459878794
5950,4.886108459878794
5951,4.065980845874443
5952,3.9557969708489127
5953,3.9111963095717686
5954,4.750783719392752
5955,3.9604395305870104
5956,3.4066856780202346
5957,4.739477710220934
5958,5.702463602260894
5959,4.041622793692242
5960,3.963021251675256
5961,3.9863080070664667
5962,3.9557969708489127
5963,3.9557969708489127
5964,3.9557969708489127
5965,3.9557969708489127
5966,3.9557969708489127
5967,7.315258959709
5968,5.562658376304708
5969,5.478372282988869
5970,5.381606925332712
5971,5.560148448349803
5972,6.661617563545122
5973,4.812401907757825
5974,3.6041666666751144
5975,5.0863116353669495
5976,5.863297541399301
5977,5.4828879218735995
5978,5.562658376304708
5979,5.562658376304708
5980,5.562658376304708
5981,5.562658376304708
5982,5.562658376304708
5983,3.4276230952911995
5984,6.449830117808169
5985,6.489208975319522
5986,6.602488950737751
5987,6.450372939769028
5988,5.001452271208215
5989,5.786873877456501
5990,6.41403218125177
5991,6.081551510247774
5992,6.505286343280406
5993,6.580974204906566
5994,6.449830117808169
5995,6.449830117808169
5996,6.449830117808169
5997,6.449830117808169
5998,6.449830117808169
5999,4.4860799385902554
6000,2.5578078406281963
6001,2.6905378379880496
6002,2.4526510482047854
6003,2.5564692472044586
6004,3.18981238660509
6005,3.0715049660816365
6006,2.3429354196641325
6007,3.0141829328862717
6008,2.618148989296186
6009,2.499623997506377
6010,2.5578078406281963
6011,2.5578078406281963
6012,2.5578078406281963
6013,2.5578078406281963
6014,2.5578078406281963
6015,3.785582793370241
6016,4.370481976043733
6017,4.240062419135504
6018,4.807144445200814
6019,4.3705692101617695
6020,3.6542494525022056
6021,4.734251576589716
6022,4.941020654883465
6023,4.353474441796184
6024,4.956727152243927
6025,4.354945683194366
6026,4.370481976043733
6027,4.370481976043733
6028,4.370481976043733
6029,4.370481976043733
6030,4.370481976043733
6031,5.213442500603259
6032,4.208618658102568
6033,5.078964322845951
6034,4.08536934477849
6035,4.206928577685103
6036,4.9146836240747795
6037,4.507980737157471
6038,4.0876343780612725
6039,3.6971783087460266
6040,3.752589679541851
6041,4.174875417491774
6042,4.208618658102568
6043,4.208618658102568
6044,4.208618658102568
6045,4.208618658102568
6046,4.208618658102568
6047,4.165328265001498
6048,4.874772690994697
6049,4.942433568665603
6050,4.981781087950108
6051,4.8751535021347205
6052,5.812718475186951
6053,4.588328670573628
6054,4.915724281290089
6055,4.5391014461357315
6056,3.926770439115994
6057,5.045535323456278
6058,4.874772690994697
6059,4.874772690994697
6060,4.874772690994697
6061,4.874772690994697
6062,4.874772690994697
6063,4.417528684036191
6064,4.332304073255556
6065,3.556169126801907
6066,3.1733062401039676
6067,4.3165812715650915
6068,3.7174840180037134
6069,3.905145446006238
6070,4.968948249677589
6071,5.197116760911816
6072,6.120921368926107
6073,4.195886502890334
6074,4.332304073255556
6075,4.332304073255556
6076,4.332304073255556
6077,4.332304073255556
6078,4.332304073255556
6079,4.386185639452869
6080,7.668147244126484
6081,6.897671731613391
6082,7.9663643440124865
6083,7.648867361076897
6084,6.711839694728544
6085,5.8516453477177945
6086,8.984847711629778
6087,9.960208888549019
6088,6.6516192816164414
6089,7.980257137914964
6090,7.668147244126484
6091,7.668147244126484
6092,7.668147244126484
6093,7.668147244126484
6094,7.668147244126484
6095,6.604318376771169
6096,2.9463570056731463
6097,3.0732356601551762
6098,2.7926781468443127
6099,2.950489410682691
6100,3.5451803072943693
6101,3.159678214334747
6102,2.5116971224931355
6103,2.862181691630036
6104,3.3688943634090225
6105,2.828185900319251
6106,2.9463570056731463
6107,2.9463570056731463
6108,2.9463570056731463
6109,2.9463570056731463
6110,2.9463570056731463
6111,3.3860604245060806
6112,6.543866504306478
6113,6.932937875070555
6114,6.559636555042604
6115,6.5439030013041375
6116,6.729336724704355
6117,8.033952977101631
6118,6.659592394882076
6119,5.501314581499704
6120,5.900250970179309
6121,6.552490725443983
6122,6.543866504306478
6123,6.543866504306478
6124,6.543866504306478
6125,6.543866504306478
6126,6.543866504306478
6127,6.764347264307589
6128,3.6714570006799296
6129,3.400610640711993
6130,5.168013277135689
6131,3.6739649377807284
6132,3.4128379393027384
6133,3.326490436991532
6134,3.4307246174017934
6135,3.6063069226633875
6136,3.938436090943504
6137,3.6884434674450763
6138,3.6714570006799296
6139,3.6714570006799296
6140,3.6714570006799296
6141,3.6714570006799296
6142,3.6714570006799296
6143,3.533763956595476
6144,5.217885758422971
6145,5.282912852871299
6146,5.324178778287937
6147,5.215760312844355
6148,4.491271992571956
6149,6.500867807278058
6150,4.615355572312246
6151,3.7599835348601127
6152,5.396366418910341
6153,5.339346854619406
6154,5.217885758422971
6155,5.217885758422971
6156,5.217885758422971
6157,5.217885758422971
6158,5.217885758422971
6159,4.017729658701942
6160,3.6218566719985037
6161,3.5475252786768996
6162,3.5926428129238466
6163,3.630128088326147
6164,4.0081157773073715
6165,3.2136117757004623
6166,4.49638532915059
6167,5.46249104573553
6168,3.721731368894501
6169,3.542900461383163
6170,3.6218566719985037
6171,3.6218566719985037
6172,3.6218566719985037
6173,3.6218566719985037
6174,3.6218566719985037
6175,6.502152254558779
6176,4.829080466869854
6177,4.790491557334682
6178,4.754993300868971
6179,4.829392015366807
6180,3.068308258908201
6181,4.162773169481989
6182,4.715858766927719
6183,3.7348446309974053
6184,5.035285768967574
6185,4.835042148412559
6186,4.829080466869854
6187,4.829080466869854
6188,4.829080466869854
6189,4.829080466869854
6190,4.829080466869854
6191,2.0717284400011793
6192,5.007268178259956
6193,4.392260123203505
6194,5.233093592373718
6195,5.009090357972748
6196,8.118784843029816
6197,5.915483446776308
6198,5.303830305912023
6199,5.747393216868245
6200,4.995311339991992
6201,4.8823826239405275
6202,5.007268178259956
6203,5.007268178259956
6204,5.007268178259956
6205,5.007268178259956
6206,5.007268178259956
6207,10.196645761234993
6208,4.694313468304289
6209,4.506119995552115
6210,4.933659291554112
6211,4.696102284624641
6212,6.310393702418284
6213,4.308679098975422
6214,4.2173949970444085
6215,3.2252348735011447
6216,5.342524697223069
6217,4.769133516170122
6218,4.694313468304289
6219,4.694313468304289
6220,4.694313468304289
6221,4.694313468304289
6222,4.694313468304289
6223,4.028524078510088
6224,6.290206607522251
6225,6.311891570916579
6226,5.990795194674806
6227,6.287402337185949
6228,4.436479377999966
6229,5.41637247924347
6230,6.600649752182796
6231,8.435301631330923
6232,5.201021646417379
6233,6.230489048363802
6234,6.290206607522251
6235,6.290206607522251
6236,6.290206607522251
6237,6.290206607522251
6238,6.290206607522251
6239,4.324618956806182
6240,3.8465551174094132
6241,3.8483831479919863
6242,4.1326331876655065
6243,3.8456716302872
6244,4.459501562580067
6245,4.4475982309027255
6246,3.977380018299438
6247,3.6469135519753166
6248,3.0582239398291233
6249,3.951313885611932
6250,3.8465551174094132
6251,3.8465551174094132
6252,3.8465551174094132
6253,3.8465551174094132
6254,3.8465551174094132
6255,4.505002886956283
6256,4.507582222082304
6257,5.335103224819373
6258,4.078007872772095
6259,4.496647911969041
6260,4.1071408286656
6261,5.055961055786424
6262,4.285800047867112
6263,5.3526648658844165
6264,5.571670582987773
6265,4.418802561478151
6266,4.507582222082304
6267,4.507582222082304
6268,4.507582222082304
6269,4.507582222082304
6270,4.507582222082304
6271,6.061456255110396
6272,7.513457634282204
6273,7.490317534781572
6274,7.779224197982695
6275,7.5179299040458964
6276,7.811220570711828
6277,6.26637209172414
6278,5.001149524991967
6279,5.0529301176386685
6280,8.34412056061069
6281,7.521583919071935
6282,7.513457634282204
6283,7.513457634282204
6284,7.513457634282204
6285,7.513457634282204
6286,7.513457634282204
6287,3.2041538937203593
6288,2.746122077241071
6289,2.985189978628776
6290,2.678995734193096
6291,2.745111079662414
6292,2.5599668528575004
6293,2.988777996760603
6294,4.22486106525483
6295,3.5029794421058833
6296,2.446893996047795
6297,2.7499247119876955
6298,2.746122077241071
6299,2.746122077241071
6300,2.746122077241071
6301,2.746122077241071
6302,2.746122077241071
6303,4.789732588277655
6304,4.372177413330987
6305,4.610005749388192
6306,4.865866105593265
6307,4.372157201925998
6308,4.387659931070974
6309,5.155710556931413
6310,4.1504600706273065
6311,4.077701950709054
6312,4.809678603050397
6313,4.558053109604994
6314,4.372177413330987
6315,4.372177413330987
6316,4.372177413330987
6317,4.372177413330987
6318,4.372177413330987
6319,7.48477862810776
6320,5.985229140120585
6321,4.725501437650613
6322,4.354149007882701
6323,5.985669281425352
6324,6.153745993931993
6325,4.940065503626566
6326,6.2443451592034585
6327,7.250518464320752
6328,4.91903908018457
6329,5.816474845245641
6330,5.985229140120585
6331,5.985229140120585
6332,5.985229140120585
6333,5.985229140120585
6334,5.985229140120585
6335,3.7455771817340313
6336,6.0087104443328245
6337,5.5678952051639055
6338,6.361611939778857
6339,6.012216968512531
6340,5.99027855531391
6341,5.614364369446077
6342,4.122072664886433
6343,4.616674255544499
6344,5.538423635800403
6345,6.220399872215665
6346,6.0087104443328245
6347,6.0087104443328245
6348,6.0087104443328245
6349,6.0087104443328245
6350,6.0087104443328245
6351,2.6089692187687152
6352,3.592696962521496
6353,4.388826829059838
6354,3.7968844374225714
6355,3.5923607014710672
6356,3.5388007538193498
6357,3.4308127549808707
6358,4.654878030440181
6359,5.840784884681457
6360,3.9698013080900223
6361,3.462888032619098
6362,3.592696962521496
6363,3.592696962521496
6364,3.592696962521496
6365,3.592696962521496
6366,3.592696962521496
6367,9.8683962801558
6368,3.0960530619589353
6369,3.0778494632891267
6370,3.113910434594589
6371,3.0965230682320093
6372,3.379361951538209
6373,3.096501367319936
6374,3.0970729858412867
6375,2.341022230124873
6376,3.829457069672997
6377,3.1050952169951604
6378,3.0960530619589353
6379,3.0960530619589353
6380,3.0960530619589353
6381,3.0960530619589353
6382,3.0960530619589353
6383,3.274401027336605
6384,6.767840901256469
6385,6.477705317710826
6386,7.0748531311012535
6387,6.771408687741785
6388,6.400653178694631
6389,7.047370073825537
6390,6.250502221904417
6391,7.554484047971554
6392,5.486914045855568
6393,6.795852425498233
6394,6.767840901256469
6395,6.767840901256469
6396,6.767840901256469
6397,6.767840901256469
6398,6.767840901256469
6399,5.489424708200811
6400,2.502930042183123
6401,2.500223694645705
6402,2.53174516266532
6403,2.5026842425406435
6404,2.6189312137352663
6405,2.458456238403818
6406,2.7126313604754504
6407,3.4751512386160455
6408,2.512797230265718
6409,2.5111267550739558
6410,2.502930042183123
6411,2.502930042183123
6412,2.502930042183123
6413,2.502930042183123
6414,2.502930042183123
6415,3.93304744303465
6416,7.3362103979330335
6417,7.565486311278065
6418,8.788902789689605
6419,7.338570620916751
6420,7.091313811532954
6421,7.082611977673929
6422,6.764341796258246
6423,5.484607648536351
6424,7.917923720169062
6425,7.376420627758616
6426,7.3362103979330335
6427,7.3362103979330335
6428,7.3362103979330335
6429,7.3362103979330335
6430,7.3362103979330335
6431,6.542063772006836
6432,4.257426864873056
6433,4.244908014854187
6434,4.252946028169929
6435,4.257720720993775
6436,6.029561559905444
6437,4.512144747249216
6438,3.1431524313339008
6439,4.548256951010613
6440,4.232122815440842
6441,4.107454133577396
6442,4.257426864873056
6443,4.257426864873056
6444,4.257426864873056
6445,4.257426864873056
6446,4.257426864873056
6447,4.806968202552003
6448,6.638976497796543
6449,6.2435831694152295
6450,6.13392658086413
6451,6.6619239254744365
6452,4.4202358757340825
6453,7.014462875663829
6454,8.500439938718404
6455,5.436459100673833
6456,6.769085135009427
6457,6.8848756044529225
6458,6.638976497796543
6459,6.638976497796543
6460,6.638976497796543
6461,6.638976497796543
6462,6.638976497796543
6463,4.5595051272821925
6464,3.525533906315669
6465,3.646574654763509
6466,3.6584539514902294
6467,3.52812548538366
6468,2.468565342683129
6469,4.645515904744005
6470,4.6080274332688775
6471,5.134108402118876
6472,2.934815917433622
6473,3.419077928133635
6474,3.525533906315669
6475,3.525533906315669
6476,3.525533906315669
6477,3.525533906315669
6478,3.525533906315669
6479,5.50894529279345
6480,5.72966524678555
6481,5.665151592146305
6482,4.927139773895974
6483,5.7194643037548305
6484,8.60549185796131
6485,5.40388340760599
6486,5.184164525903628
6487,3.7911732929766697
6488,6.4129024479831385
6489,5.963711995793245
6490,5.72966524678555
6491,5.72966524678555
6492,5.72966524678555
6493,5.72966524678555
6494,5.72966524678555
6495,4.803469386296607
6496,4.116412381763318
6497,4.157714188899985
6498,4.51502267437359
6499,4.116388799103334
6500,3.4360235599684765
6501,3.232918702580184
6502,3.5002853041406174
6503,5.283499265607543
6504,4.965109905102958
6505,4.10680810744452
6506,4.116412381763318
6507,4.116412381763318
6508,4.116412381763318
6509,4.116412381763318
6510,4.116412381763318
6511,3.771152610456224
6512,4.622662579012229
6513,4.711182581006743
6514,4.190286651376513
6515,4.619141059397771
6516,5.5300592072569525
6517,4.790375591087003
6518,5.771661925013378
6519,4.1791717499522205
6520,3.767124669095517
6521,4.601184543576989
6522,4.622662579012229
6523,4.622662579012229
6524,4.622662579012229
6525,4.622662579012229
6526,4.622662579012229
6527,4.818718888175268
6528,3.6355175209521113
6529,3.5751285576650766
6530,3.8609092907550684
6531,3.6347847606006933
6532,3.8438946430697665
6533,3.7077768582391313
6534,2.873685681760591
6535,4.854440160119104
6536,3.783331167583044
6537,3.533060709648233
6538,3.6355175209521113
6539,3.6355175209521113
6540,3.6355175209521113
6541,3.6355175209521113
6542,3.6355175209521113
6543,4.243019494892293
6544,7.175566832984684
6545,8.207395478101194
6546,6.837968647923438
6547,7.178607616835972
6548,7.243307741061256
6549,7.408970169756159
6550,7.900171917187236
6551,4.434307905816542
6552,6.610236971512008
6553,7.299341799228897
6554,7.175566832984684
6555,7.175566832984684
6556,7.175566832984684
6557,7.175566832984684
6558,7.175566832984684
6559,4.659035511102856
6560,3.34986912739691
6561,3.415470903500789
6562,3.7181075149175444
6563,3.349812944744256
6564,3.603411383399062
6565,3.345362711498438
6566,2.4742681273468987
6567,4.234840744853469
6568,3.515074791814133
6569,3.295269639976118
6570,3.34986912739691
6571,3.34986912739691
6572,3.34986912739691
6573,3.34986912739691
6574,3.34986912739691
6575,4.038012228834377
6576,6.4189548531351255
6577,5.693715578213236
6578,5.856540415145522
6579,6.412282645153436
6580,5.793392117200948
6581,6.094377999106311
6582,8.327924235131439
6583,5.508292324657508
6584,5.709633447170575
6585,6.464073096497782
6586,6.4189548531351255
6587,6.4189548531351255
6588,6.4189548531351255
6589,6.4189548531351255
6590,6.4189548531351255
6591,4.757539872400629
6592,3.116004252470546
6593,2.713687047569014
6594,3.0557879012034057
6595,3.1092981537276394
6596,3.3080171567732912
6597,2.759550256654173
6598,2.960488246245868
6599,4.735087097146514
6600,4.36604802868809
6601,3.064548671074465
6602,3.116004252470546
6603,3.116004252470546
6604,3.116004252470546
6605,3.116004252470546
6606,3.116004252470546
6607,5.082024313423938
6608,4.7706323455209
6609,4.842175105671946
6610,5.2500185443094605
6611,4.775012286845323
6612,4.680383401436187
6613,5.826550869532842
6614,5.189006166672124
6615,3.940908536258352
6616,3.65024330119885
6617,4.81607864307292
6618,4.7706323455209
6619,4.7706323455209
6620,4.7706323455209
6621,4.7706323455209
6622,4.7706323455209
6623,4.40815912850749
6624,5.511524025010623
6625,6.056403173114527
6626,5.508347679134242
6627,5.511436296487957
6628,5.235237780815594
6629,6.152135413880273
6630,4.646694702802315
6631,5.920774597111549
6632,5.2576425364423685
6633,5.424911309365372
6634,5.511524025010623
6635,5.511524025010623
6636,5.511524025010623
6637,5.511524025010623
6638,5.511524025010623
6639,5.599403800105283
6640,5.043551561900685
6641,4.175357420064564
6642,3.9773696935996856
6643,5.042983996029654
6644,5.034407212964172
6645,3.9580477382598573
6646,6.342595351251513
6647,4.1399331141081195
6648,5.646178440268205
6649,5.233861109271877
6650,5.043551561900685
6651,5.043551561900685
6652,5.043551561900685
6653,5.043551561900685
6654,5.043551561900685
6655,3.49247470794614
6656,2.927184277806674
6657,2.8126985296673643
6658,2.918372938522143
6659,2.925742938697715
6660,3.0734706245161036
6661,3.3343092811238093
6662,3.9533488914504997
6663,2.65240373100165
6664,3.0068655989175803
6665,2.960662235619574
6666,2.927184277806674
6667,2.927184277806674
6668,2.927184277806674
6669,2.927184277806674
6670,2.927184277806674
6671,4.217002497059273
6672,7.845642598418262
6673,8.267743389878046
6674,8.84801949049075
6675,7.84391689383939
6676,7.309592618695881
6677,6.800981676862836
6678,6.09663825879814
6679,6.9032301307352135
6680,7.549835009472321
6681,7.762490898490864
6682,7.845642598418262
6683,7.845642598418262
6684,7.845642598418262
6685,7.845642598418262
6686,7.845642598418262
6687,4.912760152685211
6688,4.216039440332459
6689,4.645314744082069
6690,4.20893224146371
6691,4.218105509968179
6692,4.242625383783001
6693,3.517667051574859
6694,4.798703047133768
6695,4.218556512834076
6696,4.053287429207064
6697,4.323314555568062
6698,4.216039440332459
6699,4.216039440332459
6700,4.216039440332459
6701,4.216039440332459
6702,4.216039440332459
6703,4.26461552416262
6704,9.185333847388177
6705,6.334791456744068
6706,6.449816380155051
6707,9.170436350663158
6708,9.2679426479114
6709,11.877764401368513
6710,7.448143495269415
6711,10.950943828209407
6712,8.788961245847782
6713,8.929210900551595
6714,9.185333847388177
6715,9.185333847388177
6716,9.185333847388177
6717,9.185333847388177
6718,9.185333847388177
6719,5.692806838612155
6720,3.608618849891943
6721,3.4452073258496005
6722,3.9748582597353943
6723,3.6053856620512956
6724,3.653765113561643
6725,3.619083554703891
6726,4.697939384438512
6727,4.142936701421425
6728,2.8898270155056314
6729,3.703516858861172
6730,3.608618849891943
6731,3.608618849891943
6732,3.608618849891943
6733,3.608618849891943
6734,3.608618849891943
6735,4.337456454311151
6736,4.226435263342965
6737,4.907300118331378
6738,3.7923043764005366
6739,4.227899812086276
6740,4.150697726333923
6741,4.314235607573234
6742,3.6768346551970765
6743,4.343661591670856
6744,5.403468404821597
6745,4.147738593457389
6746,4.226435263342965
6747,4.226435263342965
6748,4.226435263342965
6749,4.226435263342965
6750,4.226435263342965
6751,4.388989701900831
6752,3.9673635323030654
6753,4.073513412351079
6754,4.400735973440567
6755,3.9672263528422413
6756,4.311913975007973
6757,3.998020371348249
6758,4.501541465383525
6759,3.800501448880669
6760,4.85677753600744
6761,3.988177121928293
6762,3.9673635323030654
6763,3.9673635323030654
6764,3.9673635323030654
6765,3.9673635323030654
6766,3.9673635323030654
6767,7.388750649111598
6768,4.621850291406097
6769,4.575004048103923
6770,4.481371128163071
6771,4.622725943822881
6772,4.316090681694515
6773,4.69986252280274
6774,4.517328190380935
6775,4.355714069064644
6776,4.056511511771224
6777,4.521448206968233
6778,4.621850291406097
6779,4.621850291406097
6780,4.621850291406097
6781,4.621850291406097
6782,4.621850291406097
6783,3.363135437516548
6784,3.2385357653670868
6785,3.6349488566353827
6786,3.3404206099743776
6787,3.238858476951114
6788,4.794651234529524
6789,3.0476731043708254
6790,4.098215884384046
6791,3.5082560940099636
6792,3.1617089770261777
6793,3.323449973889555
6794,3.2385357653670868
6795,3.2385357653670868
6796,3.2385357653670868
6797,3.2385357653670868
6798,3.2385357653670868
6799,7.478806573387345
6800,5.1660554812711315
6801,5.219434702202067
6802,5.007740701380609
6803,5.1688320809785715
6804,3.3114824751981575
6805,6.695777063684515
6806,3.683150687003453
6807,4.974930353164221
6808,5.65376419523874
6809,4.975386904763126
6810,5.1660554812711315
6811,5.1660554812711315
6812,5.1660554812711315
6813,5.1660554812711315
6814,5.1660554812711315
6815,2.6336450894333643
6816,4.066323404107539
6817,4.074533593100715
6818,4.34645048470753
6819,4.06546325291935
6820,4.520782627197859
6821,4.412225742802357
6822,3.6866824676882524
6823,3.79087933151872
6824,3.8723600012570545
6825,4.072554872102267
6826,4.066323404107539
6827,4.066323404107539
6828,4.066323404107539
6829,4.066323404107539
6830,4.066323404107539
6831,4.2988790418240805
6832,7.133150575480978
6833,6.633999584216852
6834,6.218585162115851
6835,7.145808931799118
6836,6.78153042705286
6837,5.430331656039984
6838,7.315419759208281
6839,6.416161423398945
6840,7.835228693589844
6841,7.124505963052585
6842,7.133150575480978
6843,7.133150575480978
6844,7.133150575480978
6845,7.133150575480978
6846,7.133150575480978
6847,4.605773199076768
6848,5.133224083488078
6849,4.808066961637064
6850,5.405740876707134
6851,5.148949296002919
6852,4.0602092789897775
6853,4.60543323871561
6854,6.2730474530524996
6855,5.038644591094516
6856,5.353122038385899
6857,5.140664864858352
6858,5.133224083488078
6859,5.133224083488078
6860,5.133224083488078
6861,5.133224083488078
6862,5.133224083488078
6863,4.453581358251632
6864,4.608479501141388
6865,4.616005093292841
6866,5.714809583964796
6867,4.605000140541186
6868,5.519502500500194
6869,4.284519062164574
6870,3.780684427925044
6871,4.567116396452012
6872,4.194477299347503
6873,4.632937897272322
6874,4.608479501141388
6875,4.608479501141388
6876,4.608479501141388
6877,4.608479501141388
6878,4.608479501141388
6879,4.622994394408933
6880,5.105520486691083
6881,5.106357358670197
6882,5.07815765078673
6883,5.105379533699455
6884,3.5730271048147357
6885,5.373275604493062
6886,4.5671996420945
6887,5.1557828490684
6888,3.966804340643177
6889,5.344121343440231
6890,5.105520486691083
6891,5.105520486691083
6892,5.105520486691083
6893,5.105520486691083
6894,5.105520486691083
6895,2.660213936525941
6896,3.2925629450215133
6897,3.45411520598189
6898,2.985071974064251
6899,3.286845878429733
6900,5.185338591755522
6901,3.6330210158325102
6902,4.102243432973717
6903,3.8044290657122817
6904,4.376255898263055
6905,3.2050521624747206
6906,3.2925629450215133
6907,3.2925629450215133
6908,3.2925629450215133
6909,3.2925629450215133
6910,3.2925629450215133
6911,10.041252179280148
6912,6.430866967790143
6913,6.32934417790254
6914,6.599930586673587
6915,6.432657903664481
6916,6.729826943983471
6917,6.450113495604632
6918,6.9009234637323225
6919,5.377703885318607
6920,6.208110723793247
6921,6.214531759717686
6922,6.430866967790143
6923,6.430866967790143
6924,6.430866967790143
6925,6.430866967790143
6926,6.430866967790143
6927,5.569470569079129
6928,4.300419845709967
6929,5.712717364854192
6930,4.689081981179012
6931,4.298591724369445
6932,4.274029386039281
6933,4.337712369253616
6934,4.255345311758176
6935,4.174164248341378
6936,4.299745307275879
6937,4.441677551858394
6938,4.300419845709967
6939,4.300419845709967
6940,4.300419845709967
6941,4.300419845709967
6942,4.300419845709967
6943,6.556586588169861
6944,4.471846487349322
6945,4.519213707682467
6946,4.44868057473449
6947,4.470409191418476
6948,4.754940410466587
6949,4.504807836732818
6950,6.906443375598202
6951,4.894062520207047
6952,4.18103186901908
6953,4.440969520416613
6954,4.471846487349322
6955,4.471846487349322
6956,4.471846487349322
6957,4.471846487349322
6958,4.471846487349322
6959,7.519844782207182
6960,3.8406700469015758
6961,3.4845959679699443
6962,3.9721581371234786
6963,3.8413494141691302
6964,3.3117946339006594
6965,3.872419866129614
6966,2.6768934768903843
6967,4.069038258008184
6968,3.8653732472843516
6969,3.8214820427016454
6970,3.8406700469015758
6971,3.8406700469015758
6972,3.8406700469015758
6973,3.8406700469015758
6974,3.8406700469015758
6975,2.270225699178552
6976,3.4592384699467504
6977,3.2997343952795726
6978,3.62725057373519
6979,3.460628323365516
6980,3.809979346547649
6981,4.12717422110091
6982,3.273960225130264
6983,3.779547992978466
6984,4.235135760565715
6985,3.4908437920711646
6986,3.4592384699467504
6987,3.4592384699467504
6988,3.4592384699467504
6989,3.4592384699467504
6990,3.4592384699467504
6991,5.679865458893305
6992,4.73572603255652
6993,5.201371777716291
6994,4.432536054647407
6995,4.73679369146612
6996,4.673692406292007
6997,4.15395208986002
6998,4.8918803381424425
6999,5.1098562732028325
7000,3.9345597121916107
7001,4.771859505079502
7002,4.73572603255652
7003,4.73572603255652
7004,4.73572603255652
7005,4.73572603255652
7006,4.73572603255652
7007,3.8205635022557063
7008,5.398742622192355
7009,5.762445656830523
7010,6.019548919831343
7011,5.398794982631382
7012,5.142118344897241
7013,4.7766841423133535
7014,7.041933212552541
7015,5.4242184991298785
7016,4.768680377421253
7017,5.20467879213322
7018,5.398742622192355
7019,5.398742622192355
7020,5.398742622192355
7021,5.398742622192355
7022,5.398742622192355
7023,6.4821994182142895
7024,4.673111318525412
7025,4.368204018138359
7026,4.0440509075609095
7027,4.679553091954394
7028,4.677275126894388
7029,5.83314390096567
7030,3.3683125107761156
7031,4.2026899860700055
7032,5.654933876979797
7033,4.86339719346097
7034,4.673111318525412
7035,4.673111318525412
7036,4.673111318525412
7037,4.673111318525412
7038,4.673111318525412
7039,3.811206223280739
7040,6.755445425615906
7041,6.739428924884398
7042,7.0527902282575985
7043,6.746613327432494
7044,4.246138212187895
7045,6.155091270706223
7046,7.0173373341077525
7047,7.166134167618529
7048,6.373676850730115
7049,6.624179148326215
7050,6.755445425615906
7051,6.755445425615906
7052,6.755445425615906
7053,6.755445425615906
7054,6.755445425615906
7055,4.072210647450536
7056,2.399569859149657
7057,2.427285546331501
7058,2.379079986898751
7059,2.4006474643303513
7060,3.954626957182683
7061,2.223902723485155
7062,2.263279021217847
7063,2.5113521208098164
7064,2.7502481164455044
7065,2.411313658208442
7066,2.399569859149657
7067,2.399569859149657
7068,2.399569859149657
7069,2.399569859149657
7070,2.399569859149657
7071,4.136474463581836
7072,5.678058272363851
7073,5.676477146065775
7074,6.018978127480226
7075,5.678017916709909
7076,4.852995902486781
7077,5.998192622412416
7078,6.750192507745288
7079,5.67436117769452
7080,5.084109596133684
7081,5.563719744822825
7082,5.678058272363851
7083,5.678058272363851
7084,5.678058272363851
7085,5.678058272363851
7086,5.678058272363851
7087,5.6072744590722685
7088,3.740938776459684
7089,3.862367332636313
7090,3.218800374135097
7091,3.7483206479292988
7092,4.368046998824196
7093,4.07113994937707
7094,3.2341018799072114
7095,3.372731169628991
7096,4.282957651950944
7097,3.855042012161978
7098,3.740938776459684
7099,3.740938776459684
7100,3.740938776459684
7101,3.740938776459684
7102,3.740938776459684
7103,3.769132077205732
7104,8.60257779691887
7105,8.059405395424301
7106,9.40374324184596
7107,8.598465415873605
7108,10.097458986203382
7109,7.6789482625817405
7110,7.9866449707426055
7111,7.767387930534524
7112,6.3597152641520065
7113,8.348823390011955
7114,8.60257779691887
7115,8.60257779691887
7116,8.60257779691887
7117,8.60257779691887
7118,8.60257779691887
7119,5.383767705112121
7120,3.735757729877081
7121,3.4436994705910866
7122,3.979587292377235
7123,3.730202797788585
7124,3.1967278999152464
7125,4.811598236143966
7126,3.7197613412482324
7127,3.8251569085654595
7128,4.731174160884105
7129,3.7995522092260225
7130,3.735757729877081
7131,3.735757729877081
7132,3.735757729877081
7133,3.735757729877081
7134,3.735757729877081
7135,5.227039438906844
7136,3.5044186608782835
7137,3.552869233724541
7138,3.494756442079593
7139,3.5059882682912127
7140,5.005637832822097
7141,3.6914259370721063
7142,3.550093168036335
7143,3.6434205751528355
7144,3.9585120166621843
7145,3.445160327716126
7146,3.5044186608782835
7147,3.5044186608782835
7148,3.5044186608782835
7149,3.5044186608782835
7150,3.5044186608782835
7151,6.174020991358258
7152,6.265796062225712
7153,6.2105533170234315
7154,6.352624759571996
7155,6.257791864249541
7156,4.297862801303638
7157,4.698174569443501
7158,5.553906509953233
7159,6.517889775098102
7160,5.428580045700693
7161,6.323919242957008
7162,6.265796062225712
7163,6.265796062225712
7164,6.265796062225712
7165,6.265796062225712
7166,6.265796062225712
7167,2.6201129679856643
7168,3.762996689211321
7169,3.66980658471112
7170,5.288493118554487
7171,3.7658044747339434
7172,3.7017322761645217
7173,3.8877461219197667
7174,3.5411673547416243
7175,5.1398588328502
7176,2.9874838579655867
7177,3.7391837071041443
7178,3.762996689211321
7179,3.762996689211321
7180,3.762996689211321
7181,3.762996689211321
7182,3.762996689211321
7183,4.895512577059193
7184,4.16710415545199
7185,4.405746175808944
7186,4.127426929429026
7187,4.166910561625871
7188,4.052880273010157
7189,4.212898483024333
7190,3.976146982506369
7191,3.533964588935
7192,4.869307530041759
7193,4.244173304253653
7194,4.16710415545199
7195,4.16710415545199
7196,4.16710415545199
7197,4.16710415545199
7198,4.16710415545199
7199,4.066786582398738
7200,2.865391976418774
7201,2.919223407279399
7202,3.0575476424827905
7203,2.8654193323156045
7204,3.2257677105436953
7205,2.759755401999588
7206,3.006676566073754
7207,3.329456699637111
7208,3.2978794658759747
7209,2.9167406075513638
7210,2.865391976418774
7211,2.865391976418774
7212,2.865391976418774
7213,2.865391976418774
7214,2.865391976418774
7215,5.077753572080905
7216,14.582038660700011
7217,10.147413834208976
7218,10.733409418436276
7219,14.582525433397919
7220,13.84387155220231
7221,13.023434371210389
7222,12.786616678179575
7223,11.287438106797854
7224,12.263839116770042
7225,13.987111489113826
7226,14.582038660700011
7227,14.582038660700011
7228,14.582038660700011
7229,14.582038660700011
7230,14.582038660700011
7231,4.477556689028515
7232,5.18248057180871
7233,4.9159296629340865
7234,5.133372584710147
7235,5.184886402942854
7236,5.359939222570064
7237,4.653677186277667
7238,5.303319733058377
7239,6.868052931702203
7240,5.470959285788943
7241,5.291349372312813
7242,5.18248057180871
7243,5.18248057180871
7244,5.18248057180871
7245,5.18248057180871
7246,5.18248057180871
7247,6.8094253518807495
7248,5.362859468281823
7249,7.9524784768420185
7250,4.191306954249438
7251,5.366729614861817
7252,4.846539289833358
7253,6.973130637823189
7254,5.3704304403478185
7255,3.685769679099708
7256,5.518550729233901
7257,5.228743170929699
7258,5.362859468281823
7259,5.362859468281823
7260,5.362859468281823
7261,5.362859468281823
7262,5.362859468281823
7263,4.047916001933296
7264,3.688768235926277
7265,3.7634157147847564
7266,3.689087492006052
7267,3.6885004403127226
7268,3.723799353637627
7269,4.099151670584823
7270,4.188879549349266
7271,4.809841012652146
7272,3.8374739252008405
7273,3.643654955102147
7274,3.688768235926277
7275,3.688768235926277
7276,3.688768235926277
7277,3.688768235926277
7278,3.688768235926277
7279,6.3685671416242355
7280,4.348420004170386
7281,4.164527853635529
7282,4.5996431132298845
7283,4.352098153053106
7284,4.477533198076769
7285,3.5852546360930826
7286,3.8170561975723274
7287,3.4429491035029454
7288,4.22246979570717
7289,4.387414268991062
7290,4.348420004170386
7291,4.348420004170386
7292,4.348420004170386
7293,4.348420004170386
7294,4.348420004170386
7295,2.5019959747672558
7296,3.5368513481602757
7297,3.5105551145713836
7298,3.533534922907555
7299,3.537828560812126
7300,3.7210605843721654
7301,3.6447795425623157
7302,3.3907979577688057
7303,4.677540960456367
7304,4.3073534045729245
7305,3.550469985305374
7306,3.5368513481602757
7307,3.5368513481602757
7308,3.5368513481602757
7309,3.5368513481602757
7310,3.5368513481602757
7311,6.575460011741105
7312,6.332752294154295
7313,6.3348418769007155
7314,5.774142826620903
7315,6.341713461973261
7316,5.865684593275919
7317,7.601929927080718
7318,6.234170416605872
7319,4.377195229201211
7320,4.881274648587764
7321,6.229194660153562
7322,6.332752294154295
7323,6.332752294154295
7324,6.332752294154295
7325,6.332752294154295
7326,6.332752294154295
7327,3.278824707219542
7328,3.095493578193754
7329,3.1417501694273113
7330,3.106788460730897
7331,3.0954660847481312
7332,4.491970507642844
7333,2.7515018538362157
7334,4.269151117961884
7335,4.371167071277164
7336,2.7944828801863886
7337,3.098156687493529
7338,3.095493578193754
7339,3.095493578193754
7340,3.095493578193754
7341,3.095493578193754
7342,3.095493578193754
7343,7.141511128923327
7344,6.1630558840519925
7345,5.9811047761881975
7346,7.193181483996527
7347,6.168608913045343
7348,4.124267026111267
7349,5.653945113825793
7350,4.408623536258658
7351,5.421532202697571
7352,7.2169495979713405
7353,6.152606309397577
7354,6.1630558840519925
7355,6.1630558840519925
7356,6.1630558840519925
7357,6.1630558840519925
7358,6.1630558840519925
7359,3.0622800771741785
7360,5.540263349729081
7361,5.203760502822253
7362,7.430963459723566
7363,5.539434303219645
7364,3.74476653046104
7365,6.260961127771635
7366,5.824871980727103
7367,7.529327060988199
7368,6.018483896857783
7369,5.544413478327413
7370,5.540263349729081
7371,5.540263349729081
7372,5.540263349729081
7373,5.540263349729081
7374,5.540263349729081
7375,7.6644419309135365
7376,3.5767454759249953
7377,3.523816004464979
7378,3.3339293661659686
7379,3.5739434968498736
7380,5.3168994747503495
7381,2.9175690245914705
7382,3.6736268070967046
7383,2.9191272511014104
7384,3.1587180051501704
7385,3.600234136886715
7386,3.5767454759249953
7387,3.5767454759249953
7388,3.5767454759249953
7389,3.5767454759249953
7390,3.5767454759249953
7391,3.1688733253919317
7392,3.3107822559565454
7393,3.312577460645768
7394,3.419167278947911
7395,3.3107636121889903
7396,2.8002599103774344
7397,2.9672364128111717
7398,4.93413394450945
7399,3.6147051787948357
7400,3.637477369258035
7401,3.377325577059984
7402,3.3107822559565454
7403,3.3107822559565454
7404,3.3107822559565454
7405,3.3107822559565454
7406,3.3107822559565454
7407,4.674681576928849
7408,8.528439025239003
7409,10.121413200597473
7410,6.524809235025451
7411,8.509769751799864
7412,10.441816165765294
7413,10.970245886486998
7414,6.083883836987111
7415,6.229192090171991
7416,7.2427311073150555
7417,8.480193351727436
7418,8.528439025239003
7419,8.528439025239003
7420,8.528439025239003
7421,8.528439025239003
7422,8.528439025239003
7423,4.567833152758031
7424,4.782803486622731
7425,4.639088999829275
7426,6.591067689167896
7427,4.78132126977477
7428,5.004337281646613
7429,3.858305637125569
7430,6.160075136574164
7431,3.8198219401472926
7432,5.898703998839593
7433,4.734268847295109
7434,4.782803486622731
7435,4.782803486622731
7436,4.782803486622731
7437,4.782803486622731
7438,4.782803486622731
7439,5.765619943780875
7440,4.245663730644334
7441,5.333588110338094
7442,3.7564993861265026
7443,4.245148681569028
7444,4.074248934756484
7445,4.7585405008082065
7446,3.4750609286542513
7447,6.28863779091711
7448,3.246544926410108
7449,4.292478707940816
7450,4.245663730644334
7451,4.245663730644334
7452,4.245663730644334
7453,4.245663730644334
7454,4.245663730644334
7455,4.255716211671658
7456,6.071540736544464
7457,6.205255915626475
7458,6.438566253844376
7459,6.073619264490837
7460,5.948195355615978
7461,7.065884406499288
7462,5.4529388382855615
7463,4.418753820032646
7464,5.133887820141148
7465,6.018223312856488
7466,6.071540736544464
7467,6.071540736544464
7468,6.071540736544464
7469,6.071540736544464
7470,6.071540736544464
7471,4.2402699606995835
7472,3.8553208551589577
7473,3.212974166318395
7474,3.22320544057099
7475,3.850243796435299
7476,3.9183031026519517
7477,3.277440509849186
7478,4.522217905756379
7479,4.7575250564129625
7480,4.529176639489279
7481,3.840015322782287
7482,3.8553208551589577
7483,3.8553208551589577
7484,3.8553208551589577
7485,3.8553208551589577
7486,3.8553208551589577
7487,4.4695760561271936
7488,4.853460472507043
7489,4.6048532266456075
7490,4.718618484267261
7491,4.8478164836849755
7492,5.047227876909606
7493,4.6717142793069
7494,5.856569333907439
7495,3.6136847455395507
7496,4.861792828130579
7497,4.919756632291705
7498,4.853460472507043
7499,4.853460472507043
7500,4.853460472507043
7501,4.853460472507043
7502,4.853460472507043
7503,4.23220988097509
7504,4.40034597454167
7505,4.516928458564079
7506,4.388341825969842
7507,4.400888134391817
7508,4.304044013116536
7509,4.264368943239099
7510,3.1567514440647786
7511,5.446772324067599
7512,4.665049420533376
7513,4.427580389431307
7514,4.40034597454167
7515,4.40034597454167
7516,4.40034597454167
7517,4.40034597454167
7518,4.40034597454167
7519,4.045423428090828
7520,3.6479204429997028
7521,3.6126739373069627
7522,3.6181840556234417
7523,3.6475606813287085
7524,4.013316306017085
7525,3.6488335227269983
7526,3.2675338500251363
7527,3.075990293153672
7528,3.662360001373422
7529,3.616446297638557
7530,3.6479204429997028
7531,3.6479204429997028
7532,3.6479204429997028
7533,3.6479204429997028
7534,3.6479204429997028
7535,3.1941648018620636
7536,5.449225224336535
7537,5.109663061454586
7538,5.357001309945012
7539,5.450337368762981
7540,4.964939092115399
7541,5.734101565527973
7542,5.890236967309599
7543,6.67944609098911
7544,5.545071947111167
7545,5.5379200849879675
7546,5.449225224336535
7547,5.449225224336535
7548,5.449225224336535
7549,5.449225224336535
7550,5.449225224336535
7551,6.591471485679443
7552,4.24795044541981
7553,4.379400535514285
7554,4.1443971073572605
7555,4.249529946468168
7556,3.9278684518304536
7557,4.482326172120116
7558,5.812059400431294
7559,3.013477665458361
7560,3.9709084237876326
7561,4.303694970958529
7562,4.24795044541981
7563,4.24795044541981
7564,4.24795044541981
7565,4.24795044541981
7566,4.24795044541981
7567,3.791509445518472
7568,4.811607494213384
7569,4.959314855782761
7570,4.727926170355692
7571,4.813702840848622
7572,5.468793477452325
7573,3.7883733302403697
7574,4.134712556076039
7575,5.799286746178337
7576,5.207433070771897
7577,4.746999071915945
7578,4.811607494213384
7579,4.811607494213384
7580,4.811607494213384
7581,4.811607494213384
7582,4.811607494213384
7583,4.775845429496392
7584,5.099770324961867
7585,5.086653897928905
7586,5.099803676018417
7587,5.100015194433051
7588,3.169460974821417
7589,4.98460684816302
7590,5.88843194372194
7591,4.629043683912617
7592,6.967183123806976
7593,4.975475753726838
7594,5.099770324961867
7595,5.099770324961867
7596,5.099770324961867
7597,5.099770324961867
7598,5.099770324961867
7599,4.274557071394081
7600,3.6713071859294955
7601,3.4878136587290918
7602,3.3907697219680193
7603,3.6786708398931407
7604,5.548043195881068
7605,5.5002121481833415
7606,3.3995239358223617
7607,4.696746334878811
7608,2.843872935086762
7609,3.759724566289148
7610,3.6713071859294955
7611,3.6713071859294955
7612,3.6713071859294955
7613,3.6713071859294955
7614,3.6713071859294955
7615,6.826445110506414
7616,2.952124635746935
7617,2.936296315650737
7618,4.067765209719438
7619,2.9583929258007573
7620,4.12623292425939
7621,3.043210545652841
7622,3.7682926765505083
7623,2.342350540932694
7624,3.0857948145546636
7625,2.8599364318791056
7626,2.952124635746935
7627,2.952124635746935
7628,2.952124635746935
7629,2.952124635746935
7630,2.952124635746935
7631,6.030217447328523
7632,6.942053626255124
7633,6.654612767624427
7634,6.2810011171279845
7635,6.929446324384594
7636,5.213927595321285
7637,7.445595167763805
7638,5.376701421778137
7639,10.503922085391698
7640,6.550489480417505
7641,7.043440239548827
7642,6.942053626255124
7643,6.942053626255124
7644,6.942053626255124
7645,6.942053626255124
7646,6.942053626255124
7647,5.4930909001478785
7648,6.9649367134502045
7649,7.011456432731251
7650,7.379265413273387
7651,6.964908875101167
7652,7.663944151585758
7653,6.605794329096152
7654,7.855640079384375
7655,4.923623600230008
7656,7.148474047255877
7657,7.052744080354376
7658,6.9649367134502045
7659,6.9649367134502045
7660,6.9649367134502045
7661,6.9649367134502045
7662,6.9649367134502045
7663,6.432539796346484
7664,3.9683517622713054
7665,3.812601388213713
7666,3.7232630421948087
7667,3.963437848329472
7668,3.4513891202809366
7669,3.8599940523629024
7670,3.382448419357644
7671,4.717709501784971
7672,3.552218500763698
7673,3.9367528488132124
7674,3.9683517622713054
7675,3.9683517622713054
7676,3.9683517622713054
7677,3.9683517622713054
7678,3.9683517622713054
7679,2.828667696743226
7680,6.197481595302079
7681,6.425459866206818
7682,8.269416628272783
7683,6.196142790057168
7684,3.7894886988714824
7685,6.735803930592008
7686,5.685798258243442
7687,5.043959192133078
7688,7.337255981759529
7689,6.311517507483259
7690,6.197481595302079
7691,6.197481595302079
7692,6.197481595302079
7693,6.197481595302079
7694,6.197481595302079
7695,5.668119091736512
7696,2.91812812977439
7697,2.9182921312506562
7698,2.7482893990490878
7699,2.9193371291548127
7700,4.743361021511811
7701,3.14473596827706
7702,3.2556929406238124
7703,3.1001265319504796
7704,2.537829441132607
7705,2.836286612913233
7706,2.91812812977439
7707,2.91812812977439
7708,2.91812812977439
7709,2.91812812977439
7710,2.91812812977439
7711,4.792352453371723
7712,6.032103208713598
7713,6.0014136149462605
7714,6.346388954317778
7715,6.030631654627226
7716,5.2866794936777115
7717,5.655861995026276
7718,5.026381157146932
7719,7.051156250967702
7720,5.1589347958076734
7721,5.926437938360045
7722,6.032103208713598
7723,6.032103208713598
7724,6.032103208713598
7725,6.032103208713598
7726,6.032103208713598
7727,4.137253204190917
7728,2.8904315247166306
7729,2.4919566412617074
7730,2.5740451820363215
7731,2.899975163887107
7732,3.3912124148804796
7733,2.6217556291518895
7734,3.8292506661253825
7735,2.942924264106628
7736,3.632698511892976
7737,2.905006211208875
7738,2.8904315247166306
7739,2.8904315247166306
7740,2.8904315247166306
7741,2.8904315247166306
7742,2.8904315247166306
7743,4.335202218138798
7744,6.62284058259486
7745,6.218689313686403
7746,6.164474124217764
7747,6.639063865877244
7748,7.482117006192928
7749,4.884086969004576
7750,5.549075287460242
7751,6.733380291893741
7752,6.775095262805401
7753,6.597893414809925
7754,6.62284058259486
7755,6.62284058259486
7756,6.62284058259486
7757,6.62284058259486
7758,6.62284058259486
7759,4.429744308010021
7760,3.6954698425407204
7761,3.7347996170311344
7762,3.6666483915256816
7763,3.6922865140663537
7764,3.173989885666521
7765,3.937569141677614
7766,4.022856739355382
7767,4.169305755428016
7768,3.479621968101126
7769,3.770784176036531
7770,3.6954698425407204
7771,3.6954698425407204
7772,3.6954698425407204
7773,3.6954698425407204
7774,3.6954698425407204
7775,3.989555672485688
7776,4.4673221529196825
7777,4.468828946038156
7778,4.446639511744557
7779,4.4671977547372235
7780,6.299632638541286
7781,5.266870425358797
7782,3.3659264253359873
7783,4.602667696582991
7784,4.403723723207472
7785,4.560986803075896
7786,4.4673221529196825
7787,4.4673221529196825
7788,4.4673221529196825
7789,4.4673221529196825
7790,4.4673221529196825
7791,5.83090801334129
7792,6.5414190883552115
7793,7.687200114172759
7794,5.692778956416071
7795,6.535950397175858
7796,4.685208933246298
7797,5.827817297721698
7798,8.091504535239745
7799,5.333351895719189
7800,6.229550406244007
7801,6.354832474987529
7802,6.5414190883552115
7803,6.5414190883552115
7804,6.5414190883552115
7805,6.5414190883552115
7806,6.5414190883552115
7807,3.923890139550139
7808,4.367456749373651
7809,4.322511745794415
7810,4.341134576401145
7811,4.366299593619124
7812,4.240777514855394
7813,4.383862805416497
7814,5.38067576130947
7815,4.26955442040016
7816,3.1739092256251364
7817,4.370369891315067
7818,4.367456749373651
7819,4.367456749373651
7820,4.367456749373651
7821,4.367456749373651
7822,4.367456749373651
7823,3.7802431317167207
7824,3.6411140086045077
7825,3.760203198077724
7826,3.64733690904175
7827,3.6414438456520526
7828,3.51499445220894
7829,3.6494087363133016
7830,3.339170176943998
7831,3.9984563395884485
7832,4.766907546529386
7833,3.644947760725402
7834,3.6411140086045077
7835,3.6411140086045077
7836,3.6411140086045077
7837,3.6411140086045077
7838,3.6411140086045077
7839,4.84447260843748
7840,6.380184202972018
7841,7.036850618615074
7842,6.3767570184566384
7843,6.3799461856346396
7844,6.926889369126516
7845,6.40950254676867
7846,5.382396130564883
7847,7.138965580282728
7848,6.817915233626569
7849,6.49888583388737
7850,6.380184202972018
7851,6.380184202972018
7852,6.380184202972018
7853,6.380184202972018
7854,6.380184202972018
7855,8.27937932516502
7856,4.163102480811785
7857,3.5862541711562836
7858,3.955086708457449
7859,4.158999939675205
7860,3.9082458441055055
7861,4.170272418369492
7862,5.468449664770251
7863,3.5916117931513467
7864,3.825456407675553
7865,4.143767259421056
7866,4.163102480811785
7867,4.163102480811785
7868,4.163102480811785
7869,4.163102480811785
7870,4.163102480811785
7871,3.4086402453741003
7872,3.595050376668185
7873,3.3028058241330944
7874,5.415425677317885
7875,3.58954244315626
7876,3.7502381028842198
7877,4.478276374091033
7878,4.058697221490235
7879,2.892032098322055
7880,3.5101670049706684
7881,3.6260996036873046
7882,3.595050376668185
7883,3.595050376668185
7884,3.595050376668185
7885,3.595050376668185
7886,3.595050376668185
7887,4.602633770415145
7888,8.7028686407211
7889,10.061838393089658
7890,7.105065372618379
7891,8.72029710266176
7892,8.147626873445263
7893,7.251072634704048
7894,7.917974659790205
7895,9.356402601806021
7896,9.732841217531654
7897,8.569088561919322
7898,8.7028686407211
7899,8.7028686407211
7900,8.7028686407211
7901,8.7028686407211
7902,8.7028686407211
7903,6.4988289751520725
7904,4.9539226631312365
7905,5.247504377803716
7906,5.215884575755964
7907,4.954202931957899
7908,5.008542051171802
7909,4.449865661704528
7910,3.7290046480953127
7911,5.630248142207178
7912,4.601689447141837
7913,4.965555846645832
7914,4.9539226631312365
7915,4.9539226631312365
7916,4.9539226631312365
7917,4.9539226631312365
7918,4.9539226631312365
7919,4.088707357025726
7920,3.114846624401261
7921,3.0956782340842626
7922,3.14697548832742
7923,3.115153052256832
7924,3.2327707589171406
7925,3.6902154305214006
7926,3.8939451400971734
7927,3.065039840883254
7928,3.4110705873780067
7929,3.127743344334388
7930,3.114846624401261
7931,3.114846624401261
7932,3.114846624401261
7933,3.114846624401261
7934,3.114846624401261
7935,4.690971436202041
7936,4.841749315202177
7937,4.757328760883034
7938,6.409567552156292
7939,4.834729310682969
7940,7.548103399355782
7941,3.8781405922513983
7942,3.3386611515454776
7943,4.861890389659697
7944,4.1574062158774545
7945,4.8665871437074
7946,4.841749315202177
7947,4.841749315202177
7948,4.841749315202177
7949,4.841749315202177
7950,4.841749315202177
7951,4.289821939536416
7952,4.381676640649483
7953,4.452704850258799
7954,4.29472592643009
7955,4.38531836521834
7956,2.9264640319469324
7957,4.741086056290253
7958,5.990946202825721
7959,3.8455272253957458
7960,5.219765390203933
7961,4.400587751820628
7962,4.381676640649483
7963,4.381676640649483
7964,4.381676640649483
7965,4.381676640649483
7966,4.381676640649483
7967,4.3135711016392575
7968,2.965401589960007
7969,2.962203680761461
7970,3.0352096402806614
7971,2.965347931111606
7972,3.1448246486628295
7973,3.6813632698210066
7974,2.8244206750171825
7975,2.895542944079036
7976,3.7972214879126787
7977,2.9350475921376096
7978,2.965401589960007
7979,2.965401589960007
7980,2.965401589960007
7981,2.965401589960007
7982,2.965401589960007
7983,4.842044100204986
7984,8.05339365482009
7985,8.773815382912938
7986,5.707563843944104
7987,8.061434951154231
7988,7.20725424605387
7989,7.2773302374393785
7990,7.489674147792863
7991,10.347143294240043
7992,6.618375483463703
7993,8.140381608159945
7994,8.05339365482009
7995,8.05339365482009
7996,8.05339365482009
7997,8.05339365482009
7998,8.05339365482009
7999,4.895436931775815
8000,4.728485433315702
8001,4.7069745661674185
8002,4.741556515117976
8003,4.729191729213482
8004,3.838848287211074
8005,5.051433490832559
8006,3.1540078236400864
8007,5.619118032368692
8008,4.663214447615931
8009,4.6836858988016425
8010,4.728485433315702
8011,4.728485433315702
8012,4.728485433315702
8013,4.728485433315702
8014,4.728485433315702
8015,3.1761289275764146
8016,3.7114344357572393
8017,3.63918654736747
8018,3.454403485767078
8019,3.708822405929486
8020,4.751191635736556
8021,3.9296524535441812
8022,5.4230800041342455
8023,3.4700086012471143
8024,3.7230209955388567
8025,3.7647366095660755
8026,3.7114344357572393
8027,3.7114344357572393
8028,3.7114344357572393
8029,3.7114344357572393
8030,3.7114344357572393
8031,6.397208879817531
8032,5.549268329922513
8033,5.623346459269269
8034,5.548382492147642
8035,5.549772925899818
8036,3.5537688204311935
8037,5.1215075538564525
8038,5.5608164573459
8039,4.7505218731640735
8040,5.22135288872691
8041,5.532770102980521
8042,5.549268329922513
8043,5.549268329922513
8044,5.549268329922513
8045,5.549268329922513
8046,5.549268329922513
8047,2.682145894350088
8048,4.663234959130192
8049,4.838481253336003
8050,5.223014740654641
8051,4.656225167045973
8052,7.092639823284287
8053,4.135551997891503
8054,4.796383748568111
8055,4.446712758624628
8056,4.580478582698517
8057,4.647388482585001
8058,4.663234959130192
8059,4.663234959130192
8060,4.663234959130192
8061,4.663234959130192
8062,4.663234959130192
8063,7.003420197252402
8064,3.47441272312305
8065,3.4423747020671125
8066,3.477033034268433
8067,3.4749248662058623
8068,3.612166386785103
8069,4.060599207659551
8070,3.0837472969467887
8071,4.102535610828228
8072,3.6942565716149374
8073,3.353693798559664
8074,3.47441272312305
8075,3.47441272312305
8076,3.47441272312305
8077,3.47441272312305
8078,3.47441272312305
8079,4.468564883474455
8080,7.200252333761114
8081,10.185164373327908
8082,5.8147027143468035
8083,7.187763114118215
8084,6.950806233640841
8085,5.852110377502516
8086,7.923719965815445
8087,6.730669096766406
8088,6.323550874495148
8089,7.305697973538155
8090,7.200252333761114
8091,7.200252333761114
8092,7.200252333761114
8093,7.200252333761114
8094,7.200252333761114
8095,5.070685216316239
8096,3.412649127122362
8097,3.5267286349962124
8098,3.3619767920616286
8099,3.412244243534806
8100,3.2567230306989323
8101,2.9585275656306975
8102,3.3546653448657633
8103,3.1913637806045063
8104,2.6374989486972567
8105,3.4488102237992915
8106,3.412649127122362
8107,3.412649127122362
8108,3.412649127122362
8109,3.412649127122362
8110,3.412649127122362
8111,2.0542770937231443
8112,7.004436095942536
8113,6.278503958765708
8114,7.296020966839957
8115,7.005713037966319
8116,7.082240383032559
8117,8.255575569483424
8118,6.762486434942907
8119,7.4773996677433
8120,8.879137576168898
8121,6.925616709790126
8122,7.004436095942536
8123,7.004436095942536
8124,7.004436095942536
8125,7.004436095942536
8126,7.004436095942536
8127,9.760648073737412
8128,4.977030600390991
8129,4.525425926991958
8130,7.904712835514655
8131,4.979905902895583
8132,5.1230886885034295
8133,5.075226021464071
8134,4.426847729807433
8135,4.909717268216835
8136,4.6197197185213
8137,5.062738890293792
8138,4.977030600390991
8139,4.977030600390991
8140,4.977030600390991
8141,4.977030600390991
8142,4.977030600390991
8143,5.0647763564148915
8144,4.150705347748242
8145,4.266107880205272
8146,4.048430537860104
8147,4.149817701284745
8148,4.11542386997413
8149,4.201184532649407
8150,4.896316296858521
8151,3.4467065827027303
8152,4.765654856022243
8153,4.109351104192069
8154,4.150705347748242
8155,4.150705347748242
8156,4.150705347748242
8157,4.150705347748242
8158,4.150705347748242
8159,4.603126818845235
8160,3.2346912603805187
8161,3.4091924548312202
8162,3.4237121001569193
8163,3.2348229419733157
8164,3.475963736077228
8165,3.326409733774423
8166,3.3767721723565436
8167,2.9645454204691792
8168,2.872440823367751
8169,3.1734188412151827
8170,3.2346912603805187
8171,3.2346912603805187
8172,3.2346912603805187
8173,3.2346912603805187
8174,3.2346912603805187
8175,3.666491162334602
8176,5.746295536302586
8177,5.1538941936316816
8178,5.030465914657114
8179,5.752744012662942
8180,5.211974885270944
8181,5.815751238129821
8182,6.062844048511517
8183,6.912197467428133
8184,6.749653446019198
8185,5.91363835683566
8186,5.746295536302586
8187,5.746295536302586
8188,5.746295536302586
8189,5.746295536302586
8190,5.746295536302586
8191,6.767382872255548
8192,4.110930971226805
8193,4.011185774641544
8194,4.136582295067155
8195,4.110838634299869
8196,5.480352775833586
8197,4.958252435555808
8198,4.108859058939222
8199,3.419217598757231
8200,5.13930649427226
8201,4.171826104935194
8202,4.110930971226805
8203,4.110930971226805
8204,4.110930971226805
8205,4.110930971226805
8206,4.110930971226805
8207,6.802950064898417
8208,4.45173073664832
8209,4.869872117993289
8210,4.855920526632349
8211,4.448055251648967
8212,3.0524685699553245
8213,3.890685856054615
8214,4.052083834965333
8215,6.039016909868019
8216,3.6442933758255207
8217,4.398217228881017
8218,4.45173073664832
8219,4.45173073664832
8220,4.45173073664832
8221,4.45173073664832
8222,4.45173073664832
8223,3.199330300393731
8224,3.9089824226952756
8225,4.047807222711847
8226,3.9088562196200463
8227,3.908888357173496
8228,5.380021338531728
8229,3.2738980702449156
8230,5.491446726466747
8231,2.868204613257078
8232,3.383597911270111
8233,3.817892393906123
8234,3.9089824226952756
8235,3.9089824226952756
8236,3.9089824226952756
8237,3.9089824226952756
8238,3.9089824226952756
8239,4.017429824154961
8240,6.205147324793776
8241,4.830881674065284
8242,5.610257017102654
8243,6.225525861400951
8244,4.975100041096448
8245,7.050825847208613
8246,3.8437185362804076
8247,8.624496527329173
8248,7.75492162133687
8249,6.364889468391065
8250,6.205147324793776
8251,6.205147324793776
8252,6.205147324793776
8253,6.205147324793776
8254,6.205147324793776
8255,4.523918072796919
8256,7.680029152036862
8257,7.440015327639546
8258,8.489882550365628
8259,7.682392949285921
8260,5.772428587208836
8261,7.93381937857438
8262,7.327909840612629
8263,5.620997815825796
8264,7.254164885539239
8265,7.418772223085434
8266,7.680029152036862
8267,7.680029152036862
8268,7.680029152036862
8269,7.680029152036862
8270,7.680029152036862
8271,3.7937128311224857
8272,3.4135562731741516
8273,4.704036243812403
8274,2.7534112917761386
8275,3.4029071652883087
8276,4.274776667536032
8277,3.655174862825455
8278,3.567094591010995
8279,3.8080996645434158
8280,3.517519145789203
8281,3.4622260155515097
8282,3.4135562731741516
8283,3.4135562731741516
8284,3.4135562731741516
8285,3.4135562731741516
8286,3.4135562731741516
8287,4.844181233252155
8288,4.032193258695948
8289,4.163205592727407
8290,4.77564708211799
8291,4.032708382542181
8292,3.364551621746073
8293,3.843601012841855
8294,5.691499653434377
8295,3.267203943420137
8296,3.8549282582450726
8297,4.084269078718853
8298,4.032193258695948
8299,4.032193258695948
8300,4.032193258695948
8301,4.032193258695948
8302,4.032193258695948
8303,4.521107437286401
8304,4.915456865462747
8305,4.715497528551289
8306,4.601450103265221
8307,4.919068460624802
8308,5.981409366451937
8309,4.786382449906509
8310,3.6251744499573353
8311,6.4615034985569455
8312,4.864893589877977
8313,4.880020663888042
8314,4.915456865462747
8315,4.915456865462747
8316,4.915456865462747
8317,4.915456865462747
8318,4.915456865462747
8319,5.127689570427392
8320,6.53981279677446
8321,6.870442474278955
8322,7.24379587981809
8323,6.540535879697127
8324,7.592860346063764
8325,5.582396554669377
8326,6.721599114586621
8327,5.081059232215154
8328,5.0398254840246395
8329,6.462866723105489
8330,6.53981279677446
8331,6.53981279677446
8332,6.53981279677446
8333,6.53981279677446
8334,6.53981279677446
8335,4.6382669298587
8336,3.6204756837855196
8337,3.6250998794030904
8338,3.4045936065127393
8339,3.6202803824321212
8340,3.123067404056899
8341,4.1678079771536085
8342,3.376755860358975
8343,4.135473977501868
8344,4.440558098335358
8345,3.65518643960869
8346,3.6204756837855196
8347,3.6204756837855196
8348,3.6204756837855196
8349,3.6204756837855196
8350,3.6204756837855196
8351,4.276112256976497
8352,3.5529914122217345
8353,3.56889802107081
8354,4.300198014021428
8355,3.5531971775726823
8356,2.8863077229276897
8357,4.286936885452987
8358,4.0588087884456225
8359,3.044198851560667
8360,3.929145528932635
8361,3.523510801537191
8362,3.5529914122217345
8363,3.5529914122217345
8364,3.5529914122217345
8365,3.5529914122217345
8366,3.5529914122217345
8367,4.9999005467314195
8368,5.495885526923562
8369,5.259653987621709
8370,5.3261884033979765
8371,5.480591854655969
8372,6.5166652544772425
8373,4.890085730826258
8374,4.489151876674647
8375,7.74676956580622
8376,4.874222484650386
8377,5.4731344384174765
8378,5.495885526923562
8379,5.495885526923562
8380,5.495885526923562
8381,5.495885526923562
8382,5.495885526923562
8383,5.560521931435411
8384,6.430845794307921
8385,5.929983024640726
8386,6.297488630771598
8387,6.422032338588243
8388,6.76834663292288
8389,7.44799919154072
8390,6.354688723450161
8391,5.368118955183544
8392,5.9394691034730736
8393,6.516580107304124
8394,6.430845794307921
8395,6.430845794307921
8396,6.430845794307921
8397,6.430845794307921
8398,6.430845794307921
8399,5.430208603195402
8400,2.4498739953083306
8401,2.4255549137941363
8402,2.4804989581897634
8403,2.454129430627426
8404,2.2740852741908766
8405,2.715086864505623
8406,2.6803553414318926
8407,3.337506615548465
8408,2.8802093478733153
8409,2.463720484828582
8410,2.4498739953083306
8411,2.4498739953083306
8412,2.4498739953083306
8413,2.4498739953083306
8414,2.4498739953083306
8415,4.448410876862358
8416,6.7401465175241135
8417,6.745360638127953
8418,6.773253561333558
8419,6.740458598668845
8420,6.045613991798482
8421,6.141348753678883
8422,7.639110586603865
8423,4.390323962451064
8424,6.167424363579595
8425,6.673754812823079
8426,6.7401465175241135
8427,6.7401465175241135
8428,6.7401465175241135
8429,6.7401465175241135
8430,6.7401465175241135
8431,3.7612077267127146
8432,4.449971842211477
8433,5.0715953616031335
8434,3.602946900127243
8435,4.4483722428524075
8436,5.277487472545622
8437,3.7155781860197545
8438,4.287879492948114
8439,5.618058623899069
8440,4.965657016801231
8441,4.517528137393361
8442,4.449971842211477
8443,4.449971842211477
8444,4.449971842211477
8445,4.449971842211477
8446,4.449971842211477
8447,5.374142608300119
8448,2.8880453380227413
8449,2.834663658879397
8450,2.9044632552628915
8451,2.8874766582206974
8452,2.2654554804522267
8453,2.746844749181056
8454,4.002322605201057
8455,3.585042075373112
8456,2.37679232732661
8457,2.9009703557806183
8458,2.8880453380227413
8459,2.8880453380227413
8460,2.8880453380227413
8461,2.8880453380227413
8462,2.8880453380227413
8463,3.0738810374914385
8464,5.690003961995979
8465,7.0306147042397695
8466,5.520656724915154
8467,5.701276933188152
8468,7.154006899868658
8469,5.26897219099033
8470,4.381888558750941
8471,4.8656427878041955
8472,7.108050853372775
8473,5.602614105788651
8474,5.690003961995979
8475,5.690003961995979
8476,5.690003961995979
8477,5.690003961995979
8478,5.690003961995979
8479,6.326216827534988
8480,5.269831265166305
8481,5.430979516043227
8482,5.195784783028843
8483,5.26936391936286
8484,4.462332556697424
8485,5.328419690454703
8486,6.217916723426743
8487,6.625478909555968
8488,6.380907646694404
8489,5.275373339368731
8490,5.269831265166305
8491,5.269831265166305
8492,5.269831265166305
8493,5.269831265166305
8494,5.269831265166305
8495,8.04583770781152
8496,4.579911831355225
8497,3.9116286235567306
8498,4.298001677352191
8499,4.575320291586124
8500,5.442238355146465
8501,4.636363301750172
8502,3.945259716333306
8503,3.4727791811471262
8504,4.089501197513898
8505,4.57345167262514
8506,4.579911831355225
8507,4.579911831355225
8508,4.579911831355225
8509,4.579911831355225
8510,4.579911831355225
8511,2.630513099617024
8512,2.819710547416052
8513,2.6945434288296983
8514,3.0968733690765005
8515,2.8198101968247777
8516,3.899262373884705
8517,3.1685087269662113
8518,3.3365931175639036
8519,3.42628001423004
8520,2.836596585486222
8521,2.822296138403826
8522,2.819710547416052
8523,2.819710547416052
8524,2.819710547416052
8525,2.819710547416052
8526,2.819710547416052
8527,6.337005697440053
8528,9.625478983607206
8529,10.01737603931586
8530,9.379459240107963
8531,9.630259670985941
8532,7.13109941185186
8533,7.806403191936221
8534,7.841477338831592
8535,6.822947892008358
8536,9.456778300279465
8537,9.702467622335147
8538,9.625478983607206
8539,9.625478983607206
8540,9.625478983607206
8541,9.625478983607206
8542,9.625478983607206
8543,3.3382746181414054
8544,4.369308237020965
8545,4.70090852917034
8546,4.965891398311934
8547,4.369041142488832
8548,5.460718300831083
8549,3.966748961405699
8550,4.466414237136443
8551,6.3522870100187045
8552,4.3103592631036065
8553,4.466791408454886
8554,4.369308237020965
8555,4.369308237020965
8556,4.369308237020965
8557,4.369308237020965
8558,4.369308237020965
8559,11.009608691636297
8560,4.113909461374277
8561,3.9059090830648913
8562,3.69978154955837
8563,4.10662568357745
8564,3.159735717451845
8565,5.007187175977837
8566,3.6377554857300742
8567,3.241041734531724
8568,3.838800832245503
8569,4.0968996964142335
8570,4.113909461374277
8571,4.113909461374277
8572,4.113909461374277
8573,4.113909461374277
8574,4.113909461374277
8575,2.0961405924093692
8576,4.52415628864415
8577,4.627744942605937
8578,4.926690016619948
8579,4.526785559524098
8580,3.790812543980801
8581,4.941418501986094
8582,6.20135034164018
8583,5.486666587593336
8584,4.801488872630784
8585,4.4914354489798205
8586,4.52415628864415
8587,4.52415628864415
8588,4.52415628864415
8589,4.52415628864415
8590,4.52415628864415
8591,8.24806306772193
8592,4.168514321206288
8593,4.266199724291627
8594,4.1059111756541515
8595,4.165561172968907
8596,5.458058841946249
8597,4.378078243411342
8598,3.2279852292215794
8599,3.0123972355542157
8600,3.7162044569616284
8601,4.24170242794761
8602,4.168514321206288
8603,4.168514321206288
8604,4.168514321206288
8605,4.168514321206288
8606,4.168514321206288
8607,2.843795036114863
8608,5.125837902313553
8609,5.110566289085672
8610,6.239557333583412
8611,5.125807615694559
8612,5.495541779028383
8613,5.102249022602549
8614,5.013929898257153
8615,7.786231194090229
8616,3.8247490822592978
8617,5.2185959591846185
8618,5.125837902313553
8619,5.125837902313553
8620,5.125837902313553
8621,5.125837902313553
8622,5.125837902313553
8623,6.886571330730764
8624,4.98116183155178
8625,4.636712320098947
8626,3.417166647414268
8627,4.989371647689103
8628,4.213312923560312
8629,4.840015749340429
8630,5.824228540435802
8631,4.012720046342673
8632,6.857550803670608
8633,4.810463496831609
8634,4.98116183155178
8635,4.98116183155178
8636,4.98116183155178
8637,4.98116183155178
8638,4.98116183155178
8639,3.371908173565682
8640,4.709526377032444
8641,4.8356490972164625
8642,4.862506067199007
8643,4.703140508113036
8644,4.33322624130017
8645,3.5614569036004173
8646,5.61891378457139
8647,5.973235236674114
8648,4.466566417215746
8649,4.804794652988925
8650,4.709526377032444
8651,4.709526377032444
8652,4.709526377032444
8653,4.709526377032444
8654,4.709526377032444
8655,5.017761367400454
8656,4.855993169014418
8657,4.671167554091567
8658,4.908489046188178
8659,4.855787043968382
8660,5.489406768318442
8661,5.090617981297839
8662,3.966623232709395
8663,4.333044098057347
8664,5.435266382858952
8665,4.734905981366779
8666,4.855993169014418
8667,4.855993169014418
8668,4.855993169014418
8669,4.855993169014418
8670,4.855993169014418
8671,4.439230838477878
8672,3.547889218014922
8673,3.544256824826413
8674,3.5755720237712407
8675,3.548530326453358
8676,3.853491732088955
8677,4.563791823525171
8678,3.0122249267261267
8679,4.197559205372097
8680,3.525235174511556
8681,3.500168659387521
8682,3.547889218014922
8683,3.547889218014922
8684,3.547889218014922
8685,3.547889218014922
8686,3.547889218014922
8687,4.780723108135346
8688,5.9479789975347215
8689,5.686380717568037
8690,5.835865556847431
8691,5.966166582438933
8692,5.3204037268266395
8693,5.695382861407546
8694,7.04454931958435
8695,4.140317448333585
8696,6.364355390456603
8697,5.9923405075007885
8698,5.9479789975347215
8699,5.9479789975347215
8700,5.9479789975347215
8701,5.9479789975347215
8702,5.9479789975347215
8703,4.308286098500196
8704,3.8401207117982485
8705,3.9993887380470197
8706,3.8716565475452955
8707,3.841918162961654
8708,4.31563733345789
8709,4.1522163237512
8710,4.323172164176907
8711,3.194873328143658
8712,3.0908394339469236
8713,3.704089217464952
8714,3.8401207117982485
8715,3.8401207117982485
8716,3.8401207117982485
8717,3.8401207117982485
8718,3.8401207117982485
8719,3.6118770307724257
8720,6.201412359395834
8721,6.187581201226318
8722,6.2763463657092755
8723,6.19001791738186
8724,5.218963480373751
8725,4.738214127340406
8726,6.002742428863947
8727,6.501388578251548
8728,7.171904929803166
8729,6.283541638369216
8730,6.201412359395834
8731,6.201412359395834
8732,6.201412359395834
8733,6.201412359395834
8734,6.201412359395834
8735,4.748293147186064
8736,3.936501156906369
8737,3.908194697889372
8738,3.943333301681729
8739,3.936869919476571
8740,3.3470195131400895
8741,3.687136399869737
8742,2.909009735150376
8743,4.495722331696502
8744,4.799216604028345
8745,3.975331157853678
8746,3.936501156906369
8747,3.936501156906369
8748,3.936501156906369
8749,3.936501156906369
8750,3.936501156906369
8751,3.251190335473756
8752,4.2291541096628045
8753,3.675458852476461
8754,4.079727614707352
8755,4.226024352079272
8756,5.371681727672661
8757,5.419337646729164
8758,5.62823932939627
8759,4.385203211382474
8760,3.4030603562634494
8761,4.183052308136885
8762,4.2291541096628045
8763,4.2291541096628045
8764,4.2291541096628045
8765,4.2291541096628045
8766,4.2291541096628045
8767,6.230235494960393
8768,2.204854270677571
8769,2.0767486510763704
8770,2.4196747022416676
8771,2.2036437993099365
8772,2.3112790988455334
8773,2.3345600791538526
8774,2.5051480864991738
8775,2.218382569424629
8776,2.2461684753759577
8777,2.238415851260374
8778,2.204854270677571
8779,2.204854270677571
8780,2.204854270677571
8781,2.204854270677571
8782,2.204854270677571
8783,2.8994677258649237
8784,8.073550661745424
8785,8.202965743779705
8786,7.583476885233498
8787,8.074933400771549
8788,7.61416326260458
8789,8.549706154830023
8790,6.743693232948607
8791,9.274982627815502
8792,8.604721506665523
8793,7.985943373861448
8794,8.073550661745424
8795,8.073550661745424
8796,8.073550661745424
8797,8.073550661745424
8798,8.073550661745424
8799,7.641018125015595
8800,4.83455596298313
8801,4.833861507018848
8802,6.053412656336514
8803,4.834831652537304
8804,4.161717644351709
8805,4.400081197677341
8806,3.855091026165768
8807,5.050746754460394
8808,4.663029468759256
8809,4.736284750768702
8810,4.83455596298313
8811,4.83455596298313
8812,4.83455596298313
8813,4.83455596298313
8814,4.83455596298313
8815,3.585793326077392
8816,6.195260724087482
8817,7.09762933608976
8818,5.000846179139931
8819,6.215392121738705
8820,7.083324690027508
8821,5.5211119820811545
8822,7.243085651366512
8823,4.958656228824641
8824,6.5332834870741125
8825,6.371588950113455
8826,6.195260724087482
8827,6.195260724087482
8828,6.195260724087482
8829,6.195260724087482
8830,6.195260724087482
8831,5.564590966550731
8832,4.1044385685878595
8833,4.026596885474734
8834,4.391688310610059
8835,4.103186522489305
8836,3.2798526582550864
8837,3.4457655359207644
8838,3.621584089059571
8839,4.099275658283193
8840,5.649733089312878
8841,4.131197496776064
8842,4.1044385685878595
8843,4.1044385685878595
8844,4.1044385685878595
8845,4.1044385685878595
8846,4.1044385685878595
8847,3.439249363231289
8848,4.03345159622501
8849,4.189449904053186
8850,4.0004983206882425
8851,4.034644439278763
8852,4.929410286305972
8853,4.8553136908007355
8854,4.964811982575762
8855,4.6476842984838935
8856,3.0695093307495545
8857,4.054805448329496
8858,4.03345159622501
8859,4.03345159622501
8860,4.03345159622501
8861,4.03345159622501
8862,4.03345159622501
8863,6.429316564822384
8864,4.341963968170553
8865,4.606023041362924
8866,4.856249364870457
8867,4.341592012638362
8868,3.2969049028316415
8869,4.898468292482568
8870,3.4375431836571764
8871,4.7146136317309875
8872,4.283639863547387
8873,4.300706487733717
8874,4.341963968170553
8875,4.341963968170553
8876,4.341963968170553
8877,4.341963968170553
8878,4.341963968170553
8879,5.059588182870023
8880,4.858047185657023
8881,4.187284938319504
8882,4.093133408176396
8883,4.849300055235957
8884,6.422079615847037
8885,4.137530923928981
8886,6.889807846084362
8887,3.9757776279168464
8888,5.264786028958133
8889,4.911975090495048
8890,4.858047185657023
8891,4.858047185657023
8892,4.858047185657023
8893,4.858047185657023
8894,4.858047185657023
8895,5.677926926668758
8896,4.2963170739304255
8897,3.9177671735974426
8898,4.37950047968704
8899,4.296868121873339
8900,5.496217167896479
8901,4.420985474515567
8902,3.862343591247656
8903,3.660762365022466
8904,4.635248574745596
8905,4.259652466438638
8906,4.2963170739304255
8907,4.2963170739304255
8908,4.2963170739304255
8909,4.2963170739304255
8910,4.2963170739304255
8911,4.194286437486325
8912,6.485515453746573
8913,7.271706971628265
8914,6.381136043401908
8915,6.488559022094963
8916,4.781418574266103
8917,6.679128955076646
8918,6.881718910789313
8919,7.110728462667799
8920,5.790954405585314
8921,6.591239321595422
8922,6.485515453746573
8923,6.485515453746573
8924,6.485515453746573
8925,6.485515453746573
8926,6.485515453746573
8927,5.701977077369046
8928,2.6246926776267334
8929,2.722070090474934
8930,2.646059779560547
8931,2.6248853848198164
8932,3.8728108245132997
8933,2.6670949746870636
8934,2.1977885634442655
8935,2.838623703537408
8936,2.724254968097595
8937,2.6221787727056904
8938,2.6246926776267334
8939,2.6246926776267334
8940,2.6246926776267334
8941,2.6246926776267334
8942,2.6246926776267334
8943,3.7816752822228636
8944,7.57767394147656
8945,7.176594030011756
8946,7.146891592509849
8947,7.560592721357294
8948,5.654254193258411
8949,7.894427900444395
8950,9.28127794049163
8951,7.287241362370767
8952,6.853757873139962
8953,7.557441347201192
8954,7.57767394147656
8955,7.57767394147656
8956,7.57767394147656
8957,7.57767394147656
8958,7.57767394147656
8959,5.680153409247818
8960,4.495645930338801
8961,4.477028676374121
8962,4.476385903541756
8963,4.496259178684874
8964,3.5859240056291997
8965,4.8128652346814205
8966,3.6266358802922856
8967,4.520739530560942
8968,5.021983107083151
8969,4.494560597037529
8970,4.495645930338801
8971,4.495645930338801
8972,4.495645930338801
8973,4.495645930338801
8974,4.495645930338801
8975,3.4023461655216956
8976,4.730873437549983
8977,4.8099471212749885
8978,4.788544627450539
8979,4.7319310575873565
8980,5.947271797904014
8981,5.211429502835294
8982,5.19810780655345
8983,4.254881214324589
8984,3.9658537064301695
8985,4.726825981649513
8986,4.730873437549983
8987,4.730873437549983
8988,4.730873437549983
8989,4.730873437549983
8990,4.730873437549983
8991,5.584427349318311
8992,4.06090678368852
8993,4.032530268187607
8994,4.053024097138879
8995,4.061943659868145
8996,4.439868699392376
8997,3.7721672998588276
8998,3.65178798086809
8999,4.012288302944445
9000,3.299524677696529
9001,4.1284654802569465
9002,4.06090678368852
9003,4.06090678368852
9004,4.06090678368852
9005,4.06090678368852
9006,4.06090678368852
9007,3.031634578463343
9008,6.929004657768323
9009,7.5901236751884555
9010,5.268176688966069
9011,6.898529151405139
9012,6.206400271015421
9013,6.362009912056234
9014,6.926697789462321
9015,8.571813146289312
9016,8.338254455764613
9017,6.887808747098758
9018,6.929004657768323
9019,6.929004657768323
9020,6.929004657768323
9021,6.929004657768323
9022,6.929004657768323
9023,6.755627965767674
9024,5.551514251638085
9025,5.5529044177100575
9026,6.241021580360042
9027,5.548403855985806
9028,5.136174213803247
9029,5.923957445565448
9030,5.25691135740648
9031,6.739526629202593
9032,5.906927943403304
9033,5.594555678505607
9034,5.551514251638085
9035,5.551514251638085
9036,5.551514251638085
9037,5.551514251638085
9038,5.551514251638085
9039,7.7455482876170105
9040,3.4126847165434597
9041,3.316985457204457
9042,2.938779964377697
9043,3.4233493605911387
9044,3.9855845381375126
9045,2.6067790762702967
9046,3.6973255512714287
9047,3.202723113596162
9048,3.3782664672309695
9049,3.3623522281207885
9050,3.4126847165434597
9051,3.4126847165434597
9052,3.4126847165434597
9053,3.4126847165434597
9054,3.4126847165434597
9055,2.7577046271285743
9056,4.447152013582333
9057,4.497434612814179
9058,5.604372353846686
9059,4.447131370720323
9060,4.693120233656414
9061,4.108993343301593
9062,4.742387812440425
9063,3.6776766447566156
9064,4.54930625589668
9065,4.45374637068128
9066,4.447152013582333
9067,4.447152013582333
9068,4.447152013582333
9069,4.447152013582333
9070,4.447152013582333
9071,5.141353437141438
9072,4.55954462803204
9073,4.731730768177055
9074,4.528865059489616
9075,4.560546414760099
9076,3.974635620077797
9077,5.742972922782777
9078,4.403958246028084
9079,4.38233109181896
9080,4.601347686716418
9081,4.571308239182647
9082,4.55954462803204
9083,4.55954462803204
9084,4.55954462803204
9085,4.55954462803204
9086,4.55954462803204
9087,4.8697193791289966
9088,4.319373995882838
9089,4.252060833343852
9090,4.6168664472029946
9091,4.319546400954673
9092,5.935522057909501
9093,4.257760367974569
9094,2.8485824112102645
9095,5.4107499701605
9096,3.874672437257598
9097,4.400878412013871
9098,4.319373995882838
9099,4.319373995882838
9100,4.319373995882838
9101,4.319373995882838
9102,4.319373995882838
9103,4.493294421232526
9104,3.9398646811433524
9105,5.28396424830123
9106,3.300757332572646
9107,3.938111195401986
9108,3.067817072116068
9109,3.9476622049540633
9110,5.683018200101313
9111,3.76437319986461
9112,4.513429921159856
9113,3.8294717881099007
9114,3.9398646811433524
9115,3.9398646811433524
9116,3.9398646811433524
9117,3.9398646811433524
9118,3.9398646811433524
9119,4.077693459997607
9120,4.043425523525785
9121,4.1198142325106
9122,4.770907803307967
9123,4.042337504612373
9124,5.610886523614311
9125,3.979823159115784
9126,3.7891701500103996
9127,3.5757060684102187
9128,5.440999955397606
9129,3.974885883409386
9130,4.043425523525785
9131,4.043425523525785
9132,4.043425523525785
9133,4.043425523525785
9134,4.043425523525785
9135,7.773231642561338
9136,7.317685152138502
9137,6.368594871065124
9138,6.647339953529564
9139,7.33140757213772
9140,4.882587187106365
9141,7.306885159815087
9142,7.50106387925096
9143,7.522944558981262
9144,5.809119049748584
9145,7.361882059203641
9146,7.317685152138502
9147,7.317685152138502
9148,7.317685152138502
9149,7.317685152138502
9150,7.317685152138502
9151,3.46090340905216
9152,7.082074782025266
9153,6.19379409886897
9154,7.247668008488789
9155,7.090271888302322
9156,5.621189297905946
9157,5.954762771765529
9158,5.480054130540205
9159,7.123248441329398
9160,7.998540255825097
9161,7.056471478199663
9162,7.082074782025266
9163,7.082074782025266
9164,7.082074782025266
9165,7.082074782025266
9166,7.082074782025266
9167,3.716346439099602
9168,3.738948194600581
9169,3.8634076043905896
9170,4.101955767847782
9171,3.7363585952497935
9172,4.673038680968643
9173,4.527955286912635
9174,5.333520774851648
9175,3.3447538220904103
9176,3.285658846905074
9177,3.820163078065471
9178,3.738948194600581
9179,3.738948194600581
9180,3.738948194600581
9181,3.738948194600581
9182,3.738948194600581
9183,7.654358793418899
9184,5.042143114998366
9185,5.236015214217175
9186,5.044759489888789
9187,5.042390512051455
9188,3.7471534271208538
9189,5.7623665334164915
9190,5.462598994668177
9191,4.492186836291964
9192,5.3772455288254815
9193,5.15333039678595
9194,5.042143114998366
9195,5.042143114998366
9196,5.042143114998366
9197,5.042143114998366
9198,5.042143114998366
9199,4.772512948625436
9200,3.7577693825456713
9201,3.318083010428847
9202,3.432323869110428
9203,3.7608437683480807
9204,5.118260222226393
9205,3.2365978065097845
9206,3.7146453156275046
9207,4.262271122067801
9208,3.211961132848748
9209,3.6600422615018053
9210,3.7577693825456713
9211,3.7577693825456713
9212,3.7577693825456713
9213,3.7577693825456713
9214,3.7577693825456713
9215,3.673406019855402
9216,6.550016910896736
9217,6.642466638873843
9218,8.242924588184511
9219,6.550725917533324
9220,5.306474501570624
9221,5.814688401154331
9222,4.841860273857528
9223,7.670498759868169
9224,6.293996242061658
9225,6.363274008953664
9226,6.550016910896736
9227,6.550016910896736
9228,6.550016910896736
9229,6.550016910896736
9230,6.550016910896736
9231,4.805816963394599
9232,3.292158599482437
9233,3.253632580033108
9234,2.7450089899039836
9235,3.2926576690920872
9236,4.049595876683864
9237,3.0043708723922977
9238,4.781822286600422
9239,3.076796611524332
9240,3.3924676996656262
9241,3.344757140233424
9242,3.292158599482437
9243,3.292158599482437
9244,3.292158599482437
9245,3.292158599482437
9246,3.292158599482437
9247,4.465324917710399
9248,4.1971761647365895
9249,4.171556038825446
9250,4.2764440845639236
9251,4.199569192185618
9252,4.745548255654955
9253,4.7127212243196865
9254,4.468618774218186
9255,5.549430946589572
9256,4.0238739032322375
9257,4.130123445705754
9258,4.1971761647365895
9259,4.1971761647365895
9260,4.1971761647365895
9261,4.1971761647365895
9262,4.1971761647365895
9263,7.1779710306932385
9264,6.221484415610718
9265,5.220329274350447
9266,5.173221143147999
9267,6.199287555568674
9268,5.5509695721908425
9269,7.7474949855590935
9270,6.3824966892043244
9271,4.163594789073071
9272,5.980418567981665
9273,6.267924064919281
9274,6.221484415610718
9275,6.221484415610718
9276,6.221484415610718
9277,6.221484415610718
9278,6.221484415610718
9279,3.3650478483640986
9280,5.909722169856723
9281,5.582032578885623
9282,5.802369669250958
9283,5.8983177761926004
9284,5.000297460845884
9285,5.19793121110212
9286,4.041432254445343
9287,6.877006371463296
9288,5.166414408088513
9289,5.806780240743624
9290,5.909722169856723
9291,5.909722169856723
9292,5.909722169856723
9293,5.909722169856723
9294,5.909722169856723
9295,2.868950512768539
9296,3.8362205469263992
9297,3.8349146661182525
9298,3.868732060253042
9299,3.839701315618889
9300,4.254614532720945
9301,4.720549401199032
9302,5.330605047920289
9303,3.0385182063814478
9304,4.453402718073956
9305,3.872837342387488
9306,3.8362205469263992
9307,3.8362205469263992
9308,3.8362205469263992
9309,3.8362205469263992
9310,3.8362205469263992
9311,6.872103666608267
9312,2.4980089351687877
9313,2.4976768052989247
9314,2.476953243230943
9315,2.498331330690505
9316,2.7959186008296277
9317,2.7551139924147177
9318,2.389175796196895
9319,3.806413528795834
9320,3.1125025496854124
9321,2.4627504184348443
9322,2.4980089351687877
9323,2.4980089351687877
9324,2.4980089351687877
9325,2.4980089351687877
9326,2.4980089351687877
9327,5.594198786464242
9328,7.831457240834028
9329,9.812048403480796
9330,8.871436866879387
9331,7.837361702376564
9332,7.538397988900436
9333,6.309482234814923
9334,7.735065832989423
9335,5.728942503805562
9336,6.6423274002964705
9337,8.135571548236697
9338,7.831457240834028
9339,7.831457240834028
9340,7.831457240834028
9341,7.831457240834028
9342,7.831457240834028
9343,5.478236794242225
9344,4.974347692626654
9345,4.952082553508193
9346,4.907664356165118
9347,4.974248394310603
9348,3.6854218108542343
9349,4.721767220402596
9350,4.52426003645928
9351,5.451386243408628
9352,4.517340471773569
9353,5.003014220891539
9354,4.974347692626654
9355,4.974347692626654
9356,4.974347692626654
9357,4.974347692626654
9358,4.974347692626654
9359,3.1514710547669487
9360,4.659929522731428
9361,5.11396130465415
9362,4.645576189540054
9363,4.658442602960101
9364,5.948986071714083
9365,4.292791162337907
9366,5.171485927144929
9367,3.4503233935199322
9368,5.473569773442624
9369,4.692128684219973
9370,4.659929522731428
9371,4.659929522731428
9372,4.659929522731428
9373,4.659929522731428
9374,4.659929522731428
9375,5.765331578953692
9376,3.1914091978212933
9377,3.3642458344478547
9378,3.2102634176987066
9379,3.1914118508737457
9380,2.697017302977849
9381,3.2543721105005385
9382,3.28967061953449
9383,5.1440444228802935
9384,2.89850229513606
9385,3.089789818985575
9386,3.1914091978212933
9387,3.1914091978212933
9388,3.1914091978212933
9389,3.1914091978212933
9390,3.1914091978212933
9391,4.36108962243605
9392,5.483224858947314
9393,4.642604337902242
9394,6.1128172577744895
9395,5.497290112303788
9396,6.793949825070265
9397,5.580970366176044
9398,5.460942228814047
9399,4.1395533416669075
9400,6.2562031435779035
9401,5.693086715982061
9402,5.483224858947314
9403,5.483224858947314
9404,5.483224858947314
9405,5.483224858947314
9406,5.483224858947314
9407,5.583004567390052
9408,2.930841503523241
9409,2.845292232924553
9410,3.504935104005206
9411,2.9315386330981403
9412,4.053552460034121
9413,3.229155493373877
9414,2.453781715006365
9415,3.5700496210011483
9416,3.187169875966326
9417,2.8466673783204377
9418,2.930841503523241
9419,2.930841503523241
9420,2.930841503523241
9421,2.930841503523241
9422,2.930841503523241
9423,4.952565988223765
9424,6.681079651808322
9425,8.3092358706716
9426,5.901349070195844
9427,6.671145755396414
9428,4.823555459822907
9429,5.454055300955598
9430,7.218741788652878
9431,6.334916839596632
9432,5.712611620550797
9433,6.959797948256841
9434,6.681079651808322
9435,6.681079651808322
9436,6.681079651808322
9437,6.681079651808322
9438,6.681079651808322
9439,3.5799245056843048
9440,3.9153139430594623
9441,4.062661812477195
9442,3.984725960141521
9443,3.9151746930259956
9444,5.01611040819406
9445,3.496018492866256
9446,3.5570978432889615
9447,5.082632311788698
9448,2.9586531473815976
9449,3.914784706863037
9450,3.9153139430594623
9451,3.9153139430594623
9452,3.9153139430594623
9453,3.9153139430594623
9454,3.9153139430594623
9455,4.188267035756223
9456,6.3843378750011475
9457,6.124475983656676
9458,6.19217249232952
9459,6.387867478268215
9460,4.972878512574191
9461,7.925416133676747
9462,6.152164201465745
9463,4.386083705119121
9464,8.170061074301026
9465,6.365388149575733
9466,6.3843378750011475
9467,6.3843378750011475
9468,6.3843378750011475
9469,6.3843378750011475
9470,6.3843378750011475
9471,4.764461783208184
9472,4.498433395021032
9473,4.518053258045649
9474,5.5362435539283705
9475,4.502121888706654
9476,5.3683371916612
9477,4.391779668315129
9478,3.988387736897447
9479,3.887873245428378
9480,4.518046002705477
9481,4.494782983006964
9482,4.498433395021032
9483,4.498433395021032
9484,4.498433395021032
9485,4.498433395021032
9486,4.498433395021032
9487,5.003278371492519
9488,3.9511855205016473
9489,3.9354802115673064
9490,3.981852893734003
9491,3.95208610273715
9492,3.4477332864926766
9493,5.018675001777169
9494,4.352792027709284
9495,4.8583669616285565
9496,3.923500439856057
9497,3.947878642620729
9498,3.9511855205016473
9499,3.9511855205016473
9500,3.9511855205016473
9501,3.9511855205016473
9502,3.9511855205016473
9503,5.693674380168553
9504,6.031170750552742
9505,6.031588209758488
9506,6.147470656796562
9507,6.030744883888957
9508,4.8512408760234536
9509,6.318953043416566
9510,4.873702526247819
9511,3.7474574920943406
9512,6.10575750462
9513,6.293781425166488
9514,6.031170750552742
9515,6.031170750552742
9516,6.031170750552742
9517,6.031170750552742
9518,6.031170750552742
9519,2.6850829816169797
9520,6.632330462788004
9521,6.241386350402199
9522,4.638447167612324
9523,6.627121547757218
9524,7.774356485475325
9525,4.741687990643473
9526,8.263971419320592
9527,9.32904441993532
9528,6.1563492127580846
9529,6.429685609934414
9530,6.632330462788004
9531,6.632330462788004
9532,6.632330462788004
9533,6.632330462788004
9534,6.632330462788004
9535,6.438583994307437
9536,5.213424334061493
9537,5.47106660022195
9538,5.176172192222883
9539,5.211089536201766
9540,5.4482082451238565
9541,4.93497174613876
9542,4.626341038201331
9543,4.528869028743189
9544,6.367986883967542
9545,5.380007795006254
9546,5.213424334061493
9547,5.213424334061493
9548,5.213424334061493
9549,5.213424334061493
9550,5.213424334061493
9551,5.180639822142896
9552,4.411458744196901
9553,4.403333117179957
9554,3.8899660631573205
9555,4.411145735141707
9556,4.328167004099464
9557,4.226844789851085
9558,5.162269350630283
9559,4.932688068592649
9560,3.726461131613255
9561,4.2375925443046105
9562,4.411458744196901
9563,4.411458744196901
9564,4.411458744196901
9565,4.411458744196901
9566,4.411458744196901
9567,3.940600926793839
9568,6.785475415810162
9569,6.820651967808143
9570,6.7890559119764005
9571,6.7854012580547245
9572,5.862184125137821
9573,6.982596989986206
9574,5.650018033927818
9575,5.325837288604532
9576,5.70492994614483
9577,6.795343086106405
9578,6.785475415810162
9579,6.785475415810162
9580,6.785475415810162
9581,6.785475415810162
9582,6.785475415810162
9583,3.328489609235747
9584,1.9977496392635523
9585,2.00353792283495
9586,2.2172023562174483
9587,2.0020516106913817
9588,2.4053969110382014
9589,2.100314456343777
9590,2.8030017353797105
9591,2.881041984943016
9592,2.568352992710654
9593,2.001037827322757
9594,1.9977496392635523
9595,1.9977496392635523
9596,1.9977496392635523
9597,1.9977496392635523
9598,1.9977496392635523
9599,7.397999299561225
9600,3.5000563059196015
9601,3.494701502844708
9602,3.4944726914980673
9603,3.5001161116223933
9604,4.790571338654578
9605,4.065545689293725
9606,3.900993015717908
9607,2.7268520957671725
9608,3.3435033743661484
9609,3.5782691206418735
9610,3.5000563059196015
9611,3.5000563059196015
9612,3.5000563059196015
9613,3.5000563059196015
9614,3.5000563059196015
9615,4.633136001163475
9616,6.065301754471097
9617,7.162417398422221
9618,5.904020718593135
9619,6.070855334365372
9620,4.561763291167025
9621,5.279372648684004
9622,5.288149068021481
9623,6.218283488365778
9624,6.933058758442726
9625,5.9204258568599295
9626,6.065301754471097
9627,6.065301754471097
9628,6.065301754471097
9629,6.065301754471097
9630,6.065301754471097
9631,4.3947957308037955
9632,5.521735372137776
9633,5.778318394585103
9634,5.656262523445792
9635,5.522557699477032
9636,7.031575735669197
9637,4.494511991627018
9638,4.170724971906612
9639,4.3325856998016645
9640,5.2266025440738115
9641,5.527051455076829
9642,5.521735372137776
9643,5.521735372137776
9644,5.521735372137776
9645,5.521735372137776
9646,5.521735372137776
9647,3.3718218909504154
9648,4.048624062314572
9649,3.631566338334401
9650,5.354524905735925
9651,4.044429344946959
9652,3.196547243710716
9653,4.564920051051487
9654,4.803813194005632
9655,5.948332179803887
9656,4.349738839335493
9657,3.9516244997482755
9658,4.048624062314572
9659,4.048624062314572
9660,4.048624062314572
9661,4.048624062314572
9662,4.048624062314572
9663,7.028650628832049
9664,4.854656152991809
9665,4.233726959687583
9666,5.8981839302459935
9667,4.8539728821020365
9668,3.906495740116664
9669,5.101391592986028
9670,5.54960325540198
9671,4.391597947197928
9672,3.4290219086706886
9673,4.929843396127058
9674,4.854656152991809
9675,4.854656152991809
9676,4.854656152991809
9677,4.854656152991809
9678,4.854656152991809
9679,2.900274025840962
9680,3.686991704577946
9681,3.718940049204307
9682,3.4901268523015356
9683,3.687742708581105
9684,4.802713504886093
9685,3.8598273337436093
9686,3.42617636058143
9687,4.836119411581204
9688,4.7595199151711745
9689,3.6518928228889163
9690,3.686991704577946
9691,3.686991704577946
9692,3.686991704577946
9693,3.686991704577946
9694,3.686991704577946
9695,7.40707644836853
9696,5.5524289033601315
9697,6.125058038215976
9698,5.619924315905421
9699,5.552240345455697
9700,4.451301001766021
9701,5.403875311810611
9702,4.325609244297352
9703,3.650463264712259
9704,5.786786564416027
9705,5.711188453707236
9706,5.5524289033601315
9707,5.5524289033601315
9708,5.5524289033601315
9709,5.5524289033601315
9710,5.5524289033601315
9711,2.82556817740341
9712,4.9168126412649285
9713,4.181676800681448
9714,3.492193413780207
9715,4.902020007344886
9716,5.688587966122805
9717,4.70957390148994
9718,6.411027898669426
9719,6.926361324010037
9720,4.6340993220999955
9721,4.813692554390831
9722,4.9168126412649285
9723,4.9168126412649285
9724,4.9168126412649285
9725,4.9168126412649285
9726,4.9168126412649285
9727,6.607613202330128
9728,4.847011621030708
9729,4.527496292053607
9730,5.584985769014949
9731,4.8444682557472225
9732,6.569112844299227
9733,4.881365194979151
9734,5.868226196332765
9735,4.317222792017981
9736,4.9090550252459035
9737,4.765279778701056
9738,4.847011621030708
9739,4.847011621030708
9740,4.847011621030708
9741,4.847011621030708
9742,4.847011621030708
9743,7.248418346552951
9744,5.127166149653128
9745,5.348170407728071
9746,4.967054882223229
9747,5.132179294064982
9748,3.959509503083483
9749,5.073787350497765
9750,4.012395765758508
9751,4.6945112862756835
9752,5.353024832934063
9753,5.162019529673578
9754,5.127166149653128
9755,5.127166149653128
9756,5.127166149653128
9757,5.127166149653128
9758,5.127166149653128
9759,2.8913618739716878
9760,4.053997442131406
9761,4.106039358465293
9762,3.9952520390601416
9763,4.0541543633471955
9764,5.607030105561957
9765,4.054156645723277
9766,3.575084521932379
9767,3.959205090674457
9768,4.044164353099125
9769,3.9821854416275855
9770,4.053997442131406
9771,4.053997442131406
9772,4.053997442131406
9773,4.053997442131406
9774,4.053997442131406
9775,5.07051304212732
9776,7.469133558780469
9777,5.33334310256795
9778,4.604277510668677
9779,7.452035265898009
9780,5.158918962312626
9781,7.357457693342572
9782,8.681924206864204
9783,8.255800189835153
9784,7.8428836180766455
9785,7.747061902571339
9786,7.469133558780469
9787,7.469133558780469
9788,7.469133558780469
9789,7.469133558780469
9790,7.469133558780469
9791,4.046610571564058
9792,4.174242654944181
9793,4.030588320719257
9794,4.206391819886499
9795,4.17493749073333
9796,3.3592602651508003
9797,3.740732151608388
9798,5.5533252543519716
9799,5.220571247287741
9800,4.945546693433358
9801,4.0743375916180735
9802,4.174242654944181
9803,4.174242654944181
9804,4.174242654944181
9805,4.174242654944181
9806,4.174242654944181
9807,5.541082788681361
9808,3.606073683925544
9809,4.165835996091931
9810,3.529187759161778
9811,3.609332357328698
9812,4.341134508926294
9813,4.21250755408533
9814,2.899742242536436
9815,3.744895444861122
9816,2.850401907014029
9817,3.6738495319000912
9818,3.606073683925544
9819,3.606073683925544
9820,3.606073683925544
9821,3.606073683925544
9822,3.606073683925544
9823,3.849700323076738
9824,6.903128476189804
9825,7.089379085454313
9826,6.940698049569433
9827,6.903021152616627
9828,5.407654696679602
9829,8.336054411770244
9830,6.535409492215968
9831,6.405782492478163
9832,5.856150254469525
9833,6.794204708876548
9834,6.903128476189804
9835,6.903128476189804
9836,6.903128476189804
9837,6.903128476189804
9838,6.903128476189804
9839,5.1281240583074315
9840,3.168680938964585
9841,3.0841818338052747
9842,4.066070184070713
9843,3.1631679400638992
9844,4.266687863651104
9845,2.6562227092326034
9846,3.8416887149733205
9847,3.0124569265190906
9848,3.643302560195951
9849,3.2011547245598946
9850,3.168680938964585
9851,3.168680938964585
9852,3.168680938964585
9853,3.168680938964585
9854,3.168680938964585
9855,5.720179972891909
9856,3.468581614645027
9857,3.709455013228101
9858,3.4714692515251118
9859,3.468890411694381
9860,2.701558507316216
9861,3.3648509593810316
9862,4.240287901394091
9863,3.8197079595649797
9864,3.740126730409067
9865,3.365792851853561
9866,3.468581614645027
9867,3.468581614645027
9868,3.468581614645027
9869,3.468581614645027
9870,3.468581614645027
9871,3.767828725856102
9872,6.479462529268518
9873,6.577073637363827
9874,5.784011484273718
9875,6.46390430130651
9876,7.626449192194199
9877,5.9047867838141626
9878,5.094110698690218
9879,6.29394253656671
9880,5.91219342155146
9881,6.706298027781768
9882,6.479462529268518
9883,6.479462529268518
9884,6.479462529268518
9885,6.479462529268518
9886,6.479462529268518
9887,4.523106445414328
9888,5.364405615047628
9889,5.3982337388371535
9890,5.37381894226853
9891,5.365124500970083
9892,6.382836374182938
9893,5.882051553710753
9894,5.681110857380223
9895,5.022408503868682
9896,5.425609653399487
9897,5.328366003125364
9898,5.364405615047628
9899,5.364405615047628
9900,5.364405615047628
9901,5.364405615047628
9902,5.364405615047628
9903,7.045454143551543
9904,4.849177944681714
9905,4.544501247229402
9906,5.501983752788944
9907,4.852070536000075
9908,4.440491517716418
9909,5.2851134808034015
9910,4.194254611521234
9911,4.552957365671863
9912,4.401609578734019
9913,4.827025232786406
9914,4.849177944681714
9915,4.849177944681714
9916,4.849177944681714
9917,4.849177944681714
9918,4.849177944681714
9919,3.6831362262957485
9920,5.404291854226129
9921,5.097893499193463
9922,6.873203553276779
9923,5.39851611803191
9924,4.732356544615922
9925,6.815084796608857
9926,7.294063272964535
9927,5.182421391397969
9928,4.975451574745618
9929,5.459288168650753
9930,5.404291854226129
9931,5.404291854226129
9932,5.404291854226129
9933,5.404291854226129
9934,5.404291854226129
9935,8.180125735384905
9936,3.327089483564062
9937,3.3124954174119545
9938,3.250422385651598
9939,3.327441493150499
9940,3.7166586328906
9941,3.0521179858468614
9942,2.662382786883187
9943,3.23276491157846
9944,3.647393082552137
9945,3.3531585399481982
9946,3.327089483564062
9947,3.327089483564062
9948,3.327089483564062
9949,3.327089483564062
9950,3.327089483564062
9951,2.8638118838889857
9952,4.904044866129228
9953,4.902601911178984
9954,5.010473895650954
9955,4.904878624409684
9956,5.3566820464023595
9957,4.067959109374489
9958,5.568392461376542
9959,4.946422994513819
9960,6.899428057039425
9961,4.741157298112547
9962,4.904044866129228
9963,4.904044866129228
9964,4.904044866129228
9965,4.904044866129228
9966,4.904044866129228
9967,6.5796610194112075
9968,3.891059987672212
9969,4.197330355519809
9970,3.2599888204044882
9971,3.906130867046503
9972,3.635064682059539
9973,4.208633494264505
9974,3.3934827898765874
9975,4.394654855515773
9976,2.921624729309864
9977,4.04899020604836
9978,3.891059987672212
9979,3.891059987672212
9980,3.891059987672212
9981,3.891059987672212
9982,3.891059987672212
9983,2.6010836623092044
9984,4.720016202324233
9985,4.654861548320832
9986,5.3753138562840075
9987,4.720171036323941
9988,3.925564096126586
9989,4.278229527449641
9990,4.839119952175783
9991,4.173017425261422
9992,5.138207591674113
9993,4.845241403798689
9994,4.720016202324233
9995,4.720016202324233
9996,4.720016202324233
9997,4.720016202324233
9998,4.720016202324233
9999,3.577093971915194
10000,4.387114729034708
10001,6.092251349675819
10002,3.975740478180006
10003,4.382298097146463
10004,5.740479147814107
10005,5.200902042907682
10006,4.706438688644732
10007,4.32210192400478
10008,4.361570487641235
10009,4.215800219393931
10010,4.387114729034708
10011,4.387114729034708
10012,4.387114729034708
10013,4.387114729034708
10014,4.387114729034708
10015,7.091260009755139
10016,3.548238378033272
10017,3.575947695194084
10018,3.6208212623706975
10019,3.5480210745974636
10020,2.517728138409387
10021,4.19195175641982
10022,4.1055287439290185
10023,3.780740455476824
10024,3.6375367030389145
10025,3.5521174074125867
10026,3.548238378033272
10027,3.548238378033272
10028,3.548238378033272
10029,3.548238378033272
10030,3.548238378033272
10031,3.9356095640889017
10032,5.517636937118149
10033,4.80218402790203
10034,5.032939708387982
10035,5.528803540322814
10036,7.006870244773079
10037,4.581858388945015
10038,5.104042323336025
10039,5.932485062388938
10040,5.439125589025952
10041,5.508446423297488
10042,5.517636937118149
10043,5.517636937118149
10044,5.517636937118149
10045,5.517636937118149
10046,5.517636937118149
10047,5.06842979274238
10048,5.018635164617968
10049,4.677104916620687
10050,4.870234136805634
10051,5.023963553256284
10052,6.889754799622275
10053,5.204715922743971
10054,4.944243283200235
10055,5.374756324542429
10056,3.898903226953378
10057,5.023841114804533
10058,5.018635164617968
10059,5.018635164617968
10060,5.018635164617968
10061,5.018635164617968
10062,5.018635164617968
10063,5.392743774564923
10064,4.330069766050221
10065,4.679379378386263
10066,4.317928753243766
10067,4.324475006004125
10068,3.2797302283244822
10069,4.410212928909426
10070,4.08658405535144
10071,4.830705432126962
10072,5.159851864769857
10073,4.349549485364498
10074,4.330069766050221
10075,4.330069766050221
10076,4.330069766050221
10077,4.330069766050221
10078,4.330069766050221
10079,4.517828108756319
10080,2.479346490749074
10081,2.44984344315761
10082,2.4583320839723557
10083,2.47927037680083
10084,3.5717128511566427
10085,2.4797209761372585
10086,2.8023496868862434
10087,2.450693060456843
10088,2.7729991244188867
10089,2.5899913607147393
10090,2.479346490749074
10091,2.479346490749074
10092,2.479346490749074
10093,2.479346490749074
10094,2.479346490749074
10095,4.997404623114134
10096,10.839297720323165
10097,9.998826485440864
10098,11.918822156367758
10099,10.849154678468965
10100,7.4452414830953355
10101,11.127594972342552
10102,9.364970895890753
10103,9.175101026522743
10104,8.814342275832661
10105,10.48284396325583
10106,10.839297720323165
10107,10.839297720323165
10108,10.839297720323165
10109,10.839297720323165
10110,10.839297720323165
10111,4.455149028223153
10112,3.882826068357807
10113,3.8821326896509905
10114,3.873076198414792
10115,3.8838105653286523
10116,4.5092658344806
10117,4.828216765976387
10118,3.904073768381153
10119,3.978428080151234
10120,4.270970878071973
10121,3.921950106333979
10122,3.882826068357807
10123,3.882826068357807
10124,3.882826068357807
10125,3.882826068357807
10126,3.882826068357807
10127,6.403155740392382
10128,4.237449482719932
10129,4.273958938363515
10130,4.289301664666968
10131,4.237660352774781
10132,3.5454260026879227
10133,3.9526689533072523
10134,4.384963009147161
10135,4.342887767237528
10136,3.7124569243998757
10137,4.185954191278721
10138,4.237449482719932
10139,4.237449482719932
10140,4.237449482719932
10141,4.237449482719932
10142,4.237449482719932
10143,3.099387612471262
10144,3.8297668949432007
10145,3.8216257079254405
10146,3.8538607903739948
10147,3.8298501508875082
10148,3.274580476328754
10149,3.2083520338132647
10150,5.532256470877257
10151,3.8748651453400296
10152,4.093088317939489
10153,3.916232488348069
10154,3.8297668949432007
10155,3.8297668949432007
10156,3.8297668949432007
10157,3.8297668949432007
10158,3.8297668949432007
10159,4.2516629801613375
10160,6.298601333548679
10161,6.767889558672971
10162,7.29887455502234
10163,6.272924639759045
10164,7.692215583945793
10165,6.92859292659419
10166,4.441160988911628
10167,5.584522673736926
10168,5.562521092559598
10169,6.121226657236025
10170,6.298601333548679
10171,6.298601333548679
10172,6.298601333548679
10173,6.298601333548679
10174,6.298601333548679
10175,5.751478611506785
10176,3.469142303378959
10177,3.2711176486044535
10178,4.532684268728979
10179,3.4654586915589682
10180,3.663540219987641
10181,3.1369640317522824
10182,3.337444312314888
10183,3.1648549556416383
10184,4.4460755198619255
10185,3.5542938385234653
10186,3.469142303378959
10187,3.469142303378959
10188,3.469142303378959
10189,3.469142303378959
10190,3.469142303378959
10191,4.348554077384092
10192,11.354106271521603
10193,10.275641204706153
10194,8.125996638416604
10195,11.411657552179847
10196,10.965652285720553
10197,9.771194706026984
10198,10.501193136573837
10199,11.609187090253485
10200,8.913396961172117
10201,11.07189900231471
10202,11.354106271521603
10203,11.354106271521603
10204,11.354106271521603
10205,11.354106271521603
10206,11.354106271521603
10207,5.138397794649182
10208,3.3549819132592846
10209,3.4223324545163787
10210,3.4283427896199408
10211,3.354101433286199
10212,2.7998499990096106
10213,3.5369806896710854
10214,4.646583154942046
10215,3.5672393915253715
10216,3.0806590202803656
10217,3.3671768078094004
10218,3.3549819132592846
10219,3.3549819132592846
10220,3.3549819132592846
10221,3.3549819132592846
10222,3.3549819132592846
10223,4.217213516690197
10224,4.830692987423854
10225,4.765060279795171
10226,4.569996156097811
10227,4.829383132911619
10228,5.485434145477077
10229,5.114116956709356
10230,3.128629994063555
10231,5.19048766620945
10232,5.586876350154815
10233,4.714712789437946
10234,4.830692987423854
10235,4.830692987423854
10236,4.830692987423854
10237,4.830692987423854
10238,4.830692987423854
10239,4.248230270852235
10240,3.540436475913211
10241,3.490948615678618
10242,3.807136196716797
10243,3.539528301438294
10244,3.7043097687684847
10245,4.109727580900364
10246,3.5714123672253653
10247,4.579073478489151
10248,4.064312958634217
10249,3.6803806522578637
10250,3.540436475913211
10251,3.540436475913211
10252,3.540436475913211
10253,3.540436475913211
10254,3.540436475913211
10255,7.02842779486741
10256,5.762107514719567
10257,6.42814723394456
10258,5.401926801018535
10259,5.770358506445679
10260,5.2062564484907075
10261,6.455160882017462
10262,5.878663223419165
10263,3.9470441801647973
10264,4.567357156996497
10265,5.543161043525687
10266,5.762107514719567
10267,5.762107514719567
10268,5.762107514719567
10269,5.762107514719567
10270,5.762107514719567
10271,2.9597569750220942
10272,3.6992344884101396
10273,3.8755868618895097
10274,4.237877612786745
10275,3.698688999061501
10276,5.575180204272859
10277,3.42452626931901
10278,2.5687784317198807
10279,5.012813873403711
10280,3.1768147052024163
10281,3.7198827243386905
10282,3.6992344884101396
10283,3.6992344884101396
10284,3.6992344884101396
10285,3.6992344884101396
10286,3.6992344884101396
10287,5.242374275058013
10288,5.959623734014535
10289,4.733931466019082
10290,5.563462636192727
10291,5.957223827982477
10292,4.00001126774363
10293,5.1015738926180525
10294,8.842309402565085
10295,4.905803277159871
10296,6.983915163912553
10297,6.009073110062344
10298,5.959623734014535
10299,5.959623734014535
10300,5.959623734014535
10301,5.959623734014535
10302,5.959623734014535
10303,4.025594002126341
10304,6.224252913584024
10305,5.652509296269037
10306,6.148094403773896
10307,6.230645286340031
10308,4.046063692568375
10309,5.000715384226882
10310,6.199510972809736
10311,8.801723379311635
10312,6.394972520103862
10313,6.176935536936296
10314,6.224252913584024
10315,6.224252913584024
10316,6.224252913584024
10317,6.224252913584024
10318,6.224252913584024
10319,4.314898091555804
10320,3.097424147952634
10321,3.8097702937788385
10322,3.421072759580141
10323,3.0964291827676726
10324,4.651246534153536
10325,3.438594392309012
10326,2.9535078382499176
10327,2.6819572539523224
10328,3.272601384420672
10329,3.0708618931168803
10330,3.097424147952634
10331,3.097424147952634
10332,3.097424147952634
10333,3.097424147952634
10334,3.097424147952634
10335,6.840515410234588
10336,4.520167405505977
10337,4.545360082202364
10338,4.528961460952555
10339,4.518887453314033
10340,3.790429137871738
10341,5.3650652167886825
10342,3.0613961147051705
10343,5.03647878565598
10344,4.351788412942682
10345,4.654194051199571
10346,4.520167405505977
10347,4.520167405505977
10348,4.520167405505977
10349,4.520167405505977
10350,4.520167405505977
10351,3.4168425214750666
10352,5.594570820784095
10353,5.210349692208661
10354,4.819724438862887
10355,5.572110103929737
10356,7.198093645294289
10357,4.772725304849084
10358,7.507733657265083
10359,4.123097902860981
10360,5.914479420688354
10361,5.378450762871095
10362,5.594570820784095
10363,5.594570820784095
10364,5.594570820784095
10365,5.594570820784095
10366,5.594570820784095
10367,5.190147073853984
10368,2.2843885365185366
10369,2.3944330540249457
10370,2.305594147948787
10371,2.284818504951676
10372,2.215706172278714
10373,2.322741396879857
10374,2.382516126087761
10375,3.026602300460637
10376,1.837005761443472
10377,2.30452120503265
10378,2.2843885365185366
10379,2.2843885365185366
10380,2.2843885365185366
10381,2.2843885365185366
10382,2.2843885365185366
10383,2.669484288950265
10384,5.455154480330464
10385,5.4542597401990305
10386,6.53558517177819
10387,5.452827579436956
10388,5.495605752055604
10389,5.5969292309169045
10390,5.6846407683182285
10391,4.3910637343793235
10392,7.14970357342371
10393,5.406349921092303
10394,5.455154480330464
10395,5.455154480330464
10396,5.455154480330464
10397,5.455154480330464
10398,5.455154480330464
10399,7.504220044061128
10400,3.887638549366194
10401,3.90961259243423
10402,3.891110363307331
10403,3.8875997301579184
10404,4.166300987496623
10405,3.6626203419983203
10406,3.6096808929683095
10407,4.433898088987832
10408,4.522098028757557
10409,3.9796373353445222
10410,3.887638549366194
10411,3.887638549366194
10412,3.887638549366194
10413,3.887638549366194
10414,3.887638549366194
10415,5.002784069997727
10416,7.031403063471729
10417,6.6684206575764176
10418,6.823321336120812
10419,7.035486996423657
10420,6.756981241943596
10421,6.656717966706971
10422,8.502565452667735
10423,5.388522611981963
10424,6.30450331706207
10425,6.845657299745145
10426,7.031403063471729
10427,7.031403063471729
10428,7.031403063471729
10429,7.031403063471729
10430,7.031403063471729
10431,4.85581806342919
10432,3.370870286846601
10433,3.212038531776038
10434,3.625034491107116
10435,3.371875332757676
10436,3.580508427027217
10437,4.2016186455414015
10438,3.452854556749338
10439,4.562843884758786
10440,2.9901807296301395
10441,3.4685942845839914
10442,3.370870286846601
10443,3.370870286846601
10444,3.370870286846601
10445,3.370870286846601
10446,3.370870286846601
10447,5.515440822065036
10448,8.95872202554501
10449,8.733640775047245
10450,6.990118764797182
10451,8.949158485464512
10452,8.147444589440482
10453,7.772859859361594
10454,8.801976471043773
10455,6.2636677369487375
10456,9.784075437731042
10457,8.820846053694261
10458,8.95872202554501
10459,8.95872202554501
10460,8.95872202554501
10461,8.95872202554501
10462,8.95872202554501
10463,4.228405906644498
10464,5.541680019560474
10465,5.567679001785917
10466,5.941921647596079
10467,5.54014325878695
10468,5.562882620367187
10469,4.696665544888096
10470,4.940890763980131
10471,7.492163290660668
10472,4.805396349922652
10473,5.600542505399265
10474,5.541680019560474
10475,5.541680019560474
10476,5.541680019560474
10477,5.541680019560474
10478,5.541680019560474
10479,5.253884580289953
10480,3.3525425124748187
10481,3.6627884903628725
10482,3.1788233399862444
10483,3.356193134569851
10484,3.339909420623589
10485,3.7810618330049834
10486,3.668638934087601
10487,2.8022108985223864
10488,3.651048858489773
10489,3.2978184334097924
10490,3.3525425124748187
10491,3.3525425124748187
10492,3.3525425124748187
10493,3.3525425124748187
10494,3.3525425124748187
10495,3.648271908704531
10496,9.987138246218604
10497,9.450325026695255
10498,10.356332750410681
10499,9.983402846332472
10500,8.56663142150629
10501,7.733287129163149
10502,7.5350490431023935
10503,7.026053798690486
10504,7.753782352704376
10505,9.777491733304306
10506,9.987138246218604
10507,9.987138246218604
10508,9.987138246218604
10509,9.987138246218604
10510,9.987138246218604
10511,2.652073930650158
10512,2.909662989314353
10513,3.3088766683056265
10514,2.8748118022590754
10515,2.91016901306286
10516,3.4346635883224144
10517,3.095743118227904
10518,3.634758783282528
10519,3.4226176530081287
10520,3.54363441174004
10521,2.929392241261759
10522,2.909662989314353
10523,2.909662989314353
10524,2.909662989314353
10525,2.909662989314353
10526,2.909662989314353
10527,6.692204033532438
10528,5.208093027915382
10529,5.239956536626592
10530,5.841051601501414
10531,5.2091318177703085
10532,3.088601078442573
10533,6.895877430246596
10534,4.156489808560857
10535,4.440499493354885
10536,6.011817144700293
10537,5.122039986907775
10538,5.208093027915382
10539,5.208093027915382
10540,5.208093027915382
10541,5.208093027915382
10542,5.208093027915382
10543,4.115289363739255
10544,5.550849442376806
10545,4.278856561723146
10546,3.523116457336347
10547,5.581595534102759
10548,9.173100253235141
10549,5.4742460478577835
10550,5.9059036719557785
10551,6.870722127655808
10552,4.572368749991439
10553,5.720816381979716
10554,5.550849442376806
10555,5.550849442376806
10556,5.550849442376806
10557,5.550849442376806
10558,5.550849442376806
10559,5.862067242895666
10560,4.291867350288386
10561,4.159183697086851
10562,4.436167038430567
10563,4.295179406731167
10564,6.145665264400844
10565,4.529586190440763
10566,3.4698139467293934
10567,3.6171935442877983
10568,4.543920022988095
10569,4.203372866462598
10570,4.291867350288386
10571,4.291867350288386
10572,4.291867350288386
10573,4.291867350288386
10574,4.291867350288386
10575,4.450590131028312
10576,3.3814793161925234
10577,3.6057136698182473
10578,3.5327156800165564
10579,3.376070218059465
10580,2.4207107493789444
10581,3.5299330040677077
10582,4.406379349434316
10583,5.316142442155357
10584,3.386651867288402
10585,3.472403386019279
10586,3.3814793161925234
10587,3.3814793161925234
10588,3.3814793161925234
10589,3.3814793161925234
10590,3.3814793161925234
10591,5.92995831010805
10592,5.02997681419162
10593,5.449324991736315
10594,5.0430608019646055
10595,5.0298169758677025
10596,5.85616617166427
10597,4.921749613813996
10598,4.538517035454563
10599,3.5985617946013306
10600,5.161021180754819
10601,4.990348226189406
10602,5.02997681419162
10603,5.02997681419162
10604,5.02997681419162
10605,5.02997681419162
10606,5.02997681419162
10607,3.996956433548779
10608,3.99878595124454
10609,3.851467958324839
10610,4.118403670074063
10611,3.998668350526716
10612,3.3926512973342007
10613,3.844915526963826
10614,4.448585190309772
10615,4.856009432747388
10616,4.038545404930725
10617,4.04998371607894
10618,3.99878595124454
10619,3.99878595124454
10620,3.99878595124454
10621,3.99878595124454
10622,3.99878595124454
10623,4.428548207697888
10624,5.432654067614991
10625,5.492765084161091
10626,5.549078213204555
10627,5.4322945388379855
10628,5.963261840493633
10629,5.907731768689002
10630,4.030901758803578
10631,4.115609651090758
10632,5.796651384104808
10633,5.275026989970668
10634,5.432654067614991
10635,5.432654067614991
10636,5.432654067614991
10637,5.432654067614991
10638,5.432654067614991
10639,3.974527655163295
10640,4.391050660851609
10641,4.676694547404565
10642,4.4667289760621625
10643,4.396057407208284
10644,4.090124949515315
10645,3.356152975376308
10646,5.432262901990097
10647,6.2559393789868745
10648,4.145460875245677
10649,4.577996528132863
10650,4.391050660851609
10651,4.391050660851609
10652,4.391050660851609
10653,4.391050660851609
10654,4.391050660851609
10655,5.825175183788938
10656,5.473953962384615
10657,5.422621498550676
10658,5.436309530805209
10659,5.474617965217699
10660,5.481114264784021
10661,4.808651179272967
10662,5.954332467789022
10663,3.9022851405561236
10664,4.304368317989776
10665,5.458394468246322
10666,5.473953962384615
10667,5.473953962384615
10668,5.473953962384615
10669,5.473953962384615
10670,5.473953962384615
10671,3.079374629526516
10672,4.4823210565464
10673,4.324184704512373
10674,4.554551792343183
10675,4.474646041208049
10676,4.295622567756285
10677,5.4004386791079355
10678,4.010837901402468
10679,5.415164996173567
10680,6.220278367710074
10681,4.484931119760697
10682,4.4823210565464
10683,4.4823210565464
10684,4.4823210565464
10685,4.4823210565464
10686,4.4823210565464
10687,7.631936635747846
10688,5.52824391071467
10689,5.647590422759392
10690,5.796321688600668
10691,5.521869807501309
10692,5.500576923522779
10693,5.278779718808221
10694,4.485222714091826
10695,4.1619784190894205
10696,5.230616020499965
10697,5.5172777541190205
10698,5.52824391071467
10699,5.52824391071467
10700,5.52824391071467
10701,5.52824391071467
10702,5.52824391071467
10703,3.2281361623447387
10704,3.8871090017477745
10705,3.807622102416357
10706,3.8121166635147388
10707,3.8903349977960455
10708,4.057426038202843
10709,3.7167574326892536
10710,5.008196989105441
10711,4.9148564496706655
10712,4.0702675425535695
10713,3.8721331846276446
10714,3.8871090017477745
10715,3.8871090017477745
10716,3.8871090017477745
10717,3.8871090017477745
10718,3.8871090017477745
10719,6.447554931419987
10720,3.303515607351294
10721,3.308204009772376
10722,3.660532863312824
10723,3.30354894071621
10724,3.3185482486002615
10725,3.405859802879349
10726,4.017479440104494
10727,2.9408896387314636
10728,2.9452500930609267
10729,3.1559709073122635
10730,3.303515607351294
10731,3.303515607351294
10732,3.303515607351294
10733,3.303515607351294
10734,3.303515607351294
10735,3.5292399125326006
10736,5.998605375478441
10737,5.604071224165739
10738,4.894832619875223
10739,5.995274118744971
10740,5.659357982097644
10741,6.264524886179883
10742,5.538519542636115
10743,7.597448181740882
10744,6.243949174155654
10745,6.168611847959681
10746,5.998605375478441
10747,5.998605375478441
10748,5.998605375478441
10749,5.998605375478441
10750,5.998605375478441
10751,5.8234995178876305
10752,7.216761022812258
10753,7.737678444352632
10754,7.474494534486492
10755,7.217011928579305
10756,7.064909957739696
10757,7.1882331346935375
10758,6.284891533353662
10759,6.996341464352692
10760,6.216046738941341
10761,7.188062255479351
10762,7.216761022812258
10763,7.216761022812258
10764,7.216761022812258
10765,7.216761022812258
10766,7.216761022812258
10767,5.7226428270908665
10768,2.4785243371479058
10769,2.476023151874737
10770,2.4852730429759586
10771,2.478993773075087
10772,2.4572284001847278
10773,2.505004245223393
10774,2.6231035977912294
10775,2.672260940112581
10776,2.9644891206774653
10777,2.459612160974775
10778,2.4785243371479058
10779,2.4785243371479058
10780,2.4785243371479058
10781,2.4785243371479058
10782,2.4785243371479058
10783,3.3276651079160904
10784,5.215324148745297
10785,5.215558641246824
10786,5.655886412443999
10787,5.214761192917221
10788,5.523552309796911
10789,5.21903528170173
10790,6.247304749291389
10791,5.458520393712384
10792,6.406380157256822
10793,5.386283275799748
10794,5.215324148745297
10795,5.215324148745297
10796,5.215324148745297
10797,5.215324148745297
10798,5.215324148745297
10799,9.513887423936824
10800,7.121186390087492
10801,5.7395582190158585
10802,5.308594837393834
10803,7.092426404467395
10804,6.619294705770521
10805,7.3310688145610055
10806,5.243482351911242
10807,5.919302049989671
10808,5.9902005057578105
10809,6.867575741285705
10810,7.121186390087492
10811,7.121186390087492
10812,7.121186390087492
10813,7.121186390087492
10814,7.121186390087492
10815,2.288607075228397
10816,4.879834296646819
10817,4.6601402785270025
10818,5.188060981242787
10819,4.877243363796224
10820,5.39120143538981
10821,4.173012934912142
10822,4.4002340235874975
10823,4.207711247050902
10824,4.601643804423129
10825,5.063662295946697
10826,4.879834296646819
10827,4.879834296646819
10828,4.879834296646819
10829,4.879834296646819
10830,4.879834296646819
10831,3.4494109313801546
10832,5.1655159373118655
10833,5.31403805490799
10834,5.421179239559569
10835,5.1761842767669854
10836,4.8038657752091005
10837,6.719241658228316
10838,6.156698398435916
10839,5.762364681691996
10840,5.287330814046676
10841,4.948598858663119
10842,5.1655159373118655
10843,5.1655159373118655
10844,5.1655159373118655
10845,5.1655159373118655
10846,5.1655159373118655
10847,8.877069533054792
10848,3.356108414911862
10849,3.354881369370492
10850,3.3698872638244337
10851,3.356112670912215
10852,3.431845628672012
10853,3.8649296960461696
10854,4.140334411919233
10855,3.8417004962278862
10856,3.1806220914350045
10857,3.359832021880816
10858,3.356108414911862
10859,3.356108414911862
10860,3.356108414911862
10861,3.356108414911862
10862,3.356108414911862
10863,5.269160101596264
10864,4.642336394410926
10865,5.086469917704836
10866,4.601088363747971
10867,4.636870056051109
10868,4.639324326336829
10869,4.130060018827469
10870,3.6750556810574135
10871,4.661399848844139
10872,4.621574368354684
10873,4.662283990309623
10874,4.642336394410926
10875,4.642336394410926
10876,4.642336394410926
10877,4.642336394410926
10878,4.642336394410926
10879,3.5162592003624873
10880,6.197707318055378
10881,6.223123114973497
10882,6.120848114029903
10883,6.198272848755278
10884,3.831924731996275
10885,6.429038077583374
10886,6.753014126018944
10887,4.75101499263798
10888,7.9516343155332
10889,6.4338187969912175
10890,6.197707318055378
10891,6.197707318055378
10892,6.197707318055378
10893,6.197707318055378
10894,6.197707318055378
10895,4.505129685927168
10896,4.156249920065742
10897,4.444817686209516
10898,4.486066498206438
10899,4.1545279611397685
10900,6.433366641664583
10901,4.535583078364596
10902,3.4383582703941657
10903,4.244878055806239
10904,2.858858580015774
10905,4.102978822577303
10906,4.156249920065742
10907,4.156249920065742
10908,4.156249920065742
10909,4.156249920065742
10910,4.156249920065742
10911,4.7227525909393435
10912,4.953056608033003
10913,5.836070017379092
10914,4.94173142409249
10915,4.952477156705335
10916,4.515190751344941
10917,4.569313840842486
10918,6.274916663259673
10919,5.7374267704207496
10920,4.5754172752831535
10921,5.016199009520053
10922,4.953056608033003
10923,4.953056608033003
10924,4.953056608033003
10925,4.953056608033003
10926,4.953056608033003
10927,6.404262884784992
10928,4.125496910794045
10929,3.815552897172217
10930,4.213430166032386
10931,4.135167568221273
10932,4.782321218281543
10933,3.8281815514985627
10934,3.2424511987011146
10935,4.133666675732166
10936,4.420342336755244
10937,4.081025093495387
10938,4.125496910794045
10939,4.125496910794045
10940,4.125496910794045
10941,4.125496910794045
10942,4.125496910794045
10943,3.4806015777466435
10944,5.536975728857745
10945,4.883959804917702
10946,5.747100357170655
10947,5.547842061411754
10948,6.061099895315444
10949,5.885250596100982
10950,6.33136144870246
10951,5.689685875287816
10952,6.154039746489418
10953,5.587091457297435
10954,5.536975728857745
10955,5.536975728857745
10956,5.536975728857745
10957,5.536975728857745
10958,5.536975728857745
10959,7.493706433673466
10960,3.909655913191936
10961,4.285109158362797
10962,3.6078062437226306
10963,3.899262893887939
10964,3.323764177698504
10965,2.907556869075124
10966,3.6611230826953665
10967,4.4819239914855356
10968,3.8138910758109392
10969,3.8624777666645467
10970,3.909655913191936
10971,3.909655913191936
10972,3.909655913191936
10973,3.909655913191936
10974,3.909655913191936
10975,2.5170435510579185
10976,2.7589321518622203
10977,2.8129717975896993
10978,3.0141634621718514
10979,2.75838157861862
10980,3.891795132104849
10981,2.6474089865642885
10982,3.64169195897423
10983,3.0223189565561803
10984,3.0382185808074893
10985,2.811068821785475
10986,2.7589321518622203
10987,2.7589321518622203
10988,2.7589321518622203
10989,2.7589321518622203
10990,2.7589321518622203
10991,7.11104479550292
10992,7.718658536648553
10993,7.187646068660724
10994,5.841209816276393
10995,7.717227977850309
10996,5.637227189703342
10997,10.021836568838022
10998,6.513066062114535
10999,6.570556285837283
11000,7.029665632984119
11001,7.519115501611491
11002,7.718658536648553
11003,7.718658536648553
11004,7.718658536648553
11005,7.718658536648553
11006,7.718658536648553
11007,3.282467027953027
11008,2.819400720127268
11009,2.779637322417196
11010,2.9804909614618533
11011,2.8195441287957492
11012,3.166123264675925
11013,2.3833818381754566
11014,3.334677511754644
11015,3.275977401887195
11016,3.3706316896638193
11017,2.7654869278035075
11018,2.819400720127268
11019,2.819400720127268
11020,2.819400720127268
11021,2.819400720127268
11022,2.819400720127268
11023,4.369056541896639
11024,6.834743066433364
11025,7.089791760302304
11026,5.592316451064722
11027,6.821503134661598
11028,6.3643702545494625
11029,8.284428426332244
11030,6.16087684280015
11031,6.341493584370118
11032,5.726772138879623
11033,7.085915613102648
11034,6.834743066433364
11035,6.834743066433364
11036,6.834743066433364
11037,6.834743066433364
11038,6.834743066433364
11039,4.425243528726255
11040,3.590134658527015
11041,3.5566454645780206
11042,3.8241628753531485
11043,3.5902527294338666
11044,3.603040150328522
11045,4.108069929323138
11046,3.703108944422131
11047,3.238184027288277
11048,3.0117307255453873
11049,3.5822027991841767
11050,3.590134658527015
11051,3.590134658527015
11052,3.590134658527015
11053,3.590134658527015
11054,3.590134658527015
11055,3.3520569396138113
11056,5.997076343872405
11057,6.24885329193712
11058,5.3858453285123185
11059,6.0108046802879675
11060,5.709980678631593
11061,4.987624803228358
11062,5.962306347759116
11063,5.994630571565738
11064,7.9690001207392935
11065,6.087807729935993
11066,5.997076343872405
11067,5.997076343872405
11068,5.997076343872405
11069,5.997076343872405
11070,5.997076343872405
11071,5.883321127263846
11072,4.9789843268310126
11073,4.9966713092737125
11074,5.146979704613985
11075,4.977082633709152
11076,5.032591722203983
11077,5.007580944717053
11078,5.316622482664924
11079,5.091051568427783
11080,4.992706335261141
11081,4.859054817515261
11082,4.9789843268310126
11083,4.9789843268310126
11084,4.9789843268310126
11085,4.9789843268310126
11086,4.9789843268310126
11087,5.611719695278602
11088,4.188129684214547
11089,4.156705817775348
11090,5.04648203841087
11091,4.187396694996319
11092,4.435799950437044
11093,4.225821321151938
11094,3.647333879790249
11095,3.7336939335505845
11096,4.130079987712095
11097,4.208407849940462
11098,4.188129684214547
11099,4.188129684214547
11100,4.188129684214547
11101,4.188129684214547
11102,4.188129684214547
11103,4.025319715191805
11104,4.0875266891201365
11105,4.090221362498538
11106,4.065670838389324
11107,4.0881739831889385
11108,4.166431847843592
11109,4.1186447840081275
11110,3.948379452596487
11111,3.8278739978151908
11112,4.064027111581437
11113,4.016960339579294
11114,4.0875266891201365
11115,4.0875266891201365
11116,4.0875266891201365
11117,4.0875266891201365
11118,4.0875266891201365
11119,3.704727342848111
11120,5.679648293773923
11121,6.093600385132974
11122,5.363558267291182
11123,5.695018039383453
11124,5.2747108561999685
11125,5.832768680891217
11126,5.53261508238256
11127,6.8918776081694
11128,5.25212276781124
11129,5.814329652720453
11130,5.679648293773923
11131,5.679648293773923
11132,5.679648293773923
11133,5.679648293773923
11134,5.679648293773923
11135,6.092936046265082
11136,2.690913196291972
11137,2.632184438783003
11138,2.6904769417590444
11139,2.689209446595794
11140,3.929995916280383
11141,2.928813883280097
11142,4.146361088998021
11143,2.602085431187345
11144,2.364129369704319
11145,2.6903497741670104
11146,2.690913196291972
11147,2.690913196291972
11148,2.690913196291972
11149,2.690913196291972
11150,2.690913196291972
11151,5.448926482293721
11152,8.24419881191771
11153,10.008907591003494
11154,9.476268996288285
11155,8.256995233624743
11156,5.598649466717695
11157,6.566177948849454
11158,5.97545606737648
11159,6.799456669116866
11160,8.923011001475453
11161,8.244169752565437
11162,8.24419881191771
11163,8.24419881191771
11164,8.24419881191771
11165,8.24419881191771
11166,8.24419881191771
11167,4.134189608754857
11168,3.5363659986036247
11169,3.582166026424906
11170,3.538182778546131
11171,3.5361476178896547
11172,3.673336728173757
11173,3.352782665244055
11174,3.782956540016562
11175,3.394691524266795
11176,4.413180484770143
11177,3.3948952292941352
11178,3.5363659986036247
11179,3.5363659986036247
11180,3.5363659986036247
11181,3.5363659986036247
11182,3.5363659986036247
11183,4.311155988578125
11184,5.885582845435385
11185,4.883249110732716
11186,4.8224907221206585
11187,5.8849620511047975
11188,5.577681719157715
11189,8.106542047195868
11190,6.056665168950049
11191,7.468073824000537
11192,4.4665023379775555
11193,6.082592083864179
11194,5.885582845435385
11195,5.885582845435385
11196,5.885582845435385
11197,5.885582845435385
11198,5.885582845435385
11199,5.426798685723471
11200,2.6474611252504894
11201,2.617200621759656
11202,3.0071650131313534
11203,2.649027341994494
11204,2.240269439442268
11205,2.816412286081326
11206,3.7286732537933513
11207,3.2024487107374195
11208,3.034011170639704
11209,2.569486927797628
11210,2.6474611252504894
11211,2.6474611252504894
11212,2.6474611252504894
11213,2.6474611252504894
11214,2.6474611252504894
11215,4.239390137245539
11216,7.111849873973908
11217,7.5048224859626345
11218,5.991545717560159
11219,7.113791837092055
11220,8.478365730909909
11221,7.65882797026019
11222,5.0806074994628405
11223,6.745284127029307
11224,6.58231874315601
11225,7.420981682664268
11226,7.111849873973908
11227,7.111849873973908
11228,7.111849873973908
11229,7.111849873973908
11230,7.111849873973908
11231,5.010113651964134
11232,6.1599530433983025
11233,6.817634932523487
11234,6.938475146029534
11235,6.161679185683139
11236,4.233358202348991
11237,5.616034240461955
11238,6.126501474376217
11239,5.496775173180016
11240,7.118486396150986
11241,6.139882660061357
11242,6.1599530433983025
11243,6.1599530433983025
11244,6.1599530433983025
11245,6.1599530433983025
11246,6.1599530433983025
11247,5.40717200795553
11248,3.8243098708642296
11249,3.611422181631351
11250,3.7292759918767135
11251,3.81708432420344
11252,5.571889531016924
11253,3.5032709991642688
11254,3.8565234709607403
11255,3.866157896657622
11256,3.4285935289025993
11257,3.8151106672948445
11258,3.8243098708642296
11259,3.8243098708642296
11260,3.8243098708642296
11261,3.8243098708642296
11262,3.8243098708642296
11263,4.659126466719095
11264,4.687306132901766
11265,4.746073703686853
11266,4.619419324608812
11267,4.688156453881478
11268,4.919713754833383
11269,5.151639490053575
11270,6.379366547672576
11271,3.178057300938127
11272,4.8072629330661965
11273,4.674261232433403
11274,4.687306132901766
11275,4.687306132901766
11276,4.687306132901766
11277,4.687306132901766
11278,4.687306132901766
11279,5.038242812128457
11280,4.569770674679179
11281,4.530936674442087
11282,4.390101678463448
11283,4.565063527332633
11284,4.0575945136124565
11285,3.708977544218688
11286,3.373082190197101
11287,5.923517605853465
11288,4.734633781136667
11289,4.52339922812291
11290,4.569770674679179
11291,4.569770674679179
11292,4.569770674679179
11293,4.569770674679179
11294,4.569770674679179
11295,3.127645562892369
11296,5.906816712777563
11297,5.880974120870831
11298,5.979264995952546
11299,5.906742367840523
11300,6.1887410536350025
11301,5.167069187872448
11302,5.619004474748359
11303,5.848885003873903
11304,5.827799377893191
11305,5.967658569596442
11306,5.906816712777563
11307,5.906816712777563
11308,5.906816712777563
11309,5.906816712777563
11310,5.906816712777563
11311,5.089511963073826
11312,4.322375005110652
11313,3.4778675305779108
11314,4.0141578844003885
11315,4.334711307594409
11316,4.401891668484589
11317,5.4757227804711
11318,4.423781156885039
11319,5.39921328268457
11320,4.568729046990227
11321,4.282002450534349
11322,4.322375005110652
11323,4.322375005110652
11324,4.322375005110652
11325,4.322375005110652
11326,4.322375005110652
11327,5.544759533631722
11328,4.065884594662028
11329,3.9475565784700075
11330,5.727403493912171
11331,4.065356020906069
11332,3.9437338098087196
11333,3.944510474149399
11334,6.4008704082617705
11335,2.923372808382645
11336,3.3572222857262286
11337,4.108723059864095
11338,4.065884594662028
11339,4.065884594662028
11340,4.065884594662028
11341,4.065884594662028
11342,4.065884594662028
11343,4.349138430493057
11344,5.261144749975314
11345,5.254395381519942
11346,4.605489554354726
11347,5.258202563328051
11348,5.151647666383688
11349,4.926858966039571
11350,3.646435811637353
11351,8.201524458220991
11352,6.118567583124934
11353,5.1724448734703605
11354,5.261144749975314
11355,5.261144749975314
11356,5.261144749975314
11357,5.261144749975314
11358,5.261144749975314
11359,5.239925617939114
11360,3.9733894367061726
11361,3.976474104268362
11362,4.074879428379991
11363,3.973305116989972
11364,4.368379068610681
11365,4.133052159371489
11366,4.381986052801815
11367,2.977688034176707
11368,4.847307712574175
11369,3.97755593907162
11370,3.9733894367061726
11371,3.9733894367061726
11372,3.9733894367061726
11373,3.9733894367061726
11374,3.9733894367061726
11375,4.779989307602696
11376,4.7489886673011386
11377,5.494202718713756
11378,4.607303430637282
11379,4.754113791252937
11380,4.592366047846892
11381,4.865109151051598
11382,4.766324315350326
11383,5.159188808400053
11384,3.7836052224179957
11385,4.7799150879312435
11386,4.7489886673011386
11387,4.7489886673011386
11388,4.7489886673011386
11389,4.7489886673011386
11390,4.7489886673011386
11391,4.28016767825025
11392,6.072378889517365
11393,6.061701469160783
11394,8.377580951160269
11395,6.070630121868081
11396,5.271181475747742
11397,5.541870464666324
11398,6.321441857986185
11399,4.617815707708799
11400,5.433350779482108
11401,6.258062842469718
11402,6.072378889517365
11403,6.072378889517365
11404,6.072378889517365
11405,6.072378889517365
11406,6.072378889517365
11407,4.57181823632233
11408,3.07076703838382
11409,3.499564296215539
11410,2.704036678569999
11411,3.0794223491055193
11412,3.506130609011222
11413,3.943709739644665
11414,2.750211146619934
11415,4.792696664851976
11416,3.4245932586314853
11417,3.0258978927788713
11418,3.07076703838382
11419,3.07076703838382
11420,3.07076703838382
11421,3.07076703838382
11422,3.07076703838382
11423,6.0303253641464
11424,7.301745695702587
11425,7.855166394667938
11426,7.583353762474682
11427,7.299927737031258
11428,4.6006121755901015
11429,8.335440686968244
11430,6.837535273690513
11431,5.740427791131407
11432,6.251071334959101
11433,7.252069637929187
11434,7.301745695702587
11435,7.301745695702587
11436,7.301745695702587
11437,7.301745695702587
11438,7.301745695702587
11439,3.850348027989932
11440,3.3996908340257943
11441,2.9793815477690795
11442,3.0236708246279314
11443,3.3986306957329586
11444,5.523936973300703
11445,2.792337109246926
11446,3.3776827781966716
11447,3.9844511043118476
11448,3.7257248358127293
11449,3.4699168564260625
11450,3.3996908340257943
11451,3.3996908340257943
11452,3.3996908340257943
11453,3.3996908340257943
11454,3.3996908340257943
11455,5.142853020136203
11456,5.053390828035735
11457,4.573986472081534
11458,4.8769611657081295
11459,5.058426134463746
11460,7.233467807935676
11461,4.348551803091924
11462,6.057568104190007
11463,3.4010695889573643
11464,5.631724090757021
11465,5.0143856785017284
11466,5.053390828035735
11467,5.053390828035735
11468,5.053390828035735
11469,5.053390828035735
11470,5.053390828035735
11471,5.08547760004038
11472,5.0011783720115295
11473,5.90779031722094
11474,4.925926531189833
11475,5.002588790705903
11476,3.532545660809195
11477,4.53200313575876
11478,4.277149186943758
11479,6.583821516803508
11480,4.543805909135216
11481,5.075876319428606
11482,5.0011783720115295
11483,5.0011783720115295
11484,5.0011783720115295
11485,5.0011783720115295
11486,5.0011783720115295
11487,3.723568260575469
11488,4.899509224666283
11489,4.926666383786563
11490,4.868758985525552
11491,4.898495099414483
11492,5.750323770806948
11493,5.339373462685235
11494,5.245258280761096
11495,4.393971972425414
11496,4.059409441396262
11497,4.97850845167262
11498,4.899509224666283
11499,4.899509224666283
11500,4.899509224666283
11501,4.899509224666283
11502,4.899509224666283
11503,5.098533928657251
11504,3.280600957236014
11505,3.0046455745312435
11506,3.2817634914134843
11507,3.268670713574189
11508,2.871740146434379
11509,3.876816584113978
11510,3.1784252506353914
11511,3.7701746115601824
11512,4.455822658215648
11513,3.18815510925204
11514,3.280600957236014
11515,3.280600957236014
11516,3.280600957236014
11517,3.280600957236014
11518,3.280600957236014
11519,4.486084196313985
11520,3.4907484239259516
11521,3.493863455310817
11522,3.489720267645489
11523,3.490928817457455
11524,3.446829004693443
11525,3.5616236354146
11526,3.8211000994890183
11527,4.743404276005063
11528,3.7491106356799224
11529,3.4005572826062105
11530,3.4907484239259516
11531,3.4907484239259516
11532,3.4907484239259516
11533,3.4907484239259516
11534,3.4907484239259516
11535,5.452719245604589
11536,6.236559002687204
11537,6.513814155827699
11538,5.846550909362869
11539,6.241584122205257
11540,6.418182980632877
11541,6.432778734453017
11542,5.928124280919004
11543,3.8873487238902333
11544,6.2611546224175765
11545,6.402916944329733
11546,6.236559002687204
11547,6.236559002687204
11548,6.236559002687204
11549,6.236559002687204
11550,6.236559002687204
11551,3.870119723194692
11552,2.6698949235619494
11553,2.6417526030358114
11554,2.675637611430565
11555,2.6702491186935213
11556,2.8072547814803714
11557,2.5297612077035754
11558,3.424337062890379
11559,3.503736880080886
11560,2.7486986196421803
11561,2.7381708552690234
11562,2.6698949235619494
11563,2.6698949235619494
11564,2.6698949235619494
11565,2.6698949235619494
11566,2.6698949235619494
11567,4.677631483956112
11568,5.954249118582802
11569,5.79547529052705
11570,7.230157849184985
11571,5.938155095879746
11572,5.68068939150559
11573,5.6507249626147
11574,5.223663169860129
11575,5.448721529267571
11576,5.846057367085643
11577,5.930145606364277
11578,5.954249118582802
11579,5.954249118582802
11580,5.954249118582802
11581,5.954249118582802
11582,5.954249118582802
11583,4.8810431548064885
11584,3.561514317271277
11585,3.694361562114914
11586,4.3096082751280935
11587,3.560716509908304
11588,3.920258284030134
11589,4.297686577045456
11590,4.0521883812414385
11591,5.194634872815827
11592,4.011711759269941
11593,3.5743298142033795
11594,3.561514317271277
11595,3.561514317271277
11596,3.561514317271277
11597,3.561514317271277
11598,3.561514317271277
11599,12.35103619019093
11600,5.3457216096243005
11601,5.329232201675897
11602,5.185224875765772
11603,5.350941378926938
11604,4.864005419314877
11605,4.817762252686135
11606,4.402916886580064
11607,4.149190431044457
11608,4.353390609157962
11609,5.275266372028412
11610,5.3457216096243005
11611,5.3457216096243005
11612,5.3457216096243005
11613,5.3457216096243005
11614,5.3457216096243005
11615,2.250155629437516
11616,5.420588372189349
11617,5.457486161414042
11618,5.7525716795929815
11619,5.420569871466516
11620,5.484594672479213
11621,4.502989200044987
11622,6.92669743501971
11623,5.677746398743514
11624,4.4557710485986215
11625,5.2923939023811455
11626,5.420588372189349
11627,5.420588372189349
11628,5.420588372189349
11629,5.420588372189349
11630,5.420588372189349
11631,5.126493922310642
11632,6.247839753554834
11633,6.337408587639666
11634,4.740724555139533
11635,6.233532398984622
11636,5.962879924296751
11637,7.304376835219255
11638,4.700587419215962
11639,5.1077673886392345
11640,7.613138136284582
11641,6.361559054657257
11642,6.247839753554834
11643,6.247839753554834
11644,6.247839753554834
11645,6.247839753554834
11646,6.247839753554834
11647,3.8040612679323096
11648,4.14090912649515
11649,4.0309704122368695
11650,5.4087119709822185
11651,4.139683649284384
11652,4.658711791484028
11653,4.017719933347109
11654,3.5501121107178335
11655,5.9312460239150635
11656,3.8294016199509526
11657,4.138618021599719
11658,4.14090912649515
11659,4.14090912649515
11660,4.14090912649515
11661,4.14090912649515
11662,4.14090912649515
11663,5.990956408406456
11664,3.9222775955765927
11665,4.251233605253466
11666,3.9159592643030177
11667,3.9220778706460484
11668,3.653844957758858
11669,3.8768955782448207
11670,4.716860663207802
11671,3.08629715950863
11672,4.087916169612489
11673,3.9208739135666444
11674,3.9222775955765927
11675,3.9222775955765927
11676,3.9222775955765927
11677,3.9222775955765927
11678,3.9222775955765927
11679,3.837031762085559
11680,3.5223368939146735
11681,3.580532431759798
11682,3.7579708691158107
11683,3.5226984158988683
11684,5.183447974487289
11685,3.6481241925119408
11686,4.284505426198999
11687,3.850784427741969
11688,3.148579429046049
11689,3.461291726458848
11690,3.5223368939146735
11691,3.5223368939146735
11692,3.5223368939146735
11693,3.5223368939146735
11694,3.5223368939146735
11695,7.217742895242531
11696,7.736025125042874
11697,6.414254115839918
11698,5.961051181049746
11699,7.770740334121824
11700,4.782421445637599
11701,8.457528172926361
11702,6.458039109715603
11703,6.40331532268479
11704,8.279350871061911
11705,7.786802242801806
11706,7.736025125042874
11707,7.736025125042874
11708,7.736025125042874
11709,7.736025125042874
11710,7.736025125042874
11711,2.7653997959068644
11712,7.75409874143656
11713,6.928912496096282
11714,7.538534481544281
11715,7.769365333297991
11716,5.294133762186489
11717,7.357447505668187
11718,7.000624089321807
11719,11.09894727683603
11720,5.690998179997002
11721,7.682642799572042
11722,7.75409874143656
11723,7.75409874143656
11724,7.75409874143656
11725,7.75409874143656
11726,7.75409874143656
11727,4.326588766409966
11728,3.1550650437164505
11729,3.1977524858456245
11730,2.8865501456686653
11731,3.1448430724638845
11732,5.043408395828371
11733,4.396067891758965
11734,3.256657812496222
11735,2.038210946391344
11736,4.481812970938613
11737,3.19954876697677
11738,3.1550650437164505
11739,3.1550650437164505
11740,3.1550650437164505
11741,3.1550650437164505
11742,3.1550650437164505
11743,5.538081375639815
11744,3.5941634466250036
11745,4.068097254492564
11746,3.590767761049314
11747,3.5946521374091907
11748,2.8559995664841082
11749,3.6936763431419806
11750,4.39574099080148
11751,4.449633706750618
11752,3.9835028939109782
11753,3.5787570146065346
11754,3.5941634466250036
11755,3.5941634466250036
11756,3.5941634466250036
11757,3.5941634466250036
11758,3.5941634466250036
11759,5.406113601363954
11760,6.337443209837915
11761,5.669755289588868
11762,6.8138520276835415
11763,6.335114055275759
11764,7.7854868354605555
11765,4.638946331989388
11766,4.421298606816556
11767,5.426603542998968
11768,6.0179446715104845
11769,6.321279211538691
11770,6.337443209837915
11771,6.337443209837915
11772,6.337443209837915
11773,6.337443209837915
11774,6.337443209837915
11775,3.034836308720093
11776,3.071472412246658
11777,3.0059679509726505
11778,3.060727608615229
11779,3.070921846970999
11780,4.460170535429991
11781,3.789122668234725
11782,2.602888065840176
11783,3.3861202139708237
11784,2.9616339092958004
11785,3.1120896682767496
11786,3.071472412246658
11787,3.071472412246658
11788,3.071472412246658
11789,3.071472412246658
11790,3.071472412246658
11791,4.864845809060277
11792,5.218668328826961
11793,5.617002625654461
11794,4.600045211794821
11795,5.219775449715603
11796,3.4440396030854403
11797,4.8568668179513255
11798,6.567202323315186
11799,5.072791046888104
11800,5.368026624943693
11801,5.160412230165101
11802,5.218668328826961
11803,5.218668328826961
11804,5.218668328826961
11805,5.218668328826961
11806,5.218668328826961
11807,3.671138111997125
11808,3.192511689609652
11809,3.575221148294568
11810,3.148544447523372
11811,3.1897144823114574
11812,3.38998421014423
11813,2.515051326196145
11814,3.991772229767959
11815,3.0788002497881304
11816,3.028930883831432
11817,3.2075982702709585
11818,3.192511689609652
11819,3.192511689609652
11820,3.192511689609652
11821,3.192511689609652
11822,3.192511689609652
11823,3.2335040363256424
11824,9.504260139589753
11825,7.575320723068893
11826,9.942601530065616
11827,9.546191947008333
11828,9.11986148670316
11829,10.645771606700654
11830,8.461311582485486
11831,9.203964904368762
11832,9.21451429020043
11833,9.625293581158923
11834,9.504260139589753
11835,9.504260139589753
11836,9.504260139589753
11837,9.504260139589753
11838,9.504260139589753
11839,6.9569787414275
11840,4.4471724747347015
11841,4.1782394963619645
11842,6.28536634028162
11843,4.4531342807059735
11844,3.5950685050088667
11845,4.115062656574695
11846,3.1766613920257543
11847,4.199357978764263
11848,5.5763286055640835
11849,4.42331771305303
11850,4.4471724747347015
11851,4.4471724747347015
11852,4.4471724747347015
11853,4.4471724747347015
11854,4.4471724747347015
11855,3.016903901670326
11856,5.768140423933635
11857,6.48643430474712
11858,5.724072512533985
11859,5.760806634792224
11860,6.94067083579676
11861,5.2348997861169755
11862,7.293174761042337
11863,5.369208485222866
11864,4.653921964184148
11865,5.697201357522088
11866,5.768140423933635
11867,5.768140423933635
11868,5.768140423933635
11869,5.768140423933635
11870,5.768140423933635
11871,6.450120543845412
11872,4.197740686697882
11873,4.277521922865791
11874,4.43935888949225
11875,4.197397698090675
11876,2.892384745431394
11877,4.440797838994827
11878,4.4704269276281705
11879,4.156550310582544
11880,3.702270128755013
11881,4.232634278451917
11882,4.197740686697882
11883,4.197740686697882
11884,4.197740686697882
11885,4.197740686697882
11886,4.197740686697882
11887,3.361557572956476
11888,4.515306295344069
11889,4.399557134139526
11890,4.017544479523578
11891,4.515637456357198
11892,6.754828537987609
11893,4.8304600187205375
11894,4.170188408194172
11895,5.184080834736143
11896,5.58750402760418
11897,4.456513267081371
11898,4.515306295344069
11899,4.515306295344069
11900,4.515306295344069
11901,4.515306295344069
11902,4.515306295344069
11903,8.078585231102975
11904,3.918185631453127
11905,4.485719213418175
11906,4.626795036032993
11907,3.917192633352423
11908,4.0905740336440815
11909,3.5174137860653967
11910,3.2688126534037543
11911,3.7042950182236365
11912,4.2679664090205085
11913,3.88994960342139
11914,3.918185631453127
11915,3.918185631453127
11916,3.918185631453127
11917,3.918185631453127
11918,3.918185631453127
11919,4.454478349725681
11920,4.594351810567292
11921,4.630563612292871
11922,4.501665235577866
11923,4.59549739059485
11924,4.179453968251849
11925,5.278864022313181
11926,5.787513480000215
11927,4.278429940192927
11928,4.481566494550641
11929,4.683572556747644
11930,4.594351810567292
11931,4.594351810567292
11932,4.594351810567292
11933,4.594351810567292
11934,4.594351810567292
11935,5.455355894913037
11936,2.3489181598596045
11937,2.3513734294570536
11938,2.4334177026781303
11939,2.348810700982448
11940,2.44364810233227
11941,2.749849986542248
11942,2.160589704102775
11943,2.3912544167717127
11944,2.5785849319970926
11945,2.390741246196202
11946,2.3489181598596045
11947,2.3489181598596045
11948,2.3489181598596045
11949,2.3489181598596045
11950,2.3489181598596045
11951,3.2399355615823526
11952,10.654481328257317
11953,9.302599848308693
11954,7.125646202166816
11955,10.62978936345363
11956,10.796155681458043
11957,8.290254768708198
11958,11.446236165276837
11959,12.835117395635734
11960,9.93595949478251
11961,10.26089694219459
11962,10.654481328257317
11963,10.654481328257317
11964,10.654481328257317
11965,10.654481328257317
11966,10.654481328257317
11967,6.831572455297902
11968,6.752037776481733
11969,6.400632148323375
11970,6.778150927136864
11971,6.74383218771157
11972,6.575604482745631
11973,6.942778135969125
11974,4.8685920656390325
11975,7.6292540466055705
11976,6.211833133337497
11977,6.921387832264354
11978,6.752037776481733
11979,6.752037776481733
11980,6.752037776481733
11981,6.752037776481733
11982,6.752037776481733
11983,4.918675586690558
11984,3.0906240615847143
11985,3.075191819960238
11986,2.953477442923022
11987,3.0943407249179278
11988,3.0694037259442273
11989,3.1339808782834826
11990,3.942730779736164
11991,3.1347414723653837
11992,3.185588316898764
11993,3.040385531162556
11994,3.0906240615847143
11995,3.0906240615847143
11996,3.0906240615847143
11997,3.0906240615847143
11998,3.0906240615847143
11999,3.8824474352181086
12000,3.4213311475592616
12001,3.42348452580791
12002,3.4197239785148477
12003,3.421347997241263
12004,3.672883377624696
12005,3.4642721346946383
12006,2.687446188874953
12007,3.157921726140249
12008,4.404444979936101
12009,3.396270031173697
12010,3.4213311475592616
12011,3.4213311475592616
12012,3.4213311475592616
12013,3.4213311475592616
12014,3.4213311475592616
12015,3.4663720159153417
12016,7.164501626515822
12017,7.526385271571893
12018,8.260386439607538
12019,7.163696764850649
12020,6.993452560641698
12021,7.290977137729302
12022,7.935651524446652
12023,6.337977834621509
12024,5.283795217008007
12025,7.277527294150644
12026,7.164501626515822
12027,7.164501626515822
12028,7.164501626515822
12029,7.164501626515822
12030,7.164501626515822
12031,6.416272884738324
12032,3.7799818395991323
12033,3.6974018009126457
12034,3.768554826454514
12035,3.778183051488996
12036,2.5039211302022415
12037,3.5309074339040074
12038,3.957612606084398
12039,4.047979995930388
12040,3.77840554177794
12041,3.8199507340946495
12042,3.7799818395991323
12043,3.7799818395991323
12044,3.7799818395991323
12045,3.7799818395991323
12046,3.7799818395991323
12047,2.6456102975519142
12048,4.6706728451693635
12049,5.872228925198881
12050,4.629418812261349
12051,4.674835550092309
12052,7.537079571297475
12053,4.270531260404417
12054,4.4201945472782995
12055,4.974790331775093
12056,4.502659261459969
12057,4.615304227709362
12058,4.6706728451693635
12059,4.6706728451693635
12060,4.6706728451693635
12061,4.6706728451693635
12062,4.6706728451693635
12063,8.050827237631536
12064,6.572592089449
12065,6.615509522346819
12066,6.5830593890767455
12067,6.572599755995272
12068,5.742482650990275
12069,7.045358857488923
12070,6.13635340367937
12071,7.054539475915102
12072,6.685303102165728
12073,6.422746456483795
12074,6.572592089449
12075,6.572592089449
12076,6.572592089449
12077,6.572592089449
12078,6.572592089449
12079,6.234343977620975
12080,3.9608637089049163
12081,3.337998688558191
12082,3.814951936856922
12083,3.9604672447020737
12084,4.348951458940147
12085,4.273500822533244
12086,4.257478234653878
12087,3.6892472314950475
12088,3.6495278648223173
12089,4.046047453358938
12090,3.9608637089049163
12091,3.9608637089049163
12092,3.9608637089049163
12093,3.9608637089049163
12094,3.9608637089049163
12095,3.608111876991536
12096,3.9496053058866436
12097,3.8401975379047384
12098,5.815187950939253
12099,3.9508219187000173
12100,4.439729514846102
12101,4.909421824428822
12102,4.087784848209298
12103,3.350678175777946
12104,3.3528849045810962
12105,3.8447632520083785
12106,3.9496053058866436
12107,3.9496053058866436
12108,3.9496053058866436
12109,3.9496053058866436
12110,3.9496053058866436
12111,5.192770517296681
12112,6.345814664643978
12113,7.253475637985054
12114,4.917129835085027
12115,6.3382262607795115
12116,5.828132018189115
12117,5.630416191613944
12118,6.898000401213873
12119,6.246596913480756
12120,7.828652186250555
12121,6.49217161600383
12122,6.345814664643978
12123,6.345814664643978
12124,6.345814664643978
12125,6.345814664643978
12126,6.345814664643978
12127,5.693857153098218
12128,4.050187502838467
12129,4.400012130210044
12130,4.207069180391734
12131,4.05180611571204
12132,5.351316786064451
12133,3.4614407441477524
12134,3.5799591049826787
12135,4.179390023144918
12136,4.850866526265367
12137,4.138125542380257
12138,4.050187502838467
12139,4.050187502838467
12140,4.050187502838467
12141,4.050187502838467
12142,4.050187502838467
12143,5.419880255719936
12144,4.235873153419076
12145,4.07989313881627
12146,4.017110367389694
12147,4.2287151773623055
12148,3.0372454135041673
12149,4.493767257990652
12150,5.201436117244323
12151,4.317627459781952
12152,3.7124506129882566
12153,4.216504342061967
12154,4.235873153419076
12155,4.235873153419076
12156,4.235873153419076
12157,4.235873153419076
12158,4.235873153419076
12159,3.3054566845244953
12160,6.121503662119977
12161,6.118350154679623
12162,8.310809392412844
12163,6.12339180600231
12164,5.960080893983805
12165,6.218743414052335
12166,6.1337335225144285
12167,5.4172825268345015
12168,7.009343861777629
12169,6.086697189202202
12170,6.121503662119977
12171,6.121503662119977
12172,6.121503662119977
12173,6.121503662119977
12174,6.121503662119977
12175,8.428509513174582
12176,4.379128442870093
12177,4.461387496714423
12178,3.9289886370983567
12179,4.372936088160469
12180,4.52510903759596
12181,4.354083914115838
12182,3.9876391898144257
12183,4.437070146794335
12184,4.124561372290986
12185,4.444809907887312
12186,4.379128442870093
12187,4.379128442870093
12188,4.379128442870093
12189,4.379128442870093
12190,4.379128442870093
12191,3.586185489351264
12192,5.112931896082604
12193,5.120112836838253
12194,5.046729515138019
12195,5.112971113224069
12196,5.247243179374244
12197,5.113198000585011
12198,3.646060841715631
12199,5.636848593412661
12200,5.4052829452999775
12201,5.0898412094466075
12202,5.112931896082604
12203,5.112931896082604
12204,5.112931896082604
12205,5.112931896082604
12206,5.112931896082604
12207,4.444439369435168
12208,3.169497935802203
12209,3.346768858550152
12210,2.964584411881214
12211,3.1717949958181983
12212,2.9798510628230366
12213,3.146129718886266
12214,4.2237548038640345
12215,3.412438345870697
12216,2.842670243233928
12217,3.1704617669219326
12218,3.169497935802203
12219,3.169497935802203
12220,3.169497935802203
12221,3.169497935802203
12222,3.169497935802203
12223,3.7080742421328052
12224,3.340587265983807
12225,3.1132355254978967
12226,3.160577543882918
12227,3.3415006073973568
12228,3.786701192987381
12229,2.932265205033918
12230,3.309683133319217
12231,3.6099428806038496
12232,4.129166561463938
12233,3.3301213959461333
12234,3.340587265983807
12235,3.340587265983807
12236,3.340587265983807
12237,3.340587265983807
12238,3.340587265983807
12239,3.979300662425731
12240,5.659558489672229
12241,5.442956464849332
12242,5.506225740073599
12243,5.655854195571523
12244,5.322536140103864
12245,6.802142800027052
12246,6.040685419378072
12247,6.0193985167438955
12248,4.198612523215612
12249,5.640649765928456
12250,5.659558489672229
12251,5.659558489672229
12252,5.659558489672229
12253,5.659558489672229
12254,5.659558489672229
12255,4.9938274375016
12256,5.8880933945590614
12257,5.927317260794694
12258,5.890296375177416
12259,5.888356539227927
12260,5.966344111581863
12261,7.007634992824865
12262,3.925454277144212
12263,5.534052136555753
12264,5.180908976887981
12265,5.751896988506988
12266,5.8880933945590614
12267,5.8880933945590614
12268,5.8880933945590614
12269,5.8880933945590614
12270,5.8880933945590614
12271,3.8840033941591696
12272,5.006054611960278
12273,4.817514179348439
12274,4.53488233007438
12275,5.021022424899578
12276,4.899057346033248
12277,4.135599624484836
12278,7.674024651317908
12279,4.31845235152317
12280,5.747103603803936
12281,5.023641618419886
12282,5.006054611960278
12283,5.006054611960278
12284,5.006054611960278
12285,5.006054611960278
12286,5.006054611960278
12287,5.4976143091386875
12288,4.23047303177599
12289,4.231710862716501
12290,4.298438409972638
12291,4.2300200403303725
12292,6.230410758609081
12293,4.066477979734812
12294,4.393143002885567
12295,4.3119869496026055
12296,4.3848411523386535
12297,4.245643153301412
12298,4.23047303177599
12299,4.23047303177599
12300,4.23047303177599
12301,4.23047303177599
12302,4.23047303177599
12303,6.697024355770473
12304,5.898271907069206
12305,6.067620309399649
12306,5.855400188031538
12307,5.890406737069319
12308,4.1120295783332645
12309,5.705027068223035
12310,5.236884894475792
12311,5.296859257315619
12312,5.906149633077299
12313,5.914625549973779
12314,5.898271907069206
12315,5.898271907069206
12316,5.898271907069206
12317,5.898271907069206
12318,5.898271907069206
12319,3.2475987501473202
12320,3.7488674620573974
12321,3.6980680833060453
12322,3.7287127484441096
12323,3.7517134471647595
12324,4.416015174294593
12325,3.8936775892475666
12326,4.365640796073579
12327,3.3683497961326907
12328,3.9810101905005126
12329,3.60214936841876
12330,3.7488674620573974
12331,3.7488674620573974
12332,3.7488674620573974
12333,3.7488674620573974
12334,3.7488674620573974
12335,4.8110719415932195
12336,6.365932400748278
12337,5.627806329931072
12338,6.14014547185563
12339,6.347955563156719
12340,5.213626215532555
12341,6.84546860749402
12342,5.131268859196445
12343,7.280198428507658
12344,6.360784262282372
12345,6.5986907981897
12346,6.365932400748278
12347,6.365932400748278
12348,6.365932400748278
12349,6.365932400748278
12350,6.365932400748278
12351,4.554713494899136
12352,6.005190905789085
12353,6.385857504624782
12354,6.530630097753557
12355,5.991502236603799
12356,5.853308134507121
12357,4.908035816596423
12358,7.010872195760602
12359,7.567665232479695
12360,4.823605030893945
12361,5.798176160625587
12362,6.005190905789085
12363,6.005190905789085
12364,6.005190905789085
12365,6.005190905789085
12366,6.005190905789085
12367,6.212514009649716
12368,3.2216729052836754
12369,3.1967385351214426
12370,3.194275032979239
12371,3.2229873814341974
12372,3.359010167745423
12373,3.7322791137954656
12374,2.6691340401311536
12375,3.0516457977555493
12376,3.8592838406693843
12377,3.3302073518903845
12378,3.2216729052836754
12379,3.2216729052836754
12380,3.2216729052836754
12381,3.2216729052836754
12382,3.2216729052836754
12383,3.672981690598359
12384,3.9848129389176417
12385,3.972464399950076
12386,4.069650711817996
12387,3.984616957882544
12388,2.6823742463141187
12389,4.625578031657894
12390,5.581692125609061
12391,3.469594213902604
12392,4.393027424937718
12393,3.958531685256285
12394,3.9848129389176417
12395,3.9848129389176417
12396,3.9848129389176417
12397,3.9848129389176417
12398,3.9848129389176417
12399,4.89365802992353
12400,5.480134204902892
12401,5.3273441317362105
12402,4.516338618695227
12403,5.487072848600072
12404,7.905211658058817
12405,4.961598234600945
12406,4.3346411907354865
12407,5.597670470032385
12408,4.5391153709084175
12409,5.450077666314246
12410,5.480134204902892
12411,5.480134204902892
12412,5.480134204902892
12413,5.480134204902892
12414,5.480134204902892
12415,3.969915279824059
12416,5.274457558136675
12417,5.171396849590952
12418,5.338284305772208
12419,5.276288346885348
12420,5.219645367866031
12421,5.445619675111085
12422,4.580133792925439
12423,6.527009469570161
12424,5.572960424846215
12425,5.152004779925103
12426,5.274457558136675
12427,5.274457558136675
12428,5.274457558136675
12429,5.274457558136675
12430,5.274457558136675
12431,5.885008614438914
12432,3.1897647688459534
12433,3.7378601554279576
12434,3.141582494826391
12435,3.189510686210995
12436,3.374660358265545
12437,3.2933194404370787
12438,3.8479626312749073
12439,3.0612765970876668
12440,2.7642794696714317
12441,3.245089243446437
12442,3.1897647688459534
12443,3.1897647688459534
12444,3.1897647688459534
12445,3.1897647688459534
12446,3.1897647688459534
12447,3.674714702935952
12448,4.234577739380619
12449,4.327581389460396
12450,4.631664423879748
12451,4.234456197629167
12452,4.269234227858771
12453,4.098073055178473
12454,4.934220686761981
12455,3.631402415141392
12456,4.768838480961998
12457,4.17297905424964
12458,4.234577739380619
12459,4.234577739380619
12460,4.234577739380619
12461,4.234577739380619
12462,4.234577739380619
12463,5.418479345877005
12464,8.735034666267513
12465,7.469051759670406
12466,5.898561856633471
12467,8.742612918698095
12468,8.372646435969376
12469,8.292338730846646
12470,7.08113387952129
12471,8.556192661465209
12472,7.546915085156552
12473,8.834057905795017
12474,8.735034666267513
12475,8.735034666267513
12476,8.735034666267513
12477,8.735034666267513
12478,8.735034666267513
12479,3.6718718277077427
12480,6.148124965856864
12481,5.876644804869659
12482,6.436078541835652
12483,6.154986599763049
12484,6.141891993681875
12485,6.279895651244619
12486,5.975111330229788
12487,5.994567096619626
12488,8.3233393469526
12489,6.093942423775159
12490,6.148124965856864
12491,6.148124965856864
12492,6.148124965856864
12493,6.148124965856864
12494,6.148124965856864
12495,7.595288909024019
12496,3.752941407135032
12497,3.9321537839278946
12498,4.402120957602283
12499,3.7488780674438744
12500,3.9700345223201388
12501,2.66786525377879
12502,4.315763130931274
12503,3.3120727343868315
12504,2.958679383634809
12505,3.797202071871896
12506,3.752941407135032
12507,3.752941407135032
12508,3.752941407135032
12509,3.752941407135032
12510,3.752941407135032
12511,2.7273533461437722
12512,5.070049360106031
12513,5.492924063921296
12514,5.070193377793695
12515,5.070024645659635
12516,4.5365966810473735
12517,4.832206446909457
12518,6.923478110366013
12519,4.887124870160287
12520,4.4809924132081385
12521,5.004656776528459
12522,5.070049360106031
12523,5.070049360106031
12524,5.070049360106031
12525,5.070049360106031
12526,5.070049360106031
12527,5.318832334323716
12528,2.78916271225552
12529,2.6665186735517956
12530,2.8939869034635812
12531,2.7881403201451076
12532,2.9478436780142774
12533,3.6109305471746787
12534,2.194734945675814
12535,3.364820015066737
12536,3.1999290161798055
12537,2.8946780877494156
12538,2.78916271225552
12539,2.78916271225552
12540,2.78916271225552
12541,2.78916271225552
12542,2.78916271225552
12543,4.230666997162001
12544,4.6924861623217895
12545,4.911189867824206
12546,4.763458741810198
12547,4.697611158037573
12548,3.2724370950207184
12549,4.087529882142203
12550,6.47889400165842
12551,3.939726017007608
12552,4.595053399859645
12553,4.803010986116345
12554,4.6924861623217895
12555,4.6924861623217895
12556,4.6924861623217895
12557,4.6924861623217895
12558,4.6924861623217895
12559,3.5408623889326085
12560,4.678397368652811
12561,4.662883594558916
12562,5.134901950941783
12563,4.676776456098294
12564,6.278867660312506
12565,5.7725428972864625
12566,3.3957520952635503
12567,5.096484159889993
12568,4.830774042393347
12569,4.589979414684301
12570,4.678397368652811
12571,4.678397368652811
12572,4.678397368652811
12573,4.678397368652811
12574,4.678397368652811
12575,7.0640416067878125
12576,3.1481444916160553
12577,3.1454280198199247
12578,3.1410269719032105
12579,3.1482440570296886
12580,2.8362285474122926
12581,3.2995439315093855
12582,3.079423281128935
12583,3.392187114319462
12584,3.173249073723317
12585,3.159513165375929
12586,3.1481444916160553
12587,3.1481444916160553
12588,3.1481444916160553
12589,3.1481444916160553
12590,3.1481444916160553
12591,3.2703443491708457
12592,7.259929402734915
12593,6.162388239455978
12594,6.89396335895319
12595,7.250507738356879
12596,8.32972893521301
12597,5.797246326723265
12598,7.6565342946344455
12599,6.913154431963604
12600,7.575766732709467
12601,7.0760729958979915
12602,7.259929402734915
12603,7.259929402734915
12604,7.259929402734915
12605,7.259929402734915
12606,7.259929402734915
12607,5.69092856828336
12608,2.579119657331488
12609,2.528269078043961
12610,2.7465551182885206
12611,2.578897784910477
12612,2.8754864078073705
12613,2.7138708185919542
12614,3.679475432360631
12615,2.5881880764886365
12616,3.219906374374346
12617,2.6161980034651067
12618,2.579119657331488
12619,2.579119657331488
12620,2.579119657331488
12621,2.579119657331488
12622,2.579119657331488
12623,5.639389313266392
12624,7.199986781214084
12625,7.180071209719655
12626,6.051770796817503
12627,7.210195460026855
12628,6.160229310998163
12629,7.627378540436818
12630,4.601132261833119
12631,8.383713794348106
12632,5.643515983827116
12633,7.161637786739238
12634,7.199986781214084
12635,7.199986781214084
12636,7.199986781214084
12637,7.199986781214084
12638,7.199986781214084
12639,3.205360564427835
12640,3.246035384455627
12641,3.2649782147873645
12642,3.5719200973874514
12643,3.2448186288234853
12644,5.279889759180334
12645,3.1749948709177054
12646,3.2330548668341557
12647,3.5435303192385605
12648,2.664496178135406
12649,3.3411033535011696
12650,3.246035384455627
12651,3.246035384455627
12652,3.246035384455627
12653,3.246035384455627
12654,3.246035384455627
12655,5.2227516128995
12656,7.908862640823574
12657,9.373255619942663
12658,7.344335826296593
12659,7.921939913919473
12660,5.039554392938634
12661,7.744967476443434
12662,7.0486847612071974
12663,6.530449308041557
12664,9.02251441432753
12665,7.734808468550506
12666,7.908862640823574
12667,7.908862640823574
12668,7.908862640823574
12669,7.908862640823574
12670,7.908862640823574
12671,4.192193907905602
12672,3.3589411605341937
12673,3.350214074096444
12674,3.4165235759168135
12675,3.3591428469734086
12676,3.3333837150719434
12677,3.721948669005263
12678,3.745132559506032
12679,3.3190644526437376
12680,3.4180291051251124
12681,3.3450493300781816
12682,3.3589411605341937
12683,3.3589411605341937
12684,3.3589411605341937
12685,3.3589411605341937
12686,3.3589411605341937
12687,4.1749115207090215
12688,5.67820749124365
12689,6.504363204476915
12690,5.090845514857068
12691,5.68149871057464
12692,5.633129848282324
12693,4.604218230035481
12694,5.447243106459924
12695,6.322200643078568
12696,5.237071321805753
12697,5.666426659360823
12698,5.67820749124365
12699,5.67820749124365
12700,5.67820749124365
12701,5.67820749124365
12702,5.67820749124365
12703,4.28736937570521
12704,6.465690711574804
12705,6.793157532877231
12706,7.237628642515601
12707,6.467497774122095
12708,6.157009618860217
12709,5.833009855012086
12710,6.470445738693823
12711,6.6021958197400545
12712,6.79081692425188
12713,6.737129909248495
12714,6.465690711574804
12715,6.465690711574804
12716,6.465690711574804
12717,6.465690711574804
12718,6.465690711574804
12719,7.594683387440113
12720,3.3866584801569393
12721,3.0740190555746825
12722,3.2321554722125394
12723,3.3882364478319626
12724,3.760412576127598
12725,4.208492033863143
12726,3.7232689225377373
12727,2.6413440020850647
12728,3.096582971231023
12729,3.2725415044099897
12730,3.3866584801569393
12731,3.3866584801569393
12732,3.3866584801569393
12733,3.3866584801569393
12734,3.3866584801569393
12735,3.0766070292803964
12736,3.223745072324563
12737,2.8712866223129017
12738,3.26084493552062
12739,3.2195462929228844
12740,2.9593813927558097
12741,3.5349956714019584
12742,3.7148819320436184
12743,2.756917741490773
12744,3.0942027510508234
12745,3.313339116234553
12746,3.223745072324563
12747,3.223745072324563
12748,3.223745072324563
12749,3.223745072324563
12750,3.223745072324563
12751,2.7743397480674683
12752,6.967103089308653
12753,9.074335097743676
12754,8.072882293977699
12755,6.966654792313188
12756,7.241612648084877
12757,7.909315616124991
12758,5.8549595153960805
12759,7.500177495347028
12760,7.700640458072649
12761,6.665878194768369
12762,6.967103089308653
12763,6.967103089308653
12764,6.967103089308653
12765,6.967103089308653
12766,6.967103089308653
12767,13.672544491733271
12768,4.072520293795806
12769,4.134135399034436
12770,4.07256399499578
12771,4.073131669105741
12772,4.130797475448215
12773,3.5514012035951685
12774,4.136914581219739
12775,4.733694902062392
12776,5.413593467732293
12777,4.077182181825286
12778,4.072520293795806
12779,4.072520293795806
12780,4.072520293795806
12781,4.072520293795806
12782,4.072520293795806
12783,5.695660773656101
12784,6.20597467789611
12785,5.479597873673328
12786,5.5418860987547145
12787,6.200988942777985
12788,6.129073330587279
12789,5.359680596114817
12790,5.627069531348622
12791,6.615001005113697
12792,4.68105791248916
12793,6.197302919365794
12794,6.20597467789611
12795,6.20597467789611
12796,6.20597467789611
12797,6.20597467789611
12798,6.20597467789611
12799,3.2594983560310986
12800,4.189138104051178
12801,3.977321322297191
12802,4.279736112975189
12803,4.186731685228776
12804,4.105465711977126
12805,4.689897894650601
12806,4.544507382960182
12807,5.3274131292579066
12808,4.199876994946331
12809,4.043272047894563
12810,4.189138104051178
12811,4.189138104051178
12812,4.189138104051178
12813,4.189138104051178
12814,4.189138104051178
12815,5.810316197292169
12816,3.682058586298863
12817,4.296480226085918
12818,4.20441898479684
12819,3.6832791317128954
12820,3.9548238075086077
12821,3.9508254535339153
12822,3.5720842440213736
12823,3.2581936078532183
12824,3.534749545789889
12825,3.8022335706744803
12826,3.682058586298863
12827,3.682058586298863
12828,3.682058586298863
12829,3.682058586298863
12830,3.682058586298863
12831,5.281394254789537
12832,4.487991362575761
12833,4.53180556959142
12834,4.4872961859055875
12835,4.4882952900512025
12836,4.4575664141236
12837,4.296604629450555
12838,4.1596210052045794
12839,5.275363647710064
12840,4.516722303193163
12841,4.45721497663367
12842,4.487991362575761
12843,4.487991362575761
12844,4.487991362575761
12845,4.487991362575761
12846,4.487991362575761
12847,4.683840698184225
12848,9.891277124079998
12849,6.959735644503098
12850,7.989430007599032
12851,9.875611536379338
12852,9.351968383491814
12853,8.882951618170928
12854,10.658422261251626
12855,6.777528152919196
12856,9.695951816318829
12857,9.79357177244658
12858,9.891277124079998
12859,9.891277124079998
12860,9.891277124079998
12861,9.891277124079998
12862,9.891277124079998
12863,3.8937530078693774
12864,3.5345132988300816
12865,3.3599287835329883
12866,3.8491746520015675
12867,3.5342082449041965
12868,3.527736117694282
12869,2.829934080556993
12870,3.117626043123771
12871,4.297450386355226
12872,4.267365384327438
12873,3.553809128802966
12874,3.5345132988300816
12875,3.5345132988300816
12876,3.5345132988300816
12877,3.5345132988300816
12878,3.5345132988300816
12879,3.594837970443517
12880,7.061201732792537
12881,7.512720436364274
12882,6.274565570226607
12883,7.060562778367959
12884,7.5116100249228674
12885,7.625901619016238
12886,6.924484060243029
12887,5.1368696201585635
12888,6.305528024181542
12889,7.116154821995845
12890,7.061201732792537
12891,7.061201732792537
12892,7.061201732792537
12893,7.061201732792537
12894,7.061201732792537
12895,4.6255531184424505
12896,3.519373227773099
12897,3.740378351014366
12898,3.716194126302732
12899,3.519117181664231
12900,3.0502394791474132
12901,4.400428873856581
12902,2.865094428639854
12903,5.32572582610235
12904,2.9676980283521255
12905,3.3982679672539327
12906,3.519373227773099
12907,3.519373227773099
12908,3.519373227773099
12909,3.519373227773099
12910,3.519373227773099
12911,5.046740334163228
12912,4.55953698075481
12913,4.382235849675372
12914,4.439705834941774
12915,4.555741348254091
12916,4.845563863446142
12917,4.16895486223491
12918,5.138615683024992
12919,3.7237143951522937
12920,5.5485430180445094
12921,4.734742913759328
12922,4.55953698075481
12923,4.55953698075481
12924,4.55953698075481
12925,4.55953698075481
12926,4.55953698075481
12927,4.931307852364482
12928,3.2065979191512213
12929,3.2069067092301258
12930,3.291071573745446
12931,3.206779925811859
12932,2.7557593285476223
12933,3.150646218845103
12934,3.5725179074397806
12935,3.808827439827606
12936,3.091653497478984
12937,3.160032028262487
12938,3.2065979191512213
12939,3.2065979191512213
12940,3.2065979191512213
12941,3.2065979191512213
12942,3.2065979191512213
12943,3.444762818508969
12944,7.381967968312239
12945,7.755809891939082
12946,5.956569421422171
12947,7.364757961469865
12948,8.819768357994898
12949,7.296339498128097
12950,7.355948791420626
12951,5.098977632876593
12952,8.081524441688778
12953,7.457177270457211
12954,7.381967968312239
12955,7.381967968312239
12956,7.381967968312239
12957,7.381967968312239
12958,7.381967968312239
12959,5.3073016622384035
12960,6.981925051739576
12961,6.930134472542655
12962,8.10100966059287
12963,6.982038777569828
12964,4.804482988328102
12965,6.752676039416352
12966,5.255746091830173
12967,10.062402864786288
12968,6.639008383419636
12969,6.875649055605644
12970,6.981925051739576
12971,6.981925051739576
12972,6.981925051739576
12973,6.981925051739576
12974,6.981925051739576
12975,5.301356251272172
12976,2.710253847086074
12977,3.0936770022089295
12978,2.5377687184010633
12979,2.7078307994986566
12980,3.8768333590179807
12981,2.689714051247658
12982,3.826845534533141
12983,2.084573681936798
12984,3.0388177302757198
12985,2.7960533672388763
12986,2.710253847086074
12987,2.710253847086074
12988,2.710253847086074
12989,2.710253847086074
12990,2.710253847086074
12991,4.931911647697041
12992,3.2361843112044526
12993,3.0932016389272157
12994,3.338366926081481
12995,3.2360863761631657
12996,5.280742592914128
12997,3.8062598324228896
12998,3.0195476437728654
12999,4.078246411903801
13000,2.3448823946647295
13001,3.1655247077291833
13002,3.2361843112044526
13003,3.2361843112044526
13004,3.2361843112044526
13005,3.2361843112044526
13006,3.2361843112044526
13007,5.017876853749276
13008,6.1642943413214315
13009,6.025181139972266
13010,7.18274044361041
13011,6.1661410735298015
13012,3.8037935344598583
13013,5.314444680759377
13014,6.208368391323407
13015,5.399651592716049
13016,8.322744224724396
13017,6.311706030914815
13018,6.1642943413214315
13019,6.1642943413214315
13020,6.1642943413214315
13021,6.1642943413214315
13022,6.1642943413214315
13023,4.360642600695346
13024,4.503650915058475
13025,4.526004136700735
13026,4.502489800191203
13027,4.5044511230508055
13028,5.215385716906768
13029,3.9685695186845646
13030,2.9847741022017806
13031,5.776663423518947
13032,4.69141097567925
13033,4.460671689627059
13034,4.503650915058475
13035,4.503650915058475
13036,4.503650915058475
13037,4.503650915058475
13038,4.503650915058475
13039,4.050312714300195
13040,5.222051406352828
13041,5.308088443183611
13042,4.94116287594641
13043,5.232371783877165
13044,4.44854866381921
13045,6.303039869580645
13046,7.54572217337094
13047,4.026650920128033
13048,4.709343521991756
13049,5.280452946351012
13050,5.222051406352828
13051,5.222051406352828
13052,5.222051406352828
13053,5.222051406352828
13054,5.222051406352828
13055,5.224325783239637
13056,4.847115371589483
13057,4.746555460440571
13058,5.065662320505158
13059,4.848266675400881
13060,4.713959580396077
13061,3.982841510239089
13062,3.745912796370962
13063,4.0841942869973
13064,4.684726865822726
13065,4.919251324311508
13066,4.847115371589483
13067,4.847115371589483
13068,4.847115371589483
13069,4.847115371589483
13070,4.847115371589483
13071,2.434588485256409
13072,4.494437887128292
13073,4.7106373067689535
13074,5.3407065145008765
13075,4.494200896168764
13076,4.468571776918867
13077,4.974492058820559
13078,5.211951144018636
13079,6.154360214041705
13080,4.379393553547108
13081,4.456133241651066
13082,4.494437887128292
13083,4.494437887128292
13084,4.494437887128292
13085,4.494437887128292
13086,4.494437887128292
13087,9.921719217603503
13088,4.3530622833562225
13089,4.785776630673053
13090,4.35153636356142
13091,4.352813741516801
13092,4.028913977291515
13093,5.553522017077948
13094,5.045348951825827
13095,2.8972498912389018
13096,4.172683310701844
13097,4.465011047901435
13098,4.3530622833562225
13099,4.3530622833562225
13100,4.3530622833562225
13101,4.3530622833562225
13102,4.3530622833562225
13103,4.396518914514897
13104,5.585029063622696
13105,4.830962107132633
13106,5.802914234686029
13107,5.592364721441435
13108,6.048950829650875
13109,5.205953141183223
13110,4.711913722763753
13111,7.080336523872505
13112,5.629656614205942
13113,5.472312885544187
13114,5.585029063622696
13115,5.585029063622696
13116,5.585029063622696
13117,5.585029063622696
13118,5.585029063622696
13119,5.283187889886458
13120,7.792596121023989
13121,7.11545955719428
13122,7.9769994022880075
13123,7.80383549303332
13124,7.2805151397749635
13125,8.796593682017997
13126,5.860390167731116
13127,5.942770144415654
13128,6.7835283169759055
13129,8.051235263446765
13130,7.792596121023989
13131,7.792596121023989
13132,7.792596121023989
13133,7.792596121023989
13134,7.792596121023989
13135,3.840218095903395
13136,2.5872203859235734
13137,2.839057797280316
13138,2.611479966769159
13139,2.5860327967761556
13140,2.7640497925196112
13141,2.7544076988131154
13142,3.5270772225999742
13143,2.935357410816183
13144,3.143436376077615
13145,2.542740639250932
13146,2.5872203859235734
13147,2.5872203859235734
13148,2.5872203859235734
13149,2.5872203859235734
13150,2.5872203859235734
13151,5.329053899665396
13152,3.8466415912679754
13153,3.919985361708951
13154,3.9681903575955784
13155,3.847233249963708
13156,3.8922487303561892
13157,3.6759310481653573
13158,4.2982634746096755
13159,3.262695536388537
13160,4.8380390260782535
13161,3.8666008751867023
13162,3.8466415912679754
13163,3.8466415912679754
13164,3.8466415912679754
13165,3.8466415912679754
13166,3.8466415912679754
13167,5.172659446199627
13168,5.149954972403026
13169,4.956197646907229
13170,3.8390784314518087
13171,5.152183191870664
13172,5.182320538267455
13173,4.58080874494009
13174,4.90808774603993
13175,7.176839778778161
13176,4.130210063604472
13177,5.058188436848287
13178,5.149954972403026
13179,5.149954972403026
13180,5.149954972403026
13181,5.149954972403026
13182,5.149954972403026
13183,3.7213950465120824
13184,6.448967729451567
13185,6.936194617455195
13186,6.794658224270124
13187,6.449222719082732
13188,7.784042761197535
13189,7.443059011685904
13190,5.334748230064155
13191,4.900938782111325
13192,5.837175939751183
13193,6.622981584626318
13194,6.448967729451567
13195,6.448967729451567
13196,6.448967729451567
13197,6.448967729451567
13198,6.448967729451567
13199,6.279297573208612
13200,3.8502067750874964
13201,3.887067986031403
13202,3.788018188454578
13203,3.8498937442608168
13204,3.099043085919935
13205,3.1892943994400205
13206,4.704085497914398
13207,4.399062991357879
13208,4.338372837111086
13209,3.6808663088280635
13210,3.8502067750874964
13211,3.8502067750874964
13212,3.8502067750874964
13213,3.8502067750874964
13214,3.8502067750874964
13215,3.8353714451851513
13216,3.148990886114705
13217,3.147984453762348
13218,3.4931859740300117
13219,3.148460237218351
13220,4.946633005649762
13221,2.7633183088942888
13222,2.892961384311378
13223,2.611700986590246
13224,2.878646454278451
13225,3.1395198484576987
13226,3.148990886114705
13227,3.148990886114705
13228,3.148990886114705
13229,3.148990886114705
13230,3.148990886114705
13231,3.143317566462895
13232,5.82519685780404
13233,5.2455352801679105
13234,4.814480211477479
13235,5.809913707342146
13236,4.0549909665874795
13237,6.798189756253371
13238,6.193553240082846
13239,7.897399974157471
13240,6.999325881402977
13241,5.800969955809494
13242,5.82519685780404
13243,5.82519685780404
13244,5.82519685780404
13245,5.82519685780404
13246,5.82519685780404
13247,6.104276242702229
13248,6.609062224965469
13249,6.093836299753869
13250,6.880162363221171
13251,6.594266122359632
13252,4.193771214209184
13253,6.573299902010346
13254,5.317198917940549
13255,5.358067004550311
13256,7.214105090899841
13257,6.60556336320378
13258,6.609062224965469
13259,6.609062224965469
13260,6.609062224965469
13261,6.609062224965469
13262,6.609062224965469
13263,2.7731545076538247
13264,2.923949977030484
13265,2.902930853458898
13266,3.0370317929979818
13267,2.932667668221263
13268,4.242574499350393
13269,2.928177257227962
13270,4.255791810284108
13271,3.877065934740265
13272,2.629263844075493
13273,2.9214989317983253
13274,2.923949977030484
13275,2.923949977030484
13276,2.923949977030484
13277,2.923949977030484
13278,2.923949977030484
13279,7.6201410321092
13280,5.980015774017955
13281,5.9366238465083105
13282,5.911188953036601
13283,5.979097461712336
13284,5.644282811421301
13285,5.946153856846824
13286,5.223342797219545
13287,4.260382544976982
13288,4.4970525100580945
13289,6.256898629510595
13290,5.980015774017955
13291,5.980015774017955
13292,5.980015774017955
13293,5.980015774017955
13294,5.980015774017955
13295,2.71105707073568
13296,3.8071576100493205
13297,4.0569125565378235
13298,3.642353308900025
13299,3.8111833386519494
13300,4.215835769123853
13301,3.816534086139159
13302,4.587672112922221
13303,5.162715515183539
13304,4.706480826998758
13305,3.698119684820156
13306,3.8071576100493205
13307,3.8071576100493205
13308,3.8071576100493205
13309,3.8071576100493205
13310,3.8071576100493205
13311,8.318493639355424
13312,4.023322238253626
13313,4.05977914982585
13314,4.869128123361913
13315,4.023130815169392
13316,3.9647905801562917
13317,5.266005994724406
13318,3.2459378075327883
13319,3.6979287172289985
13320,4.662518048701498
13321,3.969736559865159
13322,4.023322238253626
13323,4.023322238253626
13324,4.023322238253626
13325,4.023322238253626
13326,4.023322238253626
13327,5.085084281444926
13328,4.494678418222623
13329,4.878078848840723
13330,4.443604763162131
13331,4.4944260662910835
13332,4.697626201011715
13333,4.377207932916509
13334,6.18087750428162
13335,4.628797106379999
13336,3.8055363878580177
13337,4.542181336445073
13338,4.494678418222623
13339,4.494678418222623
13340,4.494678418222623
13341,4.494678418222623
13342,4.494678418222623
13343,5.8257937560939705
13344,4.936946277565124
13345,5.027957380495828
13346,5.357816889218085
13347,4.93582398005113
13348,4.533026076912734
13349,3.8717805373325955
13350,4.509436520791576
13351,5.270770798738278
13352,3.7834703334530193
13353,4.890572739826563
13354,4.936946277565124
13355,4.936946277565124
13356,4.936946277565124
13357,4.936946277565124
13358,4.936946277565124
13359,2.803724052568734
13360,4.752268283588445
13361,3.5409438339754518
13362,3.468854611266401
13363,4.765207167347722
13364,5.38049197091091
13365,5.042394494542353
13366,5.625772129099677
13367,5.160763599537028
13368,5.787299973418058
13369,4.71889420758285
13370,4.752268283588445
13371,4.752268283588445
13372,4.752268283588445
13373,4.752268283588445
13374,4.752268283588445
13375,5.607577385298827
13376,3.6875901870765646
13377,3.512594156277549
13378,3.6413805679975115
13379,3.6901345074751206
13380,3.522633829263888
13381,3.5339970892263484
13382,2.981962442439597
13383,3.7574538133199367
13384,3.718665915639501
13385,3.7135351676344794
13386,3.6875901870765646
13387,3.6875901870765646
13388,3.6875901870765646
13389,3.6875901870765646
13390,3.6875901870765646
13391,2.7128422495978626
13392,6.097194282616518
13393,6.460585213427625
13394,5.180117124881018
13395,6.08755517875701
13396,6.384499418616875
13397,5.695949220410089
13398,7.751107186946576
13399,6.188173874426348
13400,6.116249853749098
13401,6.131451112956437
13402,6.097194282616518
13403,6.097194282616518
13404,6.097194282616518
13405,6.097194282616518
13406,6.097194282616518
13407,6.846373935718224
13408,3.6107561321083597
13409,4.2229923283666695
13410,3.6086432331186886
13411,3.610486593894582
13412,3.652982999206373
13413,3.7152895418611176
13414,3.175276268134298
13415,3.6117118208966965
13416,3.84686629540409
13417,3.574192216208306
13418,3.6107561321083597
13419,3.6107561321083597
13420,3.6107561321083597
13421,3.6107561321083597
13422,3.6107561321083597
13423,4.088001179580795
13424,6.4102298711416195
13425,6.075037113042859
13426,6.9416280933268
13427,6.412912789875352
13428,6.178328109262868
13429,6.583947963558397
13430,6.962498210297376
13431,5.63939749265191
13432,6.52205053238043
13433,6.490622830903924
13434,6.4102298711416195
13435,6.4102298711416195
13436,6.4102298711416195
13437,6.4102298711416195
13438,6.4102298711416195
13439,6.261901597021089
13440,4.041086756114372
13441,4.072541553376188
13442,4.04540047249227
13443,4.041076922193453
13444,3.037722181097902
13445,3.662251220484912
13446,3.063196383710845
13447,4.41589367326833
13448,3.794383658297425
13449,4.0990460359973575
13450,4.041086756114372
13451,4.041086756114372
13452,4.041086756114372
13453,4.041086756114372
13454,4.041086756114372
13455,2.186706720042346
13456,3.25676304337212
13457,3.4225265089100128
13458,3.1191600135619897
13459,3.256086968887842
13460,4.545120941720288
13461,3.8903575748385326
13462,4.242276901229491
13463,3.728929830755461
13464,3.6764387947942585
13465,3.2276666640470744
13466,3.25676304337212
13467,3.25676304337212
13468,3.25676304337212
13469,3.25676304337212
13470,3.25676304337212
13471,8.789543206726341
13472,2.7445304048367456
13473,2.7377757148052897
13474,2.743630779487843
13475,2.744548662883464
13476,2.381381663107577
13477,3.076948987556638
13478,3.2181821399772437
13479,2.7820080559002203
13480,3.5662493682922634
13481,2.696849825704892
13482,2.7445304048367456
13483,2.7445304048367456
13484,2.7445304048367456
13485,2.7445304048367456
13486,2.7445304048367456
13487,4.018315411204714
13488,8.644745514772694
13489,8.790788368929306
13490,9.691938785283083
13491,8.629020882968563
13492,9.36196728228877
13493,6.660358731631599
13494,8.072681326120968
13495,7.527269293936533
13496,6.773537000951643
13497,8.897844656688601
13498,8.644745514772694
13499,8.644745514772694
13500,8.644745514772694
13501,8.644745514772694
13502,8.644745514772694
13503,5.245442888148621
13504,4.496569901625522
13505,4.573901592077912
13506,6.697827017542578
13507,4.482508949219829
13508,5.153046223228872
13509,4.888575559974477
13510,3.431819782744578
13511,3.891145204915015
13512,4.887391584528254
13513,4.365379713416588
13514,4.496569901625522
13515,4.496569901625522
13516,4.496569901625522
13517,4.496569901625522
13518,4.496569901625522
13519,6.121617942405423
13520,6.527509956087401
13521,6.424653362752169
13522,6.339569569405668
13523,6.534393956744949
13524,6.052204211637675
13525,6.826541450787546
13526,7.864234572378746
13527,6.248544434571936
13528,5.657468492168582
13529,6.650658526484483
13530,6.527509956087401
13531,6.527509956087401
13532,6.527509956087401
13533,6.527509956087401
13534,6.527509956087401
13535,6.215842291594083
13536,2.4344223970677206
13537,2.435425189425728
13538,2.51698358034791
13539,2.4345403185457815
13540,3.6941808864885073
13541,2.398548686083733
13542,2.6902226127225877
13543,2.5460305398005887
13544,2.7199208893617017
13545,2.4727301354126405
13546,2.4344223970677206
13547,2.4344223970677206
13548,2.4344223970677206
13549,2.4344223970677206
13550,2.4344223970677206
13551,5.0129647083134925
13552,10.124697858562111
13553,9.846683520413384
13554,7.190533848869476
13555,10.146672928529009
13556,6.319701234337912
13557,9.643835162595497
13558,8.62955914489562
13559,10.591106810339797
13560,8.50788947985912
13561,10.048846536185813
13562,10.124697858562111
13563,10.124697858562111
13564,10.124697858562111
13565,10.124697858562111
13566,10.124697858562111
13567,3.2940533379383914
13568,5.353630621020571
13569,5.294153754814843
13570,6.623778508083667
13571,5.352447474865985
13572,4.890371626934688
13573,4.847259929396182
13574,5.224138809205418
13575,5.082708619111449
13576,4.571203785616354
13577,5.337507858257812
13578,5.353630621020571
13579,5.353630621020571
13580,5.353630621020571
13581,5.353630621020571
13582,5.353630621020571
13583,3.913148507919689
13584,6.269520333334638
13585,7.2851286140274
13586,5.0060880135402686
13587,6.2750086730586885
13588,6.512868715168328
13589,5.349625548782904
13590,6.236536672114395
13591,6.0485784278068975
13592,7.212801658835669
13593,6.406566739807414
13594,6.269520333334638
13595,6.269520333334638
13596,6.269520333334638
13597,6.269520333334638
13598,6.269520333334638
13599,5.328523366472123
13600,3.9238026602852556
13601,4.268384772475363
13602,4.078408353311218
13603,3.9250792221060067
13604,4.079636182201897
13605,4.396417054975407
13606,2.600150163064035
13607,3.9355525222610868
13608,4.603291500811813
13609,4.002253139533899
13610,3.9238026602852556
13611,3.9238026602852556
13612,3.9238026602852556
13613,3.9238026602852556
13614,3.9238026602852556
13615,4.4596553652754825
13616,4.657585461388278
13617,3.9269442104786245
13618,4.061246064668622
13619,4.655070293895437
13620,4.7875373719824275
13621,5.2416603865599
13622,6.456174259399944
13623,5.230056247564518
13624,3.7069164960510865
13625,4.543720312555204
13626,4.657585461388278
13627,4.657585461388278
13628,4.657585461388278
13629,4.657585461388278
13630,4.657585461388278
13631,5.32856181627215
13632,4.695812575857049
13633,4.618186386501863
13634,4.667008027086568
13635,4.695031964997524
13636,4.551043938323586
13637,5.521029503042548
13638,4.932940829740269
13639,5.210007327486944
13640,4.596317695622396
13641,4.803914779090303
13642,4.695812575857049
13643,4.695812575857049
13644,4.695812575857049
13645,4.695812575857049
13646,4.695812575857049
13647,5.984583555979519
13648,3.379815692168113
13649,3.9666715063456666
13650,3.35283121711349
13651,3.3793012360925183
13652,3.324741193048108
13653,2.9570777874677074
13654,3.395351784015698
13655,3.3077465982306324
13656,3.5825285570356837
13657,3.304660391848065
13658,3.379815692168113
13659,3.379815692168113
13660,3.379815692168113
13661,3.379815692168113
13662,3.379815692168113
13663,3.352538553106326
13664,7.556445915432968
13665,7.674475790318882
13666,7.5553260443544525
13667,7.55544191932417
13668,7.173855139828412
13669,6.215717758970513
13670,5.67874881023953
13671,7.160529117722378
13672,7.717113632696019
13673,7.455141190557526
13674,7.556445915432968
13675,7.556445915432968
13676,7.556445915432968
13677,7.556445915432968
13678,7.556445915432968
13679,4.253545473640823
13680,2.889557931237314
13681,2.7669392957814964
13682,3.0856571536335493
13683,2.8862679188646947
13684,3.1975491314819244
13685,3.211122213146209
13686,4.328076659145464
13687,2.7285060746689243
13688,3.009080513352553
13689,2.925946232571865
13690,2.889557931237314
13691,2.889557931237314
13692,2.889557931237314
13693,2.889557931237314
13694,2.889557931237314
13695,5.3538220863799895
13696,3.0665216403822457
13697,3.2124285629062266
13698,3.003010267488852
13699,3.070780051409196
13700,4.5323766709470386
13701,2.948598462300219
13702,2.8868835494017477
13703,3.7235396879305784
13704,4.357240267970325
13705,3.0725464814346237
13706,3.0665216403822457
13707,3.0665216403822457
13708,3.0665216403822457
13709,3.0665216403822457
13710,3.0665216403822457
13711,7.182069554362007
13712,6.241198252496198
13713,6.236505122308771
13714,5.946682090531278
13715,6.233624307558071
13716,4.23209693292125
13717,6.045079138371039
13718,6.0695546651621415
13719,6.357430609783035
13720,4.745844009117342
13721,6.1057934952292765
13722,6.241198252496198
13723,6.241198252496198
13724,6.241198252496198
13725,6.241198252496198
13726,6.241198252496198
13727,2.9345128202433055
13728,4.814052264130079
13729,4.816723416782879
13730,4.807878438724714
13731,4.81393051666891
13732,5.814255591485148
13733,4.966151210993897
13734,3.940007951414442
13735,4.340041999959276
13736,4.51248796486005
13737,4.802350892594093
13738,4.814052264130079
13739,4.814052264130079
13740,4.814052264130079
13741,4.814052264130079
13742,4.814052264130079
13743,4.123529069993675
13744,6.189175838137211
13745,5.743216157364569
13746,5.593828375567947
13747,6.180622960762987
13748,5.134002847571119
13749,6.579959991094963
13750,6.601703507007378
13751,5.767187007287493
13752,6.751456402841109
13753,6.158812900885762
13754,6.189175838137211
13755,6.189175838137211
13756,6.189175838137211
13757,6.189175838137211
13758,6.189175838137211
13759,4.962057767669182
13760,5.5337953653765135
13761,5.127155572195799
13762,9.01690511745676
13763,5.532998035601972
13764,5.168864435981417
13765,4.718302752683276
13766,5.6839241597923875
13767,5.069780421708129
13768,5.667609348336871
13769,5.5322371907840795
13770,5.5337953653765135
13771,5.5337953653765135
13772,5.5337953653765135
13773,5.5337953653765135
13774,5.5337953653765135
13775,4.988988050761599
13776,4.261581961798385
13777,4.188846775052652
13778,3.875434573707498
13779,4.262525661380659
13780,4.504006460939919
13781,4.936442473349258
13782,4.174297285049511
13783,3.988023650114336
13784,3.8277411488128066
13785,4.260448161340183
13786,4.261581961798385
13787,4.261581961798385
13788,4.261581961798385
13789,4.261581961798385
13790,4.261581961798385
13791,3.8024841538975918
13792,4.430119308711636
13793,4.426648707012047
13794,4.635655287414151
13795,4.430082173293982
13796,2.991351868433611
13797,5.519213747979866
13798,4.056214956107045
13799,4.419490791783794
13800,4.748311847973463
13801,4.506311875129159
13802,4.430119308711636
13803,4.430119308711636
13804,4.430119308711636
13805,4.430119308711636
13806,4.430119308711636
13807,3.995579525870246
13808,4.166492212964178
13809,4.709797482447219
13810,3.8984234456895286
13811,4.174413644348328
13812,6.209008881693275
13813,3.733809825648586
13814,4.694521586750823
13815,4.697915904795083
13816,3.8303352210322874
13817,4.140012563458128
13818,4.166492212964178
13819,4.166492212964178
13820,4.166492212964178
13821,4.166492212964178
13822,4.166492212964178
13823,6.584254207187973
13824,4.0029960119752435
13825,3.96068881671944
13826,5.5038470083941124
13827,4.004791348045631
13828,5.188517821016146
13829,4.498723965504852
13830,4.427806156534919
13831,3.6110352755113615
13832,3.3144736824725496
13833,4.018601166332244
13834,4.0029960119752435
13835,4.0029960119752435
13836,4.0029960119752435
13837,4.0029960119752435
13838,4.0029960119752435
13839,6.356121876280299
13840,4.550151309370219
13841,4.594197889824704
13842,4.052271202943187
13843,4.545106335491005
13844,3.752577587711204
13845,3.7251845140585345
13846,3.863831406684457
13847,5.961173455883603
13848,5.966559419631794
13849,4.559165228132345
13850,4.550151309370219
13851,4.550151309370219
13852,4.550151309370219
13853,4.550151309370219
13854,4.550151309370219
13855,4.059149820964399
13856,5.2085882766873235
13857,5.150389719873197
13858,5.645209567005868
13859,5.207740174202666
13860,8.020220481175866
13861,4.400411440157923
13862,5.2445173547830946
13863,3.398053955423154
13864,6.221396780853984
13865,5.126349445818125
13866,5.2085882766873235
13867,5.2085882766873235
13868,5.2085882766873235
13869,5.2085882766873235
13870,5.2085882766873235
13871,5.376340199276698
13872,4.8491018299850195
13873,4.669871353200234
13874,4.479715108693626
13875,4.84359835260763
13876,3.106174906871866
13877,5.649877262229623
13878,4.6370655393592175
13879,6.823927340683306
13880,4.134981380152532
13881,4.891431985321242
13882,4.8491018299850195
13883,4.8491018299850195
13884,4.8491018299850195
13885,4.8491018299850195
13886,4.8491018299850195
13887,3.697895721978511
13888,5.596598592480969
13889,5.640430032958413
13890,5.417749898196851
13891,5.596550189903874
13892,3.707204805806035
13893,5.579573034652118
13894,6.503531662745328
13895,4.408323848512886
13896,5.589222572597748
13897,5.533516482764843
13898,5.596598592480969
13899,5.596598592480969
13900,5.596598592480969
13901,5.596598592480969
13902,5.596598592480969
13903,3.2791131746341025
13904,4.8783701203682375
13905,4.722886594287938
13906,4.624855802783579
13907,4.884876224718386
13908,7.529805968307426
13909,4.806247219905218
13910,4.592213868795044
13911,5.022089085276998
13912,4.593705391343633
13913,4.9330632232450355
13914,4.8783701203682375
13915,4.8783701203682375
13916,4.8783701203682375
13917,4.8783701203682375
13918,4.8783701203682375
13919,6.3548375719284955
13920,6.667798347153613
13921,6.735960152092294
13922,6.668905586509708
13923,6.668304520601559
13924,5.931851628403449
13925,6.631768072722274
13926,6.826060318041412
13927,5.273836318164859
13928,6.56844103831347
13929,6.598758720054268
13930,6.667798347153613
13931,6.667798347153613
13932,6.667798347153613
13933,6.667798347153613
13934,6.667798347153613
13935,4.717365001234573
13936,2.734461558366197
13937,2.8055311586101443
13938,2.454287134541249
13939,2.7406022370482908
13940,2.9122896199764545
13941,2.7005142733825815
13942,2.879817602097895
13943,4.030442620028757
13944,2.6730822233868685
13945,2.723612701859843
13946,2.734461558366197
13947,2.734461558366197
13948,2.734461558366197
13949,2.734461558366197
13950,2.734461558366197
13951,3.98664792397586
13952,3.9820630328353492
13953,3.9174507205100064
13954,3.9656472444905533
13955,3.9800258773787736
13956,3.9110394638187533
13957,3.761513896389155
13958,5.4147304821248134
13959,3.365351313948661
13960,4.224924173282596
13961,3.8653750220620102
13962,3.9820630328353492
13963,3.9820630328353492
13964,3.9820630328353492
13965,3.9820630328353492
13966,3.9820630328353492
13967,4.331351984289544
13968,5.618737691343593
13969,6.6012988035904465
13970,5.621491372510244
13971,5.619515662640295
13972,5.721510841244536
13973,7.4191666866630035
13974,3.6279436317280798
13975,6.153799137225559
13976,5.237790023472212
13977,5.6991160856770655
13978,5.618737691343593
13979,5.618737691343593
13980,5.618737691343593
13981,5.618737691343593
13982,5.618737691343593
13983,6.379090872246852
13984,5.480979197089365
13985,5.510797837271586
13986,5.477690023740488
13987,5.480528066702502
13988,4.928278334038744
13989,5.934836925665927
13990,5.353813442063816
13991,4.223062586205612
13992,4.149361572986716
13993,5.549662316428025
13994,5.480979197089365
13995,5.480979197089365
13996,5.480979197089365
13997,5.480979197089365
13998,5.480979197089365
13999,3.019411134183541
14000,4.2495225686861104
14001,3.7699987590757447
14002,4.413049324725181
14003,4.250656965194965
14004,4.583901922823127
14005,3.3806788349571355
14006,3.94881679874583
14007,6.015916416766503
14008,5.4921572997003985
14009,4.21992658659575
14010,4.2495225686861104
14011,4.2495225686861104
14012,4.2495225686861104
14013,4.2495225686861104
14014,4.2495225686861104
14015,5.669868252469565
14016,5.257706498603217
14017,4.744556741966716
14018,7.9697457281591095
14019,5.252661689739091
14020,5.13662910225099
14021,4.719596196712226
14022,7.609981803620324
14023,4.623276990628493
14024,5.017847160192858
14025,5.384318865635417
14026,5.257706498603217
14027,5.257706498603217
14028,5.257706498603217
14029,5.257706498603217
14030,5.257706498603217
14031,6.458608851649453
14032,4.537472483321395
14033,5.113867695813379
14034,3.517926114169591
14035,4.538114587937641
14036,4.802126699246407
14037,4.241355659787275
14038,3.2753939610233567
14039,5.71012213388254
14040,4.822882436505743
14041,4.501908469376061
14042,4.537472483321395
14043,4.537472483321395
14044,4.537472483321395
14045,4.537472483321395
14046,4.537472483321395
14047,3.494247463609618
14048,5.8694004871706875
14049,6.223431917229413
14050,5.973789750120083
14051,5.8696242890601775
14052,5.996170038198788
14053,6.21735887076848
14054,5.828983769308151
14055,3.707985334743829
14056,5.700199530637477
14057,5.769023870436429
14058,5.8694004871706875
14059,5.8694004871706875
14060,5.8694004871706875
14061,5.8694004871706875
14062,5.8694004871706875
14063,4.345357591945145
14064,3.221817046849084
14065,3.0122313295722503
14066,2.9820702089302253
14067,3.219592795098208
14068,3.0745594880942884
14069,3.6204418163541168
14070,3.2585389379367506
14071,4.547454297883485
14072,3.6100878564767584
14073,3.318844461157461
14074,3.221817046849084
14075,3.221817046849084
14076,3.221817046849084
14077,3.221817046849084
14078,3.221817046849084
14079,5.031943025234883
14080,4.081297359626634
14081,4.639108005539304
14082,5.452849118312176
14083,4.081053344116022
14084,3.5444016248966608
14085,4.071062164850857
14086,3.934128589119654
14087,4.988944652964362
14088,5.156332533497722
14089,4.1551842004593995
14090,4.081297359626634
14091,4.081297359626634
14092,4.081297359626634
14093,4.081297359626634
14094,4.081297359626634
14095,9.499391742518917
14096,3.715603561860786
14097,3.71114440549791
14098,3.5793697184619293
14099,3.7133906826295306
14100,4.255318229967887
14101,3.62147504886004
14102,4.518747426347351
14103,3.5635841725372552
14104,3.1561418791972975
14105,3.6287260306357165
14106,3.715603561860786
14107,3.715603561860786
14108,3.715603561860786
14109,3.715603561860786
14110,3.715603561860786
14111,3.891136837115147
14112,5.060911150907858
14113,5.048291831304662
14114,5.447109816576753
14115,5.062159934396094
14116,3.6944638484434904
14117,5.030262446333382
14118,6.653029542426681
14119,6.634136225497364
14120,4.355002097968225
14121,4.994015236149759
14122,5.060911150907858
14123,5.060911150907858
14124,5.060911150907858
14125,5.060911150907858
14126,5.060911150907858
14127,5.6521735201906855
14128,5.1380009564749045
14129,4.262513095596005
14130,3.667411555014086
14131,5.120589116986969
14132,7.302172651227147
14133,5.011910024295797
14134,4.116611787376251
14135,3.57449951102413
14136,6.12367596155502
14137,5.1766875271561394
14138,5.1380009564749045
14139,5.1380009564749045
14140,5.1380009564749045
14141,5.1380009564749045
14142,5.1380009564749045
14143,3.153342676533884
14144,4.093839908418589
14145,4.0476587085293545
14146,4.0877724572243785
14147,4.091077537410618
14148,6.584800518718574
14149,4.719177732051208
14150,3.5848846265142735
14151,4.433993038536751
14152,3.8704883253343225
14153,4.082099507359185
14154,4.093839908418589
14155,4.093839908418589
14156,4.093839908418589
14157,4.093839908418589
14158,4.093839908418589
14159,6.694530484272138
14160,5.299040888133317
14161,5.390435388266342
14162,5.0176540583072935
14163,5.3058901757290835
14164,3.2129753371663936
14165,4.577873585815064
14166,6.013737377802427
14167,3.877805694704483
14168,5.189678531078244
14169,5.436145725678297
14170,5.299040888133317
14171,5.299040888133317
14172,5.299040888133317
14173,5.299040888133317
14174,5.299040888133317
14175,2.3173054092910306
14176,3.358464190564216
14177,3.365356902470391
14178,3.3582286721156134
14179,3.3585082351423123
14180,3.9034959747319222
14181,2.925763837929624
14182,4.142012039348915
14183,5.340156387285035
14184,3.228950092526388
14185,3.4349574242797996
14186,3.358464190564216
14187,3.358464190564216
14188,3.358464190564216
14189,3.358464190564216
14190,3.358464190564216
14191,6.579245505960169
14192,6.428317860326954
14193,6.81018267945589
14194,6.789855244424189
14195,6.431428856146945
14196,5.653891469320032
14197,7.70927285798357
14198,5.197525179585591
14199,4.765905364697631
14200,6.617773665494524
14201,6.253871547417432
14202,6.428317860326954
14203,6.428317860326954
14204,6.428317860326954
14205,6.428317860326954
14206,6.428317860326954
14207,4.753922742340638
14208,6.999239891850301
14209,6.827683186154176
14210,6.946189336454152
14211,7.002911712895384
14212,6.511957792321701
14213,6.480405303156847
14214,8.093685058924645
14215,8.410214511550878
14216,5.288870531018041
14217,6.976196820559256
14218,6.999239891850301
14219,6.999239891850301
14220,6.999239891850301
14221,6.999239891850301
14222,6.999239891850301
14223,6.255268827798687
14224,3.116806496340116
14225,3.3939737160923955
14226,2.871852344122057
14227,3.116614366045576
14228,3.201246157381029
14229,2.953811913581191
14230,2.766565534703316
14231,2.533011730456839
14232,4.0278564326720625
14233,3.10978993323318
14234,3.116806496340116
14235,3.116806496340116
14236,3.116806496340116
14237,3.116806496340116
14238,3.116806496340116
14239,2.6998766775174396
14240,2.609194242849254
14241,2.907434547050099
14242,2.6038683239063523
14243,2.6086696706147303
14244,2.687451958521428
14245,2.8034739853322446
14246,3.4616903816702598
14247,4.098555332111281
14248,2.902288900661869
14249,2.64774694579244
14250,2.609194242849254
14251,2.609194242849254
14252,2.609194242849254
14253,2.609194242849254
14254,2.609194242849254
14255,7.496804528826389
14256,6.600713330946848
14257,5.709619168321968
14258,7.06508831014666
14259,6.601994203531409
14260,6.703883405290743
14261,7.564008904510729
14262,5.2563346180740504
14263,4.960896495929
14264,5.5767687844646225
14265,6.5289272279378014
14266,6.600713330946848
14267,6.600713330946848
14268,6.600713330946848
14269,6.600713330946848
14270,6.600713330946848
14271,3.418312638387731
14272,4.355277669314941
14273,3.754224168570669
14274,6.411871052717692
14275,4.367767871105622
14276,4.255253875275335
14277,3.9678350786776546
14278,4.593386369891698
14279,4.993982140207099
14280,4.024535061363856
14281,4.375598884098431
14282,4.355277669314941
14283,4.355277669314941
14284,4.355277669314941
14285,4.355277669314941
14286,4.355277669314941
14287,4.360122429220383
14288,4.321194928445655
14289,4.603964779281777
14290,4.263180639891605
14291,4.319915106337097
14292,4.266088919710658
14293,5.434137342414423
14294,3.664757144419401
14295,3.9282198644653255
14296,4.834507647722515
14297,4.254094568816721
14298,4.321194928445655
14299,4.321194928445655
14300,4.321194928445655
14301,4.321194928445655
14302,4.321194928445655
14303,4.783453170456492
14304,3.184233156928541
14305,3.2243245581403337
14306,3.281247499171649
14307,3.184550631460296
14308,3.035337534416328
14309,3.386143208882163
14310,3.898634050406419
14311,4.098238728135387
14312,2.9103132842360204
14313,3.1882411865755906
14314,3.184233156928541
14315,3.184233156928541
14316,3.184233156928541
14317,3.184233156928541
14318,3.184233156928541
14319,5.109946501236551
14320,9.651329165508022
14321,8.971000366484867
14322,7.8198943916008385
14323,9.638977885328904
14324,10.498737836009234
14325,7.14685241713044
14326,7.762725761672256
14327,6.275493116725687
14328,11.428637939451589
14329,9.634458341821233
14330,9.651329165508022
14331,9.651329165508022
14332,9.651329165508022
14333,9.651329165508022
14334,9.651329165508022
14335,4.009749894212697
14336,2.3439078997553566
14337,2.363074532067975
14338,2.4487829719157945
14339,2.3463119934762497
14340,3.1775940192915604
14341,2.4289601547420485
14342,2.0520008497252094
14343,2.8409415055593734
14344,2.3297888563091673
14345,2.399141528365105
14346,2.3439078997553566
14347,2.3439078997553566
14348,2.3439078997553566
14349,2.3439078997553566
14350,2.3439078997553566
14351,3.797790803780614
14352,8.008876363429225
14353,8.195356910656269
14354,7.565871451523385
14355,8.004163407531381
14356,6.108466921287554
14357,6.023948762802374
14358,8.853560437631648
14359,7.643910560464735
14360,7.413889385446362
14361,7.852379798384817
14362,8.008876363429225
14363,8.008876363429225
14364,8.008876363429225
14365,8.008876363429225
14366,8.008876363429225
14367,4.395570405706437
14368,4.95539058366516
14369,4.913023780198731
14370,6.087304731791319
14371,4.955091469362446
14372,6.058067945646832
14373,4.77977789766888
14374,4.077495414601959
14375,4.454493661982104
14376,4.9980510659919695
14377,4.914328192706696
14378,4.95539058366516
14379,4.95539058366516
14380,4.95539058366516
14381,4.95539058366516
14382,4.95539058366516
14383,4.897642310582057
14384,5.889414737654382
14385,4.871292790912748
14386,3.8195897366547955
14387,5.887854935382213
14388,4.596427252232067
14389,8.611545142132885
14390,7.651006893365564
14391,6.032247697018926
14392,5.757181037671267
14393,5.982808522329777
14394,5.889414737654382
14395,5.889414737654382
14396,5.889414737654382
14397,5.889414737654382
14398,5.889414737654382
14399,4.8176971746267006
14400,4.367887176252386
14401,4.564254295591991
14402,4.470896839334057
14403,4.369209622693006
14404,2.988767074874681
14405,4.434703604108325
14406,3.5238818498843782
14407,4.196987727678649
14408,3.672873714078624
14409,4.318343552371089
14410,4.367887176252386
14411,4.367887176252386
14412,4.367887176252386
14413,4.367887176252386
14414,4.367887176252386
14415,2.120165396144793
14416,6.071368042909695
14417,5.963779711294081
14418,6.248116747346726
14419,6.070327736729059
14420,8.590166257572848
14421,6.198911246394147
14422,6.6035332264690005
14423,4.957362186246312
14424,7.903727151571624
14425,6.148848384194022
14426,6.071368042909695
14427,6.071368042909695
14428,6.071368042909695
14429,6.071368042909695
14430,6.071368042909695
14431,10.387936474058908
14432,5.259151278609726
14433,5.294567038017852
14434,5.285086655484625
14435,5.258923677142714
14436,3.983789399907565
14437,4.9380543982556295
14438,3.8660577470795667
14439,4.997235922821432
14440,6.272526456191768
14441,5.331589485774617
14442,5.259151278609726
14443,5.259151278609726
14444,5.259151278609726
14445,5.259151278609726
14446,5.259151278609726
14447,3.172966658145229
14448,3.4228739511837905
14449,3.3685346279155346
14450,3.4597227834652617
14451,3.4248346935250114
14452,4.689353989762831
14453,3.235070256939439
14454,4.162861361154722
14455,4.3112006907993345
14456,2.894244770095217
14457,3.2964759908083727
14458,3.4228739511837905
14459,3.4228739511837905
14460,3.4228739511837905
14461,3.4228739511837905
14462,3.4228739511837905
14463,5.493895159275587
14464,3.520757407142383
14465,3.44591250372024
14466,3.536320654605325
14467,3.518486529428072
14468,3.222614557751673
14469,2.852724737950269
14470,4.178343614889921
14471,3.675111317452892
14472,4.062221837909654
14473,3.5150790181537945
14474,3.520757407142383
14475,3.520757407142383
14476,3.520757407142383
14477,3.520757407142383
14478,3.520757407142383
14479,3.6664254485399987
14480,6.814600030413247
14481,8.749073322842705
14482,6.2788734376477535
14483,6.825956718882173
14484,7.541127522154407
14485,8.006085790745894
14486,6.21171840748347
14487,6.249917785120982
14488,6.055791842486164
14489,6.791997798816826
14490,6.814600030413247
14491,6.814600030413247
14492,6.814600030413247
14493,6.814600030413247
14494,6.814600030413247
14495,7.352044853505793
14496,2.4938694142420688
14497,2.477934087831762
14498,2.52786546467485
14499,2.493886707980678
14500,2.7300810888329927
14501,2.8344810999505197
14502,2.070188510914264
14503,2.3881274877144265
14504,2.7288692276675692
14505,2.5271509026127807
14506,2.4938694142420688
14507,2.4938694142420688
14508,2.4938694142420688
14509,2.4938694142420688
14510,2.4938694142420688
14511,2.8780210947484233
14512,6.5109849532780855
14513,5.872473716816629
14514,6.074716063387182
14515,6.511812096864619
14516,5.77043122203194
14517,5.756780068887604
14518,8.422250338750999
14519,8.115251386835762
14520,6.0295991625392
14521,6.459805708313415
14522,6.5109849532780855
14523,6.5109849532780855
14524,6.5109849532780855
14525,6.5109849532780855
14526,6.5109849532780855
14527,6.655856240689778
14528,3.631262837948258
14529,3.290876711082739
14530,4.186948802719996
14531,3.63299281606892
14532,3.370105160726391
14533,3.536729286620815
14534,3.987157056097244
14535,4.1345433879653655
14536,4.553188106126517
14537,3.6780887180883526
14538,3.631262837948258
14539,3.631262837948258
14540,3.631262837948258
14541,3.631262837948258
14542,3.631262837948258
14543,5.003838873063663
14544,5.281526488510662
14545,5.368596521598114
14546,5.205348154788685
14547,5.280213097657425
14548,6.163559083127698
14549,5.240033104509481
14550,4.804291048632122
14551,4.796573068374635
14552,4.122180414040768
14553,5.2246512244086
14554,5.281526488510662
14555,5.281526488510662
14556,5.281526488510662
14557,5.281526488510662
14558,5.281526488510662
14559,3.899527899439036
14560,4.788292539829671
14561,5.006633973405935
14562,5.826550281265702
14563,4.786243493482309
14564,5.688604628714725
14565,4.997798984713991
14566,3.529154493721309
14567,4.230262035945877
14568,4.231151331040427
14569,4.809534787963073
14570,4.788292539829671
14571,4.788292539829671
14572,4.788292539829671
14573,4.788292539829671
14574,4.788292539829671
14575,5.658677796873081
14576,6.76407991071201
14577,6.122790490343506
14578,5.685267914193619
14579,6.741055734855307
14580,5.112639429322604
14581,7.5116680176200035
14582,8.223026086525952
14583,6.54220820576363
14584,7.311144158408011
14585,6.838730105363441
14586,6.76407991071201
14587,6.76407991071201
14588,6.76407991071201
14589,6.76407991071201
14590,6.76407991071201
14591,5.726240359581069
14592,6.6328655077875505
14593,6.740170851155279
14594,7.052350440187207
14595,6.632959284995442
14596,4.711139284721163
14597,7.289295290083711
14598,4.639481962336981
14599,6.7550114089773245
14600,6.486417873890121
14601,6.668507014670659
14602,6.6328655077875505
14603,6.6328655077875505
14604,6.6328655077875505
14605,6.6328655077875505
14606,6.6328655077875505
14607,4.198253566331925
14608,2.470566337536825
14609,2.4486625245244253
14610,2.2409404878927677
14611,2.47201450105397
14612,3.5033281719199922
14613,2.862144773750933
14614,3.384559017556475
14615,2.815604269688207
14616,2.39234421583837
14617,2.4716576415610962
14618,2.470566337536825
14619,2.470566337536825
14620,2.470566337536825
14621,2.470566337536825
14622,2.470566337536825
14623,5.407586649517878
14624,5.637297118719951
14625,5.6616310046765435
14626,6.76837828264173
14627,5.639205000185383
14628,4.33807829326475
14629,4.991337692003054
14630,5.455755037671948
14631,6.1475943397479185
14632,5.3861602283459336
14633,5.54165202960655
14634,5.637297118719951
14635,5.637297118719951
14636,5.637297118719951
14637,5.637297118719951
14638,5.637297118719951
14639,4.482492562982886
14640,5.208902481942622
14641,4.678276883654982
14642,4.956137092501793
14643,5.202180431315268
14644,7.050605681489911
14645,4.623891343653409
14646,4.919723031375809
14647,4.401416958803349
14648,5.277495286349096
14649,5.258276189736674
14650,5.208902481942622
14651,5.208902481942622
14652,5.208902481942622
14653,5.208902481942622
14654,5.208902481942622
14655,4.495602599662176
14656,5.241724983705877
14657,5.102383134950312
14658,5.189601160228861
14659,5.2358109763393355
14660,6.5309112784742505
14661,5.837716759750651
14662,3.6140307941132157
14663,4.0683384705606995
14664,6.606866732144647
14665,5.212577935512289
14666,5.241724983705877
14667,5.241724983705877
14668,5.241724983705877
14669,5.241724983705877
14670,5.241724983705877
14671,4.686853264663153
14672,4.525897382617691
14673,4.528331829646269
14674,4.905985376014302
14675,4.531319730159794
14676,3.2546993221358584
14677,3.565290969356115
14678,6.6578973320764865
14679,4.662052917824298
14680,3.7759757322802847
14681,4.590393164838787
14682,4.525897382617691
14683,4.525897382617691
14684,4.525897382617691
14685,4.525897382617691
14686,4.525897382617691
14687,3.5537800353130335
14688,3.3336656660951336
14689,3.3406263640130343
14690,3.341137251636876
14691,3.333618356908086
14692,4.254276572095572
14693,2.986498397429802
14694,3.366634184425924
14695,3.8880661331557382
14696,2.978563206881645
14697,3.3217805336598456
14698,3.3336656660951336
14699,3.3336656660951336
14700,3.3336656660951336
14701,3.3336656660951336
14702,3.3336656660951336
14703,4.022361189176119
14704,4.961001251284033
14705,6.005544123420625
14706,4.295436980259902
14707,4.960966641066252
14708,4.184840400279914
14709,6.102818238128956
14710,5.147027704788026
14711,4.992733819258274
14712,5.8393266769417895
14713,4.962315971136582
14714,4.961001251284033
14715,4.961001251284033
14716,4.961001251284033
14717,4.961001251284033
14718,4.961001251284033
14719,6.048199111629278
14720,5.342207469094077
14721,5.279870577541483
14722,5.338376046177918
14723,5.341813798320666
14724,5.980561349721892
14725,5.545135432834195
14726,4.853852739157889
14727,4.469923418951654
14728,5.732648927832617
14729,5.186368137992139
14730,5.342207469094077
14731,5.342207469094077
14732,5.342207469094077
14733,5.342207469094077
14734,5.342207469094077
14735,4.848181246334785
14736,3.677555608157726
14737,3.9089558096824226
14738,3.8453852642714805
14739,3.6784384818917397
14740,3.1184305960431336
14741,3.787940596154733
14742,4.028043563551314
14743,3.9987540919915543
14744,3.469547131992582
14745,3.7581882275852125
14746,3.677555608157726
14747,3.677555608157726
14748,3.677555608157726
14749,3.677555608157726
14750,3.677555608157726
14751,4.26040558939169
14752,4.349380874567837
14753,4.464398436483048
14754,4.3536733505850815
14755,4.35015112950829
14756,4.144956689451406
14757,4.202335943442694
14758,4.3713399794597585
14759,4.8499694731465945
14760,4.751815678207053
14761,4.450753989258252
14762,4.349380874567837
14763,4.349380874567837
14764,4.349380874567837
14765,4.349380874567837
14766,4.349380874567837
14767,5.134419923178042
14768,5.343348062101246
14769,4.400769466160354
14770,4.624273977959345
14771,5.360381668528709
14772,5.730833616952562
14773,5.02480636337659
14774,5.218308851066693
14775,5.270506102132249
14776,5.27276492660244
14777,5.3172396574907665
14778,5.343348062101246
14779,5.343348062101246
14780,5.343348062101246
14781,5.343348062101246
14782,5.343348062101246
14783,3.9547526319980464
14784,4.69350032516718
14785,4.265129509010856
14786,5.874112135626056
14787,4.702493043446056
14788,5.803818130254794
14789,4.2044327523122105
14790,4.318011199460772
14791,4.675721318922929
14792,4.288836077814113
14793,4.71141992133631
14794,4.69350032516718
14795,4.69350032516718
14796,4.69350032516718
14797,4.69350032516718
14798,4.69350032516718
14799,4.249726586222862
14800,4.467433296139001
14801,6.104999942299296
14802,3.6250281939925832
14803,4.457741633710071
14804,3.755605775985605
14805,5.946115520011059
14806,5.289919919990534
14807,4.916746286496243
14808,4.871013307092049
14809,4.398194833269601
14810,4.467433296139001
14811,4.467433296139001
14812,4.467433296139001
14813,4.467433296139001
14814,4.467433296139001
14815,5.953796475931259
14816,3.008057030742379
14817,3.062173717805149
14818,3.513371781494069
14819,3.008030897110389
14820,2.561242998437769
14821,3.36140400083954
14822,3.1896525069090207
14823,3.231565492217786
14824,3.8689307995460736
14825,2.9286112342635757
14826,3.008057030742379
14827,3.008057030742379
14828,3.008057030742379
14829,3.008057030742379
14830,3.008057030742379
14831,5.406180549969825
14832,7.404992300112517
14833,6.765569575793176
14834,6.891787126772592
14835,7.400047506285078
14836,8.514079806006068
14837,6.16199002777557
14838,7.846074230223012
14839,6.310962313244284
14840,5.227427909758756
14841,7.539844476724124
14842,7.404992300112517
14843,7.404992300112517
14844,7.404992300112517
14845,7.404992300112517
14846,7.404992300112517
14847,4.470464993918907
14848,7.861774672184148
14849,7.652021707167205
14850,8.910529882574744
14851,7.8629742895047725
14852,7.4393441979954
14853,9.088478348037556
14854,7.485949371231307
14855,5.844435476930549
14856,8.092844255477525
14857,7.793758317834904
14858,7.861774672184148
14859,7.861774672184148
14860,7.861774672184148
14861,7.861774672184148
14862,7.861774672184148
14863,6.465255270501246
14864,3.4036225631562744
14865,4.773849149422919
14866,2.649411423293498
14867,3.406248171112174
14868,3.8763031832164008
14869,2.767864162878654
14870,3.281751156930032
14871,4.25445686046709
14872,3.4087121145157155
14873,3.457398303105955
14874,3.4036225631562744
14875,3.4036225631562744
14876,3.4036225631562744
14877,3.4036225631562744
14878,3.4036225631562744
14879,3.399461907199132
14880,4.662429418476199
14881,4.742726322190668
14882,5.958448324578465
14883,4.657929291500693
14884,5.090789287201411
14885,3.951894271545022
14886,5.067343841276719
14887,4.106787283121571
14888,4.990777469299185
14889,4.743050097602375
14890,4.662429418476199
14891,4.662429418476199
14892,4.662429418476199
14893,4.662429418476199
14894,4.662429418476199
14895,5.724196400690101
14896,4.425852602920433
14897,3.672881102420073
14898,4.140425599712075
14899,4.435186924048652
14900,3.8164226691808016
14901,5.206596219635222
14902,3.8622306072877812
14903,5.5661420346581325
14904,4.368789809546773
14905,4.286898000350117
14906,4.425852602920433
14907,4.425852602920433
14908,4.425852602920433
14909,4.425852602920433
14910,4.425852602920433
14911,3.7001624588006647
14912,4.061375301138791
14913,3.899073594336409
14914,4.064829262055215
14915,4.067958599167443
14916,3.700564021792627
14917,4.061797732123255
14918,4.2370299463818
14919,3.1308426975420276
14920,4.735509086725627
14921,4.157420171858526
14922,4.061375301138791
14923,4.061375301138791
14924,4.061375301138791
14925,4.061375301138791
14926,4.061375301138791
14927,3.4003664678542647
14928,3.6088844292635818
14929,3.771429930883219
14930,3.882643507394319
14931,3.605462377602367
14932,4.01994478651891
14933,3.6374103142795886
14934,3.6957203693702163
14935,5.197204488579584
14936,2.944784178279316
14937,3.5318540966469487
14938,3.6088844292635818
14939,3.6088844292635818
14940,3.6088844292635818
14941,3.6088844292635818
14942,3.6088844292635818
14943,5.445546870001526
14944,5.2718853638593055
14945,5.600215565594144
14946,5.273547286611604
14947,5.271881229924618
14948,6.614855106394148
14949,5.270777640017951
14950,6.1297901781631206
14951,3.819327516075143
14952,4.165422996617679
14953,5.206204656664741
14954,5.2718853638593055
14955,5.2718853638593055
14956,5.2718853638593055
14957,5.2718853638593055
14958,5.2718853638593055
14959,4.555968623462572
14960,4.884739854792621
14961,4.522432504154416
14962,4.423637537354274
14963,4.877751917550213
14964,3.8925006267028386
14965,4.922597420535362
14966,4.2542030031936475
14967,5.960649677791863
14968,5.9404148900364575
14969,4.946272409084869
14970,4.884739854792621
14971,4.884739854792621
14972,4.884739854792621
14973,4.884739854792621
14974,4.884739854792621
14975,4.428072359642476
14976,5.5417693149246405
14977,5.5359787082082
14978,5.5048897776821395
14979,5.539046798352568
14980,4.380496948217599
14981,4.58173465414235
14982,5.368407031541269
14983,4.546930309077732
14984,4.890543648122844
14985,5.636850501369563
14986,5.5417693149246405
14987,5.5417693149246405
14988,5.5417693149246405
14989,5.5417693149246405
14990,5.5417693149246405
14991,2.646647639993215
14992,3.4667174866676858
14993,3.537561733867153
14994,3.662045653419663
14995,3.4660226826278038
14996,4.364932028335767
14997,3.7666309831839238
14998,3.456013498010055
14999,5.2830864874359005
15000,3.624026299096969
15001,3.4319551459677315
15002,3.4667174866676858
15003,3.4667174866676858
15004,3.4667174866676858
15005,3.4667174866676858
15006,3.4667174866676858
15007,8.293414198531735
15008,5.93202170670953
15009,5.925519193312688
15010,5.946965447789797
15011,5.9314434883855425
15012,4.336089865258992
15013,7.663397409952503
15014,8.409985819701202
15015,4.096651481495567
15016,5.556700984680035
15017,5.963208874967903
15018,5.93202170670953
15019,5.93202170670953
15020,5.93202170670953
15021,5.93202170670953
15022,5.93202170670953
15023,5.14568660932963
15024,4.705178725301609
15025,5.794157082974335
15026,3.7372464041751634
15027,4.701089359356507
15028,6.441329174671155
15029,4.306307887389893
15030,3.3913602167794195
15031,5.563058159689582
15032,4.994089020724559
15033,4.775987556066401
15034,4.705178725301609
15035,4.705178725301609
15036,4.705178725301609
15037,4.705178725301609
15038,4.705178725301609
15039,4.9426181113912255
15040,5.592210245940665
15041,5.394149440558208
15042,6.606824486857267
15043,5.58570919512673
15044,6.832538933606244
15045,6.18201396223632
15046,5.984059143113505
15047,4.043011897219453
15048,4.36600285382571
15049,5.576199359376346
15050,5.592210245940665
15051,5.592210245940665
15052,5.592210245940665
15053,5.592210245940665
15054,5.592210245940665
15055,4.894273405220141
15056,3.711357179059667
15057,3.5688288850882897
15058,3.5143811862025487
15059,3.7129727548669726
15060,3.175221488875526
15061,3.960204434891318
15062,3.904632458582984
15063,4.497093050402572
15064,5.269377477247651
15065,3.67620426016675
15066,3.711357179059667
15067,3.711357179059667
15068,3.711357179059667
15069,3.711357179059667
15070,3.711357179059667
15071,5.169580031178291
15072,3.4148016516893103
15073,3.442237076155892
15074,3.8934871022781703
15075,3.4147892214389697
15076,4.289825862754369
15077,3.2253324214864403
15078,5.22078832160353
15079,2.9923991116567787
15080,3.621526034955152
15081,3.445455712752515
15082,3.4148016516893103
15083,3.4148016516893103
15084,3.4148016516893103
15085,3.4148016516893103
15086,3.4148016516893103
15087,6.844983228419397
15088,5.159418576922598
15089,5.2341235653510925
15090,5.0403348011064395
15091,5.160442017613052
15092,3.888296206976042
15093,4.577454614915415
15094,3.634276536455511
15095,6.52974216367166
15096,4.910072846894984
15097,5.11473017124366
15098,5.159418576922598
15099,5.159418576922598
15100,5.159418576922598
15101,5.159418576922598
15102,5.159418576922598
15103,2.876094876342161
15104,2.4676176956689626
15105,2.4089270434720658
15106,2.6437264102557876
15107,2.4647556493541116
15108,2.9045524404941934
15109,2.4113068334478376
15110,3.121101560683294
15111,3.3342877288941692
15112,2.4248918662425645
15113,2.461108751172692
15114,2.4676176956689626
15115,2.4676176956689626
15116,2.4676176956689626
15117,2.4676176956689626
15118,2.4676176956689626
15119,4.80254966529825
15120,6.9481855316761365
15121,7.1688565445151
15122,6.82877016570128
15123,6.95131396305632
15124,6.08996605103131
15125,6.852808855911758
15126,5.576750382985523
15127,4.9313070677287225
15128,7.153876808578051
15129,7.0955460238980175
15130,6.9481855316761365
15131,6.9481855316761365
15132,6.9481855316761365
15133,6.9481855316761365
15134,6.9481855316761365
15135,3.5730373891875833
15136,4.211685856048001
15137,4.600767222127755
15138,5.724154967344193
15139,4.211721507433227
15140,4.036406870266683
15141,4.073641121840089
15142,3.7059353404175277
15143,5.6757508127043526
15144,4.3375799920605465
15145,4.231145294564357
15146,4.211685856048001
15147,4.211685856048001
15148,4.211685856048001
15149,4.211685856048001
15150,4.211685856048001
15151,9.035944465799203
15152,4.539693502337203
15153,3.709418087800885
15154,3.820672993699174
15155,4.550246156567315
15156,4.812493100202121
15157,4.472199940588187
15158,5.325334387538855
15159,3.8114631905855143
15160,4.787032228949187
15161,4.5499697094887095
15162,4.539693502337203
15163,4.539693502337203
15164,4.539693502337203
15165,4.539693502337203
15166,4.539693502337203
15167,3.786455070282974
15168,4.502577789750602
15169,4.309733185649086
15170,4.545324221221868
15171,4.501831213398766
15172,5.312378044796209
15173,5.3066176994755
15174,5.383242536920127
15175,5.912664817191096
15176,3.877772405665853
15177,4.5005739229391475
15178,4.502577789750602
15179,4.502577789750602
15180,4.502577789750602
15181,4.502577789750602
15182,4.502577789750602
15183,7.978320665766645
15184,5.689727106241826
15185,6.787218222341332
15186,5.2518822508981975
15187,5.682143592104321
15188,4.450522486394904
15189,4.729872444005992
15190,4.060385628914065
15191,4.550531396501363
15192,6.61548006839416
15193,5.689042091413295
15194,5.689727106241826
15195,5.689727106241826
15196,5.689727106241826
15197,5.689727106241826
15198,5.689727106241826
15199,2.581989867739455
15200,5.915417860041466
15201,6.252554199660934
15202,5.962631246951675
15203,5.916616294508963
15204,5.235055550987512
15205,5.205039842409653
15206,5.165644509905433
15207,6.719863827660877
15208,6.956147529366946
15209,5.815953422477903
15210,5.915417860041466
15211,5.915417860041466
15212,5.915417860041466
15213,5.915417860041466
15214,5.915417860041466
15215,5.368905542963996
15216,4.0089859673806885
15217,3.9344134209164268
15218,3.8341764320247194
15219,4.0050303143125925
15220,4.685614671048018
15221,4.662261888136642
15222,4.300142565353883
15223,3.0452779637797884
15224,3.1556497316406156
15225,4.030273459183376
15226,4.0089859673806885
15227,4.0089859673806885
15228,4.0089859673806885
15229,4.0089859673806885
15230,4.0089859673806885
15231,3.227692036798605
15232,3.5324501133411887
15233,3.7069592970688534
15234,3.5940006854179933
15235,3.533486008731226
15236,4.131780573825252
15237,4.00170289642632
15238,4.706087455670569
15239,5.092574096307676
15240,3.0110781776698956
15241,3.547984934076831
15242,3.5324501133411887
15243,3.5324501133411887
15244,3.5324501133411887
15245,3.5324501133411887
15246,3.5324501133411887
15247,8.493729603878721
15248,4.380321405637717
15249,4.421773456248862
15250,4.475113312938009
15251,4.379362234580305
15252,3.4470667080462913
15253,4.782881802965626
15254,3.702917956121313
15255,3.8640913630287845
15256,4.899249343177273
15257,4.322119743635388
15258,4.380321405637717
15259,4.380321405637717
15260,4.380321405637717
15261,4.380321405637717
15262,4.380321405637717
15263,3.2237327034209784
15264,3.0710714909800996
15265,3.069162728508838
15266,3.08676131781349
15267,3.070953001710809
15268,4.049712336154262
15269,2.9533342273089267
15270,3.4631852960137883
15271,3.4954808578916734
15272,2.7580418651534355
15273,2.9981000824542705
15274,3.0710714909800996
15275,3.0710714909800996
15276,3.0710714909800996
15277,3.0710714909800996
15278,3.0710714909800996
15279,4.592459884004282
15280,8.019715856071834
15281,7.363638601399515
15282,8.07745573151899
15283,8.024003044476578
15284,6.287195348980413
15285,7.377028892425465
15286,7.493343455472659
15287,6.064946864678069
15288,8.836350549072009
15289,8.180938553408634
15290,8.019715856071834
15291,8.019715856071834
15292,8.019715856071834
15293,8.019715856071834
15294,8.019715856071834
15295,4.273012623262646
15296,6.294180015936965
15297,5.312302305055691
15298,6.813095845495534
15299,6.301796796943192
15300,4.83822012964225
15301,4.70351005345475
15302,7.864393452516169
15303,8.040199452412596
15304,7.421504962351028
15305,6.069064617484208
15306,6.294180015936965
15307,6.294180015936965
15308,6.294180015936965
15309,6.294180015936965
15310,6.294180015936965
15311,5.878015905343006
15312,5.387260419139715
15313,5.344464065337798
15314,5.071857981787569
15315,5.389124233362282
15316,6.948850521393725
15317,5.8723314542789335
15318,4.150402437503237
15319,3.61902155515995
15320,4.908671757674641
15321,5.499193335740609
15322,5.387260419139715
15323,5.387260419139715
15324,5.387260419139715
15325,5.387260419139715
15326,5.387260419139715
15327,3.351190197595349
15328,4.26396770518749
15329,4.264403939778261
15330,4.932539756551073
15331,4.265230555282155
15332,3.1461974691597154
15333,5.2449850910073
15334,4.684817774459725
15335,5.662033636492053
15336,3.458134593648779
15337,4.346652937048093
15338,4.26396770518749
15339,4.26396770518749
15340,4.26396770518749
15341,4.26396770518749
15342,4.26396770518749
15343,5.268720095791841
15344,5.065859757965995
15345,5.700460314516006
15346,3.8533406191902375
15347,5.0758131564392555
15348,7.054786298854515
15349,4.586861662049897
15350,4.322476675461509
15351,4.090513039345522
15352,6.965355939867548
15353,5.021554128427775
15354,5.065859757965995
15355,5.065859757965995
15356,5.065859757965995
15357,5.065859757965995
15358,5.065859757965995
15359,4.762667571451017
15360,3.839798001527916
15361,3.739136977898724
15362,3.8540602495469733
15363,3.8361560002253534
15364,4.448967823541806
15365,3.9881758858122334
15366,5.056507469904513
15367,4.204218041439821
15368,4.570562953511699
15369,3.8740443902899906
15370,3.839798001527916
15371,3.839798001527916
15372,3.839798001527916
15373,3.839798001527916
15374,3.839798001527916
15375,7.732456803977485
15376,5.202585893210924
15377,5.874035741599117
15378,4.961743147361803
15379,5.20852201821184
15380,4.407902261565297
15381,5.347902794948933
15382,3.9492221310792637
15383,5.54250308883431
15384,4.636311574368698
15385,5.1306356059230245
15386,5.202585893210924
15387,5.202585893210924
15388,5.202585893210924
15389,5.202585893210924
15390,5.202585893210924
15391,3.368966879714125
15392,6.494560601378285
15393,6.6217631577380995
15394,6.523649421214852
15395,6.49451678398278
15396,6.233804256392957
15397,6.292766733402505
15398,7.230154878399508
15399,6.154060700588005
15400,5.563117870268958
15401,6.641338066097951
15402,6.494560601378285
15403,6.494560601378285
15404,6.494560601378285
15405,6.494560601378285
15406,6.494560601378285
15407,5.712487210317409
15408,4.28819837301955
15409,3.5034622748616946
15410,5.76713879156322
15411,4.296546719974833
15412,4.425282754890248
15413,4.034059006071512
15414,3.4734279115060285
15415,3.7496066031190964
15416,5.435418818659181
15417,4.181049402299638
15418,4.28819837301955
15419,4.28819837301955
15420,4.28819837301955
15421,4.28819837301955
15422,4.28819837301955
15423,3.5657672244118723
15424,3.6960238411691333
15425,3.417192997981702
15426,4.472811703278197
15427,3.6955403847506356
15428,4.620443211804161
15429,3.3378851058790504
15430,4.707587178917318
15431,3.254869607687491
15432,3.6655631698228035
15433,3.8072657366674787
15434,3.6960238411691333
15435,3.6960238411691333
15436,3.6960238411691333
15437,3.6960238411691333
15438,3.6960238411691333
15439,4.903291222956671
15440,5.218266933606706
15441,5.333356903174214
15442,5.093733100572164
15443,5.216549623613269
15444,4.509294579747684
15445,6.322388268663834
15446,4.479645610794433
15447,5.233544980151692
15448,4.979667326915125
15449,5.1280697149101755
15450,5.218266933606706
15451,5.218266933606706
15452,5.218266933606706
15453,5.218266933606706
15454,5.218266933606706
15455,4.288069765513754
15456,4.00808802543194
15457,4.424084424373726
15458,4.035314030201815
15459,4.006735573564956
15460,3.3222009645789456
15461,4.5124832173515905
15462,4.417261916236787
15463,4.379709569014278
15464,3.9719883459653187
15465,4.037903233020488
15466,4.00808802543194
15467,4.00808802543194
15468,4.00808802543194
15469,4.00808802543194
15470,4.00808802543194
15471,5.892452435256372
15472,6.826818955995388
15473,5.986165361559653
15474,4.50353319837255
15475,6.807965520198288
15476,7.8293015003576105
15477,5.251648591841556
15478,6.623370753458001
15479,7.326236556994293
15480,6.662407197427495
15481,6.684215092839687
15482,6.826818955995388
15483,6.826818955995388
15484,6.826818955995388
15485,6.826818955995388
15486,6.826818955995388
15487,4.198257741455722
15488,6.162842671329274
15489,6.228289649522705
15490,6.805925145967035
15491,6.165105601098849
15492,4.56989398035359
15493,5.979685004715306
15494,7.594609211684713
15495,5.35482473893327
15496,5.448239085006969
15497,6.4401040600245345
15498,6.162842671329274
15499,6.162842671329274
15500,6.162842671329274
15501,6.162842671329274
15502,6.162842671329274
15503,4.937041308017427
15504,3.665777867699214
15505,3.7857874632650823
15506,3.62749443427402
15507,3.6654934995288304
15508,5.520733653730913
15509,3.5642699440382843
15510,2.569789758259754
15511,3.704729062065935
15512,4.102426921784568
15513,3.537944407903117
15514,3.665777867699214
15515,3.665777867699214
15516,3.665777867699214
15517,3.665777867699214
15518,3.665777867699214
15519,4.1509223729712605
15520,5.894929950156321
15521,5.893101699279566
15522,5.961288414364948
15523,5.895792721786861
15524,4.294938361420562
15525,6.140581184974771
15526,5.224692602118578
15527,6.260334507879601
15528,7.387986509773359
15529,5.930132379541097
15530,5.894929950156321
15531,5.894929950156321
15532,5.894929950156321
15533,5.894929950156321
15534,5.894929950156321
15535,5.3770114943170695
15536,3.8165633418832154
15537,3.9036032531597127
15538,3.024525793182588
15539,3.8171524928639795
15540,4.952080513377867
15541,4.036732135211726
15542,3.9296877816731026
15543,3.9615595952472122
15544,2.731072442598109
15545,3.857435344658886
15546,3.8165633418832154
15547,3.8165633418832154
15548,3.8165633418832154
15549,3.8165633418832154
15550,3.8165633418832154
15551,3.257931000280946
15552,3.2161146944121546
15553,3.212763554167491
15554,3.2146893347083547
15555,3.215802813219535
15556,4.260510619557729
15557,4.093178684596697
15558,3.872991637713489
15559,3.3470764278711918
15560,3.660580889590317
15561,3.204539486049098
15562,3.2161146944121546
15563,3.2161146944121546
15564,3.2161146944121546
15565,3.2161146944121546
15566,3.2161146944121546
15567,8.090941077646185
15568,5.634190486071706
15569,5.457317369266774
15570,4.875082262534547
15571,5.638975433825018
15572,4.188895448372929
15573,5.327681521875669
15574,4.575195909933688
15575,5.903891699350615
15576,4.884969117327031
15577,5.589340299605104
15578,5.634190486071706
15579,5.634190486071706
15580,5.634190486071706
15581,5.634190486071706
15582,5.634190486071706
15583,2.4985304622520434
15584,6.224929722212171
15585,6.247572600063296
15586,6.2611503931207695
15587,6.221268889382734
15588,7.756122620598231
15589,4.763718723534812
15590,5.416222937613922
15591,6.485465963749148
15592,7.195726964040715
15593,6.436353679930271
15594,6.224929722212171
15595,6.224929722212171
15596,6.224929722212171
15597,6.224929722212171
15598,6.224929722212171
15599,6.397035775537024
15600,3.7823400675034393
15601,3.6999895261194773
15602,4.737127365773451
15603,3.7859632983802665
15604,2.9785857934841773
15605,3.9367962325536356
15606,4.704636471659412
15607,3.4382964245301175
15608,3.5145653973586417
15609,3.6737987460682278
15610,3.7823400675034393
15611,3.7823400675034393
15612,3.7823400675034393
15613,3.7823400675034393
15614,3.7823400675034393
15615,3.8307830006628483
15616,4.149576471292475
15617,4.048452250919029
15618,4.036132066420475
15619,4.151133626701192
15620,3.7041942272329704
15621,3.4943321946737447
15622,4.519528691559585
15623,4.646567850457616
15624,3.6192069780852467
15625,4.042363498695809
15626,4.149576471292475
15627,4.149576471292475
15628,4.149576471292475
15629,4.149576471292475
15630,4.149576471292475
15631,3.1963925697933595
15632,3.9130256511512647
15633,4.2069939194168615
15634,3.8727801948463054
15635,3.914464754541508
15636,4.065353565970927
15637,4.375363714498244
15638,3.903635339256497
15639,3.948959432422371
15640,4.871041207145368
15641,4.086665841469724
15642,3.9130256511512647
15643,3.9130256511512647
15644,3.9130256511512647
15645,3.9130256511512647
15646,3.9130256511512647
15647,6.401474998165051
15648,1.9292292685937897
15649,1.9996417240459101
15650,1.9157883786583079
15651,1.9297518273321785
15652,2.2988244410892573
15653,2.3584762968788544
15654,3.1274041541165727
15655,1.7684513388199383
15656,2.3756347038566483
15657,1.936567659731869
15658,1.9292292685937897
15659,1.9292292685937897
15660,1.9292292685937897
15661,1.9292292685937897
15662,1.9292292685937897
15663,5.8580013744486825
15664,16.155386005212772
15665,11.737348159765274
15666,16.405594828651953
15667,16.199076833062264
15668,14.601328078126334
15669,13.580220719207345
15670,11.4822725801238
15671,14.005596188427925
15672,12.769176807036853
15673,16.22178495620495
15674,16.155386005212772
15675,16.155386005212772
15676,16.155386005212772
15677,16.155386005212772
15678,16.155386005212772
15679,4.541776449556961
15680,5.254473891182338
15681,5.100757247004277
15682,6.8040027262439
15683,5.261010331490154
15684,4.637825355222332
15685,5.196977406600089
15686,5.061755580946195
15687,4.993098066746194
15688,4.993120653330676
15689,5.255480845362611
15690,5.254473891182338
15691,5.254473891182338
15692,5.254473891182338
15693,5.254473891182338
15694,5.254473891182338
15695,4.415533434399749
15696,5.184562923569733
15697,6.380028097640022
15698,4.6526480410810676
15699,5.177408747597869
15700,5.802508410850843
15701,5.07424765672437
15702,5.429481600215197
15703,4.89334024728834
15704,5.030955309902726
15705,5.184496769183896
15706,5.184562923569733
15707,5.184562923569733
15708,5.184562923569733
15709,5.184562923569733
15710,5.184562923569733
15711,5.330436006620473
15712,2.904650105034588
15713,2.95477878577549
15714,2.923218144201067
15715,2.9046697592236894
15716,3.586807293626948
15717,3.0585422661175374
15718,3.9393836176750203
15719,2.9773811356660507
15720,2.7846779067044065
15721,2.7967935242268527
15722,2.904650105034588
15723,2.904650105034588
15724,2.904650105034588
15725,2.904650105034588
15726,2.904650105034588
15727,5.071825842344514
15728,5.315890693312832
15729,5.185457878641384
15730,5.146820426087659
15731,5.311594536038329
15732,4.344277270222909
15733,5.685412940330418
15734,3.8151858808399415
15735,6.362162754104995
15736,5.490759846014199
15737,5.475447980844978
15738,5.315890693312832
15739,5.315890693312832
15740,5.315890693312832
15741,5.315890693312832
15742,5.315890693312832
15743,4.039674692853928
15744,3.2099464858411637
15745,3.2790021280391635
15746,3.5489793808979204
15747,3.2099031188800655
15748,4.302485352122259
15749,3.7665649337137155
15750,3.367035341076727
15751,2.9748576795052117
15752,4.132358658245467
15753,3.1300055795065087
15754,3.2099464858411637
15755,3.2099464858411637
15756,3.2099464858411637
15757,3.2099464858411637
15758,3.2099464858411637
15759,8.097065760208254
15760,7.3726978732239115
15761,7.396307987370477
15762,6.037052574331454
15763,7.36954230770616
15764,5.538040819817708
15765,6.3747158060042155
15766,7.070857827010435
15767,6.6245848367734315
15768,5.259781107377196
15769,7.417161083634386
15770,7.3726978732239115
15771,7.3726978732239115
15772,7.3726978732239115
15773,7.3726978732239115
15774,7.3726978732239115
15775,2.6925141971596487
15776,3.648473355430124
15777,3.6497638790721982
15778,3.659172285771892
15779,3.6515668596471578
15780,4.498066287818807
15781,3.007077367669197
15782,4.486015637625758
15783,3.5403886344495272
15784,3.3391672119683617
15785,3.581300432540808
15786,3.648473355430124
15787,3.648473355430124
15788,3.648473355430124
15789,3.648473355430124
15790,3.648473355430124
15791,3.9936185770907824
15792,5.744974501526784
15793,5.396587979511162
15794,5.0894877513190995
15795,5.738930594316119
15796,4.668127810404597
15797,6.535852083349684
15798,4.997493647376595
15799,6.437813327184186
15800,5.907290649296822
15801,5.8838104342318855
15802,5.744974501526784
15803,5.744974501526784
15804,5.744974501526784
15805,5.744974501526784
15806,5.744974501526784
15807,4.578695749753507
15808,5.614058030658851
15809,5.033493285831465
15810,5.514292516979087
15811,5.60466365694342
15812,3.8667998716280807
15813,4.907524610850979
15814,5.272113841785357
15815,6.3384745628223484
15816,6.181873248443081
15817,5.467910611065806
15818,5.614058030658851
15819,5.614058030658851
15820,5.614058030658851
15821,5.614058030658851
15822,5.614058030658851
15823,3.4968150751859906
15824,3.6687597655291397
15825,3.620676098051542
15826,3.856201940663203
15827,3.670425360282993
15828,5.035973964192419
15829,3.0867155205970227
15830,3.7347802628486733
15831,3.6450040747548114
15832,3.431702480559255
15833,3.762860421666385
15834,3.6687597655291397
15835,3.6687597655291397
15836,3.6687597655291397
15837,3.6687597655291397
15838,3.6687597655291397
15839,4.206687885632949
15840,4.163421317370913
15841,4.16291699363009
15842,4.16188501932506
15843,4.162952685698358
15844,3.3073864298643496
15845,4.568427082048589
15846,4.319009465707888
15847,4.100532107878875
15848,4.534270269666228
15849,4.124871966476997
15850,4.163421317370913
15851,4.163421317370913
15852,4.163421317370913
15853,4.163421317370913
15854,4.163421317370913
15855,4.035772909118871
15856,4.993630286132435
15857,5.615299558852985
15858,5.8018343555611
15859,4.99344837436464
15860,6.804606021718311
15861,5.464655031421504
15862,4.419233201613887
15863,4.9828672509129435
15864,4.830862862549172
15865,5.046329320748582
15866,4.993630286132435
15867,4.993630286132435
15868,4.993630286132435
15869,4.993630286132435
15870,4.993630286132435
15871,8.970611944659717
15872,5.4810626165655565
15873,5.325561850780718
15874,5.434340460312252
15875,5.477195024468423
15876,6.596620052076248
15877,5.116224908978247
15878,4.978917184467854
15879,7.762654777660382
15880,4.476709673051153
15881,5.668757862873827
15882,5.4810626165655565
15883,5.4810626165655565
15884,5.4810626165655565
15885,5.4810626165655565
15886,5.4810626165655565
15887,6.512008999542147
15888,4.536472561424546
15889,4.548581708057861
15890,4.689734764781693
15891,4.537245918156833
15892,3.8716294449540767
15893,4.361196949045094
15894,5.643844688884778
15895,2.8693740347156966
15896,5.507226400000225
15897,4.47255895522969
15898,4.536472561424546
15899,4.536472561424546
15900,4.536472561424546
15901,4.536472561424546
15902,4.536472561424546
15903,3.660819229337644
15904,2.3384105919300713
15905,2.3374577330984407
15906,2.348643592765014
15907,2.338130093165625
15908,2.879015186120698
15909,2.5171743197472343
15910,2.3405337686794265
15911,2.8722115700560256
15912,2.5632420483854457
15913,2.3617021890572603
15914,2.3384105919300713
15915,2.3384105919300713
15916,2.3384105919300713
15917,2.3384105919300713
15918,2.3384105919300713
15919,4.2593545319743455
15920,8.669568854530533
15921,8.338442020819581
15922,10.713908201016373
15923,8.65758428798016
15924,6.653066914735386
15925,10.171590028719448
15926,9.342247283729467
15927,7.356136096497824
15928,7.16465513647567
15929,8.493738383998997
15930,8.669568854530533
15931,8.669568854530533
15932,8.669568854530533
15933,8.669568854530533
15934,8.669568854530533
15935,6.805585390503611
15936,4.8405882659839685
15937,4.83000548494769
15938,5.9839542061357305
15939,4.833772405340091
15940,3.962120920345669
15941,4.46121283561333
15942,4.483084697217529
15943,7.022296833828649
15944,4.874673542346829
15945,4.8637802560966925
15946,4.8405882659839685
15947,4.8405882659839685
15948,4.8405882659839685
15949,4.8405882659839685
15950,4.8405882659839685
15951,5.973219312723921
15952,3.995792905062454
15953,3.7918346279432833
15954,3.2386112441283506
15955,4.002246708336512
15956,5.402384787722134
15957,5.46088472778602
15958,4.232073502222232
15959,3.1933500647909376
15960,4.014634036990163
15961,3.9325787581336376
15962,3.995792905062454
15963,3.995792905062454
15964,3.995792905062454
15965,3.995792905062454
15966,3.995792905062454
15967,4.566595528268677
15968,3.8003804037079116
15969,3.8740311638591507
15970,3.815559124215561
15971,3.800573470725743
15972,2.6704652383578797
15973,4.113403604470779
15974,3.9963072555284596
15975,4.1789275100327545
15976,4.072800881989687
15977,3.866214379878331
15978,3.8003804037079116
15979,3.8003804037079116
15980,3.8003804037079116
15981,3.8003804037079116
15982,3.8003804037079116
15983,3.7538081640042216
15984,5.7899793036614104
15985,5.933579766615293
15986,5.430796320582441
15987,5.790973712196233
15988,7.647357760004061
15989,4.638942444735938
15990,5.577023857248442
15991,4.881578104603731
15992,5.845851854513315
15993,5.611806763421779
15994,5.7899793036614104
15995,5.7899793036614104
15996,5.7899793036614104
15997,5.7899793036614104
15998,5.7899793036614104
15999,4.836858602238877
16000,2.9243272398240414
16001,2.91286109935532
16002,3.4000070776323694
16003,2.9243212155548566
16004,3.5180766820324276
16005,2.8765001383257616
16006,1.9834477658116605
16007,4.151194330161804
16008,3.2525900637850964
16009,2.918157120522469
16010,2.9243272398240414
16011,2.9243272398240414
16012,2.9243272398240414
16013,2.9243272398240414
16014,2.9243272398240414
16015,4.118189920962154
16016,6.662626157154555
16017,9.529079455494106
16018,5.799222068268004
16019,6.667689148653485
16020,5.88957246364514
16021,6.283667444123944
16022,10.191760562128643
16023,5.009482821646528
16024,6.2896767519648416
16025,6.641526505414355
16026,6.662626157154555
16027,6.662626157154555
16028,6.662626157154555
16029,6.662626157154555
16030,6.662626157154555
16031,6.245034702200712
16032,3.8309127360839192
16033,3.883162184908499
16034,3.9394195420674807
16035,3.829742414946804
16036,3.629829023371081
16037,3.772637402492221
16038,3.731385734364304
16039,3.926683477432619
16040,2.917666146346685
16041,3.969431196386776
16042,3.8309127360839192
16043,3.8309127360839192
16044,3.8309127360839192
16045,3.8309127360839192
16046,3.8309127360839192
16047,2.926729547290259
16048,4.815951674603786
16049,4.758306398605422
16050,4.786101687907493
16051,4.82301567793828
16052,5.008306405984566
16053,4.720448914527553
16054,5.114718889220944
16055,3.8071840296383774
16056,6.63661011879
16057,4.673531437564475
16058,4.815951674603786
16059,4.815951674603786
16060,4.815951674603786
16061,4.815951674603786
16062,4.815951674603786
16063,5.122201292457362
16064,5.571110821945996
16065,5.037352209767015
16066,5.33513646764183
16067,5.58217845544236
16068,6.530828694964356
16069,6.541171372359077
16070,3.9478774418978104
16071,7.769055726549874
16072,5.0676709448119786
16073,5.789829874485017
16074,5.571110821945996
16075,5.571110821945996
16076,5.571110821945996
16077,5.571110821945996
16078,5.571110821945996
16079,6.3255733519674475
16080,4.52566817098401
16081,4.8818011055469785
16082,4.480720274469074
16083,4.518965025699808
16084,3.7460590653176475
16085,3.8171190892448026
16086,5.877588267536766
16087,2.9110821738801524
16088,4.728618270977002
16089,4.369836363951457
16090,4.52566817098401
16091,4.52566817098401
16092,4.52566817098401
16093,4.52566817098401
16094,4.52566817098401
16095,2.831448556469618
16096,4.2189640604612855
16097,4.4651835617857785
16098,4.240049320746918
16099,4.218997555248832
16100,3.5887473598114696
16101,3.6759200786707646
16102,4.299624327406704
16103,5.692884595075182
16104,3.9368020537923414
16105,4.240926186023376
16106,4.2189640604612855
16107,4.2189640604612855
16108,4.2189640604612855
16109,4.2189640604612855
16110,4.2189640604612855
16111,4.266571456475163
16112,5.013830493560834
16113,4.486689835602835
16114,4.929903738016409
16115,5.010717894610737
16116,5.917165230210288
16117,5.96732280495959
16118,4.683566786491859
16119,4.688707440591513
16120,5.216611314264203
16121,5.050422991445265
16122,5.013830493560834
16123,5.013830493560834
16124,5.013830493560834
16125,5.013830493560834
16126,5.013830493560834
16127,5.613730307617425
16128,5.271801277097026
16129,5.76057111684845
16130,5.2826225624209755
16131,5.274028860602644
16132,3.9575600684997014
16133,4.925658669868927
16134,5.4987571062278855
16135,3.5774499097546975
16136,6.380423323124477
16137,5.294449441244109
16138,5.271801277097026
16139,5.271801277097026
16140,5.271801277097026
16141,5.271801277097026
16142,5.271801277097026
16143,3.492670763519134
16144,4.607285872363683
16145,4.5939766539998175
16146,4.2443633361293935
16147,4.60308210044601
16148,5.858127444255114
16149,6.0623618699209185
16150,4.245270197775981
16151,6.077530309839742
16152,3.6297502695479773
16153,4.611948875005099
16154,4.607285872363683
16155,4.607285872363683
16156,4.607285872363683
16157,4.607285872363683
16158,4.607285872363683
16159,6.637274574508162
16160,7.3479768779053956
16161,7.3208875266169215
16162,7.386750208159035
16163,7.347104767331901
16164,5.378518733345798
16165,8.011337566959742
16166,5.4087270607216995
16167,6.656284437570124
16168,6.00234820458115
16169,7.041037193680571
16170,7.3479768779053956
16171,7.3479768779053956
16172,7.3479768779053956
16173,7.3479768779053956
16174,7.3479768779053956
16175,3.0647892280271973
16176,3.741666166088197
16177,3.2043122595886695
16178,5.02350674340904
16179,3.7428816482033507
16180,5.283820547786099
16181,2.8769882006150853
16182,4.772666870461701
16183,4.29593537130392
16184,4.356373443160107
16185,3.866944377625506
16186,3.741666166088197
16187,3.741666166088197
16188,3.741666166088197
16189,3.741666166088197
16190,3.741666166088197
16191,7.681254436370836
16192,4.342283984759551
16193,4.225176167168279
16194,5.126631879506864
16195,4.344068662923429
16196,5.272961195198457
16197,3.866646830050961
16198,5.461938899121423
16199,3.2612880650783618
16200,4.244610243539845
16201,4.222234411853617
16202,4.342283984759551
16203,4.342283984759551
16204,4.342283984759551
16205,4.342283984759551
16206,4.342283984759551
16207,4.6869981957564235
16208,3.6970039793624077
16209,3.7248750422546695
16210,3.724201404627805
16211,3.6966318320415197
16212,3.094076857706573
16213,3.683512171879252
16214,3.3567678824781804
16215,5.764182543760929
16216,3.9028403295153047
16217,3.8325354435020444
16218,3.6970039793624077
16219,3.6970039793624077
16220,3.6970039793624077
16221,3.6970039793624077
16222,3.6970039793624077
16223,4.615369048284349
16224,4.527109908351398
16225,4.52260565324996
16226,4.469216491458026
16227,4.528451858401563
16228,5.774938097893697
16229,4.739449658233273
16230,3.792322736083051
16231,3.5387374035736787
16232,4.57342607042968
16233,4.515489034371184
16234,4.527109908351398
16235,4.527109908351398
16236,4.527109908351398
16237,4.527109908351398
16238,4.527109908351398
16239,3.962690920273107
16240,5.033579687903304
16241,5.54886062991791
16242,4.28155421387533
16243,5.040333890285559
16244,3.857999348035956
16245,5.662937354025242
16246,6.214295799028273
16247,5.862621937522711
16248,5.268765451301441
16249,5.037844351638128
16250,5.033579687903304
16251,5.033579687903304
16252,5.033579687903304
16253,5.033579687903304
16254,5.033579687903304
16255,5.546697492231788
16256,5.852996033442416
16257,5.699447380428582
16258,6.60858538759247
16259,5.847556849366161
16260,5.331638000814265
16261,6.675977798480688
16262,4.4926220108903445
16263,4.316822636183768
16264,4.820462496286885
16265,5.719532957592157
16266,5.852996033442416
16267,5.852996033442416
16268,5.852996033442416
16269,5.852996033442416
16270,5.852996033442416
16271,2.9211704575823014
16272,2.8371901663664136
16273,3.025443360612436
16274,2.748649900049197
16275,2.839319440994841
16276,3.036083989950888
16277,2.4908495800658534
16278,3.1201885087896533
16279,4.476820289087814
16280,3.7393672683963
16281,2.9180909746371495
16282,2.8371901663664136
16283,2.8371901663664136
16284,2.8371901663664136
16285,2.8371901663664136
16286,2.8371901663664136
16287,6.087364933918634
16288,6.955751424933717
16289,7.575181319112972
16290,7.297791218543095
16291,6.955859981285898
16292,7.995650303776175
16293,5.913743966921821
16294,5.176062568776509
16295,5.328318953415259
16296,7.748580501779872
16297,6.8988176560035654
16298,6.955751424933717
16299,6.955751424933717
16300,6.955751424933717
16301,6.955751424933717
16302,6.955751424933717
16303,5.097494276499903
16304,5.0720369662677145
16305,4.07254173546671
16306,3.4617204544548215
16307,5.075202530752456
16308,4.587101922045309
16309,6.273142487127342
16310,6.5155627037647905
16311,5.668862453786898
16312,4.550122743866776
16313,5.146567862120375
16314,5.0720369662677145
16315,5.0720369662677145
16316,5.0720369662677145
16317,5.0720369662677145
16318,5.0720369662677145
16319,4.612611286309241
16320,4.401252567815942
16321,4.099075210725654
16322,4.442243649296733
16323,4.402178215062811
16324,3.666758989237543
16325,4.432294104060501
16326,4.091789377917131
16327,2.932466019299139
16328,3.743364834722749
16329,4.290753624875395
16330,4.401252567815942
16331,4.401252567815942
16332,4.401252567815942
16333,4.401252567815942
16334,4.401252567815942
16335,1.8310946153637875
16336,6.160400654395121
16337,7.0587651585870175
16338,5.806687700793514
16339,6.153325653840955
16340,6.70994405786751
16341,6.165778347236616
16342,6.714871815834524
16343,7.863327917622225
16344,6.717822322470486
16345,6.17702976812084
16346,6.160400654395121
16347,6.160400654395121
16348,6.160400654395121
16349,6.160400654395121
16350,6.160400654395121
16351,10.774731117937591
16352,4.529776033139279
16353,4.652139309220985
16354,4.5502189710919945
16355,4.530938105744311
16356,5.8507646982906385
16357,4.585466906541774
16358,3.78438996700947
16359,4.370251284809234
16360,4.10743716602184
16361,4.42845881861773
16362,4.529776033139279
16363,4.529776033139279
16364,4.529776033139279
16365,4.529776033139279
16366,4.529776033139279
16367,4.388128880262093
16368,3.298506521568087
16369,3.163511085951032
16370,3.992637386249385
16371,3.292654063482333
16372,2.8154477696262137
16373,3.312769471450773
16374,4.109995259378143
16375,4.052427847036491
16376,3.6308815346712233
16377,3.3658613093133427
16378,3.298506521568087
16379,3.298506521568087
16380,3.298506521568087
16381,3.298506521568087
16382,3.298506521568087
16383,5.396401801337826
