index,Y_raw
0,4.4931660610813555
1,4.490333767936548
2,4.65762992056158
3,4.4952451154850985
4,2.9110500897378433
5,5.5598240715137965
6,3.1083607207143134
7,5.693426438729446
8,5.316723433864542
9,4.293914218199835
10,4.4931660610813555
11,4.4931660610813555
12,4.4931660610813555
13,4.4931660610813555
14,4.4931660610813555
15,3.923181001384859
16,4.488002412861802
17,4.258274700609813
18,3.006618915249145
19,4.495750920258877
20,6.208099433406659
21,3.265759887426433
22,6.9142391754923205
23,3.285259255321569
24,3.8188811209935825
25,4.6152799462541445
26,4.488002412861802
27,4.488002412861802
28,4.488002412861802
29,4.488002412861802
30,4.488002412861802
31,3.273284169824559
32,2.6393348419783225
33,2.6446138202509193
34,2.6201510519567375
35,2.639078508897318
36,2.3183205228702306
37,2.4871329917849354
38,2.833458516995192
39,3.161709022575293
40,2.727482503266012
41,2.6972161992606174
42,2.6393348419783225
43,2.6393348419783225
44,2.6393348419783225
45,2.6393348419783225
46,2.6393348419783225
47,2.9701800461114387
48,4.006463551171645
49,3.9627506197126228
50,3.907052370330307
51,4.007723922210834
52,5.526941771375892
53,4.129714590767944
54,4.014360744445643
55,2.936313908404692
56,3.601040753803689
57,3.946907652992172
58,4.006463551171645
59,4.006463551171645
60,4.006463551171645
61,4.006463551171645
62,4.006463551171645
63,3.5908019434900322
64,2.157600930654569
65,2.1482976442664703
66,2.0166827474924336
67,2.1575074654236683
68,2.844320895137318
69,2.1568094165589002
70,1.533367943567606
71,3.3233064244414887
72,3.0441919944021447
73,2.206262965382371
74,2.157600930654569
75,2.157600930654569
76,2.157600930654569
77,2.157600930654569
78,2.157600930654569
79,4.263647204620031
80,5.656699319927993
81,5.555762064860092
82,5.827227377341169
83,5.656362194097309
84,5.003315758002759
85,5.579360077091514
86,7.613065285018182
87,3.9081152813291884
88,3.3706471333056216
89,5.601989284192081
90,5.656699319927993
91,5.656699319927993
92,5.656699319927993
93,5.656699319927993
94,5.656699319927993
95,2.7667182885033057
96,3.7467295665250475
97,3.8343766070096996
98,3.7337327923418004
99,3.7485210739337265
100,4.589076087681277
101,3.445679624452421
102,3.573745815723581
103,4.646044417613902
104,3.2998858331034064
105,3.6624852247015443
106,3.7467295665250475
107,3.7467295665250475
108,3.7467295665250475
109,3.7467295665250475
110,3.7467295665250475
111,4.365661913026724
112,3.596563501718142
113,3.57370649814138
114,3.7847649569299024
115,3.5951647621018394
116,2.6134153772875446
117,3.7305917221824276
118,3.5682555371495717
119,3.551854799384069
120,4.34593028503313
121,3.672116217815219
122,3.596563501718142
123,3.596563501718142
124,3.596563501718142
125,3.596563501718142
126,3.596563501718142
127,3.419365543167573
128,2.4830215736524295
129,2.4970025337118305
130,2.4260232525864223
131,2.481991086761703
132,2.5967242308560943
133,2.205378219474047
134,2.305014213079242
135,4.07466273497291
136,2.460230030931648
137,2.4921047769070777
138,2.4830215736524295
139,2.4830215736524295
140,2.4830215736524295
141,2.4830215736524295
142,2.4830215736524295
143,3.4475273721398305
144,3.921637824787132
145,3.6129724115906816
146,3.959444061362062
147,3.9187006840689627
148,4.31813043190397
149,4.661709137967712
150,4.369866228504775
151,2.8983873602177743
152,3.792285223619124
153,3.897210652247598
154,3.921637824787132
155,3.921637824787132
156,3.921637824787132
157,3.921637824787132
158,3.921637824787132
159,3.7032279046705963
160,3.224863306633364
161,3.1708020231807668
162,3.2410771706778942
163,3.2243144554601373
164,3.4728009510816436
165,3.7149053551704765
166,3.249720820753807
167,3.7278897082804656
168,3.280514727515238
169,3.1654871302797627
170,3.224863306633364
171,3.224863306633364
172,3.224863306633364
173,3.224863306633364
174,3.224863306633364
175,4.614594858540765
176,4.082851069088449
177,5.619585539683079
178,4.383377855296525
179,4.079116590001604
180,3.1959370510812426
181,3.5786967475412084
182,4.256453555360392
183,3.757117733185433
184,4.576557602483618
185,4.148009293698516
186,4.082851069088449
187,4.082851069088449
188,4.082851069088449
189,4.082851069088449
190,4.082851069088449
191,4.571966180650553
192,3.5633241968763962
193,3.6600197523196587
194,3.77314212641706
195,3.5632896756434733
196,3.163522314756266
197,3.955344787995932
198,2.9648160097309
199,4.349166972460379
200,2.9803128570099524
201,3.520970264680637
202,3.5633241968763962
203,3.5633241968763962
204,3.5633241968763962
205,3.5633241968763962
206,3.5633241968763962
207,3.454622504175175
208,4.5080416980324705
209,4.203549181245092
210,4.244529449793319
211,4.508747629566279
212,4.399428936260775
213,4.15404233447954
214,4.936079850877665
215,3.282907825415214
216,5.982745835941436
217,4.595311476986209
218,4.5080416980324705
219,4.5080416980324705
220,4.5080416980324705
221,4.5080416980324705
222,4.5080416980324705
223,4.17514464791968
224,1.4692893209010833
225,1.5563176185636738
226,1.483361411942236
227,1.4697405178524379
228,1.652832712318678
229,1.6416743095886501
230,1.4776638505078163
231,1.728800278289414
232,1.8773182360807892
233,1.4534044771188457
234,1.4692893209010833
235,1.4692893209010833
236,1.4692893209010833
237,1.4692893209010833
238,1.4692893209010833
239,2.662868570876513
240,8.162398067419689
241,8.43807711669723
242,8.115706643037127
243,8.164738065111617
244,8.37727208989946
245,7.058922225145794
246,7.703406216225055
247,5.776341696564063
248,6.2378594835217545
249,8.219893082055915
250,8.162398067419689
251,8.162398067419689
252,8.162398067419689
253,8.162398067419689
254,8.162398067419689
255,3.779161515361313
256,3.2155575506171727
257,3.1774438321976786
258,3.1548702625755864
259,3.214879758763119
260,4.206633152244468
261,3.171143456166055
262,2.491653139699155
263,2.5619667663077332
264,3.576017077533972
265,3.2234063301045603
266,3.2155575506171727
267,3.2155575506171727
268,3.2155575506171727
269,3.2155575506171727
270,3.2155575506171727
271,2.919608810747496
272,5.996113693465064
273,5.5692247008399915
274,5.597725698258157
275,5.996462088689378
276,3.7349355201143846
277,6.128340886159426
278,6.44882154539833
279,8.027232239767303
280,5.347812106855536
281,6.003371589140602
282,5.996113693465064
283,5.996113693465064
284,5.996113693465064
285,5.996113693465064
286,5.996113693465064
287,4.457762223935829
288,4.9478622212643915
289,5.339361283780386
290,5.0918723777197235
291,4.946468486268181
292,6.198402301606672
293,5.077580010425384
294,4.072077102250827
295,3.7216609919750976
296,5.656678604514517
297,4.999419314630043
298,4.9478622212643915
299,4.9478622212643915
300,4.9478622212643915
301,4.9478622212643915
302,4.9478622212643915
303,5.3706266048321725
304,2.499892288141685
305,2.4530169847886154
306,2.426792152654344
307,2.500251739499381
308,2.2694927752370684
309,2.4137879690659143
310,3.0718007022197207
311,3.2597454534633226
312,1.9641360719202705
313,2.481090636740282
314,2.499892288141685
315,2.499892288141685
316,2.499892288141685
317,2.499892288141685
318,2.499892288141685
319,2.9308829997684724
320,4.066644112032482
321,4.07878813893281
322,4.053894993993769
323,4.065668650209386
324,3.173304858630261
325,4.948545194611725
326,3.96464664440653
327,2.7372884449127355
328,3.1885446368036687
329,4.159984582739874
330,4.066644112032482
331,4.066644112032482
332,4.066644112032482
333,4.066644112032482
334,4.066644112032482
335,1.9940101094223583
336,2.9753630613607704
337,3.1925118008335676
338,2.5790081131972746
339,2.972512887024588
340,4.321820049664455
341,2.1934163247378424
342,3.357248164239973
343,4.171702049327053
344,3.397781403978054
345,2.8947436784864133
346,2.9753630613607704
347,2.9753630613607704
348,2.9753630613607704
349,2.9753630613607704
350,2.9753630613607704
351,5.1535250855061925
352,4.719432206302757
353,4.609177897494353
354,4.725265712752418
355,4.7198606112786345
356,3.0843535297890026
357,4.125479344774293
358,3.580986495489734
359,4.256990851511266
360,7.380337155408262
361,4.7280197868064215
362,4.719432206302757
363,4.719432206302757
364,4.719432206302757
365,4.719432206302757
366,4.719432206302757
367,2.794250919650963
368,2.5958339150963545
369,2.6163741781794925
370,2.7568168859567375
371,2.595900222726542
372,3.406245860586328
373,2.9897509276895415
374,3.420952901548416
375,3.0581510686480184
376,1.7254479407073182
377,2.5855849623416627
378,2.5958339150963545
379,2.5958339150963545
380,2.5958339150963545
381,2.5958339150963545
382,2.5958339150963545
383,4.377910954458274
384,2.9109891882719894
385,3.0933408873016996
386,2.888432828351245
387,2.911385362060709
388,3.651896700399523
389,3.2691502534342782
390,3.254069302494043
391,2.0881419945632542
392,2.8064295895992406
393,2.9954002006238136
394,2.9109891882719894
395,2.9109891882719894
396,2.9109891882719894
397,2.9109891882719894
398,2.9109891882719894
399,3.58469804492446
400,3.996769584793851
401,3.5064100446904614
402,3.860186712379478
403,3.993473655713013
404,3.6975298518495463
405,3.7021750256154387
406,3.2789020208656976
407,5.939267690076304
408,3.880822949794272
409,3.8877475547018667
410,3.996769584793851
411,3.996769584793851
412,3.996769584793851
413,3.996769584793851
414,3.996769584793851
415,3.4442828987979044
416,2.8279433627374195
417,2.9067124963500297
418,2.7832882249153883
419,2.8261033549593098
420,2.387981182239844
421,2.858171573229766
422,2.1372660239759105
423,2.385491517266394
424,2.9691319401675
425,2.8129576344206297
426,2.8279433627374195
427,2.8279433627374195
428,2.8279433627374195
429,2.8279433627374195
430,2.8279433627374195
431,1.6488336829894208
432,4.998307843871451
433,5.217785189653732
434,5.97902686580249
435,4.997890523745146
436,5.0198332529791365
437,4.756275833100272
438,6.471270706824644
439,5.515390050052666
440,5.066643478259062
441,5.0613511537360125
442,4.998307843871451
443,4.998307843871451
444,4.998307843871451
445,4.998307843871451
446,4.998307843871451
447,9.279347789225511
448,3.2955467461691192
449,3.3089380015759433
450,3.4590312228578104
451,3.2958810195287005
452,3.278122616435871
453,2.867734999944286
454,3.981277504441854
455,2.5886007188409366
456,4.237319565689501
457,3.2207922084181937
458,3.2955467461691192
459,3.2955467461691192
460,3.2955467461691192
461,3.2955467461691192
462,3.2955467461691192
463,3.570083729020402
464,3.884359476077725
465,3.7965994483205634
466,3.8629711146172596
467,3.8869452884382825
468,3.3743978714985188
469,4.491111127113244
470,3.7645928761624545
471,4.977635142096797
472,3.2314588889883353
473,4.002603553479094
474,3.884359476077725
475,3.884359476077725
476,3.884359476077725
477,3.884359476077725
478,3.884359476077725
479,4.063232757833939
480,5.375540214561336
481,4.792489870297917
482,5.486674399712981
483,5.375493426787676
484,5.721099739659126
485,7.248369739694716
486,4.40733430117821
487,3.8961395115576307
488,4.069824129600033
489,5.49267580512754
490,5.375540214561336
491,5.375540214561336
492,5.375540214561336
493,5.375540214561336
494,5.375540214561336
495,2.989163632333114
496,2.6525343643323356
497,3.347553225374282
498,2.366836402535715
499,2.6524615791852617
500,2.8382179198375876
501,2.164866300449167
502,3.2585857140108025
503,3.4048391230833204
504,3.4061689485704476
505,2.565604722956724
506,2.6525343643323356
507,2.6525343643323356
508,2.6525343643323356
509,2.6525343643323356
510,2.6525343643323356
511,4.218332011012294
512,3.1546714311367032
513,3.10421218797366
514,3.031849205071216
515,3.1554552911497664
516,2.7773931371002925
517,3.6751408807311656
518,3.9376820806787896
519,2.610836058738506
520,2.9116917291081514
521,3.2231777759087366
522,3.1546714311367032
523,3.1546714311367032
524,3.1546714311367032
525,3.1546714311367032
526,3.1546714311367032
527,3.1032444277953624
528,6.799481738804772
529,5.252297834092355
530,5.61731718729033
531,6.791742238887454
532,6.61362574230257
533,5.048502536680545
534,4.927339986359287
535,7.3858981318229056
536,7.612757094367656
537,6.728719682411924
538,6.799481738804772
539,6.799481738804772
540,6.799481738804772
541,6.799481738804772
542,6.799481738804772
543,3.492724111683882
544,4.9754899528675764
545,4.879292280720919
546,5.021852593419904
547,4.977633797117494
548,6.467226650566774
549,4.241240930903315
550,4.252050355903782
551,5.120639305806918
552,4.485516337980356
553,4.86820461807084
554,4.9754899528675764
555,4.9754899528675764
556,4.9754899528675764
557,4.9754899528675764
558,4.9754899528675764
559,4.213311502451977
560,2.8451929990947695
561,3.2692842203747574
562,2.4676344184680414
563,2.843599535742992
564,2.573683263647405
565,3.3347615990997586
566,3.3484505204558856
567,2.3092644078885365
568,3.6331676121120284
569,2.907503471906327
570,2.8451929990947695
571,2.8451929990947695
572,2.8451929990947695
573,2.8451929990947695
574,2.8451929990947695
575,3.188809359447322
576,4.07535987834474
577,4.350186396764621
578,4.038449566642252
579,4.076535827020927
580,4.24225697526832
581,3.698103831665009
582,5.100834722037296
583,4.266599679739387
584,3.024276560806436
585,3.8897743800589466
586,4.07535987834474
587,4.07535987834474
588,4.07535987834474
589,4.07535987834474
590,4.07535987834474
591,3.749293408128238
592,2.575663348321657
593,2.359723217680872
594,2.5396794774471596
595,2.5786981920236527
596,2.8257363528062016
597,2.8968699154361817
598,2.1552221743091
599,2.7108029908511386
600,3.877508097491982
601,2.670737839358701
602,2.575663348321657
603,2.575663348321657
604,2.575663348321657
605,2.575663348321657
606,2.575663348321657
607,3.9376451766475626
608,6.1134477486503975
609,6.065961148875257
610,6.0891023478349275
611,6.113528980318311
612,5.860698627491
613,5.560545522825589
614,5.854488614372597
615,6.536251048522371
616,6.854250796244104
617,6.177472900985616
618,6.1134477486503975
619,6.1134477486503975
620,6.1134477486503975
621,6.1134477486503975
622,6.1134477486503975
623,6.062269663120735
624,2.060206182321377
625,2.112293624006003
626,2.2676719710682685
627,2.060240643138297
628,1.871412715933423
629,2.1761323821085177
630,2.434967360525369
631,2.1357949653161867
632,1.825796175085298
633,2.034213703835903
634,2.060206182321377
635,2.060206182321377
636,2.060206182321377
637,2.060206182321377
638,2.060206182321377
639,2.652991518158431
640,3.6400438790499634
641,3.635799674319435
642,3.639156193543108
643,3.639946039639649
644,4.405913031396044
645,2.8112466152868034
646,4.343874472093301
647,3.9279037708257514
648,3.754228693788623
649,3.5987968263841985
650,3.6400438790499634
651,3.6400438790499634
652,3.6400438790499634
653,3.6400438790499634
654,3.6400438790499634
655,4.441923237416052
656,3.593464897361299
657,3.530821831849309
658,3.1036262235495906
659,3.598520900999377
660,3.3475990020453374
661,5.292402928684999
662,2.8797572848546427
663,3.8930519365813896
664,3.573736264087837
665,3.651632884739923
666,3.593464897361299
667,3.593464897361299
668,3.593464897361299
669,3.593464897361299
670,3.593464897361299
671,3.5487200215592978
672,4.17911513118705
673,4.17534593748558
674,4.159318348517513
675,4.179770341835006
676,5.259720512731225
677,4.442593728760821
678,4.584778568349774
679,4.602568679293469
680,3.8158904127449906
681,4.155540321493178
682,4.17911513118705
683,4.17911513118705
684,4.17911513118705
685,4.17911513118705
686,4.17911513118705
687,6.084393747500145
688,3.4503612600671674
689,3.4471505442566044
690,3.7898800580414576
691,3.4516838404779455
692,2.2532978419639473
693,3.207527713825024
694,2.790606420543406
695,3.649477383348486
696,3.5180676771750083
697,3.470312141543384
698,3.4503612600671674
699,3.4503612600671674
700,3.4503612600671674
701,3.4503612600671674
702,3.4503612600671674
703,1.9953977640665412
704,3.96342682002646
705,3.960777450984658
706,4.076105841214637
707,3.962335546246852
708,2.68703120049257
709,4.082378834718311
710,5.434396858054066
711,3.0595784943340334
712,5.189728862266663
713,4.018716913004146
714,3.96342682002646
715,3.96342682002646
716,3.96342682002646
717,3.96342682002646
718,3.96342682002646
719,4.114764027824563
720,3.7561096576040756
721,3.7946722120177045
722,3.7423338927310925
723,3.7535055368479626
724,4.701070227730395
725,3.647597744210627
726,2.9532609903478675
727,3.88351055731822
728,2.561010140437863
729,3.7308840423832006
730,3.7561096576040756
731,3.7561096576040756
732,3.7561096576040756
733,3.7561096576040756
734,3.7561096576040756
735,2.594889401631082
736,5.098352791350019
737,5.0630791933842545
738,5.403840937395734
739,5.097883314411525
740,4.057889959368034
741,5.1078830780239235
742,5.604594724152533
743,5.731164206605296
744,3.9069939462023946
745,5.007118466240211
746,5.098352791350019
747,5.098352791350019
748,5.098352791350019
749,5.098352791350019
750,5.098352791350019
751,3.9505900382670185
752,2.1836026963162816
753,2.206536255875647
754,2.102917397377064
755,2.182978046238705
756,3.0586880001532273
757,2.2334771967605325
758,2.039206930668769
759,1.8943885072522864
760,3.0528452255031717
761,2.2021654715188808
762,2.1836026963162816
763,2.1836026963162816
764,2.1836026963162816
765,2.1836026963162816
766,2.1836026963162816
767,3.365803772206648
768,4.716400077384759
769,4.884573941169598
770,4.815915372648231
771,4.714057125042383
772,5.008644876385149
773,4.5919007864712835
774,4.741018605152876
775,5.4187907146116885
776,4.001465845275352
777,4.804652098436423
778,4.716400077384759
779,4.716400077384759
780,4.716400077384759
781,4.716400077384759
782,4.716400077384759
783,5.715321990811447
784,3.6352934890634163
785,2.9167845975976237
786,2.9573550013859964
787,3.634032980478549
788,2.9301029902331637
789,3.8253682800950397
790,3.496746724171868
791,3.2584000591721183
792,4.1488651111363275
793,3.556633747924886
794,3.6352934890634163
795,3.6352934890634163
796,3.6352934890634163
797,3.6352934890634163
798,3.6352934890634163
799,2.320836819032551
800,3.4601555663414403
801,3.457967125875024
802,3.4685690553768134
803,3.4602034005424835
804,3.498485711376667
805,3.1572340027235652
806,4.012487869284304
807,2.998404436826319
808,3.351219114215796
809,3.4460608627323457
810,3.4601555663414403
811,3.4601555663414403
812,3.4601555663414403
813,3.4601555663414403
814,3.4601555663414403
815,3.01601002907561
816,3.066277155528033
817,3.116403484881805
818,3.081737414620729
819,3.066156640007652
820,3.5812830358868695
821,3.218729156348846
822,2.9905284260415566
823,3.3866780715541935
824,3.5401765267466723
825,3.0653606168671854
826,3.066277155528033
827,3.066277155528033
828,3.066277155528033
829,3.066277155528033
830,3.066277155528033
831,4.713171307885639
832,2.670653520656181
833,2.654487514926976
834,2.592192368887054
835,2.670948496853208
836,3.1882050674726687
837,2.9245577015461266
838,2.5706602924672537
839,2.6400643002322153
840,3.036675409019333
841,2.6699102094857357
842,2.670653520656181
843,2.670653520656181
844,2.670653520656181
845,2.670653520656181
846,2.670653520656181
847,3.771385362282614
848,3.7055107468316373
849,3.5880866601920696
850,3.787253248239132
851,3.7049513672531083
852,3.691354717119614
853,3.1585089537583952
854,3.8031754870708356
855,3.6772002729498596
856,3.5089909356487685
857,3.7205611145297772
858,3.7055107468316373
859,3.7055107468316373
860,3.7055107468316373
861,3.7055107468316373
862,3.7055107468316373
863,3.0061324411196235
864,3.1800137906105754
865,3.0315630646011194
866,3.1409230078149006
867,3.177396249162419
868,2.935780611993086
869,2.7483404231346356
870,3.442097946300362
871,3.1546735156787227
872,2.1274286120365433
873,3.205726366454822
874,3.1800137906105754
875,3.1800137906105754
876,3.1800137906105754
877,3.1800137906105754
878,3.1800137906105754
879,1.9920893224613587
880,4.903331756802415
881,6.1859772326095674
882,5.218833836775547
883,4.906468398489839
884,4.710541464062505
885,5.975626124115898
886,3.9815404017471616
887,4.824874058107763
888,7.342883247169584
889,4.889439940512918
890,4.903331756802415
891,4.903331756802415
892,4.903331756802415
893,4.903331756802415
894,4.903331756802415
895,10.24285786025451
896,3.7537660956231034
897,3.750082523191487
898,3.6084525058357455
899,3.756261511306561
900,3.4535511013623363
901,3.675870321562776
902,3.660019241779029
903,3.803822026413719
904,3.6888744484912657
905,3.6960914844046426
906,3.7537660956231034
907,3.7537660956231034
908,3.7537660956231034
909,3.7537660956231034
910,3.7537660956231034
911,3.1014910466285133
912,2.5018984440236967
913,2.420190686359348
914,2.5571541355245366
915,2.5025518295030786
916,3.2929742098782864
917,2.661717815017531
918,2.629930764534603
919,2.5486154595091017
920,2.595443959277496
921,2.5616178368959575
922,2.5018984440236967
923,2.5018984440236967
924,2.5018984440236967
925,2.5018984440236967
926,2.5018984440236967
927,3.8939223043303035
928,2.6575698641480026
929,2.6738873796810507
930,2.6664961709423824
931,2.657570258528326
932,1.7642142757574168
933,2.6566868000628516
934,4.185114978031993
935,2.689530263604158
936,2.714686235174902
937,2.727471766636239
938,2.6575698641480026
939,2.6575698641480026
940,2.6575698641480026
941,2.6575698641480026
942,2.6575698641480026
943,2.9672362066313047
944,4.309542492992852
945,4.196179677859002
946,4.726660490742909
947,4.310552718861081
948,5.798097264244167
949,4.435517096141735
950,3.110172024685672
951,4.376632595442618
952,3.8601325809934455
953,4.120844645572567
954,4.309542492992852
955,4.309542492992852
956,4.309542492992852
957,4.309542492992852
958,4.309542492992852
959,3.93493992070795
960,4.403172902469537
961,4.348782009888233
962,4.896523611093864
963,4.403174232496024
964,5.285042913744865
965,3.633686356094531
966,4.530377485736335
967,4.819651065508561
968,3.023184296439783
969,4.539532719918517
970,4.403172902469537
971,4.403172902469537
972,4.403172902469537
973,4.403172902469537
974,4.403172902469537
975,3.5935178743893657
976,4.061719557378714
977,5.375567382242076
978,3.808947887536745
979,4.061930895012674
980,3.0248055730052874
981,5.332984981690317
982,4.011859175024739
983,3.4066348678375267
984,5.380017413071557
985,3.941207402933605
986,4.061719557378714
987,4.061719557378714
988,4.061719557378714
989,4.061719557378714
990,4.061719557378714
991,3.5016151332703376
992,2.2970634555942726
993,2.1926023661475242
994,2.4439409170959228
995,2.2985068375584374
996,2.936060956673564
997,2.547692197473773
998,3.034070428675301
999,2.1290237552105724
1000,3.1236020542952487
1001,2.288816195332824
1002,2.2970634555942726
1003,2.2970634555942726
1004,2.2970634555942726
1005,2.2970634555942726
1006,2.2970634555942726
1007,5.288585062852144
1008,5.014642666893556
1009,5.208165196832975
1010,5.012117051026406
1011,5.013102809468658
1012,4.66056212403621
1013,4.746308832432816
1014,3.437869767528971
1015,6.065985442878961
1016,3.848253214552398
1017,5.068077447074349
1018,5.014642666893556
1019,5.014642666893556
1020,5.014642666893556
1021,5.014642666893556
1022,5.014642666893556
1023,2.876707842207605
1024,4.091291235524809
1025,4.088298152622299
1026,4.088102594136469
1027,4.088620989257652
1028,4.943526969329678
1029,3.5304178458943722
1030,4.061898651285869
1031,3.461855999010084
1032,3.663768970095059
1033,3.973090820374527
1034,4.091291235524809
1035,4.091291235524809
1036,4.091291235524809
1037,4.091291235524809
1038,4.091291235524809
1039,3.062718779189643
1040,2.9125481242043056
1041,2.6536777250770474
1042,3.5070362129065216
1043,2.912375751814554
1044,2.887955342889961
1045,3.2367024222671343
1046,2.7095186369419637
1047,4.2257299526163346
1048,3.6605229012045633
1049,2.9592070536750636
1050,2.9125481242043056
1051,2.9125481242043056
1052,2.9125481242043056
1053,2.9125481242043056
1054,2.9125481242043056
1055,5.396132826591511
1056,2.494485494756715
1057,2.509650635292017
1058,2.4837372965544193
1059,2.4946593634739584
1060,2.119567843544096
1061,2.436981061175759
1062,3.438835583173815
1063,1.9679219410487077
1064,3.5850782593450297
1065,2.426143203533973
1066,2.494485494756715
1067,2.494485494756715
1068,2.494485494756715
1069,2.494485494756715
1070,2.494485494756715
1071,2.968532484122621
1072,5.673766863465947
1073,6.676386607492856
1074,5.435670741698919
1075,5.672856112712841
1076,5.821435113915243
1077,6.422265659346832
1078,3.8771020790552786
1079,7.315439785672775
1080,3.6395002055037176
1081,5.861685615435965
1082,5.673766863465947
1083,5.673766863465947
1084,5.673766863465947
1085,5.673766863465947
1086,5.673766863465947
1087,4.161670040094455
1088,4.352748464810359
1089,4.619400523764125
1090,4.367765128230919
1091,4.352768754984085
1092,4.548848891253429
1093,3.9224249192152114
1094,4.380481642526365
1095,2.742917175802272
1096,4.864944963910396
1097,4.249312075941438
1098,4.352748464810359
1099,4.352748464810359
1100,4.352748464810359
1101,4.352748464810359
1102,4.352748464810359
1103,2.9906095609069454
1104,3.8988596721269957
1105,3.377544719800769
1106,3.0949921191832397
1107,3.8961376817443987
1108,3.28237339638569
1109,4.659964770165638
1110,4.0627374179617854
1111,5.415980844235019
1112,3.3907110621931613
1113,4.009919718434053
1114,3.8988596721269957
1115,3.8988596721269957
1116,3.8988596721269957
1117,3.8988596721269957
1118,3.8988596721269957
1119,3.7523905536757938
1120,2.905885652230322
1121,2.897917068150557
1122,3.501106896000592
1123,2.9056891091461963
1124,3.215195462449236
1125,3.283366443681704
1126,4.465318455872192
1127,2.4185970780357096
1128,3.5905708452575937
1129,2.9013874522121985
1130,2.905885652230322
1131,2.905885652230322
1132,2.905885652230322
1133,2.905885652230322
1134,2.905885652230322
1135,6.37444864003298
1136,3.886366800838862
1137,4.061325291864278
1138,3.843603491247975
1139,3.88789556184944
1140,4.120542328297795
1141,3.217059144636667
1142,2.6443606320414115
1143,4.070085032498022
1144,3.358163794337342
1145,3.9069025396247645
1146,3.886366800838862
1147,3.886366800838862
1148,3.886366800838862
1149,3.886366800838862
1150,3.886366800838862
1151,2.1518163244186392
1152,4.307159041369525
1153,4.305735261813477
1154,4.145495058947761
1155,4.309772744889227
1156,5.472808870356353
1157,4.358376955133299
1158,4.179619088968485
1159,2.705243102855
1160,4.940688363235417
1161,4.134943463530179
1162,4.307159041369525
1163,4.307159041369525
1164,4.307159041369525
1165,4.307159041369525
1166,4.307159041369525
1167,3.775189742505815
1168,5.250528291668435
1169,5.974809261693501
1170,4.215290384204086
1171,5.256271773538267
1172,3.560834609270704
1173,4.8415580200605675
1174,5.26816923965424
1175,7.517815829596081
1176,3.9933783869715445
1177,5.459659972078642
1178,5.250528291668435
1179,5.250528291668435
1180,5.250528291668435
1181,5.250528291668435
1182,5.250528291668435
1183,3.2584495259002813
1184,3.1963360691991065
1185,3.2032825375179157
1186,4.174318682160405
1187,3.19619903256621
1188,4.037087933533425
1189,3.27327101410125
1190,3.6200056438232573
1191,2.7057419677744816
1192,2.526225794871018
1193,3.1829693711107963
1194,3.1963360691991065
1195,3.1963360691991065
1196,3.1963360691991065
1197,3.1963360691991065
1198,3.1963360691991065
1199,4.126685473878359
1200,3.468825275405009
1201,3.489678405158873
1202,3.5653015233461436
1203,3.469117942329938
1204,3.228039777655394
1205,3.4602390869203714
1206,2.8891639870715875
1207,3.6623742956303835
1208,4.443243382218995
1209,3.4671225210160292
1210,3.468825275405009
1211,3.468825275405009
1212,3.468825275405009
1213,3.468825275405009
1214,3.468825275405009
1215,3.6801622592514818
1216,4.98260380552223
1217,4.99576110569297
1218,5.024866236377675
1219,4.98245680234738
1220,4.131640343547755
1221,5.264034640273591
1222,5.332783514655883
1223,4.047053252261594
1224,4.936085869478309
1225,4.969618969721026
1226,4.98260380552223
1227,4.98260380552223
1228,4.98260380552223
1229,4.98260380552223
1230,4.98260380552223
1231,3.792759417407953
1232,1.776349053142453
1233,1.7672221519900173
1234,1.8560940905942915
1235,1.7761688046614574
1236,2.5295286631540264
1237,1.7015219737531508
1238,1.7963523095753928
1239,2.4820180635231366
1240,1.8749076570370464
1241,1.7809372053478523
1242,1.776349053142453
1243,1.776349053142453
1244,1.776349053142453
1245,1.776349053142453
1246,1.776349053142453
1247,3.772864376389073
1248,4.312449643380192
1249,4.138524579708743
1250,4.26788473584663
1251,4.316749611576849
1252,2.938371049351723
1253,3.3986384562267604
1254,4.96724426502944
1255,3.723665185989987
1256,4.297785009167968
1257,4.100416998890857
1258,4.312449643380192
1259,4.312449643380192
1260,4.312449643380192
1261,4.312449643380192
1262,4.312449643380192
1263,2.2051403755611876
1264,3.1982797563771355
1265,3.183689220531065
1266,2.9548023873502336
1267,3.1959709946499943
1268,4.171967086214707
1269,4.180419714682348
1270,2.9818866468564225
1271,4.490475000459362
1272,2.825420547300209
1273,3.397784159807388
1274,3.1982797563771355
1275,3.1982797563771355
1276,3.1982797563771355
1277,3.1982797563771355
1278,3.1982797563771355
1279,5.965135637391534
1280,2.0008775312836997
1281,2.2218928871918555
1282,2.087208445362906
1283,2.001020472077019
1284,1.9673266512737333
1285,1.8555562588208556
1286,2.9163133202452847
1287,2.6108243388582997
1288,3.306309868332522
1289,2.0937031538540105
1290,2.0008775312836997
1291,2.0008775312836997
1292,2.0008775312836997
1293,2.0008775312836997
1294,2.0008775312836997
1295,5.674117521280301
1296,5.698892042378037
1297,4.476606156044165
1298,5.42703819045795
1299,5.690889183090392
1300,6.592574718181111
1301,7.59329844379431
1302,4.645467060931403
1303,4.659464262996505
1304,3.8539617856190582
1305,5.427608527567558
1306,5.698892042378037
1307,5.698892042378037
1308,5.698892042378037
1309,5.698892042378037
1310,5.698892042378037
1311,2.770311047961615
1312,3.355280652350247
1313,3.3643826827618013
1314,3.3163550850265464
1315,3.3539499053506105
1316,3.5561174661323434
1317,3.7614572662566594
1318,3.6901611617254706
1319,4.104246930742302
1320,2.874218227651443
1321,3.3484606299324167
1322,3.355280652350247
1323,3.355280652350247
1324,3.355280652350247
1325,3.355280652350247
1326,3.355280652350247
1327,4.514614232496747
1328,4.232663251262844
1329,4.52927278167188
1330,4.218731294641175
1331,4.231507483428355
1332,3.318782979176056
1333,3.566631296025344
1334,3.850852849970135
1335,3.0408307720420216
1336,4.834845766470799
1337,4.272467326192929
1338,4.232663251262844
1339,4.232663251262844
1340,4.232663251262844
1341,4.232663251262844
1342,4.232663251262844
1343,2.2164112666241143
1344,2.8421916340530324
1345,2.8404786075589272
1346,2.8425706559752077
1347,2.8431413060921638
1348,2.6214033701637933
1349,2.6825681285877363
1350,3.391896789163851
1351,4.151912215559018
1352,3.2367856942787503
1353,2.8607786594293843
1354,2.8421916340530324
1355,2.8421916340530324
1356,2.8421916340530324
1357,2.8421916340530324
1358,2.8421916340530324
1359,5.009623774620671
1360,5.695429079183433
1361,5.535203112969834
1362,5.632462704442331
1363,5.698433963312849
1364,5.332810787702027
1365,5.98013807179341
1366,4.4489616809870975
1367,3.870839758202042
1368,4.972241334938262
1369,5.631948395584838
1370,5.695429079183433
1371,5.695429079183433
1372,5.695429079183433
1373,5.695429079183433
1374,5.695429079183433
1375,2.5042070354941033
1376,2.395070386011712
1377,2.3316877628503003
1378,2.9359820509827284
1379,2.395058278708759
1380,2.742876848906656
1381,2.1968849619779514
1382,2.787721992324427
1383,2.739817393153172
1384,2.7583878289904353
1385,2.5118358472387072
1386,2.395070386011712
1387,2.395070386011712
1388,2.395070386011712
1389,2.395070386011712
1390,2.395070386011712
1391,4.043282641168602
1392,5.258568442823883
1393,6.026922802385912
1394,5.0783477893536
1395,5.258681929351113
1396,5.226600996148221
1397,5.83484740155269
1398,4.412066822779563
1399,4.4938363572798
1400,5.029116917253265
1401,5.011166882279816
1402,5.258568442823883
1403,5.258568442823883
1404,5.258568442823883
1405,5.258568442823883
1406,5.258568442823883
1407,3.6838172723412383
1408,3.2180919932781906
1409,3.205875982301917
1410,3.17964973510776
1411,3.217009717443906
1412,1.9339597105868211
1413,3.6313214341055584
1414,4.225530203667057
1415,4.842224470572383
1416,2.6406740751456197
1417,3.250181692552309
1418,3.2180919932781906
1419,3.2180919932781906
1420,3.2180919932781906
1421,3.2180919932781906
1422,3.2180919932781906
1423,3.4870363020309334
1424,4.663035139679199
1425,4.4272354035247306
1426,4.2666435065318895
1427,4.667061134075565
1428,6.652674679635794
1429,4.072061370860481
1430,3.9448675178702723
1431,3.1528952508863264
1432,5.564843789256991
1433,4.599031066249499
1434,4.663035139679199
1435,4.663035139679199
1436,4.663035139679199
1437,4.663035139679199
1438,4.663035139679199
1439,3.5180581471405388
1440,4.078039969410632
1441,4.315310002031348
1442,5.256094818182161
1443,4.074348491398374
1444,3.521277582298974
1445,3.2844671167678916
1446,3.745738466700417
1447,4.70214415799494
1448,5.274026557808849
1449,4.250051481504106
1450,4.078039969410632
1451,4.078039969410632
1452,4.078039969410632
1453,4.078039969410632
1454,4.078039969410632
1455,5.563147026686528
1456,2.8420094282805475
1457,2.7845336836641663
1458,2.5313553738761363
1459,2.8446622543997755
1460,3.9051319001980147
1461,3.7652810789705202
1462,3.0934243326722126
1463,2.473909970462628
1464,2.2647915057026355
1465,2.7654958294215213
1466,2.8420094282805475
1467,2.8420094282805475
1468,2.8420094282805475
1469,2.8420094282805475
1470,2.8420094282805475
1471,3.168639928607192
1472,1.961533775579044
1473,1.996129350357686
1474,2.0147528413480194
1475,1.9610207465318776
1476,2.653440663624719
1477,1.9614734747339637
1478,2.413423253947493
1479,2.466797864816087
1480,2.00994066986246
1481,2.0058845751988867
1482,1.961533775579044
1483,1.961533775579044
1484,1.961533775579044
1485,1.961533775579044
1486,1.961533775579044
1487,4.507727562481788
1488,6.33390720515694
1489,7.149298768499789
1490,6.247194951594939
1491,6.326400697276635
1492,5.324422891178476
1493,6.756146086438163
1494,4.356795455829492
1495,4.976138781984435
1496,6.408942770496329
1497,6.1985433652541975
1498,6.33390720515694
1499,6.33390720515694
1500,6.33390720515694
1501,6.33390720515694
1502,6.33390720515694
1503,3.36655599220941
1504,3.8314039433472113
1505,3.6424877867774925
1506,3.93332971268122
1507,3.8307413721858152
1508,4.743227976176181
1509,3.91105974906516
1510,3.330969331862072
1511,5.0920737835609975
1512,3.4657016163989716
1513,3.8677510346994772
1514,3.8314039433472113
1515,3.8314039433472113
1516,3.8314039433472113
1517,3.8314039433472113
1518,3.8314039433472113
1519,4.783168097238106
1520,3.4079014676400043
1521,3.424866451770828
1522,3.4071446945803756
1523,3.4080122443932113
1524,2.385019817822475
1525,3.406463560406068
1526,3.9420518740214328
1527,2.6843068007217714
1528,3.4170404697234646
1529,3.3265143988696924
1530,3.4079014676400043
1531,3.4079014676400043
1532,3.4079014676400043
1533,3.4079014676400043
1534,3.4079014676400043
1535,2.144632417759988
1536,2.8393512909812615
1537,2.8391822430505167
1538,2.89138432216667
1539,2.8390446048296276
1540,2.4868095002170807
1541,2.8090583707391295
1542,3.2200907366463216
1543,3.3883731935814594
1544,2.9012617365126587
1545,2.7632428207897113
1546,2.8393512909812615
1547,2.8393512909812615
1548,2.8393512909812615
1549,2.8393512909812615
1550,2.8393512909812615
1551,3.365978634628043
1552,4.437517820313566
1553,3.895305652075889
1554,4.4502137903745735
1555,4.438944873400561
1556,5.835758708541297
1557,4.298219628048047
1558,4.2417416742914416
1559,4.120995752962372
1560,3.949158501812268
1561,4.614528833396225
1562,4.437517820313566
1563,4.437517820313566
1564,4.437517820313566
1565,4.437517820313566
1566,4.437517820313566
1567,4.085107659642175
1568,4.715329825104598
1569,4.715759201756508
1570,4.621692999126739
1571,4.717942736198872
1572,2.8962045476451004
1573,4.548073430994369
1574,3.778062859678764
1575,4.446031121770207
1576,3.310533501522339
1577,4.6543157765965235
1578,4.715329825104598
1579,4.715329825104598
1580,4.715329825104598
1581,4.715329825104598
1582,4.715329825104598
1583,1.4296333689085206
1584,2.499145175406374
1585,2.4786906210811943
1586,2.5037924468962363
1587,2.499302156115281
1588,3.37427581055443
1589,2.561411639036156
1590,3.168143098477073
1591,3.1090805403376605
1592,3.6437640129731315
1593,2.521163994186646
1594,2.499145175406374
1595,2.499145175406374
1596,2.499145175406374
1597,2.499145175406374
1598,2.499145175406374
1599,8.017847388901426
1600,3.781313450965493
1601,3.78556178690086
1602,3.847644570297253
1603,3.780054390265233
1604,4.468177497552738
1605,3.4932912263379525
1606,4.301764463611631
1607,3.509611484389458
1608,3.3226485052880492
1609,3.6578006328311856
1610,3.781313450965493
1611,3.781313450965493
1612,3.781313450965493
1613,3.781313450965493
1614,3.781313450965493
1615,3.791132971308557
1616,4.368175533127896
1617,4.354986943352737
1618,4.1769967677006425
1619,4.364965652792719
1620,3.1547727523521782
1621,4.668166065447179
1622,3.702006423864561
1623,3.956685784230242
1624,5.2306348084338214
1625,4.443269341466044
1626,4.368175533127896
1627,4.368175533127896
1628,4.368175533127896
1629,4.368175533127896
1630,4.368175533127896
1631,2.969909408655179
1632,2.359121399088332
1633,2.5353383656310857
1634,2.925585207907963
1635,2.3594928762957332
1636,3.080537609721895
1637,3.135379316538436
1638,1.6620900390252729
1639,2.3004259293774796
1640,2.0807245638467564
1641,2.2985454196347175
1642,2.359121399088332
1643,2.359121399088332
1644,2.359121399088332
1645,2.359121399088332
1646,2.359121399088332
1647,3.8364470541570532
1648,6.683301179465351
1649,6.724903525759897
1650,5.769421715867457
1651,6.684657826610623
1652,5.671090541954988
1653,4.584195383823191
1654,8.232952234053217
1655,6.528315478625277
1656,6.807925322442171
1657,6.933324637678047
1658,6.683301179465351
1659,6.683301179465351
1660,6.683301179465351
1661,6.683301179465351
1662,6.683301179465351
1663,4.717331069555383
1664,4.362556829609412
1665,4.313746938606442
1666,4.212107141081814
1667,4.363691045683268
1668,4.442196401330518
1669,4.590396021687327
1670,4.071976222297739
1671,4.209114996581049
1672,3.4324662074982526
1673,4.389600260261236
1674,4.362556829609412
1675,4.362556829609412
1676,4.362556829609412
1677,4.362556829609412
1678,4.362556829609412
1679,3.319561653518507
1680,3.659141919197164
1681,3.290387987584107
1682,3.530819339492642
1683,3.657197263359578
1684,2.9749866642294442
1685,3.3595848122234466
1686,4.1237440591302885
1687,3.4716122969562244
1688,5.325497440635329
1689,3.6606338020836304
1690,3.659141919197164
1691,3.659141919197164
1692,3.659141919197164
1693,3.659141919197164
1694,3.659141919197164
1695,3.794459202278799
1696,3.5749997211209794
1697,3.5324491131457454
1698,4.2131732995856765
1699,3.5759896926513113
1700,3.3981922368188338
1701,4.129302520115239
1702,2.8012751269359413
1703,3.248937042813986
1704,4.582988608375593
1705,3.3986488384320994
1706,3.5749997211209794
1707,3.5749997211209794
1708,3.5749997211209794
1709,3.5749997211209794
1710,3.5749997211209794
1711,3.687637046624546
1712,3.130478511319998
1713,3.7444606475138307
1714,2.964312105651096
1715,3.129685685077433
1716,3.7099873214530716
1717,2.831996709207297
1718,4.471906081212266
1719,2.7512519798123827
1720,2.2737030575403567
1721,3.290551038939384
1722,3.130478511319998
1723,3.130478511319998
1724,3.130478511319998
1725,3.130478511319998
1726,3.130478511319998
1727,3.232743974248615
1728,1.8739856581468073
1729,1.9732767187633529
1730,1.9485410909579195
1731,1.8741375174526247
1732,2.19126858523541
1733,2.1905255442512583
1734,1.5078233841466357
1735,2.2044094134639254
1736,1.8432925719681945
1737,1.8025461482214329
1738,1.8739856581468073
1739,1.8739856581468073
1740,1.8739856581468073
1741,1.8739856581468073
1742,1.8739856581468073
1743,2.4064752616227576
1744,6.6387828693557225
1745,6.0019952650386825
1746,6.039090944826102
1747,6.648603575715541
1748,6.410217074066411
1749,5.587752030292375
1750,7.451451499397622
1751,6.140653394589384
1752,6.5834321737646935
1753,6.872965204806212
1754,6.6387828693557225
1755,6.6387828693557225
1756,6.6387828693557225
1757,6.6387828693557225
1758,6.6387828693557225
1759,4.976740895193488
1760,5.092911109900924
1761,4.790521732829153
1762,5.136640707947751
1763,5.093379963634523
1764,4.884868022989519
1765,4.023724574633626
1766,4.123446943405046
1767,4.775146050809251
1768,5.481754801737728
1769,5.093980330717956
1770,5.092911109900924
1771,5.092911109900924
1772,5.092911109900924
1773,5.092911109900924
1774,5.092911109900924
1775,3.0267343583215807
1776,2.9678087413032137
1777,3.053337106403627
1778,3.0146938406687736
1779,2.9678830241889425
1780,2.664567691132758
1781,3.55374140948545
1782,3.6467664490740987
1783,3.6939614513920382
1784,2.9691638710801267
1785,2.9609865548580583
1786,2.9678087413032137
1787,2.9678087413032137
1788,2.9678087413032137
1789,2.9678087413032137
1790,2.9678087413032137
1791,5.063716265622311
1792,4.530213116574309
1793,4.513328469998708
1794,4.566280794815377
1795,4.533054354351039
1796,5.451126043194576
1797,4.245602977453946
1798,3.9285559387899944
1799,3.9776074341088687
1800,3.1371642422229424
1801,4.547445829627835
1802,4.530213116574309
1803,4.530213116574309
1804,4.530213116574309
1805,4.530213116574309
1806,4.530213116574309
1807,2.7712149495948815
1808,2.586658707751615
1809,2.3725037487509657
1810,2.7940767542536245
1811,2.58841199780681
1812,2.5116766598392597
1813,2.7774628080670074
1814,3.057187901804501
1815,2.8933035018514883
1816,3.519692636353645
1817,2.5629531598887576
1818,2.586658707751615
1819,2.586658707751615
1820,2.586658707751615
1821,2.586658707751615
1822,2.586658707751615
1823,4.621485707580408
1824,2.5877392893024034
1825,2.657022467166315
1826,2.589429685040131
1827,2.5877386452337823
1828,3.2002504552682898
1829,3.1478833765323686
1830,2.4554795408564334
1831,2.9657679358583247
1832,2.919409070356702
1833,2.7061597110241475
1834,2.5877392893024034
1835,2.5877392893024034
1836,2.5877392893024034
1837,2.5877392893024034
1838,2.5877392893024034
1839,5.272807279268388
1840,5.783932369353036
1841,5.488672189323474
1842,5.0862815434542625
1843,5.786997146102094
1844,4.005977149573247
1845,4.569805019274364
1846,5.4254416642745795
1847,5.230862666174894
1848,5.182287618762505
1849,5.533028369268345
1850,5.783932369353036
1851,5.783932369353036
1852,5.783932369353036
1853,5.783932369353036
1854,5.783932369353036
1855,2.1266662145984743
1856,5.131073129047302
1857,5.120958010029212
1858,5.269493547529612
1859,5.131072785278642
1860,3.5596713848201276
1861,5.141455992076073
1862,4.69684044851725
1863,5.042562648150834
1864,4.733554813549806
1865,5.356723651346525
1866,5.131073129047302
1867,5.131073129047302
1868,5.131073129047302
1869,5.131073129047302
1870,5.131073129047302
1871,3.1162233778787574
1872,3.0409056891054
1873,3.4645697182688364
1874,2.816449686678312
1875,3.0408258135564297
1876,3.8475251894871807
1877,3.0336068735917507
1878,3.422763821083022
1879,2.98222179512172
1880,3.466798266416844
1881,2.916982502092233
1882,3.0409056891054
1883,3.0409056891054
1884,3.0409056891054
1885,3.0409056891054
1886,3.0409056891054
1887,4.505502594100581
1888,4.681331300791338
1889,4.634198476891533
1890,6.593654833938051
1891,4.681887532929628
1892,4.017759819838127
1893,4.863078756185019
1894,4.859014988789447
1895,4.9517617383852635
1896,3.651642890830861
1897,4.64379468177649
1898,4.681331300791338
1899,4.681331300791338
1900,4.681331300791338
1901,4.681331300791338
1902,4.681331300791338
1903,4.469710565673209
1904,2.0884733110542224
1905,2.113942211359598
1906,2.1666510831337003
1907,2.0883225111053934
1908,2.8322185764339385
1909,1.9678362616452603
1910,2.2598186012302692
1911,2.1697704222270646
1912,2.3976423613534634
1913,2.1106804599858955
1914,2.0884733110542224
1915,2.0884733110542224
1916,2.0884733110542224
1917,2.0884733110542224
1918,2.0884733110542224
1919,3.5952783809815543
1920,3.3221659857854138
1921,3.465858247178159
1922,3.3227597282388324
1923,3.3216760433259127
1924,2.8845454132154704
1925,3.925303670443449
1926,2.333948154413239
1927,3.4187982206040033
1928,4.701808560615408
1929,3.3996394062400674
1930,3.3221659857854138
1931,3.3221659857854138
1932,3.3221659857854138
1933,3.3221659857854138
1934,3.3221659857854138
1935,4.071464126206283
1936,5.280331605255701
1937,4.288131183099128
1938,3.9451155673964347
1939,5.27178233730281
1940,5.320398421758767
1941,4.458880093216553
1942,7.429121100792829
1943,5.387382684774158
1944,4.063225450479672
1945,5.158092663180743
1946,5.280331605255701
1947,5.280331605255701
1948,5.280331605255701
1949,5.280331605255701
1950,5.280331605255701
1951,3.798172315563497
1952,4.530361554938772
1953,4.461477846107722
1954,5.742062501225075
1955,4.529817838338341
1956,5.792777376219135
1957,4.068563475013369
1958,4.072205002426723
1959,4.286936426407687
1960,3.386920414058735
1961,4.57869220829664
1962,4.530361554938772
1963,4.530361554938772
1964,4.530361554938772
1965,4.530361554938772
1966,4.530361554938772
1967,3.5999771657613535
1968,2.6377962709690648
1969,2.6987524053120917
1970,2.8349546849884115
1971,2.637074288992181
1972,2.5166147277306385
1973,3.0157345860661313
1974,2.558427723693748
1975,2.55151853420619
1976,3.3875136907895436
1977,2.5821788340087886
1978,2.6377962709690648
1979,2.6377962709690648
1980,2.6377962709690648
1981,2.6377962709690648
1982,2.6377962709690648
1983,3.380298781869233
1984,5.276975254142779
1985,5.255250672790101
1986,5.3040600541859
1987,5.276459169903454
1988,5.630170577539999
1989,5.63472974062788
1990,3.4586292516062804
1991,4.631109326353992
1992,5.293164564127075
1993,5.370356728881637
1994,5.276975254142779
1995,5.276975254142779
1996,5.276975254142779
1997,5.276975254142779
1998,5.276975254142779
1999,3.5356107492007354
2000,1.7271053654417727
2001,1.7179412523647588
2002,1.9145215977954122
2003,1.7272763479165696
2004,1.9120879076202004
2005,1.6173676540508988
2006,2.560498609818661
2007,1.913602653696871
2008,1.69090085767181
2009,1.6979609628670371
2010,1.7271053654417727
2011,1.7271053654417727
2012,1.7271053654417727
2013,1.7271053654417727
2014,1.7271053654417727
2015,3.0732794690573826
2016,4.028597674827935
2017,3.730861068356034
2018,4.015912723033377
2019,4.025463147405574
2020,4.114434722311897
2021,4.248581510720379
2022,4.362755062432014
2023,4.607487030452341
2024,4.0136661533663895
2025,4.22510841776275
2026,4.028597674827935
2027,4.028597674827935
2028,4.028597674827935
2029,4.028597674827935
2030,4.028597674827935
2031,5.163773831860417
2032,2.9504920531659633
2033,3.712689291286494
2034,2.8898518918866816
2035,2.9520954737143374
2036,2.549948286683021
2037,2.8919115710628907
2038,3.0532736948560455
2039,2.652400760665557
2040,3.226756938079792
2041,2.85165329393628
2042,2.9504920531659633
2043,2.9504920531659633
2044,2.9504920531659633
2045,2.9504920531659633
2046,2.9504920531659633
2047,2.7262016031368
2048,5.55426461975313
2049,5.54741931584889
2050,5.4758814743164255
2051,5.5545564725344905
2052,4.665088869211064
2053,6.006156984002461
2054,7.7169984761022805
2055,3.8707365860008967
2056,6.124715030813158
2057,5.5561674558601135
2058,5.55426461975313
2059,5.55426461975313
2060,5.55426461975313
2061,5.55426461975313
2062,5.55426461975313
2063,5.352888193734638
2064,3.5314097173266914
2065,3.415561631488998
2066,3.419121087552125
2067,3.5321779737218586
2068,3.738956785521816
2069,3.17746214970884
2070,2.2014894461452488
2071,4.270253935681948
2072,3.383326712912402
2073,3.5517021751323856
2074,3.5314097173266914
2075,3.5314097173266914
2076,3.5314097173266914
2077,3.5314097173266914
2078,3.5314097173266914
2079,2.3120408883773105
2080,2.986423687444092
2081,2.9574987320286406
2082,3.155031120527603
2083,2.9875831611585477
2084,2.2069288556480116
2085,3.1332692924449685
2086,2.9064395802236196
2087,2.2462275790279405
2088,3.1893208930746173
2089,3.0928921169750807
2090,2.986423687444092
2091,2.986423687444092
2092,2.986423687444092
2093,2.986423687444092
2094,2.986423687444092
2095,2.014133548853269
2096,4.872219552873992
2097,4.753087045396094
2098,4.657494248858925
2099,4.878761147772793
2100,7.314376318501773
2101,4.032258676178979
2102,4.896771678544373
2103,5.955054048771373
2104,3.8872073940152068
2105,4.702150740471396
2106,4.872219552873992
2107,4.872219552873992
2108,4.872219552873992
2109,4.872219552873992
2110,4.872219552873992
2111,5.378260029571397
2112,1.9932624788824613
2113,1.9951624041484897
2114,2.2453837758496937
2115,1.9929924024834111
2116,2.9778185177156606
2117,1.7013771868712286
2118,3.055936060719822
2119,1.825234151897006
2120,2.7979589145749206
2121,2.0943948902186023
2122,1.9932624788824613
2123,1.9932624788824613
2124,1.9932624788824613
2125,1.9932624788824613
2126,1.9932624788824613
2127,5.833080787355664
2128,5.094958580082014
2129,4.917411943528124
2130,4.441487891284461
2131,5.090310099400489
2132,3.8951654630726673
2133,6.064554572246731
2134,3.821571104068069
2135,6.070032271736079
2136,3.3032316784820948
2137,4.81435164057801
2138,5.094958580082014
2139,5.094958580082014
2140,5.094958580082014
2141,5.094958580082014
2142,5.094958580082014
2143,2.1663270433924167
2144,3.928899794747373
2145,3.9626665273751143
2146,4.099034310257025
2147,3.928786297665284
2148,4.81319713661732
2149,4.409785877986988
2150,4.000860691097253
2151,2.9838383929836203
2152,3.6931320511525305
2153,3.921737425107577
2154,3.928899794747373
2155,3.928899794747373
2156,3.928899794747373
2157,3.928899794747373
2158,3.928899794747373
2159,4.270582820556013
2160,3.1835038215326716
2161,3.168585784210001
2162,3.1718720352796237
2163,3.1831190534277116
2164,2.3234544518534
2165,2.7843805514431654
2166,3.035514997284305
2167,5.28643786210456
2168,3.483686272364093
2169,3.1842674786607583
2170,3.1835038215326716
2171,3.1835038215326716
2172,3.1835038215326716
2173,3.1835038215326716
2174,3.1835038215326716
2175,3.5003373420325192
2176,2.928289367480364
2177,3.000320706329137
2178,3.299750056080651
2179,2.928530163477021
2180,3.253201014830431
2181,2.9133833945426826
2182,3.0879699268511356
2183,2.787418242586921
2184,2.8061432669213797
2185,3.0534961705409267
2186,2.928289367480364
2187,2.928289367480364
2188,2.928289367480364
2189,2.928289367480364
2190,2.928289367480364
2191,4.236653197672092
2192,4.654585424117003
2193,3.970871618293163
2194,3.350234408029351
2195,4.653715309892333
2196,4.854042697165378
2197,4.706600030794332
2198,3.9943993296288536
2199,5.719150658344223
2200,4.85520051383985
2201,4.539992642825268
2202,4.654585424117003
2203,4.654585424117003
2204,4.654585424117003
2205,4.654585424117003
2206,4.654585424117003
2207,3.6819907703846195
2208,7.516026982837437
2209,7.442703797055582
2210,8.081464748277213
2211,7.516766441303232
2212,6.08118415288398
2213,7.204702334413487
2214,7.793702568412824
2215,5.202420534446015
2216,7.973545318139801
2217,7.68452683176915
2218,7.516026982837437
2219,7.516026982837437
2220,7.516026982837437
2221,7.516026982837437
2222,7.516026982837437
2223,4.582571793946303
2224,1.7568922615762228
2225,2.0913104499612603
2226,1.7546272139145564
2227,1.7562656296110206
2228,1.9993167441355282
2229,1.832298887341271
2230,1.7037636114769026
2231,2.6218501804851275
2232,1.815583038064092
2233,1.7068896078840239
2234,1.7568922615762228
2235,1.7568922615762228
2236,1.7568922615762228
2237,1.7568922615762228
2238,1.7568922615762228
2239,3.3199279461573274
2240,3.7765105745779843
2241,3.7476282499463074
2242,3.6384102461105283
2243,3.778730994855217
2244,3.680583958746547
2245,4.713256911100243
2246,4.702421594153852
2247,2.661215789947937
2248,3.1001945022855635
2249,3.789448478125634
2250,3.7765105745779843
2251,3.7765105745779843
2252,3.7765105745779843
2253,3.7765105745779843
2254,3.7765105745779843
2255,3.322148131664649
2256,3.5835550119713937
2257,3.4979187425967764
2258,3.5857890719190566
2259,3.5845262272585416
2260,3.334639649539341
2261,2.8851281654671355
2262,3.28623214215987
2263,4.270283661011024
2264,5.020164800948907
2265,3.531101202654932
2266,3.5835550119713937
2267,3.5835550119713937
2268,3.5835550119713937
2269,3.5835550119713937
2270,3.5835550119713937
2271,3.963462257497877
2272,2.9314835584989662
2273,2.8448471705461573
2274,2.9310877169924003
2275,2.9325326651475367
2276,3.111601008885403
2277,2.8001951497208952
2278,2.908624056027738
2279,2.1677208022483483
2280,3.8735246241700994
2281,3.0263049936351933
2282,2.9314835584989662
2283,2.9314835584989662
2284,2.9314835584989662
2285,2.9314835584989662
2286,2.9314835584989662
2287,2.9437972123175706
2288,3.595590699243071
2289,3.747496333996463
2290,3.629292700661106
2291,3.5966926247204363
2292,3.968075717698821
2293,3.783583463368161
2294,3.7261898464750702
2295,4.381664452718784
2296,2.5919380364668365
2297,3.4940072827214697
2298,3.595590699243071
2299,3.595590699243071
2300,3.595590699243071
2301,3.595590699243071
2302,3.595590699243071
2303,3.894503391136168
2304,2.595441347189769
2305,2.6011197033199327
2306,2.598451517683246
2307,2.596168212651683
2308,2.892902561083375
2309,2.22675116444542
2310,3.132469247733492
2311,3.354151913757889
2312,3.1725223457248095
2313,2.501486595695893
2314,2.595441347189769
2315,2.595441347189769
2316,2.595441347189769
2317,2.595441347189769
2318,2.595441347189769
2319,4.5158197921433665
2320,6.7412140579557835
2321,6.050556196481535
2322,6.198393847463843
2323,6.748226557350406
2324,5.361233353913126
2325,7.914912526687048
2326,5.8519288437660615
2327,5.058903772053528
2328,5.63085826139473
2329,7.033690613341701
2330,6.7412140579557835
2331,6.7412140579557835
2332,6.7412140579557835
2333,6.7412140579557835
2334,6.7412140579557835
2335,2.997294416984698
2336,2.190012101326512
2337,2.258412498967088
2338,2.1892029017398804
2339,2.1901661180146283
2340,3.331716984775514
2341,2.7038149224934678
2342,2.8910637618030344
2343,2.919502729723572
2344,2.29067958730936
2345,2.148921263852647
2346,2.190012101326512
2347,2.190012101326512
2348,2.190012101326512
2349,2.190012101326512
2350,2.190012101326512
2351,7.983946728788735
2352,4.712318321684109
2353,4.671379600937886
2354,5.059674534277312
2355,4.712025519929902
2356,3.484605385995761
2357,3.9194539887266244
2358,3.971680103502563
2359,3.7082242589126877
2360,3.933949089601696
2361,4.772968130526836
2362,4.712318321684109
2363,4.712318321684109
2364,4.712318321684109
2365,4.712318321684109
2366,4.712318321684109
2367,1.676312313251302
2368,3.8281143962872335
2369,3.8410007852332426
2370,4.144226106174241
2371,3.8285707843569394
2372,3.2135776969400647
2373,4.199675263817023
2374,4.098324911235861
2375,4.233043558759883
2376,3.2912662498316436
2377,3.7497303325915765
2378,3.8281143962872335
2379,3.8281143962872335
2380,3.8281143962872335
2381,3.8281143962872335
2382,3.8281143962872335
2383,3.725194089848994
2384,3.149907937669538
2385,3.263985516366665
2386,2.962699159134827
2387,3.1496299934654695
2388,4.243488272236238
2389,2.886097834083794
2390,2.794365361031521
2391,2.751765514760011
2392,3.3327049508975786
2393,3.1991719360029633
2394,3.149907937669538
2395,3.149907937669538
2396,3.149907937669538
2397,3.149907937669538
2398,3.149907937669538
2399,3.0979440298257392
2400,2.273820078311335
2401,2.1694829522472365
2402,2.3678705942214884
2403,2.2766581446575826
2404,1.8341135406826323
2405,2.357528709580134
2406,2.9737385233818774
2407,3.4991242770108233
2408,3.186890812118242
2409,2.2269142493589906
2410,2.273820078311335
2411,2.273820078311335
2412,2.273820078311335
2413,2.273820078311335
2414,2.273820078311335
2415,5.050459869844735
2416,7.118555843853409
2417,7.3113287665035
2418,5.934165816462067
2419,7.1171017750937144
2420,7.832796323535171
2421,6.5487977008238945
2422,5.327092510355631
2423,5.096523593565518
2424,5.014363117769703
2425,7.347704859283876
2426,7.118555843853409
2427,7.118555843853409
2428,7.118555843853409
2429,7.118555843853409
2430,7.118555843853409
2431,2.4175349919300326
2432,2.7684997200915777
2433,2.7549783115336264
2434,2.8856863195588294
2435,2.7668030174914473
2436,2.5667317821059092
2437,3.3288365527791393
2438,2.467183609770842
2439,3.16222118061703
2440,2.821264834539303
2441,2.786840484529463
2442,2.7684997200915777
2443,2.7684997200915777
2444,2.7684997200915777
2445,2.7684997200915777
2446,2.7684997200915777
2447,4.85867409375051
2448,3.5473150653564347
2449,3.241158572987983
2450,3.364053998689509
2451,3.543267602075255
2452,4.163427465240031
2453,2.770787878912661
2454,4.308289096256508
2455,3.2159460581000823
2456,3.3507322534722332
2457,3.5072666341964567
2458,3.5473150653564347
2459,3.5473150653564347
2460,3.5473150653564347
2461,3.5473150653564347
2462,3.5473150653564347
2463,3.2883155844715843
2464,2.2279720822126805
2465,2.1876921236330897
2466,2.4132952907588434
2467,2.227964325243639
2468,2.187110602614412
2469,2.021902069246375
2470,2.992869564482123
2471,3.115961363800876
2472,2.2961554883657107
2473,2.125963495113978
2474,2.2279720822126805
2475,2.2279720822126805
2476,2.2279720822126805
2477,2.2279720822126805
2478,2.2279720822126805
2479,3.6663786600353467
2480,6.106488553889026
2481,6.650100037895766
2482,5.809893446726366
2483,6.106394990261614
2484,5.442720070892954
2485,7.180669164615884
2486,4.590849102975195
2487,3.9959601767106188
2488,6.35184980494663
2489,6.368153072664098
2490,6.106488553889026
2491,6.106488553889026
2492,6.106488553889026
2493,6.106488553889026
2494,6.106488553889026
2495,3.2454621879917007
2496,3.6490613194981067
2497,3.65886094115062
2498,3.6671547087122494
2499,3.64892734316595
2500,3.2354614126268837
2501,3.696075187048547
2502,3.290904917974241
2503,4.6314270835606814
2504,5.046983919414005
2505,3.51369848178922
2506,3.6490613194981067
2507,3.6490613194981067
2508,3.6490613194981067
2509,3.6490613194981067
2510,3.6490613194981067
2511,5.023014882186388
2512,4.687592396462393
2513,4.49874829745418
2514,4.128749377084321
2515,4.690699727013234
2516,4.645467297606802
2517,4.8366855895812275
2518,4.9202047205030235
2519,3.5405434465194747
2520,3.682340046855228
2521,4.907911953571855
2522,4.687592396462393
2523,4.687592396462393
2524,4.687592396462393
2525,4.687592396462393
2526,4.687592396462393
2527,2.7366188845042334
2528,4.713779619283898
2529,4.419686430205115
2530,4.7072118139072545
2531,4.70848557365749
2532,4.963539843200922
2533,4.949191372378641
2534,5.608169458209617
2535,6.313762839558513
2536,3.3371557934655836
2537,4.695366413905982
2538,4.713779619283898
2539,4.713779619283898
2540,4.713779619283898
2541,4.713779619283898
2542,4.713779619283898
2543,5.504996565260678
2544,2.6127110554771313
2545,2.831389754487873
2546,2.628689517064878
2547,2.6126410218490053
2548,2.7882942316002226
2549,2.582589829130825
2550,2.000400471840835
2551,2.027808653527291
2552,3.4233329801911787
2553,2.626953781791096
2554,2.6127110554771313
2555,2.6127110554771313
2556,2.6127110554771313
2557,2.6127110554771313
2558,2.6127110554771313
2559,2.4728698324493292
2560,3.298594968220049
2561,3.33065015948395
2562,3.3229447454633507
2563,3.297882446352486
2564,3.1302889484695258
2565,3.318391663187433
2566,2.375978484690636
2567,2.8781737233021505
2568,2.777208345817261
2569,3.484499810512921
2570,3.298594968220049
2571,3.298594968220049
2572,3.298594968220049
2573,3.298594968220049
2574,3.298594968220049
2575,1.7757220745181974
2576,6.6859966275829885
2577,4.703796986539433
2578,4.968206429536326
2579,6.669419126184549
2580,6.034224953816316
2581,6.284977173183597
2582,8.612890948679496
2583,7.276883591796343
2584,8.020043997075414
2585,6.309614314825127
2586,6.6859966275829885
2587,6.6859966275829885
2588,6.6859966275829885
2589,6.6859966275829885
2590,6.6859966275829885
2591,5.69634388979382
2592,2.320618672514648
2593,2.3435785517995416
2594,2.3334297185472073
2595,2.3206766239546455
2596,2.0369237445385795
2597,2.279780306129437
2598,2.9348562052089453
2599,2.344284619695132
2600,2.139989851547229
2601,2.3155872587780446
2602,2.320618672514648
2603,2.320618672514648
2604,2.320618672514648
2605,2.320618672514648
2606,2.320618672514648
2607,2.4054406080453754
2608,4.8950595082968595
2609,5.343689638542183
2610,5.0306145281341745
2611,4.895402835917467
2612,5.908854430497566
2613,4.927815496960591
2614,4.484885555623801
2615,3.8205541228469158
2616,5.867780131873487
2617,4.871432020827998
2618,4.8950595082968595
2619,4.8950595082968595
2620,4.8950595082968595
2621,4.8950595082968595
2622,4.8950595082968595
2623,5.8108476464249925
2624,4.869892866420858
2625,5.206713846231154
2626,5.784840543416928
2627,4.8693782436533075
2628,5.287804195928964
2629,3.6982643215782005
2630,3.8420108969999065
2631,5.165051422343866
2632,3.4717520636633155
2633,4.8851661366779195
2634,4.869892866420858
2635,4.869892866420858
2636,4.869892866420858
2637,4.869892866420858
2638,4.869892866420858
2639,3.325642416009018
2640,2.3095914569179006
2641,2.2929310724858976
2642,2.367855160353662
2643,2.3103381205221005
2644,2.317910378855329
2645,3.1619713261782505
2646,2.8202513068463095
2647,2.463700219020826
2648,3.707707259361041
2649,2.3077053147604527
2650,2.3095914569179006
2651,2.3095914569179006
2652,2.3095914569179006
2653,2.3095914569179006
2654,2.3095914569179006
2655,6.1527863904162805
2656,2.9460397294693723
2657,2.8843567612965226
2658,3.162118250632311
2659,2.9446045661601605
2660,2.6361036166915626
2661,3.0804971717203493
2662,2.9840413007809365
2663,3.101102059369966
2664,3.449650117814588
2665,3.0728281340320533
2666,2.9460397294693723
2667,2.9460397294693723
2668,2.9460397294693723
2669,2.9460397294693723
2670,2.9460397294693723
2671,3.589013889748559
2672,5.251016469218779
2673,5.858010219664761
2674,4.891180465947033
2675,5.252875934501389
2676,5.040920406735447
2677,4.73496934646704
2678,4.630348912459899
2679,5.676656710743079
2680,4.271382653417611
2681,5.068111059983313
2682,5.251016469218779
2683,5.251016469218779
2684,5.251016469218779
2685,5.251016469218779
2686,5.251016469218779
2687,3.3152521305195624
2688,3.2324756882944707
2689,3.236365285292411
2690,3.4250669443103865
2691,3.233402077920958
2692,5.109912310468669
2693,2.983968635426942
2694,2.6737060295128625
2695,3.4486434552016796
2696,3.1703933540920928
2697,3.248836116329652
2698,3.2324756882944707
2699,3.2324756882944707
2700,3.2324756882944707
2701,3.2324756882944707
2702,3.2324756882944707
2703,4.209489412371862
2704,3.208065943107484
2705,3.1774770375045946
2706,2.9768531178186226
2707,3.213160393187697
2708,2.2608512939810925
2709,3.7191505686665964
2710,4.142633698322887
2711,3.4557617183235396
2712,3.4932461714393512
2713,3.176072287561378
2714,3.208065943107484
2715,3.208065943107484
2716,3.208065943107484
2717,3.208065943107484
2718,3.208065943107484
2719,3.5405092349604486
2720,2.5044326015023572
2721,2.4813648270556503
2722,2.6152765973286987
2723,2.50456882420429
2724,2.8571712415703625
2725,2.3605874446814177
2726,2.2294750230022102
2727,2.6454563563412563
2728,2.4278016098522466
2729,2.575911690957999
2730,2.5044326015023572
2731,2.5044326015023572
2732,2.5044326015023572
2733,2.5044326015023572
2734,2.5044326015023572
2735,2.5814533941294435
2736,5.000281362528293
2737,4.9955217845043265
2738,4.447429294988952
2739,5.00221924838422
2740,3.886963766294488
2741,5.390609830224535
2742,6.082057557277475
2743,5.444909724272361
2744,4.606915073429707
2745,4.842437084112817
2746,5.000281362528293
2747,5.000281362528293
2748,5.000281362528293
2749,5.000281362528293
2750,5.000281362528293
2751,4.353912365493087
2752,3.985469588938278
2753,3.981278645949982
2754,3.9983941724951486
2755,3.986465323436431
2756,3.1283399795145375
2757,4.803549492426565
2758,3.082715369996609
2759,3.3502997095484486
2760,4.825778152638686
2761,4.118142613085648
2762,3.985469588938278
2763,3.985469588938278
2764,3.985469588938278
2765,3.985469588938278
2766,3.985469588938278
2767,3.0839571549614013
2768,4.244560729850299
2769,4.321469261344316
2770,3.9672178265361357
2771,4.240556019470928
2772,4.750806065049491
2773,3.2820205907323485
2774,5.7761383097472665
2775,4.394864306443135
2776,3.181641834116887
2777,4.152662277727694
2778,4.244560729850299
2779,4.244560729850299
2780,4.244560729850299
2781,4.244560729850299
2782,4.244560729850299
2783,3.685905711801861
2784,4.00852779605325
2785,4.0124064214703195
2786,4.009358425127717
2787,4.011023268177417
2788,3.1894519942513493
2789,3.4696760853412147
2790,3.3709607421234877
2791,4.36816639505062
2792,3.320252544432816
2793,4.075524519662302
2794,4.00852779605325
2795,4.00852779605325
2796,4.00852779605325
2797,4.00852779605325
2798,4.00852779605325
2799,2.1389788804246797
2800,3.1231779929030874
2801,3.123664946928021
2802,3.1898351771025655
2803,3.1236989966331556
2804,4.3766490699350955
2805,3.590778812219857
2806,3.230896351043868
2807,2.6894079433891447
2808,3.8513872801346403
2809,3.0578195610886136
2810,3.1231779929030874
2811,3.1231779929030874
2812,3.1231779929030874
2813,3.1231779929030874
2814,3.1231779929030874
2815,5.7774885671947915
2816,4.879673267796173
2817,4.988476365141829
2818,4.747245013782821
2819,4.879164671898879
2820,4.102095515398911
2821,4.0499328542202235
2822,4.546403186734595
2823,5.888728632801252
2824,4.461351472467859
2825,4.814809170358907
2826,4.879673267796173
2827,4.879673267796173
2828,4.879673267796173
2829,4.879673267796173
2830,4.879673267796173
2831,3.4300729969750425
2832,3.1363028323381053
2833,2.8785665055893475
2834,3.1161570577713293
2835,3.1371794142407983
2836,3.4063098929160645
2837,3.9272702094060965
2838,3.1494972578511957
2839,2.810260849623232
2840,3.388152880711122
2841,3.165816196179988
2842,3.1363028323381053
2843,3.1363028323381053
2844,3.1363028323381053
2845,3.1363028323381053
2846,3.1363028323381053
2847,3.69186407703161
2848,5.195304532767496
2849,5.181849416037896
2850,5.284528672278365
2851,5.195167772372665
2852,5.918978015183383
2853,5.531802405472052
2854,4.616559637819152
2855,4.182258213284666
2856,4.701632162143409
2857,5.117290575953579
2858,5.195304532767496
2859,5.195304532767496
2860,5.195304532767496
2861,5.195304532767496
2862,5.195304532767496
2863,4.082978588050733
2864,2.5376847974845376
2865,2.6274623975171103
2866,2.5444565789660527
2867,2.5358829071645195
2868,2.564764599952966
2869,2.368429713849778
2870,2.7508252394718666
2871,2.76099715471872
2872,3.0568130677832124
2873,2.5939668877544477
2874,2.5376847974845376
2875,2.5376847974845376
2876,2.5376847974845376
2877,2.5376847974845376
2878,2.5376847974845376
2879,3.597971920363784
2880,2.757912941474787
2881,2.821818828187908
2882,3.3349968524346933
2883,2.757504729107089
2884,2.8325216578046426
2885,2.6089231895941323
2886,2.9279863592440853
2887,2.7842118390376793
2888,3.3542145152869134
2889,2.6680206263359647
2890,2.757912941474787
2891,2.757912941474787
2892,2.757912941474787
2893,2.757912941474787
2894,2.757912941474787
2895,4.434990361890895
2896,4.05160731619579
2897,3.769817094312278
2898,3.302704990099605
2899,4.052757300066461
2900,4.592039311928938
2901,4.316772822896854
2902,4.119474768528596
2903,3.9856444102461825
2904,3.7321984656176266
2905,4.2221960572939565
2906,4.05160731619579
2907,4.05160731619579
2908,4.05160731619579
2909,4.05160731619579
2910,4.05160731619579
2911,3.7863240560972495
2912,4.176730088759666
2913,4.142289302576045
2914,4.46379157477188
2915,4.176939087974477
2916,3.900545285372811
2917,4.1223865986057495
2918,3.698768345045083
2919,4.09286127696951
2920,2.7149575188228674
2921,4.084902352088842
2922,4.176730088759666
2923,4.176730088759666
2924,4.176730088759666
2925,4.176730088759666
2926,4.176730088759666
2927,2.0981788326173065
2928,2.9724383787259177
2929,3.537409554339681
2930,2.9080761840542584
2931,2.9729275828963697
2932,2.863439922167512
2933,2.9646233570353293
2934,3.6352653960835974
2935,3.003283080703202
2936,4.551645525383161
2937,2.999214734753708
2938,2.9724383787259177
2939,2.9724383787259177
2940,2.9724383787259177
2941,2.9724383787259177
2942,2.9724383787259177
2943,5.764572965596221
2944,3.4409201836409906
2945,3.43992748707023
2946,3.6551850722401458
2947,3.440929962826121
2948,2.4880216600385654
2949,3.8454318859468697
2950,3.3965008371400915
2951,3.4946416877972304
2952,3.7397441367941417
2953,3.296145517270201
2954,3.4409201836409906
2955,3.4409201836409906
2956,3.4409201836409906
2957,3.4409201836409906
2958,3.4409201836409906
2959,3.2177057266877855
2960,3.5405478324655477
2961,3.29047227472293
2962,3.037937258542063
2963,3.5408101797838505
2964,5.429982716652135
2965,3.0527914636768907
2966,3.3641634642249887
2967,3.500663484764548
2968,3.414759129156819
2969,3.7364867561348456
2970,3.5405478324655477
2971,3.5405478324655477
2972,3.5405478324655477
2973,3.5405478324655477
2974,3.5405478324655477
2975,3.909086261305331
2976,6.589789561598973
2977,6.6118181728550205
2978,6.863484492819273
2979,6.590194347725707
2980,5.337061913881351
2981,5.942975833571757
2982,4.252394988893367
2983,6.509840542108358
2984,6.049439476451315
2985,6.539293207754738
2986,6.589789561598973
2987,6.589789561598973
2988,6.589789561598973
2989,6.589789561598973
2990,6.589789561598973
2991,2.877997069107154
2992,1.9233506298376417
2993,1.9153011862048437
2994,1.926535832597637
2995,1.9234523856658852
2996,2.123342081256299
2997,2.2930428022388676
2998,2.710992753702554
2999,1.9519009266565388
3000,1.8716486860418344
3001,1.9445064790814928
3002,1.9233506298376417
3003,1.9233506298376417
3004,1.9233506298376417
3005,1.9233506298376417
3006,1.9233506298376417
3007,3.5282227624030154
3008,3.501924186115775
3009,3.5224532337333354
3010,3.459666068891009
3011,3.500425937843464
3012,4.472405057153897
3013,3.4840373727906573
3014,3.475357136613539
3015,4.009547767318346
3016,2.6697692822813166
3017,3.521198384655952
3018,3.501924186115775
3019,3.501924186115775
3020,3.501924186115775
3021,3.501924186115775
3022,3.501924186115775
3023,3.8212652492774803
3024,3.9977256900717992
3025,4.820811164685559
3026,3.9497001104887723
3027,3.9967750528094266
3028,2.814741517231094
3029,4.232174543701055
3030,4.241598529111638
3031,3.440279773841848
3032,4.9278870853095285
3033,3.9747099957394396
3034,3.9977256900717992
3035,3.9977256900717992
3036,3.9977256900717992
3037,3.9977256900717992
3038,3.9977256900717992
3039,3.8870973787602034
3040,4.930862415524401
3041,4.5277208757977085
3042,4.715882984300523
3043,4.927128216613558
3044,7.729311558884993
3045,4.538927452398933
3046,3.5149064662275906
3047,4.401322108826724
3048,6.141298651473411
3049,4.670211483070501
3050,4.930862415524401
3051,4.930862415524401
3052,4.930862415524401
3053,4.930862415524401
3054,4.930862415524401
3055,4.90798639796145
3056,2.2201931931438863
3057,2.351111522041794
3058,2.176698405079557
3059,2.2197869108128305
3060,1.6674043288196192
3061,2.381872374024093
3062,3.2839023775029634
3063,2.61336837450402
3064,1.8015476190068997
3065,2.3152625693932376
3066,2.2201931931438863
3067,2.2201931931438863
3068,2.2201931931438863
3069,2.2201931931438863
3070,2.2201931931438863
3071,2.7094249722229824
3072,2.145525061841553
3073,2.1673496653328
3074,2.1202803426711005
3075,2.1454635921688254
3076,2.031698869988594
3077,2.2173449474716938
3078,2.2501320144395898
3079,2.981321103537979
3080,1.967144473252009
3081,2.1716488643532816
3082,2.145525061841553
3083,2.145525061841553
3084,2.145525061841553
3085,2.145525061841553
3086,2.145525061841553
3087,2.927442353725324
3088,5.986059952571632
3089,4.653227671439749
3090,4.645020647770944
3091,5.990504948373707
3092,7.044368916954851
3093,5.562873008566332
3094,6.444322368714345
3095,4.973607886111479
3096,7.1354970426000275
3097,5.901646126983003
3098,5.986059952571632
3099,5.986059952571632
3100,5.986059952571632
3101,5.986059952571632
3102,5.986059952571632
3103,4.970016921122951
3104,3.534048057725035
3105,3.5507260885618313
3106,3.9590742063442472
3107,3.533263089723829
3108,3.705882366457614
3109,2.9168754880386234
3110,2.5667927305662537
3111,4.751438178284579
3112,4.96048184046704
3113,3.5204306221417863
3114,3.534048057725035
3115,3.534048057725035
3116,3.534048057725035
3117,3.534048057725035
3118,3.534048057725035
3119,4.138247958484386
3120,3.645323669603299
3121,4.080078386304981
3122,3.7404362180032558
3123,3.6446108150038685
3124,3.100218956909001
3125,4.602476856986442
3126,5.176910355560467
3127,2.9559427165446133
3128,2.5015019902205955
3129,3.713363926770413
3130,3.645323669603299
3131,3.645323669603299
3132,3.645323669603299
3133,3.645323669603299
3134,3.645323669603299
3135,3.282414383598897
3136,3.2100896002819055
3137,3.07082995453638
3138,3.2033242142710283
3139,3.212190628722101
3140,2.7975238776992537
3141,3.211035446799511
3142,3.120769380791416
3143,3.377785867817321
3144,3.4767075718700235
3145,3.2171196307920757
3146,3.2100896002819055
3147,3.2100896002819055
3148,3.2100896002819055
3149,3.2100896002819055
3150,3.2100896002819055
3151,3.158333518342982
3152,6.056302380322893
3153,5.554437687743466
3154,7.135763137967897
3155,6.056805885956689
3156,6.2355751210992985
3157,5.494327475116467
3158,5.559959369298299
3159,4.93846970869826
3160,4.914400784313844
3161,5.994307354509293
3162,6.056302380322893
3163,6.056302380322893
3164,6.056302380322893
3165,6.056302380322893
3166,6.056302380322893
3167,3.4359579838594385
3168,4.8272071712982045
3169,4.624733326946238
3170,4.860260528868381
3171,4.828044481019186
3172,4.945481006104621
3173,4.801522606331116
3174,3.3073550371255336
3175,6.605821736881153
3176,5.737219849537578
3177,4.87996156804684
3178,4.8272071712982045
3179,4.8272071712982045
3180,4.8272071712982045
3181,4.8272071712982045
3182,4.8272071712982045
3183,5.335603925683014
3184,2.7802869213871513
3185,2.989757547001564
3186,2.528668985301045
3187,2.780766628146371
3188,3.1470883848852744
3189,2.737570884381708
3190,4.115010155092101
3191,1.7464343663763218
3192,2.5998212957728346
3193,2.7424628926943257
3194,2.7802869213871513
3195,2.7802869213871513
3196,2.7802869213871513
3197,2.7802869213871513
3198,2.7802869213871513
3199,2.4962994349716103
3200,2.014204819683019
3201,2.0112061435154516
3202,1.9779059067249294
3203,2.014353078153601
3204,2.2871348785908814
3205,1.9281940512646871
3206,2.258789112337725
3207,2.174143150014998
3208,2.4957937981220275
3209,1.9919311477647805
3210,2.014204819683019
3211,2.014204819683019
3212,2.014204819683019
3213,2.014204819683019
3214,2.014204819683019
3215,3.064067240326777
3216,6.8606023466984105
3217,7.283621673532395
3218,9.544302752038117
3219,6.861054675489568
3220,5.457761796166256
3221,8.065306577939985
3222,6.967255702092495
3223,5.6531464944865535
3224,4.814600865751692
3225,6.984388197269901
3226,6.8606023466984105
3227,6.8606023466984105
3228,6.8606023466984105
3229,6.8606023466984105
3230,6.8606023466984105
3231,6.144747781555454
3232,2.476140333405983
3233,2.486703275430981
3234,2.4681016425710727
3235,2.4763022778170134
3236,3.9827031866386684
3237,2.821468420247414
3238,2.1188662020476627
3239,3.4189700970961665
3240,1.8602818408978692
3241,2.56749675865063
3242,2.476140333405983
3243,2.476140333405983
3244,2.476140333405983
3245,2.476140333405983
3246,2.476140333405983
3247,4.213480655267944
3248,4.476615363103877
3249,4.530849994602702
3250,4.387223866678504
3251,4.480062778305058
3252,3.0900022758168912
3253,3.7932230966284446
3254,5.086898564532902
3255,2.8898288417894604
3256,6.381975924183872
3257,4.3049560726752585
3258,4.476615363103877
3259,4.476615363103877
3260,4.476615363103877
3261,4.476615363103877
3262,4.476615363103877
3263,2.606022613537972
3264,2.851535829539162
3265,2.839215551129688
3266,2.860743026756154
3267,2.852258447013838
3268,2.3416058467362157
3269,2.466344284795736
3270,2.5548845301016496
3271,3.768260909349304
3272,3.0578693324087673
3273,2.915597118324763
3274,2.851535829539162
3275,2.851535829539162
3276,2.851535829539162
3277,2.851535829539162
3278,2.851535829539162
3279,2.611939638123004
3280,4.515422615790201
3281,4.456681976618818
3282,3.912386402789208
3283,4.512179265678892
3284,6.299614057440243
3285,5.167138204651933
3286,4.348480246065231
3287,3.533265696574329
3288,4.242760198652879
3289,4.383892219386075
3290,4.515422615790201
3291,4.515422615790201
3292,4.515422615790201
3293,4.515422615790201
3294,4.515422615790201
3295,4.144104790266557
3296,3.209199422272413
3297,3.168414366448991
3298,3.6605186541185057
3299,3.2085540485835278
3300,2.4927190244972515
3301,3.0335658479946495
3302,2.909565039215472
3303,4.66728438444658
3304,2.9881633229561766
3305,3.1747868440664244
3306,3.209199422272413
3307,3.209199422272413
3308,3.209199422272413
3309,3.209199422272413
3310,3.209199422272413
3311,3.0536552025377883
3312,4.0530437164939
3313,4.04082643784882
3314,4.123932528672225
3315,4.05246175474392
3316,4.66037574899475
3317,4.566674948546422
3318,4.379638942035359
3319,3.517838314784983
3320,3.974193798581742
3321,4.10096665282243
3322,4.0530437164939
3323,4.0530437164939
3324,4.0530437164939
3325,4.0530437164939
3326,4.0530437164939
3327,4.89147522391905
3328,4.303526448560311
3329,4.35018944970371
3330,4.0361544659682105
3331,4.301539288935937
3332,4.751721056103938
3333,4.301767985138527
3334,3.1998804991752503
3335,3.4225567996747386
3336,6.342262708568789
3337,4.3198845646535435
3338,4.303526448560311
3339,4.303526448560311
3340,4.303526448560311
3341,4.303526448560311
3342,4.303526448560311
3343,4.669989900311763
3344,3.1486872807526285
3345,2.5722490461557213
3346,2.707870643618809
3347,3.1424465027180966
3348,3.1758712501309696
3349,3.319999785510396
3350,3.949312654536792
3351,4.087817794574928
3352,2.225251485339943
3353,3.1334919976941036
3354,3.1486872807526285
3355,3.1486872807526285
3356,3.1486872807526285
3357,3.1486872807526285
3358,3.1486872807526285
3359,3.0678756812757038
3360,4.546191038629305
3361,4.495620952374352
3362,5.056826268218046
3363,4.546162811776974
3364,3.84190481621567
3365,4.5586085655330155
3366,4.009489379016261
3367,3.4751924121731617
3368,4.160404152184239
3369,4.3744480668750585
3370,4.546191038629305
3371,4.546191038629305
3372,4.546191038629305
3373,4.546191038629305
3374,4.546191038629305
3375,2.461171823951341
3376,3.394206860771031
3377,3.8330234267234236
3378,2.951121772917464
3379,3.394352909658508
3380,3.5875871533648445
3381,3.3123023148032424
3382,3.536045363207737
3383,4.280502221045983
3384,3.713803831330949
3385,3.496808364571496
3386,3.394206860771031
3387,3.394206860771031
3388,3.394206860771031
3389,3.394206860771031
3390,3.394206860771031
3391,4.484501900419067
3392,4.250860042449645
3393,4.253332519596641
3394,4.285216209569485
3395,4.250506336455197
3396,3.958068375269985
3397,4.744814108300894
3398,3.551214487426013
3399,3.725340420258077
3400,4.601184040426676
3401,4.105516641538213
3402,4.250860042449645
3403,4.250860042449645
3404,4.250860042449645
3405,4.250860042449645
3406,4.250860042449645
3407,3.4089429470233106
3408,3.2488829735267655
3409,3.0031589965870653
3410,3.4252626011006067
3411,3.2516036887849697
3412,3.04933569209467
3413,2.7650141499446574
3414,4.165641983326291
3415,3.6377662286955172
3416,2.8806757333472683
3417,3.33359478292849
3418,3.2488829735267655
3419,3.2488829735267655
3420,3.2488829735267655
3421,3.2488829735267655
3422,3.2488829735267655
3423,3.2732529101758767
3424,3.249290021722299
3425,3.2058578056245954
3426,3.3419497281420134
3427,3.247571770687552
3428,3.2281355930096187
3429,2.560854534209677
3430,2.8120393879557146
3431,2.1453906268286986
3432,3.9899099204168103
3433,3.3532125698531616
3434,3.249290021722299
3435,3.249290021722299
3436,3.249290021722299
3437,3.249290021722299
3438,3.249290021722299
3439,1.7648490363428027
3440,3.6411066751665904
3441,3.802183362890514
3442,3.650105777615745
3443,3.6409073107214307
3444,4.090214550796502
3445,4.533625749538531
3446,4.258028987893459
3447,5.447426309554898
3448,3.3894825209876465
3449,3.588971708731132
3450,3.6411066751665904
3451,3.6411066751665904
3452,3.6411066751665904
3453,3.6411066751665904
3454,3.6411066751665904
3455,9.101241993850044
3456,5.719863449815228
3457,5.7411351646213244
3458,5.807192102032565
3459,5.72019206602541
3460,4.7872062672614515
3461,5.5578459169167695
3462,4.574692369275798
3463,5.089571859929784
3464,4.059335497066572
3465,5.681226617529361
3466,5.719863449815228
3467,5.719863449815228
3468,5.719863449815228
3469,5.719863449815228
3470,5.719863449815228
3471,2.3892529221765653
3472,3.326542123989074
3473,3.140585174203364
3474,3.5905749331069483
3475,3.3321323007482784
3476,3.435840399957139
3477,3.5717436053712617
3478,3.9208403231418014
3479,3.8334332033623637
3480,4.295513738616453
3481,3.3399940425834567
3482,3.326542123989074
3483,3.326542123989074
3484,3.326542123989074
3485,3.326542123989074
3486,3.326542123989074
3487,6.584963551318681
3488,2.720107134360519
3489,2.763021671321142
3490,2.6982273354019664
3491,2.720073684098058
3492,2.118408997263911
3493,2.6797662766291754
3494,2.9505957247344075
3495,1.8547912582146657
3496,3.881573599662827
3497,2.719373656736488
3498,2.720107134360519
3499,2.720107134360519
3500,2.720107134360519
3501,2.720107134360519
3502,2.720107134360519
3503,2.1425370111965676
3504,3.992027671643808
3505,3.9671408628753997
3506,4.057348689210222
3507,3.992342271110662
3508,5.565806790192852
3509,4.471107160304418
3510,3.5920297409039503
3511,6.021413000204075
3512,2.9778882465566365
3513,3.979550205780595
3514,3.992027671643808
3515,3.992027671643808
3516,3.992027671643808
3517,3.992027671643808
3518,3.992027671643808
3519,6.353277794745438
3520,3.0428991773913325
3521,3.0695612862518904
3522,2.970178618221642
3523,3.0436900838072516
3524,4.3697355183267135
3525,2.6954970819374484
3526,2.3343695872449888
3527,2.277596073332712
3528,2.9324795238244032
3529,3.0497065546229942
3530,3.0428991773913325
3531,3.0428991773913325
3532,3.0428991773913325
3533,3.0428991773913325
3534,3.0428991773913325
3535,2.0646227448321244
3536,3.0394608864118284
3537,3.2498988269111284
3538,3.0265606340719584
3539,3.038769578628639
3540,2.3622239748948695
3541,3.880837552698241
3542,4.100515977262025
3543,3.7446903660702615
3544,3.2698981760891805
3545,3.0384346546626166
3546,3.0394608864118284
3547,3.0394608864118284
3548,3.0394608864118284
3549,3.0394608864118284
3550,3.0394608864118284
3551,5.533900440875484
3552,2.569967857794658
3553,2.4105544402360795
3554,2.9706282447060373
3555,2.572653299988787
3556,2.9804679105957246
3557,3.0348985848657017
3558,3.209597938076487
3559,2.1040359743373984
3560,2.5325367925220608
3561,2.525278577275955
3562,2.569967857794658
3563,2.569967857794658
3564,2.569967857794658
3565,2.569967857794658
3566,2.569967857794658
3567,3.3891722904684385
3568,4.938086925354815
3569,5.1315394674376815
3570,4.889752916623695
3571,4.935724359983706
3572,3.7040121464348674
3573,4.207840924130255
3574,4.402309933087505
3575,6.724786966295049
3576,4.674515670367195
3577,5.05626177111872
3578,4.938086925354815
3579,4.938086925354815
3580,4.938086925354815
3581,4.938086925354815
3582,4.938086925354815
3583,3.764474024334319
3584,4.319526368167751
3585,4.3235501193425065
3586,4.107306145860035
3587,4.32239916114334
3588,3.2403928414780876
3589,4.8489014274675695
3590,4.025262977228147
3591,5.408619671283399
3592,4.755703027922999
3593,4.3434786187775085
3594,4.319526368167751
3595,4.319526368167751
3596,4.319526368167751
3597,4.319526368167751
3598,4.319526368167751
3599,4.542247590592736
3600,3.0422062115988964
3601,2.7097827468167726
3602,2.789676641600602
3603,3.045695427334709
3604,4.42969857252984
3605,2.5389101081384253
3606,3.4200830161210494
3607,2.949245923340139
3608,2.405952198260916
3609,2.9878000598536456
3610,3.0422062115988964
3611,3.0422062115988964
3612,3.0422062115988964
3613,3.0422062115988964
3614,3.0422062115988964
3615,2.7538233579332276
3616,7.2155619861493925
3617,7.189160891937142
3618,7.959828504151084
3619,7.214840153166173
3620,5.8970224121039125
3621,5.602921942482807
3622,8.26188072745489
3623,6.94076477880515
3624,4.630230330207062
3625,7.34754374737971
3626,7.2155619861493925
3627,7.2155619861493925
3628,7.2155619861493925
3629,7.2155619861493925
3630,7.2155619861493925
3631,3.4863165074877953
3632,2.251470990245532
3633,2.195086497915299
3634,2.3579463375457017
3635,2.251330821567041
3636,2.3847179462276746
3637,2.7509423766854435
3638,1.7258372972702094
3639,2.66517101493337
3640,3.675717839089569
3641,2.2136591679791437
3642,2.251470990245532
3643,2.251470990245532
3644,2.251470990245532
3645,2.251470990245532
3646,2.251470990245532
3647,3.8653834665453237
3648,5.129743620131016
3649,5.144378328949799
3650,5.255956950726141
3651,5.129990720564561
3652,6.105794754057364
3653,5.333739771313242
3654,4.452562653917634
3655,4.533591016274929
3656,4.773867090001147
3657,5.224799133215881
3658,5.129743620131016
3659,5.129743620131016
3660,5.129743620131016
3661,5.129743620131016
3662,5.129743620131016
3663,4.700028171136379
3664,3.7813336392829404
3665,3.7777864419640172
3666,3.8749140631934504
3667,3.7800765764007225
3668,2.7905168352251044
3669,3.325395425962409
3670,4.637389061982981
3671,3.5339295343639927
3672,4.131055165414521
3673,3.729857246725862
3674,3.7813336392829404
3675,3.7813336392829404
3676,3.7813336392829404
3677,3.7813336392829404
3678,3.7813336392829404
3679,3.1017928389702045
3680,2.688703513989608
3681,2.807255230076584
3682,2.7086362825682597
3683,2.6898051689164024
3684,4.052269364996296
3685,2.994661901106447
3686,3.686224230985675
3687,2.652871086074647
3688,2.2117261609179732
3689,2.679095807001869
3690,2.688703513989608
3691,2.688703513989608
3692,2.688703513989608
3693,2.688703513989608
3694,2.688703513989608
3695,5.428223908553041
3696,3.7843368710605336
3697,3.7931686603049406
3698,3.8252692626955564
3699,3.784087094630526
3700,2.827486011836558
3701,3.435664195878705
3702,3.0280173847297887
3703,3.6598043273382967
3704,4.221373119707632
3705,3.818037273461657
3706,3.7843368710605336
3707,3.7843368710605336
3708,3.7843368710605336
3709,3.7843368710605336
3710,3.7843368710605336
3711,2.2566113709407984
3712,7.467165814392971
3713,7.514304437461385
3714,7.471894886753661
3715,7.464921538640432
3716,6.433420976716607
3717,7.091068276960016
3718,7.935676222142894
3719,7.06100522886701
3720,6.033451503849759
3721,7.582532469714015
3722,7.467165814392971
3723,7.467165814392971
3724,7.467165814392971
3725,7.467165814392971
3726,7.467165814392971
3727,5.058711222574643
3728,2.3012881576517894
3729,2.0377939321998113
3730,2.5753033094427336
3731,2.2979807305141597
3732,2.357804100058249
3733,2.4998433830909756
3734,2.073003342817843
3735,2.2522117185815596
3736,3.105732563807147
3737,2.2458747396804046
3738,2.3012881576517894
3739,2.3012881576517894
3740,2.3012881576517894
3741,2.3012881576517894
3742,2.3012881576517894
3743,2.794095574474437
3744,3.3101633753872357
3745,3.390005674538446
3746,3.2166187985144536
3747,3.310294873209063
3748,3.7871534031960916
3749,4.335022932890905
3750,4.115368334710579
3751,3.016774865121567
3752,4.03108438621152
3753,3.2611106961860283
3754,3.3101633753872357
3755,3.3101633753872357
3756,3.3101633753872357
3757,3.3101633753872357
3758,3.3101633753872357
3759,6.5861195562981845
3760,3.764264310612334
3761,4.115855893815539
3762,3.8462446590030854
3763,3.764389417302561
3764,3.6087513870536267
3765,2.8707011323502574
3766,2.732590574223129
3767,3.4023293580350655
3768,2.9923656369867984
3769,3.854694576940559
3770,3.764264310612334
3771,3.764264310612334
3772,3.764264310612334
3773,3.764264310612334
3774,3.764264310612334
3775,1.6044253161433708
3776,3.2835963563733084
3777,3.4394672182688613
3778,3.27842419306876
3779,3.2832111900935517
3780,3.097475628313472
3781,3.330641487137361
3782,3.6990403932975378
3783,3.9485050141574916
3784,3.3111156721434023
3785,3.2519762266192305
3786,3.2835963563733084
3787,3.2835963563733084
3788,3.2835963563733084
3789,3.2835963563733084
3790,3.2835963563733084
3791,4.821313325079351
3792,2.967711815856237
3793,2.84779733422133
3794,2.886449207475662
3795,2.968557571048363
3796,3.4714777138460553
3797,2.9361403316424095
3798,2.4516895868153767
3799,2.813744033638611
3800,2.771764858732001
3801,3.0343007413252066
3802,2.967711815856237
3803,2.967711815856237
3804,2.967711815856237
3805,2.967711815856237
3806,2.967711815856237
3807,2.527834886767011
3808,4.029623037353451
3809,3.716967687863561
3810,4.730922366931966
3811,4.024586537308284
3812,3.659723265655777
3813,3.9718757821992514
3814,5.365157399141728
3815,3.756259750467756
3816,4.247211674940257
3817,4.163731092904063
3818,4.029623037353451
3819,4.029623037353451
3820,4.029623037353451
3821,4.029623037353451
3822,4.029623037353451
3823,4.781963915929591
3824,3.436168837990744
3825,3.8672100973301307
3826,3.267545596600424
3827,3.4372322810317537
3828,3.2925909225483245
3829,3.580062409701934
3830,3.006929469474858
3831,3.998240797280583
3832,3.6528717886957938
3833,3.2980475763974093
3834,3.436168837990744
3835,3.436168837990744
3836,3.436168837990744
3837,3.436168837990744
3838,3.436168837990744
3839,3.286658591134526
3840,2.4698294093578763
3841,2.473591464625664
3842,2.4667566120079236
3843,2.469833907668584
3844,4.157441794481629
3845,2.599705337844189
3846,2.9173799729118848
3847,2.2096087448834516
3848,1.681287973931852
3849,2.392753460143991
3850,2.4698294093578763
3851,2.4698294093578763
3852,2.4698294093578763
3853,2.4698294093578763
3854,2.4698294093578763
3855,2.838015016975643
3856,6.120836952470345
3857,5.0498839540718725
3858,4.053092590938479
3859,6.1206293364788795
3860,4.168903341123536
3861,5.449280622198728
3862,5.429180716698635
3863,7.2534281822393565
3864,9.043319209907045
3865,6.289575922801636
3866,6.120836952470345
3867,6.120836952470345
3868,6.120836952470345
3869,6.120836952470345
3870,6.120836952470345
3871,3.7074898372916576
3872,2.527215207573304
3873,2.5901650476891267
3874,2.7310357647683627
3875,2.527310393803115
3876,3.0314453762201405
3877,2.5831785463378494
3878,2.5040835176627305
3879,2.861990102099246
3880,3.101686445394265
3881,2.6029280835548656
3882,2.527215207573304
3883,2.527215207573304
3884,2.527215207573304
3885,2.527215207573304
3886,2.527215207573304
3887,5.3670052913707105
3888,4.38427693826067
3889,4.266846608832776
3890,4.365285551138518
3891,4.3865638347830895
3892,3.381957412117894
3893,4.223510719529513
3894,4.699791806596338
3895,3.810264757333224
3896,3.7148168137371704
3897,4.308736550026423
3898,4.38427693826067
3899,4.38427693826067
3900,4.38427693826067
3901,4.38427693826067
3902,4.38427693826067
3903,2.6125775285912103
3904,3.339838477531833
3905,3.359944842102883
3906,3.301205523615848
3907,3.337486216520521
3908,2.518080378178568
3909,3.8176511056815525
3910,3.5125776600335286
3911,3.2171119174999085
3912,2.7962623176406396
3913,3.374550940522321
3914,3.339838477531833
3915,3.339838477531833
3916,3.339838477531833
3917,3.339838477531833
3918,3.339838477531833
3919,2.439013133496605
3920,4.80397518129126
3921,5.220449370542649
3922,6.087414811223336
3923,4.80259821391685
3924,5.8065268372883025
3925,4.150365016426677
3926,4.259209502410741
3927,4.696008713220793
3928,5.888165425330521
3929,4.754097478343057
3930,4.80397518129126
3931,4.80397518129126
3932,4.80397518129126
3933,4.80397518129126
3934,4.80397518129126
3935,7.731772974776564
3936,5.815113576974649
3937,5.646541792638941
3938,5.905625253870659
3939,5.8131345386898845
3940,4.6860982732243235
3941,5.01643373921927
3942,5.717473011478626
3943,6.103502743939219
3944,5.0378606552606024
3945,5.643700599494527
3946,5.815113576974649
3947,5.815113576974649
3948,5.815113576974649
3949,5.815113576974649
3950,5.815113576974649
3951,3.4526368841709805
3952,2.0286489620498687
3953,2.0740262994269054
3954,1.9996793215918796
3955,2.0282991094963942
3956,2.9420561384686272
3957,2.3033644679359226
3958,1.895539335509606
3959,2.08007405946945
3960,2.1601312275716875
3961,2.0766625141014052
3962,2.0286489620498687
3963,2.0286489620498687
3964,2.0286489620498687
3965,2.0286489620498687
3966,2.0286489620498687
3967,3.498176778065803
3968,2.507487692807261
3969,2.54766020267167
3970,2.488142543417499
3971,2.507691154412325
3972,2.54065371439836
3973,2.6166616873948896
3974,3.635587907760224
3975,2.5301440782713778
3976,3.372765851981076
3977,2.5158524937264692
3978,2.507487692807261
3979,2.507487692807261
3980,2.507487692807261
3981,2.507487692807261
3982,2.507487692807261
3983,5.3879281883469865
3984,5.672517488940837
3985,5.339027841338613
3986,6.7150210739934595
3987,5.671334902703367
3988,5.046430672805469
3989,5.699733595550078
3990,4.22493234741046
3991,5.954218735665108
3992,4.523764794285201
3993,5.692446159054657
3994,5.672517488940837
3995,5.672517488940837
3996,5.672517488940837
3997,5.672517488940837
3998,5.672517488940837
3999,3.1803066167114094
4000,3.2272650951969113
4001,3.1781798466414966
4002,3.2485323805639994
4003,3.2279381913494585
4004,3.0108597054411383
4005,3.3923631604417706
4006,3.4371797930450723
4007,3.1562455174628923
4008,2.5681145571712065
4009,3.154323558010886
4010,3.2272650951969113
4011,3.2272650951969113
4012,3.2272650951969113
4013,3.2272650951969113
4014,3.2272650951969113
4015,2.5074565846915284
4016,3.304706398971406
4017,3.4751413382997542
4018,3.078412593490474
4019,3.300693398724397
4020,3.992676052988974
4021,3.167292014524197
4022,3.3882754673719964
4023,3.117094061736645
4024,4.151401555208337
4025,3.383425304735437
4026,3.304706398971406
4027,3.304706398971406
4028,3.304706398971406
4029,3.304706398971406
4030,3.304706398971406
4031,4.531611930355993
4032,3.6628383986706106
4033,3.7162325972498915
4034,3.699821286052838
4035,3.6629393658850984
4036,3.8734267385120336
4037,3.458359287032814
4038,5.20104574015796
4039,3.207542446623813
4040,3.419286291395771
4041,3.620792580569885
4042,3.6628383986706106
4043,3.6628383986706106
4044,3.6628383986706106
4045,3.6628383986706106
4046,3.6628383986706106
4047,4.3360556601981415
4048,2.6030190268819493
4049,2.5817673945480477
4050,2.4739340043246956
4051,2.604877136397032
4052,2.872773957832814
4053,2.849730585056073
4054,1.702253696640689
4055,2.9620403826157484
4056,2.658191430297673
4057,2.6224958907292404
4058,2.6030190268819493
4059,2.6030190268819493
4060,2.6030190268819493
4061,2.6030190268819493
4062,2.6030190268819493
4063,2.246980791480919
4064,3.2687384946229385
4065,3.255000075294973
4066,4.006975225400027
4067,3.269354229262822
4068,2.9623095524741005
4069,4.155852933975855
4070,3.110852653520347
4071,3.6370690586844807
4072,3.5054052087930363
4073,3.249422078528314
4074,3.2687384946229385
4075,3.2687384946229385
4076,3.2687384946229385
4077,3.2687384946229385
4078,3.2687384946229385
4079,4.257359646477532
4080,4.4289067363948815
4081,5.293561949765571
4082,4.620929107895319
4083,4.429337016663587
4084,4.411274875737527
4085,3.6905156622549296
4086,4.521123260500152
4087,3.7355066602926836
4088,4.637495770091147
4089,4.430481351588318
4090,4.4289067363948815
4091,4.4289067363948815
4092,4.4289067363948815
4093,4.4289067363948815
4094,4.4289067363948815
4095,3.5343760784079996
4096,5.06332841985681
4097,5.151586432019621
4098,5.3574234451845655
4099,5.061011214047757
4100,3.893329636741626
4101,4.940415269577813
4102,3.9462321821038735
4103,5.579383034674469
4104,3.5233193137034884
4105,4.895355639282925
4106,5.06332841985681
4107,5.06332841985681
4108,5.06332841985681
4109,5.06332841985681
4110,5.06332841985681
4111,2.8320766265681048
4112,2.645957366958137
4113,2.307301810610084
4114,2.4724566564832613
4115,2.6421610085986833
4116,3.924826445202597
4117,2.610418450060633
4118,3.5247570905613785
4119,2.2026526904784305
4120,3.8008847635254606
4121,2.7582399617196915
4122,2.645957366958137
4123,2.645957366958137
4124,2.645957366958137
4125,2.645957366958137
4126,2.645957366958137
4127,5.678405414303949
4128,3.3580490397342966
4129,3.3577648993378726
4130,3.370588077807711
4131,3.357944172032732
4132,2.430339781071512
4133,3.224715456931617
4134,3.2779245521201577
4135,3.099786734428071
4136,3.743777712838395
4137,3.357020583558761
4138,3.3580490397342966
4139,3.3580490397342966
4140,3.3580490397342966
4141,3.3580490397342966
4142,3.3580490397342966
4143,2.3264847773487776
4144,4.383753402344718
4145,4.587013931591687
4146,3.974637474100523
4147,4.3829490980448504
4148,5.348384531773422
4149,4.636359644623916
4150,5.062601014627356
4151,5.376235773348473
4152,4.2254830580456915
4153,4.387065170188212
4154,4.383753402344718
4155,4.383753402344718
4156,4.383753402344718
4157,4.383753402344718
4158,4.383753402344718
4159,7.1094986495197565
4160,3.820614378197491
4161,3.8837355919627314
4162,3.834258603734564
4163,3.8206308045710045
4164,4.01154196286431
4165,2.992925017480903
4166,3.1722004042811967
4167,3.836520404999419
4168,3.72664998904675
4169,3.79715749343517
4170,3.820614378197491
4171,3.820614378197491
4172,3.820614378197491
4173,3.820614378197491
4174,3.820614378197491
4175,2.556049372295459
4176,4.372411499505922
4177,4.029718144847094
4178,3.8732918784406123
4179,4.369600588612263
4180,3.6040982786887135
4181,5.858476505676627
4182,5.474456197112734
4183,4.348803632668004
4184,5.014811938073242
4185,4.378508407193586
4186,4.372411499505922
4187,4.372411499505922
4188,4.372411499505922
4189,4.372411499505922
4190,4.372411499505922
4191,5.56958096230846
4192,2.8454511997743364
4193,2.84685863494334
4194,2.8585891660163916
4195,2.845317049593574
4196,4.139015413171773
4197,3.1124302295247177
4198,2.284303141336989
4199,2.8372204646496293
4200,2.391059844151261
4201,2.685694968858794
4202,2.8454511997743364
4203,2.8454511997743364
4204,2.8454511997743364
4205,2.8454511997743364
4206,2.8454511997743364
4207,2.8891788719670006
4208,3.902248230192068
4209,4.394390211981589
4210,4.16797413603976
4211,3.903819397614656
4212,2.8924800136594118
4213,3.4281775458086026
4214,4.200556561347728
4215,3.938461243257975
4216,4.429350880126489
4217,4.131989762386598
4218,3.902248230192068
4219,3.902248230192068
4220,3.902248230192068
4221,3.902248230192068
4222,3.902248230192068
4223,4.192578971301675
4224,3.3868049821314257
4225,3.377034546808875
4226,3.3644752758263623
4227,3.3878325334536203
4228,3.3092735270540894
4229,3.218378892333179
4230,2.678700424426266
4231,3.3871375518784625
4232,4.5058967794536136
4233,3.313597823621909
4234,3.3868049821314257
4235,3.3868049821314257
4236,3.3868049821314257
4237,3.3868049821314257
4238,3.3868049821314257
4239,3.212650794983837
4240,4.233339002549691
4241,4.010661089402243
4242,3.7675082009128333
4243,4.241787020174935
4244,3.7394315814048285
4245,4.641592318135506
4246,5.187510933301001
4247,4.184117614060404
4248,3.2359448384225478
4249,4.312561168421626
4250,4.233339002549691
4251,4.233339002549691
4252,4.233339002549691
4253,4.233339002549691
4254,4.233339002549691
4255,3.3298840181313216
4256,3.2865683102055954
4257,3.513769706000101
4258,3.2811138180780968
4259,3.2864953471275156
4260,3.770865321481969
4261,3.1879894038004997
4262,3.928423234973656
4263,3.2561777678732624
4264,2.2791119192920406
4265,3.211083316447247
4266,3.2865683102055954
4267,3.2865683102055954
4268,3.2865683102055954
4269,3.2865683102055954
4270,3.2865683102055954
4271,3.1021429168602253
4272,2.9569832691874147
4273,2.9762111032503893
4274,2.9136659962269222
4275,2.9567549255953054
4276,2.8641756292904366
4277,2.9580337907619456
4278,2.8143128561922013
4279,2.9654101605195953
4280,3.648897248193297
4281,3.057503327387456
4282,2.9569832691874147
4283,2.9569832691874147
4284,2.9569832691874147
4285,2.9569832691874147
4286,2.9569832691874147
4287,3.702972127965456
4288,2.6394917305963905
4289,2.66491129259956
4290,3.09482487991621
4291,2.639285077253717
4292,2.513091855787179
4293,3.0251414739730875
4294,1.9847882126348244
4295,3.013912513008361
4296,2.6171387621938824
4297,2.5644095696459104
4298,2.6394917305963905
4299,2.6394917305963905
4300,2.6394917305963905
4301,2.6394917305963905
4302,2.6394917305963905
4303,2.7426323912463952
4304,4.775733875732958
4305,5.057412173143232
4306,4.510932470455057
4307,4.777036736437235
4308,5.513038326352297
4309,3.9589828835150715
4310,6.0377388663757765
4311,4.1714441165373035
4312,4.369657860418299
4313,4.9048093164419635
4314,4.775733875732958
4315,4.775733875732958
4316,4.775733875732958
4317,4.775733875732958
4318,4.775733875732958
4319,4.673089848973032
4320,2.8731966241560185
4321,2.6640650529877274
4322,3.1022814711305093
4323,2.8735232781474487
4324,2.9716794971631493
4325,2.3776025461125174
4326,3.1461529824779086
4327,2.4551786019220505
4328,2.876115759744309
4329,2.849721615694537
4330,2.8731966241560185
4331,2.8731966241560185
4332,2.8731966241560185
4333,2.8731966241560185
4334,2.8731966241560185
4335,2.2051028081847206
4336,6.818063211968558
4337,6.966783149292324
4338,5.909933527414958
4339,6.80563150987242
4340,5.8539338585425025
4341,8.714197433713844
4342,5.5598665376993965
4343,7.553199800164298
4344,6.878166465222477
4345,6.837678013575403
4346,6.818063211968558
4347,6.818063211968558
4348,6.818063211968558
4349,6.818063211968558
4350,6.818063211968558
4351,5.609574996387153
4352,3.6701766511435086
4353,3.8151715463441804
4354,3.95109157109083
4355,3.67013041514821
4356,5.466220733185731
4357,2.927471657923719
4358,3.411054262876753
4359,2.9053786583101338
4360,4.060538319503295
4361,3.7032062107221724
4362,3.6701766511435086
4363,3.6701766511435086
4364,3.6701766511435086
4365,3.6701766511435086
4366,3.6701766511435086
4367,4.064111929703048
4368,4.617411796232169
4369,3.716811586519619
4370,3.3633164401911495
4371,4.620570305822836
4372,3.6116131615869045
4373,6.4857778739651515
4374,4.559188209423842
4375,4.774273138708795
4376,4.071081679529041
4377,4.532850957948895
4378,4.617411796232169
4379,4.617411796232169
4380,4.617411796232169
4381,4.617411796232169
4382,4.617411796232169
4383,2.8758353264939864
4384,4.740607106447558
4385,4.746339100526623
4386,4.866229416846883
4387,4.740177621825484
4388,5.592782368608383
4389,4.893795888290413
4390,3.331873574032538
4391,5.33208362341382
4392,3.531390324122003
4393,4.920644380052637
4394,4.740607106447558
4395,4.740607106447558
4396,4.740607106447558
4397,4.740607106447558
4398,4.740607106447558
4399,3.4524249836923873
4400,3.0208085372782914
4401,3.618609838579141
4402,2.953647557853841
4403,3.0198660920912803
4404,2.333384319156741
4405,2.9159563864700115
4406,4.0371553689785395
4407,2.6664736741238078
4408,4.4995391851666415
4409,2.9201068850696226
4410,3.0208085372782914
4411,3.0208085372782914
4412,3.0208085372782914
4413,3.0208085372782914
4414,3.0208085372782914
4415,4.086711334918714
4416,5.610242376159024
4417,5.660491919932994
4418,5.489965872834826
4419,5.61185203357885
4420,4.2988321192095915
4421,5.583867814761765
4422,5.989161340025693
4423,6.059866122690462
4424,4.915700295893854
4425,5.767815409383093
4426,5.610242376159024
4427,5.610242376159024
4428,5.610242376159024
4429,5.610242376159024
4430,5.610242376159024
4431,4.466456899382877
4432,2.2385815071204136
4433,2.2444320230159596
4434,2.2639423732705253
4435,2.239620038653863
4436,2.7060794314868803
4437,2.2488924766416507
4438,2.1923565638999616
4439,2.3813745860574773
4440,2.8786373570681367
4441,2.205438203752609
4442,2.2385815071204136
4443,2.2385815071204136
4444,2.2385815071204136
4445,2.2385815071204136
4446,2.2385815071204136
4447,3.49364824625184
4448,4.234352275637892
4449,4.186687483851053
4450,4.260742222543464
4451,4.233625399815536
4452,2.9408601825257463
4453,4.294743952996663
4454,2.852763206824477
4455,4.591458222915253
4456,3.741211177592749
4457,4.278083663966004
4458,4.234352275637892
4459,4.234352275637892
4460,4.234352275637892
4461,4.234352275637892
4462,4.234352275637892
4463,2.0694382982085324
4464,2.069286788092236
4465,2.187177639207886
4466,2.1422154079692044
4467,2.06826536232017
4468,3.4691662930949714
4469,1.961726955146922
4470,3.1645301504580354
4471,2.1973234792522103
4472,2.2411563850082805
4473,2.031958042635824
4474,2.069286788092236
4475,2.069286788092236
4476,2.069286788092236
4477,2.069286788092236
4478,2.069286788092236
4479,6.2838737185835924
4480,2.8801789585736106
4481,2.8827942704541747
4482,2.828612195499763
4483,2.8801529293214516
4484,2.950893764685122
4485,3.343443616346699
4486,2.952116453534502
4487,3.076267373790287
4488,2.2936134133726602
4489,3.0127426374526345
4490,2.8801789585736106
4491,2.8801789585736106
4492,2.8801789585736106
4493,2.8801789585736106
4494,2.8801789585736106
4495,3.055184486187391
4496,4.490965156045642
4497,4.79709291917642
4498,4.333446765372663
4499,4.490721736618573
4500,3.987907904777407
4501,3.7435223299344424
4502,4.27601634151738
4503,4.752832988096813
4504,6.0792392754755005
4505,4.2463862266188945
4506,4.490965156045642
4507,4.490965156045642
4508,4.490965156045642
4509,4.490965156045642
4510,4.490965156045642
4511,4.337707552095054
4512,3.3601991826481035
4513,3.324569042887607
4514,3.3670806475228665
4515,3.358722485575823
4516,3.624285772142826
4517,3.0869833959293
4518,2.815783432937679
4519,3.6269653590129645
4520,4.295072149152535
4521,3.3437543883159737
4522,3.3601991826481035
4523,3.3601991826481035
4524,3.3601991826481035
4525,3.3601991826481035
4526,3.3601991826481035
4527,3.834081246795578
4528,3.5231009204391004
4529,3.6209395311025774
4530,3.273202986701526
4531,3.526540511555261
4532,3.8097980525335102
4533,4.142581793172371
4534,3.950387528410942
4535,3.725444025561893
4536,2.4154811027953844
4537,3.5366248659096176
4538,3.5231009204391004
4539,3.5231009204391004
4540,3.5231009204391004
4541,3.5231009204391004
4542,3.5231009204391004
4543,3.423091830596513
4544,3.1484671560661353
4545,3.1471559285537722
4546,3.678681422428515
4547,3.1482959690552743
4548,3.77536466117245
4549,3.0242846433681154
4550,3.222032341547572
4551,2.615198827372594
4552,2.8900541647613456
4553,3.178300663101282
4554,3.1484671560661353
4555,3.1484671560661353
4556,3.1484671560661353
4557,3.1484671560661353
4558,3.1484671560661353
4559,3.170458647189845
4560,3.506646651944349
4561,3.5406298970481602
4562,3.140148349392047
4563,3.500637923796211
4564,3.290619617523754
4565,3.9960001973570223
4566,3.7035252663478215
4567,3.761054167992043
4568,3.5166284361211693
4569,3.488271791117327
4570,3.506646651944349
4571,3.506646651944349
4572,3.506646651944349
4573,3.506646651944349
4574,3.506646651944349
4575,3.696909291507229
4576,6.492935809575117
4577,6.151187556087546
4578,8.001649523484557
4579,6.496574933093628
4580,5.792878793297692
4581,5.732009688947611
4582,6.196508647258027
4583,6.633752966453364
4584,6.636147887777515
4585,6.831013629821965
4586,6.492935809575117
4587,6.492935809575117
4588,6.492935809575117
4589,6.492935809575117
4590,6.492935809575117
4591,5.74920768738144
4592,2.305752434098047
4593,2.30134773867144
4594,2.3965620644701353
4595,2.3054701209778607
4596,2.313317288729401
4597,2.4129076654297066
4598,2.588809414316343
4599,1.8917581628583402
4600,2.3006182247659064
4601,2.2141993048468613
4602,2.305752434098047
4603,2.305752434098047
4604,2.305752434098047
4605,2.305752434098047
4606,2.305752434098047
4607,2.1640497154779976
4608,2.48133626708942
4609,2.476068502576211
4610,2.700837064661868
4611,2.481320975248375
4612,2.790516814211595
4613,2.5619707070909747
4614,2.731388801275096
4615,1.9227753591302694
4616,3.740142708878127
4617,2.4880169324292
4618,2.48133626708942
4619,2.48133626708942
4620,2.48133626708942
4621,2.48133626708942
4622,2.48133626708942
4623,4.371097266334259
4624,6.437714530498281
4625,5.124670939110984
4626,5.073786628372757
4627,6.4367926150135215
4628,6.65655259874056
4629,5.9487583654119005
4630,5.313678411775514
4631,8.566463812580377
4632,4.3088959314159005
4633,6.40935976203626
4634,6.437714530498281
4635,6.437714530498281
4636,6.437714530498281
4637,6.437714530498281
4638,6.437714530498281
4639,3.5709800215582206
4640,4.983193888392828
4641,4.985117098537689
4642,5.014155957874055
4643,4.984951606525367
4644,5.1831102325245935
4645,5.307547318877747
4646,4.820090348598286
4647,3.79459248877605
4648,4.003808745872546
4649,4.714856960269743
4650,4.983193888392828
4651,4.983193888392828
4652,4.983193888392828
4653,4.983193888392828
4654,4.983193888392828
4655,3.291568334877935
4656,3.310663773035102
4657,3.238373980916375
4658,3.273118878645681
4659,3.312232011162137
4660,2.868866627277164
4661,2.889458013704901
4662,3.492509207488741
4663,4.223139398211021
4664,3.697390037610227
4665,3.472498535743261
4666,3.310663773035102
4667,3.310663773035102
4668,3.310663773035102
4669,3.310663773035102
4670,3.310663773035102
4671,3.89453616990917
4672,5.143647012003824
4673,5.148487235022161
4674,5.073208417787087
4675,5.143088697892725
4676,4.459449209728011
4677,4.596370177072722
4678,6.044690144406602
4679,3.5394262519352124
4680,5.8583935944568095
4681,4.9587891217250135
4682,5.143647012003824
4683,5.143647012003824
4684,5.143647012003824
4685,5.143647012003824
4686,5.143647012003824
4687,3.4904989404405335
4688,2.4641196946081907
4689,2.740188151998492
4690,2.4169821464643753
4691,2.4616865985715126
4692,2.5166611142095996
4693,2.7014450359960067
4694,2.4475677429634413
4695,3.6857286808036838
4696,1.9677699891004212
4697,2.554318753070638
4698,2.4641196946081907
4699,2.4641196946081907
4700,2.4641196946081907
4701,2.4641196946081907
4702,2.4641196946081907
4703,3.639649190421483
4704,3.6856786435629694
4705,3.6328063902802104
4706,3.688137984372018
4707,3.686531337263532
4708,4.222573828370219
4709,4.41316949878179
4710,3.77948883589361
4711,3.1783380927900002
4712,4.167860019270463
4713,3.7008951955584024
4714,3.6856786435629694
4715,3.6856786435629694
4716,3.6856786435629694
4717,3.6856786435629694
4718,3.6856786435629694
4719,4.961745739071417
4720,2.9061843949136
4721,3.034632653052962
4722,2.746150720281961
4723,2.907351563112608
4724,2.8236067989475755
4725,2.3995886412076413
4726,2.81316142762752
4727,3.116799058708535
4728,2.579992764065802
4729,2.9115064241977286
4730,2.9061843949136
4731,2.9061843949136
4732,2.9061843949136
4733,2.9061843949136
4734,2.9061843949136
4735,2.116259433960754
4736,3.7783790312571517
4737,3.7444847134224974
4738,3.671845361173249
4739,3.778613114553462
4740,4.3124387136321065
4741,3.8575309447042327
4742,4.865260483288117
4743,2.5060839564504844
4744,2.991496419965951
4745,3.659536787062099
4746,3.7783790312571517
4747,3.7783790312571517
4748,3.7783790312571517
4749,3.7783790312571517
4750,3.7783790312571517
4751,2.7977954062012933
4752,4.245653348095596
4753,3.860535121769614
4754,4.31590059469899
4755,4.243778636144478
4756,3.3152217189810003
4757,4.104418244662857
4758,2.8809176617284225
4759,6.162266470963949
4760,5.375619167877222
4761,4.39078756744542
4762,4.245653348095596
4763,4.245653348095596
4764,4.245653348095596
4765,4.245653348095596
4766,4.245653348095596
4767,3.756510639891272
4768,3.2330033569398826
4769,3.1813170584108414
4770,3.261084442766818
4771,3.233759303046449
4772,4.518879477770691
4773,3.2103451372686775
4774,3.2887771642656363
4775,3.0306266323118387
4776,4.141483149888521
4777,3.1849801257548975
4778,3.2330033569398826
4779,3.2330033569398826
4780,3.2330033569398826
4781,3.2330033569398826
4782,3.2330033569398826
4783,5.413976864707528
4784,3.1238127819330472
4785,3.228110708389732
4786,3.1326818277224158
4787,3.1215074172166744
4788,2.53823795724452
4789,3.1911053007691152
4790,3.032255140789439
4791,3.6630375152569856
4792,2.6159240133798076
4793,3.1442583869040197
4794,3.1238127819330472
4795,3.1238127819330472
4796,3.1238127819330472
4797,3.1238127819330472
4798,3.1238127819330472
4799,2.5738773844973095
4800,2.435831436450477
4801,2.383100995750597
4802,2.512084160169596
4803,2.436193392381984
4804,1.7476552108159689
4805,2.7916133374350647
4806,3.8223101858191293
4807,1.88481297745251
4808,2.6283959978881866
4809,2.3635714552804723
4810,2.435831436450477
4811,2.435831436450477
4812,2.435831436450477
4813,2.435831436450477
4814,2.435831436450477
4815,3.2529457277351126
4816,5.617540956128455
4817,5.256632707397526
4818,4.239088145074403
4819,5.6361591344833535
4820,9.021341353781837
4821,4.510420605446649
4822,3.9500512089973503
4823,7.557840593198761
4824,5.556862124414828
4825,5.7261490232105245
4826,5.617540956128455
4827,5.617540956128455
4828,5.617540956128455
4829,5.617540956128455
4830,5.617540956128455
4831,5.486920505972247
4832,6.489029199536854
4833,6.170242952453357
4834,7.2584166495537445
4835,6.487936845919182
4836,5.038789544531003
4837,5.922027243295283
4838,6.227097604272891
4839,5.002767322061314
4840,6.130304808783976
4841,6.3406756469662096
4842,6.489029199536854
4843,6.489029199536854
4844,6.489029199536854
4845,6.489029199536854
4846,6.489029199536854
4847,2.990737860240865
4848,2.133795605731947
4849,2.520316205131811
4850,2.130778472826473
4851,2.13364589046725
4852,2.478953996575849
4853,2.348986043681774
4854,2.213995537865788
4855,2.7222998106527596
4856,2.127584255669768
4857,2.2239064433566296
4858,2.133795605731947
4859,2.133795605731947
4860,2.133795605731947
4861,2.133795605731947
4862,2.133795605731947
4863,4.105517061413467
4864,4.960079062852875
4865,4.959518130724154
4866,5.805696808730467
4867,4.961962793026001
4868,5.53747356664781
4869,4.083798471929223
4870,4.632299040201626
4871,5.940999730552353
4872,4.449903913289719
4873,5.09627461668896
4874,4.960079062852875
4875,4.960079062852875
4876,4.960079062852875
4877,4.960079062852875
4878,4.960079062852875
4879,5.1038197351354215
4880,2.161047304548846
4881,2.1199298211076427
4882,2.0021606511378405
4883,2.163197174290958
4884,2.161716987137909
4885,2.6178077034022467
4886,2.5546504826417706
4887,1.6197410061070385
4888,2.5937159346913643
4889,2.118630471983017
4890,2.161047304548846
4891,2.161047304548846
4892,2.161047304548846
4893,2.161047304548846
4894,2.161047304548846
4895,2.4092056501653834
4896,2.4850519667826654
4897,2.4896313198577285
4898,2.541531235793305
4899,2.4850133359899824
4900,2.3468815351130257
4901,2.960149503854537
4902,3.0886414444882897
4903,3.0008088374982935
4904,3.6735566430775237
4905,2.5201005947092394
4906,2.4850519667826654
4907,2.4850519667826654
4908,2.4850519667826654
4909,2.4850519667826654
4910,2.4850519667826654
4911,6.716117427102969
4912,7.20164418581132
4913,7.11587216122631
4914,6.05527104580039
4915,7.198790117717141
4916,6.622926151031909
4917,5.911765886564624
4918,5.907107406139537
4919,4.947405514216453
4920,4.27750395826043
4921,7.076728927868913
4922,7.20164418581132
4923,7.20164418581132
4924,7.20164418581132
4925,7.20164418581132
4926,7.20164418581132
4927,1.7258315993171611
4928,2.6943441375691055
4929,2.6937425591819584
4930,2.672759347887821
4931,2.6937680224001945
4932,2.9200712992324314
4933,3.1081870116214976
4934,2.2929566644262147
4935,4.247823854512965
4936,2.8699018718953027
4937,2.7303612334271676
4938,2.6943441375691055
4939,2.6943441375691055
4940,2.6943441375691055
4941,2.6943441375691055
4942,2.6943441375691055
4943,4.898608353521076
4944,5.2943494206588895
4945,5.313354097036314
4946,4.957765022807899
4947,5.297643085777636
4948,4.368078329385232
4949,4.650792521211299
4950,6.041301357437875
4951,3.93376391143763
4952,4.617496205131612
4953,5.179098330911917
4954,5.2943494206588895
4955,5.2943494206588895
4956,5.2943494206588895
4957,5.2943494206588895
4958,5.2943494206588895
4959,2.6857023669853963
4960,2.247789788148603
4961,2.2649115965946396
4962,2.2400161179720093
4963,2.2477334909235545
4964,2.2033324394694085
4965,2.401597091854526
4966,2.758837487111556
4967,2.614607397317063
4968,2.602557179677002
4969,2.3481358588586567
4970,2.247789788148603
4971,2.247789788148603
4972,2.247789788148603
4973,2.247789788148603
4974,2.247789788148603
4975,4.112892620134354
4976,4.643191680392258
4977,4.638981143860516
4978,4.880518209325675
4979,4.642730020987769
4980,5.237555428845557
4981,4.172200450730406
4982,3.3146175949562235
4983,4.121041238323553
4984,4.0961719791222
4985,4.470080640263149
4986,4.643191680392258
4987,4.643191680392258
4988,4.643191680392258
4989,4.643191680392258
4990,4.643191680392258
4991,2.6029952067171322
4992,2.8353463627924667
4993,2.791789751239505
4994,2.898094357146336
4995,2.8344815189861676
4996,2.124106728220477
4997,3.446461264463981
4998,3.174356953674822
4999,4.339497515555821
5000,3.384745694185827
5001,2.853417751819495
5002,2.8353463627924667
5003,2.8353463627924667
5004,2.8353463627924667
5005,2.8353463627924667
5006,2.8353463627924667
5007,5.677276326601609
5008,6.2645805101546825
5009,5.3312885401415615
5010,4.959002878018817
5011,6.254880199073261
5012,7.381857481093277
5013,4.461210620712369
5014,5.920446867632419
5015,4.469459197276523
5016,4.869268605685055
5017,6.217047478347666
5018,6.2645805101546825
5019,6.2645805101546825
5020,6.2645805101546825
5021,6.2645805101546825
5022,6.2645805101546825
5023,2.208138099522898
5024,2.796034754673381
5025,2.7988754700457164
5026,2.825142348888372
5027,2.796028089087914
5028,2.1971140975384333
5029,2.603191322597234
5030,3.839664635159733
5031,3.581506483578497
5032,2.4009728377489745
5033,2.9399113191010655
5034,2.796034754673381
5035,2.796034754673381
5036,2.796034754673381
5037,2.796034754673381
5038,2.796034754673381
5039,3.3727948215505146
5040,3.0787384968597253
5041,3.292622597712971
5042,3.219688443985695
5043,3.0787941051769145
5044,4.397021061713647
5045,3.4341631326938327
5046,2.4959497190937334
5047,2.9867975547128833
5048,3.947975499962676
5049,2.962699985983371
5050,3.0787384968597253
5051,3.0787384968597253
5052,3.0787384968597253
5053,3.0787384968597253
5054,3.0787384968597253
5055,5.793117783160014
5056,3.615839028822474
5057,3.7860610310732636
5058,4.1201061880618965
5059,3.6162687214725473
5060,5.127547266580106
5061,3.5156060309975223
5062,3.9935332032705424
5063,4.394902237276798
5064,3.655476433812174
5065,3.7543034489941984
5066,3.615839028822474
5067,3.615839028822474
5068,3.615839028822474
5069,3.615839028822474
5070,3.615839028822474
5071,10.556737187685695
5072,3.4825283206803097
5073,3.419117782612177
5074,3.4934438479803074
5075,3.4816865760368354
5076,2.6237272495823545
5077,3.7852321502754873
5078,2.8905415294675922
5079,2.606628559921488
5080,3.9425420901422203
5081,3.3216561547248475
5082,3.4825283206803097
5083,3.4825283206803097
5084,3.4825283206803097
5085,3.4825283206803097
5086,3.4825283206803097
5087,1.8954395170531773
5088,2.3105975708527833
5089,2.1013921751566964
5090,2.529749265498382
5091,2.309371900352723
5092,2.3260298753146085
5093,2.3204709998355018
5094,2.8472604977379974
5095,2.8082771164014217
5096,2.3150761885770006
5097,2.2853146837337874
5098,2.3105975708527833
5099,2.3105975708527833
5100,2.3105975708527833
5101,2.3105975708527833
5102,2.3105975708527833
5103,3.196699747086708
5104,6.945236451532701
5105,7.83734848531183
5106,6.695037461342825
5107,6.9504932855771395
5108,5.9358175809855425
5109,7.0537703623887165
5110,5.61070489788525
5111,4.871726912628007
5112,6.688216565538479
5113,7.012912088051988
5114,6.945236451532701
5115,6.945236451532701
5116,6.945236451532701
5117,6.945236451532701
5118,6.945236451532701
5119,3.3086085299161567
5120,4.697825673371745
5121,4.706383103443507
5122,4.792272803481401
5123,4.699244697303328
5124,4.403484865881567
5125,5.689181652640905
5126,5.354275455525994
5127,4.0072377981176714
5128,3.7845690256884756
5129,4.736650313210137
5130,4.697825673371745
5131,4.697825673371745
5132,4.697825673371745
5133,4.697825673371745
5134,4.697825673371745
5135,4.257363338908159
5136,4.150558496517512
5137,3.4059127572877164
5138,4.21687667294393
5139,4.157083944114986
5140,3.7982529321195777
5141,3.197083656765095
5142,3.451387684973219
5143,4.580078930969325
5144,4.712532975606332
5145,4.140724782677188
5146,4.150558496517512
5147,4.150558496517512
5148,4.150558496517512
5149,4.150558496517512
5150,4.150558496517512
5151,2.570254456478154
5152,2.8031986931320496
5153,2.949683054174959
5154,2.7989007893865603
5155,2.803219708242009
5156,2.903062075518546
5157,2.3122106905402555
5158,3.297932686167018
5159,3.1890315982125013
5160,2.5350261142317714
5161,2.7601379787580336
5162,2.8031986931320496
5163,2.8031986931320496
5164,2.8031986931320496
5165,2.8031986931320496
5166,2.8031986931320496
5167,3.009196714168624
5168,4.1876258765646295
5169,4.124750457973977
5170,4.178330112105157
5171,4.187072425283547
5172,4.461905375416305
5173,4.804830816903429
5174,3.2010519631355776
5175,3.6964638213471925
5176,4.896118286326751
5177,4.26809575830686
5178,4.1876258765646295
5179,4.1876258765646295
5180,4.1876258765646295
5181,4.1876258765646295
5182,4.1876258765646295
5183,4.028107361645626
5184,3.6981733020672394
5185,3.730252578458795
5186,3.522453663945075
5187,3.6967459029996137
5188,4.472198482862624
5189,3.726473976037446
5190,4.052427793973074
5191,3.7720329454433323
5192,4.195831155049247
5193,3.6443424698246023
5194,3.6981733020672394
5195,3.6981733020672394
5196,3.6981733020672394
5197,3.6981733020672394
5198,3.6981733020672394
5199,5.383247944809756
5200,3.255538151245909
5201,3.404520527255285
5202,3.161549084707323
5203,3.2573041720514837
5204,2.8197872140590783
5205,3.0544137679965444
5206,2.8758192361009134
5207,3.352548776077294
5208,2.917018078637868
5209,3.306050179980362
5210,3.255538151245909
5211,3.255538151245909
5212,3.255538151245909
5213,3.255538151245909
5214,3.255538151245909
5215,2.1944089025177544
5216,4.8454532014042
5217,4.75642827117908
5218,5.816204992005641
5219,4.8465404519460895
5220,4.335642964040536
5221,5.243141774815094
5222,6.9318045579143535
5223,4.6537332221671335
5224,3.2564161527202944
5225,4.765588099048969
5226,4.8454532014042
5227,4.8454532014042
5228,4.8454532014042
5229,4.8454532014042
5230,4.8454532014042
5231,4.757751672469696
5232,3.1198465522938874
5233,3.1530023873068624
5234,3.1552109936844235
5235,3.117635434970891
5236,2.976113049010676
5237,2.8693121237666848
5238,2.4969132219878016
5239,3.0011640860261606
5240,4.301051268325621
5241,3.1302408399158534
5242,3.1198465522938874
5243,3.1198465522938874
5244,3.1198465522938874
5245,3.1198465522938874
5246,3.1198465522938874
5247,2.919635518990827
5248,4.08876425030299
5249,4.3676832992887045
5250,4.017871772753978
5251,4.087521637903038
5252,5.620964773231391
5253,3.733123256145907
5254,3.6112157266755656
5255,3.9339908848446705
5256,4.068136519617771
5257,3.9327213933601843
5258,4.08876425030299
5259,4.08876425030299
5260,4.08876425030299
5261,4.08876425030299
5262,4.08876425030299
5263,4.548228668870543
5264,3.150293152236779
5265,2.826009326859798
5266,2.9055882965034643
5267,3.146658377368103
5268,2.5728997326768077
5269,3.6467303763837373
5270,3.6976839789362086
5271,3.0751209411991693
5272,3.4837383763716328
5273,3.2524017706153563
5274,3.150293152236779
5275,3.150293152236779
5276,3.150293152236779
5277,3.150293152236779
5278,3.150293152236779
5279,3.361413789900984
5280,4.162172683375587
5281,4.122582254491893
5282,4.4372187053772345
5283,4.162202653783632
5284,4.749865628993769
5285,5.300087732295678
5286,5.131787211239875
5287,4.394438676671021
5288,4.2360722020868815
5289,4.2596896015439425
5290,4.162172683375587
5291,4.162172683375587
5292,4.162172683375587
5293,4.162172683375587
5294,4.162172683375587
5295,8.67066804715598
5296,4.646679274518457
5297,5.22318053025547
5298,3.9089543790798316
5299,4.646378822423934
5300,3.540675589302442
5301,3.415644848785731
5302,3.292109820085658
5303,4.769653133180314
5304,4.508010610857184
5305,4.591461455048631
5306,4.646679274518457
5307,4.646679274518457
5308,4.646679274518457
5309,4.646679274518457
5310,4.646679274518457
5311,1.697376350871879
5312,8.15901868394639
5313,8.20593804388897
5314,8.224415005370329
5315,8.159134941962966
5316,6.373318364751423
5317,8.66168906458439
5318,7.588802646666196
5319,7.107929315990432
5320,5.972267139883153
5321,8.342424529827802
5322,8.15901868394639
5323,8.15901868394639
5324,8.15901868394639
5325,8.15901868394639
5326,8.15901868394639
5327,4.157039832502505
5328,1.6338978143971101
5329,1.571248397985848
5330,1.8877453000086872
5331,1.6331568566291528
5332,1.8514947735184006
5333,1.5677710928274295
5334,1.812157258036125
5335,1.845083530237242
5336,2.1605598221646916
5337,1.614317591680011
5338,1.6338978143971101
5339,1.6338978143971101
5340,1.6338978143971101
5341,1.6338978143971101
5342,1.6338978143971101
5343,3.1364895836036903
5344,3.1192356296241464
5345,3.124596955596739
5346,3.1776573828566987
5347,3.118706699823553
5348,2.1867937192158142
5349,3.163399949752029
5350,4.187539345877361
5351,3.6391214754748034
5352,4.581673034344339
5353,3.0332935805838255
5354,3.1192356296241464
5355,3.1192356296241464
5356,3.1192356296241464
5357,3.1192356296241464
5358,3.1192356296241464
5359,4.669932934062434
5360,2.726337289335126
5361,2.915475097483587
5362,2.761630237493395
5363,2.7263279714809983
5364,4.336653648065691
5365,2.7415246756848584
5366,2.324852257210838
5367,2.4688312486215382
5368,2.0965388273488887
5369,2.7697810701169145
5370,2.726337289335126
5371,2.726337289335126
5372,2.726337289335126
5373,2.726337289335126
5374,2.726337289335126
5375,2.934887304811497
5376,2.124044857630967
5377,2.107080825024185
5378,2.065673215231932
5379,2.124081167993958
5380,2.0002313762278447
5381,2.2856012131626646
5382,3.3262260096962986
5383,2.4698302366610583
5384,1.9953256874409353
5385,2.179303327039401
5386,2.124044857630967
5387,2.124044857630967
5388,2.124044857630967
5389,2.124044857630967
5390,2.124044857630967
5391,3.390340054328502
5392,6.814608706554522
5393,7.0760383566186045
5394,8.722774745891506
5395,6.8153152595023405
5396,6.513712082990903
5397,5.844278544374707
5398,4.715253466564866
5399,6.3038600314545645
5400,7.001690629688414
5401,6.6016634915947225
5402,6.814608706554522
5403,6.814608706554522
5404,6.814608706554522
5405,6.814608706554522
5406,6.814608706554522
5407,4.73600742001614
5408,4.341012433685997
5409,4.403979029727958
5410,4.363760050240507
5411,4.34046196742459
5412,5.023288022561593
5413,4.672010712969196
5414,4.375241710404314
5415,4.080657437742834
5416,3.8641448203500515
5417,4.299095682987551
5418,4.341012433685997
5419,4.341012433685997
5420,4.341012433685997
5421,4.341012433685997
5422,4.341012433685997
5423,4.645601079276973
5424,2.124061424929985
5425,2.1493193004907702
5426,2.079704869655883
5427,2.125475475277734
5428,2.1190609890964787
5429,1.9835769474452367
5430,2.2782889371484414
5431,2.6014435186678244
5432,2.5178308072009146
5433,2.141416788158651
5434,2.124061424929985
5435,2.124061424929985
5436,2.124061424929985
5437,2.124061424929985
5438,2.124061424929985
5439,3.0655137858063903
5440,2.5415923791960457
5441,2.5388255575963283
5442,2.55839761265421
5443,2.541558663229613
5444,2.596509941645944
5445,2.8159868314461822
5446,3.5361361908246693
5447,2.456950797389425
5448,1.7423166973366975
5449,2.4959133006594922
5450,2.5415923791960457
5451,2.5415923791960457
5452,2.5415923791960457
5453,2.5415923791960457
5454,2.5415923791960457
5455,2.6058235974157555
5456,4.8173551101997445
5457,4.573717114088377
5458,3.939218479458304
5459,4.805436633716579
5460,5.456518956051736
5461,4.200477345011387
5462,3.3727908612006017
5463,4.642722082241945
5464,7.345897099631612
5465,4.985459207087896
5466,4.8173551101997445
5467,4.8173551101997445
5468,4.8173551101997445
5469,4.8173551101997445
5470,4.8173551101997445
5471,4.156925948808471
5472,3.3781297789611737
5473,3.3346532130581266
5474,4.09132161045632
5475,3.3791184569833703
5476,3.649620876445156
5477,2.8427244636948785
5478,3.440301845134281
5479,3.118719507127661
5480,3.5643693752953727
5481,3.4584418632551244
5482,3.3781297789611737
5483,3.3781297789611737
5484,3.3781297789611737
5485,3.3781297789611737
5486,3.3781297789611737
5487,3.5018502233615147
5488,5.111580287290104
5489,5.091323797675143
5490,5.3860888642409295
5491,5.111920801693459
5492,4.340524227952723
5493,6.049657333716223
5494,4.760727680318469
5495,4.514153524485083
5496,4.4424696021298775
5497,4.960908561736156
5498,5.111580287290104
5499,5.111580287290104
5500,5.111580287290104
5501,5.111580287290104
5502,5.111580287290104
5503,3.685167235691709
5504,4.670254533534578
5505,4.757531074680973
5506,4.672509409863936
5507,4.67032967733332
5508,3.3966677233539735
5509,4.580587568653575
5510,5.218791599729093
5511,4.278964555161291
5512,5.1710379635099315
5513,4.671879801715537
5514,4.670254533534578
5515,4.670254533534578
5516,4.670254533534578
5517,4.670254533534578
5518,4.670254533534578
5519,3.9201448639859793
5520,2.621378696505775
5521,2.369766271885624
5522,2.322278789194894
5523,2.6202800466313847
5524,4.155584427809926
5525,2.7617494874442845
5526,2.436618059175776
5527,2.388978892970047
5528,2.5690827913432193
5529,2.618788568241359
5530,2.621378696505775
5531,2.621378696505775
5532,2.621378696505775
5533,2.621378696505775
5534,2.621378696505775
5535,3.143391428281748
5536,3.726728874026687
5537,3.7805622484491725
5538,3.963760493681269
5539,3.72645450033524
5540,2.706585901434256
5541,3.7946268512678487
5542,3.9603046311372734
5543,3.662182016085523
5544,3.5882530101489727
5545,3.743811348926453
5546,3.726728874026687
5547,3.726728874026687
5548,3.726728874026687
5549,3.726728874026687
5550,3.726728874026687
5551,2.722842533351996
5552,3.253447396098594
5553,3.7010011256825295
5554,3.323139002223374
5555,3.252503583111834
5556,4.083309309998033
5557,3.24258239373208
5558,3.2077421712196577
5559,3.1483426368777288
5560,3.32493982937019
5561,3.214417602830842
5562,3.253447396098594
5563,3.253447396098594
5564,3.253447396098594
5565,3.253447396098594
5566,3.253447396098594
5567,4.113506319678874
5568,2.3390710422012484
5569,2.3812913825349646
5570,2.3402253458793494
5571,2.3392400824600617
5572,2.5939615804406535
5573,2.308043270759881
5574,2.6437471963807244
5575,2.798590590823879
5576,3.0084179903315595
5577,2.4045577284588724
5578,2.3390710422012484
5579,2.3390710422012484
5580,2.3390710422012484
5581,2.3390710422012484
5582,2.3390710422012484
5583,4.685978916455481
5584,5.931073695304536
5585,5.717326403677349
5586,6.956013939034285
5587,5.937443261430115
5588,4.751703031672459
5589,6.160261769007856
5590,4.796415999729648
5591,5.639853949398348
5592,4.304656774578201
5593,5.793122944171731
5594,5.931073695304536
5595,5.931073695304536
5596,5.931073695304536
5597,5.931073695304536
5598,5.931073695304536
5599,2.8828868476136438
5600,4.039700742622069
5601,3.6119522599316487
5602,4.024312690281432
5603,4.039252709979293
5604,6.145965699330716
5605,5.562999248556915
5606,3.8514181591673387
5607,3.8923419126313012
5608,3.1169789380524655
5609,4.056593398798265
5610,4.039700742622069
5611,4.039700742622069
5612,4.039700742622069
5613,4.039700742622069
5614,4.039700742622069
5615,5.10043219109577
5616,2.825723309150519
5617,3.182790254428636
5618,2.6226055845962346
5619,2.8248680043261185
5620,2.058600830838476
5621,2.2338480882691547
5622,2.810047456042386
5623,3.5521971269661634
5624,4.203087068822016
5625,2.8196476632606915
5626,2.825723309150519
5627,2.825723309150519
5628,2.825723309150519
5629,2.825723309150519
5630,2.825723309150519
5631,2.9651833514172248
5632,2.6942856664136006
5633,2.6638656260576075
5634,2.6759037683367826
5635,2.69383634999535
5636,1.9878169713161535
5637,2.901923373459591
5638,2.7036653815539013
5639,3.440060384415608
5640,3.0136683195903284
5641,2.647589427168116
5642,2.6942856664136006
5643,2.6942856664136006
5644,2.6942856664136006
5645,2.6942856664136006
5646,2.6942856664136006
5647,3.0093966003735333
5648,5.3442997614030565
5649,4.380366699709745
5650,7.091980223015485
5651,5.3459120163776355
5652,6.537111438593893
5653,4.729822913114297
5654,5.769291598124924
5655,4.076557466716167
5656,5.203272996656747
5657,5.409048280984002
5658,5.3442997614030565
5659,5.3442997614030565
5660,5.3442997614030565
5661,5.3442997614030565
5662,5.3442997614030565
5663,4.309273179979143
5664,3.6398198756306512
5665,3.600493012414853
5666,3.639395574299095
5667,3.6406400688532847
5668,2.7739228653664303
5669,2.973829190807273
5670,3.2973136253477944
5671,4.7326099679052325
5672,4.261099126596131
5673,3.60119143427424
5674,3.6398198756306512
5675,3.6398198756306512
5676,3.6398198756306512
5677,3.6398198756306512
5678,3.6398198756306512
5679,3.061918551480491
5680,2.7802789529039282
5681,2.8143608266975306
5682,2.595975017088775
5683,2.77841246246829
5684,4.198207026686971
5685,3.3669426371038877
5686,3.061699627315486
5687,2.2519632963200658
5688,2.340129086910996
5689,2.7937991201871175
5690,2.7802789529039282
5691,2.7802789529039282
5692,2.7802789529039282
5693,2.7802789529039282
5694,2.7802789529039282
5695,3.54172155458076
5696,2.099346368942412
5697,2.116865043195528
5698,2.0702554819283723
5699,2.0999269147633384
5700,3.0423517720701954
5701,2.089414777187746
5702,1.9909171432538653
5703,3.2337782421947674
5704,1.78167701719343
5705,2.1364538721823694
5706,2.099346368942412
5707,2.099346368942412
5708,2.099346368942412
5709,2.099346368942412
5710,2.099346368942412
5711,3.8880401069196258
5712,7.692312687501207
5713,7.08059883697943
5714,6.494002025577932
5715,7.708971011017787
5716,5.789780340397962
5717,7.306343235474638
5718,7.05328974200762
5719,5.0778883919404265
5720,8.802597936562371
5721,7.647526136585665
5722,7.692312687501207
5723,7.692312687501207
5724,7.692312687501207
5725,7.692312687501207
5726,7.692312687501207
5727,3.1497043342987463
5728,2.9984360546882445
5729,2.992020316417381
5730,3.3520734029733887
5731,2.9981282187892435
5732,3.23755716959213
5733,2.88697949248767
5734,2.5359692802911247
5735,3.4171863851522972
5736,4.984153297326114
5737,2.9669606142581553
5738,2.9984360546882445
5739,2.9984360546882445
5740,2.9984360546882445
5741,2.9984360546882445
5742,2.9984360546882445
5743,4.9764891801976185
5744,4.861356707819069
5745,5.80959122631283
5746,5.006155451327909
5747,4.8611318812623345
5748,3.981575991439766
5749,4.932860999970121
5750,5.675521618828463
5751,4.384953540039486
5752,3.2832655441552747
5753,4.9221330684179785
5754,4.861356707819069
5755,4.861356707819069
5756,4.861356707819069
5757,4.861356707819069
5758,4.861356707819069
5759,3.172359341512892
5760,2.9203890914523023
5761,2.936046332439815
5762,2.923118802703162
5763,2.920345659860437
5764,3.233749414670483
5765,2.5525675964083696
5766,3.2256668954260306
5767,4.336565964629475
5768,2.6467100040772547
5769,2.9644432122059925
5770,2.9203890914523023
5771,2.9203890914523023
5772,2.9203890914523023
5773,2.9203890914523023
5774,2.9203890914523023
5775,4.262585210665156
5776,4.6455551927118295
5777,3.997314383167627
5778,3.2924630940922297
5779,4.643503175139712
5780,4.888618826937227
5781,6.179295443470999
5782,4.848097781002894
5783,3.0515208414900905
5784,4.601101902288024
5785,4.58631392887918
5786,4.6455551927118295
5787,4.6455551927118295
5788,4.6455551927118295
5789,4.6455551927118295
5790,4.6455551927118295
5791,2.7833427500199193
5792,3.617779449749667
5793,3.6084305588052157
5794,3.8137569642448272
5795,3.6192105023150405
5796,3.3405867973164654
5797,3.885552973205094
5798,2.3750003366150785
5799,4.039954855867172
5800,3.7016210014813877
5801,3.518866619270688
5802,3.617779449749667
5803,3.617779449749667
5804,3.617779449749667
5805,3.617779449749667
5806,3.617779449749667
5807,3.2018431063069452
5808,3.9906555107802353
5809,3.9161253705584125
5810,3.9075952560248655
5811,3.993065131656458
5812,3.9122654901517024
5813,3.5036587949882425
5814,6.044930340635132
5815,3.5148564948052123
5816,4.058475789235352
5817,4.073936683680861
5818,3.9906555107802353
5819,3.9906555107802353
5820,3.9906555107802353
5821,3.9906555107802353
5822,3.9906555107802353
5823,4.798007869620353
5824,2.603979789716465
5825,2.617743300115115
5826,2.557186816482566
5827,2.6036801312367603
5828,2.90164549803289
5829,2.375896859193369
5830,2.3564138474329517
5831,3.52252279401558
5832,3.3894433953551886
5833,2.504742283460107
5834,2.603979789716465
5835,2.603979789716465
5836,2.603979789716465
5837,2.603979789716465
5838,2.603979789716465
5839,3.9893375130142954
5840,5.082343467408698
5841,5.40024880235273
5842,5.728603425098507
5843,5.080402498467316
5844,4.230089393004542
5845,5.472896399918002
5846,5.027201572287459
5847,4.08734110703198
5848,3.9709803310300753
5849,5.280199970626491
5850,5.082343467408698
5851,5.082343467408698
5852,5.082343467408698
5853,5.082343467408698
5854,5.082343467408698
5855,3.8009334865622995
5856,2.5951327573675225
5857,2.495929508251654
5858,2.6507725954233257
5859,2.5959022567230066
5860,2.788306085849203
5861,2.493103117729051
5862,1.8807009281418512
5863,3.144693891265875
5864,1.9948465168876135
5865,2.6358726630588833
5866,2.5951327573675225
5867,2.5951327573675225
5868,2.5951327573675225
5869,2.5951327573675225
5870,2.5951327573675225
5871,1.8030240387879235
5872,3.9361708505667017
5873,4.052512210136932
5874,3.854901708911331
5875,3.9371842823638445
5876,4.302980355339565
5877,4.291988672349143
5878,5.553687987376121
5879,2.957736295322511
5880,4.808756065740461
5881,3.8970882959656006
5882,3.9361708505667017
5883,3.9361708505667017
5884,3.9361708505667017
5885,3.9361708505667017
5886,3.9361708505667017
5887,5.990057164850587
5888,3.83300794456576
5889,3.806690488940815
5890,3.9005268479997612
5891,3.831403164872194
5892,4.228546761208483
5893,3.874162743045805
5894,2.7760431770114047
5895,3.1504246168741656
5896,4.71361727307069
5897,3.7801037003955558
5898,3.83300794456576
5899,3.83300794456576
5900,3.83300794456576
5901,3.83300794456576
5902,3.83300794456576
5903,3.1026913168462174
5904,4.837557832944591
5905,4.098834937501285
5906,6.182928603328458
5907,4.830061434054814
5908,3.84464704733035
5909,4.729284585722084
5910,6.066803343369158
5911,6.537793256945491
5912,4.10861856946375
5913,4.9704871008578815
5914,4.837557832944591
5915,4.837557832944591
5916,4.837557832944591
5917,4.837557832944591
5918,4.837557832944591
5919,5.472648963542647
5920,2.6019809221385373
5921,2.6420872424895054
5922,2.5273921926374
5923,2.6019667274879796
5924,3.478867283468501
5925,2.6997622123087877
5926,2.979036148831638
5927,2.164689990186365
5928,2.856046416321877
5929,2.67885668805867
5930,2.6019809221385373
5931,2.6019809221385373
5932,2.6019809221385373
5933,2.6019809221385373
5934,2.6019809221385373
5935,3.7531115925543626
5936,3.9106017347533344
5937,4.128770230577724
5938,4.000834341377788
5939,3.9105747325007814
5940,3.30530558404211
5941,3.7145223217464327
5942,3.3912093564480874
5943,5.5347301240910305
5944,3.447201965824264
5945,3.7731691200401207
5946,3.9106017347533344
5947,3.9106017347533344
5948,3.9106017347533344
5949,3.9106017347533344
5950,3.9106017347533344
5951,3.6082985672167074
5952,3.8600074913853173
5953,3.9651310036915954
5954,3.744100891249735
5955,3.8606325798920986
5956,2.7789402275097173
5957,4.1036745957315794
5958,3.1419581525049276
5959,2.489361064193562
5960,5.621657553787571
5961,3.9652451445681707
5962,3.8600074913853173
5963,3.8600074913853173
5964,3.8600074913853173
5965,3.8600074913853173
5966,3.8600074913853173
5967,2.5875116474942437
5968,3.1206667501396956
5969,2.932962148411744
5970,2.938437608823379
5971,3.11878092477053
5972,4.868121752170644
5973,2.7924411212665423
5974,4.004900362065493
5975,4.335770017400985
5976,1.9518568510464178
5977,3.0053456012861908
5978,3.1206667501396956
5979,3.1206667501396956
5980,3.1206667501396956
5981,3.1206667501396956
5982,3.1206667501396956
5983,4.485896747652319
5984,5.442428053684716
5985,5.063225785463726
5986,6.329069811669323
5987,5.439870265034506
5988,4.449157573792843
5989,4.020900394122297
5990,6.331031297871793
5991,4.472214134753321
5992,4.670256403993421
5993,5.415435490959361
5994,5.442428053684716
5995,5.442428053684716
5996,5.442428053684716
5997,5.442428053684716
5998,5.442428053684716
5999,2.7217129038659498
6000,2.9382139558495863
6001,3.2729340653652867
6002,2.8787506938491814
6003,2.9423236216028634
6004,3.2055777921653905
6005,4.001553744920773
6006,2.8179456943574945
6007,3.1867450523913146
6008,3.7882135189825834
6009,2.9581152482976862
6010,2.9382139558495863
6011,2.9382139558495863
6012,2.9382139558495863
6013,2.9382139558495863
6014,2.9382139558495863
6015,5.173396469724415
6016,3.5569521441362975
6017,3.5736181759885506
6018,3.4493133757784644
6019,3.5581681573545976
6020,3.8417263523566034
6021,3.324640717256597
6022,2.799951621532667
6023,2.2936685653118043
6024,3.4579113108473947
6025,3.628216911784044
6026,3.5569521441362975
6027,3.5569521441362975
6028,3.5569521441362975
6029,3.5569521441362975
6030,3.5569521441362975
6031,1.724313176020493
6032,3.4962571700807725
6033,3.5274818898945117
6034,3.367514253531529
6035,3.500249119535961
6036,3.665507016928243
6037,3.914552000557653
6038,4.270556729122218
6039,4.704056221383358
6040,3.142712706651678
6041,3.439202059991957
6042,3.4962571700807725
6043,3.4962571700807725
6044,3.4962571700807725
6045,3.4962571700807725
6046,3.4962571700807725
6047,5.710129849675765
6048,3.682213645131551
6049,3.635729050352384
6050,4.225230104815568
6051,3.6823441399247634
6052,3.6308957783387594
6053,3.3457186942832897
6054,2.919706987882458
6055,2.9687037323395247
6056,3.73200539860593
6057,3.6759210944562777
6058,3.682213645131551
6059,3.682213645131551
6060,3.682213645131551
6061,3.682213645131551
6062,3.682213645131551
6063,2.27334357337069
6064,4.385627424996414
6065,4.391994644053522
6066,4.2863263127600835
6067,4.386774750446487
6068,3.916829188253885
6069,5.291060520613256
6070,4.872996858874356
6071,4.6650755421405385
6072,4.481054914173599
6073,4.415998591290159
6074,4.385627424996414
6075,4.385627424996414
6076,4.385627424996414
6077,4.385627424996414
6078,4.385627424996414
6079,5.3525682433574975
6080,5.343924972664324
6081,5.330766961988027
6082,5.383746219010247
6083,5.344121816877626
6084,4.6513703167464
6085,4.648811881301528
6086,4.15693493619597
6087,4.629484862570705
6088,4.154396667193912
6089,5.3304234222236255
6090,5.343924972664324
6091,5.343924972664324
6092,5.343924972664324
6093,5.343924972664324
6094,5.343924972664324
6095,2.241048121010534
6096,2.226744888677276
6097,2.3791217526800534
6098,2.2485775602237523
6099,2.2269285694169163
6100,2.233574202123537
6101,2.7766017235970883
6102,3.112896194778787
6103,3.195219215703498
6104,2.8844206108564374
6105,2.2177882622429768
6106,2.226744888677276
6107,2.226744888677276
6108,2.226744888677276
6109,2.226744888677276
6110,2.226744888677276
6111,7.896376268375464
6112,3.330168146947157
6113,3.320912908751565
6114,3.4313679772433705
6115,3.3305232363416417
6116,3.9665943342569436
6117,4.033514855046221
6118,3.045420369473705
6119,2.5693454783224157
6120,3.9534544108615384
6121,3.350222657881065
6122,3.330168146947157
6123,3.330168146947157
6124,3.330168146947157
6125,3.330168146947157
6126,3.330168146947157
6127,4.25494212198082
6128,3.311281629867331
6129,3.342182852578321
6130,3.3014369999041926
6131,3.3095774052525275
6132,2.9659263898747965
6133,2.763101102822256
6134,3.6902503600338132
6135,4.369731042317592
6136,2.5184229733435153
6137,3.2878300556126057
6138,3.311281629867331
6139,3.311281629867331
6140,3.311281629867331
6141,3.311281629867331
6142,3.311281629867331
6143,2.7692933992111173
6144,3.9359457531520086
6145,4.081692369225134
6146,3.878591631138721
6147,3.935175596066656
6148,3.4347122131403363
6149,4.513013751918228
6150,5.058927439878082
6151,4.387386940778094
6152,2.622983925349963
6153,3.8818139872892474
6154,3.9359457531520086
6155,3.9359457531520086
6156,3.9359457531520086
6157,3.9359457531520086
6158,3.9359457531520086
6159,3.690310065104197
6160,4.229955544160234
6161,3.2491665288654534
6162,3.760702800109739
6163,4.2345867276143485
6164,5.427974001470211
6165,3.249453401775692
6166,3.098969115127426
6167,3.7293732187295747
6168,6.637613718688732
6169,4.286509033890879
6170,4.229955544160234
6171,4.229955544160234
6172,4.229955544160234
6173,4.229955544160234
6174,4.229955544160234
6175,3.2775049987652363
6176,5.383855841600465
6177,5.392040378562415
6178,5.315978053312321
6179,5.382989553959624
6180,3.7559699002535067
6181,4.527427142997946
6182,5.743823058277531
6183,4.924566735928131
6184,6.632411494561766
6185,5.572944593119555
6186,5.383855841600465
6187,5.383855841600465
6188,5.383855841600465
6189,5.383855841600465
6190,5.383855841600465
6191,3.855771872015493
6192,3.0823439678635576
6193,3.124698364988677
6194,3.5101489209342605
6195,3.0812170160777583
6196,3.7000423119213037
6197,3.719299361216658
6198,2.657973279732137
6199,3.5431525188646247
6200,2.775571278730163
6201,2.945391620033089
6202,3.0823439678635576
6203,3.0823439678635576
6204,3.0823439678635576
6205,3.0823439678635576
6206,3.0823439678635576
6207,4.675903294013661
6208,3.0049211364548256
6209,3.0046414602604488
6210,3.1512873800874046
6211,3.0060318710094474
6212,4.054515812057082
6213,2.7967599341162823
6214,3.906746666592488
6215,3.027578237324749
6216,2.680935031502885
6217,3.081022444617538
6218,3.0049211364548256
6219,3.0049211364548256
6220,3.0049211364548256
6221,3.0049211364548256
6222,3.0049211364548256
6223,4.880403579854599
6224,4.761019239877089
6225,4.4584930654893435
6226,4.488770591261196
6227,4.766191740326112
6228,2.96624073550571
6229,5.097383698230763
6230,3.9326364517107315
6231,4.867779034295167
6232,5.792216859549157
6233,4.651444908877265
6234,4.761019239877089
6235,4.761019239877089
6236,4.761019239877089
6237,4.761019239877089
6238,4.761019239877089
6239,2.9207724028694795
6240,3.857159922970806
6241,3.618557079993391
6242,3.95328319779363
6243,3.856699514117468
6244,5.113377760417196
6245,3.6856163844441743
6246,4.557132243212946
6247,3.9474688663254796
6248,3.517108654001863
6249,3.8233021439458392
6250,3.857159922970806
6251,3.857159922970806
6252,3.857159922970806
6253,3.857159922970806
6254,3.857159922970806
6255,5.044818843736404
6256,2.696827128222407
6257,3.342000883371013
6258,2.4321768276294473
6259,2.697436917289054
6260,2.3496272632608353
6261,2.736354702074701
6262,2.318442196721816
6263,2.707589459029509
6264,2.892263156953329
6265,2.7417073870757367
6266,2.696827128222407
6267,2.696827128222407
6268,2.696827128222407
6269,2.696827128222407
6270,2.696827128222407
6271,2.0495080367359266
6272,5.583551326218677
6273,5.564891581581857
6274,5.699831271908837
6275,5.584057466276576
6276,5.116831200809546
6277,4.505291844994556
6278,6.786068043798967
6279,5.443562884261765
6280,6.96984979432243
6281,5.648599809653468
6282,5.583551326218677
6283,5.583551326218677
6284,5.583551326218677
6285,5.583551326218677
6286,5.583551326218677
6287,6.2129406165941905
6288,2.5723110437171854
6289,2.5165230885455827
6290,2.523865008902383
6291,2.571857505037667
6292,2.410184729022017
6293,3.4092771725996425
6294,1.9878821849909847
6295,2.5744343970834835
6296,2.069232854009859
6297,2.5266121972660036
6298,2.5723110437171854
6299,2.5723110437171854
6300,2.5723110437171854
6301,2.5723110437171854
6302,2.5723110437171854
6303,1.8321524386810961
6304,5.749540431208342
6305,6.161085373632486
6306,5.783995570265934
6307,5.749493594504723
6308,5.445765551136327
6309,6.369761267238162
6310,5.242561774178153
6311,5.740805119412723
6312,4.297597606742698
6313,5.70993777637841
6314,5.749540431208342
6315,5.749540431208342
6316,5.749540431208342
6317,5.749540431208342
6318,5.749540431208342
6319,4.568547807903088
6320,1.9496487412860661
6321,1.9259236609198938
6322,1.856922690140696
6323,1.952115573913603
6324,2.345259622392929
6325,1.7354660387011127
6326,2.0851418489475746
6327,1.9108928794194617
6328,2.409856448990589
6329,1.9688060956708489
6330,1.9496487412860661
6331,1.9496487412860661
6332,1.9496487412860661
6333,1.9496487412860661
6334,1.9496487412860661
6335,2.6246087292356224
6336,3.6304555573638897
6337,3.6173008215954776
6338,3.6298972074860845
6339,3.630454652092076
6340,4.258217488557967
6341,3.594130625693497
6342,4.8801117597209975
6343,4.305308879666487
6344,3.3996592743829783
6345,3.648886598822888
6346,3.6304555573638897
6347,3.6304555573638897
6348,3.6304555573638897
6349,3.6304555573638897
6350,3.6304555573638897
6351,6.284072898970134
6352,3.187598442545242
6353,3.458950721456881
6354,2.909284358773059
6355,3.182310787386251
6356,3.0440716629244546
6357,3.2244017863696826
6358,2.468311408586965
6359,2.956204200107886
6360,2.9988528789461473
6361,3.1841548166701696
6362,3.187598442545242
6363,3.187598442545242
6364,3.187598442545242
6365,3.187598442545242
6366,3.187598442545242
6367,1.9984481591236656
6368,4.132568104746902
6369,4.0902142910323995
6370,4.132962192848542
6371,4.132322422672681
6372,3.3799043105280195
6373,4.006809980180892
6374,3.7420542687894036
6375,3.4735044804069704
6376,4.372790968727956
6377,4.182613063819376
6378,4.132568104746902
6379,4.132568104746902
6380,4.132568104746902
6381,4.132568104746902
6382,4.132568104746902
6383,2.6536637306204316
6384,3.4973020074278987
6385,3.5317116908078874
6386,4.140941021663187
6387,3.497143559276558
6388,3.5321442776051373
6389,3.8017952221340656
6390,4.311538260357694
6391,3.754019758850524
6392,3.440067709646684
6393,3.4615158900431005
6394,3.4973020074278987
6395,3.4973020074278987
6396,3.4973020074278987
6397,3.4973020074278987
6398,3.4973020074278987
6399,6.118423355209878
6400,2.4158504862759105
6401,2.38810262719882
6402,2.333793707059563
6403,2.4149808085953355
6404,3.3626040396310515
6405,2.3343156758428174
6406,2.525934782747648
6407,1.973545695470121
6408,2.814246034179773
6409,2.4122730623913
6410,2.4158504862759105
6411,2.4158504862759105
6412,2.4158504862759105
6413,2.4158504862759105
6414,2.4158504862759105
6415,3.131448299146111
6416,5.610743006717553
6417,4.822388225276144
6418,5.550493956832942
6419,5.600094460318188
6420,4.704864836170892
6421,6.185622464620212
6422,5.356797763509002
6423,5.916308419111844
6424,4.482839462189104
6425,5.6521536095778036
6426,5.610743006717553
6427,5.610743006717553
6428,5.610743006717553
6429,5.610743006717553
6430,5.610743006717553
6431,3.566388316549278
6432,2.8930428562942825
6433,2.8187469362441693
6434,2.8700479085973227
6435,2.893804345040569
6436,3.5994046896932756
6437,2.5021109784370106
6438,4.470173006987291
6439,3.1855366213131453
6440,2.0152779662531644
6441,2.911101768364223
6442,2.8930428562942825
6443,2.8930428562942825
6444,2.8930428562942825
6445,2.8930428562942825
6446,2.8930428562942825
6447,3.7463008523568293
6448,4.879278923715298
6449,6.309183375260606
6450,4.724582122114106
6451,4.883611228998008
6452,3.496342907713467
6453,5.373050867045245
6454,3.7488778320530676
6455,4.0094738108414605
6456,8.036206417894375
6457,4.871909339707854
6458,4.879278923715298
6459,4.879278923715298
6460,4.879278923715298
6461,4.879278923715298
6462,4.879278923715298
6463,4.942775166546261
6464,3.788906231575848
6465,3.8792090429737
6466,3.967758783735067
6467,3.789096947209111
6468,2.6033961179874847
6469,4.375296974170803
6470,3.6949529669164876
6471,3.9942006839066533
6472,3.563936649577823
6473,3.7753380765162716
6474,3.788906231575848
6475,3.788906231575848
6476,3.788906231575848
6477,3.788906231575848
6478,3.788906231575848
6479,3.5415069782936572
6480,4.338145972850921
6481,3.8414628326909503
6482,3.7687258595668207
6483,4.336262253644014
6484,5.4084073716874705
6485,3.4763594363944006
6486,4.480720159228246
6487,4.86970084260966
6488,5.057188867103119
6489,4.3291564777494065
6490,4.338145972850921
6491,4.338145972850921
6492,4.338145972850921
6493,4.338145972850921
6494,4.338145972850921
6495,5.394340090408455
6496,2.7991546028659346
6497,2.7596461240468435
6498,2.994101994944055
6499,2.7983207871620457
6500,2.7304948854052435
6501,2.5471513397438144
6502,3.984216174663129
6503,3.035742940246466
6504,2.289254929534132
6505,2.7347408386364846
6506,2.7991546028659346
6507,2.7991546028659346
6508,2.7991546028659346
6509,2.7991546028659346
6510,2.7991546028659346
6511,2.9367270644395034
6512,3.6069837799394397
6513,3.6967400711485725
6514,3.675512815367039
6515,3.6071033444755103
6516,4.287575861464997
6517,4.0281623875808865
6518,2.2782533791193713
6519,3.8414513965948363
6520,4.33666862309437
6521,3.6810926322555946
6522,3.6069837799394397
6523,3.6069837799394397
6524,3.6069837799394397
6525,3.6069837799394397
6526,3.6069837799394397
6527,4.029669547492666
6528,3.61057556269531
6529,3.6098850318260913
6530,3.7254260665260746
6531,3.6107136075286723
6532,3.2035291010586375
6533,3.620672909257919
6534,3.5182819917935073
6535,3.7193696686043727
6536,2.902644165451161
6537,3.6504628047077365
6538,3.61057556269531
6539,3.61057556269531
6540,3.61057556269531
6541,3.61057556269531
6542,3.61057556269531
6543,2.681654344666475
6544,3.8531900579117537
6545,4.235604767006434
6546,3.107940488393902
6547,3.863808703189292
6548,3.8515496076934275
6549,4.017629226565976
6550,3.9552771179643846
6551,4.161832167773953
6552,4.971919994735124
6553,3.847331480095651
6554,3.8531900579117537
6555,3.8531900579117537
6556,3.8531900579117537
6557,3.8531900579117537
6558,3.8531900579117537
6559,4.573683835409662
6560,1.954698497349974
6561,1.952200591151148
6562,1.9544596278596307
6563,1.9547828456767196
6564,2.1053801033881476
6565,2.0088181023902094
6566,2.434412278349344
6567,2.068604295316599
6568,2.4078856740330146
6569,1.8925215170223757
6570,1.954698497349974
6571,1.954698497349974
6572,1.954698497349974
6573,1.954698497349974
6574,1.954698497349974
6575,3.403268456422471
6576,4.729755624016259
6577,4.814884259778353
6578,4.630295443955562
6579,4.728800556977056
6580,5.149878767164663
6581,4.610625604494398
6582,4.209359485266147
6583,4.9155520330565405
6584,3.4710845702942095
6585,4.8777305499517905
6586,4.729755624016259
6587,4.729755624016259
6588,4.729755624016259
6589,4.729755624016259
6590,4.729755624016259
6591,3.4874917347295873
6592,4.5099072436391126
6593,4.521575735605767
6594,4.39515041605584
6595,4.5100372516744685
6596,4.276333966504618
6597,3.737908955188916
6598,4.6438053355216695
6599,3.8633891179012765
6600,4.3087458504587675
6601,4.330864430173168
6602,4.5099072436391126
6603,4.5099072436391126
6604,4.5099072436391126
6605,4.5099072436391126
6606,4.5099072436391126
6607,2.8045237568959984
6608,2.2329924645579786
6609,2.2390401538485927
6610,2.3084675120875113
6611,2.2330185531469624
6612,2.863969738225072
6613,2.9297599094980455
6614,2.1136610600855468
6615,2.4951073755309823
6616,2.0822361594443093
6617,2.2886960576636493
6618,2.2329924645579786
6619,2.2329924645579786
6620,2.2329924645579786
6621,2.2329924645579786
6622,2.2329924645579786
6623,4.071473649097503
6624,4.641875854228528
6625,4.431909956409178
6626,4.597620025605736
6627,4.646164372894476
6628,4.709671921706318
6629,4.864006518648074
6630,4.749724071484799
6631,4.7807879668941045
6632,4.5466049813715115
6633,4.7600817227309475
6634,4.641875854228528
6635,4.641875854228528
6636,4.641875854228528
6637,4.641875854228528
6638,4.641875854228528
6639,4.959733737479963
6640,3.5986982013153153
6641,3.6083885494181005
6642,3.927696194397396
6643,3.597405575227624
6644,3.0990808283171094
6645,3.5829898764611214
6646,3.073954438521534
6647,2.7271088123019083
6648,3.871892772791682
6649,3.534457937505316
6650,3.5986982013153153
6651,3.5986982013153153
6652,3.5986982013153153
6653,3.5986982013153153
6654,3.5986982013153153
6655,2.316032553668101
6656,2.130545827256485
6657,2.1051398653988045
6658,2.023321903740663
6659,2.131036970540902
6660,2.235434582678476
6661,2.4668356726527714
6662,1.839692036858263
6663,2.6945983479479234
6664,2.9835370344490477
6665,2.1667380170487474
6666,2.130545827256485
6667,2.130545827256485
6668,2.130545827256485
6669,2.130545827256485
6670,2.130545827256485
6671,3.975490007562777
6672,6.275427114599244
6673,5.2929983853105504
6674,6.998380230751828
6675,6.28986629945064
6676,7.00679528669336
6677,4.871658562712344
6678,7.552324542648708
6679,4.627411382486116
6680,4.320865098237645
6681,6.131203543846723
6682,6.275427114599244
6683,6.275427114599244
6684,6.275427114599244
6685,6.275427114599244
6686,6.275427114599244
6687,2.982802954709389
6688,3.071056349873366
6689,3.1532301025404927
6690,3.09163900106609
6691,3.0710395996014674
6692,2.6052590537417473
6693,2.7810361311025273
6694,3.259946823884375
6695,4.010103819112032
6696,2.5812153040318333
6697,3.040375689780584
6698,3.071056349873366
6699,3.071056349873366
6700,3.071056349873366
6701,3.071056349873366
6702,3.071056349873366
6703,2.7731910734284497
6704,4.858005661059292
6705,4.676753535118785
6706,5.391618248108869
6707,4.85599638009966
6708,5.038519182402085
6709,5.268772623099995
6710,4.82226909232276
6711,3.751502820913643
6712,5.287612404130688
6713,5.002928930219103
6714,4.858005661059292
6715,4.858005661059292
6716,4.858005661059292
6717,4.858005661059292
6718,4.858005661059292
6719,4.902846669165252
6720,4.350393537689957
6721,4.346394433875857
6722,4.46736095801981
6723,4.350415747108319
6724,4.554278353215699
6725,4.3836360834606936
6726,3.82736269756176
6727,5.0731247275434175
6728,4.615527795844954
6729,4.285153998730296
6730,4.350393537689957
6731,4.350393537689957
6732,4.350393537689957
6733,4.350393537689957
6734,4.350393537689957
6735,5.048980060209954
6736,4.256087100027342
6737,5.068975209855925
6738,3.1058297200062763
6739,4.256653640856942
6740,3.50605132575046
6741,3.975006250935327
6742,4.513527350886851
6743,3.853647962008795
6744,3.498999434106755
6745,4.331989261954343
6746,4.256087100027342
6747,4.256087100027342
6748,4.256087100027342
6749,4.256087100027342
6750,4.256087100027342
6751,2.060992937090554
6752,2.482084668224612
6753,2.4539029198224096
6754,2.582157421349894
6755,2.4832569353396403
6756,2.4105917077086585
6757,2.4230265694952906
6758,2.2327799963537394
6759,3.4708994665282207
6760,3.037651081780838
6761,2.558215050945733
6762,2.482084668224612
6763,2.482084668224612
6764,2.482084668224612
6765,2.482084668224612
6766,2.482084668224612
6767,3.8191242341755123
6768,4.507452034778575
6769,4.591830046010317
6770,4.4874164011189395
6771,4.50600549812793
6772,5.591641164926244
6773,4.4984293460562705
6774,4.519321870528636
6775,3.010102042213226
6776,3.848410017817324
6777,4.313031518902547
6778,4.507452034778575
6779,4.507452034778575
6780,4.507452034778575
6781,4.507452034778575
6782,4.507452034778575
6783,3.0479759967942552
6784,4.05918414593031
6785,4.243253793141006
6786,4.283237340914936
6787,4.058906260567786
6788,5.284753120704601
6789,3.664778141424544
6790,2.9848110309716422
6791,4.463139670832662
6792,2.8861789095841814
6793,4.092691378588171
6794,4.05918414593031
6795,4.05918414593031
6796,4.05918414593031
6797,4.05918414593031
6798,4.05918414593031
6799,3.23894136732338
6800,3.3184410113271867
6801,2.822636278366786
6802,2.8925220225052106
6803,3.309007818000202
6804,2.2899225587866074
6805,3.8255519052503884
6806,4.908793573017521
6807,2.836920525311951
6808,4.5159883130456135
6809,3.2719215474242676
6810,3.3184410113271867
6811,3.3184410113271867
6812,3.3184410113271867
6813,3.3184410113271867
6814,3.3184410113271867
6815,3.672869360194779
6816,1.5656235829103455
6817,1.5801907494389447
6818,1.558269077163984
6819,1.5655406469768653
6820,2.2417195518971296
6821,1.8594174009392839
6822,1.567099584446268
6823,2.3392949792020623
6824,2.1631953445332615
6825,1.60036219831501
6826,1.5656235829103455
6827,1.5656235829103455
6828,1.5656235829103455
6829,1.5656235829103455
6830,1.5656235829103455
6831,5.708331704907499
6832,5.982230979282716
6833,6.132939423592156
6834,5.990852264788577
6835,5.982525150819645
6836,4.921818226339721
6837,5.145261490771833
6838,6.457937115677564
6839,4.244690544041839
6840,4.732375636144058
6841,5.897187151452057
6842,5.982230979282716
6843,5.982230979282716
6844,5.982230979282716
6845,5.982230979282716
6846,5.982230979282716
6847,2.621201257452907
6848,3.5334351169157148
6849,3.534002890788484
6850,3.4494793933134265
6851,3.5334138892582447
6852,3.3589380759033767
6853,3.7262805535621224
6854,2.281067592786274
6855,4.619745683716208
6856,3.5551588110165673
6857,3.582125931168355
6858,3.5334351169157148
6859,3.5334351169157148
6860,3.5334351169157148
6861,3.5334351169157148
6862,3.5334351169157148
6863,3.0703053319907396
6864,3.718923944591323
6865,3.6402749845508646
6866,3.760322233635936
6867,3.719829080452006
6868,4.590186147647571
6869,3.547959889963411
6870,5.354784861155964
6871,2.792707252069634
6872,3.98716603066727
6873,3.6557808890823775
6874,3.718923944591323
6875,3.718923944591323
6876,3.718923944591323
6877,3.718923944591323
6878,3.718923944591323
6879,4.924548835145754
6880,3.627473077358858
6881,3.4566935850180496
6882,3.593754529636788
6883,3.625594865955112
6884,2.4015806808809366
6885,3.9513627268989797
6886,3.6535900511866584
6887,4.830002730243719
6888,3.798535081946582
6889,3.602595132312029
6890,3.627473077358858
6891,3.627473077358858
6892,3.627473077358858
6893,3.627473077358858
6894,3.627473077358858
6895,3.4461631394291103
6896,4.540438156120892
6897,6.126390157553917
6898,4.569499856277383
6899,4.545507847041624
6900,5.88367704326962
6901,4.09484410963743
6902,4.354071541991557
6903,3.5954272891926067
6904,4.206949649094577
6905,4.567204859242021
6906,4.540438156120892
6907,4.540438156120892
6908,4.540438156120892
6909,4.540438156120892
6910,4.540438156120892
6911,5.041603222166054
6912,3.967367011164472
6913,3.9674714734466536
6914,3.968490038724238
6915,3.968177961963321
6916,3.926810350421031
6917,3.837097303342749
6918,4.131523145326323
6919,2.818970976328613
6920,3.6967610088091694
6921,3.958723106275795
6922,3.967367011164472
6923,3.967367011164472
6924,3.967367011164472
6925,3.967367011164472
6926,3.967367011164472
6927,2.6195186245895457
6928,4.0522636050136285
6929,3.919156533964462
6930,3.364534607842293
6931,4.0471358221537965
6932,4.698357336998515
6933,4.2955426579133595
6934,3.584140092863785
6935,4.7897117442552
6936,4.518587140355102
6937,4.048097142621972
6938,4.0522636050136285
6939,4.0522636050136285
6940,4.0522636050136285
6941,4.0522636050136285
6942,4.0522636050136285
6943,4.667299282685736
6944,4.851074302331599
6945,4.85248876751542
6946,4.857564954700701
6947,4.851294081783076
6948,4.581930995148548
6949,4.741980120270402
6950,3.8851929602967794
6951,3.532256809441338
6952,6.885531556089985
6953,4.730259158851885
6954,4.851074302331599
6955,4.851074302331599
6956,4.851074302331599
6957,4.851074302331599
6958,4.851074302331599
6959,3.608775883164728
6960,3.2828830478731033
6961,3.269140174274973
6962,3.837508818002714
6963,3.284249921963989
6964,3.0115126789462137
6965,3.281369642455718
6966,4.0584540349709135
6967,3.9944818398389854
6968,2.1597955732551672
6969,3.3525228482689626
6970,3.2828830478731033
6971,3.2828830478731033
6972,3.2828830478731033
6973,3.2828830478731033
6974,3.2828830478731033
6975,3.4570290266094226
6976,2.1528832194725673
6977,2.1507918379342406
6978,1.9939595902732237
6979,2.1516975643466565
6980,1.7404490873479055
6981,2.5331645290308926
6982,2.738144294536208
6983,2.0961245883752206
6984,2.2342756221531808
6985,2.132241649362921
6986,2.1528832194725673
6987,2.1528832194725673
6988,2.1528832194725673
6989,2.1528832194725673
6990,2.1528832194725673
6991,2.8558682897658776
6992,6.072922714886797
6993,6.083378411588313
6994,5.822753055020246
6995,6.068904851390325
6996,6.30462372445899
6997,4.4608626884681275
6998,5.691062152246434
6999,7.578876342505954
7000,5.026452169591094
7001,6.137963897921377
7002,6.072922714886797
7003,6.072922714886797
7004,6.072922714886797
7005,6.072922714886797
7006,6.072922714886797
7007,4.582609717424523
7008,4.56243312950243
7009,4.652251038886393
7010,4.687191418992415
7011,4.563016011952074
7012,5.133262256956283
7013,4.180852990531065
7014,3.380903043725145
7015,3.182406678547494
7016,5.167741274112126
7017,4.56467495344987
7018,4.56243312950243
7019,4.56243312950243
7020,4.56243312950243
7021,4.56243312950243
7022,4.56243312950243
7023,2.880264444308193
7024,2.4224794550290554
7025,2.413499223215292
7026,2.331817580826081
7027,2.4230190081111016
7028,2.4307774434358267
7029,2.643940951100349
7030,3.179683787298579
7031,3.695737427911237
7032,2.2768463159711585
7033,2.432894470250893
7034,2.4224794550290554
7035,2.4224794550290554
7036,2.4224794550290554
7037,2.4224794550290554
7038,2.4224794550290554
7039,4.745014401674371
7040,3.344406904039323
7041,3.3286643776057563
7042,3.41542319929191
7043,3.343910900788747
7044,2.3209495131533204
7045,3.8780948295509035
7046,2.749680770214711
7047,3.074904742751325
7048,4.530472442203726
7049,3.2246018772572635
7050,3.344406904039323
7051,3.344406904039323
7052,3.344406904039323
7053,3.344406904039323
7054,3.344406904039323
7055,3.031915210001401
7056,4.520144068473691
7057,4.173951269246266
7058,4.232277575155868
7059,4.5230870316759715
7060,5.635794491693703
7061,4.087797231219961
7062,4.627239889688175
7063,5.303845569440262
7064,3.185202550480514
7065,4.625155028994016
7066,4.520144068473691
7067,4.520144068473691
7068,4.520144068473691
7069,4.520144068473691
7070,4.520144068473691
7071,4.388361183660908
7072,4.906877409909624
7073,4.82783093372629
7074,4.953212613831193
7075,4.907562391980043
7076,4.162660858660523
7077,5.338142898905897
7078,3.76720738903688
7079,3.6687888096118164
7080,3.91136400796146
7081,5.046463345413434
7082,4.906877409909624
7083,4.906877409909624
7084,4.906877409909624
7085,4.906877409909624
7086,4.906877409909624
7087,2.0701488078056998
7088,2.1916462576012976
7089,2.561057688524668
7090,1.8998700839521587
7091,2.187599258994938
7092,2.95161247879491
7093,1.9897475326799117
7094,2.924110546406681
7095,3.6113454734516695
7096,3.195533845442868
7097,2.146285971340855
7098,2.1916462576012976
7099,2.1916462576012976
7100,2.1916462576012976
7101,2.1916462576012976
7102,2.1916462576012976
7103,7.423797563519091
7104,3.5575262138633437
7105,3.937804845717183
7106,3.5650894717354484
7107,3.55763232370302
7108,5.014255717470997
7109,2.975149067976799
7110,3.1211410783442455
7111,2.5613279334357855
7112,3.8184668806877937
7113,3.6038080131886554
7114,3.5575262138633437
7115,3.5575262138633437
7116,3.5575262138633437
7117,3.5575262138633437
7118,3.5575262138633437
7119,3.2027718374096947
7120,2.9896380742729995
7121,2.9156028951890396
7122,2.935722741411288
7123,2.9910108565014424
7124,2.525585238599702
7125,3.64329467223107
7126,3.5985844607924315
7127,3.6346213600259425
7128,3.0740059301889304
7129,2.9699257381887163
7130,2.9896380742729995
7131,2.9896380742729995
7132,2.9896380742729995
7133,2.9896380742729995
7134,2.9896380742729995
7135,4.355412203776047
7136,3.376330003246335
7137,3.3316125368181555
7138,3.381948673492068
7139,3.3764271417740566
7140,4.694331258967891
7141,4.09060670938928
7142,2.7150652353542117
7143,2.5341692053955343
7144,3.2057441261427955
7145,3.290730063898317
7146,3.376330003246335
7147,3.376330003246335
7148,3.376330003246335
7149,3.376330003246335
7150,3.376330003246335
7151,2.9855004167801504
7152,3.7625168283467683
7153,3.9523139542901276
7154,4.159484286188824
7155,3.7625329584083467
7156,2.3247031455778324
7157,3.309829463233646
7158,4.826303646415228
7159,4.688524492793687
7160,3.963087684277493
7161,3.8706345365457615
7162,3.7625168283467683
7163,3.7625168283467683
7164,3.7625168283467683
7165,3.7625168283467683
7166,3.7625168283467683
7167,4.37607473204451
7168,3.4960411614050746
7169,3.500852754903971
7170,3.4843806408238023
7171,3.496751021829256
7172,3.0804102335828327
7173,3.6219693083322073
7174,3.1311504437465767
7175,3.174786563000915
7176,2.9804257105088783
7177,3.6382578785360806
7178,3.4960411614050746
7179,3.4960411614050746
7180,3.4960411614050746
7181,3.4960411614050746
7182,3.4960411614050746
7183,2.3490181271460764
7184,4.191275594401629
7185,3.6468484284621603
7186,3.776623093842624
7187,4.185734053670856
7188,4.098418949921687
7189,3.9217260639186873
7190,4.903814713315904
7191,4.74964852984868
7192,4.604166302050834
7193,4.080431765081898
7194,4.191275594401629
7195,4.191275594401629
7196,4.191275594401629
7197,4.191275594401629
7198,4.191275594401629
7199,4.5646420961827285
7200,2.6271848519158274
7201,2.856860227769339
7202,2.989208868360073
7203,2.626874514636232
7204,2.949588605628862
7205,2.6317373476788477
7206,2.21632916196726
7207,2.8925604247187673
7208,2.2505011496955487
7209,2.6721060655397384
7210,2.6271848519158274
7211,2.6271848519158274
7212,2.6271848519158274
7213,2.6271848519158274
7214,2.6271848519158274
7215,3.290863096169242
7216,4.502909337110387
7217,4.210311253280486
7218,3.631207548080001
7219,4.511017535052388
7220,4.579876723567758
7221,4.369613385871528
7222,5.883187798972361
7223,3.9509793402563638
7224,5.467048144683258
7225,4.342622754895027
7226,4.502909337110387
7227,4.502909337110387
7228,4.502909337110387
7229,4.502909337110387
7230,4.502909337110387
7231,4.783537690680388
7232,3.0007069496487597
7233,3.0061078181500185
7234,3.0860764274031367
7235,2.9999615844249385
7236,2.738541387271677
7237,2.70128895109601
7238,2.651596230563442
7239,3.090195808235625
7240,3.679131244686376
7241,3.024609815133148
7242,3.0007069496487597
7243,3.0007069496487597
7244,3.0007069496487597
7245,3.0007069496487597
7246,3.0007069496487597
7247,2.8640538579729062
7248,4.189941811030594
7249,4.417830940310725
7250,4.42407437504298
7251,4.186657165973094
7252,5.415333824980709
7253,4.685483503463079
7254,4.46901519648391
7255,4.260358385581016
7256,3.5980198707062168
7257,4.152004962800452
7258,4.189941811030594
7259,4.189941811030594
7260,4.189941811030594
7261,4.189941811030594
7262,4.189941811030594
7263,6.315014833217517
7264,5.830138846519688
7265,5.830705815847201
7266,5.771768662363139
7267,5.830112689897884
7268,5.646970716293953
7269,7.248087965540979
7270,4.450422512467905
7271,5.545314447989797
7272,3.9194978272198564
7273,6.036302234323854
7274,5.830138846519688
7275,5.830138846519688
7276,5.830138846519688
7277,5.830138846519688
7278,5.830138846519688
7279,3.247680415850263
7280,2.881746619749733
7281,2.8938630771671834
7282,2.8894729891834183
7283,2.8820039730123748
7284,2.564935783713404
7285,2.287694692822836
7286,3.6531980505260377
7287,2.783073856504676
7288,4.139784810186129
7289,2.8073343540266826
7290,2.881746619749733
7291,2.881746619749733
7292,2.881746619749733
7293,2.881746619749733
7294,2.881746619749733
7295,3.3444033017290065
7296,1.6115472631489978
7297,1.7122659915812664
7298,1.6849518550263989
7299,1.6112844766600984
7300,2.212172236816419
7301,1.6484197990343983
7302,1.9738149050685942
7303,1.6005442625829462
7304,1.7408831743227073
7305,1.606677458456132
7306,1.6115472631489978
7307,1.6115472631489978
7308,1.6115472631489978
7309,1.6115472631489978
7310,1.6115472631489978
7311,3.1216148185285304
7312,9.256259995389081
7313,7.718381550836832
7314,8.476719422476533
7315,9.26429054947195
7316,7.551670280321752
7317,8.815634760855952
7318,8.226963416891007
7319,8.932813692280721
7320,9.686025999943983
7321,9.285595229902828
7322,9.256259995389081
7323,9.256259995389081
7324,9.256259995389081
7325,9.256259995389081
7326,9.256259995389081
7327,5.151673485036814
7328,4.027561542301154
7329,4.019797975289367
7330,4.009709270959564
7331,4.027365806209111
7332,5.167218865405595
7333,4.368817974168319
7334,3.0762067061400624
7335,4.1673946100570305
7336,3.7383746724735656
7337,4.154942499837826
7338,4.027561542301154
7339,4.027561542301154
7340,4.027561542301154
7341,4.027561542301154
7342,4.027561542301154
7343,4.184468883717151
7344,3.096473755709668
7345,3.2278100283730566
7346,3.089086375981454
7347,3.095334466100763
7348,2.0582539665413395
7349,2.977644290435269
7350,4.073051212015639
7351,3.2803592040887737
7352,3.2096725336331735
7353,2.9778000754610363
7354,3.096473755709668
7355,3.096473755709668
7356,3.096473755709668
7357,3.096473755709668
7358,3.096473755709668
7359,2.7830376380199797
7360,3.262870694154845
7361,3.253546520716714
7362,3.2364292587772883
7363,3.2640521152841835
7364,2.1409768972954324
7365,3.940751998902865
7366,3.5021880419426537
7367,2.965389001315962
7368,2.67531378728995
7369,3.4461504976523165
7370,3.262870694154845
7371,3.262870694154845
7372,3.262870694154845
7373,3.262870694154845
7374,3.262870694154845
7375,2.254303677239855
7376,4.170329939399957
7377,4.072969000820077
7378,4.120728744699737
7379,4.172267840907228
7380,5.2030877169544745
7381,3.5399447173453034
7382,3.6825524866121158
7383,4.778030862263388
7384,5.105972868601214
7385,3.959503628153702
7386,4.170329939399957
7387,4.170329939399957
7388,4.170329939399957
7389,4.170329939399957
7390,4.170329939399957
7391,5.126244194693694
7392,3.7698198721145815
7393,3.4910990118392293
7394,5.778518775649926
7395,3.7695128835325398
7396,3.4749949692133155
7397,3.096962911431132
7398,2.9107409600627028
7399,4.172205933957068
7400,5.006489071771463
7401,3.777642549826797
7402,3.7698198721145815
7403,3.7698198721145815
7404,3.7698198721145815
7405,3.7698198721145815
7406,3.7698198721145815
7407,3.5276346458461805
7408,3.1868336656168847
7409,3.637155861943908
7410,3.2477642096597332
7411,3.1869539498379535
7412,3.862275786899941
7413,3.738086670546537
7414,3.7500562295095214
7415,2.8329806215123243
7416,2.6261808009960466
7417,3.194990300065279
7418,3.1868336656168847
7419,3.1868336656168847
7420,3.1868336656168847
7421,3.1868336656168847
7422,3.1868336656168847
7423,3.8954072925355305
7424,4.849948351139609
7425,4.8461727513106245
7426,4.820416284277349
7427,4.85062453904344
7428,4.577663425600788
7429,4.677677054555301
7430,3.2410468712920006
7431,6.053772296162962
7432,4.026635169456257
7433,4.90498738726184
7434,4.849948351139609
7435,4.849948351139609
7436,4.849948351139609
7437,4.849948351139609
7438,4.849948351139609
7439,3.0543813917706006
7440,3.2552323397135767
7441,3.496606189136254
7442,2.6452517554783475
7443,3.2646139790237463
7444,3.099539177797896
7445,3.341539039665576
7446,4.749390040201084
7447,3.042704013987607
7448,3.6394201856280417
7449,3.2371451385915817
7450,3.2552323397135767
7451,3.2552323397135767
7452,3.2552323397135767
7453,3.2552323397135767
7454,3.2552323397135767
7455,4.0685876401532575
7456,5.150747680771502
7457,5.160200577507395
7458,5.763511114566012
7459,5.151408493382029
7460,5.255330720544186
7461,6.700923935031842
7462,4.985305718199487
7463,4.681462285683966
7464,4.757543215007349
7465,4.921770831201415
7466,5.150747680771502
7467,5.150747680771502
7468,5.150747680771502
7469,5.150747680771502
7470,5.150747680771502
7471,6.6200272287739255
7472,2.2634730912028265
7473,2.289332249833355
7474,2.2633237544877365
7475,2.263164238760313
7476,2.6404442024621306
7477,1.7778836193021814
7478,2.024787830489199
7479,2.6891875689717786
7480,2.4955910805465975
7481,2.3601186159209138
7482,2.2634730912028265
7483,2.2634730912028265
7484,2.2634730912028265
7485,2.2634730912028265
7486,2.2634730912028265
7487,2.587691214962926
7488,6.065721706165236
7489,6.063944747652884
7490,6.112433059604098
7491,6.06562476510351
7492,7.1434710890791635
7493,5.911698954463188
7494,4.371963798292557
7495,5.852761129705209
7496,4.076759365973151
7497,5.8228658459696225
7498,6.065721706165236
7499,6.065721706165236
7500,6.065721706165236
7501,6.065721706165236
7502,6.065721706165236
7503,3.1387725943576945
7504,1.7598013890184552
7505,1.7307762882104696
7506,1.8695838715272584
7507,1.7597410351522742
7508,1.7627459789265811
7509,1.7905519066167939
7510,2.4714348214139132
7511,1.6764951065868676
7512,2.8026383355721256
7513,1.8365499981554767
7514,1.7598013890184552
7515,1.7598013890184552
7516,1.7598013890184552
7517,1.7598013890184552
7518,1.7598013890184552
7519,4.128020327103656
7520,3.049726495812154
7521,2.9836502236895797
7522,3.023885968414094
7523,3.0519005058246
7524,2.4336477525741578
7525,3.049828322491772
7526,3.116892409429442
7527,2.675796227721471
7528,3.295033573840828
7529,3.0227895622024996
7530,3.049726495812154
7531,3.049726495812154
7532,3.049726495812154
7533,3.049726495812154
7534,3.049726495812154
7535,2.281544556565589
7536,5.134278595075278
7537,5.062922019215431
7538,4.660840604944757
7539,5.128548093202357
7540,5.476730697398063
7541,5.00387447757906
7542,5.506425835926549
7543,4.688263087367378
7544,4.1801808467012
7545,5.136507469077126
7546,5.134278595075278
7547,5.134278595075278
7548,5.134278595075278
7549,5.134278595075278
7550,5.134278595075278
7551,3.895935953698745
7552,6.100753876254407
7553,6.042443470348557
7554,6.033900134079287
7555,6.1001076147334565
7556,5.508407662076952
7557,6.783799757124775
7558,5.683054348809416
7559,5.593935792626406
7560,6.279753159243573
7561,5.894775575873193
7562,6.100753876254407
7563,6.100753876254407
7564,6.100753876254407
7565,6.100753876254407
7566,6.100753876254407
7567,5.168937289531388
7568,2.000909806484528
7569,1.916796539486702
7570,2.153541497387056
7571,1.9986111615370215
7572,2.604009381345182
7573,1.8291399479778199
7574,2.178063480703908
7575,1.8392578890411617
7576,2.182093944993291
7577,2.092910538845176
7578,2.000909806484528
7579,2.000909806484528
7580,2.000909806484528
7581,2.000909806484528
7582,2.000909806484528
7583,2.670144094903622
7584,3.595012421712687
7585,3.5477390671553426
7586,3.597584650095818
7587,3.5951354902518617
7588,2.7468326559637766
7589,3.0910184956783464
7590,3.2698021770481422
7591,3.4472789856248114
7592,3.736120713429771
7593,3.5386082690480762
7594,3.595012421712687
7595,3.595012421712687
7596,3.595012421712687
7597,3.595012421712687
7598,3.595012421712687
7599,2.0961033192839715
7600,4.066778706871929
7601,4.669670547681713
7602,3.986073180499886
7603,4.067451593855366
7604,4.767478108331539
7605,4.947772912616176
7606,3.971057685506894
7607,4.028567684363514
7608,3.7168790028421386
7609,4.130292298949551
7610,4.066778706871929
7611,4.066778706871929
7612,4.066778706871929
7613,4.066778706871929
7614,4.066778706871929
7615,5.571208804822769
7616,2.9280352303356354
7617,3.0673829800059313
7618,2.9782726676507
7619,2.9279882779271786
7620,3.951307805842351
7621,3.2246114998081556
7622,2.5247200267644914
7623,3.704353781112782
7624,3.5648697372815517
7625,2.8575570473769853
7626,2.9280352303356354
7627,2.9280352303356354
7628,2.9280352303356354
7629,2.9280352303356354
7630,2.9280352303356354
7631,6.745924469987805
7632,5.352448005707328
7633,4.843900963146353
7634,4.218787752250791
7635,5.355350041270279
7636,3.4958852927939232
7637,4.722389827561619
7638,6.227989216495622
7639,5.006564935945881
7640,4.226315804175272
7641,5.424090354254352
7642,5.352448005707328
7643,5.352448005707328
7644,5.352448005707328
7645,5.352448005707328
7646,5.352448005707328
7647,2.225078444345773
7648,3.341829465667932
7649,3.0830403448528982
7650,5.157069447946171
7651,3.339697824452658
7652,4.401922758083153
7653,3.691062472916835
7654,3.811407350829045
7655,3.0678138847477903
7656,2.7214400379310493
7657,3.2614754736847327
7658,3.341829465667932
7659,3.341829465667932
7660,3.341829465667932
7661,3.341829465667932
7662,3.341829465667932
7663,4.401400704156473
7664,2.5511768427187853
7665,2.664920811328816
7666,2.679849147182786
7667,2.5515257084671212
7668,2.3709414987548865
7669,2.4498406869154485
7670,2.6197729334118303
7671,3.040599697198467
7672,3.3910507358749533
7673,2.616895411476558
7674,2.5511768427187853
7675,2.5511768427187853
7676,2.5511768427187853
7677,2.5511768427187853
7678,2.5511768427187853
7679,3.878746626913022
7680,5.76590586519767
7681,6.131264446851278
7682,5.87283099761468
7683,5.765725420992508
7684,4.200557241360708
7685,5.067495402273873
7686,5.779235571670268
7687,4.292639038240756
7688,7.223715136515947
7689,5.80550429394598
7690,5.76590586519767
7691,5.76590586519767
7692,5.76590586519767
7693,5.76590586519767
7694,5.76590586519767
7695,3.9114165123222238
7696,4.020268437696879
7697,2.782453845102798
7698,2.7479136025874373
7699,4.00672656079183
7700,4.896968124546095
7701,4.3832878501793715
7702,3.779735849539291
7703,5.0362103276492824
7704,3.617339544076138
7705,4.002552786379839
7706,4.020268437696879
7707,4.020268437696879
7708,4.020268437696879
7709,4.020268437696879
7710,4.020268437696879
7711,3.439169597016965
7712,3.6777189596839395
7713,3.6863955844686926
7714,4.294653672144424
7715,3.6772586818615935
7716,3.232947605538122
7717,3.52416758451158
7718,3.9245037375926346
7719,3.0358566347340075
7720,3.8583246706659398
7721,3.796372544580439
7722,3.6777189596839395
7723,3.6777189596839395
7724,3.6777189596839395
7725,3.6777189596839395
7726,3.6777189596839395
7727,3.229547173636954
7728,2.7100901748190425
7729,2.7308865534898867
7730,2.644894770276153
7731,2.7115752369082826
7732,3.6018664649347487
7733,2.8310804786223196
7734,2.4473177537868276
7735,3.674819759307493
7736,2.4710870626676438
7737,2.6415906534084925
7738,2.7100901748190425
7739,2.7100901748190425
7740,2.7100901748190425
7741,2.7100901748190425
7742,2.7100901748190425
7743,3.9906841879214685
7744,3.4501167081098596
7745,3.442846377899458
7746,3.425043515626008
7747,3.4505496167828498
7748,4.640940541077854
7749,3.0373991129605313
7750,3.433549258819151
7751,3.0304671194402277
7752,3.179450196445325
7753,3.551742866733217
7754,3.4501167081098596
7755,3.4501167081098596
7756,3.4501167081098596
7757,3.4501167081098596
7758,3.4501167081098596
7759,3.3091312538852056
7760,2.990911842455655
7761,2.8812214295591114
7762,3.2311072007782635
7763,2.9905011666971064
7764,2.6907297709550306
7765,3.632361225004292
7766,3.3004376051229736
7767,3.4403005452538884
7768,3.2325172535401734
7769,2.911791441983109
7770,2.990911842455655
7771,2.990911842455655
7772,2.990911842455655
7773,2.990911842455655
7774,2.990911842455655
7775,4.4370014642456725
7776,2.8437008587017334
7777,2.8310571788364154
7778,2.8442034088736907
7779,2.8428536701517957
7780,3.967146307137578
7781,3.0782385120380464
7782,3.412991811855181
7783,1.933628688301556
7784,4.306548823552108
7785,2.887041551603754
7786,2.8437008587017334
7787,2.8437008587017334
7788,2.8437008587017334
7789,2.8437008587017334
7790,2.8437008587017334
7791,5.220727241364581
7792,5.179860073961911
7793,6.982169686529231
7794,4.909103318086817
7795,5.1823821954201055
7796,3.250117980132197
7797,4.445647093217123
7798,4.6613207053622085
7799,7.763424137156781
7800,3.6776255000312412
7801,5.033376855695136
7802,5.179860073961911
7803,5.179860073961911
7804,5.179860073961911
7805,5.179860073961911
7806,5.179860073961911
7807,2.929930834968736
7808,4.218753169355926
7809,4.186532658114585
7810,4.287044758663428
7811,4.2195974464824735
7812,4.364151020850409
7813,4.24229035988604
7814,3.952163154710461
7815,3.6786679567776988
7816,4.115435166182452
7817,4.458337754555364
7818,4.218753169355926
7819,4.218753169355926
7820,4.218753169355926
7821,4.218753169355926
7822,4.218753169355926
7823,3.720759249948819
7824,3.205870108886828
7825,2.943297189563848
7826,3.562757766191292
7827,3.2117906342756135
7828,3.596017835351479
7829,3.1580823327534984
7830,3.233374617014573
7831,3.6314936294071702
7832,3.043849436754046
7833,3.050169141507613
7834,3.205870108886828
7835,3.205870108886828
7836,3.205870108886828
7837,3.205870108886828
7838,3.205870108886828
7839,3.6228037631885135
7840,4.205587629261437
7841,4.3676191938209445
7842,4.201157551548265
7843,4.204873313136228
7844,4.08694825627945
7845,4.108495489613561
7846,5.94676301259909
7847,2.7789767199140676
7848,4.064850513717287
7849,4.212935435649347
7850,4.205587629261437
7851,4.205587629261437
7852,4.205587629261437
7853,4.205587629261437
7854,4.205587629261437
7855,3.7140142791098847
7856,3.934868623790716
7857,3.8420593501780953
7858,3.6032305221931646
7859,3.933175771345937
7860,3.5340357671366234
7861,4.111562812029484
7862,2.496447816038416
7863,5.835347869777713
7864,4.178928804168303
7865,3.94139754413251
7866,3.934868623790716
7867,3.934868623790716
7868,3.934868623790716
7869,3.934868623790716
7870,3.934868623790716
7871,3.3372063057024945
7872,3.138633025700776
7873,3.157650124360012
7874,3.1317644106838642
7875,3.1387566126729762
7876,2.37767687606604
7877,3.4351322548178844
7878,3.3042203455680905
7879,2.4442967642794065
7880,4.345072757430516
7881,3.1371087698316824
7882,3.138633025700776
7883,3.138633025700776
7884,3.138633025700776
7885,3.138633025700776
7886,3.138633025700776
7887,2.958296286383125
7888,3.953577928977356
7889,4.525904912755642
7890,3.5762857265984893
7891,3.9544040769650266
7892,4.3328528468117415
7893,3.6308249894834628
7894,3.9812156037076303
7895,5.12196728452909
7896,2.9690165753914117
7897,3.9215985208737325
7898,3.953577928977356
7899,3.953577928977356
7900,3.953577928977356
7901,3.953577928977356
7902,3.953577928977356
7903,3.771695140019006
7904,3.0242234111326565
7905,2.9269211122206356
7906,4.130624212407668
7907,3.025567337680107
7908,3.401919531966204
7909,2.5022915099529923
7910,4.280441662750298
7911,2.3074723847572236
7912,2.194278291753668
7913,3.1534180985147677
7914,3.0242234111326565
7915,3.0242234111326565
7916,3.0242234111326565
7917,3.0242234111326565
7918,3.0242234111326565
7919,2.523496336507045
7920,3.221396743867514
7921,3.239026248419915
7922,3.335744609038684
7923,3.221772944556403
7924,3.2874697774899038
7925,3.8380704998260864
7926,2.3753207909313794
7927,3.9624102779363173
7928,3.97487292321668
7929,3.0958777867099547
7930,3.221396743867514
7931,3.221396743867514
7932,3.221396743867514
7933,3.221396743867514
7934,3.221396743867514
7935,4.303948682317315
7936,2.8413952600021526
7937,2.8282451552859627
7938,2.798156834471554
7939,2.840954916592808
7940,3.7580859983934367
7941,2.46225363318417
7942,3.828976905328127
7943,3.781269701963136
7944,3.309960970593012
7945,2.7055007278784515
7946,2.8413952600021526
7947,2.8413952600021526
7948,2.8413952600021526
7949,2.8413952600021526
7950,2.8413952600021526
7951,6.479388553916439
7952,4.863497101243037
7953,4.410645935514408
7954,4.672670700492705
7955,4.866588026694479
7956,3.1489870964007896
7957,5.892504894773309
7958,3.8423635451763127
7959,3.9020341879574687
7960,4.559305225729003
7961,5.1206699669715325
7962,4.863497101243037
7963,4.863497101243037
7964,4.863497101243037
7965,4.863497101243037
7966,4.863497101243037
7967,2.1004164328291193
7968,2.080165850694529
7969,2.139996476207993
7970,2.283093480451287
7971,2.0797461018726544
7972,2.992246740891338
7973,2.293378941959461
7974,1.7989280526368128
7975,3.075367040239164
7976,2.263862173687489
7977,2.0546972002563684
7978,2.080165850694529
7979,2.080165850694529
7980,2.080165850694529
7981,2.080165850694529
7982,2.080165850694529
7983,5.523698317356068
7984,5.436772005815341
7985,6.388306778822648
7986,4.8387648974263655
7987,5.427899372145498
7988,4.266569181994179
7989,4.2093204284765235
7990,6.4513712831282035
7991,4.704780681456482
7992,4.307216587211357
7993,5.489402344235849
7994,5.436772005815341
7995,5.436772005815341
7996,5.436772005815341
7997,5.436772005815341
7998,5.436772005815341
7999,2.661995101526228
8000,3.4209891969258384
8001,3.7332996414481596
8002,3.5068434473270167
8003,3.420884062766638
8004,3.0209463602530167
8005,3.133230364865919
8006,3.895789151867851
8007,3.65523021434363
8008,4.7115708346919485
8009,3.4545183934095425
8010,3.4209891969258384
8011,3.4209891969258384
8012,3.4209891969258384
8013,3.4209891969258384
8014,3.4209891969258384
8015,4.894382812902384
8016,4.516296645280326
8017,4.095897956287406
8018,4.157315097460962
8019,4.52216775573229
8020,5.773077723445462
8021,4.958735757760667
8022,3.3778623378320995
8023,3.771946367270965
8024,3.127075926813171
8025,4.5000083627059535
8026,4.516296645280326
8027,4.516296645280326
8028,4.516296645280326
8029,4.516296645280326
8030,4.516296645280326
8031,2.3161679639193054
8032,4.528724998622724
8033,4.445601237055691
8034,4.563505884681044
8035,4.528580658212001
8036,2.9207348456099305
8037,4.041241475059515
8038,4.118959148021408
8039,6.311487122848701
8040,4.229126165829599
8041,4.321171724857881
8042,4.528724998622724
8043,4.528724998622724
8044,4.528724998622724
8045,4.528724998622724
8046,4.528724998622724
8047,2.867832549296134
8048,3.3004422621666487
8049,3.5097149839693773
8050,3.274262372652795
8051,3.300496131287386
8052,4.238662391446556
8053,3.807774789542545
8054,3.7082615908854804
8055,2.1085970568358183
8056,3.7898923359353702
8057,3.453496330988821
8058,3.3004422621666487
8059,3.3004422621666487
8060,3.3004422621666487
8061,3.3004422621666487
8062,3.3004422621666487
8063,4.326517724796432
8064,1.7041673582885315
8065,1.7163398122467435
8066,1.7692663409019032
8067,1.704434502063563
8068,1.833582001222281
8069,1.833218715287588
8070,2.3454337903037143
8071,1.8005089034191737
8072,1.663618620184447
8073,1.6670267419838403
8074,1.7041673582885315
8075,1.7041673582885315
8076,1.7041673582885315
8077,1.7041673582885315
8078,1.7041673582885315
8079,2.7761888569092847
8080,6.350370667007714
8081,6.404804865471685
8082,6.685687095405007
8083,6.3489350589431055
8084,6.7054657649465526
8085,5.773164711136718
8086,5.590397794494891
8087,5.275213327475347
8088,6.058897169862083
8089,6.392878751290695
8090,6.350370667007714
8091,6.350370667007714
8092,6.350370667007714
8093,6.350370667007714
8094,6.350370667007714
8095,4.524222676572527
8096,3.8340676361121475
8097,3.816947897143408
8098,3.8169337079429653
8099,3.8340620219701385
8100,3.2956399611532587
8101,3.0310750780892204
8102,4.349749736499069
8103,5.32048594295323
8104,3.974811706802982
8105,3.763240028371364
8106,3.8340676361121475
8107,3.8340676361121475
8108,3.8340676361121475
8109,3.8340676361121475
8110,3.8340676361121475
8111,4.062020893529999
8112,4.0562600255635965
8113,4.056312450972315
8114,4.049161238931722
8115,4.055415877237522
8116,4.055378361652017
8117,5.385736148182325
8118,3.4431234399763566
8119,2.5302439313250273
8120,3.911063710217705
8121,4.144418413365303
8122,4.0562600255635965
8123,4.0562600255635965
8124,4.0562600255635965
8125,4.0562600255635965
8126,4.0562600255635965
8127,2.8025907782764556
8128,3.11063610716457
8129,3.111615178706726
8130,3.0845139508057358
8131,3.1097202329504414
8132,3.0670398749053382
8133,3.1622738641247796
8134,3.871785346446751
8135,4.292021053321383
8136,2.3881216188474843
8137,3.02155191903479
8138,3.11063610716457
8139,3.11063610716457
8140,3.11063610716457
8141,3.11063610716457
8142,3.11063610716457
8143,3.819914546642375
8144,4.379771591311528
8145,4.560360304806212
8146,4.245837197625657
8147,4.375492429702602
8148,3.8101863144849646
8149,4.476666761993111
8150,3.280473447161244
8151,3.6742934566804197
8152,6.11697022313815
8153,4.566636576874592
8154,4.379771591311528
8155,4.379771591311528
8156,4.379771591311528
8157,4.379771591311528
8158,4.379771591311528
8159,3.5235267082824873
8160,3.3211456850792103
8161,3.3717767594555483
8162,4.436228634834392
8163,3.3203671352126376
8164,3.1492957035813656
8165,3.5579726355884955
8166,3.594759337214683
8167,4.456441425283621
8168,4.109845944290514
8169,3.274677637330744
8170,3.3211456850792103
8171,3.3211456850792103
8172,3.3211456850792103
8173,3.3211456850792103
8174,3.3211456850792103
8175,8.420333780610905
8176,3.5970026840817786
8177,3.6598021131454934
8178,3.309079850531741
8179,3.5960209413781565
8180,4.416941811782058
8181,3.455164928725476
8182,3.27625310915714
8183,2.882486209137742
8184,2.526086492974313
8185,3.6416263115258194
8186,3.5970026840817786
8187,3.5970026840817786
8188,3.5970026840817786
8189,3.5970026840817786
8190,3.5970026840817786
8191,2.09682956323183
8192,2.08001672025212
8193,2.0472856702982005
8194,2.0319176038075453
8195,2.0790613711896735
8196,2.7516827166350497
8197,2.227137559399096
8198,2.407606852474037
8199,2.057765226816108
8200,2.2713628988845818
8201,2.0146851361955687
8202,2.08001672025212
8203,2.08001672025212
8204,2.08001672025212
8205,2.08001672025212
8206,2.08001672025212
8207,3.5939476514445095
8208,6.318450121606805
8209,5.541916115823007
8210,5.8317608324869585
8211,6.312428016330496
8212,5.171395875785877
8213,5.622383486938192
8214,5.909151911607737
8215,6.218925461171393
8216,4.923759657325951
8217,6.599928185141797
8218,6.318450121606805
8219,6.318450121606805
8220,6.318450121606805
8221,6.318450121606805
8222,6.318450121606805
8223,2.9769434274243136
8224,5.79361204326136
8225,6.265534106186292
8226,5.836967295510048
8227,5.792417563136077
8228,6.238656052076956
8229,4.505045958883309
8230,4.711504781124475
8231,5.651545545092432
8232,6.6836867859814175
8233,5.711637393749728
8234,5.79361204326136
8235,5.79361204326136
8236,5.79361204326136
8237,5.79361204326136
8238,5.79361204326136
8239,4.51097111623472
8240,2.9942565845860747
8241,2.833863240989998
8242,2.722975905385916
8243,2.9914059090395035
8244,2.377375479182196
8245,4.026209878431841
8246,3.7638015987781386
8247,2.957028997109303
8248,2.694344540267578
8249,3.040125493032319
8250,2.9942565845860747
8251,2.9942565845860747
8252,2.9942565845860747
8253,2.9942565845860747
8254,2.9942565845860747
8255,3.0697498095182096
8256,3.9463424172637915
8257,3.962695390101344
8258,4.482843435474788
8259,3.945761645066544
8260,3.1106971297844455
8261,3.8115983796612602
8262,4.526564057392654
8263,3.5477567780764403
8264,3.492922239576389
8265,3.8450594785414816
8266,3.9463424172637915
8267,3.9463424172637915
8268,3.9463424172637915
8269,3.9463424172637915
8270,3.9463424172637915
8271,2.894346863191924
8272,3.73391996607184
8273,4.059934272640026
8274,3.3717264903098876
8275,3.7342939183857746
8276,4.11559225830568
8277,4.0379640755171495
8278,3.1278026744014196
8279,4.237338204353476
8280,4.282273620383432
8281,3.7810279862581475
8282,3.73391996607184
8283,3.73391996607184
8284,3.73391996607184
8285,3.73391996607184
8286,3.73391996607184
8287,4.490161482993569
8288,4.046842339639461
8289,4.039642688030963
8290,4.29659021586068
8291,4.046978243054073
8292,2.962726666366728
8293,4.023546286023945
8294,2.9367213199816775
8295,4.424623508825539
8296,5.501683349250798
8297,3.9469004364068083
8298,4.046842339639461
8299,4.046842339639461
8300,4.046842339639461
8301,4.046842339639461
8302,4.046842339639461
8303,3.1796522747156932
8304,2.822324350958444
8305,2.8347029204091716
8306,2.828567263278746
8307,2.8222593316301436
8308,4.206208950320335
8309,2.8890397136215302
8310,3.4431735662684995
8311,2.4621657461846826
8312,1.895576891567033
8313,2.899682205750979
8314,2.822324350958444
8315,2.822324350958444
8316,2.822324350958444
8317,2.822324350958444
8318,2.822324350958444
8319,3.1626174048723277
8320,3.6404820245344838
8321,4.2209530313012
8322,4.050478151003643
8323,3.6410624752111347
8324,3.6333151907791685
8325,3.081340414839666
8326,3.4184124025428737
8327,3.084799004365143
8328,4.005946962676987
8329,3.676789237845345
8330,3.6404820245344838
8331,3.6404820245344838
8332,3.6404820245344838
8333,3.6404820245344838
8334,3.6404820245344838
8335,4.051004976399505
8336,4.848262220522441
8337,3.9999802544820864
8338,3.7881820773320922
8339,4.854363548598781
8340,4.2888555091881155
8341,6.210734031543283
8342,5.396041113153764
8343,5.270264618872727
8344,4.73109797962625
8345,4.813725224367295
8346,4.848262220522441
8347,4.848262220522441
8348,4.848262220522441
8349,4.848262220522441
8350,4.848262220522441
8351,4.601503592997823
8352,2.446259906793758
8353,2.4789050582384995
8354,2.4184037049446947
8355,2.445740906707168
8356,2.609875227326279
8357,2.727352009622201
8358,1.9618402970862219
8359,2.8988041021843536
8360,2.3999130278880503
8361,2.347582237725934
8362,2.446259906793758
8363,2.446259906793758
8364,2.446259906793758
8365,2.446259906793758
8366,2.446259906793758
8367,2.52975719600765
8368,3.8328835650636552
8369,4.132532060294345
8370,3.7151543304494457
8371,3.8339540356406965
8372,4.060323639592452
8373,3.0490852835375652
8374,5.356906152615582
8375,3.5484508872960276
8376,3.9095123714417404
8377,4.008019943850018
8378,3.8328835650636552
8379,3.8328835650636552
8380,3.8328835650636552
8381,3.8328835650636552
8382,3.8328835650636552
8383,4.522250964182705
8384,3.652001369971013
8385,3.65111072040719
8386,3.5918979505707385
8387,3.6519668366045286
8388,4.2578911219443905
8389,3.4670197672102407
8390,2.998890167166916
8391,3.711156457514922
8392,4.703242865089133
8393,3.4953412078198918
8394,3.652001369971013
8395,3.652001369971013
8396,3.652001369971013
8397,3.652001369971013
8398,3.652001369971013
8399,4.10596245708512
8400,3.525310699069637
8401,3.447055089827206
8402,3.5182778118178826
8403,3.52525478413241
8404,3.265531749078173
8405,3.5528035194477274
8406,3.8825734820790427
8407,3.5590106473655267
8408,2.58033736590374
8409,3.680534221307438
8410,3.525310699069637
8411,3.525310699069637
8412,3.525310699069637
8413,3.525310699069637
8414,3.525310699069637
8415,2.742254003260942
8416,7.438002832166062
8417,7.050665373417102
8418,7.347054006426738
8419,7.442927195747697
8420,6.6243938413595185
8421,6.933413505369112
8422,6.081339674660924
8423,7.521081858781813
8424,5.6869167357203745
8425,7.372434830481644
8426,7.438002832166062
8427,7.438002832166062
8428,7.438002832166062
8429,7.438002832166062
8430,7.438002832166062
8431,3.943323134787625
8432,2.3501798041232345
8433,2.678744425446412
8434,2.365320863637568
8435,2.348702374067205
8436,2.2923128202811953
8437,2.506945428902827
8438,2.8598709212648825
8439,2.372753877069655
8440,3.452666726467246
8441,2.3563427511613977
8442,2.3501798041232345
8443,2.3501798041232345
8444,2.3501798041232345
8445,2.3501798041232345
8446,2.3501798041232345
8447,5.157437036277672
8448,3.726404202280963
8449,3.7166079975063884
8450,3.7307360664132694
8451,3.726947649590359
8452,2.8786494715267787
8453,3.8396970027908526
8454,3.2259226923737234
8455,3.5011968756541485
8456,3.877725031240684
8457,3.715804127130973
8458,3.726404202280963
8459,3.726404202280963
8460,3.726404202280963
8461,3.726404202280963
8462,3.726404202280963
8463,2.5009717674442054
8464,3.6557007204968874
8465,3.7984838964059615
8466,3.1195807500654977
8467,3.651484566904716
8468,5.585711622964728
8469,3.6304488704151123
8470,4.263969728128459
8471,3.3650444008779927
8472,3.141852309078852
8473,3.6617550460459483
8474,3.6557007204968874
8475,3.6557007204968874
8476,3.6557007204968874
8477,3.6557007204968874
8478,3.6557007204968874
8479,4.479415570935225
8480,2.6281091941029175
8481,2.630907803751507
8482,2.618350489130524
8483,2.627222569668501
8484,1.9370871551790827
8485,2.6358842914317466
8486,2.5830040336122435
8487,2.4551796242668145
8488,3.098741724875188
8489,2.7126562808660513
8490,2.6281091941029175
8491,2.6281091941029175
8492,2.6281091941029175
8493,2.6281091941029175
8494,2.6281091941029175
8495,2.16686981108799
8496,5.80199357354809
8497,5.82166213880299
8498,5.990681458011098
8499,5.8015110082815875
8500,7.1971275380335085
8501,5.881124106480689
8502,5.358638242158073
8503,5.314449842618067
8504,5.25759544478173
8505,5.575432818342041
8506,5.80199357354809
8507,5.80199357354809
8508,5.80199357354809
8509,5.80199357354809
8510,5.80199357354809
8511,5.566308858920725
8512,2.1943220167260016
8513,2.1957300637349637
8514,2.3956191460451475
8515,2.195470421052308
8516,2.340078326651358
8517,2.2668741893339934
8518,2.0475475031958252
8519,2.664272056886215
8520,3.2083908558062606
8521,2.3092839512489594
8522,2.1943220167260016
8523,2.1943220167260016
8524,2.1943220167260016
8525,2.1943220167260016
8526,2.1943220167260016
8527,4.850967121650251
8528,5.549448955742671
8529,5.41083940959713
8530,5.342628987296098
8531,5.554568170795892
8532,4.681634863817425
8533,5.413172810069627
8534,6.05186205978895
8535,5.329771388374306
8536,3.78891455658085
8537,5.26980890488466
8538,5.549448955742671
8539,5.549448955742671
8540,5.549448955742671
8541,5.549448955742671
8542,5.549448955742671
8543,3.0629144169846616
8544,2.4413139696259907
8545,2.3931008408389465
8546,2.7517359070104055
8547,2.4412567642260528
8548,3.6593243341017616
8549,1.9329814560555634
8550,2.5696743397214106
8551,2.231931268203018
8552,2.1613746614923204
8553,2.4437380397783746
8554,2.4413139696259907
8555,2.4413139696259907
8556,2.4413139696259907
8557,2.4413139696259907
8558,2.4413139696259907
8559,2.6018929934668438
8560,3.782074370030226
8561,3.7543524602136102
8562,3.629564562803451
8563,3.7822492452015166
8564,2.804821512572662
8565,5.253187477870002
8566,4.083912183797172
8567,4.522238470626844
8568,4.0012488031264555
8569,3.8004043511749543
8570,3.782074370030226
8571,3.782074370030226
8572,3.782074370030226
8573,3.782074370030226
8574,3.782074370030226
8575,4.769492708875009
8576,3.9714431854712964
8577,3.9705549038109518
8578,4.2292310331797776
8579,3.970864350400242
8580,3.6634796809076726
8581,3.5525104060382975
8582,2.8455876358037817
8583,4.615644671425849
8584,3.955992570498704
8585,4.130301988660903
8586,3.9714431854712964
8587,3.9714431854712964
8588,3.9714431854712964
8589,3.9714431854712964
8590,3.9714431854712964
8591,3.20517661199283
8592,3.6382391046111975
8593,3.4655508207056096
8594,3.5551380799849857
8595,3.6386394953246306
8596,3.5130741455767596
8597,4.024710235847331
8598,4.977186593086732
8599,3.2827058983102466
8600,4.029078732910864
8601,3.533834999931885
8602,3.6382391046111975
8603,3.6382391046111975
8604,3.6382391046111975
8605,3.6382391046111975
8606,3.6382391046111975
8607,4.87607971065733
8608,3.168998391377176
8609,3.1394626270892747
8610,3.3069991451953933
8611,3.167963714818441
8612,3.4660963973973953
8613,2.9744057300523337
8614,2.865784757839147
8615,3.088837479153149
8616,3.2395751844604543
8617,3.2320448014115657
8618,3.168998391377176
8619,3.168998391377176
8620,3.168998391377176
8621,3.168998391377176
8622,3.168998391377176
8623,2.9153331295431566
8624,3.3026502994171323
8625,4.088536506197123
8626,3.157935067666963
8627,3.303147567137191
8628,3.4647098655869244
8629,3.5718821159783043
8630,3.197222503532976
8631,4.3021898214236405
8632,3.231141600547535
8633,3.186125967787009
8634,3.3026502994171323
8635,3.3026502994171323
8636,3.3026502994171323
8637,3.3026502994171323
8638,3.3026502994171323
8639,4.708447974314279
8640,3.309452013794705
8641,3.4839246258812495
8642,3.3231901384688354
8643,3.309982227260161
8644,3.421673265441236
8645,2.9813361457335885
8646,2.157818569795701
8647,3.1818867163413382
8648,2.43137891201056
8649,3.3305268558646355
8650,3.309452013794705
8651,3.309452013794705
8652,3.309452013794705
8653,3.309452013794705
8654,3.309452013794705
8655,1.4711812886729407
8656,3.772866516378255
8657,3.4473730346077858
8658,3.138936028772572
8659,3.76890315609134
8660,4.170031912844163
8661,4.300273976815132
8662,5.513652230015471
8663,3.5504226906226592
8664,5.074501965021969
8665,3.735444121059454
8666,3.772866516378255
8667,3.772866516378255
8668,3.772866516378255
8669,3.772866516378255
8670,3.772866516378255
8671,6.744047741030641
8672,1.6835908584706858
8673,1.7184437470473675
8674,1.6787270830876302
8675,1.6839557079354663
8676,1.8990118931081192
8677,2.0046645052324434
8678,1.8799938445896682
8679,1.609008830879586
8680,2.4856332432914336
8681,1.744229164830949
8682,1.6835908584706858
8683,1.6835908584706858
8684,1.6835908584706858
8685,1.6835908584706858
8686,1.6835908584706858
8687,3.476582937712425
8688,8.141355573771243
8689,8.714379155939204
8690,8.442266355300948
8691,8.142061472617145
8692,6.526479164620797
8693,6.7281602615892515
8694,8.245336847270963
8695,7.709643455324828
8696,6.214390844207462
8697,7.935210606949351
8698,8.141355573771243
8699,8.141355573771243
8700,8.141355573771243
8701,8.141355573771243
8702,8.141355573771243
8703,4.275323420399873
8704,3.793864060345189
8705,3.9650226423411445
8706,3.8683187040641864
8707,3.7933029483360343
8708,4.246131181328071
8709,4.564534511115901
8710,3.7322272917252675
8711,5.465440283907343
8712,3.6432659968519614
8713,3.719563754755688
8714,3.793864060345189
8715,3.793864060345189
8716,3.793864060345189
8717,3.793864060345189
8718,3.793864060345189
8719,7.158871413504312
8720,5.357365949919003
8721,3.6342248225459652
8722,3.869350178992993
8723,5.367785373483602
8724,5.4653609525916975
8725,4.452504130613786
8726,4.986234282479053
8727,3.5301272384527533
8728,6.070310959674195
8729,5.398472707353996
8730,5.357365949919003
8731,5.357365949919003
8732,5.357365949919003
8733,5.357365949919003
8734,5.357365949919003
8735,2.038836715960485
8736,3.3660793289293585
8737,3.3606736399781294
8738,3.407946381241919
8739,3.3663720495879677
8740,3.2252917679375233
8741,3.022592613561991
8742,4.532638278085777
8743,4.02844063300474
8744,2.848004832874758
8745,3.3024021186224126
8746,3.3660793289293585
8747,3.3660793289293585
8748,3.3660793289293585
8749,3.3660793289293585
8750,3.3660793289293585
8751,3.991390059536796
8752,4.204765080309641
8753,4.266107531800303
8754,4.364022239692857
8755,4.206323246475596
8756,3.8794853851531776
8757,4.659354083522688
8758,2.954060593475267
8759,3.7810753821194645
8760,4.840272636597969
8761,4.2857979098993635
8762,4.204765080309641
8763,4.204765080309641
8764,4.204765080309641
8765,4.204765080309641
8766,4.204765080309641
8767,3.4271371383292077
8768,2.661418531435326
8769,2.6099862062612527
8770,2.630905985680511
8771,2.660366429354766
8772,2.8773595560438183
8773,2.818225592351471
8774,2.6019610157898216
8775,3.48239659382875
8776,3.002997164716789
8777,2.5851544445005876
8778,2.661418531435326
8779,2.661418531435326
8780,2.661418531435326
8781,2.661418531435326
8782,2.661418531435326
8783,4.850355461391685
8784,4.972004763975829
8785,4.782481479547488
8786,4.848512447127085
8787,4.967682564061774
8788,4.14819528210341
8789,4.424123006916784
8790,5.295881731161947
8791,4.012887206942356
8792,4.09421655366045
8793,5.207648582423282
8794,4.972004763975829
8795,4.972004763975829
8796,4.972004763975829
8797,4.972004763975829
8798,4.972004763975829
8799,2.6968547478837666
8800,2.4454911820067236
8801,2.3817776130905397
8802,2.648806034590695
8803,2.4453444400200826
8804,2.4401856188334223
8805,2.6005161303742055
8806,3.7300873841504467
8807,3.1504610093053955
8808,1.6332403538287934
8809,2.4042651142397578
8810,2.4454911820067236
8811,2.4454911820067236
8812,2.4454911820067236
8813,2.4454911820067236
8814,2.4454911820067236
8815,3.256789269010122
8816,3.7343343203062767
8817,4.620802871856515
8818,3.826124950919679
8819,3.7338867855874676
8820,4.226359947523115
8821,3.6387277471238333
8822,2.556365106353997
8823,2.8719877957657416
8824,6.306221741423809
8825,3.7791529025997317
8826,3.7343343203062767
8827,3.7343343203062767
8828,3.7343343203062767
8829,3.7343343203062767
8830,3.7343343203062767
8831,4.046433621417054
8832,4.618692388966025
8833,4.600437547574739
8834,5.042413495153497
8835,4.61965478279501
8836,3.2798310610539194
8837,4.279466814379239
8838,4.379907400615108
8839,5.8546757313951785
8840,4.509901079749727
8841,4.404443734645955
8842,4.618692388966025
8843,4.618692388966025
8844,4.618692388966025
8845,4.618692388966025
8846,4.618692388966025
8847,3.6852691992776974
8848,3.0636369940777435
8849,2.8187877761271167
8850,2.8252352533812024
8851,3.061854809376554
8852,3.964984927030403
8853,3.3681989834480794
8854,3.1554695294545607
8855,2.45641094668779
8856,2.768757942132659
8857,3.222015130241176
8858,3.0636369940777435
8859,3.0636369940777435
8860,3.0636369940777435
8861,3.0636369940777435
8862,3.0636369940777435
8863,3.0338752279352637
8864,3.470965999206477
8865,3.5702083189941654
8866,3.654665356974491
8867,3.4719853255299515
8868,2.6372700296963614
8869,4.135274169407252
8870,3.9141732557767455
8871,4.412122846254654
8872,3.5232582007928364
8873,3.4304728713435466
8874,3.470965999206477
8875,3.470965999206477
8876,3.470965999206477
8877,3.470965999206477
8878,3.470965999206477
8879,5.18820465915218
8880,3.49903676146622
8881,3.368958278449261
8882,3.105929991920845
8883,3.4974827064204974
8884,5.4922620279885574
8885,2.7350690274141964
8886,2.935867758015738
8887,2.6117782748533607
8888,3.588807687641892
8889,3.526396210122038
8890,3.49903676146622
8891,3.49903676146622
8892,3.49903676146622
8893,3.49903676146622
8894,3.49903676146622
8895,2.643189365797108
8896,3.851403583352805
8897,3.829034881742516
8898,3.8511406653280993
8899,3.8510974623722625
8900,5.96870401139461
8901,3.721817990560816
8902,4.08894115041356
8903,5.862995771459901
8904,3.0208355464057295
8905,3.890568362234591
8906,3.851403583352805
8907,3.851403583352805
8908,3.851403583352805
8909,3.851403583352805
8910,3.851403583352805
8911,7.3979428403010425
8912,2.797936898631943
8913,3.203055638022515
8914,2.5676716972996
8915,2.800856145608317
8916,2.0299701348894583
8917,2.761580470325904
8918,2.8410239376552786
8919,1.9692375668101592
8920,3.6571172129725382
8921,2.7895766584059096
8922,2.797936898631943
8923,2.797936898631943
8924,2.797936898631943
8925,2.797936898631943
8926,2.797936898631943
8927,1.8214002789876613
8928,2.94469853187809
8929,2.864354591562961
8930,2.9444306192981045
8931,2.9449480357386286
8932,3.265332563462374
8933,3.0155078291744
8934,3.314844823419506
8935,3.277906767637211
8936,3.496401664209739
8937,2.8063568646395067
8938,2.94469853187809
8939,2.94469853187809
8940,2.94469853187809
8941,2.94469853187809
8942,2.94469853187809
8943,4.590454603161649
8944,5.173090366853642
8945,5.2709308840082185
8946,5.304870250572688
8947,5.172946820858618
8948,4.226180762708966
8949,4.921528712079557
8950,4.955872250934043
8951,4.316881678519989
8952,3.93471488133865
8953,5.410700577849386
8954,5.173090366853642
8955,5.173090366853642
8956,5.173090366853642
8957,5.173090366853642
8958,5.173090366853642
8959,2.6893304101240827
8960,2.5860857159702357
8961,2.5407505547024716
8962,2.511556176060195
8963,2.5882324110971093
8964,2.660696889978412
8965,2.795141465691858
8966,3.6563326532500007
8967,1.5723831675453588
8968,2.2801895093045
8969,2.7404256388154633
8970,2.5860857159702357
8971,2.5860857159702357
8972,2.5860857159702357
8973,2.5860857159702357
8974,2.5860857159702357
8975,2.1991556423335914
8976,4.600176177959711
8977,4.094468787961857
8978,4.572382644225025
8979,4.603354289022827
8980,5.07750667822312
8981,4.227379533218474
8982,3.7958286662878233
8983,6.248796650005398
8984,5.864791787545062
8985,4.374430278542368
8986,4.600176177959711
8987,4.600176177959711
8988,4.600176177959711
8989,4.600176177959711
8990,4.600176177959711
8991,5.672599939513382
8992,4.28696178819744
8993,4.2581722416338055
8994,4.365156309717986
8995,4.287176791544912
8996,4.198708354249416
8997,5.037932509416257
8998,4.684996725442897
8999,3.7114989185471385
9000,3.839485408559889
9001,4.295319413391741
9002,4.28696178819744
9003,4.28696178819744
9004,4.28696178819744
9005,4.28696178819744
9006,4.28696178819744
9007,4.239996944500357
9008,3.1531709808812747
9009,3.641442824275254
9010,3.1816346067024233
9011,3.153991638191839
9012,2.8703570403183023
9013,2.820714546245449
9014,2.910561087105145
9015,3.4228545113987283
9016,3.481419218462331
9017,3.1484254072714015
9018,3.1531709808812747
9019,3.1531709808812747
9020,3.1531709808812747
9021,3.1531709808812747
9022,3.1531709808812747
9023,3.275677581893779
9024,4.2978272976527725
9025,4.54036646136861
9026,4.830531531410917
9027,4.297812211181537
9028,3.9306904494740236
9029,5.129264403317917
9030,5.040257420115791
9031,3.5616616706099817
9032,2.835006772406131
9033,4.298724543153822
9034,4.2978272976527725
9035,4.2978272976527725
9036,4.2978272976527725
9037,4.2978272976527725
9038,4.2978272976527725
9039,4.210524251248658
9040,3.674429589547858
9041,3.3450386419152958
9042,3.2128382619118248
9043,3.6741419210268917
9044,3.537458816455993
9045,3.080135748064306
9046,2.8676962366531646
9047,5.327657111664919
9048,5.529746463794587
9049,3.6542104086651497
9050,3.674429589547858
9051,3.674429589547858
9052,3.674429589547858
9053,3.674429589547858
9054,3.674429589547858
9055,4.477294451644431
9056,4.436749560860277
9057,4.3457708585609645
9058,4.7952741600826
9059,4.438171713353745
9060,5.426292543233458
9061,3.700514326324345
9062,5.085127207163444
9063,3.6965958909807957
9064,5.670345080515035
9065,4.620022856139375
9066,4.436749560860277
9067,4.436749560860277
9068,4.436749560860277
9069,4.436749560860277
9070,4.436749560860277
9071,5.5992231513840744
9072,2.287813891246257
9073,2.355788553722
9074,2.2953649625888137
9075,2.2877861278713842
9076,2.038840664889625
9077,2.761178529533307
9078,1.9736654636082738
9079,3.080281293097514
9080,2.013653512187684
9081,2.197254593603137
9082,2.287813891246257
9083,2.287813891246257
9084,2.287813891246257
9085,2.287813891246257
9086,2.287813891246257
9087,2.4613598916117416
9088,4.35877920399307
9089,4.359873093037643
9090,5.283158414760966
9091,4.357529647226179
9092,4.869721369246395
9093,4.3222429863095595
9094,5.619387320783358
9095,3.571654280110078
9096,3.9354481238666565
9097,4.392404775878106
9098,4.35877920399307
9099,4.35877920399307
9100,4.35877920399307
9101,4.35877920399307
9102,4.35877920399307
9103,5.38577488021761
9104,2.879134127501668
9105,2.8900893351340744
9106,2.7422105799905157
9107,2.8784810000698307
9108,2.257091320326354
9109,2.895811724152863
9110,2.443004986869789
9111,4.011377177492012
9112,2.8442092005166737
9113,2.8657420135494065
9114,2.879134127501668
9115,2.879134127501668
9116,2.879134127501668
9117,2.879134127501668
9118,2.879134127501668
9119,2.505998756456081
9120,3.741298666469962
9121,3.748492928537296
9122,3.853402151654952
9123,3.741378897939276
9124,5.226140755316981
9125,3.5598199667587656
9126,3.3840577880865435
9127,3.035510379483371
9128,3.8727594725312846
9129,3.857050884465325
9130,3.741298666469962
9131,3.741298666469962
9132,3.741298666469962
9133,3.741298666469962
9134,3.741298666469962
9135,3.831610629031382
9136,2.6903930885079963
9137,2.686679347331866
9138,2.69146025540779
9139,2.69026138534556
9140,2.1426174417278347
9141,2.8177726465033652
9142,3.015053351435828
9143,3.584043083939612
9144,2.724877284439806
9145,2.6202976751123974
9146,2.6903930885079963
9147,2.6903930885079963
9148,2.6903930885079963
9149,2.6903930885079963
9150,2.6903930885079963
9151,3.2859806369178366
9152,4.828408114099462
9153,4.828701978188092
9154,4.801481550048115
9155,4.8286048472429
9156,3.4041247810575133
9157,4.393342404068615
9158,5.797229368417833
9159,3.106118559393792
9160,6.289649005708632
9161,4.971751186093284
9162,4.828408114099462
9163,4.828408114099462
9164,4.828408114099462
9165,4.828408114099462
9166,4.828408114099462
9167,3.187805404219388
9168,2.602117180592997
9169,2.7357869054173776
9170,2.5076410368034137
9171,2.601798261602497
9172,4.108290910389194
9173,2.831648204054419
9174,1.8159589956530968
9175,3.717406568974801
9176,2.020739186802594
9177,2.5377341319019204
9178,2.602117180592997
9179,2.602117180592997
9180,2.602117180592997
9181,2.602117180592997
9182,2.602117180592997
9183,3.3444644570395603
9184,6.725239155017688
9185,6.810007234520278
9186,6.444361880603183
9187,6.715241871714837
9188,5.240987304059135
9189,9.298609160911838
9190,5.825150639178033
9191,5.414749101907387
9192,5.095948594890591
9193,6.818422109659077
9194,6.725239155017688
9195,6.725239155017688
9196,6.725239155017688
9197,6.725239155017688
9198,6.725239155017688
9199,3.647784486169568
9200,2.9774151002066507
9201,3.0732156888589466
9202,2.6160291035475476
9203,2.9808262119363858
9204,3.4020376203733793
9205,2.1381100195319678
9206,3.5005890322708133
9207,3.015853518700784
9208,3.6403616100656424
9209,2.9006212716555595
9210,2.9774151002066507
9211,2.9774151002066507
9212,2.9774151002066507
9213,2.9774151002066507
9214,2.9774151002066507
9215,3.1664946009479777
9216,3.0832439102081435
9217,3.2060577222602618
9218,3.0033457103532597
9219,3.08534496327715
9220,2.866127122414953
9221,3.2906805016233887
9222,3.8899935625296473
9223,3.0173808261576207
9224,4.417616026080532
9225,3.1058309956675787
9226,3.0832439102081435
9227,3.0832439102081435
9228,3.0832439102081435
9229,3.0832439102081435
9230,3.0832439102081435
9231,6.105567872141628
9232,5.512792861924276
9233,4.451512255855083
9234,4.760882765821343
9235,5.518548242626373
9236,5.0975918845594625
9237,5.1038335282823475
9238,4.000539418237186
9239,5.398820874374551
9240,3.716892752293333
9241,5.506046478660828
9242,5.512792861924276
9243,5.512792861924276
9244,5.512792861924276
9245,5.512792861924276
9246,5.512792861924276
9247,1.950164156333751
9248,3.4746688380741437
9249,3.4883458379821635
9250,3.499042114837451
9251,3.473933887315385
9252,3.8765713023728394
9253,3.549563523086414
9254,3.0170601954692318
9255,3.5912356887136
9256,3.3580115827715216
9257,3.3631348424711556
9258,3.4746688380741437
9259,3.4746688380741437
9260,3.4746688380741437
9261,3.4746688380741437
9262,3.4746688380741437
9263,3.3113455175145696
9264,3.130130142163926
9265,3.2105593330333413
9266,3.178773163806646
9267,3.1305914461088746
9268,3.0649468751212323
9269,3.0887719837178986
9270,3.5701802056854612
9271,3.28015373308696
9272,3.5547695821561933
9273,3.2356707804608202
9274,3.130130142163926
9275,3.130130142163926
9276,3.130130142163926
9277,3.130130142163926
9278,3.130130142163926
9279,4.304998450513849
9280,2.804872275944089
9281,2.822206301681265
9282,2.818453422992328
9283,2.8047616930743424
9284,2.8142635531560054
9285,2.369615543948201
9286,3.6091404419096187
9287,3.1483799520080735
9288,3.186550055723353
9289,2.691778422729877
9290,2.804872275944089
9291,2.804872275944089
9292,2.804872275944089
9293,2.804872275944089
9294,2.804872275944089
9295,3.7447620874707988
9296,4.37894701743479
9297,4.187802260223952
9298,5.377118308399104
9299,4.378391124819502
9300,4.792431236079464
9301,5.27526304423861
9302,3.589150337356911
9303,3.7816279108821034
9304,4.34549568336926
9305,4.484235105272606
9306,4.37894701743479
9307,4.37894701743479
9308,4.37894701743479
9309,4.37894701743479
9310,4.37894701743479
9311,4.670008052733217
9312,2.4760913940352727
9313,2.474269615273113
9314,2.4720505634523917
9315,2.4770931136049557
9316,2.585168637975976
9317,3.0387520777953863
9318,2.373613482051754
9319,2.220983554944082
9320,2.8450052210840733
9321,2.5433200772413587
9322,2.4760913940352727
9323,2.4760913940352727
9324,2.4760913940352727
9325,2.4760913940352727
9326,2.4760913940352727
9327,3.0742827103388017
9328,5.783926473643857
9329,7.203095151094437
9330,5.046433118835579
9331,5.776520981816465
9332,4.853905466409669
9333,4.657558728163689
9334,6.742325095445481
9335,6.7102604727481445
9336,4.753004583164985
9337,5.677524333314149
9338,5.783926473643857
9339,5.783926473643857
9340,5.783926473643857
9341,5.783926473643857
9342,5.783926473643857
9343,4.273895357178133
9344,2.872787845512934
9345,2.854848517710837
9346,2.844310254473163
9347,2.870730384620837
9348,2.249841104022324
9349,2.8578224124523453
9350,3.548435860896534
9351,3.19473239834636
9352,2.2850481499282362
9353,2.866559765762473
9354,2.872787845512934
9355,2.872787845512934
9356,2.872787845512934
9357,2.872787845512934
9358,2.872787845512934
9359,2.3993691043264596
9360,4.263490053513172
9361,4.102004328659996
9362,5.126490633151408
9363,4.262784042176392
9364,6.228201267737021
9365,4.099152359257232
9366,3.362798548396193
9367,3.686612505668662
9368,5.749331425172669
9369,4.292388247596065
9370,4.263490053513172
9371,4.263490053513172
9372,4.263490053513172
9373,4.263490053513172
9374,4.263490053513172
9375,6.298122073719175
9376,3.890115138281967
9377,4.231805285359508
9378,3.914802563815834
9379,3.8898660127265665
9380,2.959110142911451
9381,4.13335699913058
9382,4.277821500394683
9383,3.459205755603154
9384,5.0103493408954956
9385,3.913776774760916
9386,3.890115138281967
9387,3.890115138281967
9388,3.890115138281967
9389,3.890115138281967
9390,3.890115138281967
9391,4.4969601388561475
9392,4.658830074564296
9393,4.557126977794876
9394,4.320275767872989
9395,4.6579171275679245
9396,5.456933849339615
9397,4.389398592260221
9398,3.7360081281275668
9399,5.359860331831281
9400,3.219768820917686
9401,4.655341841160506
9402,4.658830074564296
9403,4.658830074564296
9404,4.658830074564296
9405,4.658830074564296
9406,4.658830074564296
9407,3.0687838490445256
9408,1.8492800894619716
9409,1.8822366382834357
9410,1.8091334637998153
9411,1.8493913765308168
9412,1.9263030239222032
9413,2.2732765635976513
9414,2.578401779360481
9415,1.879170507318128
9416,1.7827800935828586
9417,1.8459606745735189
9418,1.8492800894619716
9419,1.8492800894619716
9420,1.8492800894619716
9421,1.8492800894619716
9422,1.8492800894619716
9423,3.0465865272533335
9424,8.341830755914645
9425,9.217582384768983
9426,6.724937308968025
9427,8.337950277589536
9428,6.984815583840088
9429,5.910146010991495
9430,6.599786110165983
9431,8.544576134400403
9432,8.419061496586496
9433,8.310190198760138
9434,8.341830755914645
9435,8.341830755914645
9436,8.341830755914645
9437,8.341830755914645
9438,8.341830755914645
9439,3.5453663745247117
9440,2.993918229237057
9441,2.877763863580782
9442,3.8859340998135576
9443,2.991741025351851
9444,4.180905128989527
9445,2.625092634265084
9446,3.3589059455619714
9447,2.8878516626229795
9448,3.06596581702659
9449,2.929871004036631
9450,2.993918229237057
9451,2.993918229237057
9452,2.993918229237057
9453,2.993918229237057
9454,2.993918229237057
9455,4.239148678358489
9456,3.4294087780354174
9457,3.4552656630215064
9458,3.63964394661719
9459,3.429717611320602
9460,2.693560492737687
9461,3.73024951904343
9462,3.0952953400452516
9463,3.2397080500958797
9464,3.4286302435302223
9465,3.4990545531315456
9466,3.4294087780354174
9467,3.4294087780354174
9468,3.4294087780354174
9469,3.4294087780354174
9470,3.4294087780354174
9471,2.6496255067154277
9472,4.2349126012286264
9473,4.25773990278735
9474,4.117778864760084
9475,4.233419865072661
9476,4.458367978882921
9477,3.704772934289925
9478,4.341638575436665
9479,4.409967926944036
9480,3.78197990972748
9481,4.274591812298861
9482,4.2349126012286264
9483,4.2349126012286264
9484,4.2349126012286264
9485,4.2349126012286264
9486,4.2349126012286264
9487,3.7300042337633643
9488,3.1327584612784616
9489,2.7987474979775744
9490,2.9345240610596433
9491,3.1351273516579963
9492,2.7703419067258195
9493,3.842348277634262
9494,2.9464421140553365
9495,3.2935111330110813
9496,3.4237090401735957
9497,3.074984089898922
9498,3.1327584612784616
9499,3.1327584612784616
9500,3.1327584612784616
9501,3.1327584612784616
9502,3.1327584612784616
9503,3.072871746881302
9504,2.2883218884865757
9505,2.2750584567819545
9506,2.407806801237413
9507,2.2880781656755182
9508,2.6481427449579478
9509,2.599993761169329
9510,2.6781238070784195
9511,2.6336854828410643
9512,3.2863394210357484
9513,2.2744400792429555
9514,2.2883218884865757
9515,2.2883218884865757
9516,2.2883218884865757
9517,2.2883218884865757
9518,2.2883218884865757
9519,5.96438721461666
9520,3.831435890199324
9521,5.046747339460502
9522,3.5607648048636333
9523,3.8343478084686344
9524,3.996964450751303
9525,3.4988194660967116
9526,3.6924603759162653
9527,4.17763133508519
9528,2.7926052805423933
9529,3.8791417573747795
9530,3.831435890199324
9531,3.831435890199324
9532,3.831435890199324
9533,3.831435890199324
9534,3.831435890199324
9535,2.821398112839147
9536,4.63249356756046
9537,4.742450997070634
9538,4.702907021061575
9539,4.631993042254596
9540,5.495827418985816
9541,5.100882078461972
9542,4.503572965034638
9543,3.7218665064402456
9544,5.85453597743664
9545,4.655094753522195
9546,4.63249356756046
9547,4.63249356756046
9548,4.63249356756046
9549,4.63249356756046
9550,4.63249356756046
9551,6.2113530505495484
9552,2.708192744678184
9553,2.46844115709463
9554,3.0438528049748546
9555,2.7049163724002714
9556,2.607154993889982
9557,2.5858999056832124
9558,2.756897433336069
9559,2.8896403384837432
9560,2.357844863395768
9561,2.695502290601024
9562,2.708192744678184
9563,2.708192744678184
9564,2.708192744678184
9565,2.708192744678184
9566,2.708192744678184
9567,2.2988853754829184
9568,4.174218248431781
9569,4.202398239533022
9570,4.177830834085767
9571,4.174150589929882
9572,3.5962813729070136
9573,4.595809701946915
9574,4.5999754191997235
9575,4.520450474167869
9576,4.4984771625096185
9577,4.238176069090135
9578,4.174218248431781
9579,4.174218248431781
9580,4.174218248431781
9581,4.174218248431781
9582,4.174218248431781
9583,4.983200123855399
9584,3.6296957323103722
9585,3.727499588282474
9586,3.712834192411277
9587,3.6295734213130766
9588,3.855806438038673
9589,3.231887650505111
9590,2.878967645093405
9591,3.0708508600676683
9592,3.1308427093255586
9593,3.592096121827708
9594,3.6296957323103722
9595,3.6296957323103722
9596,3.6296957323103722
9597,3.6296957323103722
9598,3.6296957323103722
9599,2.063962883617357
9600,2.9549096366707257
9601,2.965540700234079
9602,3.087060404822322
9603,2.955301791894186
9604,4.10223675189254
9605,3.6772445513256327
9606,2.9209492480710324
9607,2.3830980750870037
9608,3.87391728154891
9609,2.9115004446592287
9610,2.9549096366707257
9611,2.9549096366707257
9612,2.9549096366707257
9613,2.9549096366707257
9614,2.9549096366707257
9615,5.439093904141931
9616,5.522151113761895
9617,6.100509694548125
9618,4.760152749637403
9619,5.51442358391046
9620,4.4968672039070965
9621,3.9724912689131964
9622,5.7653480880060295
9623,5.848899632245208
9624,4.191014181390107
9625,5.60149632549804
9626,5.522151113761895
9627,5.522151113761895
9628,5.522151113761895
9629,5.522151113761895
9630,5.522151113761895
9631,2.633664299077744
9632,3.342066083551007
9633,3.3175489181556874
9634,3.3715629197065065
9635,3.3429478387597755
9636,3.8311067221272403
9637,3.2586698615279137
9638,5.354449988737183
9639,3.602390220496176
9640,2.28704783151367
9641,3.4571807464322126
9642,3.342066083551007
9643,3.342066083551007
9644,3.342066083551007
9645,3.342066083551007
9646,3.342066083551007
9647,4.525318188104359
9648,4.037031305305965
9649,4.086581515453506
9650,3.991355035783455
9651,4.036186067693186
9652,3.1294688361700844
9653,4.141278839507766
9654,2.832016560385251
9655,3.384752779069698
9656,5.187995148516027
9657,3.8654429052749646
9658,4.037031305305965
9659,4.037031305305965
9660,4.037031305305965
9661,4.037031305305965
9662,4.037031305305965
9663,2.313149708132757
9664,4.5331906092576055
9665,4.548772095153619
9666,4.404102220365922
9667,4.535125238080048
9668,3.6274141270806393
9669,4.578545426432681
9670,4.775421795939644
9671,4.945948221604181
9672,4.477850338802464
9673,4.6472039890928745
9674,4.5331906092576055
9675,4.5331906092576055
9676,4.5331906092576055
9677,4.5331906092576055
9678,4.5331906092576055
9679,4.11653406325735
9680,2.870144272125786
9681,2.892719659071897
9682,2.8543082795860935
9683,2.8713357019181807
9684,3.2686605688874297
9685,2.8267068400970796
9686,2.787198295753472
9687,3.1326667616100847
9688,2.6329060199258243
9689,2.8007784317457936
9690,2.870144272125786
9691,2.870144272125786
9692,2.870144272125786
9693,2.870144272125786
9694,2.870144272125786
9695,3.053996377046878
9696,4.284965508886164
9697,3.9968216018514275
9698,5.64770399204311
9699,4.285128725433667
9700,2.971750353349111
9701,4.024418343658047
9702,5.70351743669027
9703,4.431444591237726
9704,4.258189715685727
9705,4.249348815835725
9706,4.284965508886164
9707,4.284965508886164
9708,4.284965508886164
9709,4.284965508886164
9710,4.284965508886164
9711,4.289424374919993
9712,2.9504385959568333
9713,2.965723668141543
9714,3.07188083412319
9715,2.950390519580274
9716,4.734642161588329
9717,3.005395961791537
9718,1.9981048866316113
9719,2.991040202511361
9720,2.961949823641166
9721,3.000793152101579
9722,2.9504385959568333
9723,2.9504385959568333
9724,2.9504385959568333
9725,2.9504385959568333
9726,2.9504385959568333
9727,3.504701548404259
9728,5.6707655327718305
9729,5.640188077442415
9730,5.465787770909421
9731,5.672079400486225
9732,6.754191372167984
9733,5.507663247341891
9734,3.870248292454128
9735,3.9712146149173626
9736,3.946035542384935
9737,5.462843988655549
9738,5.6707655327718305
9739,5.6707655327718305
9740,5.6707655327718305
9741,5.6707655327718305
9742,5.6707655327718305
9743,1.973384138140091
9744,2.1346791214058105
9745,1.9149062918911226
9746,2.0452209397312022
9747,2.1332938375174546
9748,1.5806593177459383
9749,2.2078842808223644
9750,3.408125470704392
9751,3.0584826618646845
9752,3.345988603471282
9753,2.1848436862536724
9754,2.1346791214058105
9755,2.1346791214058105
9756,2.1346791214058105
9757,2.1346791214058105
9758,2.1346791214058105
9759,5.239859005564559
9760,2.214784652780531
9761,2.2255093218265083
9762,2.291926527613973
9763,2.214058617806044
9764,3.137163076700347
9765,2.2342837551930494
9766,2.3439671553167525
9767,1.9278525881426511
9768,2.4950018337456576
9769,2.27359180493768
9770,2.214784652780531
9771,2.214784652780531
9772,2.214784652780531
9773,2.214784652780531
9774,2.214784652780531
9775,3.7566082610849936
9776,4.779978020417259
9777,4.5622480773903655
9778,4.536768532039192
9779,4.7785968683178
9780,3.788574125110061
9781,4.820571034614693
9782,4.821281248375104
9783,5.45617435479256
9784,3.7587576894611807
9785,4.681947893600792
9786,4.779978020417259
9787,4.779978020417259
9788,4.779978020417259
9789,4.779978020417259
9790,4.779978020417259
9791,3.2860648290839776
9792,5.263127907118736
9793,5.260364725194028
9794,5.320896983054323
9795,5.263124452758958
9796,3.549850915391442
9797,4.425557969569768
9798,3.741175572159145
9799,4.267527207851293
9800,4.276456773454791
9801,5.346943969189685
9802,5.263127907118736
9803,5.263127907118736
9804,5.263127907118736
9805,5.263127907118736
9806,5.263127907118736
9807,1.5289722445751275
9808,2.5116708822945584
9809,3.0628109095590976
9810,2.419782119048041
9811,2.515995994045482
9812,4.177722120545607
9813,3.2355515265604797
9814,3.4573068471740305
9815,3.356977830556425
9816,2.875255998425978
9817,2.492561469527788
9818,2.5116708822945584
9819,2.5116708822945584
9820,2.5116708822945584
9821,2.5116708822945584
9822,2.5116708822945584
9823,13.432199942088111
9824,6.684298139178291
9825,6.634426097711769
9826,6.784956167280329
9827,6.684298602370617
9828,5.093150351678902
9829,7.34520108117293
9830,6.218470040738001
9831,4.692215915338462
9832,5.963389432062038
9833,6.5153231092295965
9834,6.684298139178291
9835,6.684298139178291
9836,6.684298139178291
9837,6.684298139178291
9838,6.684298139178291
9839,3.1988496071932135
9840,2.357598039978072
9841,2.415931479023384
9842,2.3524922818008926
9843,2.357552914038045
9844,2.7744636235905595
9845,2.174873852239541
9846,2.379208189703056
9847,2.920040189180334
9848,2.715804435843757
9849,2.4190712523434135
9850,2.357598039978072
9851,2.357598039978072
9852,2.357598039978072
9853,2.357598039978072
9854,2.357598039978072
9855,3.852597042923181
9856,2.755048490755246
9857,2.8554743484835354
9858,2.8209403710265835
9859,2.75483312583718
9860,3.0676471582082576
9861,2.6213132829308026
9862,2.5494656373895292
9863,2.151621000185405
9864,3.43521135200784
9865,2.748170172646504
9866,2.755048490755246
9867,2.755048490755246
9868,2.755048490755246
9869,2.755048490755246
9870,2.755048490755246
9871,2.689907101448816
9872,4.862567404111968
9873,3.910163984149635
9874,5.345302485330489
9875,4.864444790022895
9876,5.145513118755434
9877,5.078316589144596
9878,5.504607273824713
9879,6.297550096407
9880,3.7603065914211387
9881,4.868951991586838
9882,4.862567404111968
9883,4.862567404111968
9884,4.862567404111968
9885,4.862567404111968
9886,4.862567404111968
9887,5.149232501354676
9888,4.519609119182486
9889,4.477240991331044
9890,4.552013734233309
9891,4.51879172132765
9892,4.50158400569863
9893,4.040910425164258
9894,4.412934230050191
9895,3.515428023610122
9896,3.862727127029308
9897,4.393954900201243
9898,4.519609119182486
9899,4.519609119182486
9900,4.519609119182486
9901,4.519609119182486
9902,4.519609119182486
9903,2.490349660054207
9904,3.0903742688243514
9905,3.1445991658846792
9906,3.1218996813352446
9907,3.090443145820025
9908,2.8153843658333177
9909,3.2742335409879075
9910,3.2664297407358434
9911,4.1958550881448256
9912,3.9571205475798092
9913,3.1542661720120373
9914,3.0903742688243514
9915,3.0903742688243514
9916,3.0903742688243514
9917,3.0903742688243514
9918,3.0903742688243514
9919,5.927782497412185
9920,6.338473469356719
9921,6.337010253369601
9922,6.239801839646039
9923,6.335674928299467
9924,5.599430668346315
9925,6.928969885712986
9926,5.207828460710959
9927,4.408807392480229
9928,6.368182513746606
9929,6.285828552338604
9930,6.338473469356719
9931,6.338473469356719
9932,6.338473469356719
9933,6.338473469356719
9934,6.338473469356719
9935,3.5538958108064933
9936,2.500759743711627
9937,2.4201840492419477
9938,2.4029476150481393
9939,2.4990837812823954
9940,2.5339712740568654
9941,2.1568964549784586
9942,2.8081848091310984
9943,3.6663778662327986
9944,2.8228028846171913
9945,2.530370938844833
9946,2.500759743711627
9947,2.500759743711627
9948,2.500759743711627
9949,2.500759743711627
9950,2.500759743711627
9951,3.973673637784234
9952,2.9467657062012167
9953,2.7054048149002417
9954,3.390485876225214
9955,2.9478708862027316
9956,3.5632327449794525
9957,2.4544760147592375
9958,2.9123280031392356
9959,2.595675915044622
9960,2.941448612733331
9961,2.944664535091549
9962,2.9467657062012167
9963,2.9467657062012167
9964,2.9467657062012167
9965,2.9467657062012167
9966,2.9467657062012167
9967,2.4366455831758054
9968,3.714854369626334
9969,4.803469574070337
9970,3.482287448638151
9971,3.715019932643831
9972,3.438467487107698
9973,4.530581393227303
9974,3.510680606067591
9975,4.2521127741350435
9976,3.570000813907351
9977,3.7259652427573635
9978,3.714854369626334
9979,3.714854369626334
9980,3.714854369626334
9981,3.714854369626334
9982,3.714854369626334
9983,4.069461770179017
9984,3.6202045128244653
9985,3.6197764380016597
9986,3.6124299506059834
9987,3.6195997191074465
9988,2.6988039321614705
9989,2.886817010467403
9990,2.8043538235837704
9991,5.7048353697876655
9992,4.250627733232396
9993,3.64896879844797
9994,3.6202045128244653
9995,3.6202045128244653
9996,3.6202045128244653
9997,3.6202045128244653
9998,3.6202045128244653
9999,3.031448404874682
10000,4.740151137964186
10001,4.547251529742128
10002,3.8379710996878744
10003,4.733754948925461
10004,5.718544031118435
10005,6.734948920684336
10006,5.140085977015139
10007,3.3849096889633494
10008,4.2190346244096455
10009,4.6834119732053
10010,4.740151137964186
10011,4.740151137964186
10012,4.740151137964186
10013,4.740151137964186
10014,4.740151137964186
10015,4.119050967461859
10016,5.187548372826393
10017,5.187940920713676
10018,5.661798879501159
10019,5.188233165426434
10020,3.906421187500309
10021,5.679823721139755
10022,4.16251394633382
10023,6.171554812704632
10024,3.3236322280599047
10025,5.294090702553598
10026,5.187548372826393
10027,5.187548372826393
10028,5.187548372826393
10029,5.187548372826393
10030,5.187548372826393
10031,2.7974833117254234
10032,1.8859889836939732
10033,1.8693934575618658
10034,1.939798975032085
10035,1.8852830140883037
10036,2.867535981172575
10037,1.769655671578419
10038,2.3775311817939384
10039,1.781999721552615
10040,2.764475024389943
10041,1.8622539912731104
10042,1.8859889836939732
10043,1.8859889836939732
10044,1.8859889836939732
10045,1.8859889836939732
10046,1.8859889836939732
10047,4.7358090233231716
10048,2.86779175512298
10049,2.863081122893329
10050,2.827595577915203
10051,2.8674422744614643
10052,4.2088289162616
10053,3.049339787425485
10054,2.725887304995166
10055,3.6129212793157155
10056,2.532751963418062
10057,2.910613840275999
10058,2.86779175512298
10059,2.86779175512298
10060,2.86779175512298
10061,2.86779175512298
10062,2.86779175512298
10063,4.747773533385834
10064,3.3943612441471513
10065,3.4027421601704035
10066,3.973656360482935
10067,3.394668603275309
10068,2.5554299525788107
10069,3.31928267140682
10070,3.9327558807686036
10071,2.530550725717858
10072,3.561353098072929
10073,3.3347891323171743
10074,3.3943612441471513
10075,3.3943612441471513
10076,3.3943612441471513
10077,3.3943612441471513
10078,3.3943612441471513
10079,2.6130486785456206
10080,3.0818584398152464
10081,3.161067354043059
10082,3.1193444093076232
10083,3.081051278959406
10084,3.282716459539376
10085,3.138858032603072
10086,2.3224825425610933
10087,3.493098848416474
10088,2.687235837852365
10089,3.0609967192216736
10090,3.0818584398152464
10091,3.0818584398152464
10092,3.0818584398152464
10093,3.0818584398152464
10094,3.0818584398152464
10095,2.591853742886961
10096,5.015424326745739
10097,5.014768633837959
10098,4.789973988046659
10099,5.020052698788711
10100,4.126747026135747
10101,4.990132265527278
10102,6.641573280237886
10103,3.402201602743903
10104,5.913570575357981
10105,5.04030048031401
10106,5.015424326745739
10107,5.015424326745739
10108,5.015424326745739
10109,5.015424326745739
10110,5.015424326745739
10111,4.17562516506046
10112,3.2699748632058756
10113,3.252637529640631
10114,3.3092121538708774
10115,3.2719947353828283
10116,3.793093988946594
10117,3.7889664808434538
10118,3.5745667871944615
10119,3.976159960695077
10120,2.570665270030714
10121,3.329581449673417
10122,3.2699748632058756
10123,3.2699748632058756
10124,3.2699748632058756
10125,3.2699748632058756
10126,3.2699748632058756
10127,4.682883385040103
10128,4.614444455803556
10129,4.171312138163768
10130,5.784965816235041
10131,4.617377148680245
10132,4.308316746350478
10133,3.595949260530633
10134,3.888576602344686
10135,3.30080023598318
10136,5.887933525193054
10137,4.524082045339325
10138,4.614444455803556
10139,4.614444455803556
10140,4.614444455803556
10141,4.614444455803556
10142,4.614444455803556
10143,2.6534288574564404
10144,4.13960400581463
10145,3.9742108914631125
10146,4.112042554123976
10147,4.141053064422073
10148,3.934930198639915
10149,3.5139862828355724
10150,3.1030826591033724
10151,5.132644802524574
10152,5.342777279075808
10153,4.093041726502323
10154,4.13960400581463
10155,4.13960400581463
10156,4.13960400581463
10157,4.13960400581463
10158,4.13960400581463
10159,3.8571853725738547
10160,4.284196532868888
10161,5.153563834665029
10162,3.7426164694997537
10163,4.286108199995408
10164,3.852013930934321
10165,5.3094607983222515
10166,5.573253787826295
10167,3.2130309557140952
10168,3.581889196785582
10169,4.40344611975372
10170,4.284196532868888
10171,4.284196532868888
10172,4.284196532868888
10173,4.284196532868888
10174,4.284196532868888
10175,3.8196312849210723
10176,1.8242024424403764
10177,1.930281971476667
10178,1.8140969404199851
10179,1.8242123487797621
10180,1.8563627027625897
10181,1.669007193987614
10182,2.196583392334597
10183,2.9415355152429172
10184,2.05292664344382
10185,1.800997756937762
10186,1.8242024424403764
10187,1.8242024424403764
10188,1.8242024424403764
10189,1.8242024424403764
10190,1.8242024424403764
10191,3.907369410916728
10192,7.278394030009334
10193,6.980356240801176
10194,6.728685559799545
10195,7.278830667193024
10196,6.23070849253474
10197,8.704497817325027
10198,7.117696177136774
10199,5.15932140970787
10200,7.234337309896497
10201,7.414374136393133
10202,7.278394030009334
10203,7.278394030009334
10204,7.278394030009334
10205,7.278394030009334
10206,7.278394030009334
10207,4.670478696253417
10208,3.8817053853854766
10209,3.690179762511083
10210,4.933641317981898
10211,3.8836460048071313
10212,3.6816381843859634
10213,3.4593174425396627
10214,3.0863383317164264
10215,4.629853879300029
10216,3.687067235198788
10217,4.000868909309727
10218,3.8817053853854766
10219,3.8817053853854766
10220,3.8817053853854766
10221,3.8817053853854766
10222,3.8817053853854766
10223,3.071003649316255
10224,2.62937056259667
10225,2.6239744383774344
10226,2.8242041051316513
10227,2.6301689476989876
10228,2.987104227188239
10229,2.7131878618726977
10230,3.2992581737824023
10231,2.5124282332059846
10232,2.632531335505431
10233,2.507057545520151
10234,2.62937056259667
10235,2.62937056259667
10236,2.62937056259667
10237,2.62937056259667
10238,2.62937056259667
10239,3.6744580683369636
10240,2.4808918146885968
10241,2.4910237889311553
10242,2.537652729688843
10243,2.4810978132759045
10244,3.6436644851221947
10245,2.4075500423652523
10246,2.3310540910389963
10247,2.4484218669970206
10248,2.662603886479319
10249,2.4805238854052813
10250,2.4808918146885968
10251,2.4808918146885968
10252,2.4808918146885968
10253,2.4808918146885968
10254,2.4808918146885968
10255,3.711592571516782
10256,6.221928819398076
10257,5.097842732020785
10258,4.5702399258507125
10259,6.221409812827061
10260,4.867859143938927
10261,6.4354567984446716
10262,6.963766486219755
10263,6.316698286848255
10264,5.212716929222105
10265,6.194125299062463
10266,6.221928819398076
10267,6.221928819398076
10268,6.221928819398076
10269,6.221928819398076
10270,6.221928819398076
10271,3.4539796256147133
10272,2.9734933808738706
10273,3.0536362100713372
10274,2.934666680519947
10275,2.9729808501421897
10276,3.9285005868162908
10277,2.8267970343480666
10278,3.483633089795502
10279,3.0164502097691765
10280,3.535857314207732
10281,2.991923359679561
10282,2.9734933808738706
10283,2.9734933808738706
10284,2.9734933808738706
10285,2.9734933808738706
10286,2.9734933808738706
10287,5.6482497456571314
10288,5.598410906889027
10289,5.444457595734854
10290,5.485401953693787
10291,5.594740401317648
10292,3.697506450544862
10293,6.200311331421255
10294,4.1733784666604725
10295,5.50580530943282
10296,4.688862940410777
10297,5.536692819612715
10298,5.598410906889027
10299,5.598410906889027
10300,5.598410906889027
10301,5.598410906889027
10302,5.598410906889027
10303,2.4108487457990653
10304,5.0831068383145155
10305,5.099322637636691
10306,4.976535482124435
10307,5.085067778308522
10308,3.1879523277904123
10309,4.387742858334848
10310,4.5257507727870685
10311,4.596816814147394
10312,4.397924234053113
10313,5.2136755782426
10314,5.0831068383145155
10315,5.0831068383145155
10316,5.0831068383145155
10317,5.0831068383145155
10318,5.0831068383145155
10319,1.916259714146917
10320,2.3820814656570866
10321,2.4814654348895315
10322,2.434692926479845
10323,2.3831514265966094
10324,3.1387412781441433
10325,3.022524728893947
10326,2.8508719331341124
10327,2.8376300698424997
10328,2.8865107248891833
10329,2.327960761253866
10330,2.3820814656570866
10331,2.3820814656570866
10332,2.3820814656570866
10333,2.3820814656570866
10334,2.3820814656570866
10335,7.491044470062192
10336,2.0116112954099328
10337,2.043833894736288
10338,2.0702986713014933
10339,2.011022327688866
10340,1.8415767669857162
10341,2.303367469403857
10342,2.7763216487641422
10343,2.1837847789792453
10344,2.777512543027713
10345,2.019543707947979
10346,2.0116112954099328
10347,2.0116112954099328
10348,2.0116112954099328
10349,2.0116112954099328
10350,2.0116112954099328
10351,4.378550151023073
10352,5.524832040800178
10353,5.625333325959791
10354,6.2367039360928
10355,5.528538686620518
10356,6.962499521365617
10357,4.450440896986916
10358,4.397914815434991
10359,4.541142985520359
10360,3.408992191361435
10361,5.535317147548891
10362,5.524832040800178
10363,5.524832040800178
10364,5.524832040800178
10365,5.524832040800178
10366,5.524832040800178
10367,2.5405096311403086
10368,3.549248844749511
10369,3.7156467904896338
10370,3.4562668669629852
10371,3.5493830419347216
10372,3.0625460095737513
10373,3.3887065522314064
10374,3.8716932110511215
10375,3.0955825450057155
10376,3.6382456654707225
10377,3.643790483340752
10378,3.549248844749511
10379,3.549248844749511
10380,3.549248844749511
10381,3.549248844749511
10382,3.549248844749511
10383,3.143504848198447
10384,4.827682939784431
10385,4.253859300623196
10386,4.689072678140667
10387,4.828216542763361
10388,4.746341712820545
10389,5.051516018312766
10390,4.249699910676603
10391,5.505130915078985
10392,5.249720863804891
10393,4.669378198377207
10394,4.827682939784431
10395,4.827682939784431
10396,4.827682939784431
10397,4.827682939784431
10398,4.827682939784431
10399,4.5326996425058725
10400,1.6788776314950014
10401,1.6573447260725032
10402,1.687884939394466
10403,1.6783737072036646
10404,1.767710621369155
10405,1.6525196247460545
10406,2.1025969566409812
10407,1.961436980001433
10408,1.7409891572733236
10409,1.6658491172189864
10410,1.6788776314950014
10411,1.6788776314950014
10412,1.6788776314950014
10413,1.6788776314950014
10414,1.6788776314950014
10415,2.6323612350287315
10416,7.605347987262486
10417,8.697654478734995
10418,7.264727456257354
10419,7.613781471305048
10420,8.04195235061806
10421,7.570171522789796
10422,5.524054963975098
10423,6.877917447152132
10424,6.909780376064389
10425,7.657684510968702
10426,7.605347987262486
10427,7.605347987262486
10428,7.605347987262486
10429,7.605347987262486
10430,7.605347987262486
10431,5.175032575549628
10432,3.0307242422572767
10433,3.0290075614767016
10434,3.2170468960783434
10435,3.029429498512633
10436,2.78213894530567
10437,3.3183905393056516
10438,3.447108793562164
10439,3.009341275195543
10440,3.674189785914373
10441,2.9737709583340917
10442,3.0307242422572767
10443,3.0307242422572767
10444,3.0307242422572767
10445,3.0307242422572767
10446,3.0307242422572767
10447,4.599138430637942
10448,4.323253207445988
10449,4.1392692227401815
10450,4.073118653710956
10451,4.320849693470078
10452,5.414910171832066
10453,3.757249426904608
10454,3.574151687831198
10455,4.422302850900289
10456,3.427141975565164
10457,4.472089455565467
10458,4.323253207445988
10459,4.323253207445988
10460,4.323253207445988
10461,4.323253207445988
10462,4.323253207445988
10463,3.2364408867691234
10464,3.979066371090578
10465,3.890345849921251
10466,4.317333714704343
10467,3.9782841056264395
10468,3.986094518917526
10469,2.989739078316395
10470,5.44876358943314
10471,4.053307546293961
10472,3.228474040878998
10473,4.079046557125129
10474,3.979066371090578
10475,3.979066371090578
10476,3.979066371090578
10477,3.979066371090578
10478,3.979066371090578
10479,3.336394886596954
10480,3.4694552926551703
10481,3.5865526310758207
10482,3.546415163937478
10483,3.469857416754443
10484,2.903232082119234
10485,4.264067788083663
10486,2.958903638044246
10487,3.438091134199052
10488,4.55249385410804
10489,3.371844186982251
10490,3.4694552926551703
10491,3.4694552926551703
10492,3.4694552926551703
10493,3.4694552926551703
10494,3.4694552926551703
10495,4.030070734318576
10496,4.653633586079153
10497,4.638069482567034
10498,4.514814125945575
10499,4.650890436604369
10500,4.116424110320318
10501,4.306256943100813
10502,5.627970357730391
10503,4.2216453114631305
10504,5.146989193880484
10505,4.4750948142302995
10506,4.653633586079153
10507,4.653633586079153
10508,4.653633586079153
10509,4.653633586079153
10510,4.653633586079153
10511,4.294335704792873
10512,2.468651611236847
10513,2.5305569080338475
10514,2.358211999617166
10515,2.465493325828874
10516,3.259555722039511
10517,2.8534144614028896
10518,2.1539103394201398
10519,2.349070282678744
10520,2.0718157911489863
10521,2.540584682167961
10522,2.468651611236847
10523,2.468651611236847
10524,2.468651611236847
10525,2.468651611236847
10526,2.468651611236847
10527,2.5794715385739497
10528,3.864222753220548
10529,3.8698602873745696
10530,3.833690578383076
10531,3.864083492414924
10532,2.8096308441013735
10533,4.54537700899443
10534,3.8439490776239698
10535,3.6345398467209096
10536,4.3167166031010415
10537,3.966437348322567
10538,3.864222753220548
10539,3.864222753220548
10540,3.864222753220548
10541,3.864222753220548
10542,3.864222753220548
10543,3.6438860681049605
10544,3.4804129762389127
10545,3.5144015172176197
10546,3.2754258513509065
10547,3.4802957419689875
10548,4.256205097589456
10549,2.9591382519009732
10550,3.663898869298018
10551,3.2285696915942066
10552,3.1997616734029104
10553,3.439511841596442
10554,3.4804129762389127
10555,3.4804129762389127
10556,3.4804129762389127
10557,3.4804129762389127
10558,3.4804129762389127
10559,3.108514365703681
10560,2.5426928261097084
10561,2.5394003932349194
10562,2.545892345709323
10563,2.5428250610675724
10564,3.4730623966083463
10565,2.2940174771583504
10566,2.71550911113428
10567,3.1792195827049863
10568,4.103384082063031
10569,2.5917113790433173
10570,2.5426928261097084
10571,2.5426928261097084
10572,2.5426928261097084
10573,2.5426928261097084
10574,2.5426928261097084
10575,6.907398316180196
10576,5.955186600108813
10577,5.6744596541220735
10578,4.944601862161536
10579,5.961649712420087
10580,3.842320068163798
10581,6.899363689146373
10582,5.265816240103903
10583,5.7900189694095525
10584,3.854889390361948
10585,5.876944298735879
10586,5.955186600108813
10587,5.955186600108813
10588,5.955186600108813
10589,5.955186600108813
10590,5.955186600108813
10591,1.974039020276237
10592,3.9424866790476902
10593,3.891660399550494
10594,3.938182938847643
10595,3.9401873022146665
10596,5.413222161395446
10597,3.7507677421318517
10598,3.9261831503714006
10599,3.54714769174824
10600,3.26169855301976
10601,3.835656040808765
10602,3.9424866790476902
10603,3.9424866790476902
10604,3.9424866790476902
10605,3.9424866790476902
10606,3.9424866790476902
10607,3.67852688828872
10608,2.6880330161857926
10609,2.675646676409748
10610,3.0166463711931892
10611,2.688555646221211
10612,2.365974634384141
10613,2.9738532187495483
10614,2.4342074199719557
10615,3.028151545159381
10616,2.96167228053346
10617,2.736159920750605
10618,2.6880330161857926
10619,2.6880330161857926
10620,2.6880330161857926
10621,2.6880330161857926
10622,2.6880330161857926
10623,3.3806323986876494
10624,2.6916581196989275
10625,2.70733455180219
10626,2.660910157914577
10627,2.692677858966732
10628,2.6666821014524915
10629,2.7381366420186692
10630,3.97589944252971
10631,3.213973308130968
10632,2.9270043377071175
10633,2.7127090735157595
10634,2.6916581196989275
10635,2.6916581196989275
10636,2.6916581196989275
10637,2.6916581196989275
10638,2.6916581196989275
10639,5.301277353012836
10640,5.31743531835285
10641,4.713219983066898
10642,4.799208569964256
10643,5.323061385304051
10644,4.816600508835081
10645,5.068403633391102
10646,3.9536963755184997
10647,4.984755265743065
10648,5.579011599446778
10649,5.301984377922696
10650,5.31743531835285
10651,5.31743531835285
10652,5.31743531835285
10653,5.31743531835285
10654,5.31743531835285
10655,2.801169962221689
10656,5.46989308912611
10657,5.437106173998807
10658,5.461956949531494
10659,5.469735260592286
10660,5.715952471365262
10661,4.3862971729190905
10662,5.925220850102226
10663,5.421661638211561
10664,5.093442632770627
10665,5.391036900649598
10666,5.46989308912611
10667,5.46989308912611
10668,5.46989308912611
10669,5.46989308912611
10670,5.46989308912611
10671,4.509855043239367
10672,1.5699749162997252
10673,1.7340340141692134
10674,1.6557222901738473
10675,1.569972812668915
10676,1.8029230983162272
10677,2.008209717646002
10678,1.5664563870657313
10679,1.9058559242227608
10680,1.631220907530824
10681,1.5997903774361453
10682,1.5699749162997252
10683,1.5699749162997252
10684,1.5699749162997252
10685,1.5699749162997252
10686,1.5699749162997252
10687,4.218379977015544
10688,2.9883266350044866
10689,2.9911249388142283
10690,3.066437005584805
10691,2.988760158220999
10692,3.346548750426255
10693,3.0612380549956035
10694,4.349754031872217
10695,2.7211594832125705
10696,2.587803589930379
10697,2.9393524405108695
10698,2.9883266350044866
10699,2.9883266350044866
10700,2.9883266350044866
10701,2.9883266350044866
10702,2.9883266350044866
10703,4.204011332106201
10704,4.3040683114144525
10705,4.1349944521627116
10706,4.219687979096952
10707,4.303800105780362
10708,4.562978833594411
10709,4.0837707808504815
10710,2.7712505448887117
10711,4.113022592201089
10712,5.288627635428686
10713,4.37507918914569
10714,4.3040683114144525
10715,4.3040683114144525
10716,4.3040683114144525
10717,4.3040683114144525
10718,4.3040683114144525
10719,3.2731221530659065
10720,3.804452496275506
10721,3.4184084762072247
10722,4.084970663675468
10723,3.811995377795302
10724,3.021098492612289
10725,3.706545771883088
10726,3.6421687634075095
10727,3.6091745459066416
10728,5.093253310546305
10729,3.7390302847034134
10730,3.804452496275506
10731,3.804452496275506
10732,3.804452496275506
10733,3.804452496275506
10734,3.804452496275506
10735,3.1657426802456032
10736,4.444213104187322
10737,4.831770760358201
10738,4.286506703816336
10739,4.443395406929148
10740,4.851473579396568
10741,4.454788233275879
10742,4.479702374306429
10743,4.149023267721946
10744,3.6641124703827437
10745,4.4647022965605085
10746,4.444213104187322
10747,4.444213104187322
10748,4.444213104187322
10749,4.444213104187322
10750,4.444213104187322
10751,3.6774163401187607
10752,5.565357387375223
10753,5.738050885743385
10754,5.803762636419363
10755,5.5666119919029
10756,5.538573434624706
10757,5.491959476509915
10758,5.726812689225223
10759,4.781406417468818
10760,5.051500876444016
10761,5.691675902174893
10762,5.565357387375223
10763,5.565357387375223
10764,5.565357387375223
10765,5.565357387375223
10766,5.565357387375223
10767,5.517721014764611
10768,2.220938427534005
10769,1.9203069903407843
10770,1.9878564540285704
10771,2.2251698033807035
10772,2.6707314118849608
10773,2.24445776230364
10774,2.4528788299980633
10775,2.4615036371746766
10776,2.743928208359299
10777,2.1834594422853253
10778,2.220938427534005
10779,2.220938427534005
10780,2.220938427534005
10781,2.220938427534005
10782,2.220938427534005
10783,3.524936179255876
10784,5.391611281455022
10785,5.364535333478409
10786,5.433077466630737
10787,5.391674750477618
10788,5.202182283141655
10789,5.568087758864055
10790,3.8731176432922605
10791,3.7542953910472754
10792,4.838674642995514
10793,5.387142129117969
10794,5.391611281455022
10795,5.391611281455022
10796,5.391611281455022
10797,5.391611281455022
10798,5.391611281455022
10799,2.383419778557451
10800,2.7610373104573336
10801,2.8215924992817096
10802,2.373157060323709
10803,2.7621422579525587
10804,2.5441800475983585
10805,2.6979546382960775
10806,3.969048648286014
10807,4.37032400672754
10808,2.905246944575748
10809,2.7716684038515993
10810,2.7610373104573336
10811,2.7610373104573336
10812,2.7610373104573336
10813,2.7610373104573336
10814,2.7610373104573336
10815,5.108656117235725
10816,4.020874367933955
10817,4.091096632018255
10818,3.996379938078534
10819,4.021463611916927
10820,3.2457732911388257
10821,3.756011939072118
10822,3.892643358723875
10823,3.083203288841711
10824,4.2664023903301524
10825,4.010181865623758
10826,4.020874367933955
10827,4.020874367933955
10828,4.020874367933955
10829,4.020874367933955
10830,4.020874367933955
10831,2.4217725572609456
10832,4.109759796298438
10833,3.7981402088629177
10834,3.757495969071581
10835,4.105614043789886
10836,4.344924144716645
10837,4.6656746651170895
10838,3.813639499429017
10839,5.235235705658474
10840,3.7598359843795346
10841,4.100376284904093
10842,4.109759796298438
10843,4.109759796298438
10844,4.109759796298438
10845,4.109759796298438
10846,4.109759796298438
10847,4.55142137379081
10848,3.8065222450173164
10849,3.8272412885098457
10850,3.791199205387385
10851,3.8065912057249722
10852,4.422979665289354
10853,4.543970617780781
10854,2.541004904641075
10855,3.0329205669060206
10856,2.7776970212536987
10857,3.826877830597163
10858,3.8065222450173164
10859,3.8065222450173164
10860,3.8065222450173164
10861,3.8065222450173164
10862,3.8065222450173164
10863,1.991639488818529
10864,2.439130806082516
10865,2.8717804894782852
10866,2.673096803106144
10867,2.4386514521390628
10868,2.4685633460417638
10869,2.032687166372732
10870,3.683111770995201
10871,3.1834936948462387
10872,3.673405014353153
10873,2.4214223093000444
10874,2.439130806082516
10875,2.439130806082516
10876,2.439130806082516
10877,2.439130806082516
10878,2.439130806082516
10879,8.403572511009486
10880,3.098839588271198
10881,3.096010125047013
10882,3.1221481966781126
10883,3.0980745210406027
10884,2.265584516275827
10885,3.258147637131658
10886,3.441476194494765
10887,2.373027307844451
10888,2.9518487144548264
10889,3.0608921697389766
10890,3.098839588271198
10891,3.098839588271198
10892,3.098839588271198
10893,3.098839588271198
10894,3.098839588271198
10895,1.9212443552431184
10896,5.532847772074612
10897,4.80454880363468
10898,4.499745512561755
10899,5.521633589236299
10900,6.558341654391566
10901,4.670629625094626
10902,5.67931812548168
10903,6.913772914583198
10904,5.292912132556005
10905,5.692611975445804
10906,5.532847772074612
10907,5.532847772074612
10908,5.532847772074612
10909,5.532847772074612
10910,5.532847772074612
10911,5.257377155257063
10912,4.91369998472097
10913,5.0067382230614985
10914,4.91864221688696
10915,4.913645184374246
10916,4.498058701332172
10917,5.191299194802584
10918,4.108647551925415
10919,3.8424236890248697
10920,5.11794586070196
10921,5.05372495701077
10922,4.91369998472097
10923,4.91369998472097
10924,4.91369998472097
10925,4.91369998472097
10926,4.91369998472097
10927,3.395146154696557
10928,2.086671823547419
10929,2.063443258271358
10930,2.3148789809043753
10931,2.086795135204869
10932,2.6047917382383288
10933,1.9740502645594349
10934,2.4173577610052397
10935,2.712661256404897
10936,2.0156484580234824
10937,2.010017678399728
10938,2.086671823547419
10939,2.086671823547419
10940,2.086671823547419
10941,2.086671823547419
10942,2.086671823547419
10943,3.683867334638952
10944,3.2393898228667406
10945,3.2578964479584447
10946,3.296373273777721
10947,3.238758502231443
10948,4.215117164526904
10949,3.854144559452135
10950,2.8426451869939813
10951,2.9120892666115106
10952,2.4612385176919442
10953,3.328821040569758
10954,3.2393898228667406
10955,3.2393898228667406
10956,3.2393898228667406
10957,3.2393898228667406
10958,3.2393898228667406
10959,3.0964804091303373
10960,3.622603182294045
10961,3.9616015648190874
10962,3.658966839109236
10963,3.6233162617073784
10964,3.277933099055707
10965,3.214297132100418
10966,3.555988881604951
10967,4.170134141435718
10968,5.06771103524923
10969,3.499246983727622
10970,3.622603182294045
10971,3.622603182294045
10972,3.622603182294045
10973,3.622603182294045
10974,3.622603182294045
10975,4.398607117129533
10976,5.262146635802399
10977,4.9578031156491935
10978,5.583611131858837
10979,5.256014170478321
10980,6.967784585302431
10981,4.4924466846011475
10982,4.725462028003724
10983,3.345155707103617
10984,6.527789104918631
10985,5.22393848994675
10986,5.262146635802399
10987,5.262146635802399
10988,5.262146635802399
10989,5.262146635802399
10990,5.262146635802399
10991,4.00538148459396
10992,3.379123720963283
10993,3.4794290397125676
10994,3.393546319218337
10995,3.379496377439676
10996,2.2165738578584357
10997,3.693282450450056
10998,3.6822077442419774
10999,4.829593889557355
11000,2.3934715221813567
11001,3.403193585579063
11002,3.379123720963283
11003,3.379123720963283
11004,3.379123720963283
11005,3.379123720963283
11006,3.379123720963283
11007,2.677398963395796
11008,3.2019757220041605
11009,3.2152701977400464
11010,3.3089268822042825
11011,3.2020773698534923
11012,3.475989850095082
11013,2.986461090742751
11014,2.3869986884488874
11015,3.359707953555669
11016,3.0668803101690854
11017,3.2530964159859113
11018,3.2019757220041605
11019,3.2019757220041605
11020,3.2019757220041605
11021,3.2019757220041605
11022,3.2019757220041605
11023,2.687817948774574
11024,4.531189162157863
11025,3.8443588445467216
11026,3.872966151034716
11027,4.531720676657609
11028,4.669397199710125
11029,5.114773601770223
11030,5.755776548542838
11031,3.6423935283928217
11032,5.368407051127927
11033,4.472469323796716
11034,4.531189162157863
11035,4.531189162157863
11036,4.531189162157863
11037,4.531189162157863
11038,4.531189162157863
11039,5.08191977269567
11040,3.1526965027958465
11041,3.200001191295704
11042,3.108174441888774
11043,3.153595986107983
11044,2.826811886539313
11045,4.074157087988441
11046,2.6892763297321896
11047,4.57086589954615
11048,2.5657395984643294
11049,3.0693702662348836
11050,3.1526965027958465
11051,3.1526965027958465
11052,3.1526965027958465
11053,3.1526965027958465
11054,3.1526965027958465
11055,3.4595177910155623
11056,4.7848706114825825
11057,5.263138222558468
11058,4.784869429624857
11059,4.7863896147360245
11060,4.5514592286473805
11061,3.957111302255359
11062,5.077060638478196
11063,3.1975977525163217
11064,5.694504346230388
11065,4.8790010850527645
11066,4.7848706114825825
11067,4.7848706114825825
11068,4.7848706114825825
11069,4.7848706114825825
11070,4.7848706114825825
11071,3.2027919125263664
11072,5.2419530232989455
11073,5.498615697606265
11074,5.213702328931185
11075,5.2406421260467795
11076,5.071291199795226
11077,5.266041009086539
11078,4.299671435472023
11079,7.237363505158456
11080,3.702213865261546
11081,5.028485007731156
11082,5.2419530232989455
11083,5.2419530232989455
11084,5.2419530232989455
11085,5.2419530232989455
11086,5.2419530232989455
11087,4.194411224320161
11088,2.2993105174213793
11089,2.195782118374379
11090,2.256961181587764
11091,2.2985715590564246
11092,2.0128833681163663
11093,2.375807316447489
11094,3.0535979084478537
11095,1.8680816416010815
11096,3.243686793391913
11097,2.3924365810647434
11098,2.2993105174213793
11099,2.2993105174213793
11100,2.2993105174213793
11101,2.2993105174213793
11102,2.2993105174213793
11103,3.0863206461625525
11104,3.081464898273661
11105,2.940273518951276
11106,3.037524284255172
11107,3.080185032581781
11108,2.773755792653249
11109,2.9666599880213984
11110,2.6360936596171705
11111,4.332016698681589
11112,3.5885389884428336
11113,3.1244811940793973
11114,3.081464898273661
11115,3.081464898273661
11116,3.081464898273661
11117,3.081464898273661
11118,3.081464898273661
11119,3.6850784411547783
11120,3.3191030293869686
11121,3.71719428518161
11122,3.220111256649357
11123,3.317589006121019
11124,4.267471959102871
11125,3.57666924840395
11126,3.8935121414066947
11127,2.821295117481021
11128,3.085345310159245
11129,3.2888047069896866
11130,3.3191030293869686
11131,3.3191030293869686
11132,3.3191030293869686
11133,3.3191030293869686
11134,3.3191030293869686
11135,4.550694576530536
11136,3.3661363522235432
11137,3.3875763696910353
11138,3.2532052647403877
11139,3.365709635009135
11140,4.26751624523579
11141,3.9093135700291426
11142,2.633293029320001
11143,4.522444216026616
11144,3.279827575651414
11145,3.317562482462679
11146,3.3661363522235432
11147,3.3661363522235432
11148,3.3661363522235432
11149,3.3661363522235432
11150,3.3661363522235432
11151,4.903406108698815
11152,4.35708290321535
11153,4.361767089548517
11154,4.533898944949813
11155,4.357778428337411
11156,2.982491722909381
11157,3.6271549250231687
11158,5.269720058979206
11159,3.5229722085203456
11160,4.119497444300353
11161,4.409762586819685
11162,4.35708290321535
11163,4.35708290321535
11164,4.35708290321535
11165,4.35708290321535
11166,4.35708290321535
11167,2.414788596456389
11168,2.409346080475728
11169,2.3723892210176083
11170,2.409480370092298
11171,2.4105946158363687
11172,3.4256368219949267
11173,1.9772821099629936
11174,2.5861413989254722
11175,3.3794375409987327
11176,2.319916145498375
11177,2.383021793564205
11178,2.409346080475728
11179,2.409346080475728
11180,2.409346080475728
11181,2.409346080475728
11182,2.409346080475728
11183,4.068797063072616
11184,4.468152241281385
11185,4.4500998163775884
11186,4.884411878192264
11187,4.465672840437182
11188,3.6062416847414416
11189,5.375983188344237
11190,4.024154484752441
11191,3.741083805147503
11192,4.71260426840344
11193,4.4822128115771624
11194,4.468152241281385
11195,4.468152241281385
11196,4.468152241281385
11197,4.468152241281385
11198,4.468152241281385
11199,3.8159450382481057
11200,2.7001729066752933
11201,2.700733371297573
11202,2.8162890559553606
11203,2.7006722751766516
11204,2.5241051420111593
11205,2.917184788809756
11206,2.071680133509019
11207,2.9375064586199815
11208,3.7224756422083494
11209,2.753326725093689
11210,2.7001729066752933
11211,2.7001729066752933
11212,2.7001729066752933
11213,2.7001729066752933
11214,2.7001729066752933
11215,3.463145997887758
11216,4.256656005620232
11217,4.6164791636179645
11218,3.6565773582497054
11219,4.258381154969339
11220,5.203700357364998
11221,3.740675859562917
11222,5.786710392269245
11223,3.5742420694857358
11224,3.1692106379433436
11225,4.236991529425995
11226,4.256656005620232
11227,4.256656005620232
11228,4.256656005620232
11229,4.256656005620232
11230,4.256656005620232
11231,3.520543272956043
11232,3.796310031956427
11233,3.851553050456796
11234,4.062356255610572
11235,3.796642142266523
11236,2.4730513475414027
11237,4.450729127429411
11238,4.589908472570912
11239,5.028637797789513
11240,2.736445153102939
11241,3.746441428044309
11242,3.796310031956427
11243,3.796310031956427
11244,3.796310031956427
11245,3.796310031956427
11246,3.796310031956427
11247,3.615270669880588
11248,4.045832197860368
11249,4.069461300902008
11250,4.1235379666736405
11251,4.045909712287343
11252,5.115931732387288
11253,3.8246651334323367
11254,3.6741277537021793
11255,2.486968247813778
11256,4.986589519314362
11257,4.092231242530311
11258,4.045832197860368
11259,4.045832197860368
11260,4.045832197860368
11261,4.045832197860368
11262,4.045832197860368
11263,3.2335987428481756
11264,4.046387122647496
11265,3.7559725709650227
11266,4.058064747103135
11267,4.046640499257357
11268,3.7862801742643435
11269,4.532812043932375
11270,2.970554834964047
11271,3.9881539734271847
11272,5.573644376039807
11273,4.22834418804078
11274,4.046387122647496
11275,4.046387122647496
11276,4.046387122647496
11277,4.046387122647496
11278,4.046387122647496
11279,5.155289481340055
11280,4.572523354082241
11281,3.7548599091926835
11282,5.2074731370069065
11283,4.574027510174443
11284,4.2357549452593455
11285,3.394385390580518
11286,5.7673987478420825
11287,4.428245406006873
11288,2.796191318790795
11289,4.3288328129475815
11290,4.572523354082241
11291,4.572523354082241
11292,4.572523354082241
11293,4.572523354082241
11294,4.572523354082241
11295,2.018680911909257
11296,3.3540621126862016
11297,3.340553745164635
11298,3.354360654213644
11299,3.353786821485061
11300,3.3499679027747242
11301,3.0259873929063783
11302,4.317010234774203
11303,3.4438448371176844
11304,3.0654126659306877
11305,3.3374356397665252
11306,3.3540621126862016
11307,3.3540621126862016
11308,3.3540621126862016
11309,3.3540621126862016
11310,3.3540621126862016
11311,3.635624236619217
11312,2.559097489700972
11313,2.679928968393216
11314,2.3798975193875394
11315,2.561548173457818
11316,2.928210892391118
11317,2.887848156326974
11318,2.3318327019303164
11319,2.6850061179304303
11320,3.1768992997768213
11321,2.570876344569952
11322,2.559097489700972
11323,2.559097489700972
11324,2.559097489700972
11325,2.559097489700972
11326,2.559097489700972
11327,3.6610008049160294
11328,3.5351962703197195
11329,3.5678307113037073
11330,3.589579367308086
11331,3.5346485943281722
11332,4.087109747502982
11333,3.564350520741971
11334,2.7973622853298314
11335,4.241690303427315
11336,4.327249878434087
11337,3.5700451209903368
11338,3.5351962703197195
11339,3.5351962703197195
11340,3.5351962703197195
11341,3.5351962703197195
11342,3.5351962703197195
11343,5.1635398878395495
11344,4.0874955848327525
11345,3.6729668735242305
11346,3.3285978370391276
11347,4.083071111914577
11348,3.997478866127211
11349,4.043912098453609
11350,4.917565441696588
11351,3.635884968385304
11352,3.6147647449318923
11353,4.0589679570564074
11354,4.0874955848327525
11355,4.0874955848327525
11356,4.0874955848327525
11357,4.0874955848327525
11358,4.0874955848327525
11359,2.998321973759217
11360,3.5140321288248013
11361,3.481856817653598
11362,4.903863639138035
11363,3.513664855974491
11364,2.739493572854533
11365,3.7825103430297498
11366,3.65920161773956
11367,3.0457185662495956
11368,3.7541270280190475
11369,3.703352951877468
11370,3.5140321288248013
11371,3.5140321288248013
11372,3.5140321288248013
11373,3.5140321288248013
11374,3.5140321288248013
11375,3.4478453393253514
11376,4.353252845593859
11377,4.755604656755765
11378,4.477746225731367
11379,4.352849781481265
11380,4.621314040362985
11381,4.226139582486281
11382,3.7754841178786287
11383,4.995520639407721
11384,4.036031784428322
11385,4.17115576642077
11386,4.353252845593859
11387,4.353252845593859
11388,4.353252845593859
11389,4.353252845593859
11390,4.353252845593859
11391,4.098027541588378
11392,5.490849369246299
11393,5.511205080140331
11394,5.5072447833165725
11395,5.490618468928569
11396,4.529967715080704
11397,4.5858949814521095
11398,4.5522627415146735
11399,6.356229512493055
11400,4.4294003913181115
11401,5.528781792871809
11402,5.490849369246299
11403,5.490849369246299
11404,5.490849369246299
11405,5.490849369246299
11406,5.490849369246299
11407,2.9285838722568123
11408,2.1801584564623617
11409,2.0960140975637045
11410,2.0074975041727385
11411,2.1810509248457186
11412,2.9131400331658037
11413,2.5771691502637157
11414,2.7641795876938424
11415,1.9056442232822748
11416,2.7925190960497677
11417,2.140324273284885
11418,2.1801584564623617
11419,2.1801584564623617
11420,2.1801584564623617
11421,2.1801584564623617
11422,2.1801584564623617
11423,4.206049353021146
11424,3.874916203418029
11425,3.9478592189754047
11426,4.358741004799155
11427,3.873355011160553
11428,2.6705610817185312
11429,4.551655601132413
11430,3.556116074048249
11431,3.2371761181838608
11432,4.810782412172869
11433,4.024156157231539
11434,3.874916203418029
11435,3.874916203418029
11436,3.874916203418029
11437,3.874916203418029
11438,3.874916203418029
11439,4.652445239430212
11440,3.873041303731472
11441,3.847087750235197
11442,3.894862893104632
11443,3.872404727690552
11444,4.706543899825017
11445,3.2088118603430607
11446,4.637887014412799
11447,4.353033835271475
11448,2.8751208410938096
11449,3.7546738090818987
11450,3.873041303731472
11451,3.873041303731472
11452,3.873041303731472
11453,3.873041303731472
11454,3.873041303731472
11455,3.967571461917779
11456,3.5252518770450783
11457,3.5507207313420794
11458,3.6004506594408965
11459,3.526812322586744
11460,4.925378768451622
11461,3.692153390261986
11462,2.764304061276522
11463,3.702508953767178
11464,3.38851645807229
11465,3.6166242179968484
11466,3.5252518770450783
11467,3.5252518770450783
11468,3.5252518770450783
11469,3.5252518770450783
11470,3.5252518770450783
11471,4.331977615987525
11472,3.79024087898647
11473,4.04096628957493
11474,4.107433629728183
11475,3.790509416412748
11476,2.232855807183002
11477,3.4774979499470464
11478,5.029743108039029
11479,3.8339157383773363
11480,3.541285033269937
11481,3.724595104503682
11482,3.79024087898647
11483,3.79024087898647
11484,3.79024087898647
11485,3.79024087898647
11486,3.79024087898647
11487,2.9536517418680996
11488,3.0424816830511636
11489,2.877716125875567
11490,2.9987376050925074
11491,3.043074883628292
11492,4.077346236716168
11493,3.1171875159729097
11494,2.5930576134324888
11495,2.8928257897914005
11496,2.990867144279618
11497,3.0774163816014246
11498,3.0424816830511636
11499,3.0424816830511636
11500,3.0424816830511636
11501,3.0424816830511636
11502,3.0424816830511636
11503,3.184532432180932
11504,4.4163506512457955
11505,4.559556770773155
11506,3.905146934125061
11507,4.417689732259187
11508,3.768021725425695
11509,4.142928893696953
11510,4.54901352302742
11511,4.341118334726738
11512,4.771980841596034
11513,4.340854584741747
11514,4.4163506512457955
11515,4.4163506512457955
11516,4.4163506512457955
11517,4.4163506512457955
11518,4.4163506512457955
11519,3.415003274801383
11520,2.4137996607499805
11521,2.4828526573261835
11522,2.514434733228463
11523,2.414049909668307
11524,2.0158677786816708
11525,2.460283448554237
11526,2.2544768559157675
11527,2.5036613367840124
11528,1.9311417976645615
11529,2.3556066610422595
11530,2.4137996607499805
11531,2.4137996607499805
11532,2.4137996607499805
11533,2.4137996607499805
11534,2.4137996607499805
11535,1.6046555449849829
11536,8.672620495409971
11537,6.712819035141585
11538,6.798309186995519
11539,8.694831593470154
11540,8.983518324338037
11541,8.888123073291457
11542,8.64645225711959
11543,8.94104965007938
11544,10.301710659050524
11545,8.844324106609292
11546,8.672620495409971
11547,8.672620495409971
11548,8.672620495409971
11549,8.672620495409971
11550,8.672620495409971
11551,7.507236366810317
11552,2.7628314682171795
11553,2.749644733117247
11554,2.756683061344508
11555,2.762877987755316
11556,2.891531939824983
11557,2.697154921142729
11558,2.518422880245415
11559,3.0031528423748495
11560,4.407454822216699
11561,2.6980837367319386
11562,2.7628314682171795
11563,2.7628314682171795
11564,2.7628314682171795
11565,2.7628314682171795
11566,2.7628314682171795
11567,4.298127082029051
11568,3.747708415744271
11569,4.589261374632213
11570,3.6816168262932374
11571,3.7479869788118676
11572,4.110076604238501
11573,3.870442921805255
11574,3.9717525730697636
11575,4.21453910235198
11576,2.5697618289856257
11577,3.8865021456473112
11578,3.747708415744271
11579,3.747708415744271
11580,3.747708415744271
11581,3.747708415744271
11582,3.747708415744271
11583,4.032712054645698
11584,2.4101663341791317
11585,2.3286937928992013
11586,2.2617491092006694
11587,2.411059861072543
11588,2.37446148075789
11589,2.9560365091857213
11590,2.628894070851171
11591,2.074219983569508
11592,2.7115270086595586
11593,2.341879368363563
11594,2.4101663341791317
11595,2.4101663341791317
11596,2.4101663341791317
11597,2.4101663341791317
11598,2.4101663341791317
11599,3.4369913124178764
11600,4.820083119335038
11601,4.588330603818955
11602,4.725095026910498
11603,4.818052689709638
11604,5.790691531468038
11605,3.818500279512281
11606,4.786387644478756
11607,5.162280813353756
11608,4.455069681191121
11609,4.944516331490195
11610,4.820083119335038
11611,4.820083119335038
11612,4.820083119335038
11613,4.820083119335038
11614,4.820083119335038
11615,4.568514958465527
11616,3.7500932150765864
11617,3.618440240450371
11618,5.078614432565013
11619,3.752485634633439
11620,3.830079962217265
11621,3.68324858838146
11622,3.3458281775074754
11623,3.963431123089314
11624,4.44490672761033
11625,3.7248644614386373
11626,3.7500932150765864
11627,3.7500932150765864
11628,3.7500932150765864
11629,3.7500932150765864
11630,3.7500932150765864
11631,4.583510776234455
11632,3.4851867426086627
11633,3.6530566370891995
11634,3.493062284771564
11635,3.483891453598728
11636,2.9328244584823393
11637,3.70176568006829
11638,4.23552193909633
11639,2.8917706858969905
11640,2.8250329277675594
11641,3.4946639745553787
11642,3.4851867426086627
11643,3.4851867426086627
11644,3.4851867426086627
11645,3.4851867426086627
11646,3.4851867426086627
11647,2.550083431635856
11648,2.153733870289419
11649,2.1563971644116737
11650,2.105517327047907
11651,2.1528257566641686
11652,3.118965732015203
11653,2.330308900529718
11654,2.170426511243787
11655,1.8251911668175909
11656,2.665046811624893
11657,2.0800960091427596
11658,2.153733870289419
11659,2.153733870289419
11660,2.153733870289419
11661,2.153733870289419
11662,2.153733870289419
11663,3.4418274611622026
11664,5.375191034530662
11665,5.593206346604879
11666,5.1456331697986135
11667,5.369698961896343
11668,4.49175818795801
11669,5.005613778735555
11670,4.968517685658803
11671,5.5896535435013925
11672,4.283172943137431
11673,5.597085159332407
11674,5.375191034530662
11675,5.375191034530662
11676,5.375191034530662
11677,5.375191034530662
11678,5.375191034530662
11679,3.303795483891709
11680,3.1057221767592917
11681,3.0874209955753362
11682,3.5752581536723964
11683,3.10565576013395
11684,4.092170492588784
11685,3.3769955918972316
11686,2.008108839288467
11687,3.2086502503726493
11688,2.379239890721758
11689,3.1074655698911053
11690,3.1057221767592917
11691,3.1057221767592917
11692,3.1057221767592917
11693,3.1057221767592917
11694,3.1057221767592917
11695,2.487024951041818
11696,6.04636364576795
11697,6.16857311234416
11698,5.434933965164578
11699,6.046884935314874
11700,4.1259795951246785
11701,5.110337609147834
11702,8.431982942741987
11703,4.8100188663466374
11704,7.505929467807732
11705,6.061846761216646
11706,6.04636364576795
11707,6.04636364576795
11708,6.04636364576795
11709,6.04636364576795
11710,6.04636364576795
11711,4.449797571461832
11712,3.570375311240507
11713,3.563174502284199
11714,3.630960085544966
11715,3.57037474368607
11716,2.443179490984582
11717,3.0097375930821713
11718,3.5470671345426554
11719,3.8701977662607745
11720,3.3304244145008726
11721,3.549554423957597
11722,3.570375311240507
11723,3.570375311240507
11724,3.570375311240507
11725,3.570375311240507
11726,3.570375311240507
11727,2.1261914613029793
11728,3.658241690646044
11729,3.693042785842762
11730,3.683183093860068
11731,3.6601353871106075
11732,4.685828844716514
11733,4.336584733778954
11734,3.8422288927285053
11735,4.0318683145951
11736,3.429678430327847
11737,3.6522632810071256
11738,3.658241690646044
11739,3.658241690646044
11740,3.658241690646044
11741,3.658241690646044
11742,3.658241690646044
11743,6.153615912758321
11744,3.233775761009524
11745,3.1356586023735544
11746,3.2759020959528393
11747,3.2307983926946786
11748,3.026996532134957
11749,3.679824634237203
11750,2.3648965395711175
11751,3.2846689887620024
11752,3.4117033583902683
11753,3.060928478562031
11754,3.233775761009524
11755,3.233775761009524
11756,3.233775761009524
11757,3.233775761009524
11758,3.233775761009524
11759,2.4673523889054594
11760,2.814081447167209
11761,2.819551186601722
11762,2.819963579451061
11763,2.814097954112084
11764,3.5801243567593266
11765,2.5352141273486968
11766,4.047363770812228
11767,2.9232794394139816
11768,2.7550329470775856
11769,2.9817528456196007
11770,2.814081447167209
11771,2.814081447167209
11772,2.814081447167209
11773,2.814081447167209
11774,2.814081447167209
11775,5.007314481553459
11776,2.6211439268950576
11777,2.6136315888868076
11778,2.734510935009627
11779,2.6201317252356544
11780,3.360656855627482
11781,2.874635223633324
11782,3.620380968473358
11783,2.9004311929605464
11784,1.9439238009156818
11785,2.63871068238549
11786,2.6211439268950576
11787,2.6211439268950576
11788,2.6211439268950576
11789,2.6211439268950576
11790,2.6211439268950576
11791,4.22452992827203
11792,7.103368655537809
11793,5.4169803732666795
11794,6.743645884944585
11795,7.085851033930829
11796,4.958713361279075
11797,6.183871801221841
11798,4.42820084379265
11799,6.241561819023223
11800,10.431409904412055
11801,7.069572974406597
11802,7.103368655537809
11803,7.103368655537809
11804,7.103368655537809
11805,7.103368655537809
11806,7.103368655537809
11807,2.592116206460594
11808,2.280331692312304
11809,2.293062192427495
11810,2.254096465617148
11811,2.2803924725297264
11812,3.1220636633948113
11813,2.0176773870467715
11814,2.1749878442158352
11815,3.2929187142186103
11816,2.469197360279204
11817,2.3880668374548635
11818,2.280331692312304
11819,2.280331692312304
11820,2.280331692312304
11821,2.280331692312304
11822,2.280331692312304
11823,4.285647948905839
11824,4.557641044052507
11825,4.4675866763849506
11826,4.548648154059219
11827,4.557722630426632
11828,3.9752689504643106
11829,5.571079839704307
11830,4.710411814073592
11831,3.056157508395563
11832,3.881694683875084
11833,4.383918335394214
11834,4.557641044052507
11835,4.557641044052507
11836,4.557641044052507
11837,4.557641044052507
11838,4.557641044052507
11839,2.6737945343152445
11840,2.038021567347127
11841,2.0399572530786476
11842,1.976760734591498
11843,2.0375616962563776
11844,1.9836515342041758
11845,1.9719112621334018
11846,3.027941351562805
11847,2.672508518879519
11848,1.7766179408478224
11849,2.1192239279533553
11850,2.038021567347127
11851,2.038021567347127
11852,2.038021567347127
11853,2.038021567347127
11854,2.038021567347127
11855,3.213847523801604
11856,5.090514730930909
11857,5.801560832307893
11858,4.8728601736508885
11859,5.092793164728016
11860,6.186787280611201
11861,5.435515276567017
11862,3.902905293235529
11863,3.963666301156871
11864,5.496718851676837
11865,4.853667573039944
11866,5.090514730930909
11867,5.090514730930909
11868,5.090514730930909
11869,5.090514730930909
11870,5.090514730930909
11871,4.288941400655239
11872,6.428723843550471
11873,6.299562916686826
11874,8.23736278567992
11875,6.421726173460072
11876,4.467874019528975
11877,5.739068855006422
11878,6.528750621961116
11879,8.249800908992317
11880,5.56022880261508
11881,6.350642655677209
11882,6.428723843550471
11883,6.428723843550471
11884,6.428723843550471
11885,6.428723843550471
11886,6.428723843550471
11887,5.297360919836398
11888,2.519139442739441
11889,2.6249058581180713
11890,2.691137171080348
11891,2.519920018582442
11892,3.1194673619755915
11893,2.7758944502219984
11894,2.423296732892984
11895,1.8949852032792869
11896,3.100286856016863
11897,2.538276923037291
11898,2.519139442739441
11899,2.519139442739441
11900,2.519139442739441
11901,2.519139442739441
11902,2.519139442739441
11903,2.898534543103516
11904,2.47412466768444
11905,2.4940535524017644
11906,2.4108327020051106
11907,2.475537718398782
11908,2.7170572572186327
11909,2.1021106857748078
11910,2.531708005687151
11911,3.0677024769952648
11912,3.3138353831860843
11913,2.541877355461181
11914,2.47412466768444
11915,2.47412466768444
11916,2.47412466768444
11917,2.47412466768444
11918,2.47412466768444
11919,4.341544728397626
11920,5.9221720284150985
11921,5.524704903206718
11922,5.810592581708546
11923,5.926153793454093
11924,6.238887473158076
11925,7.232662498737961
11926,5.177260119380316
11927,4.303753217372166
11928,4.15130781131841
11929,5.809771771990567
11930,5.9221720284150985
11931,5.9221720284150985
11932,5.9221720284150985
11933,5.9221720284150985
11934,5.9221720284150985
11935,3.0432138499605754
11936,4.729833587071399
11937,4.690739923456188
11938,5.938510586929124
11939,4.7296180463330835
11940,4.026550852246599
11941,5.077003980893048
11942,4.899876672689007
11943,6.52510802041268
11944,3.777595698002213
11945,4.794626447808237
11946,4.729833587071399
11947,4.729833587071399
11948,4.729833587071399
11949,4.729833587071399
11950,4.729833587071399
11951,5.715177968631762
11952,3.0112044343301605
11953,3.150920198307641
11954,3.0177893092963815
11955,3.0110945874483104
11956,3.055970267885766
11957,2.7040442267908897
11958,2.9590857927573944
11959,2.419219842195792
11960,4.358459505238014
11961,2.960516056783749
11962,3.0112044343301605
11963,3.0112044343301605
11964,3.0112044343301605
11965,3.0112044343301605
11966,3.0112044343301605
11967,3.0575950704972596
11968,4.659942021126253
11969,4.757667296026795
11970,4.728096673165347
11971,4.6598027915429165
11972,4.659153690189537
11973,4.410986192600751
11974,5.733451920242722
11975,5.310987636759757
11976,4.992115691324555
11977,4.7315655682040685
11978,4.659942021126253
11979,4.659942021126253
11980,4.659942021126253
11981,4.659942021126253
11982,4.659942021126253
11983,6.8386695961878186
11984,3.1073227469853872
11985,2.9489170354288485
11986,2.7328985983431986
11987,3.1059943580627443
11988,2.69011094734863
11989,3.138343347372824
11990,2.849227173323866
11991,2.7787807440492993
11992,3.178866349064204
11993,3.0388806640000983
11994,3.1073227469853872
11995,3.1073227469853872
11996,3.1073227469853872
11997,3.1073227469853872
11998,3.1073227469853872
11999,1.9000673992761241
12000,3.2279904800072488
12001,3.191024380359866
12002,3.2446022287702
12003,3.2302357855976394
12004,3.072439919288085
12005,3.240055588619366
12006,3.1478619907252305
12007,4.742495411316787
12008,3.0571882192294164
12009,3.3746392878145097
12010,3.2279904800072488
12011,3.2279904800072488
12012,3.2279904800072488
12013,3.2279904800072488
12014,3.2279904800072488
12015,4.246500531742743
12016,2.9894337538599016
12017,3.6235005473890745
12018,2.9281306065457358
12019,2.989000754018003
12020,3.7608155435038055
12021,2.8895915112555914
12022,3.2124701228358004
12023,2.0735013677578515
12024,3.138130069867089
12025,2.873645053093217
12026,2.9894337538599016
12027,2.9894337538599016
12028,2.9894337538599016
12029,2.9894337538599016
12030,2.9894337538599016
12031,3.053916950204269
12032,4.0641625145696025
12033,4.0692176541665885
12034,4.195081012411977
12035,4.064659393064428
12036,2.928225047694364
12037,3.75625665249013
12038,4.795280951628697
12039,3.772938669898247
12040,4.490038428299789
12041,3.9398532784902187
12042,4.0641625145696025
12043,4.0641625145696025
12044,4.0641625145696025
12045,4.0641625145696025
12046,4.0641625145696025
12047,3.285658902235018
12048,3.205506463217959
12049,3.1181996601599846
12050,3.5015080522202426
12051,3.2045951350358326
12052,3.7800464708149737
12053,3.9887617844790757
12054,2.835301940790547
12055,3.8379255134962427
12056,2.923135195710872
12057,3.320623946232296
12058,3.205506463217959
12059,3.205506463217959
12060,3.205506463217959
12061,3.205506463217959
12062,3.205506463217959
12063,5.025589288909006
12064,4.59022029847598
12065,4.5851536679497364
12066,4.550851418043698
12067,4.591673356358797
12068,3.9021689068336562
12069,4.185259922505545
12070,5.974650736506413
12071,3.2852110782775528
12072,2.947810152788919
12073,4.507301087048559
12074,4.59022029847598
12075,4.59022029847598
12076,4.59022029847598
12077,4.59022029847598
12078,4.59022029847598
12079,2.1429386376589497
12080,2.575073118056641
12081,2.5238390681502
12082,2.1807445580852347
12083,2.570564482794217
12084,3.353303594412262
12085,2.8714316546382914
12086,2.189484377580414
12087,4.024153367687266
12088,3.710683147112955
12089,2.589882134697799
12090,2.575073118056641
12091,2.575073118056641
12092,2.575073118056641
12093,2.575073118056641
12094,2.575073118056641
12095,5.883621907200791
12096,4.190099964128383
12097,4.1873978374771
12098,4.158049770851071
12099,4.191666966218333
12100,5.513676872486661
12101,4.904878470758298
12102,4.435019580950947
12103,3.0665828244963316
12104,3.465131661860013
12105,4.081679265749465
12106,4.190099964128383
12107,4.190099964128383
12108,4.190099964128383
12109,4.190099964128383
12110,4.190099964128383
12111,4.032965863783381
12112,3.2397022053562923
12113,3.281219625276458
12114,2.962356648129973
12115,3.2426150936182925
12116,2.840027801043202
12117,2.6114573829711123
12118,2.8876233199409977
12119,4.0106540548068565
12120,3.5366029967856916
12121,3.3016649302183403
12122,3.2397022053562923
12123,3.2397022053562923
12124,3.2397022053562923
12125,3.2397022053562923
12126,3.2397022053562923
12127,2.6333030865947764
12128,3.0114158464230476
12129,3.049454137738541
12130,3.9258952504047704
12131,3.0117176635475165
12132,4.071182971187965
12133,2.62910905564676
12134,3.854628573767576
12135,2.1775720199544546
12136,2.8403231021220674
12137,2.9441909842708487
12138,3.0114158464230476
12139,3.0114158464230476
12140,3.0114158464230476
12141,3.0114158464230476
12142,3.0114158464230476
12143,3.9449070084737428
12144,4.929926152659381
12145,4.931118788724932
12146,5.072926144871433
12147,4.929588621316748
12148,3.048252785193168
12149,5.993597812589998
12150,3.753977627633305
12151,5.815004308178936
12152,5.490109197523064
12153,5.125573953715144
12154,4.929926152659381
12155,4.929926152659381
12156,4.929926152659381
12157,4.929926152659381
12158,4.929926152659381
12159,3.872165249723451
12160,7.553790254181735
12161,7.632529295432581
12162,7.67527081351644
12163,7.553712330041164
12164,7.410926854673015
12165,8.01360155823454
12166,6.670626542968565
12167,5.1538123272878655
12168,5.386738634572114
12169,7.565349415930738
12170,7.553790254181735
12171,7.553790254181735
12172,7.553790254181735
12173,7.553790254181735
12174,7.553790254181735
12175,3.537192257152116
12176,1.6190539588059532
12177,1.4311047918679063
12178,1.3877863673822852
12179,1.618899889078414
12180,1.9391179411114738
12181,1.519984303828201
12182,1.9875806566994711
12183,1.8966177090925245
12184,2.196072805269826
12185,1.6152718053670394
12186,1.6190539588059532
12187,1.6190539588059532
12188,1.6190539588059532
12189,1.6190539588059532
12190,1.6190539588059532
12191,2.953502610638886
12192,3.7711390075272377
12193,3.8349151202199905
12194,4.756585927740215
12195,3.7715585989105387
12196,3.4374741335327896
12197,3.7673694579622987
12198,4.9735235776231335
12199,2.907911942627547
12200,5.280389616909333
12201,3.561882377998406
12202,3.7711390075272377
12203,3.7711390075272377
12204,3.7711390075272377
12205,3.7711390075272377
12206,3.7711390075272377
12207,5.08815933442598
12208,3.619828022538974
12209,3.9540045277468137
12210,3.635045875494502
12211,3.620905485493175
12212,3.5418357259951248
12213,3.5396698978499956
12214,2.7956843482537503
12215,4.591590726695086
12216,2.874888198061995
12217,3.7954995064972725
12218,3.619828022538974
12219,3.619828022538974
12220,3.619828022538974
12221,3.619828022538974
12222,3.619828022538974
12223,2.9029108975442286
12224,4.982944555189766
12225,5.302893310817621
12226,4.986873127667206
12227,4.981747256993644
12228,4.11322718081065
12229,3.880213053713455
12230,4.399899968466518
12231,4.710395174275883
12232,5.031519286914129
12233,4.810325711177497
12234,4.982944555189766
12235,4.982944555189766
12236,4.982944555189766
12237,4.982944555189766
12238,4.982944555189766
12239,2.6623984925716293
12240,2.9453826711290176
12241,2.910930063225981
12242,3.0761712333144686
12243,2.9450523502226678
12244,3.03257807515086
12245,3.839143817296756
12246,3.1522009797546473
12247,3.636191882632154
12248,3.1611000272534397
12249,3.058022869947067
12250,2.9453826711290176
12251,2.9453826711290176
12252,2.9453826711290176
12253,2.9453826711290176
12254,2.9453826711290176
12255,6.005569311424458
12256,3.6398795536295907
12257,3.4101356817306927
12258,3.660813470482291
12259,3.6380729969966814
12260,4.377193056319978
12261,4.039030151373255
12262,4.2994676421242595
12263,2.699808011015867
12264,3.8356342787477504
12265,3.6551137463281336
12266,3.6398795536295907
12267,3.6398795536295907
12268,3.6398795536295907
12269,3.6398795536295907
12270,3.6398795536295907
12271,4.143765705817631
12272,3.0042291360804123
12273,3.3531001642801757
12274,2.884558374670678
12275,3.003590226803275
12276,2.897624699397337
12277,2.6980278781244578
12278,2.3294145961370094
12279,4.773258416618408
12280,2.7989833612958734
12281,3.0071199200428778
12282,3.0042291360804123
12283,3.0042291360804123
12284,3.0042291360804123
12285,3.0042291360804123
12286,3.0042291360804123
12287,3.0009247916700494
12288,3.3124390395591226
12289,3.372487444924132
12290,3.2910304337708576
12291,3.312955348402794
12292,4.1633670959304965
12293,3.1243176699938844
12294,3.442219633600188
12295,2.183466472777865
12296,4.2175861975951845
12297,3.296793995966805
12298,3.3124390395591226
12299,3.3124390395591226
12300,3.3124390395591226
12301,3.3124390395591226
12302,3.3124390395591226
12303,3.4587907407613594
12304,4.803738204135326
12305,3.9507983346697184
12306,4.43463789318808
12307,4.814768145259097
12308,3.3325331770063378
12309,5.054112784144161
12310,5.09422256732127
12311,6.719313820760403
12312,4.253951786534561
12313,4.818575079286864
12314,4.803738204135326
12315,4.803738204135326
12316,4.803738204135326
12317,4.803738204135326
12318,4.803738204135326
12319,3.640389168832648
12320,3.8636129772622616
12321,3.898603927453936
12322,3.8442960127623054
12323,3.863194785639492
12324,4.656374127391349
12325,3.8674089998160657
12326,3.5082690312385534
12327,3.0373013873132026
12328,2.604189301397544
12329,3.8663879380075588
12330,3.8636129772622616
12331,3.8636129772622616
12332,3.8636129772622616
12333,3.8636129772622616
12334,3.8636129772622616
12335,2.2639737245209597
12336,2.7480817222880054
12337,3.0204970473237314
12338,3.3756229725769153
12339,2.748187695470545
12340,2.706473871816585
12341,2.8099342819196385
12342,2.997673613352508
12343,2.8313165299199308
12344,4.079624654063709
12345,2.7368069070002305
12346,2.7480817222880054
12347,2.7480817222880054
12348,2.7480817222880054
12349,2.7480817222880054
12350,2.7480817222880054
12351,7.194294828246909
12352,3.848490914971393
12353,3.9329523620800035
12354,3.9489006968626157
12355,3.8482757257547053
12356,3.2579866457744626
12357,3.72633020505618
12358,3.684816718628049
12359,3.2476071670028075
12360,3.3824379294313687
12361,3.858504929628067
12362,3.848490914971393
12363,3.848490914971393
12364,3.848490914971393
12365,3.848490914971393
12366,3.848490914971393
12367,2.643506902515378
12368,2.5918282513464215
12369,2.459463337072751
12370,2.5613335235013217
12371,2.5923968634426298
12372,3.6244925662191454
12373,2.7551412596724894
12374,2.368250472751578
12375,3.5527352027916765
12376,2.9427755952319226
12377,2.5922834287311014
12378,2.5918282513464215
12379,2.5918282513464215
12380,2.5918282513464215
12381,2.5918282513464215
12382,2.5918282513464215
12383,5.414225587121108
12384,4.968172400977368
12385,4.876621694716247
12386,5.011769602795151
12387,4.968304108480953
12388,3.5736782550131165
12389,6.352344863064119
12390,4.2934964286560415
12391,3.9616959626124197
12392,4.38143940680002
12393,4.874570053483123
12394,4.968172400977368
12395,4.968172400977368
12396,4.968172400977368
12397,4.968172400977368
12398,4.968172400977368
12399,2.615659184584746
12400,2.9630540321617334
12401,3.20825496252396
12402,2.721661547528285
12403,2.9589239571489503
12404,3.7055632009951074
12405,2.317133543104534
12406,3.370269516647792
12407,4.064389025814795
12408,3.7100859824984993
12409,3.0322210075627147
12410,2.9630540321617334
12411,2.9630540321617334
12412,2.9630540321617334
12413,2.9630540321617334
12414,2.9630540321617334
12415,5.503598005426797
12416,2.528578188702972
12417,2.522497126016119
12418,2.50394996410198
12419,2.527188860630733
12420,3.1982789418050435
12421,2.7427712473074
12422,2.826495562954889
12423,2.150773632511656
12424,2.0265096639266202
12425,2.5432982973100207
12426,2.528578188702972
12427,2.528578188702972
12428,2.528578188702972
12429,2.528578188702972
12430,2.528578188702972
12431,2.654971335961196
12432,4.16284618825258
12433,4.59439150792799
12434,3.9660539594695208
12435,4.15848131519245
12436,3.9186550990115716
12437,3.406436850228629
12438,4.339664713002238
12439,5.891549683689452
12440,4.943421135916824
12441,4.146257362586514
12442,4.16284618825258
12443,4.16284618825258
12444,4.16284618825258
12445,4.16284618825258
12446,4.16284618825258
12447,5.596715877331066
12448,4.425458044720105
12449,4.4617286469360735
12450,4.530474897674093
12451,4.425538222512115
12452,3.774826499014395
12453,4.856968570000206
12454,2.965784668385972
12455,3.592826583520963
12456,5.655429923344512
12457,4.260480263824712
12458,4.425458044720105
12459,4.425458044720105
12460,4.425458044720105
12461,4.425458044720105
12462,4.425458044720105
12463,2.9441831813772907
12464,2.8145351376884653
12465,2.869448068040453
12466,2.731629051143239
12467,2.8142463776714193
12468,2.8315050777324755
12469,2.584318175455724
12470,4.151077023211129
12471,3.8790502966864544
12472,2.236117748728139
12473,2.8947009032453197
12474,2.8145351376884653
12475,2.8145351376884653
12476,2.8145351376884653
12477,2.8145351376884653
12478,2.8145351376884653
12479,4.464471148703744
12480,4.622153514563592
12481,4.59835233667274
12482,4.621904908915509
12483,4.621934735733171
12484,4.595749745189797
12485,5.234000768231274
12486,4.318221687930083
12487,2.909385620013419
12488,4.874324393494706
12489,4.4595877703516855
12490,4.622153514563592
12491,4.622153514563592
12492,4.622153514563592
12493,4.622153514563592
12494,4.622153514563592
12495,3.0815967598901994
12496,4.711690261335984
12497,4.624385933813925
12498,3.712635751414214
12499,4.707151548384867
12500,4.141846177618648
12501,4.02088066839209
12502,4.575379909500891
12503,6.339331568112956
12504,4.739305108602092
12505,4.846348560874747
12506,4.711690261335984
12507,4.711690261335984
12508,4.711690261335984
12509,4.711690261335984
12510,4.711690261335984
12511,3.8402754372719072
12512,6.977620499266065
12513,6.771695597903194
12514,6.9543688068377145
12515,6.975159993471548
12516,7.539360983702306
12517,5.80280598719568
12518,5.074391718646166
12519,5.97774823902727
12520,6.2901021824338565
12521,7.181155967804609
12522,6.977620499266065
12523,6.977620499266065
12524,6.977620499266065
12525,6.977620499266065
12526,6.977620499266065
12527,3.5342703890356817
12528,1.6418717409937602
12529,1.644285618520907
12530,1.7382862494821059
12531,1.642471551078615
12532,1.754945148897077
12533,1.8522492818484229
12534,2.2907717153723812
12535,1.8511906087972545
12536,1.638491399567095
12537,1.618511637115954
12538,1.6418717409937602
12539,1.6418717409937602
12540,1.6418717409937602
12541,1.6418717409937602
12542,1.6418717409937602
12543,3.2641444319132433
12544,5.316442930684653
12545,5.659520435015382
12546,5.241583166456076
12547,5.3164612929814234
12548,3.307305170999085
12549,4.800627648044643
12550,3.891185582127766
12551,8.206719262485674
12552,3.689461795426903
12553,5.261191854336714
12554,5.316442930684653
12555,5.316442930684653
12556,5.316442930684653
12557,5.316442930684653
12558,5.316442930684653
12559,2.4185214105999777
12560,3.3967983167524554
12561,2.946419332681424
12562,3.44968809531642
12563,3.3969919058177265
12564,4.54761978344128
12565,3.999662297963873
12566,4.229316641257219
12567,2.284262313086496
12568,5.6481935578831495
12569,3.4574600002572136
12570,3.3967983167524554
12571,3.3967983167524554
12572,3.3967983167524554
12573,3.3967983167524554
12574,3.3967983167524554
12575,6.408108285035469
12576,2.512373886958036
12577,2.5013702319220017
12578,2.5628044002820967
12579,2.5122156977351042
12580,2.1789597024177425
12581,3.184682817688956
12582,2.936754069515275
12583,2.692715934528504
12584,2.809640687389843
12585,2.603412040532574
12586,2.512373886958036
12587,2.512373886958036
12588,2.512373886958036
12589,2.512373886958036
12590,2.512373886958036
12591,3.997506924519944
12592,5.506403869907302
12593,6.17424857088077
12594,5.521597298711015
12595,5.5146456626669655
12596,7.322344202455152
12597,4.204164771171495
12598,4.685713265767771
12599,4.684366526360944
12600,4.6547954493933466
12601,5.2940191106392
12602,5.506403869907302
12603,5.506403869907302
12604,5.506403869907302
12605,5.506403869907302
12606,5.506403869907302
12607,3.62556193698967
12608,2.7564038666001167
12609,2.7625515333177595
12610,2.8302244040186872
12611,2.7560838985479887
12612,3.518240133484943
12613,2.9449161658338174
12614,2.301352863653293
12615,3.5708377153167365
12616,2.3772930273989052
12617,2.8167513221040945
12618,2.7564038666001167
12619,2.7564038666001167
12620,2.7564038666001167
12621,2.7564038666001167
12622,2.7564038666001167
12623,3.8353986470763566
12624,3.4261461293543545
12625,3.2445825452266046
12626,3.2797521798141425
12627,3.4214322455402324
12628,3.0113033272423397
12629,3.37121391332433
12630,4.317510466267073
12631,2.6722279044557276
12632,3.9279852897997474
12633,3.331176000936125
12634,3.4261461293543545
12635,3.4261461293543545
12636,3.4261461293543545
12637,3.4261461293543545
12638,3.4261461293543545
12639,3.1184507482891797
12640,2.691221888341955
12641,2.7098966304363583
12642,2.7810864232953056
12643,2.6914574701414264
12644,3.2470986032280704
12645,2.6956163416428423
12646,3.1672909216896072
12647,3.363943254229647
12648,2.58421271985812
12649,2.657953297192492
12650,2.691221888341955
12651,2.691221888341955
12652,2.691221888341955
12653,2.691221888341955
12654,2.691221888341955
12655,4.327454443265111
12656,4.637431552616471
12657,4.9138269989997285
12658,4.714522070081098
12659,4.637312678339834
12660,3.249565472211944
12661,4.717143590053904
12662,4.403703600004286
12663,3.573373437391407
12664,5.264117565321889
12665,4.698628846218576
12666,4.637431552616471
12667,4.637431552616471
12668,4.637431552616471
12669,4.637431552616471
12670,4.637431552616471
12671,2.8986386019530106
12672,3.796291600117437
12673,3.8010605737265304
12674,3.9244436614425484
12675,3.796091505915292
12676,3.7033124340338706
12677,4.633207355925496
12678,3.058801248191261
12679,5.020382843650771
12680,4.476881036289905
12681,3.85209427441602
12682,3.796291600117437
12683,3.796291600117437
12684,3.796291600117437
12685,3.796291600117437
12686,3.796291600117437
12687,6.521084758398029
12688,3.758243815395185
12689,3.478971314319717
12690,2.927827863262292
12691,3.760258081592839
12692,4.494722727441724
12693,2.908136678332476
12694,4.502576618541494
12695,2.9344404942354227
12696,2.870236407093265
12697,3.706443568880268
12698,3.758243815395185
12699,3.758243815395185
12700,3.758243815395185
12701,3.758243815395185
12702,3.758243815395185
12703,2.2531235360445865
12704,4.65383372269592
12705,4.873927183837715
12706,4.963715607764801
12707,4.655339337380873
12708,4.767310890274547
12709,3.8927345724845894
12710,3.69904267340879
12711,5.859858068304715
12712,3.67888212243534
12713,4.636504304073061
12714,4.65383372269592
12715,4.65383372269592
12716,4.65383372269592
12717,4.65383372269592
12718,4.65383372269592
12719,3.5195054863630717
12720,2.97168915876926
12721,2.9842721175807005
12722,3.1682720066177446
12723,2.9723685692160338
12724,2.4941867731265464
12725,3.3776480310815398
12726,3.257920196074177
12727,2.3321580529928063
12728,3.805298083983283
12729,3.01285433260076
12730,2.97168915876926
12731,2.97168915876926
12732,2.97168915876926
12733,2.97168915876926
12734,2.97168915876926
12735,3.193241915329115
12736,3.5726800290430143
12737,3.607123831484929
12738,3.50017100057235
12739,3.573674043276932
12740,3.3844297812459456
12741,3.6925699926311983
12742,2.812495875222166
12743,5.274845584188982
12744,3.5523641046680323
12745,3.582611719045677
12746,3.5726800290430143
12747,3.5726800290430143
12748,3.5726800290430143
12749,3.5726800290430143
12750,3.5726800290430143
12751,3.965624386178886
12752,3.9655601751132186
12753,4.247772277284879
12754,4.002368347672205
12755,3.968640945680713
12756,3.684591318918916
12757,3.761369790003431
12758,5.476307287566879
12759,2.5290842750496525
12760,4.201095126050324
12761,3.937210463172792
12762,3.9655601751132186
12763,3.9655601751132186
12764,3.9655601751132186
12765,3.9655601751132186
12766,3.9655601751132186
12767,3.51715321922455
12768,2.2993374498391064
12769,2.0950764400845907
12770,2.255075474874669
12771,2.2977189124742026
12772,2.825296482031103
12773,2.529967184022586
12774,2.140430494120108
12775,2.7105947462143827
12776,2.3077311600624633
12777,2.320457293940918
12778,2.2993374498391064
12779,2.2993374498391064
12780,2.2993374498391064
12781,2.2993374498391064
12782,2.2993374498391064
12783,3.118891263210591
12784,5.143950442624952
12785,5.302943730736671
12786,5.187203351879501
12787,5.141233733894244
12788,4.916742468782051
12789,4.683605620286902
12790,5.598724908356345
12791,4.780562940860498
12792,4.553984584700152
12793,5.06737689727108
12794,5.143950442624952
12795,5.143950442624952
12796,5.143950442624952
12797,5.143950442624952
12798,5.143950442624952
12799,4.099278768447166
12800,4.740852136463696
12801,4.736618699201281
12802,4.56807665661599
12803,4.741116329045198
12804,4.939183483672872
12805,4.42058820395196
12806,5.367315308682331
12807,4.452822300131834
12808,4.252389778442967
12809,4.7498406232495105
12810,4.740852136463696
12811,4.740852136463696
12812,4.740852136463696
12813,4.740852136463696
12814,4.740852136463696
12815,4.2055709938320405
12816,3.7805997431274903
12817,3.4397616245572897
12818,3.969245198393269
12819,3.7789371395501563
12820,3.052455621911469
12821,4.069459521994973
12822,3.185727422450844
12823,3.5347471497725893
12824,3.9380474740072238
12825,3.789107354143323
12826,3.7805997431274903
12827,3.7805997431274903
12828,3.7805997431274903
12829,3.7805997431274903
12830,3.7805997431274903
12831,2.520623351646478
12832,2.171494967504872
12833,2.171227610342951
12834,2.1840600110561437
12835,2.171381070415817
12836,2.1833437630355745
12837,2.055982104962017
12838,2.49040159701006
12839,2.068062459757911
12840,3.1873989156567695
12841,2.127683058930373
12842,2.171494967504872
12843,2.171494967504872
12844,2.171494967504872
12845,2.171494967504872
12846,2.171494967504872
12847,3.1860613626417384
12848,5.798279922976358
12849,5.677946562291833
12850,6.070881962694087
12851,5.791857744720169
12852,6.559742358183168
12853,6.745864995784428
12854,4.5206698824461435
12855,5.363243899400494
12856,3.978758120204506
12857,5.942874401854556
12858,5.798279922976358
12859,5.798279922976358
12860,5.798279922976358
12861,5.798279922976358
12862,5.798279922976358
12863,3.918178873732993
12864,2.0188978140746854
12865,2.0253763239348554
12866,2.109725383646558
12867,2.018989338170793
12868,2.3258009164900315
12869,1.853060819555321
12870,2.175596171884724
12871,2.3253901019900365
12872,2.4382805785830426
12873,1.9905590030322546
12874,2.0188978140746854
12875,2.0188978140746854
12876,2.0188978140746854
12877,2.0188978140746854
12878,2.0188978140746854
12879,3.2288443880930964
12880,5.823424896553103
12881,5.763659884377133
12882,4.937988535872197
12883,5.839334839632136
12884,5.751755540422478
12885,7.1160268642579645
12886,5.29086378265195
12887,5.291715831513166
12888,5.0672155291274725
12889,5.869968407457139
12890,5.823424896553103
12891,5.823424896553103
12892,5.823424896553103
12893,5.823424896553103
12894,5.823424896553103
12895,4.143616363791062
12896,2.2254170108093327
12897,2.289935669832952
12898,2.277516307641832
12899,2.2254147802170383
12900,2.0376352461652565
12901,2.6804091795288603
12902,3.140702517951908
12903,2.1945395984922453
12904,2.2608933672418274
12905,2.2130366984225374
12906,2.2254170108093327
12907,2.2254170108093327
12908,2.2254170108093327
12909,2.2254170108093327
12910,2.2254170108093327
12911,3.9731606976260534
12912,5.021483727787958
12913,5.018913051771123
12914,5.0288535430871955
12915,5.02093089201656
12916,4.724677945089532
12917,4.027730767715618
12918,4.037384431394967
12919,6.559142586600908
12920,4.410435052002804
12921,5.032033909385776
12922,5.021483727787958
12923,5.021483727787958
12924,5.021483727787958
12925,5.021483727787958
12926,5.021483727787958
12927,3.795631749091939
12928,2.964549775468791
12929,2.8905110747904565
12930,2.7705966628413954
12931,2.964390909141058
12932,2.4666004145724214
12933,2.963692864552941
12934,2.5800306819313104
12935,3.5470129198944975
12936,4.001749381672435
12937,2.877639945894059
12938,2.964549775468791
12939,2.964549775468791
12940,2.964549775468791
12941,2.964549775468791
12942,2.964549775468791
12943,3.4311931986205333
12944,4.647453120434576
12945,3.9301423682321364
12946,3.8013916185929557
12947,4.6468625359306825
12948,6.446151682573384
12949,4.570063185088856
12950,5.5877587371043855
12951,4.438960191509418
12952,3.623865392003261
12953,4.7657320651978345
12954,4.647453120434576
12955,4.647453120434576
12956,4.647453120434576
12957,4.647453120434576
12958,4.647453120434576
12959,4.690186790426157
12960,4.366231017212431
12961,4.407159201347365
12962,4.401808044860074
12963,4.3667778474800265
12964,2.6540731165598004
12965,4.441925014668715
12966,5.309750731453152
12967,3.983728639298565
12968,3.276786619084565
12969,4.511831264991479
12970,4.366231017212431
12971,4.366231017212431
12972,4.366231017212431
12973,4.366231017212431
12974,4.366231017212431
12975,2.2466109745485894
12976,3.31872855728113
12977,3.554557754215286
12978,3.344588039105881
12979,3.319059678714054
12980,4.5371003685637925
12981,3.2088357745531457
12982,2.350076710491186
12983,3.9011545448461704
12984,4.253090776401337
12985,3.261030183692358
12986,3.31872855728113
12987,3.31872855728113
12988,3.31872855728113
12989,3.31872855728113
12990,3.31872855728113
12991,4.824322014433749
12992,3.7517600397548585
12993,3.886198292996535
12994,3.7043025132687735
12995,3.751451601518277
12996,4.594547145590159
12997,3.9315122859784393
12998,3.4731272243684512
12999,3.5151356211953795
13000,3.7869249682065345
13001,3.7863773086550765
13002,3.7517600397548585
13003,3.7517600397548585
13004,3.7517600397548585
13005,3.7517600397548585
13006,3.7517600397548585
13007,4.515302874344559
13008,3.927999307042353
13009,3.7036192094700167
13010,3.9309229202322573
13011,3.923211272743912
13012,2.6778021944038755
13013,3.586724613314315
13014,4.434434439069347
13015,3.649241413008661
13016,3.862477589921108
13017,3.887185182686701
13018,3.927999307042353
13019,3.927999307042353
13020,3.927999307042353
13021,3.927999307042353
13022,3.927999307042353
13023,2.3810867394686794
13024,2.5394930683165717
13025,2.2625665240733714
13026,2.4191270988911757
13027,2.5410149545863323
13028,3.369946235696737
13029,1.8048254015460734
13030,3.3247624285527646
13031,2.4022216557622946
13032,2.5392175747430086
13033,2.4629705817674314
13034,2.5394930683165717
13035,2.5394930683165717
13036,2.5394930683165717
13037,2.5394930683165717
13038,2.5394930683165717
13039,2.9074854132712153
13040,5.672277270284234
13041,6.513639350542771
13042,5.515734562677532
13043,5.675270095086639
13044,4.727813795333991
13045,7.96509253267038
13046,4.920331672800293
13047,5.192726225914525
13048,6.232768758311169
13049,5.818083355743496
13050,5.672277270284234
13051,5.672277270284234
13052,5.672277270284234
13053,5.672277270284234
13054,5.672277270284234
13055,6.6893094605052905
13056,2.5079638271675786
13057,2.5110907785006646
13058,2.4985638387082423
13059,2.5075111121143308
13060,2.0412465093035053
13061,2.29119373927561
13062,3.8257326063818327
13063,2.505160963943512
13064,3.319407081251015
13065,2.5449014997432786
13066,2.5079638271675786
13067,2.5079638271675786
13068,2.5079638271675786
13069,2.5079638271675786
13070,2.5079638271675786
13071,3.7228095306027225
13072,7.473058319784898
13073,6.408006673990761
13074,5.942578763978802
13075,7.459639717450997
13076,7.793287376389103
13077,9.394753903822343
13078,5.305086146522364
13079,7.544726011126342
13080,4.96796965240884
13081,7.262810345078435
13082,7.473058319784898
13083,7.473058319784898
13084,7.473058319784898
13085,7.473058319784898
13086,7.473058319784898
13087,3.191118874212595
13088,3.4031474892229148
13089,3.4473113811615814
13090,3.4011948136757626
13091,3.403154928519919
13092,4.188357787842591
13093,3.8621734824592
13094,3.401169684280716
13095,3.454435705753929
13096,3.077158247614287
13097,3.360961209340643
13098,3.4031474892229148
13099,3.4031474892229148
13100,3.4031474892229148
13101,3.4031474892229148
13102,3.4031474892229148
13103,4.399652598781251
13104,2.930665879080657
13105,2.8634250420408476
13106,3.3005640513464343
13107,2.9306420379842955
13108,2.8136568607291688
13109,2.584510348827031
13110,3.1566295382680094
13111,2.9294397836134425
13112,3.2654758695321773
13113,3.000821314503085
13114,2.930665879080657
13115,2.930665879080657
13116,2.930665879080657
13117,2.930665879080657
13118,2.930665879080657
13119,3.243949023838504
13120,4.584579920463868
13121,4.602772288439103
13122,4.962515677168371
13123,4.585236428864574
13124,5.087939584008819
13125,4.3589869153660565
13126,6.311573933043793
13127,3.872069451111923
13128,5.20154291626125
13129,4.531134299532296
13130,4.584579920463868
13131,4.584579920463868
13132,4.584579920463868
13133,4.584579920463868
13134,4.584579920463868
13135,6.58774771399961
13136,2.3109336131529608
13137,2.4464751075690065
13138,2.391035111072581
13139,2.31063445871249
13140,2.3970102759684644
13141,2.469646328253738
13142,1.6262783031507508
13143,2.537993112375449
13144,2.111494369721997
13145,2.3590928860293525
13146,2.3109336131529608
13147,2.3109336131529608
13148,2.3109336131529608
13149,2.3109336131529608
13150,2.3109336131529608
13151,1.9068845148954963
13152,3.2813704233354044
13153,3.308564486376748
13154,3.3495939201651725
13155,3.2809760382536286
13156,3.371283493889299
13157,3.24167709497831
13158,3.2585311294698727
13159,3.9792054415203837
13160,3.699622829979383
13161,3.3927558184829056
13162,3.2813704233354044
13163,3.2813704233354044
13164,3.2813704233354044
13165,3.2813704233354044
13166,3.2813704233354044
13167,4.612592104676619
13168,4.170937046912583
13169,4.272114894200973
13170,4.0533540574797975
13171,4.174367285199153
13172,3.5192696671376402
13173,4.361288638548845
13174,3.9734759304814418
13175,3.879126812812978
13176,3.221982566206839
13177,4.009831492700076
13178,4.170937046912583
13179,4.170937046912583
13180,4.170937046912583
13181,4.170937046912583
13182,4.170937046912583
13183,2.3730795489790273
13184,3.454835457719175
13185,3.4800284440219422
13186,3.5159243233551134
13187,3.4566002077894025
13188,4.295256579042155
13189,3.6501840586332275
13190,3.852650583218319
13191,3.0679705118705836
13192,2.6997948771161395
13193,3.4741225972021095
13194,3.454835457719175
13195,3.454835457719175
13196,3.454835457719175
13197,3.454835457719175
13198,3.454835457719175
13199,4.006175226797755
13200,2.9290458448506422
13201,2.684562592861031
13202,2.787513790789014
13203,2.9316729297834234
13204,2.8200859401406233
13205,2.6847313215109434
13206,2.749174024824646
13207,3.3390894503008255
13208,4.222919155722526
13209,2.8723100710299
13210,2.9290458448506422
13211,2.9290458448506422
13212,2.9290458448506422
13213,2.9290458448506422
13214,2.9290458448506422
13215,3.7285815054798253
13216,3.5443005491207034
13217,3.434585250440899
13218,3.58735337829937
13219,3.543867966808975
13220,4.6425648702487425
13221,2.861090703603465
13222,3.671737310815562
13223,3.906270999314049
13224,4.549668344620999
13225,3.6093580422475156
13226,3.5443005491207034
13227,3.5443005491207034
13228,3.5443005491207034
13229,3.5443005491207034
13230,3.5443005491207034
13231,5.454121468741089
13232,3.5855958177494354
13233,3.725138081403672
13234,3.2345390104434
13235,3.584635861769361
13236,2.376212868228393
13237,4.682458503403725
13238,3.6289120463259676
13239,3.0905573676910705
13240,2.5826345142898486
13241,3.5230922555343698
13242,3.5855958177494354
13243,3.5855958177494354
13244,3.5855958177494354
13245,3.5855958177494354
13246,3.5855958177494354
13247,1.6775000925088521
13248,3.436342193261981
13249,3.3648857102144794
13250,3.4065326158343883
13251,3.4350449055372323
13252,2.391206548594801
13253,3.4357567074963664
13254,3.805529986866699
13255,3.4053912052731037
13256,3.406538503813542
13257,3.4936778656221295
13258,3.436342193261981
13259,3.436342193261981
13260,3.436342193261981
13261,3.436342193261981
13262,3.436342193261981
13263,2.5633181205956768
13264,5.008712862414679
13265,4.9427087350589085
13266,4.607588439963717
13267,5.0121581487489
13268,6.578415633093063
13269,5.161671364055323
13270,4.171657859281563
13271,5.028586683380334
13272,4.944501277293193
13273,4.94584541707327
13274,5.008712862414679
13275,5.008712862414679
13276,5.008712862414679
13277,5.008712862414679
13278,5.008712862414679
13279,5.023438320339858
13280,7.298515654253583
13281,6.938754602018192
13282,7.315861265881218
13283,7.302709258095355
13284,6.013301962878496
13285,6.829806056712631
13286,6.908469028933065
13287,7.369116961561377
13288,7.830977818106453
13289,7.264906596013078
13290,7.298515654253583
13291,7.298515654253583
13292,7.298515654253583
13293,7.298515654253583
13294,7.298515654253583
13295,5.483034787319991
13296,1.7148125951576587
13297,2.0041489584952648
13298,1.9233416395859073
13299,1.7149061184587808
13300,2.4954459909170583
13301,1.7743460301142109
13302,1.7067929813694087
13303,1.7043368347408834
13304,1.7073192067090783
13305,1.7352217119724291
13306,1.7148125951576587
13307,1.7148125951576587
13308,1.7148125951576587
13309,1.7148125951576587
13310,1.7148125951576587
13311,4.2583059053831445
13312,2.6324308347292247
13313,2.619243062968315
13314,2.50364009905642
13315,2.6309732920280857
13316,2.647226410783398
13317,2.995150036862564
13318,2.91624154633804
13319,4.1949887348028545
13320,2.3529536189761875
13321,2.649325423092822
13322,2.6324308347292247
13323,2.6324308347292247
13324,2.6324308347292247
13325,2.6324308347292247
13326,2.6324308347292247
13327,4.531113178221565
13328,5.203949226201768
13329,5.031200817020446
13330,4.801504893995234
13331,5.195264389461073
13332,6.141499546648375
13333,4.342872777837694
13334,4.244137003663341
13335,3.851139501023044
13336,6.109130865779865
13337,5.159925600106079
13338,5.203949226201768
13339,5.203949226201768
13340,5.203949226201768
13341,5.203949226201768
13342,5.203949226201768
13343,3.262714674361856
13344,5.10630216170095
13345,5.177493641747043
13346,6.526923502309749
13347,5.106354943370736
13348,5.452813069526217
13349,4.559473983932719
13350,5.044411692935594
13351,6.322717753177069
13352,4.517297928360352
13353,4.853661632375111
13354,5.10630216170095
13355,5.10630216170095
13356,5.10630216170095
13357,5.10630216170095
13358,5.10630216170095
13359,6.505473299328795
13360,2.581099954046538
13361,2.5502274850520674
13362,2.36982373075816
13363,2.580784598196577
13364,2.070158347873773
13365,3.040464304467858
13366,2.670127310399695
13367,2.432396782320407
13368,2.670916322425363
13369,2.687396851786883
13370,2.581099954046538
13371,2.581099954046538
13372,2.581099954046538
13373,2.581099954046538
13374,2.581099954046538
13375,2.25229528888145
13376,3.286502699493534
13377,3.2863697698430947
13378,3.367674264177505
13379,3.2868931563663493
13380,3.113257674596607
13381,3.073120517962703
13382,3.9345963910257624
13383,3.858165943096739
13384,2.058091821606435
13385,3.169160753978551
13386,3.286502699493534
13387,3.286502699493534
13388,3.286502699493534
13389,3.286502699493534
13390,3.286502699493534
13391,2.7338692242552893
13392,4.340330243182452
13393,4.176264669857753
13394,4.224368604603471
13395,4.337737355957643
13396,4.088870857853603
13397,4.9600713175668085
13398,4.199848449417627
13399,3.1649176678779525
13400,6.597120782874089
13401,4.551687440358129
13402,4.340330243182452
13403,4.340330243182452
13404,4.340330243182452
13405,4.340330243182452
13406,4.340330243182452
13407,4.88513819556448
13408,2.7089257533278612
13409,2.738031244394924
13410,2.7183332902792374
13411,2.7086809472016
13412,3.157616680269315
13413,2.3892109080975255
13414,2.813019345050179
13415,3.398366255408694
13416,3.2451255743321212
13417,2.696447348456701
13418,2.7089257533278612
13419,2.7089257533278612
13420,2.7089257533278612
13421,2.7089257533278612
13422,2.7089257533278612
13423,4.386986765943196
13424,3.8590342387093988
13425,3.852773091912532
13426,3.8656725969452665
13427,3.858759780031837
13428,3.9228737036850565
13429,4.320567107503958
13430,3.714502703418217
13431,2.796733455199713
13432,3.3442003773701625
13433,3.874049809103915
13434,3.8590342387093988
13435,3.8590342387093988
13436,3.8590342387093988
13437,3.8590342387093988
13438,3.8590342387093988
13439,2.6531989555485813
13440,4.901460798857481
13441,5.116682404238326
13442,5.038574211282583
13443,4.90120488918121
13444,3.145913423305479
13445,3.8785090514770975
13446,6.430467116375885
13447,6.158986378444886
13448,4.744495070576437
13449,4.715780527001807
13450,4.901460798857481
13451,4.901460798857481
13452,4.901460798857481
13453,4.901460798857481
13454,4.901460798857481
13455,3.9596893379409
13456,4.107760514087161
13457,3.5505850786815425
13458,3.6919512970893233
13459,4.113533638948663
13460,5.447881014897438
13461,5.574824693910322
13462,2.7210223263352638
13463,3.1736422792814234
13464,4.00171365046799
13465,4.281424235752487
13466,4.107760514087161
13467,4.107760514087161
13468,4.107760514087161
13469,4.107760514087161
13470,4.107760514087161
13471,2.959775712305456
13472,3.078683999657581
13473,3.0859201779125742
13474,3.06888926265151
13475,3.0787059738035762
13476,2.8075193107916507
13477,3.1632551024111546
13478,3.1682485445908535
13479,3.620974062639697
13480,3.3684687991393143
13481,3.016908340754685
13482,3.078683999657581
13483,3.078683999657581
13484,3.078683999657581
13485,3.078683999657581
13486,3.078683999657581
13487,3.7120702139160597
13488,4.1054806833069435
13489,5.047969761662639
13490,4.001861860978907
13491,4.104676940186615
13492,5.29431531190197
13493,3.814775095184936
13494,3.961507415335972
13495,2.7711140004217114
13496,4.172315288922737
13497,4.157837712533928
13498,4.1054806833069435
13499,4.1054806833069435
13500,4.1054806833069435
13501,4.1054806833069435
13502,4.1054806833069435
13503,3.711612238605027
13504,1.9458594752352631
13505,1.9583715381197002
13506,1.9232378701342872
13507,1.9453174725565885
13508,2.4930328596731317
13509,1.928924441654093
13510,3.0928301006614243
13511,2.9750808155038695
13512,2.4855121353493654
13513,1.9113785509801118
13514,1.9458594752352631
13515,1.9458594752352631
13516,1.9458594752352631
13517,1.9458594752352631
13518,1.9458594752352631
13519,8.137510687808266
13520,4.6419856243054065
13521,4.535795199877753
13522,4.616837955838384
13523,4.643140696648682
13524,4.1428229748693
13525,4.515121726068328
13526,3.221290227837824
13527,3.40171078597611
13528,3.87307198830057
13529,4.712025226724068
13530,4.6419856243054065
13531,4.6419856243054065
13532,4.6419856243054065
13533,4.6419856243054065
13534,4.6419856243054065
13535,1.7169093909428255
13536,3.694705231108354
13537,3.564225266191276
13538,4.728066564216834
13539,3.695939920167032
13540,4.275253366822535
13541,3.8125284267493162
13542,3.625389168547135
13543,4.482509988704677
13544,2.840470029297812
13545,3.6210380473788977
13546,3.694705231108354
13547,3.694705231108354
13548,3.694705231108354
13549,3.694705231108354
13550,3.694705231108354
13551,4.058307430887547
13552,3.8413275070077377
13553,4.115265721107668
13554,3.748361151132982
13555,3.8383340648982784
13556,2.896577704263773
13557,3.5447514386546417
13558,3.9096981601666934
13559,3.5351906743865347
13560,4.9553715358738
13561,3.9551669987250144
13562,3.8413275070077377
13563,3.8413275070077377
13564,3.8413275070077377
13565,3.8413275070077377
13566,3.8413275070077377
13567,3.237610242049397
13568,4.063233727760763
13569,4.050161073513403
13570,4.042366732103752
13571,4.063625499027983
13572,5.171554969873728
13573,3.8716312866630087
13574,3.863281144452471
13575,2.7609465335554164
13576,3.7197288169185176
13577,4.244639300984087
13578,4.063233727760763
13579,4.063233727760763
13580,4.063233727760763
13581,4.063233727760763
13582,4.063233727760763
13583,3.0601442830076198
13584,2.612279423782737
13585,2.3594622341638627
13586,2.275512036333891
13587,2.611007143189234
13588,2.3685405304793714
13589,3.0202373662837623
13590,2.975766947887606
13591,3.927771393226778
13592,2.940241103467727
13593,2.553061496940379
13594,2.612279423782737
13595,2.612279423782737
13596,2.612279423782737
13597,2.612279423782737
13598,2.612279423782737
13599,4.134809442144758
13600,3.15652033843254
13601,3.316178192146896
13602,3.9320267744771558
13603,3.1561694739854764
13604,2.7879158798172297
13605,3.042433053040533
13606,3.9658243307683922
13607,2.857480918630259
13608,2.506321228932885
13609,3.2214336867720346
13610,3.15652033843254
13611,3.15652033843254
13612,3.15652033843254
13613,3.15652033843254
13614,3.15652033843254
13615,3.8744923410911696
13616,3.776719947542194
13617,3.7684370776119787
13618,3.8805170816867345
13619,3.7767783329905162
13620,3.6228060252131287
13621,3.9505041794337874
13622,3.0851834555099753
13623,4.263757417347354
13624,4.388706073364864
13625,3.6635562899551917
13626,3.776719947542194
13627,3.776719947542194
13628,3.776719947542194
13629,3.776719947542194
13630,3.776719947542194
13631,4.03097628843047
13632,4.7141532959451276
13633,4.7824144771428685
13634,4.777773486282081
13635,4.7144550876493705
13636,4.593364146075529
13637,5.176614400940582
13638,4.011090063144334
13639,3.5283315632937087
13640,5.199970068979647
13641,4.739747113275008
13642,4.7141532959451276
13643,4.7141532959451276
13644,4.7141532959451276
13645,4.7141532959451276
13646,4.7141532959451276
13647,3.7257369550878643
13648,3.8723794831737393
13649,4.021229249441458
13650,3.986237326534653
13651,3.8788749413819588
13652,3.3711199313589337
13653,3.2487365459282045
13654,4.3652562141930416
13655,5.021877331014176
13656,3.01351033952291
13657,3.816449620454361
13658,3.8723794831737393
13659,3.8723794831737393
13660,3.8723794831737393
13661,3.8723794831737393
13662,3.8723794831737393
13663,3.376778198398723
13664,5.835032397149261
13665,5.50680033400962
13666,5.73241419663279
13667,5.834604956909905
13668,5.87738074758574
13669,4.85292477754062
13670,7.3324471737384265
13671,4.605967946368223
13672,3.8926331412612245
13673,6.0302616025662985
13674,5.835032397149261
13675,5.835032397149261
13676,5.835032397149261
13677,5.835032397149261
13678,5.835032397149261
13679,3.423072135806808
13680,2.2102846919885137
13681,2.2470077752424724
13682,2.0601165002670516
13683,2.2093868172500573
13684,2.468533752876478
13685,2.9258683885000782
13686,1.5433050522458374
13687,2.89891155648315
13688,3.493367433019593
13689,2.1434688000569375
13690,2.2102846919885137
13691,2.2102846919885137
13692,2.2102846919885137
13693,2.2102846919885137
13694,2.2102846919885137
13695,4.0272349538326555
13696,3.7656837265127754
13697,3.835419180653005
13698,3.7860222354899693
13699,3.7657083446630684
13700,4.73826477548817
13701,3.77132326378141
13702,4.228097414636431
13703,2.9829134193991913
13704,3.7265634716298086
13705,3.7650748656665174
13706,3.7656837265127754
13707,3.7656837265127754
13708,3.7656837265127754
13709,3.7656837265127754
13710,3.7656837265127754
13711,4.244757148839024
13712,3.726143624623148
13713,3.4571061939532144
13714,4.160663860476331
13715,3.7260543137014754
13716,2.4680234127101497
13717,3.722069234722016
13718,3.4870904372839395
13719,5.158735939989973
13720,3.588271817390426
13721,3.7550560480826825
13722,3.726143624623148
13723,3.726143624623148
13724,3.726143624623148
13725,3.726143624623148
13726,3.726143624623148
13727,2.98533535200405
13728,3.500260882327134
13729,3.4491547196043744
13730,3.4989128565050276
13731,3.499428044927831
13732,4.325209294991672
13733,3.390768179198017
13734,4.94006368633855
13735,2.569940664061369
13736,3.54337359026836
13737,3.61927118936926
13738,3.500260882327134
13739,3.500260882327134
13740,3.500260882327134
13741,3.500260882327134
13742,3.500260882327134
13743,4.509886764902897
13744,3.435878461355639
13745,3.7097310225506375
13746,3.2229727084359183
13747,3.4393653306406144
13748,3.1889271968986828
13749,3.5314422305427393
13750,2.729705516397775
13751,4.212058105640339
13752,3.8240756029714316
13753,3.3238794297968752
13754,3.435878461355639
13755,3.435878461355639
13756,3.435878461355639
13757,3.435878461355639
13758,3.435878461355639
13759,3.349496468914396
13760,6.4518199902956965
13761,6.549251410553969
13762,6.684728390691854
13763,6.452449158456544
13764,5.321140972762189
13765,5.043626080802308
13766,7.247211871661788
13767,4.327055394296965
13768,5.368688293638349
13769,6.797925037130566
13770,6.4518199902956965
13771,6.4518199902956965
13772,6.4518199902956965
13773,6.4518199902956965
13774,6.4518199902956965
13775,2.8671209174836894
13776,1.9418315750221578
13777,1.8609727735647488
13778,1.7236712695888141
13779,1.9385281171258741
13780,2.67839700720017
13781,2.485085202705569
13782,1.5625367497997267
13783,2.7918517087020387
13784,2.5570585857383072
13785,1.8342934627908425
13786,1.9418315750221578
13787,1.9418315750221578
13788,1.9418315750221578
13789,1.9418315750221578
13790,1.9418315750221578
13791,4.107414438167729
13792,3.4806826199197483
13793,3.316226468698092
13794,4.664892639145716
13795,3.4820713144547826
13796,2.3066557796923726
13797,3.9858265820911067
13798,4.33649892115244
13799,3.0741842355254
13800,4.50578106933292
13801,3.4738645509302297
13802,3.4806826199197483
13803,3.4806826199197483
13804,3.4806826199197483
13805,3.4806826199197483
13806,3.4806826199197483
13807,3.6598230496706323
13808,3.9706015516870865
13809,4.565997938287259
13810,4.023638384312574
13811,3.9709948679504192
13812,5.139434054692432
13813,3.523722801976552
13814,3.1998381594722747
13815,4.38565052083464
13816,3.0145073909663997
13817,3.9684977591909574
13818,3.9706015516870865
13819,3.9706015516870865
13820,3.9706015516870865
13821,3.9706015516870865
13822,3.9706015516870865
13823,3.222703784043899
13824,3.38621793158809
13825,3.3763063950661705
13826,3.331263744359212
13827,3.3860582725234885
13828,4.354788514549354
13829,4.465832749132144
13830,2.563700280302113
13831,3.717419011976427
13832,3.6827433801049114
13833,3.243351477752546
13834,3.38621793158809
13835,3.38621793158809
13836,3.38621793158809
13837,3.38621793158809
13838,3.38621793158809
13839,5.370002902605485
13840,4.16446311700412
13841,3.0053796082489983
13842,3.131802137997446
13843,4.163066250883131
13844,3.709653691077789
13845,2.864454310249017
13846,5.672945358129936
13847,4.525917060712988
13848,3.5491118278722102
13849,4.394337777139388
13850,4.16446311700412
13851,4.16446311700412
13852,4.16446311700412
13853,4.16446311700412
13854,4.16446311700412
13855,2.6757786278719697
13856,3.07557447710731
13857,3.1091256349620635
13858,3.4717416878518588
13859,3.0762484249044935
13860,3.9836011854356133
13861,2.889380864802426
13862,3.001172679307532
13863,3.166834168512926
13864,3.8621510961217944
13865,3.0511199350487734
13866,3.07557447710731
13867,3.07557447710731
13868,3.07557447710731
13869,3.07557447710731
13870,3.07557447710731
13871,4.868437844413616
13872,4.089902934291668
13873,4.295995413566683
13874,4.078969058384234
13875,4.091314522727217
13876,2.660733179073191
13877,4.371295244452558
13878,4.776140621698802
13879,4.188370959051853
13880,3.6215572079258127
13881,4.1401121474519735
13882,4.089902934291668
13883,4.089902934291668
13884,4.089902934291668
13885,4.089902934291668
13886,4.089902934291668
13887,3.0720372558492444
13888,5.661273328430364
13889,5.8588750319014835
13890,5.695228235963647
13891,5.660006784557855
13892,3.693897692432713
13893,5.532185209277703
13894,4.667381945579338
13895,4.517602932138277
13896,8.281721537017534
13897,5.69999081099552
13898,5.661273328430364
13899,5.661273328430364
13900,5.661273328430364
13901,5.661273328430364
13902,5.661273328430364
13903,3.6362761135577855
13904,2.7682092449904463
13905,2.6141421736166
13906,3.0516331334185267
13907,2.765209157027779
13908,3.683290808676559
13909,2.865943448847433
13910,3.4820749070755124
13911,2.8706134274952424
13912,1.9927454700098053
13913,2.74710064950992
13914,2.7682092449904463
13915,2.7682092449904463
13916,2.7682092449904463
13917,2.7682092449904463
13918,2.7682092449904463
13919,3.4869107986713126
13920,5.346039712812678
13921,5.160290390381156
13922,5.320421846812756
13923,5.347669050620745
13924,4.233787958121284
13925,5.493752718498508
13926,4.20601922329222
13927,5.633777130695146
13928,4.639090620165024
13929,5.0665812665456516
13930,5.346039712812678
13931,5.346039712812678
13932,5.346039712812678
13933,5.346039712812678
13934,5.346039712812678
13935,2.8719425239555063
13936,2.467979914110609
13937,2.7138475818482655
13938,2.382140389402567
13939,2.4685635691887415
13940,3.5877857025201725
13941,2.4668413252807793
13942,2.725807919849009
13943,2.0683527314312595
13944,2.775846664711464
13945,2.5721684274622105
13946,2.467979914110609
13947,2.467979914110609
13948,2.467979914110609
13949,2.467979914110609
13950,2.467979914110609
13951,3.905131971624437
13952,4.394882663971503
13953,4.39605393511919
13954,4.455091737079066
13955,4.394475968557626
13956,3.780241226111929
13957,3.547251884273196
13958,3.454825333443758
13959,3.5806742662732085
13960,4.295884089056235
13961,4.318728139931086
13962,4.394882663971503
13963,4.394882663971503
13964,4.394882663971503
13965,4.394882663971503
13966,4.394882663971503
13967,1.9324084740337295
13968,4.2330824852665945
13969,4.236904399778988
13970,4.324735194553172
13971,4.233715164636884
13972,4.145135671295346
13973,5.384747143190619
13974,5.219505910503671
13975,4.498976190404237
13976,4.367148240892773
13977,4.274661469862326
13978,4.2330824852665945
13979,4.2330824852665945
13980,4.2330824852665945
13981,4.2330824852665945
13982,4.2330824852665945
13983,7.385919919225435
13984,2.3593581629646496
13985,2.336892383296379
13986,2.348208930565857
13987,2.3604607076898945
13988,2.8618762500008637
13989,2.7135729868414398
13990,2.744452557469036
13991,2.552786553371514
13992,2.4072601018198885
13993,2.324557321884
13994,2.3593581629646496
13995,2.3593581629646496
13996,2.3593581629646496
13997,2.3593581629646496
13998,2.3593581629646496
13999,4.089720666824496
14000,5.227107876437404
14001,5.286414513523352
14002,4.296825083591187
14003,5.221828729633887
14004,4.905013611080477
14005,4.251684727209531
14006,5.100718632911602
14007,4.483676970019969
14008,4.653847423839905
14009,5.361240632584352
14010,5.227107876437404
14011,5.227107876437404
14012,5.227107876437404
14013,5.227107876437404
14014,5.227107876437404
14015,2.649511305400229
14016,4.811514095386115
14017,4.810651901785706
14018,4.955730753080759
14019,4.812154513908423
14020,5.046939527485466
14021,5.340613696978572
14022,3.5183060859684074
14023,5.002682447086642
14024,3.306916416425343
14025,4.649788702729475
14026,4.811514095386115
14027,4.811514095386115
14028,4.811514095386115
14029,4.811514095386115
14030,4.811514095386115
14031,2.883140973888559
14032,2.436120693053033
14033,2.4678215526833416
14034,2.283507644997066
14035,2.4394677521264665
14036,2.5960711987957086
14037,2.142156177692619
14038,3.1536139861598422
14039,2.509928223721066
14040,3.168136583859855
14041,2.533582660210363
14042,2.436120693053033
14043,2.436120693053033
14044,2.436120693053033
14045,2.436120693053033
14046,2.436120693053033
14047,3.8944180716330257
14048,3.2023942789269864
14049,3.1871962852635574
14050,4.262735794894315
14051,3.201851438303466
14052,3.1791902168842934
14053,3.356664607402394
14054,3.491660524637895
14055,3.6104017332631866
14056,4.345403789367693
14057,3.140762933061883
14058,3.2023942789269864
14059,3.2023942789269864
14060,3.2023942789269864
14061,3.2023942789269864
14062,3.2023942789269864
14063,7.35969005769875
14064,4.752924847722535
14065,4.762677746495986
14066,4.825909810764511
14067,4.752655490587564
14068,4.063057038813035
14069,4.361621923924824
14070,3.8990829390908828
14071,5.180162676092578
14072,3.65383782728984
14073,4.799418710194254
14074,4.752924847722535
14075,4.752924847722535
14076,4.752924847722535
14077,4.752924847722535
14078,4.752924847722535
14079,2.6745042537975405
14080,2.742783739166827
14081,2.626721060098713
14082,2.4925722244146318
14083,2.743786411808135
14084,2.473302775844091
14085,2.8425848784289847
14086,2.5111644396517296
14087,2.826871138365474
14088,3.019693788862865
14089,2.753171706345107
14090,2.742783739166827
14091,2.742783739166827
14092,2.742783739166827
14093,2.742783739166827
14094,2.742783739166827
14095,2.8266814462000154
14096,3.864271580857114
14097,3.520138964678045
14098,3.8526316983537146
14099,3.869316506588802
14100,5.172470692201727
14101,3.696647996740063
14102,3.8324750243842365
14103,3.9518162608914045
14104,3.3048209127101345
14105,3.8297534228369936
14106,3.864271580857114
14107,3.864271580857114
14108,3.864271580857114
14109,3.864271580857114
14110,3.864271580857114
14111,3.9075416878331093
14112,5.445546898626245
14113,5.405494382712011
14114,6.716030202644387
14115,5.445668003406215
14116,3.41380637415111
14117,5.604915574930713
14118,3.771032788971334
14119,5.268129755757124
14120,6.406814719110105
14121,5.59942748562082
14122,5.445546898626245
14123,5.445546898626245
14124,5.445546898626245
14125,5.445546898626245
14126,5.445546898626245
14127,3.336403739635773
14128,2.5059136948100673
14129,2.5587133019736146
14130,2.5683806744291826
14131,2.5062564121966644
14132,3.4976203666227352
14133,2.5035223186644027
14134,3.4368236017585905
14135,2.427929192110503
14136,2.4284848748349623
14137,2.4329638558887803
14138,2.5059136948100673
14139,2.5059136948100673
14140,2.5059136948100673
14141,2.5059136948100673
14142,2.5059136948100673
14143,4.502703805460383
14144,2.316287763935372
14145,2.348302731601267
14146,2.4388365552929545
14147,2.316188404947346
14148,2.798686011726722
14149,2.8435836232120697
14150,2.4092070669037664
14151,2.573603817585557
14152,2.234432319907496
14153,2.391522700628736
14154,2.316287763935372
14155,2.316287763935372
14156,2.316287763935372
14157,2.316287763935372
14158,2.316287763935372
14159,4.083896703250635
14160,7.465695158787796
14161,6.953061967034102
14162,6.685798817466825
14163,7.468196596552904
14164,5.434552011085562
14165,5.833787344937675
14166,7.423472180377671
14167,6.310402291544943
14168,8.642001994659765
14169,7.2930469962382904
14170,7.465695158787796
14171,7.465695158787796
14172,7.465695158787796
14173,7.465695158787796
14174,7.465695158787796
14175,3.522374008267251
14176,2.6918282120626817
14177,2.6647706689008785
14178,2.69378206879515
14179,2.6919338212296853
14180,3.590115306587265
14181,2.586478458030394
14182,1.815414362614496
14183,2.370223720541428
14184,3.929690256312103
14185,2.7376631616527964
14186,2.6918282120626817
14187,2.6918282120626817
14188,2.6918282120626817
14189,2.6918282120626817
14190,2.6918282120626817
14191,2.977039376475075
14192,3.5454549744622437
14193,4.228437884460464
14194,3.5047741711121763
14195,3.5437768888956733
14196,3.112216440117434
14197,3.8707628774491725
14198,5.516713742130121
14199,4.094422960259702
14200,2.3951229765322855
14201,3.468550355708084
14202,3.5454549744622437
14203,3.5454549744622437
14204,3.5454549744622437
14205,3.5454549744622437
14206,3.5454549744622437
14207,4.551325956482127
14208,3.036078812454377
14209,3.037827419358129
14210,3.1133242956299956
14211,3.0356828885044402
14212,3.3884293084104073
14213,3.1162092413815907
14214,3.0230382149090853
14215,3.470969026374658
14216,3.1447035553319793
14217,3.2023170452438214
14218,3.036078812454377
14219,3.036078812454377
14220,3.036078812454377
14221,3.036078812454377
14222,3.036078812454377
14223,4.430014536296781
14224,5.749246228491281
14225,5.3071975389794215
14226,5.517230681271672
14227,5.741347971011472
14228,4.417847891234992
14229,5.611053747712906
14230,5.560790544527904
14231,4.9911984565225085
14232,5.734717740297051
14233,5.435664129852346
14234,5.749246228491281
14235,5.749246228491281
14236,5.749246228491281
14237,5.749246228491281
14238,5.749246228491281
14239,3.0715918845043695
14240,2.961047606609877
14241,2.955551103029756
14242,2.9048267364784333
14243,2.96106274688887
14244,3.069857278189221
14245,3.0698820946171574
14246,2.469961387139475
14247,2.6769225791574898
14248,2.8491289750489726
14249,2.9575723979426143
14250,2.961047606609877
14251,2.961047606609877
14252,2.961047606609877
14253,2.961047606609877
14254,2.961047606609877
14255,2.1902711967400075
14256,4.113428246988642
14257,4.055770588681816
14258,4.061865594408146
14259,4.113506628111192
14260,4.750570785973856
14261,3.7211469992854123
14262,4.668790347725717
14263,4.869538427601296
14264,4.2094609453006635
14265,4.101177290904858
14266,4.113428246988642
14267,4.113428246988642
14268,4.113428246988642
14269,4.113428246988642
14270,4.113428246988642
14271,5.793730122651273
14272,1.7366060635225546
14273,1.7417429968762517
14274,1.770954729428342
14275,1.7366819571134335
14276,1.9693996226074417
14277,1.5452205698136683
14278,1.7489841038092722
14279,1.7041864153365216
14280,2.281677432309607
14281,1.741562926057882
14282,1.7366060635225546
14283,1.7366060635225546
14284,1.7366060635225546
14285,1.7366060635225546
14286,1.7366060635225546
14287,2.2037474218867183
14288,5.345652135789676
14289,6.14957353373785
14290,5.237043895369576
14291,5.343950959535264
14292,5.617237730000082
14293,6.029193140917626
14294,5.679964466042187
14295,5.180368148241069
14296,3.6558561750285166
14297,5.325587855845594
14298,5.345652135789676
14299,5.345652135789676
14300,5.345652135789676
14301,5.345652135789676
14302,5.345652135789676
14303,4.727513711793036
14304,2.9331391362590926
14305,2.7362583699472682
14306,4.27146754791019
14307,2.9317122080773266
14308,2.681977955026944
14309,3.523311167222398
14310,2.745757979559578
14311,3.015002239982281
14312,2.2588763479700327
14313,3.0680164839270083
14314,2.9331391362590926
14315,2.9331391362590926
14316,2.9331391362590926
14317,2.9331391362590926
14318,2.9331391362590926
14319,3.0453826211922297
14320,4.295408936509726
14321,4.545967556664007
14322,4.154231283778482
14323,4.3004643432289615
14324,4.211655240461369
14325,3.71409772351069
14326,4.943698361863169
14327,4.535484341066602
14328,6.073113800457578
14329,4.141914417122051
14330,4.295408936509726
14331,4.295408936509726
14332,4.295408936509726
14333,4.295408936509726
14334,4.295408936509726
14335,5.776552755708206
14336,3.4431282128216933
14337,3.3857530181000515
14338,3.72248026113521
14339,3.443520490395181
14340,4.08791867722849
14341,3.9416959286197115
14342,3.470103134277449
14343,3.748842694294955
14344,4.015651966398812
14345,3.482381512795365
14346,3.4431282128216933
14347,3.4431282128216933
14348,3.4431282128216933
14349,3.4431282128216933
14350,3.4431282128216933
14351,8.215701462638368
14352,4.943965657385426
14353,4.342040999675575
14354,4.623778598088741
14355,4.941854994753227
14356,3.7365244812478626
14357,4.308936907687925
14358,4.582060360190831
14359,4.206321140313385
14360,4.572272108316167
14361,4.878428604196371
14362,4.943965657385426
14363,4.943965657385426
14364,4.943965657385426
14365,4.943965657385426
14366,4.943965657385426
14367,2.196459106060406
14368,2.684983730135334
14369,2.668243020600686
14370,2.8109959254689207
14371,2.684979574383039
14372,4.420985885362211
14373,2.319302022525064
14374,2.9361735156930733
14375,3.5760658062778905
14376,1.89280774317885
14377,2.792015783982196
14378,2.684983730135334
14379,2.684983730135334
14380,2.684983730135334
14381,2.684983730135334
14382,2.684983730135334
14383,4.016788677974421
14384,4.552626070998153
14385,5.22336391735489
14386,4.364369656879514
14387,4.558054321878912
14388,3.099222072800081
14389,5.314483335203992
14390,4.041791847215057
14391,2.7609919283106077
14392,6.532885725679332
14393,4.422248247567543
14394,4.552626070998153
14395,4.552626070998153
14396,4.552626070998153
14397,4.552626070998153
14398,4.552626070998153
14399,2.697221931891199
14400,3.624176800178691
14401,3.8232001077353797
14402,3.6528991906369925
14403,3.623864368261802
14404,2.801720456725543
14405,4.017874439562104
14406,3.6654960706842137
14407,4.809648266742031
14408,3.0201812623750093
14409,3.7085706535430982
14410,3.624176800178691
14411,3.624176800178691
14412,3.624176800178691
14413,3.624176800178691
14414,3.624176800178691
14415,3.713708027071139
14416,3.24088187897668
14417,2.7327569885649297
14418,2.4459689362598795
14419,3.233098117541963
14420,4.7456497954074015
14421,2.6830927951336263
14422,3.469563910804789
14423,2.624492472945094
14424,3.7962746252866886
14425,3.179791427148813
14426,3.24088187897668
14427,3.24088187897668
14428,3.24088187897668
14429,3.24088187897668
14430,3.24088187897668
14431,2.904684690861944
14432,3.4548061426883017
14433,3.40276911012761
14434,3.4704398905643017
14435,3.4544755050396336
14436,2.628239351841252
14437,3.954395485603834
14438,4.206220790318388
14439,4.833590746756941
14440,3.241874275194678
14441,3.47990448850314
14442,3.4548061426883017
14443,3.4548061426883017
14444,3.4548061426883017
14445,3.4548061426883017
14446,3.4548061426883017
14447,4.7550601310447735
14448,3.6482472979071385
14449,3.8115665560900585
14450,3.7034863123561657
14451,3.6480572385234233
14452,4.237929446632325
14453,3.3971070167178627
14454,3.2638774910586843
14455,2.9973187863846684
14456,4.411862324236935
14457,3.5642776097584203
14458,3.6482472979071385
14459,3.6482472979071385
14460,3.6482472979071385
14461,3.6482472979071385
14462,3.6482472979071385
14463,3.646110388741158
14464,3.3181264703788655
14465,3.3177841561841666
14466,3.3215259187275237
14467,3.3178130903351697
14468,3.1160929630007
14469,3.1275642339869827
14470,3.154931105297446
14471,4.536387526691394
14472,2.3705439320131276
14473,3.48008437524785
14474,3.3181264703788655
14475,3.3181264703788655
14476,3.3181264703788655
14477,3.3181264703788655
14478,3.3181264703788655
14479,2.864653212262928
14480,3.9711186014365882
14481,4.478043373604872
14482,3.564726800950311
14483,3.9745504194976267
14484,4.7796279733107365
14485,4.200295274298163
14486,3.902296434830397
14487,3.2654764648588266
14488,5.115276987638662
14489,3.777120798942499
14490,3.9711186014365882
14491,3.9711186014365882
14492,3.9711186014365882
14493,3.9711186014365882
14494,3.9711186014365882
14495,4.859068608791704
14496,2.111861368176612
14497,2.11116137628606
14498,2.1216631554754732
14499,2.1115154297761793
14500,2.125443068584077
14501,2.554232895934647
14502,3.0456706627067334
14503,2.995229142566473
14504,2.970163647821484
14505,2.1097949361802666
14506,2.111861368176612
14507,2.111861368176612
14508,2.111861368176612
14509,2.111861368176612
14510,2.111861368176612
14511,7.493005971589667
14512,6.175326600812644
14513,6.250971679834028
14514,6.827106327900415
14515,6.172233813929153
14516,5.522172304631182
14517,4.847090706145465
14518,3.9374713053121955
14519,5.188890726589196
14520,4.565340562393837
14521,6.218863504837236
14522,6.175326600812644
14523,6.175326600812644
14524,6.175326600812644
14525,6.175326600812644
14526,6.175326600812644
14527,1.8712956191763008
14528,4.899201096703045
14529,4.898256149545579
14530,5.6929922806350195
14531,4.899948908674805
14532,4.337964338761652
14533,4.496415391335353
14534,5.181275657570152
14535,5.039966625781917
14536,4.685298643292421
14537,4.932003596475129
14538,4.899201096703045
14539,4.899201096703045
14540,4.899201096703045
14541,4.899201096703045
14542,4.899201096703045
14543,4.568742233946425
14544,2.886189272544275
14545,2.8690201775518545
14546,2.8964413130802527
14547,2.887493595018061
14548,2.9475561401595076
14549,2.9668501145168027
14550,2.860743175630756
14551,2.3290017591867493
14552,3.0919221868259035
14553,2.8578903530317294
14554,2.886189272544275
14555,2.886189272544275
14556,2.886189272544275
14557,2.886189272544275
14558,2.886189272544275
14559,2.5613105538425383
14560,2.9203320117157365
14561,2.8376671257927386
14562,3.1000122330375794
14563,2.9200314930244993
14564,3.1499014087423807
14565,2.8530411856568643
14566,4.251020422096317
14567,4.207443026844324
14568,2.867300173224018
14569,3.062816192636584
14570,2.9203320117157365
14571,2.9203320117157365
14572,2.9203320117157365
14573,2.9203320117157365
14574,2.9203320117157365
14575,6.719914215574902
14576,3.937896436810532
14577,3.8985553103881805
14578,3.6464525896074154
14579,3.938228849605433
14580,4.246586055841392
14581,3.955758624956944
14582,2.8648432145460316
14583,2.5731439298278933
14584,3.721751201047827
14585,3.759288884528401
14586,3.937896436810532
14587,3.937896436810532
14588,3.937896436810532
14589,3.937896436810532
14590,3.937896436810532
14591,1.695829406906244
14592,4.347064138213569
14593,4.76751951039069
14594,4.82119050494101
14595,4.3477503371063255
14596,3.6292027600812076
14597,4.602649173932569
14598,5.9889082454212526
14599,3.9259740218220394
14600,3.140418325742308
14601,4.1835117942591005
14602,4.347064138213569
14603,4.347064138213569
14604,4.347064138213569
14605,4.347064138213569
14606,4.347064138213569
14607,5.080062659574591
14608,4.210881897067107
14609,3.161717140541027
14610,3.0116216774779385
14611,4.226121387359484
14612,4.460682267394093
14613,4.003039614282836
14614,3.2261008525312787
14615,4.9755942980927275
14616,6.68048190187872
14617,4.375498806522979
14618,4.210881897067107
14619,4.210881897067107
14620,4.210881897067107
14621,4.210881897067107
14622,4.210881897067107
14623,4.243253336339991
14624,5.387704470535019
14625,5.383368815830787
14626,5.65036297534899
14627,5.388093628263838
14628,4.009205184048328
14629,5.984603604051316
14630,4.6997053794149215
14631,3.5038509007581755
14632,5.865572981084289
14633,5.362983106738616
14634,5.387704470535019
14635,5.387704470535019
14636,5.387704470535019
14637,5.387704470535019
14638,5.387704470535019
14639,2.8590903850452594
14640,2.0240369530884346
14641,2.1131861744561795
14642,2.0024196048462204
14643,2.0237692478087914
14644,2.990480822283045
14645,1.8902803948629712
14646,2.392597905587277
14647,2.8999760976105593
14648,1.8257081147362708
14649,2.018897713751471
14650,2.0240369530884346
14651,2.0240369530884346
14652,2.0240369530884346
14653,2.0240369530884346
14654,2.0240369530884346
14655,4.2996814211753565
14656,2.64308342137387
14657,2.623609257073647
14658,2.5688610475566165
14659,2.643091158404552
14660,3.9271336405079804
14661,3.2343519339218534
14662,3.0216951906244804
14663,2.0182945720397516
14664,2.413807464672896
14665,2.639212758167187
14666,2.64308342137387
14667,2.64308342137387
14668,2.64308342137387
14669,2.64308342137387
14670,2.64308342137387
14671,3.6894987053047514
14672,4.154357938446436
14673,3.969027512526757
14674,4.107611980527212
14675,4.1544653965684155
14676,3.2168938878348534
14677,3.445765751382293
14678,3.0838016417082654
14679,5.225434909086256
14680,4.436322057513846
14681,4.171637226826987
14682,4.154357938446436
14683,4.154357938446436
14684,4.154357938446436
14685,4.154357938446436
14686,4.154357938446436
14687,2.5800959386269495
14688,5.801014869530933
14689,5.389283294579496
14690,5.6793993841763495
14691,5.806439004081356
14692,7.161734640927981
14693,4.971980712504881
14694,5.410301532467214
14695,4.566810798832906
14696,5.306065775754829
14697,5.502139232538421
14698,5.801014869530933
14699,5.801014869530933
14700,5.801014869530933
14701,5.801014869530933
14702,5.801014869530933
14703,3.8156238824561592
14704,2.352554430637605
14705,2.6620626931812827
14706,2.339894235700412
14707,2.3511899007411454
14708,1.7070325262604908
14709,2.7480760990110507
14710,2.5765083592698304
14711,3.022171771519693
14712,2.9085327302132984
14713,2.4945700571484966
14714,2.352554430637605
14715,2.352554430637605
14716,2.352554430637605
14717,2.352554430637605
14718,2.352554430637605
14719,3.9669648217141638
14720,3.551737352106038
14721,3.5469358231471926
14722,3.529045531940039
14723,3.5508669432954734
14724,4.07393788667564
14725,3.656132212555988
14726,4.9042130881954185
14727,2.7284368846228793
14728,4.4518078990584735
14729,3.4507299429158493
14730,3.551737352106038
14731,3.551737352106038
14732,3.551737352106038
14733,3.551737352106038
14734,3.551737352106038
14735,5.391298387549581
14736,2.8642193034465873
14737,2.7668274421780517
14738,2.7899142888107815
14739,2.8604661681733208
14740,2.681554569038134
14741,2.7997638620399306
14742,2.495055302141145
14743,3.6928287992538413
14744,2.0232009785283
14745,2.911221406922491
14746,2.8642193034465873
14747,2.8642193034465873
14748,2.8642193034465873
14749,2.8642193034465873
14750,2.8642193034465873
14751,2.01026759591742
14752,5.91929858739668
14753,6.226997503553895
14754,5.897825429015506
14755,5.921235878818518
14756,5.020241619590363
14757,5.81079415784236
14758,6.886312244618809
14759,4.755338082465108
14760,4.401851485732482
14761,5.757971266411948
14762,5.91929858739668
14763,5.91929858739668
14764,5.91929858739668
14765,5.91929858739668
14766,5.91929858739668
14767,3.4436753518718484
14768,2.3032333213740586
14769,2.2809498165656286
14770,2.1694708551847737
14771,2.305181702484113
14772,2.3629113872850493
14773,2.2994276805862977
14774,1.9111871741175306
14775,3.0119818177836972
14776,3.302849973763538
14777,2.3744133627576547
14778,2.3032333213740586
14779,2.3032333213740586
14780,2.3032333213740586
14781,2.3032333213740586
14782,2.3032333213740586
14783,3.538482705637059
14784,4.097540162040126
14785,4.0956934786662496
14786,4.609009566075704
14787,4.0976282023106
14788,3.5847647426883014
14789,3.615950457254311
14790,5.206976833473796
14791,3.4885474217891916
14792,4.399559062717808
14793,3.9938346389455406
14794,4.097540162040126
14795,4.097540162040126
14796,4.097540162040126
14797,4.097540162040126
14798,4.097540162040126
14799,3.732404688164528
14800,4.0822430101549
14801,4.487442509761762
14802,3.971001746977611
14803,4.0816115382760065
14804,3.9769601771556395
14805,4.6439139405161
14806,2.9715069091535526
14807,4.53662130492663
14808,3.8551765940614975
14809,4.206960413790957
14810,4.0822430101549
14811,4.0822430101549
14812,4.0822430101549
14813,4.0822430101549
14814,4.0822430101549
14815,3.4839339132894334
14816,3.5778856258670246
14817,3.5141624943541196
14818,3.951504159994477
14819,3.5764745276209435
14820,3.451936809011038
14821,4.458091234644606
14822,3.9084653172717463
14823,2.5075042329405006
14824,3.348331406362414
14825,3.565409458322796
14826,3.5778856258670246
14827,3.5778856258670246
14828,3.5778856258670246
14829,3.5778856258670246
14830,3.5778856258670246
14831,2.9655053902975403
14832,3.565328874888727
14833,3.608555354676188
14834,3.5668584547259643
14835,3.565412762605825
14836,4.049913347075749
14837,2.841101660319396
14838,3.2477252336852027
14839,5.545268319552388
14840,3.5158433864082435
14841,3.585693285828992
14842,3.565328874888727
14843,3.565328874888727
14844,3.565328874888727
14845,3.565328874888727
14846,3.565328874888727
14847,4.553541113620153
14848,5.252203419649399
14849,5.248986503933589
14850,5.45352451320979
14851,5.251606725007003
14852,4.308177394517472
14853,5.642299905555322
14854,4.561784223600647
14855,5.035837064212928
14856,4.282449951735217
14857,5.382437043498506
14858,5.252203419649399
14859,5.252203419649399
14860,5.252203419649399
14861,5.252203419649399
14862,5.252203419649399
14863,3.3630142584591325
14864,3.7873153271736104
14865,3.248278817194933
14866,3.0494604469777924
14867,3.7729776218236517
14868,4.058131529826337
14869,3.4703760180727525
14870,4.518714084501639
14871,3.586569138863311
14872,4.2177293648477345
14873,3.69728494502476
14874,3.7873153271736104
14875,3.7873153271736104
14876,3.7873153271736104
14877,3.7873153271736104
14878,3.7873153271736104
14879,3.484892495610139
14880,4.511287994922288
14881,4.511245967561967
14882,4.5884855970827445
14883,4.511080894845635
14884,5.033954358891436
14885,3.847257434650259
14886,3.8059572901230454
14887,4.215840850418226
14888,7.221033128520197
14889,4.567177955045757
14890,4.511287994922288
14891,4.511287994922288
14892,4.511287994922288
14893,4.511287994922288
14894,4.511287994922288
14895,4.903437105239003
14896,2.149103018477795
14897,2.139267321675609
14898,2.148377014114993
14899,2.1491542178302616
14900,2.082079763369563
14901,2.871933435156529
14902,2.846042945793366
14903,2.080117599241495
14904,1.45014994843243
14905,2.0989624870333663
14906,2.149103018477795
14907,2.149103018477795
14908,2.149103018477795
14909,2.149103018477795
14910,2.149103018477795
14911,2.257741797244951
14912,2.326508698984573
14913,2.306926687678971
14914,2.3193541861760223
14915,2.326381768187586
14916,2.307900643777159
14917,2.326254683106225
14918,2.038694931230238
14919,2.842865123124832
14920,2.508440695951931
14921,2.3646991505819557
14922,2.326508698984573
14923,2.326508698984573
14924,2.326508698984573
14925,2.326508698984573
14926,2.326508698984573
14927,2.675298974264937
14928,5.130892092681034
14929,5.0988196503772985
14930,4.879472274686233
14931,5.1335026122193295
14932,5.70087785536932
14933,5.195930607627939
14934,5.490251180438157
14935,4.698112619336598
14936,4.8351703975182305
14937,5.045340729105515
14938,5.130892092681034
14939,5.130892092681034
14940,5.130892092681034
14941,5.130892092681034
14942,5.130892092681034
14943,4.9607245602481855
14944,5.118603805775699
14945,5.470345278193529
14946,5.042956310489226
14947,5.115948724531798
14948,4.6974448741876325
14949,5.38464307257671
14950,3.8338394976119914
14951,4.904457632330158
14952,5.79345496654644
14953,5.373074546307057
14954,5.118603805775699
14955,5.118603805775699
14956,5.118603805775699
14957,5.118603805775699
14958,5.118603805775699
14959,4.249127507433911
14960,3.1215473994422847
14961,3.1207482340676034
14962,2.7676953125762926
14963,3.126016513979056
14964,2.9287576810870894
14965,3.03886937091811
14966,4.077471584971033
14967,3.871405001106088
14968,2.529145160304429
14969,3.017573273707177
14970,3.1215473994422847
14971,3.1215473994422847
14972,3.1215473994422847
14973,3.1215473994422847
14974,3.1215473994422847
14975,3.232897153655484
14976,2.6185823193783038
14977,2.5979177190101965
14978,2.541829965974437
14979,2.619003842360039
14980,2.002082424034846
14981,2.33985016214825
14982,3.160889935526471
14983,3.40151619837872
14984,3.5331826109802957
14985,2.626599231950463
14986,2.6185823193783038
14987,2.6185823193783038
14988,2.6185823193783038
14989,2.6185823193783038
14990,2.6185823193783038
14991,3.5614276933736786
14992,3.8740483408202424
14993,3.5678386912298077
14994,3.8319537511181414
14995,3.8790065765114132
14996,5.549962684113797
14997,4.607130133509557
14998,3.4258718048540677
14999,3.727946219168657
15000,3.11662571364466
15001,3.82888801561294
15002,3.8740483408202424
15003,3.8740483408202424
15004,3.8740483408202424
15005,3.8740483408202424
15006,3.8740483408202424
15007,4.011911123851731
15008,4.460116363825266
15009,4.468094329993195
15010,4.523359326428592
15011,4.460088179677857
15012,3.858812744467458
15013,5.299257469237825
15014,3.3323505310149883
15015,3.9310443662428347
15016,3.647551643309753
15017,4.675091524058264
15018,4.460116363825266
15019,4.460116363825266
15020,4.460116363825266
15021,4.460116363825266
15022,4.460116363825266
15023,2.5482031566602172
15024,3.140857857176714
15025,3.6850298349614774
15026,3.0533432008369443
15027,3.1391769775075984
15028,3.2006212802713345
15029,2.3823232280167708
15030,4.254826337638549
15031,3.6389505975437886
15032,3.961506168524596
15033,3.008006048947005
15034,3.140857857176714
15035,3.140857857176714
15036,3.140857857176714
15037,3.140857857176714
15038,3.140857857176714
15039,5.022010177110027
15040,4.08469461420589
15041,4.478743907033887
15042,4.877721977265788
15043,4.084677661133874
15044,4.816141637117049
15045,3.7035075118183785
15046,4.235243457110809
15047,3.805014148500183
15048,3.8210166374863364
15049,4.252808214988658
15050,4.08469461420589
15051,4.08469461420589
15052,4.08469461420589
15053,4.08469461420589
15054,4.08469461420589
15055,6.164103636809383
15056,4.044446162916804
15057,3.7508185137896484
15058,3.6812328905192473
15059,4.045307741597192
15060,3.040058526492018
15061,4.260967144632604
15062,3.6317474472235802
15063,3.7613066233363246
15064,4.157030913222346
15065,3.8797770209886018
15066,4.044446162916804
15067,4.044446162916804
15068,4.044446162916804
15069,4.044446162916804
15070,4.044446162916804
15071,2.38967793844969
15072,2.9810828241829523
15073,2.90359683281981
15074,3.3868249466634692
15075,2.9824475227992204
15076,4.288513002772892
15077,2.6776482479448944
15078,2.3060605930106983
15079,2.709364323373715
15080,3.207326136630132
15081,2.957128916448365
15082,2.9810828241829523
15083,2.9810828241829523
15084,2.9810828241829523
15085,2.9810828241829523
15086,2.9810828241829523
15087,2.786297858635345
15088,4.353583228020168
15089,4.61503507943028
15090,4.352678448524725
15091,4.3528875178424915
15092,3.4271181159563233
15093,4.945698962584346
15094,5.176284686112821
15095,4.101081823942584
15096,4.579628619962244
15097,4.4169426099232885
15098,4.353583228020168
15099,4.353583228020168
15100,4.353583228020168
15101,4.353583228020168
15102,4.353583228020168
15103,4.744479944639549
15104,2.6849229972328525
15105,2.64970516226773
15106,2.4938095072647566
15107,2.6844531832827996
15108,2.7854991212310924
15109,2.685455515069986
15110,1.7768968350271694
15111,2.7353751686770473
15112,3.4979540351554195
15113,2.700382222306559
15114,2.6849229972328525
15115,2.6849229972328525
15116,2.6849229972328525
15117,2.6849229972328525
15118,2.6849229972328525
15119,2.677772387973292
15120,7.787164167772422
15121,6.878758867668221
15122,6.8902944249633995
15123,7.794112945147136
15124,6.852271449430889
15125,8.095318181591344
15126,11.2983179485518
15127,7.80934830551049
15128,4.589337345097356
15129,7.784982929251384
15130,7.787164167772422
15131,7.787164167772422
15132,7.787164167772422
15133,7.787164167772422
15134,7.787164167772422
15135,5.326519736333564
15136,3.2636190243669283
15137,3.4455711238521425
15138,3.3619312322154777
15139,3.2640649796212142
15140,3.2540895163850725
15141,3.125367406917777
15142,3.101250419086442
15143,3.2675727466517626
15144,2.7383724909820777
15145,3.107039326383837
15146,3.2636190243669283
15147,3.2636190243669283
15148,3.2636190243669283
15149,3.2636190243669283
15150,3.2636190243669283
15151,2.6311303495475564
15152,3.786635587367295
15153,3.625367669800076
15154,3.41757411727303
15155,3.780379790313412
15156,4.403157120730005
15157,4.042170665258662
15158,3.4643045443940284
15159,3.8646243786058108
15160,4.707951161710171
15161,3.982028953842007
15162,3.786635587367295
15163,3.786635587367295
15164,3.786635587367295
15165,3.786635587367295
15166,3.786635587367295
15167,5.040995305736726
15168,4.070100022772798
15169,4.072372821145943
15170,4.092103451294348
15171,4.070616545036769
15172,4.2698592136335884
15173,4.368421192274474
15174,2.8444260160871315
15175,3.6015621735956733
15176,4.880802032521726
15177,3.9046234148993406
15178,4.070100022772798
15179,4.070100022772798
15180,4.070100022772798
15181,4.070100022772798
15182,4.070100022772798
15183,3.276349141501201
15184,2.4119024501067186
15185,2.7193566108356833
15186,2.146946117436333
15187,2.4146707516081456
15188,2.754988469536846
15189,2.2663537262459545
15190,3.453749439864126
15191,2.6577977181071235
15192,1.990473291394587
15193,2.496081894323028
15194,2.4119024501067186
15195,2.4119024501067186
15196,2.4119024501067186
15197,2.4119024501067186
15198,2.4119024501067186
15199,3.345056448657473
15200,2.9645420815188213
15201,2.9218100497934123
15202,2.9747702937743274
15203,2.964545694352119
15204,2.596148147443976
15205,2.497204978781724
15206,3.007602684037263
15207,3.371529501165967
15208,3.1504062507972197
15209,2.9627154604975927
15210,2.9645420815188213
15211,2.9645420815188213
15212,2.9645420815188213
15213,2.9645420815188213
15214,2.9645420815188213
15215,2.6928180050676658
15216,3.7898601522243864
15217,3.817954313257113
15218,3.9573198886847067
15219,3.7898564299065516
15220,4.019267266312477
15221,4.739454823812523
15222,4.113337925886413
15223,3.4697127075881213
15224,3.2338532781056903
15225,3.7860641595710898
15226,3.7898601522243864
15227,3.7898601522243864
15228,3.7898601522243864
15229,3.7898601522243864
15230,3.7898601522243864
15231,4.6449261896848215
15232,3.303357749564652
15233,3.4829596271522396
15234,3.306623723265328
15235,3.3031434947413376
15236,5.208594930251442
15237,3.0272839309060227
15238,2.9982804302688515
15239,3.0657269155070526
15240,2.650198885054624
15241,3.216828719510354
15242,3.303357749564652
15243,3.303357749564652
15244,3.303357749564652
15245,3.303357749564652
15246,3.303357749564652
15247,3.23090362382133
15248,3.7607320653829523
15249,3.19760697174882
15250,3.0676344379612734
15251,3.7572296495766198
15252,2.6988983214989184
15253,4.062701220756062
15254,4.162521886086606
15255,4.397612126948707
15256,5.101078968279519
15257,3.89878351463078
15258,3.7607320653829523
15259,3.7607320653829523
15260,3.7607320653829523
15261,3.7607320653829523
15262,3.7607320653829523
15263,3.997589486238412
15264,1.8824478421043105
15265,1.8903237327551057
15266,1.9019228747819938
15267,1.882524727301947
15268,2.190271010808535
15269,1.8236176128386514
15270,1.7044340700195462
15271,2.003744538190034
15272,2.2861587822969356
15273,1.864401757932322
15274,1.8824478421043105
15275,1.8824478421043105
15276,1.8824478421043105
15277,1.8824478421043105
15278,1.8824478421043105
15279,2.512796032183648
15280,7.895302391367979
15281,8.128276736278659
15282,8.171768715297912
15283,7.900691576419434
15284,6.111513545440116
15285,8.109885816097277
15286,7.79986401317477
15287,6.664135493694928
15288,6.206405119940584
15289,7.9693486305011785
15290,7.895302391367979
15291,7.895302391367979
15292,7.895302391367979
15293,7.895302391367979
15294,7.895302391367979
15295,4.478116918229417
15296,2.923591087180531
15297,2.9124618589891673
15298,3.357034769846908
15299,2.9219845821955293
15300,2.2977794893791295
15301,2.7818098292497515
15302,2.4858434587683953
15303,2.9162713727261136
15304,2.937121521948222
15305,2.8227150923648026
15306,2.923591087180531
15307,2.923591087180531
15308,2.923591087180531
15309,2.923591087180531
15310,2.923591087180531
15311,1.993438737174493
15312,5.056295852375433
15313,5.049662355909774
15314,5.091179842537578
15315,5.0552131655224315
15316,5.764645820508644
15317,5.9531133139709365
15318,5.918521553931269
15319,4.901580868099892
15320,4.719642306125951
15321,5.139102959649287
15322,5.056295852375433
15323,5.056295852375433
15324,5.056295852375433
15325,5.056295852375433
15326,5.056295852375433
15327,7.254269903969657
15328,2.9181650640906573
15329,2.7902698007445577
15330,3.2588383632042577
15331,2.91862504657726
15332,2.366020696979126
15333,3.3204662826708327
15334,3.262028166531277
15335,2.844310591533571
15336,3.051387667132976
15337,2.8420456029630645
15338,2.9181650640906573
15339,2.9181650640906573
15340,2.9181650640906573
15341,2.9181650640906573
15342,2.9181650640906573
15343,2.792346497335278
15344,3.7116938925947114
15345,4.962164658693433
15346,3.64278276986305
15347,3.712070496073461
15348,5.212138206701602
15349,3.2243665361214213
15350,3.897648064309747
15351,3.6854519056002157
15352,3.920608789677031
15353,3.855153404955786
15354,3.7116938925947114
15355,3.7116938925947114
15356,3.7116938925947114
15357,3.7116938925947114
15358,3.7116938925947114
15359,5.815551918548931
15360,3.5551775442137266
15361,3.5588839338657015
15362,3.685914441583228
15363,3.554927830639558
15364,3.989387272866632
15365,3.5948371550337974
15366,3.1673333824192547
15367,3.3654990765954573
15368,3.3571091916296494
15369,3.6602973912524046
15370,3.5551775442137266
15371,3.5551775442137266
15372,3.5551775442137266
15373,3.5551775442137266
15374,3.5551775442137266
15375,3.419943167920746
15376,3.990279846096936
15377,3.862822247919604
15378,3.9802605584433723
15379,3.9944692562643365
15380,4.019872418023371
15381,3.9379803073439605
15382,4.716292911022381
15383,4.850749248945146
15384,4.436684512689984
15385,3.8853883806530516
15386,3.990279846096936
15387,3.990279846096936
15388,3.990279846096936
15389,3.990279846096936
15390,3.990279846096936
15391,5.947613307465999
15392,4.457352858169382
15393,4.4647907445736275
15394,4.4137015930168895
15395,4.456695423581933
15396,3.7457508436641818
15397,4.674605030179585
15398,4.739160921584897
15399,3.214508811565993
15400,3.612960493065705
15401,4.430370769646325
15402,4.457352858169382
15403,4.457352858169382
15404,4.457352858169382
15405,4.457352858169382
15406,4.457352858169382
15407,2.43129017301912
15408,2.893611195554733
15409,2.873403897944588
15410,2.860695035326473
15411,2.8895136300808386
15412,3.0939974943957287
15413,2.7221120322714967
15414,2.846650331516472
15415,4.5564927726398485
15416,3.1780696900346195
15417,2.927295123117339
15418,2.893611195554733
15419,2.893611195554733
15420,2.893611195554733
15421,2.893611195554733
15422,2.893611195554733
15423,4.924108985363849
15424,6.610247045144322
15425,6.6096186267818
15426,6.467751024419619
15427,6.612476023412673
15428,6.271519021500559
15429,5.5251922731599725
15430,5.880321465994844
15431,4.591385503931102
15432,4.420566780636487
15433,6.466017590168192
15434,6.610247045144322
15435,6.610247045144322
15436,6.610247045144322
15437,6.610247045144322
15438,6.610247045144322
15439,2.133438429279492
15440,2.583037679694963
15441,2.5525907711293354
15442,2.5709198581995407
15443,2.5840884734269385
15444,2.4233510890907097
15445,3.317496010618588
15446,2.736441075585572
15447,3.028309056366575
15448,3.582874011034664
15449,2.6601143062604478
15450,2.583037679694963
15451,2.583037679694963
15452,2.583037679694963
15453,2.583037679694963
15454,2.583037679694963
15455,5.363097100235286
15456,2.6377572914392147
15457,2.658393491065373
15458,2.934380382955161
15459,2.6376663680658408
15460,2.616012743582697
15461,2.7760807866705766
15462,2.431172884018254
15463,2.0258602996362463
15464,2.831096838217984
15465,2.6956384555943926
15466,2.6377572914392147
15467,2.6377572914392147
15468,2.6377572914392147
15469,2.6377572914392147
15470,2.6377572914392147
15471,2.467936647097375
15472,4.234640894498065
15473,4.185102247875785
15474,4.2407384763985885
15475,4.235018899087402
15476,4.854538633475425
15477,4.014065483632711
15478,4.144652698660517
15479,5.457874062294328
15480,3.964587239576362
15481,4.085432692879635
15482,4.234640894498065
15483,4.234640894498065
15484,4.234640894498065
15485,4.234640894498065
15486,4.234640894498065
15487,5.3609857006738135
15488,6.721951702482505
15489,6.695879343291622
15490,6.51353090566282
15491,6.72425126392264
15492,5.444282193557372
15493,6.230683842269827
15494,4.984349413055589
15495,4.877678804173649
15496,6.884746023471286
15497,6.740240326525872
15498,6.721951702482505
15499,6.721951702482505
15500,6.721951702482505
15501,6.721951702482505
15502,6.721951702482505
15503,2.780893631756989
15504,2.118872747044103
15505,1.957963098448114
15506,2.0068920208796457
15507,2.1172569178610035
15508,2.3750830639382534
15509,2.338133057909362
15510,3.1102411675138426
15511,2.5741579245455735
15512,2.016448063255142
15513,2.1291474874305614
15514,2.118872747044103
15515,2.118872747044103
15516,2.118872747044103
15517,2.118872747044103
15518,2.118872747044103
15519,4.033422658331958
15520,4.2259946733100895
15521,4.126223000287687
15522,4.962127695421502
15523,4.224838039064273
15524,3.1025599247004414
15525,3.548622795747715
15526,4.333230273412462
15527,2.979073271238612
15528,4.365880852602311
15529,4.258180416252592
15530,4.2259946733100895
15531,4.2259946733100895
15532,4.2259946733100895
15533,4.2259946733100895
15534,4.2259946733100895
15535,2.0640694834648277
15536,2.9622397549243695
15537,3.70204508154665
15538,2.8942669961055163
15539,2.965178092130049
15540,4.550233647073577
15541,3.3554715790515672
15542,3.119614534776857
15543,3.4480742837987295
15544,3.090744775557617
15545,2.9406961046354176
15546,2.9622397549243695
15547,2.9622397549243695
15548,2.9622397549243695
15549,2.9622397549243695
15550,2.9622397549243695
15551,6.3353692163635165
15552,2.7441948732696884
15553,2.8001692709726482
15554,2.7843068207819677
15555,2.7434879602617537
15556,4.362542269297907
15557,3.0739707421264155
15558,1.8207584842985347
15559,2.5769255916027087
15560,3.772979245326504
15561,2.810866905130343
15562,2.7441948732696884
15563,2.7441948732696884
15564,2.7441948732696884
15565,2.7441948732696884
15566,2.7441948732696884
15567,4.498841811423565
15568,4.206575712442288
15569,3.8599656891895635
15570,4.497663957772712
15571,4.202526748781044
15572,3.0801083476975113
15573,3.470995508122664
15574,5.929554842217754
15575,5.04108078776361
15576,3.3187476925715256
15577,4.090742827965713
15578,4.206575712442288
15579,4.206575712442288
15580,4.206575712442288
15581,4.206575712442288
15582,4.206575712442288
15583,3.2065054280939083
15584,4.845868340513716
15585,4.713209707050008
15586,5.055688543575058
15587,4.8460805011964725
15588,6.135693871092111
15589,4.215018278743072
15590,4.8967217544691675
15591,3.4454311478864104
15592,3.4683033230448244
15593,4.850499887919524
15594,4.845868340513716
15595,4.845868340513716
15596,4.845868340513716
15597,4.845868340513716
15598,4.845868340513716
15599,2.629652092930995
15600,2.892505480417547
15601,2.9484196696738283
15602,2.8923293834833372
15603,2.892480263157695
15604,2.113335050624805
15605,3.245691953827389
15606,2.7498792027568877
15607,4.572470073370469
15608,3.8267544793489523
15609,2.8747590762345836
15610,2.892505480417547
15611,2.892505480417547
15612,2.892505480417547
15613,2.892505480417547
15614,2.892505480417547
15615,4.868284366878574
15616,3.3403764509667355
15617,3.338171731986062
15618,3.3249953823132907
15619,3.3401290187689345
15620,2.9461182588823545
15621,2.7268971121659127
15622,3.535155197879724
15623,3.8224945420412277
15624,2.8364908778243794
15625,3.3471552459171607
15626,3.3403764509667355
15627,3.3403764509667355
15628,3.3403764509667355
15629,3.3403764509667355
15630,3.3403764509667355
15631,2.4492486820978887
15632,3.4724341524238302
15633,3.258354423205208
15634,4.432979319294231
15635,3.465716600617202
15636,4.2746655328478385
15637,4.512869151709728
15638,3.0621422340667386
15639,3.0850775483172126
15640,4.351251668544903
15641,3.4565192265349345
15642,3.4724341524238302
15643,3.4724341524238302
15644,3.4724341524238302
15645,3.4724341524238302
15646,3.4724341524238302
15647,6.216791029191186
15648,2.547729882392501
15649,2.751853867854783
15650,2.5453423916119537
15651,2.5477315241642495
15652,2.4833701350313118
15653,2.948218126967059
15654,2.0702041605595913
15655,3.696127151295577
15656,2.204920932825943
15657,2.4978220979023913
15658,2.547729882392501
15659,2.547729882392501
15660,2.547729882392501
15661,2.547729882392501
15662,2.547729882392501
15663,3.142034881363597
15664,5.5286294587662885
15665,5.4015328514495895
15666,5.236331524670885
15667,5.530935590007482
15668,5.0207188604214545
15669,4.8563215383616045
15670,6.664938228349564
15671,3.8364912034171392
15672,5.804103324530506
15673,5.621847552467959
15674,5.5286294587662885
15675,5.5286294587662885
15676,5.5286294587662885
15677,5.5286294587662885
15678,5.5286294587662885
15679,3.7276875877089646
15680,2.6665040403587
15681,2.666165788604088
15682,2.6607862554564066
15683,2.6664474161474225
15684,2.4776256242422128
15685,2.7614300511929155
15686,3.494099732372262
15687,3.393936850857543
15688,2.8661407405082504
15689,2.6360782040104302
15690,2.6665040403587
15691,2.6665040403587
15692,2.6665040403587
15693,2.6665040403587
15694,2.6665040403587
15695,4.505978989558703
15696,5.629789881090284
15697,5.872282351128933
15698,4.776356838506982
15699,5.631580500599798
15700,5.340376814830242
15701,5.648057800425377
15702,5.20261372058389
15703,4.12620196793675
15704,4.791398395579211
15705,5.742978375863285
15706,5.629789881090284
15707,5.629789881090284
15708,5.629789881090284
15709,5.629789881090284
15710,5.629789881090284
15711,2.725357921845291
15712,3.9314953458638158
15713,3.876694122121465
15714,4.40386275998519
15715,3.9309613236892913
15716,4.234072613123726
15717,3.8666848297923764
15718,2.9088762146284033
15719,5.486850687708522
15720,2.835625316669382
15721,3.889944493123295
15722,3.9314953458638158
15723,3.9314953458638158
15724,3.9314953458638158
15725,3.9314953458638158
15726,3.9314953458638158
15727,3.045173758981516
15728,2.6173066480626956
15729,2.6337196635826436
15730,2.6948443562776974
15731,2.6181565878366886
15732,2.76716971880524
15733,2.757225644363575
15734,3.3775740850743943
15735,2.1487770153559285
15736,3.7290522715664074
15737,2.633153578435962
15738,2.6173066480626956
15739,2.6173066480626956
15740,2.6173066480626956
15741,2.6173066480626956
15742,2.6173066480626956
15743,4.431869419777515
15744,2.290966569062335
15745,2.325712882487259
15746,2.2229316353598345
15747,2.291367006120794
15748,2.5846703741696695
15749,2.5355933350297932
15750,1.9352048641022472
15751,3.008595209750153
15752,2.1779683660443805
15753,2.1931963658466103
15754,2.290966569062335
15755,2.290966569062335
15756,2.290966569062335
15757,2.290966569062335
15758,2.290966569062335
15759,3.1823996325003487
15760,8.669351685127323
15761,7.5543439654742945
15762,7.588515331917365
15763,8.688062790878904
15764,6.774149250224449
15765,6.947756290331086
15766,8.729665300271353
15767,6.621600039830567
15768,9.023541212110564
15769,8.930170850444451
15770,8.669351685127323
15771,8.669351685127323
15772,8.669351685127323
15773,8.669351685127323
15774,8.669351685127323
15775,4.006056477655096
15776,3.934058807951128
15777,3.9260017141432137
15778,4.532898015028179
15779,3.9341365381060793
15780,6.293332414451663
15781,3.2963855883721567
15782,3.032023869340217
15783,4.910442028400298
15784,4.139101943859657
15785,4.011336867257472
15786,3.934058807951128
15787,3.934058807951128
15788,3.934058807951128
15789,3.934058807951128
15790,3.934058807951128
15791,5.571028847028726
15792,2.8945568516103783
15793,2.946536539352682
15794,3.056042930249178
15795,2.8946721595885836
15796,2.0236462649085096
15797,3.6216990107628555
15798,3.795905779129466
15799,2.1806512854855504
15800,2.980724231161102
15801,2.8503062016259637
15802,2.8945568516103783
15803,2.8945568516103783
15804,2.8945568516103783
15805,2.8945568516103783
15806,2.8945568516103783
15807,2.6072037310547946
15808,3.40616743145036
15809,3.412250249684867
15810,3.4006189355168788
15811,3.406179048390375
15812,2.7960592147296217
15813,3.166248391507783
15814,3.026655839532341
15815,3.8458032682262133
15816,2.7729124602956734
15817,3.499069275564472
15818,3.40616743145036
15819,3.40616743145036
15820,3.40616743145036
15821,3.40616743145036
15822,3.40616743145036
15823,2.1768060378528964
15824,2.6281771362693975
15825,2.5688116580540985
15826,2.869557594612347
15827,2.6281132196760284
15828,3.5844884443565244
15829,2.948336820256835
15830,3.1365969135886274
15831,2.3199944597290387
15832,3.6804795343688075
15833,2.6030658014371415
15834,2.6281771362693975
15835,2.6281771362693975
15836,2.6281771362693975
15837,2.6281771362693975
15838,2.6281771362693975
15839,6.2801160663593665
15840,4.553187641357321
15841,3.9130844159424365
15842,4.526170232750202
15843,4.560435859413345
15844,3.4708085997818374
15845,4.194284714304387
15846,3.722431352775071
15847,6.64500416688902
15848,6.047141264785699
15849,4.450461200576499
15850,4.553187641357321
15851,4.553187641357321
15852,4.553187641357321
15853,4.553187641357321
15854,4.553187641357321
15855,4.259094805259683
15856,3.5629860728076554
15857,4.5865007339663295
15858,3.2229905524107667
15859,3.559606668008717
15860,4.082311154164235
15861,3.715030742652387
15862,4.448771418343363
15863,2.4356880521019275
15864,2.5344361024013926
15865,3.6304882409264922
15866,3.5629860728076554
15867,3.5629860728076554
15868,3.5629860728076554
15869,3.5629860728076554
15870,3.5629860728076554
15871,2.674052345285244
15872,2.056532575546871
15873,2.045665577439147
15874,2.0541928152895936
15875,2.0568831447877485
15876,3.1223217747293495
15877,2.293196186089296
15878,2.623491824856173
15879,2.1874493137994646
15880,2.4113029218022053
15881,2.0212589255899576
15882,2.056532575546871
15883,2.056532575546871
15884,2.056532575546871
15885,2.056532575546871
15886,2.056532575546871
15887,5.497860565972049
15888,6.032596505383117
15889,4.858327245786903
15890,7.005827551172409
15891,6.0482167371768
15892,4.252553469941211
15893,5.370974481634157
15894,4.477874615788368
15895,6.831969419344306
15896,4.933467320290467
15897,6.176744761180411
15898,6.032596505383117
15899,6.032596505383117
15900,6.032596505383117
15901,6.032596505383117
15902,6.032596505383117
15903,2.3264589606824657
15904,2.4572449861191727
15905,2.5203984184469097
15906,2.457749430683631
15907,2.4571743188767536
15908,2.6352879728870957
15909,2.638767759378333
15910,2.564174665441199
15911,2.536214704766008
15912,2.8752106027367565
15913,2.521045814863012
15914,2.4572449861191727
15915,2.4572449861191727
15916,2.4572449861191727
15917,2.4572449861191727
15918,2.4572449861191727
15919,3.6329209518740164
15920,7.549748483358237
15921,8.693614704370695
15922,6.208559978890389
15923,7.544735036241379
15924,6.061417889968865
15925,6.853689369033689
15926,6.638397776149767
15927,7.624274136648771
15928,6.896311039326738
15929,7.235199758440844
15930,7.549748483358237
15931,7.549748483358237
15932,7.549748483358237
15933,7.549748483358237
15934,7.549748483358237
15935,3.8565195736301807
15936,2.907974703663832
15937,3.205765354868895
15938,2.898533779960272
15939,2.9080358626452774
15940,2.288897010876435
15941,2.4325771164450463
15942,3.7113656034014078
15943,2.4371781257592087
15944,4.584126841225191
15945,2.9945161033655174
15946,2.907974703663832
15947,2.907974703663832
15948,2.907974703663832
15949,2.907974703663832
15950,2.907974703663832
15951,3.7797808928432444
15952,5.306040451264756
15953,4.849031116090609
15954,4.813062474151638
15955,5.306734722658302
15956,5.765701909218569
15957,6.712776641800073
15958,4.4954235617590275
15959,5.749843457923537
15960,3.715265199968878
15961,5.134978446136068
15962,5.306040451264756
15963,5.306040451264756
15964,5.306040451264756
15965,5.306040451264756
15966,5.306040451264756
15967,3.9308946304630106
15968,3.4743373710957655
15969,3.467948849841961
15970,3.9669594466119813
15971,3.4744105722866925
15972,2.8895331865380958
15973,4.024850331682323
15974,4.049259613132391
15975,3.704092645803417
15976,2.866533048977126
15977,3.4664583878121578
15978,3.4743373710957655
15979,3.4743373710957655
15980,3.4743373710957655
15981,3.4743373710957655
15982,3.4743373710957655
15983,3.582324495013026
15984,3.2220711910157296
15985,3.407492781898037
15986,3.3621376365742286
15987,3.221814086741819
15988,4.248065635972325
15989,2.817034503577666
15990,2.7802690764365963
15991,2.5404194674503238
15992,3.7167156465943965
15993,3.261278621681193
15994,3.2220711910157296
15995,3.2220711910157296
15996,3.2220711910157296
15997,3.2220711910157296
15998,3.2220711910157296
15999,3.0524820586004546
16000,2.4020162418702586
16001,2.4023006570283103
16002,2.3753628455275955
16003,2.4014226008943447
16004,2.4120321691804443
16005,2.3669486160794624
16006,2.875208801284736
16007,2.016024605338159
16008,2.598916079559577
16009,2.443437529912884
16010,2.4020162418702586
16011,2.4020162418702586
16012,2.4020162418702586
16013,2.4020162418702586
16014,2.4020162418702586
16015,2.525670793848056
16016,8.993402294107646
16017,8.855935780009307
16018,6.897397252438748
16019,8.968037888527652
16020,7.808667304331022
16021,9.155526332689194
16022,7.173297745841977
16023,9.872273733496478
16024,8.635512001746957
16025,8.801247038737923
16026,8.993402294107646
16027,8.993402294107646
16028,8.993402294107646
16029,8.993402294107646
16030,8.993402294107646
16031,4.970127989481541
16032,3.827808735644278
16033,3.8148591916454317
16034,4.239661469548792
16035,3.828064941326079
16036,3.441952935697423
16037,3.8097496312368073
16038,3.4567384466405353
16039,4.095827023699981
16040,3.493975684400033
16041,3.8124842288075103
16042,3.827808735644278
16043,3.827808735644278
16044,3.827808735644278
16045,3.827808735644278
16046,3.827808735644278
16047,3.259287619535712
16048,3.2972315701123924
16049,3.301829293683314
16050,3.430738120646483
16051,3.2976343060776485
16052,3.934504609829641
16053,3.254306487613857
16054,3.5537187958007133
16055,2.6321694156327253
16056,3.2000303111396353
16057,3.299815062063604
16058,3.2972315701123924
16059,3.2972315701123924
16060,3.2972315701123924
16061,3.2972315701123924
16062,3.2972315701123924
16063,3.3794419830850786
16064,2.999870168835634
16065,2.9992473455988202
16066,2.961443457702004
16067,3.0003813376212305
16068,3.1421755828660594
16069,3.855799539981594
16070,4.00120082882904
16071,3.079611277579144
16072,2.4233183188943093
16073,3.0003911228603326
16074,2.999870168835634
16075,2.999870168835634
16076,2.999870168835634
16077,2.999870168835634
16078,2.999870168835634
16079,4.1139531563737854
16080,3.684674674520711
16081,3.7066646442776032
16082,4.546262443892185
16083,3.684353341073842
16084,3.96755134466278
16085,2.7106331881183814
16086,2.8878526662229684
16087,3.9677685088095815
16088,4.506902250473654
16089,3.6901231191244084
16090,3.684674674520711
16091,3.684674674520711
16092,3.684674674520711
16093,3.684674674520711
16094,3.684674674520711
16095,3.5594537346923727
16096,4.4131183653982085
16097,4.398049604621031
16098,4.444384697976144
16099,4.4086598831490145
16100,3.931380478908332
16101,3.976533235428321
16102,3.9094516984452925
16103,4.951657093842658
16104,5.495423237909418
16105,4.4581801868153415
16106,4.4131183653982085
16107,4.4131183653982085
16108,4.4131183653982085
16109,4.4131183653982085
16110,4.4131183653982085
16111,4.426903967569345
16112,2.752394922905728
16113,2.7621310106526438
16114,2.6853627550636827
16115,2.7534288069553288
16116,2.711095673478212
16117,2.9098333389057505
16118,3.470163230857763
16119,3.046882362344849
16120,2.229708530837218
16121,2.741419300167256
16122,2.752394922905728
16123,2.752394922905728
16124,2.752394922905728
16125,2.752394922905728
16126,2.752394922905728
16127,3.1531504372787347
16128,4.043281863006449
16129,4.230197317860683
16130,4.101564679466382
16131,4.04351241817782
16132,3.103220184962085
16133,3.616031077228178
16134,4.148141619952793
16135,4.087275998088394
16136,4.429355778478624
16137,3.9913966895971376
16138,4.043281863006449
16139,4.043281863006449
16140,4.043281863006449
16141,4.043281863006449
16142,4.043281863006449
16143,3.1884499454309236
16144,2.7448256092356456
16145,2.2669686671757696
16146,2.9687435995508387
16147,2.7440134709418778
16148,4.030840935387844
16149,3.2276989703772405
16150,2.705535490690753
16151,2.8155329218506986
16152,2.4946822040311294
16153,2.7852597158506143
16154,2.7448256092356456
16155,2.7448256092356456
16156,2.7448256092356456
16157,2.7448256092356456
16158,2.7448256092356456
16159,3.720287022007697
16160,3.1857905043725157
16161,3.2014189987017616
16162,3.1405637203285273
16163,3.1859874677458464
16164,2.631838614904616
16165,3.797766241635661
16166,4.850862664297984
16167,3.070130434787741
16168,3.8093081417620724
16169,3.1706907378827696
16170,3.1857905043725157
16171,3.1857905043725157
16172,3.1857905043725157
16173,3.1857905043725157
16174,3.1857905043725157
16175,5.405901510671598
16176,3.3890544978096377
16177,3.4360530734687873
16178,3.409360014013782
16179,3.390836332197726
16180,3.715103384868906
16181,3.022168722843412
16182,2.597732778049301
16183,3.219631872086008
16184,3.117066352731066
16185,3.4132880974102706
16186,3.3890544978096377
16187,3.3890544978096377
16188,3.3890544978096377
16189,3.3890544978096377
16190,3.3890544978096377
16191,2.270420971673394
16192,4.0569392335392145
16193,4.07816517505091
16194,4.014831147518886
16195,4.055992931355636
16196,4.966561346926398
16197,4.28485693777888
16198,3.952833823401721
16199,4.607964493957491
16200,3.755998297426255
16201,4.113832169408292
16202,4.0569392335392145
16203,4.0569392335392145
16204,4.0569392335392145
16205,4.0569392335392145
16206,4.0569392335392145
16207,5.637972177727895
16208,3.4113428923368363
16209,3.3069703035995213
16210,3.321221597744053
16211,3.4079710797831284
16212,2.5285544792710644
16213,3.3678698950139156
16214,3.5637021665048665
16215,3.0698560340907353
16216,4.23540315525442
16217,3.380824804953321
16218,3.4113428923368363
16219,3.4113428923368363
16220,3.4113428923368363
16221,3.4113428923368363
16222,3.4113428923368363
16223,2.77945233338274
16224,2.1647478443966395
16225,2.2754132894473984
16226,2.450881873203699
16227,2.164956501207016
16228,3.3010726838342164
16229,2.2827466995150267
16230,2.991567466335503
16231,1.8805706627717742
16232,3.27096496387168
16233,2.1331362587236997
16234,2.1647478443966395
16235,2.1647478443966395
16236,2.1647478443966395
16237,2.1647478443966395
16238,2.1647478443966395
16239,6.327793602987105
16240,6.426514452499865
16241,8.619701364240504
16242,5.773908596936579
16243,6.425142624111191
16244,4.875271363690741
16245,5.913703030842017
16246,4.148933374461002
16247,7.098530197760613
16248,3.9738609817269404
16249,6.483902251177164
16250,6.426514452499865
16251,6.426514452499865
16252,6.426514452499865
16253,6.426514452499865
16254,6.426514452499865
16255,1.9329772759968087
16256,5.948093688765847
16257,5.93162845024508
16258,5.647474001487414
16259,5.946937790094689
16260,4.9114011519852
16261,7.087207863179536
16262,5.785062393384612
16263,6.867909444155861
16264,5.8405899541433355
16265,6.060884989089159
16266,5.948093688765847
16267,5.948093688765847
16268,5.948093688765847
16269,5.948093688765847
16270,5.948093688765847
16271,6.382555417650705
16272,2.482101118820537
16273,2.3868360239111834
16274,2.4333780900353053
16275,2.4834701417174188
16276,2.7291096857313946
16277,1.9669605160599886
16278,2.575180144151404
16279,2.239025681896247
16280,2.7072732661787215
16281,2.459729378237268
16282,2.482101118820537
16283,2.482101118820537
16284,2.482101118820537
16285,2.482101118820537
16286,2.482101118820537
16287,2.13192421080962
16288,3.5645964957896266
16289,3.6005542323628363
16290,3.914872605773112
16291,3.564782429602895
16292,3.848006563909875
16293,3.336382367098508
16294,4.3127769566923675
16295,3.1210863455242706
16296,3.471473897611045
16297,3.4830682414088217
16298,3.5645964957896266
16299,3.5645964957896266
16300,3.5645964957896266
16301,3.5645964957896266
16302,3.5645964957896266
16303,4.060045935853833
16304,2.8172736683650967
16305,2.7697185515448943
16306,2.789088555305388
16307,2.8150038219188356
16308,3.0019892084917585
16309,3.057126054715258
16310,2.5618434281030895
16311,3.117938101205621
16312,2.6233009182119935
16313,2.8832705482753753
16314,2.8172736683650967
16315,2.8172736683650967
16316,2.8172736683650967
16317,2.8172736683650967
16318,2.8172736683650967
16319,3.076039981594312
16320,3.3704109622279423
16321,3.36043887809673
16322,3.459859962998453
16323,3.370385018248813
16324,3.503767920362641
16325,3.5047708782605693
16326,3.4099105393445712
16327,3.2433747796326706
16328,4.110005049115612
16329,3.221816938638165
16330,3.3704109622279423
16331,3.3704109622279423
16332,3.3704109622279423
16333,3.3704109622279423
16334,3.3704109622279423
16335,4.236938312815081
16336,3.624272292611185
16337,4.765826385794747
16338,3.756334877054699
16339,3.628581897003165
16340,4.007590758876572
16341,3.414891510920642
16342,3.5489396326539357
16343,3.5886971333213933
16344,2.7259123696926992
16345,3.7587058768117148
16346,3.624272292611185
16347,3.624272292611185
16348,3.624272292611185
16349,3.624272292611185
16350,3.624272292611185
16351,3.907932672174261
16352,4.042186128396834
16353,3.8190851679391806
16354,4.181129555015054
16355,4.042189021433076
16356,3.9494260193192745
16357,4.049185075181629
16358,4.10079912435917
16359,4.253833055309788
16360,3.347316614173643
16361,4.089289854212771
16362,4.042186128396834
16363,4.042186128396834
16364,4.042186128396834
16365,4.042186128396834
16366,4.042186128396834
16367,3.369202070089222
16368,3.5982131890220095
16369,3.6710638360108545
16370,3.5979585761185535
16371,3.598222747433867
16372,3.296258360160812
16373,3.541750417403817
16374,3.0747086251899822
16375,3.7025643985274623
16376,4.484558165811111
16377,3.5508540565572555
16378,3.5982131890220095
16379,3.5982131890220095
16380,3.5982131890220095
16381,3.5982131890220095
16382,3.5982131890220095
16383,3.580459901082506
