index,Y_raw
0,45.60097076469514
1,46.166618857828695
2,51.52400842140419
3,45.62791832896915
4,56.84662216414059
5,53.509109454207575
6,51.928585117875066
7,43.753372141372125
8,46.73660517382425
9,45.22878729996695
10,45.60097076469514
11,45.60097076469514
12,45.60097076469514
13,45.60097076469514
14,45.60097076469514
15,92.33205394020803
16,114.4074758749296
17,79.8384902078885
18,32.50380743945935
19,113.62165213501032
20,122.47641255609874
21,58.906927084540506
22,106.4560612109558
23,110.61439772334994
24,112.77911541686383
25,114.63703434268106
26,114.4074758749296
27,114.4074758749296
28,114.4074758749296
29,114.4074758749296
30,114.4074758749296
31,21.380707740851406
32,55.63322302848549
33,70.65425506349949
34,167.94999448518828
35,55.641487951722475
36,46.9907870442315
37,42.54590571432535
38,70.57686311650498
39,81.34351404183022
40,55.19758446210162
41,58.43450723824375
42,55.63322302848549
43,55.63322302848549
44,55.63322302848549
45,55.63322302848549
46,55.63322302848549
47,234.93322320634073
48,27.260428783677582
49,27.198345524446996
50,26.544173839097194
51,27.26050829564622
52,28.607211257131805
53,37.80649633622885
54,21.46986262601196
55,26.63436947239245
56,27.029000398386493
57,26.357089205741584
58,27.260428783677582
59,27.260428783677582
60,27.260428783677582
61,27.260428783677582
62,27.260428783677582
63,28.32809683034933
64,37.439129884528775
65,37.38289035466324
66,35.430004401843284
67,37.43321813132455
68,37.87644387784746
69,36.38430595337115
70,42.09948996032738
71,35.94677403043941
72,34.86289324456044
73,39.00284009016287
74,37.439129884528775
75,37.439129884528775
76,37.439129884528775
77,37.439129884528775
78,37.439129884528775
79,36.76806903705718
80,63.69468187960838
81,75.24763091574668
82,85.7462579570143
83,63.718935932445795
84,54.85351922649452
85,80.12373076244171
86,58.26131275551593
87,54.220102244421746
88,72.91453361523378
89,61.46574428227382
90,63.69468187960838
91,63.69468187960838
92,63.69468187960838
93,63.69468187960838
94,63.69468187960838
95,105.46208558983635
96,68.63704587535686
97,53.05361802381788
98,81.74722679845868
99,68.48254551759302
100,72.40652980555267
101,58.43571425114445
102,85.50138977386183
103,59.43488577594786
104,76.48790476852847
105,66.93627899480987
106,68.63704587535686
107,68.63704587535686
108,68.63704587535686
109,68.63704587535686
110,68.63704587535686
111,63.4522912424557
112,70.34440982558243
113,67.08547318558666
114,54.53670901235017
115,70.42964856313169
116,87.76358030079224
117,64.87143533184643
118,57.7140447262188
119,79.51307447191446
120,63.00697345018396
121,70.83344321498261
122,70.34440982558243
123,70.34440982558243
124,70.34440982558243
125,70.34440982558243
126,70.34440982558243
127,50.18454799390831
128,95.97559362829047
129,145.7830678734572
130,99.82418296657086
131,95.91129126003415
132,47.7472678854601
133,63.74619081848914
134,86.56511655833255
135,83.36865941945264
136,93.74870866084262
137,101.4188449109947
138,95.97559362829047
139,95.97559362829047
140,95.97559362829047
141,95.97559362829047
142,95.97559362829047
143,33.6212179288668
144,27.570501519697444
145,21.761555708562053
146,33.89864571936425
147,27.59279289414257
148,36.71959699000846
149,36.4086913296011
150,32.516112895544936
151,23.559869841502522
152,29.389433593155815
153,27.27368166748134
154,27.570501519697444
155,27.570501519697444
156,27.570501519697444
157,27.570501519697444
158,27.570501519697444
159,43.61230610620516
160,62.515037649500954
161,58.19458846536664
162,62.20426853755787
163,62.53817002269601
164,43.10092411040106
165,79.19233633602464
166,75.17978755276705
167,52.66323212960766
168,58.12885177229004
169,62.1917810132252
170,62.515037649500954
171,62.515037649500954
172,62.515037649500954
173,62.515037649500954
174,62.515037649500954
175,46.485159686062744
176,55.152067306799765
177,63.776698999246655
178,43.011484858794205
179,55.140941585899746
180,69.47432937566529
181,46.93633250196655
182,41.098547074081736
183,69.57145579405984
184,58.9521303945724
185,54.17821395423214
186,55.152067306799765
187,55.152067306799765
188,55.152067306799765
189,55.152067306799765
190,55.152067306799765
191,47.65605051650591
192,55.77379852124401
193,60.98701716893965
194,67.07048445964323
195,55.763594699359224
196,82.48706806053073
197,56.13203879397055
198,50.783304845148905
199,47.69344892588878
200,57.67648970924069
201,55.992666178052474
202,55.77379852124401
203,55.77379852124401
204,55.77379852124401
205,55.77379852124401
206,55.77379852124401
207,104.46503141331654
208,33.031024196608485
209,31.44448909705144
210,23.707943998103527
211,33.04727801789173
212,28.22215988406126
213,37.20884776747051
214,37.64463348900024
215,33.21577305566754
216,32.3391159196614
217,32.21870982398015
218,33.031024196608485
219,33.031024196608485
220,33.031024196608485
221,33.031024196608485
222,33.031024196608485
223,24.24388163423895
224,37.89982682877066
225,31.534248154568626
226,80.87160342206253
227,37.97644662619239
228,64.67329337186953
229,34.24378770282135
230,45.42911976574849
231,55.67992816103302
232,33.511287979403775
233,39.33458549741101
234,37.89982682877066
235,37.89982682877066
236,37.89982682877066
237,37.89982682877066
238,37.89982682877066
239,122.30867209622963
240,69.3289544634405
241,93.04070812960366
242,58.38867861883555
243,69.25198082524786
244,41.72319029293554
245,73.20155410936874
246,53.53218501476098
247,73.33641426051557
248,78.18700489727203
249,67.63211565402867
250,69.3289544634405
251,69.3289544634405
252,69.3289544634405
253,69.3289544634405
254,69.3289544634405
255,38.02542328741903
256,24.737705522687392
257,24.375655739984403
258,25.870523638112402
259,24.741760905973425
260,22.28030761390484
261,25.39864986343459
262,33.99432575294091
263,25.267542538077244
264,24.301503487395532
265,24.39766893259939
266,24.737705522687392
267,24.737705522687392
268,24.737705522687392
269,24.737705522687392
270,24.737705522687392
271,31.906798406169905
272,141.0891732686974
273,197.32924416393453
274,77.48276998176924
275,140.99527619191878
276,158.40711915451226
277,181.3247116557426
278,105.33382137372098
279,99.71826264791383
280,138.4677719238018
281,150.55204410499277
282,141.0891732686974
283,141.0891732686974
284,141.0891732686974
285,141.0891732686974
286,141.0891732686974
287,71.29059882549437
288,40.526313291530634
289,40.557712614615625
290,96.47808349509509
291,40.56198203902079
292,33.43601958309423
293,35.275324394311724
294,39.098680095425365
295,44.14430454365555
296,40.02133687801123
297,39.29151503234652
298,40.526313291530634
299,40.526313291530634
300,40.526313291530634
301,40.526313291530634
302,40.526313291530634
303,57.650546726589674
304,69.34780219034943
305,75.33989018617262
306,56.52660680295988
307,69.27997034685393
308,48.98933559721959
309,72.30339670232757
310,66.25260616465809
311,100.07029927215682
312,71.5995318475411
313,69.44425710213169
314,69.34780219034943
315,69.34780219034943
316,69.34780219034943
317,69.34780219034943
318,69.34780219034943
319,56.712260691024255
320,36.94359963091505
321,37.55618169419048
322,37.09775507035436
323,36.935783499973134
324,31.807027255042925
325,40.22722031123133
326,59.08946491516465
327,27.526162515700523
328,39.40309517118684
329,36.55880650458934
330,36.94359963091505
331,36.94359963091505
332,36.94359963091505
333,36.94359963091505
334,36.94359963091505
335,45.40327632728302
336,108.59883245825921
337,113.04769679282553
338,96.71276737863016
339,108.8286478847924
340,113.20772223160675
341,72.01854707172187
342,88.08682577014517
343,112.51001998488891
344,97.44017799975656
345,109.28311622644425
346,108.59883245825921
347,108.59883245825921
348,108.59883245825921
349,108.59883245825921
350,108.59883245825921
351,49.736858307195135
352,49.51861287511535
353,45.82048578468602
354,48.11042503516895
355,49.468776386235085
356,64.27037317769587
357,39.76437480455416
358,51.65986606564214
359,54.125745679168574
360,46.39385637497653
361,48.6544248790185
362,49.51861287511535
363,49.51861287511535
364,49.51861287511535
365,49.51861287511535
366,49.51861287511535
367,48.889243655155155
368,42.277665566488984
369,40.37352508979458
370,43.65006827177499
371,42.29333890918034
372,47.78628593786207
373,63.42622758410159
374,44.025217097961246
375,44.076318207231196
376,46.23948820781646
377,43.26807658049056
378,42.277665566488984
379,42.277665566488984
380,42.277665566488984
381,42.277665566488984
382,42.277665566488984
383,89.15476026565608
384,25.55367258667189
385,26.36052362437444
386,27.117750499222165
387,25.555064521951333
388,39.63682393039654
389,24.367231988136446
390,26.88795649758905
391,21.59448039968885
392,24.91686338879771
393,25.806352072347394
394,25.55367258667189
395,25.55367258667189
396,25.55367258667189
397,25.55367258667189
398,25.55367258667189
399,35.89138814609138
400,158.33780627372983
401,84.0050465656959
402,152.9317900038771
403,158.3594660842796
404,78.38613027151256
405,192.92034806572337
406,139.88654902859042
407,152.7341411271385
408,160.42019309140403
409,155.3750679135963
410,158.33780627372983
411,158.33780627372983
412,158.33780627372983
413,158.33780627372983
414,158.33780627372983
415,41.06497540074935
416,38.231837699239186
417,35.33202710411076
418,35.19793749176478
419,38.219749569241586
420,55.24159312067283
421,36.41066758883635
422,36.23536821959139
423,40.25174044296057
424,37.04728345076681
425,37.2069759767478
426,38.231837699239186
427,38.231837699239186
428,38.231837699239186
429,38.231837699239186
430,38.231837699239186
431,42.9528867631107
432,84.23980223454954
433,170.27540888037433
434,91.68578039952355
435,84.26562521753712
436,65.84866178070219
437,74.7660950283458
438,76.73262439359456
439,78.04969644307333
440,90.54251696580734
441,88.93227796022327
442,84.23980223454954
443,84.23980223454954
444,84.23980223454954
445,84.23980223454954
446,84.23980223454954
447,129.79890800376361
448,40.26917818269794
449,50.05832120020687
450,44.905669223391634
451,40.28548629078551
452,34.88960603951466
453,30.795676385145214
454,48.765344596186196
455,44.259141690207564
456,34.28136042528262
457,39.08558439400983
458,40.26917818269794
459,40.26917818269794
460,40.26917818269794
461,40.26917818269794
462,40.26917818269794
463,40.30099997884703
464,58.197932706492615
465,52.68512526257477
466,47.702738909501115
467,58.125712522035016
468,88.94657325563443
469,79.00456844427517
470,55.7021387046736
471,46.97342975677125
472,66.7136408890737
473,61.989020792245284
474,58.197932706492615
475,58.197932706492615
476,58.197932706492615
477,58.197932706492615
478,58.197932706492615
479,74.68696064775968
480,49.053379573099186
481,45.44154366509477
482,85.36300798741891
483,49.037943830441385
484,30.88242328990296
485,59.868479153179294
486,49.60924809977987
487,55.02103510532855
488,51.76040486859566
489,48.613989899528924
490,49.053379573099186
491,49.053379573099186
492,49.053379573099186
493,49.053379573099186
494,49.053379573099186
495,61.473388850205154
496,56.04591648303627
497,76.12702117641196
498,31.575858173564463
499,56.07046348895114
500,107.13586425497925
501,50.24381883718228
502,57.089427053925455
503,74.01723067214414
504,52.10358299920813
505,54.882011578254065
506,56.04591648303627
507,56.04591648303627
508,56.04591648303627
509,56.04591648303627
510,56.04591648303627
511,59.27451164914638
512,28.21696315552181
513,31.583473493072898
514,30.49786816367054
515,28.217481649617586
516,41.335056987624114
517,34.18497639987622
518,26.698931468230604
519,45.423985433261755
520,27.96213457276715
521,29.54678319865315
522,28.21696315552181
523,28.21696315552181
524,28.21696315552181
525,28.21696315552181
526,28.21696315552181
527,168.21219163572565
528,79.18547466500064
529,63.664067800243465
530,61.92242120881763
531,79.17430265882636
532,67.9610874210904
533,53.48541860121394
534,76.52524094422633
535,68.30632529090018
536,78.03923132311962
537,76.39224132115534
538,79.18547466500064
539,79.18547466500064
540,79.18547466500064
541,79.18547466500064
542,79.18547466500064
543,31.504403688685834
544,24.572548283989107
545,23.901588105116744
546,38.53480212259207
547,24.5595991856045
548,34.531707751740086
549,22.891085497072083
550,20.69538563773902
551,34.469086011035635
552,24.32368083231666
553,24.252068509484534
554,24.572548283989107
555,24.572548283989107
556,24.572548283989107
557,24.572548283989107
558,24.572548283989107
559,58.748206985110805
560,126.98734007168905
561,201.18918762666115
562,61.858407128607496
563,127.10071056369328
564,57.09375417274867
565,175.41223847626824
566,133.8228881772248
567,58.58013357394562
568,132.69718704726057
569,126.80729612438182
570,126.98734007168905
571,126.98734007168905
572,126.98734007168905
573,126.98734007168905
574,126.98734007168905
575,29.965292556811697
576,30.557443246242237
577,31.263913118556466
578,32.256919685343924
579,30.566369193711754
580,18.339206977576183
581,33.82081760722706
582,32.009041387491585
583,49.71249029559242
584,32.17642091363706
585,30.37241069081366
586,30.557443246242237
587,30.557443246242237
588,30.557443246242237
589,30.557443246242237
590,30.557443246242237
591,37.37576782504749
592,138.30278994171718
593,120.28619845759651
594,118.25495423826321
595,137.97835158593696
596,208.2444253347996
597,133.87761973862857
598,141.8941965276364
599,81.4320462665469
600,125.21074320425365
601,137.08306475687817
602,138.30278994171718
603,138.30278994171718
604,138.30278994171718
605,138.30278994171718
606,138.30278994171718
607,85.29016471612493
608,118.9891147013577
609,61.26880938209533
610,81.32483704918874
611,118.55831872764918
612,97.98323977756185
613,121.95450971209353
614,117.01526294252206
615,129.55608758994634
616,109.3515896233324
617,128.15893722969633
618,118.9891147013577
619,118.9891147013577
620,118.9891147013577
621,118.9891147013577
622,118.9891147013577
623,48.49749314858982
624,40.43313420994663
625,63.54751110075466
626,44.11003753128906
627,40.45317503645797
628,62.28984309598409
629,37.55046119155273
630,50.69172207979638
631,29.457316367479805
632,43.93602139469689
633,38.842417529042564
634,40.43313420994663
635,40.43313420994663
636,40.43313420994663
637,40.43313420994663
638,40.43313420994663
639,92.96735109520819
640,28.232412093592046
641,27.751790771425338
642,28.7139555527937
643,28.228943258407515
644,25.319852948882573
645,24.156675273075013
646,25.801789551488774
647,41.25470929766806
648,29.514393495819853
649,28.34354597974254
650,28.232412093592046
651,28.232412093592046
652,28.232412093592046
653,28.232412093592046
654,28.232412093592046
655,30.02201514728137
656,314.2266673131898
657,238.82976573668216
658,272.9102555438535
659,314.35001813643765
660,246.1849179803289
661,344.23584347870695
662,310.2966974991526
663,200.35155714252141
664,299.86576046283733
665,306.79487036843796
666,314.2266673131898
667,314.2266673131898
668,314.2266673131898
669,314.2266673131898
670,314.2266673131898
671,73.52022347893065
672,42.24111648719797
673,44.920591813957515
674,41.16404178256219
675,42.285409254611324
676,38.1030799457248
677,55.88539873941525
678,26.69134814443745
679,49.02518797810795
680,44.12178062574529
681,43.33971172117036
682,42.24111648719797
683,42.24111648719797
684,42.24111648719797
685,42.24111648719797
686,42.24111648719797
687,43.33646180766545
688,56.108154956764984
689,56.76622180195048
690,60.10457621202387
691,56.05215263230348
692,59.61315537580567
693,47.044957628998056
694,73.68097116962701
695,38.05770573134231
696,53.62358380294442
697,54.940582416629475
698,56.108154956764984
699,56.108154956764984
700,56.108154956764984
701,56.108154956764984
702,56.108154956764984
703,45.690828530785566
704,37.10552469789055
705,37.04330930694148
706,38.46691761879879
707,37.08867255633418
708,47.36123978764292
709,39.54906758291768
710,37.77786969038874
711,62.41567123576434
712,34.970896293427664
713,38.16179732596101
714,37.10552469789055
715,37.10552469789055
716,37.10552469789055
717,37.10552469789055
718,37.10552469789055
719,95.50995547509858
720,43.933255740066464
721,56.19966577145304
722,35.572543010690985
723,43.97967628311488
724,46.818789816078144
725,44.99571007671669
726,44.370839916834136
727,35.59019105005611
728,45.839140323469614
729,43.6156049879274
730,43.933255740066464
731,43.933255740066464
732,43.933255740066464
733,43.933255740066464
734,43.933255740066464
735,36.65176412801979
736,39.73520799968887
737,37.21846559573232
738,94.60712254292723
739,39.71076373362194
740,36.668243824483916
741,39.879477634407095
742,29.334886792054117
743,62.27365306309997
744,45.553247364081486
745,39.60247539791552
746,39.73520799968887
747,39.73520799968887
748,39.73520799968887
749,39.73520799968887
750,39.73520799968887
751,123.65280027739284
752,51.862357949328015
753,57.90425428698866
754,36.5322946731899
755,51.89615801199511
756,60.79628961037633
757,38.68732709991919
758,79.90346429152851
759,28.17802686033607
760,43.42210837058209
761,50.96108073656244
762,51.862357949328015
763,51.862357949328015
764,51.862357949328015
765,51.862357949328015
766,51.862357949328015
767,29.665784355492512
768,38.15660898105132
769,39.661175293722586
770,43.32851224456841
771,38.15002186658253
772,29.45487330080635
773,39.166462919620265
774,29.04288147166679
775,35.12297100824754
776,39.45076342734382
777,37.98862206314434
778,38.15660898105132
779,38.15660898105132
780,38.15660898105132
781,38.15660898105132
782,38.15660898105132
783,26.633260174997858
784,61.6293649043419
785,43.63779109970648
786,35.953321152652336
787,61.73944061155692
788,90.1055628150198
789,66.41592593377159
790,77.59501594705688
791,111.51701334448343
792,61.06288212432415
793,61.48815380234713
794,61.6293649043419
795,61.6293649043419
796,61.6293649043419
797,61.6293649043419
798,61.6293649043419
799,76.11915629804857
800,76.4702206949915
801,70.33994929945226
802,197.93301227398786
803,76.46245052399092
804,34.05641368450247
805,82.65333561665449
806,89.77624490841524
807,45.919426969334744
808,75.97797427211867
809,74.82260395345462
810,76.4702206949915
811,76.4702206949915
812,76.4702206949915
813,76.4702206949915
814,76.4702206949915
815,41.691786788584984
816,33.19473526793007
817,41.67327072487567
818,28.895267467544645
819,33.19951490255754
820,43.21344942371392
821,29.288860873519457
822,30.478656757783618
823,43.555433257621104
824,33.08045846878774
825,33.87295843932929
826,33.19473526793007
827,33.19473526793007
828,33.19473526793007
829,33.19473526793007
830,33.19473526793007
831,47.831681950524946
832,41.13978593405638
833,48.97652663677334
834,42.20159971605834
835,41.13302932625596
836,64.34849876188889
837,53.28766076726962
838,33.03346280446803
839,27.39443620180338
840,38.22008417297708
841,40.65780771893908
842,41.13978593405638
843,41.13978593405638
844,41.13978593405638
845,41.13978593405638
846,41.13978593405638
847,52.266092631689446
848,73.10336526878609
849,57.41917899596233
850,94.43831697746758
851,73.19312789007911
852,42.236628302309214
853,45.18229362937787
854,88.63483635927867
855,157.68119394595794
856,83.37023644229565
857,77.7222711726871
858,73.10336526878609
859,73.10336526878609
860,73.10336526878609
861,73.10336526878609
862,73.10336526878609
863,60.5911526025984
864,38.51929826110694
865,32.95040133081441
866,37.698817914320024
867,38.57365703890153
868,65.16946524339214
869,33.19764813777196
870,45.513388380341596
871,26.097275955909964
872,42.33899347949311
873,37.36205812885069
874,38.51929826110694
875,38.51929826110694
876,38.51929826110694
877,38.51929826110694
878,38.51929826110694
879,38.19930861630837
880,70.9860300523771
881,73.63669390435173
882,56.55107191249763
883,70.91413894955178
884,63.93605673369321
885,112.79463609800857
886,65.68286240892034
887,94.50093765445102
888,63.007198978461275
889,70.60568484904479
890,70.9860300523771
891,70.9860300523771
892,70.9860300523771
893,70.9860300523771
894,70.9860300523771
895,80.22158649913624
896,103.72477706032213
897,97.03956936296304
898,94.9211283096768
899,103.86152126334521
900,90.47242777315711
901,134.53465059921237
902,83.27810135308437
903,58.082396207077075
904,109.63756472810405
905,98.47909253755103
906,103.72477706032213
907,103.72477706032213
908,103.72477706032213
909,103.72477706032213
910,103.72477706032213
911,45.01141325816435
912,23.95159856534127
913,20.50432075942898
914,28.453992228345076
915,23.898708750101747
916,25.110259462922684
917,24.073802760188887
918,30.08970605057327
919,48.62150115288435
920,23.176072495682597
921,25.257648967818696
922,23.95159856534127
923,23.95159856534127
924,23.95159856534127
925,23.95159856534127
926,23.95159856534127
927,65.56793749488126
928,45.69531218475928
929,45.99028265886247
930,47.737833672102404
931,45.7008476589898
932,53.23542888685347
933,45.87221730511034
934,40.042837873924476
935,28.80447648636254
936,46.196849322327665
937,45.22639633953494
938,45.69531218475928
939,45.69531218475928
940,45.69531218475928
941,45.69531218475928
942,45.69531218475928
943,30.261448075461733
944,68.24163874326987
945,71.75566430073088
946,54.39967900295121
947,68.246654536068
948,66.06299314811686
949,58.345820295667416
950,75.37966293979585
951,86.69411514227808
952,65.48262381148521
953,67.28249370516853
954,68.24163874326987
955,68.24163874326987
956,68.24163874326987
957,68.24163874326987
958,68.24163874326987
959,60.37448948989918
960,55.042593670774046
961,56.74601854403707
962,61.983200431718565
963,55.030059826005136
964,53.57542517205076
965,45.178982726231716
966,43.80374590530171
967,52.07202284573247
968,61.9704039468096
969,55.58433455644977
970,55.042593670774046
971,55.042593670774046
972,55.042593670774046
973,55.042593670774046
974,55.042593670774046
975,42.975192049244356
976,69.64176132194088
977,65.80318471835753
978,35.37042991168949
979,69.77215635799817
980,84.27000533871185
981,85.91828202006269
982,85.70680189163237
983,147.62115362226564
984,60.222497455111366
985,68.7787796525927
986,69.64176132194088
987,69.64176132194088
988,69.64176132194088
989,69.64176132194088
990,69.64176132194088
991,77.29109323286164
992,39.544553426097345
993,43.60188823764916
994,111.73439874374533
995,39.51137632928066
996,42.36500840184691
997,56.75765259215763
998,34.657089622959894
999,24.328165447701927
1000,38.124039486879276
1001,38.143414446251754
1002,39.544553426097345
1003,39.544553426097345
1004,39.544553426097345
1005,39.544553426097345
1006,39.544553426097345
1007,123.3941960586303
1008,48.83949397074346
1009,47.38058535875345
1010,45.719829004282296
1011,48.87283486734634
1012,43.0656355748833
1013,38.71759564255826
1014,54.03798593930502
1015,68.18461849171733
1016,50.15157945395722
1017,50.76635191904437
1018,48.83949397074346
1019,48.83949397074346
1020,48.83949397074346
1021,48.83949397074346
1022,48.83949397074346
1023,51.38317406450099
1024,34.13159909612478
1025,43.31197089966183
1026,30.78306957766516
1027,34.12248921263912
1028,49.407702342011646
1029,35.86272783283859
1030,27.478661907203307
1031,33.88668533570697
1032,37.044796835289624
1033,34.411970447656785
1034,34.13159909612478
1035,34.13159909612478
1036,34.13159909612478
1037,34.13159909612478
1038,34.13159909612478
1039,49.581858943917915
1040,105.88631388269647
1041,71.21039207183463
1042,93.6883954829647
1043,105.98848388715895
1044,47.12620486126565
1045,91.20517768487476
1046,127.94614683543256
1047,64.82169897585308
1048,91.23723159191734
1049,99.42084851908355
1050,105.88631388269647
1051,105.88631388269647
1052,105.88631388269647
1053,105.88631388269647
1054,105.88631388269647
1055,28.324753687152207
1056,33.1634986362962
1057,32.76900658454906
1058,36.328598733783906
1059,33.159194694939174
1060,44.18215156198954
1061,37.026263043864695
1062,28.332871231724088
1063,32.393914339512605
1064,30.99663520168888
1065,33.713749539234534
1066,33.1634986362962
1067,33.1634986362962
1068,33.1634986362962
1069,33.1634986362962
1070,33.1634986362962
1071,42.72166824207371
1072,68.52486996661582
1073,86.47509589743973
1074,93.38559881105435
1075,68.54674596447201
1076,51.68717542024476
1077,76.4321663106017
1078,73.20294882322281
1079,83.93289323129025
1080,78.24855245309372
1081,69.18948583401671
1082,68.52486996661582
1083,68.52486996661582
1084,68.52486996661582
1085,68.52486996661582
1086,68.52486996661582
1087,160.257476307339
1088,57.09877030271997
1089,61.20118392298968
1090,88.74660904529055
1091,57.08796234285909
1092,45.02891670804978
1093,49.033359262782795
1094,45.95066502627437
1095,46.42122686343124
1096,55.37884300996215
1097,57.350164792265005
1098,57.09877030271997
1099,57.09877030271997
1100,57.09877030271997
1101,57.09877030271997
1102,57.09877030271997
1103,38.765031480485476
1104,59.210517529021395
1105,45.30877094674871
1106,27.550865192922444
1107,59.274233526766956
1108,91.68672415225319
1109,91.87574760881809
1110,77.42244282116374
1111,70.08871997904164
1112,60.10265112916624
1113,59.31063519729793
1114,59.210517529021395
1115,59.210517529021395
1116,59.210517529021395
1117,59.210517529021395
1118,59.210517529021395
1119,58.41558757557466
1120,45.23794876023359
1121,35.70349025753171
1122,56.17359368855918
1123,45.29494646363609
1124,26.08986009995054
1125,57.62707557126277
1126,37.729426062579066
1127,54.69022715127019
1128,45.99886330048584
1129,45.87674378758209
1130,45.23794876023359
1131,45.23794876023359
1132,45.23794876023359
1133,45.23794876023359
1134,45.23794876023359
1135,28.587630238572878
1136,59.61812833299666
1137,83.6884779880939
1138,51.33958199090849
1139,59.58038803344693
1140,97.04920823926261
1141,39.91550692304049
1142,64.68013012328622
1143,73.55205359060255
1144,60.24235723406634
1145,58.47042983133605
1146,59.61812833299666
1147,59.61812833299666
1148,59.61812833299666
1149,59.61812833299666
1150,59.61812833299666
1151,79.39821118605799
1152,36.147341859668664
1153,35.87006913678042
1154,50.240043842187866
1155,36.16932438020138
1156,34.249043470417064
1157,34.065584941804865
1158,29.217579069713317
1159,32.74325821912905
1160,32.351681201857865
1161,35.93818394062578
1162,36.147341859668664
1163,36.147341859668664
1164,36.147341859668664
1165,36.147341859668664
1166,36.147341859668664
1167,27.303229590687025
1168,134.29681332564962
1169,84.8338056541828
1170,65.30532472455454
1171,133.61704963336038
1172,157.97760275588098
1173,105.80290637127459
1174,156.68084293421578
1175,154.85967839261542
1176,153.28193991203537
1177,136.60239071437135
1178,134.29681332564962
1179,134.29681332564962
1180,134.29681332564962
1181,134.29681332564962
1182,134.29681332564962
1183,83.8406656697132
1184,24.870782348663386
1185,29.50405838319118
1186,29.906480042396208
1187,24.871971944715664
1188,23.34388937469115
1189,28.674359799768904
1190,28.204717106820397
1191,28.8716758050545
1192,25.97153821106351
1193,25.543046843737777
1194,24.870782348663386
1195,24.870782348663386
1196,24.870782348663386
1197,24.870782348663386
1198,24.870782348663386
1199,70.49026482262789
1200,102.23524064159396
1201,101.89317860557934
1202,80.51682688443847
1203,102.24347520090187
1204,77.7161968384542
1205,92.26292538517612
1206,93.87293374411416
1207,113.17777968094019
1208,99.73413930426888
1209,97.68855273180785
1210,102.23524064159396
1211,102.23524064159396
1212,102.23524064159396
1213,102.23524064159396
1214,102.23524064159396
1215,55.076331785978574
1216,34.555278666481584
1217,34.696315762067066
1218,33.099292371932584
1219,34.54780132390164
1220,33.15955701033719
1221,51.859299151148555
1222,27.30402119199436
1223,35.88605646650992
1224,33.218350792880294
1225,35.34723550805215
1226,34.555278666481584
1227,34.555278666481584
1228,34.555278666481584
1229,34.555278666481584
1230,34.555278666481584
1231,38.02691112564516
1232,52.45271813538
1233,63.54387427591519
1234,54.633599488386324
1235,52.49670002793671
1236,61.719729289004654
1237,40.9920667314736
1238,67.15096786900034
1239,37.732269505722115
1240,54.67551717645088
1241,49.00013587554307
1242,52.45271813538
1243,52.45271813538
1244,52.45271813538
1245,52.45271813538
1246,52.45271813538
1247,49.89937627588302
1248,46.323659721334145
1249,43.190680921522876
1250,54.416567893477804
1251,46.2543006964573
1252,65.62946979600173
1253,35.35998247870159
1254,53.69454236639934
1255,45.75405902851318
1256,45.9315533886401
1257,46.83225840890407
1258,46.323659721334145
1259,46.323659721334145
1260,46.323659721334145
1261,46.323659721334145
1262,46.323659721334145
1263,58.212612646979586
1264,64.25968994970133
1265,66.78709484050052
1266,62.00962322315054
1267,64.35033303588416
1268,76.5345057055964
1269,88.03968253261425
1270,57.06654624776409
1271,66.21826277601801
1272,67.17559860497309
1273,65.6573629298421
1274,64.25968994970133
1275,64.25968994970133
1276,64.25968994970133
1277,64.25968994970133
1278,64.25968994970133
1279,107.96852322786019
1280,69.84334848310816
1281,72.65490274063424
1282,67.45016466046698
1283,69.84309059504837
1284,36.37943658980337
1285,67.77501481782183
1286,74.55856079125326
1287,59.64248066269489
1288,65.6613438567119
1289,70.95647121000994
1290,69.84334848310816
1291,69.84334848310816
1292,69.84334848310816
1293,69.84334848310816
1294,69.84334848310816
1295,31.94701478014149
1296,40.58674486163811
1297,32.17986219119578
1298,28.548043770513026
1299,40.601128518384506
1300,59.957113100365646
1301,55.34126555488943
1302,43.832931049696775
1303,37.303538177432955
1304,44.68079583698446
1305,40.713148547994955
1306,40.58674486163811
1307,40.58674486163811
1308,40.58674486163811
1309,40.58674486163811
1310,40.58674486163811
1311,45.179584365053095
1312,62.38935349052466
1313,59.50656206164517
1314,66.22768140108685
1315,62.3599726552399
1316,47.96123854479492
1317,81.27525716496169
1318,44.55430195543541
1319,77.15291062986172
1320,66.0157678949728
1321,58.9417397896358
1322,62.38935349052466
1323,62.38935349052466
1324,62.38935349052466
1325,62.38935349052466
1326,62.38935349052466
1327,54.54953114317362
1328,39.88577275236652
1329,65.13179795022496
1330,66.13641719404325
1331,39.89778002309419
1332,54.95745169008765
1333,30.87097459460118
1334,57.56530547017577
1335,35.47287364269637
1336,36.43924537218751
1337,41.375331958681244
1338,39.88577275236652
1339,39.88577275236652
1340,39.88577275236652
1341,39.88577275236652
1342,39.88577275236652
1343,161.02915139334775
1344,46.09050158688319
1345,54.65822160780498
1346,76.52562803507175
1347,46.113248192757254
1348,75.02885621275732
1349,41.71253167735585
1350,42.64651501681714
1351,46.98825774592876
1352,46.259430305061585
1353,44.06994252739206
1354,46.09050158688319
1355,46.09050158688319
1356,46.09050158688319
1357,46.09050158688319
1358,46.09050158688319
1359,172.3228571948485
1360,57.91785923644199
1361,49.15623135415495
1362,43.02923742750509
1363,57.843864210376246
1364,54.37996676617022
1365,50.36188623625186
1366,54.19398240482553
1367,52.40119840809225
1368,58.13021785242734
1369,59.5167974086293
1370,57.91785923644199
1371,57.91785923644199
1372,57.91785923644199
1373,57.91785923644199
1374,57.91785923644199
1375,30.012453381713172
1376,40.66805233904507
1377,35.36409257507959
1378,57.22567029149435
1379,40.632866101303165
1380,70.3830860973608
1381,44.49363444381563
1382,26.412927442567035
1383,41.374182221565825
1384,40.989547314357615
1385,41.750137299988346
1386,40.66805233904507
1387,40.66805233904507
1388,40.66805233904507
1389,40.66805233904507
1390,40.66805233904507
1391,58.37591316382695
1392,46.99234467717686
1393,53.32087343727535
1394,34.48524939609041
1395,47.0222979202909
1396,30.453103257011055
1397,42.49660239087718
1398,61.79173798436312
1399,60.04584165172042
1400,44.917277332506394
1401,46.95384360543949
1402,46.99234467717686
1403,46.99234467717686
1404,46.99234467717686
1405,46.99234467717686
1406,46.99234467717686
1407,35.09490978339522
1408,31.793332788052627
1409,30.986266826165885
1410,42.159791015086356
1411,31.79003640451138
1412,38.64428334288499
1413,41.65559959682526
1414,36.215072962786486
1415,30.214085552565997
1416,33.669916715796724
1417,31.12719476240288
1418,31.793332788052627
1419,31.793332788052627
1420,31.793332788052627
1421,31.793332788052627
1422,31.793332788052627
1423,80.12565745125707
1424,57.05002278560008
1425,49.01357727628939
1426,48.19357213607114
1427,57.106093487771396
1428,56.61933384171733
1429,43.790366258611876
1430,62.20542187325985
1431,50.74447431326587
1432,54.1833101747139
1433,57.59275631868236
1434,57.05002278560008
1435,57.05002278560008
1436,57.05002278560008
1437,57.05002278560008
1438,57.05002278560008
1439,33.73104422491451
1440,96.97164858097028
1441,94.22169960909414
1442,172.6435470801151
1443,97.16250986102273
1444,73.47093467373182
1445,70.46801080908482
1446,91.17504604090631
1447,99.4645707303102
1448,82.58430978734252
1449,98.56490862117047
1450,96.97164858097028
1451,96.97164858097028
1452,96.97164858097028
1453,96.97164858097028
1454,96.97164858097028
1455,61.979707464121034
1456,31.59747983435174
1457,33.70238649326505
1458,19.865075755151512
1459,31.55283109939029
1460,29.14905029496137
1461,33.43649984327113
1462,37.2331631703177
1463,43.97533056550183
1464,36.07763809787048
1465,31.819275888750443
1466,31.59747983435174
1467,31.59747983435174
1468,31.59747983435174
1469,31.59747983435174
1470,31.59747983435174
1471,33.900637783686264
1472,37.886772477284026
1473,38.29025471628317
1474,37.82157978779229
1475,37.87610695421574
1476,34.65663971869584
1477,39.426751429751285
1478,35.62916037266015
1479,28.8412833557496
1480,36.34122365859687
1481,37.62836858473589
1482,37.886772477284026
1483,37.886772477284026
1484,37.886772477284026
1485,37.886772477284026
1486,37.886772477284026
1487,24.790269077851377
1488,113.65204305644195
1489,117.06172918647832
1490,76.27934410826307
1491,114.02093684224027
1492,84.69432588359516
1493,96.68145788604444
1494,110.70684649380708
1495,103.33535970431164
1496,125.26200492594376
1497,115.40249354861439
1498,113.65204305644195
1499,113.65204305644195
1500,113.65204305644195
1501,113.65204305644195
1502,113.65204305644195
1503,54.49045755191063
1504,67.42155342508316
1505,70.38712757785676
1506,68.69100001234641
1507,67.35784724487424
1508,68.30820965976362
1509,84.27273142668695
1510,57.28445164390002
1511,90.57046863184517
1512,63.43393436358476
1513,65.15530755730423
1514,67.42155342508316
1515,67.42155342508316
1516,67.42155342508316
1517,67.42155342508316
1518,67.42155342508316
1519,101.15987448621694
1520,43.96694517605795
1521,43.116646291530195
1522,54.41729136745362
1523,43.97804477011623
1524,51.22211750052479
1525,45.90890988621143
1526,47.52659501908385
1527,41.079899837014736
1528,45.333599513924234
1529,44.823185314870216
1530,43.96694517605795
1531,43.96694517605795
1532,43.96694517605795
1533,43.96694517605795
1534,43.96694517605795
1535,69.21161556582685
1536,64.91891335768896
1537,64.58753327596689
1538,65.22362613939488
1539,64.9245265592449
1540,53.64907443695159
1541,52.32998246645466
1542,73.6074624019912
1543,52.41984141175179
1544,60.423838436158015
1545,65.31893374134629
1546,64.91891335768896
1547,64.91891335768896
1548,64.91891335768896
1549,64.91891335768896
1550,64.91891335768896
1551,38.804693077253184
1552,44.113185722711556
1553,42.41770338002734
1554,32.648129969798774
1555,44.09595946928498
1556,44.11893437737458
1557,45.22246488093807
1558,39.26823975893874
1559,59.94789498099934
1560,48.31375712185201
1561,43.85251847195618
1562,44.113185722711556
1563,44.113185722711556
1564,44.113185722711556
1565,44.113185722711556
1566,44.113185722711556
1567,38.94690416510329
1568,60.49716040647506
1569,65.18878774555444
1570,60.06640486953667
1571,60.581321426742775
1572,70.66036438074737
1573,60.119340925277356
1574,64.53346206073336
1575,37.60688639529043
1576,64.19024916313522
1577,61.90088518788551
1578,60.49716040647506
1579,60.49716040647506
1580,60.49716040647506
1581,60.49716040647506
1582,60.49716040647506
1583,52.31315319083761
1584,32.588947937877016
1585,33.001393114669604
1586,43.25811800536169
1587,32.56239726814697
1588,32.240781443597854
1589,33.77206208537134
1590,35.419560328144115
1591,43.26888417270684
1592,29.594149190915374
1593,32.02516875811519
1594,32.588947937877016
1595,32.588947937877016
1596,32.588947937877016
1597,32.588947937877016
1598,32.588947937877016
1599,63.491565720190046
1600,45.09993619186604
1601,44.57711223433032
1602,60.125205271757714
1603,45.08379527071558
1604,43.57960880880983
1605,40.27220322967699
1606,46.94373414537728
1607,31.998881238446987
1608,45.56919499184307
1609,45.825192209360644
1610,45.09993619186604
1611,45.09993619186604
1612,45.09993619186604
1613,45.09993619186604
1614,45.09993619186604
1615,35.96370419282096
1616,43.992000145708126
1617,53.78855679656831
1618,40.93032347397226
1619,44.025497675225246
1620,51.08538612434697
1621,65.11697412933631
1622,36.24107575502249
1623,82.56435761695322
1624,44.385360949048895
1625,42.491826146703374
1626,43.992000145708126
1627,43.992000145708126
1628,43.992000145708126
1629,43.992000145708126
1630,43.992000145708126
1631,188.66637792436262
1632,45.709474800908616
1633,38.133357613820564
1634,80.92063122451755
1635,45.6725472951196
1636,45.504585697722874
1637,51.09204554162685
1638,43.10741034976675
1639,34.56626473928211
1640,46.075862687049195
1641,46.57654277133038
1642,45.709474800908616
1643,45.709474800908616
1644,45.709474800908616
1645,45.709474800908616
1646,45.709474800908616
1647,40.34948596886169
1648,113.91586790297819
1649,113.53271910107284
1650,43.64759129825784
1651,114.0006094568331
1652,88.25369582703632
1653,80.99695065036353
1654,105.80162652883857
1655,176.83526516761168
1656,108.94978260233799
1657,114.01944373741289
1658,113.91586790297819
1659,113.91586790297819
1660,113.91586790297819
1661,113.91586790297819
1662,113.91586790297819
1663,36.94032535560901
1664,47.781784389995835
1665,56.422059314626786
1666,75.19401364894398
1667,47.78023167954741
1668,37.8012394270333
1669,45.777609134573765
1670,69.95994456191906
1671,31.71152421492654
1672,56.01844623720229
1673,48.99918454433298
1674,47.781784389995835
1675,47.781784389995835
1676,47.781784389995835
1677,47.781784389995835
1678,47.781784389995835
1679,77.63719082374952
1680,85.353600570218
1681,54.50634831103774
1682,54.60262371515101
1683,85.3583967430811
1684,125.94129325755813
1685,88.41678034833718
1686,62.89127657323566
1687,220.4901442769138
1688,72.62840822675577
1689,78.7226544292038
1690,85.353600570218
1691,85.353600570218
1692,85.353600570218
1693,85.353600570218
1694,85.353600570218
1695,82.92428352207423
1696,71.05600035359176
1697,65.13989356487608
1698,112.95231407042174
1699,71.03329889941391
1700,36.0398034315256
1701,74.54751545058106
1702,77.23256684550456
1703,49.05203095631226
1704,66.51104097580135
1705,71.48940803596624
1706,71.05600035359176
1707,71.05600035359176
1708,71.05600035359176
1709,71.05600035359176
1710,71.05600035359176
1711,32.34145409678024
1712,25.86920911909486
1713,29.20225195973375
1714,20.478511363742363
1715,25.87053428850143
1716,33.5549363518974
1717,30.089494920258712
1718,29.096058868359357
1719,32.970015655001525
1720,26.99625978787562
1721,26.577703420579976
1722,25.86920911909486
1723,25.86920911909486
1724,25.86920911909486
1725,25.86920911909486
1726,25.86920911909486
1727,48.33790418395624
1728,27.625839918550025
1729,28.90401575701047
1730,27.3103941919736
1731,27.63229009803789
1732,43.559779899485754
1733,31.765963127447158
1734,37.681160437041264
1735,23.06383016034417
1736,28.20910894606985
1737,27.378194634200316
1738,27.625839918550025
1739,27.625839918550025
1740,27.625839918550025
1741,27.625839918550025
1742,27.625839918550025
1743,58.80868644727031
1744,123.58414326908851
1745,113.42359316691206
1746,67.93552584508888
1747,123.31485332767782
1748,67.64276157785997
1749,94.16350150474678
1750,87.54862425983688
1751,188.0516210358952
1752,121.60417142648501
1753,127.69586180059879
1754,123.58414326908851
1755,123.58414326908851
1756,123.58414326908851
1757,123.58414326908851
1758,123.58414326908851
1759,31.830815073412133
1760,77.71031989458098
1761,59.75817586360516
1762,86.09194470755337
1763,77.65706285270248
1764,147.3476997760922
1765,50.43133893088984
1766,75.53038957957364
1767,38.57862245185058
1768,80.05505149394236
1769,80.73444050220746
1770,77.71031989458098
1771,77.71031989458098
1772,77.71031989458098
1773,77.71031989458098
1774,77.71031989458098
1775,41.028117067558874
1776,39.19792311539559
1777,49.6933224206937
1778,61.87625747522136
1779,39.20056051234542
1780,36.85084318536986
1781,47.62347298777699
1782,36.99284708293674
1783,51.11627669990999
1784,36.89529588178999
1785,37.865632965622765
1786,39.19792311539559
1787,39.19792311539559
1788,39.19792311539559
1789,39.19792311539559
1790,39.19792311539559
1791,198.18727332663465
1792,40.69250743185049
1793,40.59573135747574
1794,38.98927347298727
1795,40.722104854380376
1796,38.31349384536611
1797,33.11716031378287
1798,35.77578871987389
1799,58.49075388524391
1800,43.62591902725613
1801,39.347037300515254
1802,40.69250743185049
1803,40.69250743185049
1804,40.69250743185049
1805,40.69250743185049
1806,40.69250743185049
1807,38.68922661955742
1808,71.91152068471403
1809,72.51399917643019
1810,70.50638151265836
1811,71.59417809330459
1812,56.37426569579837
1813,127.89986789574375
1814,79.02372967618487
1815,55.159888192997705
1816,62.853594837280326
1817,73.8791205803281
1818,71.91152068471403
1819,71.91152068471403
1820,71.91152068471403
1821,71.91152068471403
1822,71.91152068471403
1823,65.83196192131747
1824,30.285410167716226
1825,31.321756597956316
1826,32.17546826104984
1827,30.286165179666824
1828,26.916112706283265
1829,32.614766718921295
1830,37.60193343009108
1831,41.47979244936377
1832,28.06989010909901
1833,31.062664925216275
1834,30.285410167716226
1835,30.285410167716226
1836,30.285410167716226
1837,30.285410167716226
1838,30.285410167716226
1839,51.60941432614421
1840,199.2428316853526
1841,211.49540544128564
1842,217.5130907279585
1843,199.28297587814714
1844,212.95571265896547
1845,113.00247249309305
1846,179.48867609969338
1847,77.74285823040476
1848,219.71233620271497
1849,198.28261716813017
1850,199.2428316853526
1851,199.2428316853526
1852,199.2428316853526
1853,199.2428316853526
1854,199.2428316853526
1855,52.168334021801456
1856,42.414510045672245
1857,43.70895195862387
1858,56.36324956928818
1859,42.41230337569684
1860,52.68723242458319
1861,40.43660209856375
1862,36.83750182413415
1863,71.91362708274406
1864,41.39655208460065
1865,42.887235137704025
1866,42.414510045672245
1867,42.414510045672245
1868,42.414510045672245
1869,42.414510045672245
1870,42.414510045672245
1871,139.30344483766197
1872,57.13073555191064
1873,51.81844624263577
1874,40.046224386584505
1875,57.158812272666154
1876,62.671517275622435
1877,60.297521953200544
1878,64.18805134308805
1879,41.24758220627402
1880,58.34704191197572
1881,57.19067245686148
1882,57.13073555191064
1883,57.13073555191064
1884,57.13073555191064
1885,57.13073555191064
1886,57.13073555191064
1887,37.762511360837166
1888,42.56590086164443
1889,44.16324833907944
1890,56.35734281449346
1891,42.50542210983866
1892,40.52823079815699
1893,43.64218080948438
1894,53.997949707792394
1895,47.40944860962496
1896,43.24394718813179
1897,40.57102711868539
1898,42.56590086164443
1899,42.56590086164443
1900,42.56590086164443
1901,42.56590086164443
1902,42.56590086164443
1903,82.69746411939514
1904,39.97083740589669
1905,37.04846401986826
1906,31.09277319822361
1907,40.0164282009346
1908,48.41258808542824
1909,48.66098209020374
1910,30.515501425970033
1911,31.483309112127753
1912,40.69570314451576
1913,41.111509308277235
1914,39.97083740589669
1915,39.97083740589669
1916,39.97083740589669
1917,39.97083740589669
1918,39.97083740589669
1919,25.89405015132681
1920,25.209073484419395
1921,26.59869949839086
1922,33.38253844599169
1923,25.204849334462775
1924,34.97362894027424
1925,31.39543650117875
1926,27.962257405518088
1927,41.19343242005333
1928,24.524870329543145
1929,24.99036357837956
1930,25.209073484419395
1931,25.209073484419395
1932,25.209073484419395
1933,25.209073484419395
1934,25.209073484419395
1935,181.22405317380685
1936,265.14223837751274
1937,142.59162445617244
1938,83.18062259717209
1939,265.44271315820623
1940,220.00503913407013
1941,228.2997197162134
1942,257.46399341671724
1943,197.1409448268709
1944,269.86740390370653
1945,269.69455106465597
1946,265.14223837751274
1947,265.14223837751274
1948,265.14223837751274
1949,265.14223837751274
1950,265.14223837751274
1951,29.057742670752983
1952,25.880208694812026
1953,23.697186699008686
1954,31.116206101337905
1955,25.888316307434525
1956,37.95865854845543
1957,18.856337628366667
1958,34.50119532862297
1959,31.70330711566945
1960,29.477449742836544
1961,25.13246111725292
1962,25.880208694812026
1963,25.880208694812026
1964,25.880208694812026
1965,25.880208694812026
1966,25.880208694812026
1967,50.5623379784415
1968,69.11869751537954
1969,84.2868589892117
1970,62.10568198743527
1971,69.11440423533739
1972,37.55048790449444
1973,103.49023048448929
1974,58.07893324084498
1975,52.696925664312396
1976,62.77406882600323
1977,70.70637658891462
1978,69.11869751537954
1979,69.11869751537954
1980,69.11869751537954
1981,69.11869751537954
1982,69.11869751537954
1983,31.174880222207406
1984,52.66568887617431
1985,79.81236603598703
1986,48.505442124373154
1987,52.65671932289454
1988,30.64839571931769
1989,44.66636530002948
1990,58.11605414176142
1991,79.54006662687866
1992,54.32363073888424
1993,51.29890462043312
1994,52.66568887617431
1995,52.66568887617431
1996,52.66568887617431
1997,52.66568887617431
1998,52.66568887617431
1999,47.582543939300244
2000,64.58023547382169
2001,54.47642547658041
2002,56.136476076518605
2003,64.63931403773483
2004,103.16741579808217
2005,63.617288445887915
2006,56.853656832871124
2007,42.786556215910444
2008,60.6406364670475
2009,65.4200340077362
2010,64.58023547382169
2011,64.58023547382169
2012,64.58023547382169
2013,64.58023547382169
2014,64.58023547382169
2015,42.45613654232938
2016,30.68021983780879
2017,28.176668146992576
2018,34.42133308964721
2019,30.720254446616355
2020,25.892358419983708
2021,30.50163555471119
2022,40.91990127057716
2023,46.07299958880718
2024,33.00094945754626
2025,30.882601706935137
2026,30.68021983780879
2027,30.68021983780879
2028,30.68021983780879
2029,30.68021983780879
2030,30.68021983780879
2031,53.515465890793905
2032,76.17160455485767
2033,85.97427003171649
2034,120.86257589545218
2035,76.07101398485104
2036,120.3837660167283
2037,80.28636985382288
2038,63.13073291286922
2039,38.29136432562336
2040,71.50896970159002
2041,77.52371878506189
2042,76.17160455485767
2043,76.17160455485767
2044,76.17160455485767
2045,76.17160455485767
2046,76.17160455485767
2047,71.8690911306895
2048,41.052188392266416
2049,41.79701417404123
2050,42.19719847674094
2051,41.04101524159761
2052,35.60235250354604
2053,43.614965432619954
2054,34.213015607764625
2055,42.888685642778654
2056,40.972253648002265
2057,39.48922681770898
2058,41.052188392266416
2059,41.052188392266416
2060,41.052188392266416
2061,41.052188392266416
2062,41.052188392266416
2063,33.169049815263115
2064,55.39928925852322
2065,49.84572122265019
2066,125.43380578540126
2067,55.467302142448005
2068,37.3290986263442
2069,66.47363841089418
2070,58.841810758962126
2071,79.04601402448888
2072,54.218195819302295
2073,56.807932610206905
2074,55.39928925852322
2075,55.39928925852322
2076,55.39928925852322
2077,55.39928925852322
2078,55.39928925852322
2079,122.82020745317699
2080,50.800052679950205
2081,56.91162815726005
2082,49.10719850592458
2083,50.83139613552657
2084,47.579750786688294
2085,47.123034592446814
2086,38.95866214672305
2087,51.04992410949196
2088,50.90870993070736
2089,51.91721187227807
2090,50.800052679950205
2091,50.800052679950205
2092,50.800052679950205
2093,50.800052679950205
2094,50.800052679950205
2095,36.95531067970653
2096,69.91393074838956
2097,69.04764570968133
2098,41.03129611584536
2099,69.82552933593286
2100,80.29274310719507
2101,81.90697584176259
2102,84.91780109579473
2103,57.51552169514829
2104,72.02426376164168
2105,69.37244123488946
2106,69.91393074838956
2107,69.91393074838956
2108,69.91393074838956
2109,69.91393074838956
2110,69.91393074838956
2111,53.81078956836015
2112,25.356853034443063
2113,25.361237799609707
2114,31.07551179769363
2115,25.351629316884654
2116,34.47972280204695
2117,18.503144782197655
2118,24.96814246204881
2119,30.208159985672733
2120,22.707365326800836
2121,25.813407570574167
2122,25.356853034443063
2123,25.356853034443063
2124,25.356853034443063
2125,25.356853034443063
2126,25.356853034443063
2127,30.876113094532197
2128,130.4578954457472
2129,156.39377378053499
2130,73.8577811559737
2131,130.70481555771755
2132,142.6937998731926
2133,190.04471089664213
2134,149.52336148352796
2135,110.12202315422493
2136,144.9352057901893
2137,131.69306098106867
2138,130.4578954457472
2139,130.4578954457472
2140,130.4578954457472
2141,130.4578954457472
2142,130.4578954457472
2143,134.65362955656948
2144,45.577237339039264
2145,38.382975795493785
2146,77.16184202296348
2147,45.57352127065104
2148,38.107645058105575
2149,54.57294300731111
2150,38.581711600586786
2151,39.27687507738885
2152,49.76979943800191
2153,43.47429338692945
2154,45.577237339039264
2155,45.577237339039264
2156,45.577237339039264
2157,45.577237339039264
2158,45.577237339039264
2159,39.64626184090363
2160,65.64463722516801
2161,62.48449069708282
2162,49.01454046682393
2163,65.65167687991706
2164,67.40372085584278
2165,52.20228061188919
2166,85.74656830513213
2167,52.787866598911144
2168,59.18210406475825
2169,67.78934296794297
2170,65.64463722516801
2171,65.64463722516801
2172,65.64463722516801
2173,65.64463722516801
2174,65.64463722516801
2175,44.89660261856258
2176,33.47757583382433
2177,39.94895715472384
2178,42.54235860750686
2179,33.47165791250172
2180,24.188694839967358
2181,31.36782462684077
2182,35.60591476345886
2183,38.66468285468515
2184,32.082549991683905
2185,33.173245384074626
2186,33.47757583382433
2187,33.47757583382433
2188,33.47757583382433
2189,33.47757583382433
2190,33.47757583382433
2191,43.018133220565744
2192,195.6954076168511
2193,103.42739553353066
2194,56.04538155154623
2195,195.97104476254165
2196,340.03022420442227
2197,226.58492040808085
2198,183.2980086229619
2199,176.93991881006494
2200,197.91144439471316
2201,199.58474183455073
2202,195.6954076168511
2203,195.6954076168511
2204,195.6954076168511
2205,195.6954076168511
2206,195.6954076168511
2207,76.98378029502634
2208,58.971356355759006
2209,53.19927163732241
2210,94.69041964446478
2211,58.87140519143016
2212,40.82857546832513
2213,52.772721553437364
2214,42.90512501645633
2215,49.30532456390475
2216,55.9873445238421
2217,57.02489206307188
2218,58.971356355759006
2219,58.971356355759006
2220,58.971356355759006
2221,58.971356355759006
2222,58.971356355759006
2223,24.15328409009657
2224,40.169975584882984
2225,42.316845324418345
2226,37.98376506262183
2227,40.19288215817951
2228,51.15757642589939
2229,37.36534946456186
2230,46.13365057514932
2231,38.59253514523908
2232,42.47910730963796
2233,40.83715586775563
2234,40.169975584882984
2235,40.169975584882984
2236,40.169975584882984
2237,40.169975584882984
2238,40.169975584882984
2239,55.181028676894115
2240,25.879865550417524
2241,28.543861200885882
2242,25.717630458638872
2243,25.895833621374372
2244,32.25486873099899
2245,31.421725559893638
2246,32.58808994299467
2247,24.098675535351255
2248,26.780861243796238
2249,25.349723409794983
2250,25.879865550417524
2251,25.879865550417524
2252,25.879865550417524
2253,25.879865550417524
2254,25.879865550417524
2255,51.93893862697626
2256,86.83635992021031
2257,81.05376593301214
2258,155.18297192221718
2259,86.64477156839258
2260,58.80314437354582
2261,61.97460774801297
2262,83.66829945018654
2263,129.42016536210548
2264,81.8427093343271
2265,88.82002352988667
2266,86.83635992021031
2267,86.83635992021031
2268,86.83635992021031
2269,86.83635992021031
2270,86.83635992021031
2271,78.91185866321112
2272,31.039959499882467
2273,27.474182911473413
2274,31.069819551513913
2275,31.030850291403407
2276,52.77278335148971
2277,26.13599067223757
2278,24.38406421847355
2279,31.57447014512494
2280,28.49678006038279
2281,31.00572896690221
2282,31.039959499882467
2283,31.039959499882467
2284,31.039959499882467
2285,31.039959499882467
2286,31.039959499882467
2287,28.536577299630224
2288,74.92671505057179
2289,107.74485956816355
2290,58.57012434750224
2291,74.9530039658367
2292,51.625617539312096
2293,167.6868556967357
2294,93.93033158093334
2295,70.43891670202181
2296,86.82661151435515
2297,75.74761371646547
2298,74.92671505057179
2299,74.92671505057179
2300,74.92671505057179
2301,74.92671505057179
2302,74.92671505057179
2303,129.6041520562767
2304,47.89909475774354
2305,47.35655374588557
2306,52.85649055226737
2307,47.90953583067442
2308,40.295079126875564
2309,39.40565130631126
2310,34.652687010409444
2311,54.96582557640416
2312,48.928649917609064
2313,48.64614296668235
2314,47.89909475774354
2315,47.89909475774354
2316,47.89909475774354
2317,47.89909475774354
2318,47.89909475774354
2319,30.215471865619485
2320,46.92516693568792
2321,65.80555203255021
2322,66.8549413410917
2323,46.83163972966162
2324,46.971172203195344
2325,77.60169767382727
2326,70.69091701913567
2327,52.08499553366896
2328,47.25366313766001
2329,47.6836623374528
2330,46.92516693568792
2331,46.92516693568792
2332,46.92516693568792
2333,46.92516693568792
2334,46.92516693568792
2335,233.7635233977872
2336,31.80260486418163
2337,31.707991654277603
2338,29.03624534858511
2339,31.792670568284787
2340,41.67031919051636
2341,39.00952027567665
2342,31.799315546095773
2343,26.53146553718867
2344,31.398358136409385
2345,32.00349314451564
2346,31.80260486418163
2347,31.80260486418163
2348,31.80260486418163
2349,31.80260486418163
2350,31.80260486418163
2351,37.341410043808956
2352,47.53828620291733
2353,50.39268199666545
2354,43.39032029906632
2355,47.54821272375706
2356,49.60123515083688
2357,45.35819853879969
2358,47.659716178283105
2359,54.30159358122255
2360,47.769744094656126
2361,46.21262899387814
2362,47.53828620291733
2363,47.53828620291733
2364,47.53828620291733
2365,47.53828620291733
2366,47.53828620291733
2367,50.501579664606034
2368,98.98705688103297
2369,102.61151572197834
2370,128.69320855521968
2371,98.96161813587976
2372,104.62645102204299
2373,91.23749584038188
2374,74.20660100852379
2375,93.20089436379234
2376,108.70361182124738
2377,102.55111243140779
2378,98.98705688103297
2379,98.98705688103297
2380,98.98705688103297
2381,98.98705688103297
2382,98.98705688103297
2383,109.31477513093368
2384,21.373335965901937
2385,21.535828550254674
2386,19.044439549847308
2387,21.377687064045475
2388,27.39731573039768
2389,23.268774106731925
2390,32.06811872450389
2391,23.381300600201424
2392,19.79707902314033
2393,20.844395592587713
2394,21.373335965901937
2395,21.373335965901937
2396,21.373335965901937
2397,21.373335965901937
2398,21.373335965901937
2399,39.11317759244128
2400,67.49413222304612
2401,61.797364393362145
2402,177.7390525962739
2403,67.44415340624124
2404,70.06753355887979
2405,59.760489074160326
2406,67.04749002229896
2407,66.15182802228472
2408,62.63192682816574
2409,68.42126841217069
2410,67.49413222304612
2411,67.49413222304612
2412,67.49413222304612
2413,67.49413222304612
2414,67.49413222304612
2415,107.17343801647691
2416,115.35534579793394
2417,98.42119488026422
2418,50.026559322657214
2419,115.45469576735789
2420,90.53033862697313
2421,91.47587133334298
2422,115.75805378608138
2423,81.10736280167171
2424,123.83757888467171
2425,113.11022379267816
2426,115.35534579793394
2427,115.35534579793394
2428,115.35534579793394
2429,115.35534579793394
2430,115.35534579793394
2431,30.958297528703493
2432,46.284959720072386
2433,48.37012483576976
2434,58.035450903084715
2435,46.252613408231745
2436,70.36531993949251
2437,47.64112563725959
2438,40.87417026330388
2439,51.13908085214523
2440,45.44294983551761
2441,47.957200746305496
2442,46.284959720072386
2443,46.284959720072386
2444,46.284959720072386
2445,46.284959720072386
2446,46.284959720072386
2447,123.87281767634965
2448,154.95155845522584
2449,76.34163220722915
2450,67.55683056940622
2451,155.60002661902524
2452,72.90770629812718
2453,86.36903793881807
2454,167.1136229675399
2455,177.86301660653226
2456,163.53621214593164
2457,143.14034945258464
2458,154.95155845522584
2459,154.95155845522584
2460,154.95155845522584
2461,154.95155845522584
2462,154.95155845522584
2463,30.39382224505947
2464,40.888742686030675
2465,38.051653226749295
2466,73.40601119905287
2467,40.865175995531416
2468,44.729589721826095
2469,33.16778050957244
2470,38.95190142779373
2471,40.0248330347208
2472,38.37707889191296
2473,40.63154580040604
2474,40.888742686030675
2475,40.888742686030675
2476,40.888742686030675
2477,40.888742686030675
2478,40.888742686030675
2479,39.18365237581334
2480,52.735306656971
2481,79.8237258708553
2482,42.767826502788644
2483,52.75842546194125
2484,33.182647670469244
2485,74.6433298326761
2486,51.87848199728892
2487,40.42497113820709
2488,55.108806206331494
2489,53.3611387588543
2490,52.735306656971
2491,52.735306656971
2492,52.735306656971
2493,52.735306656971
2494,52.735306656971
2495,34.61505925918599
2496,41.22430204951093
2497,47.21262342104429
2498,43.92187883989443
2499,41.22275655491141
2500,30.933344146399325
2501,42.268098342971626
2502,36.522258137112054
2503,50.90994849465512
2504,36.80178879343844
2505,41.14641302583446
2506,41.22430204951093
2507,41.22430204951093
2508,41.22430204951093
2509,41.22430204951093
2510,41.22430204951093
2511,38.94760982601302
2512,48.39872646039568
2513,40.97922763118952
2514,49.09162103604603
2515,48.393747777807214
2516,70.17900669895242
2517,65.4452227685694
2518,54.98208984143536
2519,54.41300942872205
2520,60.029209881974815
2521,50.48703917602037
2522,48.39872646039568
2523,48.39872646039568
2524,48.39872646039568
2525,48.39872646039568
2526,48.39872646039568
2527,128.07634980286468
2528,84.18001948340743
2529,70.10977359008614
2530,74.48941843868664
2531,84.39958348276895
2532,55.01332124935646
2533,72.07909626924112
2534,81.84768817081563
2535,64.88945200804594
2536,88.25136741307156
2537,86.59245705810667
2538,84.18001948340743
2539,84.18001948340743
2540,84.18001948340743
2541,84.18001948340743
2542,84.18001948340743
2543,35.39022403218951
2544,32.84277864971965
2545,35.160698382559566
2546,32.765698508106375
2547,32.8179435820284
2548,56.46024562103529
2549,34.56663218702928
2550,31.92159063932468
2551,33.593602532857076
2552,31.2986604224617
2553,31.642976309019836
2554,32.84277864971965
2555,32.84277864971965
2556,32.84277864971965
2557,32.84277864971965
2558,32.84277864971965
2559,58.446565034538786
2560,62.891515871626595
2561,73.4876526353611
2562,70.42913100135767
2563,62.85217110864506
2564,68.38543650217468
2565,63.89027279876097
2566,63.04238660302776
2567,38.39741134443891
2568,64.06644402415675
2569,64.02382620585387
2570,62.891515871626595
2571,62.891515871626595
2572,62.891515871626595
2573,62.891515871626595
2574,62.891515871626595
2575,55.4341350980456
2576,43.73944460937517
2577,33.68197589695661
2578,42.357453216392756
2579,43.83380482261057
2580,25.177248039771143
2581,44.06749474004371
2582,43.630174436879656
2583,98.22894003811189
2584,43.54972407627682
2585,43.99300426600795
2586,43.73944460937517
2587,43.73944460937517
2588,43.73944460937517
2589,43.73944460937517
2590,43.73944460937517
2591,32.13413175251085
2592,28.696852954644857
2593,27.664819378048644
2594,27.355010477819135
2595,28.694841237848998
2596,45.560054253297245
2597,28.885678488442707
2598,33.371255877135695
2599,23.431080620931372
2600,28.142900229644486
2601,27.42301123706521
2602,28.696852954644857
2603,28.696852954644857
2604,28.696852954644857
2605,28.696852954644857
2606,28.696852954644857
2607,36.77465006959173
2608,71.72485046147646
2609,95.10004406215766
2610,71.58853674548313
2611,71.73574430077817
2612,44.23680847663133
2613,56.94606105230273
2614,66.2119475209953
2615,131.47056900787797
2616,72.05181121624241
2617,74.3502915648706
2618,71.72485046147646
2619,71.72485046147646
2620,71.72485046147646
2621,71.72485046147646
2622,71.72485046147646
2623,68.7731506062061
2624,80.21845260277084
2625,86.9924497189916
2626,106.69468509660224
2627,80.21122985316333
2628,60.354065572161176
2629,67.58441204756332
2630,80.48505038544639
2631,55.97117648564303
2632,88.5573443006904
2633,76.3568340512144
2634,80.21845260277084
2635,80.21845260277084
2636,80.21845260277084
2637,80.21845260277084
2638,80.21845260277084
2639,50.139944749238914
2640,30.345211571663878
2641,28.378976506514324
2642,23.343315261854244
2643,30.344738231629055
2644,62.11631392319382
2645,34.82789276677414
2646,30.13011825094026
2647,34.1684082977913
2648,28.329488932717975
2649,31.268719201454658
2650,30.345211571663878
2651,30.345211571663878
2652,30.345211571663878
2653,30.345211571663878
2654,30.345211571663878
2655,53.4151881654966
2656,67.46117812748935
2657,51.17413368863511
2658,165.5757572304205
2659,67.74675103097206
2660,47.65120903097298
2661,122.10429529148502
2662,78.07280327051846
2663,40.2584999110907
2664,62.643581799423735
2665,69.23268522894807
2666,67.46117812748935
2667,67.46117812748935
2668,67.46117812748935
2669,67.46117812748935
2670,67.46117812748935
2671,50.54925512715073
2672,42.275490891789836
2673,74.19214833454542
2674,32.40597704249667
2675,42.210788484872516
2676,54.680082776059315
2677,37.33534085096281
2678,38.44657685551806
2679,69.9403763195334
2680,44.989234860861984
2681,42.03532660922651
2682,42.275490891789836
2683,42.275490891789836
2684,42.275490891789836
2685,42.275490891789836
2686,42.275490891789836
2687,77.17104364623695
2688,29.29900361328703
2689,28.887699258532756
2690,33.37301142377797
2691,29.31379595770534
2692,34.94293314163085
2693,33.43960529454058
2694,28.72266614272078
2695,21.324303709253904
2696,31.110595880378643
2697,28.72890787281903
2698,29.29900361328703
2699,29.29900361328703
2700,29.29900361328703
2701,29.29900361328703
2702,29.29900361328703
2703,33.37318634604271
2704,82.22885417371131
2705,63.420949981457305
2706,63.53860228559186
2707,81.90640939239601
2708,80.407847487421
2709,87.30973059935522
2710,79.106469995445
2711,89.95853396464074
2712,78.70961839014586
2713,83.69983734431491
2714,82.22885417371131
2715,82.22885417371131
2716,82.22885417371131
2717,82.22885417371131
2718,82.22885417371131
2719,55.29223738419213
2720,50.248677855590806
2721,57.924837997573405
2722,139.4908669570987
2723,50.22446730652461
2724,41.030057472367496
2725,52.82066993873072
2726,71.8261802320742
2727,35.49260057296295
2728,51.651128967252724
2729,50.72123243043388
2730,50.248677855590806
2731,50.248677855590806
2732,50.248677855590806
2733,50.248677855590806
2734,50.248677855590806
2735,128.50813298535118
2736,62.848496031799506
2737,63.520600870191195
2738,37.558882399568624
2739,62.882114929380805
2740,66.3171702091497
2741,58.49590131876025
2742,42.941617241587956
2743,120.27489952759954
2744,59.878694434304705
2745,63.22090739073388
2746,62.848496031799506
2747,62.848496031799506
2748,62.848496031799506
2749,62.848496031799506
2750,62.848496031799506
2751,39.47688058143304
2752,56.387433337985875
2753,56.2862850805215
2754,61.17124704788959
2755,56.38915460311877
2756,58.078178944679145
2757,67.22899249431485
2758,54.9833103462152
2759,35.51655622090367
2760,53.95974325035385
2761,56.457902227319885
2762,56.387433337985875
2763,56.387433337985875
2764,56.387433337985875
2765,56.387433337985875
2766,56.387433337985875
2767,43.80798088577024
2768,56.19920968909971
2769,99.40090026212111
2770,75.37052876809058
2771,56.17097403885154
2772,47.90500500601633
2773,35.89979062243787
2774,54.41540149827747
2775,101.1315682085492
2776,61.807024910232265
2777,57.246880328664666
2778,56.19920968909971
2779,56.19920968909971
2780,56.19920968909971
2781,56.19920968909971
2782,56.19920968909971
2783,115.38079271858138
2784,71.62548547668868
2785,60.73041930156516
2786,56.5496868464618
2787,71.56332806522474
2788,70.26655355028564
2789,58.39462306372855
2790,100.075994707657
2791,56.627363042479274
2792,83.6098147196709
2793,68.42550745611408
2794,71.62548547668868
2795,71.62548547668868
2796,71.62548547668868
2797,71.62548547668868
2798,71.62548547668868
2799,57.0307953512839
2800,39.43413757970895
2801,40.77836407511594
2802,37.1156180059976
2803,39.44531374690666
2804,46.71824516893486
2805,45.34534273859594
2806,27.50227918453521
2807,61.93059283718132
2808,34.683028535342956
2809,39.88736305340934
2810,39.43413757970895
2811,39.43413757970895
2812,39.43413757970895
2813,39.43413757970895
2814,39.43413757970895
2815,54.04550480717833
2816,41.97416042909514
2817,46.01436961788548
2818,41.89408279181315
2819,41.96511731293389
2820,28.067517252591873
2821,30.975528290065252
2822,49.89383016281976
2823,58.854565314830765
2824,41.69151036908192
2825,42.91027520118914
2826,41.97416042909514
2827,41.97416042909514
2828,41.97416042909514
2829,41.97416042909514
2830,41.97416042909514
2831,36.82972783656211
2832,89.81828324566719
2833,63.20443463592985
2834,168.15158564986083
2835,89.94879279101245
2836,111.7336566557163
2837,101.14554735778995
2838,68.11663751416106
2839,49.31069810191322
2840,86.717910307337
2841,86.87022676985275
2842,89.81828324566719
2843,89.81828324566719
2844,89.81828324566719
2845,89.81828324566719
2846,89.81828324566719
2847,49.23768082311326
2848,44.36257773360377
2849,43.32324109029986
2850,44.18464610680418
2851,44.34423667714966
2852,33.69372687799987
2853,57.96755781582671
2854,38.37692153619383
2855,66.64732464672444
2856,44.192044151481916
2857,44.676897718368366
2858,44.36257773360377
2859,44.36257773360377
2860,44.36257773360377
2861,44.36257773360377
2862,44.36257773360377
2863,54.494233894358075
2864,35.74763911316849
2865,55.242174538631076
2866,30.08372439573074
2867,35.765977153039486
2868,73.94621709408214
2869,26.80379503730869
2870,38.87890878799955
2871,32.015530518737364
2872,36.51790860253929
2873,35.29893451752268
2874,35.74763911316849
2875,35.74763911316849
2876,35.74763911316849
2877,35.74763911316849
2878,35.74763911316849
2879,51.49448494430577
2880,28.73812191982525
2881,33.942671731596704
2882,35.36942454989081
2883,28.7527049849299
2884,51.92299526854604
2885,33.746865524768026
2886,37.204535666254685
2887,33.678828977917426
2888,25.801972629592626
2889,29.05129193861057
2890,28.73812191982525
2891,28.73812191982525
2892,28.73812191982525
2893,28.73812191982525
2894,28.73812191982525
2895,214.00605310256347
2896,166.87406378700328
2897,102.9234472341197
2898,61.916518715079455
2899,166.17093419224722
2900,110.09258483754121
2901,170.18689704253703
2902,149.12460932108155
2903,75.46933015307434
2904,185.73542556606958
2905,170.69964610538787
2906,166.87406378700328
2907,166.87406378700328
2908,166.87406378700328
2909,166.87406378700328
2910,166.87406378700328
2911,23.473683075788454
2912,40.18891701343702
2913,34.929887400263986
2914,56.40819276808031
2915,40.19472725120073
2916,46.34808600930223
2917,41.75918526645892
2918,39.30056861352956
2919,78.36605778284645
2920,44.129973216333454
2921,40.32549575514565
2922,40.18891701343702
2923,40.18891701343702
2924,40.18891701343702
2925,40.18891701343702
2926,40.18891701343702
2927,126.54649198605766
2928,94.83040345099144
2929,102.24273606407388
2930,77.4253776027189
2931,94.78187239257055
2932,53.17771923782468
2933,83.42887624825426
2934,116.95986198347437
2935,48.66234600045345
2936,85.40675434382413
2937,91.0258772060117
2938,94.83040345099144
2939,94.83040345099144
2940,94.83040345099144
2941,94.83040345099144
2942,94.83040345099144
2943,32.60055874848587
2944,44.53310333981189
2945,43.59122417828046
2946,55.29085975124845
2947,44.53034953292194
2948,39.78087529111838
2949,61.872129836767364
2950,52.58904183690048
2951,53.67045552237088
2952,46.395265877275904
2953,44.800858493964725
2954,44.53310333981189
2955,44.53310333981189
2956,44.53310333981189
2957,44.53310333981189
2958,44.53310333981189
2959,109.84401308188556
2960,130.54720192441502
2961,96.94784181009167
2962,65.0296627112509
2963,130.67824688899634
2964,145.1297575053756
2965,70.5855643667187
2966,106.67829235492346
2967,75.0608534014375
2968,122.14907299528382
2969,135.1651522961324
2970,130.54720192441502
2971,130.54720192441502
2972,130.54720192441502
2973,130.54720192441502
2974,130.54720192441502
2975,22.49849870590032
2976,44.91630854451749
2977,45.26210427174271
2978,66.64836725278644
2979,44.95453268353361
2980,41.30423479207569
2981,39.35372666756032
2982,46.251673338476564
2983,82.5203838636634
2984,46.83181636210118
2985,45.69590238176471
2986,44.91630854451749
2987,44.91630854451749
2988,44.91630854451749
2989,44.91630854451749
2990,44.91630854451749
2991,119.75079118943982
2992,56.48586679399429
2993,57.92323669534896
2994,46.644941395583075
2995,56.44718442209
2996,40.28247417335331
2997,85.28745150793445
2998,46.26304347573152
2999,35.19077135685331
3000,55.12512840875143
3001,53.577336558048714
3002,56.48586679399429
3003,56.48586679399429
3004,56.48586679399429
3005,56.48586679399429
3006,56.48586679399429
3007,21.726221823342
3008,17.958229851612423
3009,18.31657261277547
3010,18.309158152559732
3011,17.9577716881302
3012,16.356202265484654
3013,18.30579400404356
3014,23.843935165400747
3015,24.52690934638532
3016,19.820475609695606
3017,18.490297843780468
3018,17.958229851612423
3019,17.958229851612423
3020,17.958229851612423
3021,17.958229851612423
3022,17.958229851612423
3023,35.66009560684366
3024,92.9733193487024
3025,89.5693693984187
3026,206.26323128481306
3027,93.01474770266273
3028,103.78081577795909
3029,93.7051656307478
3030,77.29140296541246
3031,57.20184699468249
3032,79.26196413094655
3033,87.0927287255045
3034,92.9733193487024
3035,92.9733193487024
3036,92.9733193487024
3037,92.9733193487024
3038,92.9733193487024
3039,80.8455329417404
3040,35.791014734417
3041,41.226474937860424
3042,34.18510294094636
3043,35.786563953050994
3044,46.88948794137238
3045,34.90496984569818
3046,42.5159046178731
3047,48.42595492005027
3048,35.15273831001205
3049,35.82081301175909
3050,35.791014734417
3051,35.791014734417
3052,35.791014734417
3053,35.791014734417
3054,35.791014734417
3055,83.04882406646702
3056,74.31071483536847
3057,67.79602179400818
3058,48.69372608653999
3059,74.30678931184517
3060,81.48645858297769
3061,56.77391358758679
3062,70.38635621180276
3063,65.0298217272383
3064,77.37708821082211
3065,74.84316043493742
3066,74.31071483536847
3067,74.31071483536847
3068,74.31071483536847
3069,74.31071483536847
3070,74.31071483536847
3071,38.101911548786944
3072,23.68086488200398
3073,27.191459519224026
3074,41.708835479491974
3075,23.677219871712243
3076,38.797434818766185
3077,33.79725762955727
3078,33.18864291763551
3079,25.309861883985377
3080,26.053242186783812
3081,23.322081594960718
3082,23.68086488200398
3083,23.68086488200398
3084,23.68086488200398
3085,23.68086488200398
3086,23.68086488200398
3087,378.43802649652565
3088,157.58467910328946
3089,97.2567249192656
3090,86.67696579630356
3091,157.91062344127022
3092,89.43467970923449
3093,95.75949029872201
3094,143.29390143673734
3095,154.78823073547616
3096,138.49947742786202
3097,155.55376366853173
3098,157.58467910328946
3099,157.58467910328946
3100,157.58467910328946
3101,157.58467910328946
3102,157.58467910328946
3103,28.030933883849826
3104,102.76633705853182
3105,97.11431340102266
3106,116.83865771809488
3107,102.65700974779108
3108,122.72231718383405
3109,69.2252426664329
3110,112.44880670389419
3111,64.56890336165601
3112,91.749474499083
3113,101.96480786717453
3114,102.76633705853182
3115,102.76633705853182
3116,102.76633705853182
3117,102.76633705853182
3118,102.76633705853182
3119,57.4028749616113
3120,33.49948239347879
3121,37.61252564257462
3122,27.80831360329888
3123,33.50930854218995
3124,22.04349599770409
3125,39.755595354241166
3126,29.7289014401311
3127,34.851405096854755
3128,36.17107514577807
3129,34.65508200626314
3130,33.49948239347879
3131,33.49948239347879
3132,33.49948239347879
3133,33.49948239347879
3134,33.49948239347879
3135,22.553572601295873
3136,48.91043448639677
3137,53.64454274705992
3138,48.28710752448741
3139,48.94071564675352
3140,37.77367244641107
3141,46.614512574935404
3142,57.81625083336474
3143,49.66550066374624
3144,48.7627096606758
3145,47.55603149860355
3146,48.91043448639677
3147,48.91043448639677
3148,48.91043448639677
3149,48.91043448639677
3150,48.91043448639677
3151,45.04816143613586
3152,39.954143030446524
3153,36.30587892987377
3154,41.92296520593773
3155,39.89780878086926
3156,54.918462784722486
3157,35.58456152639351
3158,29.3449479743929
3159,46.122253945415515
3160,40.89577116106558
3161,41.04657136540003
3162,39.954143030446524
3163,39.954143030446524
3164,39.954143030446524
3165,39.954143030446524
3166,39.954143030446524
3167,41.53228593565099
3168,71.60757033749097
3169,55.97115812988401
3170,76.06883281707037
3171,71.65671298378737
3172,55.963008805732954
3173,90.38382392970095
3174,74.07449682178152
3175,86.12342594577524
3176,71.7218605366506
3177,70.60738130913919
3178,71.60757033749097
3179,71.60757033749097
3180,71.60757033749097
3181,71.60757033749097
3182,71.60757033749097
3183,62.36213458852451
3184,35.95835318504801
3185,49.020997215975434
3186,32.137708502971506
3187,35.946366518059286
3188,73.85089950436469
3189,34.314000563314615
3190,28.960580337558493
3191,32.40006807850172
3192,35.17669906450167
3193,36.09217918771893
3194,35.95835318504801
3195,35.95835318504801
3196,35.95835318504801
3197,35.95835318504801
3198,35.95835318504801
3199,56.34035274739958
3200,51.68294688502864
3201,50.65668902097753
3202,45.67113791561449
3203,51.674245690793846
3204,37.49931009429628
3205,44.17760502557174
3206,70.22106392109347
3207,61.97703780035328
3208,45.68926690224256
3209,49.040549022659164
3210,51.68294688502864
3211,51.68294688502864
3212,51.68294688502864
3213,51.68294688502864
3214,51.68294688502864
3215,40.20791356278502
3216,38.21026244577463
3217,32.3950478078957
3218,39.40164643002061
3219,38.235345275849625
3220,35.643423823204294
3221,48.95072926455678
3222,32.97981046783973
3223,43.51503450263925
3224,44.38424566576901
3225,39.96547650640556
3226,38.21026244577463
3227,38.21026244577463
3228,38.21026244577463
3229,38.21026244577463
3230,38.21026244577463
3231,46.32478098673501
3232,32.93090233203052
3233,37.56127454525555
3234,35.70885716065369
3235,32.95511962694075
3236,39.42371728342541
3237,39.22220079219061
3238,30.779287015193553
3239,35.71856527924923
3240,33.17343417366408
3241,32.94400229073821
3242,32.93090233203052
3243,32.93090233203052
3244,32.93090233203052
3245,32.93090233203052
3246,32.93090233203052
3247,74.48217499809444
3248,79.92266460968567
3249,79.06726569771514
3250,65.47868810800789
3251,79.80814838296803
3252,80.73586918477729
3253,45.31907887947341
3254,94.33131004113356
3255,61.296852972254975
3256,75.91447263693286
3257,79.34067760186494
3258,79.92266460968567
3259,79.92266460968567
3260,79.92266460968567
3261,79.92266460968567
3262,79.92266460968567
3263,39.178034568963
3264,67.37624141722098
3265,67.67359248867444
3266,145.76184973283182
3267,67.3712831103289
3268,66.86980215164292
3269,69.27112772619735
3270,78.39018810015921
3271,80.08605226864569
3272,64.34909546148828
3273,67.0015556831405
3274,67.37624141722098
3275,67.37624141722098
3276,67.37624141722098
3277,67.37624141722098
3278,67.37624141722098
3279,199.32935266021585
3280,68.50905657459424
3281,98.05785416334574
3282,36.97264907349244
3283,68.5703044463248
3284,90.81549033223038
3285,58.261657203463315
3286,50.526115081165806
3287,70.12302461156223
3288,73.95146315417618
3289,66.78675105769923
3290,68.50905657459424
3291,68.50905657459424
3292,68.50905657459424
3293,68.50905657459424
3294,68.50905657459424
3295,36.68629739227213
3296,95.88602227229096
3297,87.87673415000457
3298,124.14141827420165
3299,95.89635744614777
3300,89.2849410176759
3301,108.90457656795202
3302,84.06275290707515
3303,68.7311257926531
3304,91.0658106774953
3305,93.08891917421171
3306,95.88602227229096
3307,95.88602227229096
3308,95.88602227229096
3309,95.88602227229096
3310,95.88602227229096
3311,63.8344017959713
3312,30.053510155971296
3313,30.369327450180634
3314,26.56961107071451
3315,30.05316480115099
3316,23.290636170060374
3317,30.72507655587745
3318,33.01913776675351
3319,28.816518900180586
3320,30.608551694449552
3321,31.629748735226748
3322,30.053510155971296
3323,30.053510155971296
3324,30.053510155971296
3325,30.053510155971296
3326,30.053510155971296
3327,23.9073609150031
3328,52.23954420656411
3329,54.042810453867205
3330,90.4750037993329
3331,52.21530860500923
3332,34.46049688155395
3333,53.209011075530256
3334,52.55692093429389
3335,50.979575447107415
3336,47.718585393251324
3337,54.45182495956309
3338,52.23954420656411
3339,52.23954420656411
3340,52.23954420656411
3341,52.23954420656411
3342,52.23954420656411
3343,56.850416655910436
3344,65.34038315282105
3345,47.378885562994206
3346,56.819888836993385
3347,65.4962065163524
3348,131.20726659321008
3349,51.158511624076716
3350,64.72920034865176
3351,93.7349469506007
3352,71.8229662862802
3353,62.42233248904747
3354,65.34038315282105
3355,65.34038315282105
3356,65.34038315282105
3357,65.34038315282105
3358,65.34038315282105
3359,89.68390893259529
3360,32.44039661528243
3361,30.9908775896529
3362,36.838421177429
3363,32.43336944634859
3364,22.47981243109702
3365,37.139154112331376
3366,44.92294353192731
3367,29.47912344083421
3368,34.90827414474254
3369,32.057567846966194
3370,32.44039661528243
3371,32.44039661528243
3372,32.44039661528243
3373,32.44039661528243
3374,32.44039661528243
3375,36.22304653211773
3376,90.50847188332979
3377,193.63418232659245
3378,50.532996645635556
3379,90.53948239029899
3380,113.5584744359093
3381,96.63602087286083
3382,63.052007829501
3383,63.585314046349765
3384,85.32362550585947
3385,91.15096243575456
3386,90.50847188332979
3387,90.50847188332979
3388,90.50847188332979
3389,90.50847188332979
3390,90.50847188332979
3391,38.74568617771356
3392,25.858877681831483
3393,27.67104186883491
3394,26.494726157071753
3395,25.858725848815983
3396,30.7966277479557
3397,32.90850401053578
3398,25.930288356200403
3399,33.22276922980046
3400,25.46536164979789
3401,25.701076261187424
3402,25.858877681831483
3403,25.858877681831483
3404,25.858877681831483
3405,25.858877681831483
3406,25.858877681831483
3407,59.51280189801445
3408,123.18762091038631
3409,85.6573182294899
3410,86.82667195308473
3411,123.1247134260671
3412,70.32461710115308
3413,81.85195652224532
3414,123.17680920590081
3415,125.76990506913974
3416,124.31088200483721
3417,121.42228384792624
3418,123.18762091038631
3419,123.18762091038631
3420,123.18762091038631
3421,123.18762091038631
3422,123.18762091038631
3423,35.904031149929864
3424,37.450374489333875
3425,28.64594837337001
3426,33.61155993480786
3427,37.575081884094025
3428,65.16135959014908
3429,28.87506237223495
3430,52.40078109279209
3431,35.07416782831797
3432,38.56074200878581
3433,39.655665618727106
3434,37.450374489333875
3435,37.450374489333875
3436,37.450374489333875
3437,37.450374489333875
3438,37.450374489333875
3439,49.417747872155815
3440,77.93509646875147
3441,89.4015692670758
3442,104.94409536232689
3443,77.80205185343411
3444,49.897464567365766
3445,89.33342015733285
3446,52.66029934031132
3447,73.73675680567686
3448,78.46696621750807
3449,74.08309429616003
3450,77.93509646875147
3451,77.93509646875147
3452,77.93509646875147
3453,77.93509646875147
3454,77.93509646875147
3455,53.42912230987716
3456,52.51538087102599
3457,50.809580855511086
3458,51.26487782075194
3459,52.55029562499861
3460,48.834630804743774
3461,49.8916894531834
3462,53.61790295822898
3463,63.55947275607327
3464,55.502571751326165
3465,52.541864135559294
3466,52.51538087102599
3467,52.51538087102599
3468,52.51538087102599
3469,52.51538087102599
3470,52.51538087102599
3471,57.17137217161125
3472,164.2498849640015
3473,127.11278036513207
3474,98.83440588472939
3475,163.32167317362448
3476,115.19615022639978
3477,144.70992933912598
3478,167.0015625033021
3479,156.0724621310116
3480,152.49231867185446
3481,157.61656690427344
3482,164.2498849640015
3483,164.2498849640015
3484,164.2498849640015
3485,164.2498849640015
3486,164.2498849640015
3487,40.87271451715069
3488,43.548353220995594
3489,43.11428878785513
3490,44.16581124757406
3491,43.53122900463924
3492,42.102509748183685
3493,48.9838418972762
3494,48.78026939188801
3495,39.758030050651136
3496,39.133275003359074
3497,45.171139623421915
3498,43.548353220995594
3499,43.548353220995594
3500,43.548353220995594
3501,43.548353220995594
3502,43.548353220995594
3503,45.17274293661157
3504,39.81539164550293
3505,41.363146534521185
3506,46.36055079642229
3507,39.82690622740161
3508,46.98496088383598
3509,37.16994926362927
3510,35.554500154030286
3511,42.38122025960248
3512,45.58213899082506
3513,39.35190311720131
3514,39.81539164550293
3515,39.81539164550293
3516,39.81539164550293
3517,39.81539164550293
3518,39.81539164550293
3519,60.147681376034804
3520,33.614759117809186
3521,34.198769129549504
3522,46.24619636528303
3523,33.61645621065808
3524,47.680394172485
3525,32.454553134955326
3526,34.75701568926489
3527,30.331167543100406
3528,31.849356648584127
3529,34.34377712401541
3530,33.614759117809186
3531,33.614759117809186
3532,33.614759117809186
3533,33.614759117809186
3534,33.614759117809186
3535,59.387841238473875
3536,50.37857803852575
3537,51.519913780642135
3538,42.07579924789766
3539,50.351402697370304
3540,58.32574214515932
3541,68.66441805639904
3542,51.699813028244094
3543,73.28021307721768
3544,53.164631813607706
3545,49.87008294164144
3546,50.37857803852575
3547,50.37857803852575
3548,50.37857803852575
3549,50.37857803852575
3550,50.37857803852575
3551,100.2208811351313
3552,28.527177650519377
3553,29.265468358821963
3554,34.75825594776645
3555,28.51311748918856
3556,26.006418472040824
3557,35.56141429866173
3558,32.48445530297658
3559,26.637760930173602
3560,27.902928504585383
3561,28.451342302887774
3562,28.527177650519377
3563,28.527177650519377
3564,28.527177650519377
3565,28.527177650519377
3566,28.527177650519377
3567,43.90937052447339
3568,127.92545690122684
3569,119.6732084190042
3570,72.6990865356374
3571,128.03107353053957
3572,148.02424500552354
3573,77.05827481116933
3574,116.93515974237017
3575,95.18770690064652
3576,134.54425214224915
3577,125.66948091223658
3578,127.92545690122684
3579,127.92545690122684
3580,127.92545690122684
3581,127.92545690122684
3582,127.92545690122684
3583,45.84710075467348
3584,49.23526531259912
3585,49.02945754599743
3586,71.149445012066
3587,49.2545794285028
3588,44.882129089677505
3589,58.71876957088404
3590,42.24212245005603
3591,62.04216507868763
3592,45.047313296421734
3593,48.06382675458102
3594,49.23526531259912
3595,49.23526531259912
3596,49.23526531259912
3597,49.23526531259912
3598,49.23526531259912
3599,84.82584076176462
3600,72.8039708131002
3601,67.80299027182114
3602,56.507716706593676
3603,72.6313177275288
3604,81.62640854132506
3605,60.97505764023267
3606,79.84603612854032
3607,34.93518156438271
3608,80.51870662974514
3609,76.26328980335624
3610,72.8039708131002
3611,72.8039708131002
3612,72.8039708131002
3613,72.8039708131002
3614,72.8039708131002
3615,35.39886810278437
3616,37.57791163801438
3617,39.18899882735775
3618,46.079887059537306
3619,37.56455134770921
3620,36.30177937482844
3621,28.184111151643275
3622,37.38342486525505
3623,54.51105290883369
3624,40.83677112767591
3625,36.74556571471781
3626,37.57791163801438
3627,37.57791163801438
3628,37.57791163801438
3629,37.57791163801438
3630,37.57791163801438
3631,51.44748956893658
3632,73.13320448085366
3633,75.21026096157287
3634,53.38927020038225
3635,73.1650081426364
3636,54.2867644240919
3637,94.74188044533724
3638,73.28358616145059
3639,59.056961457276316
3640,69.41963870703854
3641,73.79490512815143
3642,73.13320448085366
3643,73.13320448085366
3644,73.13320448085366
3645,73.13320448085366
3646,73.13320448085366
3647,38.76819455083776
3648,27.47505111470903
3649,27.29948920024247
3650,27.196966954171618
3651,27.472899240700663
3652,26.35585197848678
3653,26.12529893764897
3654,23.417090860782274
3655,36.30435078084536
3656,26.973782721487133
3657,26.851909347156976
3658,27.47505111470903
3659,27.47505111470903
3660,27.47505111470903
3661,27.47505111470903
3662,27.47505111470903
3663,26.65264218673084
3664,179.993141608617
3665,264.70578495680536
3666,107.5680481760962
3667,180.0373303770087
3668,207.06712138786463
3669,179.4241022587997
3670,187.15943592055748
3671,102.93755565752247
3672,179.10444463692573
3673,178.63035305684028
3674,179.993141608617
3675,179.993141608617
3676,179.993141608617
3677,179.993141608617
3678,179.993141608617
3679,121.99746810048072
3680,26.720822487824666
3681,21.07216475002523
3682,27.26392146906517
3683,26.69601205617025
3684,35.65563573914589
3685,26.597108528160465
3686,26.6506795264923
3687,60.419943812524664
3688,27.337550378258612
3689,26.612911678328782
3690,26.720822487824666
3691,26.720822487824666
3692,26.720822487824666
3693,26.720822487824666
3694,26.720822487824666
3695,57.50290016506649
3696,71.01111548603888
3697,70.90585178484804
3698,85.76642553096809
3699,71.04628212843258
3700,76.03618301075923
3701,80.06282687398284
3702,71.19263654025295
3703,48.10085653163722
3704,71.18722545826301
3705,74.33954114631925
3706,71.01111548603888
3707,71.01111548603888
3708,71.01111548603888
3709,71.01111548603888
3710,71.01111548603888
3711,69.87006431504989
3712,45.79473937151567
3713,49.73547819537171
3714,47.306280562452166
3715,45.77316613368353
3716,30.70496031866379
3717,39.77536486173806
3718,32.44646407822907
3719,58.84821992374559
3720,51.601076491510646
3721,45.80232292926071
3722,45.79473937151567
3723,45.79473937151567
3724,45.79473937151567
3725,45.79473937151567
3726,45.79473937151567
3727,30.260790914393507
3728,73.90019432085207
3729,43.22683223090373
3730,50.880585484977615
3731,74.17082238987449
3732,97.31705272450786
3733,149.71905928729822
3734,100.89610440197976
3735,49.19585567153001
3736,58.265012876508194
3737,71.7114060772238
3738,73.90019432085207
3739,73.90019432085207
3740,73.90019432085207
3741,73.90019432085207
3742,73.90019432085207
3743,55.427919142820244
3744,41.35943117096145
3745,37.38829441849814
3746,38.01525068813522
3747,41.327549096763114
3748,28.930207974495282
3749,45.168698201033756
3750,42.68826788485458
3751,80.98496253556213
3752,39.92457449991382
3753,40.529179887226924
3754,41.35943117096145
3755,41.35943117096145
3756,41.35943117096145
3757,41.35943117096145
3758,41.35943117096145
3759,45.30949381713773
3760,46.89229818430151
3761,54.65455684305515
3762,61.56912291406638
3763,46.91831300658093
3764,91.62558839297643
3765,39.46926992721751
3766,48.03328252299092
3767,31.986514974242407
3768,49.501027860919166
3769,49.197559856821144
3770,46.89229818430151
3771,46.89229818430151
3772,46.89229818430151
3773,46.89229818430151
3774,46.89229818430151
3775,79.85160477530758
3776,37.05540260696594
3777,39.62368912554104
3778,63.835063957821845
3779,37.05466753312602
3780,63.26964353652836
3781,31.195076382240234
3782,25.400445379088133
3783,47.370690707276836
3784,38.000936497623684
3785,35.565087656791356
3786,37.05540260696594
3787,37.05540260696594
3788,37.05540260696594
3789,37.05540260696594
3790,37.05540260696594
3791,130.98212251339322
3792,67.07342096260342
3793,64.90088514612565
3794,62.343336874343365
3795,67.06473055479336
3796,43.71843181362938
3797,68.71875542083457
3798,94.44883123014964
3799,36.48735148348209
3800,64.28948331394362
3801,70.89834771764397
3802,67.07342096260342
3803,67.07342096260342
3804,67.07342096260342
3805,67.07342096260342
3806,67.07342096260342
3807,36.0069293548439
3808,29.997763883287924
3809,27.223174993795936
3810,33.960263779319575
3811,30.031833424917227
3812,34.53476443970139
3813,30.40174636195671
3814,30.76854979446946
3815,37.846621230744915
3816,32.03683311579845
3817,30.164234888349196
3818,29.997763883287924
3819,29.997763883287924
3820,29.997763883287924
3821,29.997763883287924
3822,29.997763883287924
3823,47.64509140359709
3824,160.14002866773797
3825,268.84672762342007
3826,58.95132601278733
3827,159.83026309047983
3828,95.28973885039768
3829,184.10502746697153
3830,163.59198379676656
3831,125.51226120989904
3832,152.43918452424774
3833,158.89292857004327
3834,160.14002866773797
3835,160.14002866773797
3836,160.14002866773797
3837,160.14002866773797
3838,160.14002866773797
3839,42.57076488367297
3840,31.258591840129988
3841,31.224224056305207
3842,56.712347589249234
3843,31.250615653685806
3844,38.23347168494988
3845,27.804073537862887
3846,36.584238893923306
3847,16.57648030565942
3848,34.677908187452324
3849,30.9091868530152
3850,31.258591840129988
3851,31.258591840129988
3852,31.258591840129988
3853,31.258591840129988
3854,31.258591840129988
3855,33.815258363680194
3856,196.5958081418879
3857,189.86097912457157
3858,75.57434982486552
3859,197.1538682282958
3860,189.25218981625068
3861,216.96069943019634
3862,187.34071923538883
3863,291.8697195782919
3864,177.95878059833342
3865,194.9792808666525
3866,196.5958081418879
3867,196.5958081418879
3868,196.5958081418879
3869,196.5958081418879
3870,196.5958081418879
3871,108.60514241632613
3872,41.767256241897215
3873,43.52438007200882
3874,47.52987694625237
3875,41.79472676629022
3876,33.74760134490574
3877,42.72261736428612
3878,35.51990207593061
3879,31.8539896768395
3880,38.33317757072195
3881,43.88721868447265
3882,41.767256241897215
3883,41.767256241897215
3884,41.767256241897215
3885,41.767256241897215
3886,41.767256241897215
3887,25.284848364624622
3888,33.09179302617379
3889,33.676408680438605
3890,29.640728643699738
3891,33.076903268616405
3892,33.06939342687419
3893,34.49654852649823
3894,44.4231669505555
3895,48.80533891110026
3896,35.54729477849313
3897,31.988061354765712
3898,33.09179302617379
3899,33.09179302617379
3900,33.09179302617379
3901,33.09179302617379
3902,33.09179302617379
3903,60.66965912274948
3904,37.35261932866379
3905,38.90879552152599
3906,34.85153191936676
3907,37.341956775455735
3908,37.45646868255053
3909,48.42586798870266
3910,39.279422301837215
3911,29.5131728244988
3912,37.150541017243924
3913,38.79913789642253
3914,37.35261932866379
3915,37.35261932866379
3916,37.35261932866379
3917,37.35261932866379
3918,37.35261932866379
3919,39.287558966790414
3920,59.57709687573409
3921,55.73313637513723
3922,62.112629371285024
3923,59.66848151959532
3924,48.19680285665788
3925,51.2208945294431
3926,50.34888678326344
3927,77.62075440910019
3928,60.35486810059154
3929,57.79405286637367
3930,59.57709687573409
3931,59.57709687573409
3932,59.57709687573409
3933,59.57709687573409
3934,59.57709687573409
3935,42.032498558847216
3936,135.61655866603184
3937,136.85278604077774
3938,174.7158686682296
3939,135.6170436146487
3940,133.7604580312833
3941,76.5434574111961
3942,104.6463744678654
3943,81.42562215659277
3944,135.09515930813404
3945,131.80013605853344
3946,135.61655866603184
3947,135.61655866603184
3948,135.61655866603184
3949,135.61655866603184
3950,135.61655866603184
3951,40.553412817612994
3952,33.95621319192421
3953,31.27203959121846
3954,31.123971037358245
3955,33.95088959214463
3956,39.88422859965972
3957,49.930601460528685
3958,39.57002787625392
3959,60.29799608863192
3960,33.11047861329468
3961,34.23922157623061
3962,33.95621319192421
3963,33.95621319192421
3964,33.95621319192421
3965,33.95621319192421
3966,33.95621319192421
3967,103.93361727005896
3968,46.80710321794713
3969,50.98858693890497
3970,46.52334965481084
3971,46.79392555672168
3972,49.97965268778781
3973,42.76649700585977
3974,42.99832298652274
3975,36.3689486045722
3976,45.23937848169692
3977,48.36607474335559
3978,46.80710321794713
3979,46.80710321794713
3980,46.80710321794713
3981,46.80710321794713
3982,46.80710321794713
3983,34.358640411875584
3984,76.27428067313313
3985,51.3162863426012
3986,80.2913658507388
3987,76.42247638291913
3988,42.14851747409108
3989,75.02242196791035
3990,88.00180847274169
3991,95.10032327769025
3992,80.9638567844869
3993,74.60762189579097
3994,76.27428067313313
3995,76.27428067313313
3996,76.27428067313313
3997,76.27428067313313
3998,76.27428067313313
3999,42.54338647287714
4000,40.12110675402231
4001,37.890355825063196
4002,40.94530601056545
4003,40.085608180201724
4004,65.99331763356705
4005,40.59086513465779
4006,35.650859150761235
4007,32.114779732546914
4008,43.258364612135075
4009,40.09024431320491
4010,40.12110675402231
4011,40.12110675402231
4012,40.12110675402231
4013,40.12110675402231
4014,40.12110675402231
4015,48.01402074656907
4016,53.95650924192493
4017,83.92587764043006
4018,48.74332939612577
4019,54.01634235456438
4020,35.17940896856387
4021,70.43846621303958
4022,76.15373825527352
4023,122.00872358055817
4024,46.072994825197824
4025,53.28645900309325
4026,53.95650924192493
4027,53.95650924192493
4028,53.95650924192493
4029,53.95650924192493
4030,53.95650924192493
4031,146.06585833395062
4032,67.09334105093387
4033,102.32924125688074
4034,179.7630650436132
4035,67.12659648670744
4036,52.77924129149102
4037,54.973013390010955
4038,57.57625288790344
4039,35.28479809316094
4040,70.0200580038625
4041,67.27766094842667
4042,67.09334105093387
4043,67.09334105093387
4044,67.09334105093387
4045,67.09334105093387
4046,67.09334105093387
4047,80.40140052369146
4048,31.97977958696997
4049,29.3721023322264
4050,26.058554915333616
4051,31.93766349416418
4052,64.95494838913757
4053,44.04671625968347
4054,33.784403549792195
4055,41.63045609479432
4056,31.385756835941287
4057,31.264995098261018
4058,31.97977958696997
4059,31.97977958696997
4060,31.97977958696997
4061,31.97977958696997
4062,31.97977958696997
4063,85.96553025407692
4064,64.27790211524659
4065,57.17548620765516
4066,70.3379818076532
4067,64.2527162423766
4068,46.85251847671024
4069,73.51517412334303
4070,50.044105150369546
4071,52.068575652896
4072,66.88465202698627
4073,67.60154752609294
4074,64.27790211524659
4075,64.27790211524659
4076,64.27790211524659
4077,64.27790211524659
4078,64.27790211524659
4079,34.173456535160426
4080,48.0254633317164
4081,52.242994206844415
4082,34.52604841601742
4083,48.0325650944841
4084,65.35249705334871
4085,35.49026502568418
4086,58.626129596174884
4087,94.50269305974098
4088,44.209537401466726
4089,46.88015418948622
4090,48.0254633317164
4091,48.0254633317164
4092,48.0254633317164
4093,48.0254633317164
4094,48.0254633317164
4095,63.55962793411192
4096,65.69560391550249
4097,70.23665383193655
4098,75.9633682335268
4099,65.64865306049398
4100,72.91843366616973
4101,72.36615696732848
4102,69.06886707997874
4103,59.42704535176176
4104,71.27775341242803
4105,65.40178596534625
4106,65.69560391550249
4107,65.69560391550249
4108,65.69560391550249
4109,65.69560391550249
4110,65.69560391550249
4111,111.16661174180813
4112,33.66139647343134
4113,28.911753613120982
4114,25.291818388454164
4115,33.71243638357575
4116,45.79238131115935
4117,35.17022335202326
4118,35.76464940702294
4119,54.221956003194094
4120,29.949018999271686
4121,34.16395252239769
4122,33.66139647343134
4123,33.66139647343134
4124,33.66139647343134
4125,33.66139647343134
4126,33.66139647343134
4127,46.974379595929676
4128,40.067869592505076
4129,38.187998074391636
4130,68.7027277145815
4131,40.077221830281935
4132,45.098392835951934
4133,41.81040862335299
4134,61.65288104878492
4135,24.05477727380879
4136,36.59246359677754
4137,41.33656072711877
4138,40.067869592505076
4139,40.067869592505076
4140,40.067869592505076
4141,40.067869592505076
4142,40.067869592505076
4143,53.73642296428614
4144,45.96944420967364
4145,75.34724539648039
4146,35.87129620042046
4147,45.96373429011974
4148,42.55139441400065
4149,39.31462753656182
4150,35.20961406957244
4151,63.42906687428502
4152,51.208004804273095
4153,44.155070922911726
4154,45.96944420967364
4155,45.96944420967364
4156,45.96944420967364
4157,45.96944420967364
4158,45.96944420967364
4159,38.59509490493777
4160,71.67653005330764
4161,92.33920249926418
4162,77.26101885089848
4163,71.67207422075433
4164,52.351006342665016
4165,58.064914068187875
4166,67.82382874052485
4167,44.11903776803699
4168,70.70397595495204
4169,74.1180284865404
4170,71.67653005330764
4171,71.67653005330764
4172,71.67653005330764
4173,71.67653005330764
4174,71.67653005330764
4175,31.537799627964137
4176,63.90133550682021
4177,52.307820461800524
4178,84.33753638264496
4179,63.89635414557286
4180,58.39216711387479
4181,69.92951255202111
4182,60.56895694905865
4183,163.36019705172234
4184,62.991598164185355
4185,59.889648910709276
4186,63.90133550682021
4187,63.90133550682021
4188,63.90133550682021
4189,63.90133550682021
4190,63.90133550682021
4191,138.38080735452064
4192,33.32276066747778
4193,27.191353077047033
4194,31.423678938475593
4195,33.34224275482807
4196,37.39903333353548
4197,45.883733248100924
4198,45.90503965240058
4199,21.48227746620149
4200,34.47862953984768
4201,33.54723525182921
4202,33.32276066747778
4203,33.32276066747778
4204,33.32276066747778
4205,33.32276066747778
4206,33.32276066747778
4207,34.4120071724697
4208,75.85634481337978
4209,82.53486549221029
4210,72.97254932137653
4211,75.84190267592844
4212,69.22712231986205
4213,63.94561877228447
4214,53.38412019038364
4215,97.01420443542007
4216,75.16246057177716
4217,76.97042142759844
4218,75.85634481337978
4219,75.85634481337978
4220,75.85634481337978
4221,75.85634481337978
4222,75.85634481337978
4223,52.86890962332687
4224,66.03519183987181
4225,64.32323443254091
4226,74.04062630307817
4227,66.05313297928564
4228,43.19636083738692
4229,71.91295722421556
4230,66.78882521081708
4231,40.763595331937495
4232,63.77501981892686
4233,66.85180362746914
4234,66.03519183987181
4235,66.03519183987181
4236,66.03519183987181
4237,66.03519183987181
4238,66.03519183987181
4239,31.00763247918091
4240,66.86897320040447
4241,81.58291091952586
4242,90.58295179044146
4243,66.64805013192405
4244,83.23638929771451
4245,62.25111649157329
4246,70.37370973507872
4247,164.54167209479664
4248,69.48550413034391
4249,63.709443163802725
4250,66.86897320040447
4251,66.86897320040447
4252,66.86897320040447
4253,66.86897320040447
4254,66.86897320040447
4255,253.80157602495348
4256,84.24368391783216
4257,74.02735231721513
4258,64.62735050349623
4259,84.36094477965784
4260,54.43797334810536
4261,78.59264442547533
4262,99.33964591230425
4263,51.94815268038943
4264,99.96738921516821
4265,86.62849554899014
4266,84.24368391783216
4267,84.24368391783216
4268,84.24368391783216
4269,84.24368391783216
4270,84.24368391783216
4271,39.464484674666
4272,33.52286266568758
4273,34.655564140344865
4274,32.42952177405802
4275,33.51520172138312
4276,60.02325555596883
4277,30.379259737643963
4278,31.646726931249336
4279,39.6821358677972
4280,30.183457284094604
4281,33.48815730811068
4282,33.52286266568758
4283,33.52286266568758
4284,33.52286266568758
4285,33.52286266568758
4286,33.52286266568758
4287,54.72352157074514
4288,33.267162679001224
4289,33.76967495447076
4290,38.24739414417274
4291,33.26342125054813
4292,58.38356827907154
4293,41.15491677843574
4294,30.98870086210068
4295,31.324377054449624
4296,33.47264658936218
4297,33.48558409319262
4298,33.267162679001224
4299,33.267162679001224
4300,33.267162679001224
4301,33.267162679001224
4302,33.267162679001224
4303,88.28276972844316
4304,56.109789784674895
4305,61.715391872458426
4306,47.897296068041804
4307,56.12297722348279
4308,39.087079000312926
4309,40.27195983689255
4310,50.372600751487816
4311,86.30068733759954
4312,53.97382690766855
4313,56.436455226999755
4314,56.109789784674895
4315,56.109789784674895
4316,56.109789784674895
4317,56.109789784674895
4318,56.109789784674895
4319,31.939070690900728
4320,51.128042958323
4321,48.118328863510236
4322,102.86098187019606
4323,51.025463069508696
4324,60.321910176375354
4325,46.94866927648804
4326,53.85939951094669
4327,33.77536242914241
4328,53.38610720165307
4329,51.69544674572396
4330,51.128042958323
4331,51.128042958323
4332,51.128042958323
4333,51.128042958323
4334,51.128042958323
4335,56.13820277785155
4336,50.2071302787077
4337,48.82452582147573
4338,32.91402936857659
4339,50.276725204652706
4340,32.062310368745926
4341,65.28545191735667
4342,42.10997384265108
4343,75.59584284514041
4344,48.118924780289134
4345,49.140014474708
4346,50.2071302787077
4347,50.2071302787077
4348,50.2071302787077
4349,50.2071302787077
4350,50.2071302787077
4351,27.35580252467535
4352,31.75793084816819
4353,42.09509211792158
4354,39.63524946426327
4355,31.76731427993662
4356,36.679359205172304
4357,25.60446680371243
4358,39.600416257443186
4359,50.729254224611495
4360,29.860427628529933
4361,31.00900476994952
4362,31.75793084816819
4363,31.75793084816819
4364,31.75793084816819
4365,31.75793084816819
4366,31.75793084816819
4367,128.67037844201323
4368,224.80654942362656
4369,131.06498544175344
4370,72.88565221987335
4371,224.53009930307465
4372,213.77309308391867
4373,265.79122426215713
4374,204.30150192800096
4375,175.78119356157652
4376,242.01394860776034
4377,226.57751417972173
4378,224.80654942362656
4379,224.80654942362656
4380,224.80654942362656
4381,224.80654942362656
4382,224.80654942362656
4383,48.88983441196565
4384,25.81320332464688
4385,25.328147970537703
4386,35.08089982882347
4387,25.792825951718523
4388,22.2309004850527
4389,36.20621695608574
4390,29.957730622847844
4391,39.31803785402042
4392,27.30505216331902
4393,26.189588598632128
4394,25.81320332464688
4395,25.81320332464688
4396,25.81320332464688
4397,25.81320332464688
4398,25.81320332464688
4399,99.18106775085108
4400,75.08682461935942
4401,86.69330265692355
4402,66.26272937542052
4403,75.14536438876517
4404,75.88561972636217
4405,59.530941566877715
4406,69.45765762479598
4407,40.94795739613172
4408,68.59624927774767
4409,76.133396292115
4410,75.08682461935942
4411,75.08682461935942
4412,75.08682461935942
4413,75.08682461935942
4414,75.08682461935942
4415,27.989619550903214
4416,24.96591922243823
4417,28.308765318413734
4418,24.620105020756622
4419,24.972417131792234
4420,25.954030460872943
4421,28.18280704492561
4422,33.60870106855803
4423,39.7509607814722
4424,24.713439594722885
4425,24.71013936859831
4426,24.96591922243823
4427,24.96591922243823
4428,24.96591922243823
4429,24.96591922243823
4430,24.96591922243823
4431,72.41479598924117
4432,73.30431865230635
4433,63.08137440691925
4434,136.39400501660495
4435,73.24164282120783
4436,58.324689847756645
4437,70.20169279960766
4438,58.97761696823053
4439,44.556521194064864
4440,76.31100785546408
4441,73.90093538131781
4442,73.30431865230635
4443,73.30431865230635
4444,73.30431865230635
4445,73.30431865230635
4446,73.30431865230635
4447,36.84382268299708
4448,56.52335358090102
4449,47.97819209925965
4450,58.04013501838063
4451,56.49537947764674
4452,54.2239316784428
4453,55.88575305633461
4454,63.67678740851917
4455,65.06787045424232
4456,56.39942534945907
4457,55.00083582262738
4458,56.52335358090102
4459,56.52335358090102
4460,56.52335358090102
4461,56.52335358090102
4462,56.52335358090102
4463,57.72763079531751
4464,55.52928018934072
4465,81.21050932705192
4466,37.93707420083182
4467,55.552093340723175
4468,69.34565817293844
4469,45.79684309875214
4470,48.63130110560968
4471,36.460753639218275
4472,55.222472181385925
4473,57.40302947018275
4474,55.52928018934072
4475,55.52928018934072
4476,55.52928018934072
4477,55.52928018934072
4478,55.52928018934072
4479,29.12582263162735
4480,26.561296257531396
4481,26.82573161441208
4482,28.076224547790243
4483,26.565838984812093
4484,33.699285435134925
4485,33.399649619193326
4486,32.10299273392008
4487,40.2593290820664
4488,30.50569189904863
4489,26.724346316167278
4490,26.561296257531396
4491,26.561296257531396
4492,26.561296257531396
4493,26.561296257531396
4494,26.561296257531396
4495,111.35582789722713
4496,207.70219608483586
4497,127.80995980987365
4498,311.73159459519616
4499,207.56577830514837
4500,151.53505715733436
4501,111.50323810232157
4502,184.2908668936556
4503,130.89966330257974
4504,186.5124757534579
4505,207.83654207197458
4506,207.70219608483586
4507,207.70219608483586
4508,207.70219608483586
4509,207.70219608483586
4510,207.70219608483586
4511,33.07257731408291
4512,37.552767365943645
4513,43.13579308338091
4514,36.25433552364495
4515,37.575982192270374
4516,74.0473293049449
4517,32.37396631287893
4518,34.628546297269864
4519,39.39927522873153
4520,35.70517261548161
4521,35.931448971966425
4522,37.552767365943645
4523,37.552767365943645
4524,37.552767365943645
4525,37.552767365943645
4526,37.552767365943645
4527,59.83537355055563
4528,65.26919987355238
4529,61.99616642459305
4530,44.24183162787131
4531,65.18905464231982
4532,48.37853136659817
4533,104.43398576274312
4534,74.64979718128176
4535,42.50520210681838
4536,69.54790749227453
4537,68.92230577531535
4538,65.26919987355238
4539,65.26919987355238
4540,65.26919987355238
4541,65.26919987355238
4542,65.26919987355238
4543,37.45186684483846
4544,38.83833595038557
4545,39.159243719899024
4546,48.22237843770152
4547,38.824916541272444
4548,26.134149967283918
4549,41.36365070779891
4550,48.20074973457434
4551,67.480705082056
4552,40.843440364030286
4553,37.07001618728519
4554,38.83833595038557
4555,38.83833595038557
4556,38.83833595038557
4557,38.83833595038557
4558,38.83833595038557
4559,76.04348939530757
4560,49.41975970107744
4561,65.5059951871123
4562,34.24981715673176
4563,49.55611162012163
4564,89.5013391699671
4565,56.058899326709245
4566,37.013627616688275
4567,43.61271614178035
4568,47.711439268573784
4569,50.56890982395929
4570,49.41975970107744
4571,49.41975970107744
4572,49.41975970107744
4573,49.41975970107744
4574,49.41975970107744
4575,45.64908315755897
4576,55.84780156737603
4577,53.48466972329525
4578,86.50111038248302
4579,55.837276968514196
4580,34.582312488778705
4581,60.21474411152672
4582,49.529818537477276
4583,85.11546322614267
4584,58.687164577354146
4585,57.605242842790126
4586,55.84780156737603
4587,55.84780156737603
4588,55.84780156737603
4589,55.84780156737603
4590,55.84780156737603
4591,80.5388532401685
4592,54.26842866601718
4593,53.162807245724835
4594,43.66758112516285
4595,54.267412932061596
4596,61.62080276557357
4597,46.06414855618555
4598,61.27020186041929
4599,30.68008443558624
4600,49.712869255344984
4601,54.599666673536646
4602,54.26842866601718
4603,54.26842866601718
4604,54.26842866601718
4605,54.26842866601718
4606,54.26842866601718
4607,26.66505195825001
4608,18.813734266968385
4609,18.60099918634472
4610,24.110420926074138
4611,18.820449392149172
4612,34.53195377091206
4613,18.73178104639164
4614,22.712035867776223
4615,20.73666512331966
4616,17.844758867288974
4617,19.19531388304591
4618,18.813734266968385
4619,18.813734266968385
4620,18.813734266968385
4621,18.813734266968385
4622,18.813734266968385
4623,57.05990416699616
4624,115.48699257029425
4625,117.10485121635857
4626,70.87713304905179
4627,115.28624470721884
4628,81.85089995846404
4629,133.72458444817093
4630,109.35263297367017
4631,82.25758576294187
4632,128.72838067204898
4633,106.82195021697963
4634,115.48699257029425
4635,115.48699257029425
4636,115.48699257029425
4637,115.48699257029425
4638,115.48699257029425
4639,45.002178672787025
4640,34.9514132165696
4641,36.3705021593094
4642,45.2162796192339
4643,34.97552578929498
4644,49.00236523756546
4645,31.129231790863603
4646,26.872774097140862
4647,37.49016262658854
4648,37.35173987173862
4649,35.07928554958895
4650,34.9514132165696
4651,34.9514132165696
4652,34.9514132165696
4653,34.9514132165696
4654,34.9514132165696
4655,55.65264904040085
4656,62.9342846006781
4657,68.50053139729994
4658,49.981237283313554
4659,62.895135632669444
4660,48.523011723108326
4661,62.28000518372441
4662,75.83184163521175
4663,77.87566335738221
4664,57.50855532978269
4665,64.67621279873082
4666,62.9342846006781
4667,62.9342846006781
4668,62.9342846006781
4669,62.9342846006781
4670,62.9342846006781
4671,54.27319028844048
4672,41.418350421280486
4673,42.575959432984014
4674,44.95780570653943
4675,41.3960387650183
4676,27.496241339549673
4677,29.253794844653562
4678,47.9352361578289
4679,33.91945579195413
4680,41.019330722791146
4681,41.15185610902989
4682,41.418350421280486
4683,41.418350421280486
4684,41.418350421280486
4685,41.418350421280486
4686,41.418350421280486
4687,20.92711037108008
4688,56.346584450852646
4689,54.49971741645401
4690,86.04960564064694
4691,56.43182947607934
4692,66.33561403391117
4693,83.18968363366875
4694,51.74097449423852
4695,59.023130411743466
4696,58.025119114968106
4697,57.834494251272965
4698,56.346584450852646
4699,56.346584450852646
4700,56.346584450852646
4701,56.346584450852646
4702,56.346584450852646
4703,174.86588239798667
4704,54.1904151658241
4705,52.68932918493276
4706,50.40143997245155
4707,54.1872958200257
4708,35.387072914557024
4709,70.41641563368773
4710,42.25223909551455
4711,58.92294613583465
4712,53.683229091923074
4713,55.62143371070242
4714,54.1904151658241
4715,54.1904151658241
4716,54.1904151658241
4717,54.1904151658241
4718,54.1904151658241
4719,34.24005523497019
4720,101.91533754007187
4721,88.8548685066085
4722,56.07343797852485
4723,101.93094839529827
4724,191.69368830528148
4725,78.61617997386058
4726,122.22831705183529
4727,87.22227725736052
4728,100.54806011242447
4729,95.5043363157006
4730,101.91533754007187
4731,101.91533754007187
4732,101.91533754007187
4733,101.91533754007187
4734,101.91533754007187
4735,82.96475509285386
4736,35.29262248502079
4737,37.03495602407642
4738,34.95475681197339
4739,35.306654269270346
4740,27.465095416699853
4741,34.541990767036346
4742,30.949075397537523
4743,27.379271949420065
4744,37.69444710478283
4745,35.52692118775612
4746,35.29262248502079
4747,35.29262248502079
4748,35.29262248502079
4749,35.29262248502079
4750,35.29262248502079
4751,20.478227582749966
4752,127.31607441823377
4753,73.57996851041638
4754,250.51157074638041
4755,127.10689934339156
4756,121.98672812166427
4757,174.22748872403764
4758,139.11046218634058
4759,127.35150091191565
4760,120.71134308646872
4761,127.57431835608917
4762,127.31607441823377
4763,127.31607441823377
4764,127.31607441823377
4765,127.31607441823377
4766,127.31607441823377
4767,176.78931993203483
4768,40.53373929137157
4769,38.03312858721714
4770,41.41636890773059
4771,40.50822540814035
4772,47.83217216293687
4773,38.46856622412741
4774,31.32098911663072
4775,42.64304800043119
4776,35.57468160458207
4777,41.25629889202637
4778,40.53373929137157
4779,40.53373929137157
4780,40.53373929137157
4781,40.53373929137157
4782,40.53373929137157
4783,31.199710390993214
4784,102.98949119028563
4785,188.36678323535446
4786,69.92565104814733
4787,103.10763491447433
4788,99.67837754032107
4789,98.41958090841904
4790,121.83047380166285
4791,111.43701750271379
4792,122.67137579028251
4793,98.86655501692486
4794,102.98949119028563
4795,102.98949119028563
4796,102.98949119028563
4797,102.98949119028563
4798,102.98949119028563
4799,134.79401386818435
4800,32.22702796839634
4801,38.49516889393908
4802,38.38080401007251
4803,32.23309906077129
4804,31.570547558213296
4805,36.3762244998046
4806,27.37025935036068
4807,33.31350147649816
4808,31.46767896485926
4809,32.836369531535155
4810,32.22702796839634
4811,32.22702796839634
4812,32.22702796839634
4813,32.22702796839634
4814,32.22702796839634
4815,57.18063927791431
4816,116.60803613216166
4817,87.64557265980383
4818,42.008419781130144
4819,116.47421262227451
4820,147.67002386276616
4821,60.93415318245181
4822,124.20064513025031
4823,86.78844240231867
4824,125.28883581347314
4825,111.46365029097488
4826,116.60803613216166
4827,116.60803613216166
4828,116.60803613216166
4829,116.60803613216166
4830,116.60803613216166
4831,34.8466573092123
4832,57.313650246814014
4833,50.464607123487795
4834,109.72913416479042
4835,57.32914861002708
4836,54.31360427289623
4837,44.59484162604998
4838,44.94037521591277
4839,63.79404476639431
4840,55.86059342051663
4841,58.35671012089252
4842,57.313650246814014
4843,57.313650246814014
4844,57.313650246814014
4845,57.313650246814014
4846,57.313650246814014
4847,44.59718701819682
4848,28.289662588351682
4849,29.866663809257943
4850,26.075018567731295
4851,28.2873287856391
4852,22.280771182630684
4853,40.05325755299995
4854,36.34372741317897
4855,36.47628606776928
4856,28.65702906916278
4857,28.138930049400724
4858,28.289662588351682
4859,28.289662588351682
4860,28.289662588351682
4861,28.289662588351682
4862,28.289662588351682
4863,48.00193176068271
4864,87.59760583603416
4865,87.42919409936354
4866,122.06845698468
4867,87.6688604774927
4868,57.26693492739294
4869,64.64088958078517
4870,85.1443287908927
4871,71.67558979822957
4872,95.55464489259235
4873,85.60277701796481
4874,87.59760583603416
4875,87.59760583603416
4876,87.59760583603416
4877,87.59760583603416
4878,87.59760583603416
4879,44.99136772116714
4880,29.105641548440417
4881,26.22453423371815
4882,25.125897617099966
4883,29.05224128057658
4884,47.29561115397103
4885,35.5639047100331
4886,36.265155489688695
4887,28.45242159880804
4888,26.06495405173097
4889,29.4568721299964
4890,29.105641548440417
4891,29.105641548440417
4892,29.105641548440417
4893,29.105641548440417
4894,29.105641548440417
4895,48.563375774994135
4896,38.67336783270765
4897,41.89985976795682
4898,52.69521810593904
4899,38.684845706806136
4900,25.948259944184326
4901,45.18303993815912
4902,41.6187129308455
4903,54.227030557775024
4904,35.76700080146113
4905,37.57357003493039
4906,38.67336783270765
4907,38.67336783270765
4908,38.67336783270765
4909,38.67336783270765
4910,38.67336783270765
4911,82.00991515012292
4912,61.05683114870831
4913,63.25778280423364
4914,37.049396668569806
4915,61.023507957074656
4916,74.1531493804152
4917,53.601770013503646
4918,63.830191720634815
4919,65.39782404070117
4920,69.44853775827612
4921,62.79935759879164
4922,61.05683114870831
4923,61.05683114870831
4924,61.05683114870831
4925,61.05683114870831
4926,61.05683114870831
4927,50.08963586952523
4928,50.5352056736294
4929,50.315699025022745
4930,56.54043695437973
4931,50.536594079299704
4932,59.96582595896334
4933,49.761404085312726
4934,44.56622773030142
4935,44.24706056357952
4936,49.96291811865035
4937,49.14030034022962
4938,50.5352056736294
4939,50.5352056736294
4940,50.5352056736294
4941,50.5352056736294
4942,50.5352056736294
4943,48.0539899241546
4944,52.91464924524249
4945,63.358782712304986
4946,60.16813469847935
4947,52.88126234249312
4948,33.25507542134607
4949,68.41844656029987
4950,57.14415723535857
4951,44.60180408020076
4952,51.66705461176679
4953,53.22109045819964
4954,52.91464924524249
4955,52.91464924524249
4956,52.91464924524249
4957,52.91464924524249
4958,52.91464924524249
4959,49.24786005019861
4960,43.8094375280879
4961,36.62046144683573
4962,35.38073716713764
4963,43.678002892677185
4964,87.65663070002198
4965,41.322260230769814
4966,40.857437084353776
4967,39.00287768256244
4968,45.17892506478547
4969,44.28000314494637
4970,43.8094375280879
4971,43.8094375280879
4972,43.8094375280879
4973,43.8094375280879
4974,43.8094375280879
4975,46.75166574086748
4976,87.37501025423167
4977,85.72472585452427
4978,82.30032679236922
4979,87.54719820913493
4980,55.01705664912917
4981,81.13153527370557
4982,83.37863688947886
4983,114.58001423764478
4984,85.90416686134557
4985,89.42484060878276
4986,87.37501025423167
4987,87.37501025423167
4988,87.37501025423167
4989,87.37501025423167
4990,87.37501025423167
4991,57.363593063111495
4992,58.21964725822032
4993,63.266536477837406
4994,61.772749900481216
4995,58.18282548236033
4996,63.433771255553665
4997,64.3383186220643
4998,44.16481927523167
4999,56.42327421961798
5000,51.93786369107784
5001,55.761945416802064
5002,58.21964725822032
5003,58.21964725822032
5004,58.21964725822032
5005,58.21964725822032
5006,58.21964725822032
5007,52.03991391019709
5008,149.6027818864358
5009,53.38593889974394
5010,197.2462880207471
5011,150.21496135813538
5012,129.94656998028765
5013,90.7445292476937
5014,181.94843476473025
5015,111.22559555770336
5016,168.1130025290234
5017,153.5417025663568
5018,149.6027818864358
5019,149.6027818864358
5020,149.6027818864358
5021,149.6027818864358
5022,149.6027818864358
5023,58.316752644777566
5024,72.14091297787864
5025,65.49823262837307
5026,66.45184365170283
5027,72.21715947986397
5028,85.51610919996044
5029,58.44102225477834
5030,74.58842234589204
5031,60.9441237062422
5032,74.96149285639363
5033,75.3336225307718
5034,72.14091297787864
5035,72.14091297787864
5036,72.14091297787864
5037,72.14091297787864
5038,72.14091297787864
5039,58.128739216467224
5040,24.18701106768468
5041,26.50211878854065
5042,23.950086784701877
5043,24.179012531551756
5044,35.25514526491675
5045,33.95633688362214
5046,24.75049993420744
5047,26.944558577744374
5048,23.58242748968249
5049,24.197369160620596
5050,24.18701106768468
5051,24.18701106768468
5052,24.18701106768468
5053,24.18701106768468
5054,24.18701106768468
5055,66.11352756584162
5056,40.21571989836725
5057,41.96004507045227
5058,43.397566516791855
5059,40.21391767696127
5060,47.25832247861797
5061,40.057259556699606
5062,26.37818272487226
5063,37.30226478719236
5064,37.788636355478
5065,40.53262606192807
5066,40.21571989836725
5067,40.21571989836725
5068,40.21571989836725
5069,40.21571989836725
5070,40.21571989836725
5071,30.836623440229666
5072,52.74787676458686
5073,49.447072815807445
5074,39.74464581212321
5075,52.7447865489102
5076,52.42647533485946
5077,60.33140216550407
5078,70.4799596392598
5079,52.56355924020473
5080,56.33290238533667
5081,52.53853031586015
5082,52.74787676458686
5083,52.74787676458686
5084,52.74787676458686
5085,52.74787676458686
5086,52.74787676458686
5087,59.18043802486145
5088,53.730491897808555
5089,47.0245193793812
5090,122.82795995794058
5091,53.78351531918933
5092,38.801096992035575
5093,45.6701231429263
5094,49.187750235038166
5095,82.06240070480645
5096,52.200384132385516
5097,51.306012861845865
5098,53.730491897808555
5099,53.730491897808555
5100,53.730491897808555
5101,53.730491897808555
5102,53.730491897808555
5103,51.699596872498695
5104,52.263166399328924
5105,86.48692808619411
5106,40.37334653726807
5107,52.22641358530161
5108,47.51916178815011
5109,53.31124159497596
5110,48.08667114588203
5111,50.69186944467405
5112,55.22569357244797
5113,54.106155944201895
5114,52.263166399328924
5115,52.263166399328924
5116,52.263166399328924
5117,52.263166399328924
5118,52.263166399328924
5119,44.62834271640055
5120,33.86017136088041
5121,33.396470108649524
5122,33.892309411317264
5123,33.874355516245835
5124,41.934723441258164
5125,41.82299375680655
5126,21.237665369785383
5127,47.4543593789274
5128,34.0886433231795
5129,35.15832288894193
5130,33.86017136088041
5131,33.86017136088041
5132,33.86017136088041
5133,33.86017136088041
5134,33.86017136088041
5135,51.78082161645059
5136,136.13224375546403
5137,173.37742392593816
5138,70.83578552223584
5139,135.50289977142305
5140,83.45645879311748
5141,121.21640514545119
5142,158.94544702959135
5143,78.91490674934686
5144,137.81681072586673
5145,134.68375348912448
5146,136.13224375546403
5147,136.13224375546403
5148,136.13224375546403
5149,136.13224375546403
5150,136.13224375546403
5151,44.99148930594886
5152,26.822086649002696
5153,26.882806645389497
5154,26.92992739757051
5155,26.832882459134606
5156,53.33399909588697
5157,21.083401502813604
5158,25.37713971124667
5159,39.63720115037439
5160,26.129189808389114
5161,26.68944320074093
5162,26.822086649002696
5163,26.822086649002696
5164,26.822086649002696
5165,26.822086649002696
5166,26.822086649002696
5167,58.093562774417364
5168,89.30704039278905
5169,101.02953057091396
5170,120.39155159475892
5171,89.28437532041788
5172,65.63764152717677
5173,133.1259243999642
5174,84.45261658529083
5175,44.527467488750375
5176,90.45532888912795
5177,86.48666894595938
5178,89.30704039278905
5179,89.30704039278905
5180,89.30704039278905
5181,89.30704039278905
5182,89.30704039278905
5183,59.25960384964085
5184,45.64817181253306
5185,46.06652654963244
5186,77.33402691828563
5187,45.65168424640734
5188,31.091528190086542
5189,41.803281411978666
5190,32.80711512250339
5191,76.79969598533759
5192,41.991223903012624
5193,45.958158994077245
5194,45.64817181253306
5195,45.64817181253306
5196,45.64817181253306
5197,45.64817181253306
5198,45.64817181253306
5199,54.40228350638435
5200,76.85432404653453
5201,75.08555402102908
5202,48.572439484729436
5203,76.7703435450016
5204,155.54558094919196
5205,65.96020020468065
5206,106.46496561102819
5207,43.206056340996426
5208,88.53348262530444
5209,74.41613310888458
5210,76.85432404653453
5211,76.85432404653453
5212,76.85432404653453
5213,76.85432404653453
5214,76.85432404653453
5215,77.97181225794243
5216,45.240790147000865
5217,42.27147410876315
5218,61.94650897295089
5219,45.13641257491726
5220,26.508518899161775
5221,42.31832676986128
5222,48.065587878548776
5223,56.39605055045814
5224,49.19875597663795
5225,46.96297640072528
5226,45.240790147000865
5227,45.240790147000865
5228,45.240790147000865
5229,45.240790147000865
5230,45.240790147000865
5231,41.92042516559085
5232,50.04991483166707
5233,48.22617462579608
5234,37.8962524929927
5235,50.12253968866641
5236,52.90841530840373
5237,53.90794613749561
5238,52.93623842185283
5239,38.82635943286901
5240,44.612880755195654
5241,48.723043164134715
5242,50.04991483166707
5243,50.04991483166707
5244,50.04991483166707
5245,50.04991483166707
5246,50.04991483166707
5247,30.79115639847376
5248,32.793848111838294
5249,33.06464099391024
5250,52.564151478656306
5251,32.77424751951063
5252,39.01935424930121
5253,27.19423093881551
5254,27.481025869562668
5255,54.592542640743346
5256,35.02677443267834
5257,32.61841165603211
5258,32.793848111838294
5259,32.793848111838294
5260,32.793848111838294
5261,32.793848111838294
5262,32.793848111838294
5263,92.65959800312118
5264,91.4295470769344
5265,68.4362162234122
5266,81.73047689322274
5267,91.63690193044245
5268,92.67996171539157
5269,151.1150704431439
5270,95.98105154270118
5271,67.7110608050985
5272,84.74895693544454
5273,92.49726030498206
5274,91.4295470769344
5275,91.4295470769344
5276,91.4295470769344
5277,91.4295470769344
5278,91.4295470769344
5279,69.11461889709074
5280,28.286172230530184
5281,25.920389736237926
5282,34.58474876011024
5283,28.304710245304417
5284,23.745723349408987
5285,29.214712852811747
5286,27.124990879112392
5287,32.41973894847277
5288,28.951420279402765
5289,29.379474520827625
5290,28.286172230530184
5291,28.286172230530184
5292,28.286172230530184
5293,28.286172230530184
5294,28.286172230530184
5295,29.912475190160016
5296,157.47027891036748
5297,310.4126411468504
5298,66.93268107520795
5299,157.35090350179962
5300,159.84893984580765
5301,106.99301978669669
5302,155.51985513997423
5303,107.7726105268196
5304,147.25191030264858
5305,146.805081678614
5306,157.47027891036748
5307,157.47027891036748
5308,157.47027891036748
5309,157.47027891036748
5310,157.47027891036748
5311,47.28009776238833
5312,44.68850433559452
5313,50.39674954558123
5314,45.71049237752256
5315,44.68859062753743
5316,45.7490147321628
5317,39.34750020218467
5318,42.446346686873575
5319,66.0422763067385
5320,50.15694888331111
5321,46.867316834393804
5322,44.68850433559452
5323,44.68850433559452
5324,44.68850433559452
5325,44.68850433559452
5326,44.68850433559452
5327,82.95064831566309
5328,55.35443506949997
5329,49.59517914475965
5330,47.76016010471839
5331,55.342059898090724
5332,44.670041210851686
5333,63.11580302265517
5334,65.493416956214
5335,41.20074190872631
5336,48.900135021313055
5337,53.771915822268696
5338,55.35443506949997
5339,55.35443506949997
5340,55.35443506949997
5341,55.35443506949997
5342,55.35443506949997
5343,32.43225543372729
5344,35.90054489434304
5345,30.98179464817199
5346,34.21466110648428
5347,35.93698914055346
5348,35.79415946341577
5349,39.05878027873181
5350,40.71132302738222
5351,50.48214487929736
5352,34.330585124098974
5353,35.15547827483267
5354,35.90054489434304
5355,35.90054489434304
5356,35.90054489434304
5357,35.90054489434304
5358,35.90054489434304
5359,47.11729277553718
5360,56.87747704535704
5361,71.23786536675472
5362,65.21569625513588
5363,56.84958071015813
5364,74.09164708802497
5365,69.74599889261259
5366,60.5483939561307
5367,32.07093425380956
5368,57.95211452704065
5369,56.99356148211073
5370,56.87747704535704
5371,56.87747704535704
5372,56.87747704535704
5373,56.87747704535704
5374,56.87747704535704
5375,70.07345707420053
5376,55.603089912092955
5377,56.5267002097803
5378,50.61014478762052
5379,55.62929804598209
5380,38.14369493474153
5381,50.540489833741276
5382,47.71648552565571
5383,44.95009808904128
5384,56.305580920880445
5385,56.017533239990804
5386,55.603089912092955
5387,55.603089912092955
5388,55.603089912092955
5389,55.603089912092955
5390,55.603089912092955
5391,23.16366915917486
5392,70.14093748039868
5393,56.06162872739988
5394,73.53642315738664
5395,70.0244515236278
5396,86.95115153674882
5397,85.86557029186251
5398,77.32767831070255
5399,121.0990809886449
5400,67.79000493608137
5401,68.71334891895293
5402,70.14093748039868
5403,70.14093748039868
5404,70.14093748039868
5405,70.14093748039868
5406,70.14093748039868
5407,142.9546471063606
5408,86.54173082440516
5409,111.57125761284844
5410,93.33950484884699
5411,86.60329850641669
5412,61.19023014797199
5413,93.18851359446303
5414,68.48704049412864
5415,47.4631097858769
5416,88.16856731464003
5417,83.80801192781892
5418,86.54173082440516
5419,86.54173082440516
5420,86.54173082440516
5421,86.54173082440516
5422,86.54173082440516
5423,35.96355682188924
5424,24.813407588042022
5425,24.813039139987914
5426,24.914564097884192
5427,24.79736618872366
5428,44.50483205146749
5429,27.6325106899154
5430,32.433221317193365
5431,31.728635699346142
5432,25.240993098215558
5433,25.6475678539066
5434,24.813407588042022
5435,24.813407588042022
5436,24.813407588042022
5437,24.813407588042022
5438,24.813407588042022
5439,95.66868472744146
5440,28.751816665533422
5441,28.722142326293937
5442,45.00247060982874
5443,28.74338238820029
5444,51.7066007095771
5445,33.62995347450801
5446,23.811856532262947
5447,21.151317295581816
5448,30.320808752897456
5449,27.891746804395705
5450,28.751816665533422
5451,28.751816665533422
5452,28.751816665533422
5453,28.751816665533422
5454,28.751816665533422
5455,69.7179082022091
5456,134.734006114234
5457,144.5617874751849
5458,54.948119543769124
5459,135.28929898258025
5460,86.46692756844745
5461,92.68211382127056
5462,140.94210615637826
5463,294.3990402097455
5464,120.22691816170851
5465,145.30785990251502
5466,134.734006114234
5467,134.734006114234
5468,134.734006114234
5469,134.734006114234
5470,134.734006114234
5471,68.23133020854559
5472,87.6670811294348
5473,69.0182699136009
5474,107.42230303133951
5475,87.65385773740115
5476,112.00051429524969
5477,48.73614483495389
5478,72.32958904320586
5479,52.81909920387404
5480,81.46733021236633
5481,86.8194000125849
5482,87.6670811294348
5483,87.6670811294348
5484,87.6670811294348
5485,87.6670811294348
5486,87.6670811294348
5487,28.824688092226463
5488,32.887394435959024
5489,32.31825216754005
5490,29.405745063442883
5491,32.885174148214496
5492,22.184974475187868
5493,42.26755945907281
5494,43.03548068767799
5495,42.77282271403684
5496,35.96546950779621
5497,32.573234766167204
5498,32.887394435959024
5499,32.887394435959024
5500,32.887394435959024
5501,32.887394435959024
5502,32.887394435959024
5503,42.52270334419077
5504,58.678866027708295
5505,75.96715902575781
5506,147.36695463086681
5507,58.69699301326295
5508,61.73586387665309
5509,49.55324262992884
5510,67.71965300643079
5511,39.49917917344872
5512,60.99286406484822
5513,57.22935180133065
5514,58.678866027708295
5515,58.678866027708295
5516,58.678866027708295
5517,58.678866027708295
5518,58.678866027708295
5519,129.46525978768565
5520,58.33416566478117
5521,34.35555042100706
5522,39.35914646693595
5523,58.26127974635166
5524,79.88976522405414
5525,52.17920219977361
5526,52.92517612498919
5527,142.84123589068645
5528,54.720041176712726
5529,61.43904337265301
5530,58.33416566478117
5531,58.33416566478117
5532,58.33416566478117
5533,58.33416566478117
5534,58.33416566478117
5535,56.011147872852504
5536,43.11881101983347
5537,41.50739110231648
5538,46.81463292802402
5539,43.09221936072366
5540,47.931711740182934
5541,41.67311490944328
5542,33.59135688209988
5543,32.71977773317073
5544,44.32805143276684
5545,41.95054985419457
5546,43.11881101983347
5547,43.11881101983347
5548,43.11881101983347
5549,43.11881101983347
5550,43.11881101983347
5551,27.92908156628756
5552,34.724986457537405
5553,37.6499513882496
5554,27.427073956585026
5555,34.738381100020504
5556,32.75886293142122
5557,38.10087059113688
5558,44.245084914764384
5559,44.99990077140305
5560,34.31210803764016
5561,34.84846352396019
5562,34.724986457537405
5563,34.724986457537405
5564,34.724986457537405
5565,34.724986457537405
5566,34.724986457537405
5567,46.23723029138569
5568,39.89043151263365
5569,43.24555583181307
5570,38.70162790173252
5571,39.89676395397003
5572,29.452997200556556
5573,33.52144355568286
5574,44.05315519191543
5575,33.56132154875888
5576,37.73619164487605
5577,39.35204996753107
5578,39.89043151263365
5579,39.89043151263365
5580,39.89043151263365
5581,39.89043151263365
5582,39.89043151263365
5583,22.941579030190603
5584,53.77920470296731
5585,50.597608731889046
5586,59.94866767992146
5587,53.76356541140089
5588,50.714310855472654
5589,82.02532243331684
5590,48.437773310004594
5591,67.31978922974083
5592,56.33350611480215
5593,53.83430479835787
5594,53.77920470296731
5595,53.77920470296731
5596,53.77920470296731
5597,53.77920470296731
5598,53.77920470296731
5599,103.50030245370623
5600,45.332477183407924
5601,41.44647904890683
5602,47.127652036482175
5603,45.34244016334956
5604,47.4170882289592
5605,54.24196790998297
5606,37.05458121355655
5607,27.56206811839437
5608,52.05006036528645
5609,44.656221065788685
5610,45.332477183407924
5611,45.332477183407924
5612,45.332477183407924
5613,45.332477183407924
5614,45.332477183407924
5615,28.904591439242726
5616,112.66525199016158
5617,188.3996101687883
5618,85.06504126014023
5619,112.57591029677631
5620,94.44284914959752
5621,73.42295043342861
5622,138.28560116661177
5623,171.71712684242456
5624,93.7475718565366
5625,118.25892606321443
5626,112.66525199016158
5627,112.66525199016158
5628,112.66525199016158
5629,112.66525199016158
5630,112.66525199016158
5631,121.23967735294296
5632,54.3727332080745
5633,58.680916184372116
5634,52.79485717064618
5635,54.3879120847807
5636,57.8829439780495
5637,79.2827841435122
5638,66.74708924398246
5639,43.252181023044976
5640,54.88046791181883
5641,54.74847684370688
5642,54.3727332080745
5643,54.3727332080745
5644,54.3727332080745
5645,54.3727332080745
5646,54.3727332080745
5647,85.06420769012222
5648,41.96766709372344
5649,36.53357947603269
5650,49.20154429609512
5651,41.94649156101334
5652,35.64718101068659
5653,30.73944050983608
5654,31.10243356542105
5655,39.06986882809231
5656,40.50609467923004
5657,41.39901795852311
5658,41.96766709372344
5659,41.96766709372344
5660,41.96766709372344
5661,41.96766709372344
5662,41.96766709372344
5663,16.990110389354264
5664,89.7142095213695
5665,80.19289273284247
5666,95.4214971847431
5667,89.5792779702422
5668,96.47311949550013
5669,63.59715911064991
5670,80.89810092194365
5671,116.29211604293944
5672,90.61372885093795
5673,93.01455495369338
5674,89.7142095213695
5675,89.7142095213695
5676,89.7142095213695
5677,89.7142095213695
5678,89.7142095213695
5679,74.8054555693262
5680,27.873662217287055
5681,36.60318769357905
5682,25.31433981693413
5683,27.892506560972883
5684,37.52179640673917
5685,31.60856066373786
5686,31.352801417258615
5687,27.024792388866977
5688,28.25103102959899
5689,27.25221256410684
5690,27.873662217287055
5691,27.873662217287055
5692,27.873662217287055
5693,27.873662217287055
5694,27.873662217287055
5695,55.02688951878403
5696,29.61581555099723
5697,35.83199571209041
5698,45.54136761267468
5699,29.620941008467472
5700,31.798755969311888
5701,29.52907479537167
5702,37.36127173677079
5703,27.755242217246714
5704,31.29375049236214
5705,30.529261274979554
5706,29.61581555099723
5707,29.61581555099723
5708,29.61581555099723
5709,29.61581555099723
5710,29.61581555099723
5711,133.34005694913265
5712,98.52880947588206
5713,76.23373297304214
5714,68.45097674806327
5715,98.44864977997501
5716,86.10751160864811
5717,92.5784571055979
5718,79.66235264219192
5719,88.35082941841566
5720,88.66171775428752
5721,97.92492607047954
5722,98.52880947588206
5723,98.52880947588206
5724,98.52880947588206
5725,98.52880947588206
5726,98.52880947588206
5727,35.62490812582618
5728,107.38307674217097
5729,71.19708956297885
5730,132.57702062247495
5731,107.31851689600889
5732,70.47397559525726
5733,162.59196672978868
5734,95.34072207394262
5735,109.82778874300425
5736,100.95882230768386
5737,106.45147969831622
5738,107.38307674217097
5739,107.38307674217097
5740,107.38307674217097
5741,107.38307674217097
5742,107.38307674217097
5743,61.669359844863024
5744,31.94267710277486
5745,33.057084988647055
5746,25.4189711815144
5747,31.94832946959671
5748,27.846003402493057
5749,31.870638852971698
5750,34.70214673804818
5751,42.19060143097826
5752,35.33721769547925
5753,31.39153366607498
5754,31.94267710277486
5755,31.94267710277486
5756,31.94267710277486
5757,31.94267710277486
5758,31.94267710277486
5759,33.690452822264476
5760,44.87809839570346
5761,43.63891435134339
5762,118.32411675914574
5763,44.885721627590826
5764,31.6867650503972
5765,41.64822717283016
5766,58.606674174540075
5767,47.40860884024421
5768,42.65347737441494
5769,47.48491475654484
5770,44.87809839570346
5771,44.87809839570346
5772,44.87809839570346
5773,44.87809839570346
5774,44.87809839570346
5775,74.78498351144125
5776,74.49411905077062
5777,64.56752107503968
5778,37.02063589596269
5779,74.47676322711482
5780,152.4484986127889
5781,128.59764011970634
5782,59.420581689221
5783,64.95692180938742
5784,78.37872265005456
5785,72.27088254514139
5786,74.49411905077062
5787,74.49411905077062
5788,74.49411905077062
5789,74.49411905077062
5790,74.49411905077062
5791,60.70664593406931
5792,66.67463190791493
5793,64.94865485548563
5794,74.88597170998001
5795,66.75805967077956
5796,47.4316912872836
5797,96.54294602087917
5798,74.29135576188177
5799,67.23102479015202
5800,63.652694777073485
5801,65.30469931869251
5802,66.67463190791493
5803,66.67463190791493
5804,66.67463190791493
5805,66.67463190791493
5806,66.67463190791493
5807,75.94781325712196
5808,32.0425979871718
5809,32.420804301981015
5810,28.155994481933934
5811,32.02479896838034
5812,41.63282150586114
5813,24.017906312627648
5814,28.40122431862025
5815,39.85610691154863
5816,34.81915342505814
5817,31.830585669636207
5818,32.0425979871718
5819,32.0425979871718
5820,32.0425979871718
5821,32.0425979871718
5822,32.0425979871718
5823,32.80508446250654
5824,53.67197745328969
5825,57.96621760688407
5826,48.58464217676423
5827,53.619928915699546
5828,72.38502643663601
5829,52.044235462099145
5830,70.48907623966302
5831,45.188823642552094
5832,45.913694527238604
5833,53.49815672135837
5834,53.67197745328969
5835,53.67197745328969
5836,53.67197745328969
5837,53.67197745328969
5838,53.67197745328969
5839,62.10396635313151
5840,46.641567157354984
5841,47.08679773899312
5842,46.38694172703037
5843,46.730930278162155
5844,34.36751723211366
5845,40.76468998087142
5846,38.98659539173195
5847,44.2273741271674
5848,53.10958026345934
5849,46.52336797648216
5850,46.641567157354984
5851,46.641567157354984
5852,46.641567157354984
5853,46.641567157354984
5854,46.641567157354984
5855,27.181962766750726
5856,33.08171641034986
5857,34.4265105509444
5858,34.87079849599438
5859,33.08435085072837
5860,57.61786696026004
5861,34.21978719260825
5862,36.41101421989258
5863,39.38185218038847
5864,34.75163609682919
5865,34.390564294051735
5866,33.08171641034986
5867,33.08171641034986
5868,33.08171641034986
5869,33.08171641034986
5870,33.08171641034986
5871,107.55377168253463
5872,83.50203648091676
5873,76.89755895775514
5874,87.21821487274694
5875,83.49510593994964
5876,54.06400369144045
5877,80.00713714030414
5878,71.94947697204077
5879,67.50096069869899
5880,79.06476058774501
5881,78.20885428863134
5882,83.50203648091676
5883,83.50203648091676
5884,83.50203648091676
5885,83.50203648091676
5886,83.50203648091676
5887,33.49295030781839
5888,34.52727740831899
5889,38.40328196477729
5890,35.27045932305965
5891,34.51705145299083
5892,28.741649300364994
5893,33.470522067818116
5894,32.73796042107272
5895,36.3967721900638
5896,34.692615715827316
5897,33.235197338433
5898,34.52727740831899
5899,34.52727740831899
5900,34.52727740831899
5901,34.52727740831899
5902,34.52727740831899
5903,30.76920414310574
5904,268.6002104174644
5905,170.16818473462288
5906,213.0062289408378
5907,269.0707753936945
5908,267.1363711486582
5909,204.6618289919587
5910,264.7500246363582
5911,191.8565389631759
5912,269.23923206501206
5913,287.6533587897749
5914,268.6002104174644
5915,268.6002104174644
5916,268.6002104174644
5917,268.6002104174644
5918,268.6002104174644
5919,55.627859062489314
5920,37.27450890578838
5921,35.83229781668639
5922,35.60143006810464
5923,37.280209003026954
5924,50.12875965913379
5925,39.68985947997611
5926,37.89629278533503
5927,36.91966003442182
5928,35.94089566978941
5929,37.066868783217195
5930,37.27450890578838
5931,37.27450890578838
5932,37.27450890578838
5933,37.27450890578838
5934,37.27450890578838
5935,47.12055334096396
5936,63.438185704628225
5937,73.13114674690269
5938,69.77562846754961
5939,63.43144039797942
5940,66.95806943026138
5941,62.43730316458737
5942,52.46698398647893
5943,67.67812806205534
5944,63.97582081622326
5945,62.89545213518076
5946,63.438185704628225
5947,63.438185704628225
5948,63.438185704628225
5949,63.438185704628225
5950,63.438185704628225
5951,80.74941650685376
5952,46.06770454272578
5953,48.98536291315049
5954,69.93733256649436
5955,46.06653743869162
5956,49.536890283393475
5957,63.771125948673145
5958,48.13139709225317
5959,39.93088063144625
5960,42.496494269462225
5961,46.40496531184353
5962,46.06770454272578
5963,46.06770454272578
5964,46.06770454272578
5965,46.06770454272578
5966,46.06770454272578
5967,139.04934393162281
5968,26.239981129218087
5969,24.217499615383648
5970,25.23132825175218
5971,26.235457709411165
5972,35.314396729945805
5973,22.600515454736207
5974,28.511388964249516
5975,28.31653576248232
5976,29.306637397949842
5977,25.930226180439924
5978,26.239981129218087
5979,26.239981129218087
5980,26.239981129218087
5981,26.239981129218087
5982,26.239981129218087
5983,34.87613903670196
5984,38.5478565943884
5985,32.1085766373886
5986,51.07556544481611
5987,38.557511325717165
5988,38.53808252874216
5989,32.38989010796572
5990,44.987384667554004
5991,45.95959084795667
5992,42.091359098039426
5993,37.300780791010254
5994,38.5478565943884
5995,38.5478565943884
5996,38.5478565943884
5997,38.5478565943884
5998,38.5478565943884
5999,46.06849425939451
6000,122.88354714258818
6001,208.99523940171187
6002,46.265587707561416
6003,122.82888814934932
6004,93.06169594377185
6005,160.1668801273321
6006,115.24865687571611
6007,134.14170683392965
6008,107.69245113503504
6009,130.98795892118252
6010,122.88354714258818
6011,122.88354714258818
6012,122.88354714258818
6013,122.88354714258818
6014,122.88354714258818
6015,46.195618331298434
6016,38.51394059768085
6017,38.19877402486341
6018,87.58794121081748
6019,38.53210285156895
6020,69.46010254701542
6021,39.255944740392124
6022,37.50142604828341
6023,32.485972955721685
6024,38.0974234237846
6025,38.13342471099297
6026,38.51394059768085
6027,38.51394059768085
6028,38.51394059768085
6029,38.51394059768085
6030,38.51394059768085
6031,134.60280883172717
6032,94.6247873609926
6033,66.76653768240337
6034,62.54451503564126
6035,94.26581988055372
6036,62.17731717623573
6037,88.70545734930882
6038,92.05569872913034
6039,106.3088013318205
6040,99.42369265240865
6041,94.00706306976184
6042,94.6247873609926
6043,94.6247873609926
6044,94.6247873609926
6045,94.6247873609926
6046,94.6247873609926
6047,39.764003128433174
6048,20.45178290231998
6049,21.218953036438315
6050,23.361271828419905
6051,20.456390030167835
6052,25.815625993803252
6053,23.394265320956627
6054,27.930460795852003
6055,23.73353210484021
6056,19.54787522227571
6057,20.264566546620735
6058,20.45178290231998
6059,20.45178290231998
6060,20.45178290231998
6061,20.45178290231998
6062,20.45178290231998
6063,56.49429859392761
6064,97.51874548610532
6065,95.81693837715055
6066,64.21061300217744
6067,97.47183068563888
6068,67.11657016808795
6069,95.79364623332152
6070,66.68325288781634
6071,130.34844039365058
6072,100.77188485715729
6073,101.09688146979092
6074,97.51874548610532
6075,97.51874548610532
6076,97.51874548610532
6077,97.51874548610532
6078,97.51874548610532
6079,40.18456743328589
6080,38.19363032891759
6081,38.26681667217497
6082,38.21541922910386
6083,38.19064349818214
6084,23.597717866741288
6085,35.1212705641757
6086,41.27299126032286
6087,36.19429818542884
6088,39.61103339620897
6089,37.62835720737483
6090,38.19363032891759
6091,38.19363032891759
6092,38.19363032891759
6093,38.19363032891759
6094,38.19363032891759
6095,23.06901601268828
6096,91.15512547793769
6097,187.86960195744848
6098,53.31652942721051
6099,91.167932323589
6100,102.21754413219794
6101,118.97695508910107
6102,99.30074022440097
6103,56.77644462120928
6104,87.98993196372356
6105,97.2548048523415
6106,91.15512547793769
6107,91.15512547793769
6108,91.15512547793769
6109,91.15512547793769
6110,91.15512547793769
6111,92.373774076405
6112,56.33539959204041
6113,50.971889397343546
6114,56.18409316521654
6115,56.208828821679305
6116,33.31171782094616
6117,68.35205100483148
6118,81.61330330041557
6119,56.87196686458126
6120,48.379466359475394
6121,54.640354045498576
6122,56.33539959204041
6123,56.33539959204041
6124,56.33539959204041
6125,56.33539959204041
6126,56.33539959204041
6127,45.10161807018405
6128,57.25668836036754
6129,58.86615676373462
6130,76.88952096605092
6131,57.32998438039033
6132,93.18152753142634
6133,40.69208093971559
6134,43.44496570875517
6135,66.36524741597071
6136,63.467370688673924
6137,57.2172158934961
6138,57.25668836036754
6139,57.25668836036754
6140,57.25668836036754
6141,57.25668836036754
6142,57.25668836036754
6143,82.14355629642868
6144,36.13999136885887
6145,37.09169108410455
6146,37.70478226187241
6147,36.14042821782199
6148,31.308173887731083
6149,47.08817241156194
6150,35.73964724375569
6151,51.67111708435016
6152,39.67935740765299
6153,34.80308038289577
6154,36.13999136885887
6155,36.13999136885887
6156,36.13999136885887
6157,36.13999136885887
6158,36.13999136885887
6159,68.5413725424453
6160,113.03272005718414
6161,80.63162754397064
6162,118.21693336504937
6163,113.01292700520055
6164,119.56776423177185
6165,65.37543499065015
6166,111.5533910123171
6167,64.9263486680773
6168,103.6293314729846
6169,121.0919172339526
6170,113.03272005718414
6171,113.03272005718414
6172,113.03272005718414
6173,113.03272005718414
6174,113.03272005718414
6175,36.63142216604676
6176,57.278864475620836
6177,53.103075055843476
6178,53.02324849877284
6179,57.210117532400915
6180,65.37598860268834
6181,55.04960075346308
6182,42.63681007558543
6183,79.93571505349111
6184,51.47257579256925
6185,56.987645966173396
6186,57.278864475620836
6187,57.278864475620836
6188,57.278864475620836
6189,57.278864475620836
6190,57.278864475620836
6191,50.68606732174342
6192,33.60571571633744
6193,44.487619847491914
6194,33.192790652885705
6195,33.62281658946554
6196,32.134283445912224
6197,43.481864126260355
6198,49.97097683765304
6199,30.00179014615633
6200,37.4552449355433
6201,33.37253795163054
6202,33.60571571633744
6203,33.60571571633744
6204,33.60571571633744
6205,33.60571571633744
6206,33.60571571633744
6207,86.70605038095292
6208,28.315172734063704
6209,32.03505202157487
6210,30.31934942975109
6211,28.325296620750652
6212,26.91709436865619
6213,30.236627494626976
6214,28.875833263686292
6215,33.69515612305208
6216,28.296104977160148
6217,28.34190856307513
6218,28.315172734063704
6219,28.315172734063704
6220,28.315172734063704
6221,28.315172734063704
6222,28.315172734063704
6223,45.345265575369964
6224,72.95846644586513
6225,62.32344839133051
6226,56.96205751353179
6227,72.82398958519887
6228,85.52467201564087
6229,65.58133490448141
6230,73.87473282331403
6231,46.05640208730677
6232,74.77867347636234
6233,71.349377341358
6234,72.95846644586513
6235,72.95846644586513
6236,72.95846644586513
6237,72.95846644586513
6238,72.95846644586513
6239,38.55056417212657
6240,39.459166710124165
6241,31.494051833380563
6242,150.94590267060303
6243,39.49816756744826
6244,39.782932643220306
6245,37.17954391208669
6246,27.936206941525377
6247,71.96004990831153
6248,39.561247035258496
6249,38.355440598648066
6250,39.459166710124165
6251,39.459166710124165
6252,39.459166710124165
6253,39.459166710124165
6254,39.459166710124165
6255,94.0467754650041
6256,138.81479725892137
6257,168.16084206314218
6258,55.52894394005065
6259,138.57479316357782
6260,111.82247087893086
6261,109.24439561701678
6262,171.38292285614037
6263,62.05365789909997
6264,134.77504177287327
6265,152.65118093674099
6266,138.81479725892137
6267,138.81479725892137
6268,138.81479725892137
6269,138.81479725892137
6270,138.81479725892137
6271,41.64275758469823
6272,43.814981570330715
6273,41.70734491004588
6274,50.607901988676836
6275,43.82461169150902
6276,40.75451856721302
6277,34.69240808155888
6278,41.87576549654303
6279,52.44424321582536
6280,43.33635688612414
6281,43.283338033190944
6282,43.814981570330715
6283,43.814981570330715
6284,43.814981570330715
6285,43.814981570330715
6286,43.814981570330715
6287,37.955675028933996
6288,90.85563508846819
6289,99.56843539518127
6290,52.37755530350575
6291,90.76067854380803
6292,164.4494416135254
6293,99.29548161870422
6294,87.34098037714155
6295,51.2224107092946
6296,94.76560399864746
6297,90.20313576720858
6298,90.85563508846819
6299,90.85563508846819
6300,90.85563508846819
6301,90.85563508846819
6302,90.85563508846819
6303,57.49122862841044
6304,38.94244026897913
6305,37.36375251248822
6306,72.17234885129353
6307,38.95156988534798
6308,25.958208456372656
6309,48.99995008341418
6310,35.38993575215843
6311,75.52053319274914
6312,43.38936425422176
6313,38.57690935224321
6314,38.94244026897913
6315,38.94244026897913
6316,38.94244026897913
6317,38.94244026897913
6318,38.94244026897913
6319,148.40754700917944
6320,62.64684066894819
6321,68.25046686991105
6322,48.88561492173242
6323,62.61339921693782
6324,116.46791418831485
6325,47.691594176374814
6326,70.46757701732324
6327,35.81599873389771
6328,52.93253184476758
6329,65.40434848425463
6330,62.64684066894819
6331,62.64684066894819
6332,62.64684066894819
6333,62.64684066894819
6334,62.64684066894819
6335,41.360112359053254
6336,19.159667751302795
6337,19.439940544545276
6338,19.589815201596014
6339,19.155771183942615
6340,25.240271650974382
6341,21.500118723865935
6342,18.80400021194099
6343,26.543527088911354
6344,20.08259008477266
6345,18.841492684180068
6346,19.159667751302795
6347,19.159667751302795
6348,19.159667751302795
6349,19.159667751302795
6350,19.159667751302795
6351,43.85175180826335
6352,140.13489982617486
6353,164.61765536365897
6354,110.66833690300963
6355,140.30497049069945
6356,61.95260466432311
6357,161.84180572049524
6358,138.95552876332198
6359,70.69191034451899
6360,137.30314687782632
6361,146.96530328967475
6362,140.13489982617486
6363,140.13489982617486
6364,140.13489982617486
6365,140.13489982617486
6366,140.13489982617486
6367,37.53872442229639
6368,37.80754808123029
6369,35.8958908705
6370,36.758964354973386
6371,37.82197082194382
6372,49.87965901857809
6373,40.50964671264237
6374,32.81700641697619
6375,55.277665086114624
6376,39.503127230810584
6377,37.05895965105317
6378,37.80754808123029
6379,37.80754808123029
6380,37.80754808123029
6381,37.80754808123029
6382,37.80754808123029
6383,66.30718759488165
6384,67.62340699012313
6385,66.10858085420027
6386,73.94213637443879
6387,67.5869902764798
6388,50.0313898957139
6389,56.75832719835118
6390,74.8246313643353
6391,60.000626255494566
6392,62.836822553430125
6393,67.90684162174185
6394,67.62340699012313
6395,67.62340699012313
6396,67.62340699012313
6397,67.62340699012313
6398,67.62340699012313
6399,42.44970037928461
6400,38.75613906371799
6401,49.302863561865216
6402,38.46620331007883
6403,38.73411080155734
6404,44.222748214014686
6405,41.519832240753814
6406,33.08189574436511
6407,24.331895652026077
6408,36.43879887650591
6409,38.651812729146975
6410,38.75613906371799
6411,38.75613906371799
6412,38.75613906371799
6413,38.75613906371799
6414,38.75613906371799
6415,28.63614078794888
6416,43.300742562391264
6417,35.167455706465866
6418,69.28108954100547
6419,43.412841987936126
6420,40.534348699446795
6421,48.14190676029017
6422,58.77447415148781
6423,74.14807308392217
6424,45.85123193448401
6425,41.87359658377254
6426,43.300742562391264
6427,43.300742562391264
6428,43.300742562391264
6429,43.300742562391264
6430,43.300742562391264
6431,113.30054313559718
6432,34.33669402971824
6433,33.60134733751876
6434,34.47187498231833
6435,34.345912970846726
6436,37.04524301004102
6437,37.717182087029535
6438,33.075471845525094
6439,30.81292997970941
6440,37.74884465873973
6441,35.78958481514998
6442,34.33669402971824
6443,34.33669402971824
6444,34.33669402971824
6445,34.33669402971824
6446,34.33669402971824
6447,39.67378566080295
6448,62.619647377550706
6449,74.91196660864615
6450,47.30358794139422
6451,62.61010671180176
6452,84.09739870586095
6453,55.94070169377624
6454,74.56086039550733
6455,123.34901645473488
6456,57.5408670320551
6457,61.83628279485471
6458,62.619647377550706
6459,62.619647377550706
6460,62.619647377550706
6461,62.619647377550706
6462,62.619647377550706
6463,117.47073011268482
6464,55.43719982705459
6465,59.42715275133882
6466,61.749895162075205
6467,55.4443940458323
6468,59.50075045986156
6469,66.4818564307929
6470,41.95168186598025
6471,40.03419198840231
6472,54.11821742069203
6473,56.63053931799711
6474,55.43719982705459
6475,55.43719982705459
6476,55.43719982705459
6477,55.43719982705459
6478,55.43719982705459
6479,50.58349519250456
6480,112.66077528836523
6481,81.64314011474583
6482,50.25458504309753
6483,112.49933886069172
6484,99.73630438708729
6485,49.26738598407193
6486,129.2337183572417
6487,114.90835236384257
6488,111.84812364476598
6489,110.36254513793735
6490,112.66077528836523
6491,112.66077528836523
6492,112.66077528836523
6493,112.66077528836523
6494,112.66077528836523
6495,34.757498246857374
6496,153.70184205951642
6497,93.3833790674844
6498,340.7498346142304
6499,154.35564203194187
6500,112.45776198472721
6501,106.48906641978647
6502,138.03573088447618
6503,85.8534370580651
6504,157.01866081484118
6505,153.78842681312642
6506,153.70184205951642
6507,153.70184205951642
6508,153.70184205951642
6509,153.70184205951642
6510,153.70184205951642
6511,54.16260316912336
6512,29.23567066615774
6513,33.03507649083901
6514,25.6737303081545
6515,29.210348580562098
6516,27.359526846240303
6517,36.113791601052675
6518,31.902925755570898
6519,45.869897356165446
6520,29.027703124852646
6521,29.0383231011875
6522,29.23567066615774
6523,29.23567066615774
6524,29.23567066615774
6525,29.23567066615774
6526,29.23567066615774
6527,54.59797482741632
6528,44.938818854007145
6529,45.47277298057603
6530,52.90860600148627
6531,44.95283178816589
6532,66.58480683672028
6533,49.055491091561464
6534,36.114391158136584
6535,31.513952867326008
6536,49.571339291028636
6537,46.56483415505925
6538,44.938818854007145
6539,44.938818854007145
6540,44.938818854007145
6541,44.938818854007145
6542,44.938818854007145
6543,58.23155880419443
6544,172.8450696389958
6545,85.78116960205125
6546,44.53478432903932
6547,172.37975493225093
6548,138.55938719333753
6549,158.18548363825454
6550,195.15015237383386
6551,204.54173288628039
6552,145.75613826793565
6553,163.625746417538
6554,172.8450696389958
6555,172.8450696389958
6556,172.8450696389958
6557,172.8450696389958
6558,172.8450696389958
6559,38.975233401614744
6560,40.76855238901126
6561,49.10274434195231
6562,88.50683916427629
6563,40.775263338866445
6564,59.960581723263125
6565,38.50448994284769
6566,49.30550509787517
6567,26.844992129751837
6568,38.34649747411886
6569,40.454924306779596
6570,40.76855238901126
6571,40.76855238901126
6572,40.76855238901126
6573,40.76855238901126
6574,40.76855238901126
6575,103.94456721437005
6576,61.24936147010023
6577,60.04859869884482
6578,60.615557021802395
6579,61.25139636381006
6580,34.00169572181606
6581,51.26888269441
6582,58.67636533393757
6583,105.09051109096498
6584,65.55261189897476
6585,61.66000686425492
6586,61.24936147010023
6587,61.24936147010023
6588,61.24936147010023
6589,61.24936147010023
6590,61.24936147010023
6591,44.05155508909246
6592,106.62842240895273
6593,111.93370184195562
6594,96.3298709539725
6595,106.68042924024412
6596,51.83872320832906
6597,81.88765881560386
6598,78.40875003523949
6599,59.14860738303844
6600,109.49188449654956
6601,105.07680866739081
6602,106.62842240895273
6603,106.62842240895273
6604,106.62842240895273
6605,106.62842240895273
6606,106.62842240895273
6607,17.95638049465423
6608,24.6952737479369
6609,27.590096706748707
6610,28.365332014384236
6611,24.67986681790992
6612,34.33787611376872
6613,28.97363283203459
6614,28.655203087391378
6615,38.165208044301146
6616,23.634947048807224
6617,24.425235061091378
6618,24.6952737479369
6619,24.6952737479369
6620,24.6952737479369
6621,24.6952737479369
6622,24.6952737479369
6623,128.75726573792116
6624,29.749023380777654
6625,29.124371842689822
6626,30.39913429721942
6627,29.731716453957983
6628,25.709547302333988
6629,43.169214659821584
6630,32.11116188720815
6631,23.54023189238978
6632,31.51229026048461
6633,31.384618139224266
6634,29.749023380777654
6635,29.749023380777654
6636,29.749023380777654
6637,29.749023380777654
6638,29.749023380777654
6639,34.98275241473208
6640,60.25580807843883
6641,59.19257239009787
6642,51.24708434177563
6643,60.3286522774556
6644,93.52776428345021
6645,47.00240426845991
6646,51.455330096042196
6647,111.54673766505393
6648,57.52051432972526
6649,57.85688720312556
6650,60.25580807843883
6651,60.25580807843883
6652,60.25580807843883
6653,60.25580807843883
6654,60.25580807843883
6655,78.91420072188566
6656,38.9659380431944
6657,38.255590695435494
6658,37.38425504778449
6659,38.96823368657308
6660,55.03295598992223
6661,43.69082720039279
6662,38.0415422372058
6663,48.84033745857912
6664,36.221940733520825
6665,39.10589034465147
6666,38.9659380431944
6667,38.9659380431944
6668,38.9659380431944
6669,38.9659380431944
6670,38.9659380431944
6671,67.57792127975327
6672,89.12463060306503
6673,95.58846164652832
6674,119.85335955223704
6675,89.04525772893639
6676,39.47470485936121
6677,49.0498879206129
6678,109.601257463762
6679,99.67080236290411
6680,96.45882978472136
6681,86.53978479314048
6682,89.12463060306503
6683,89.12463060306503
6684,89.12463060306503
6685,89.12463060306503
6686,89.12463060306503
6687,43.141179229610216
6688,50.92902469730763
6689,52.99463591113612
6690,51.93346061192683
6691,50.933833079450494
6692,70.02184088492773
6693,39.37010300685295
6694,65.47495634227214
6695,42.33913054480982
6696,55.56007282072131
6697,49.49868884390082
6698,50.92902469730763
6699,50.92902469730763
6700,50.92902469730763
6701,50.92902469730763
6702,50.92902469730763
6703,62.68651586139271
6704,42.69785014490214
6705,45.103305034036445
6706,39.10897488076889
6707,42.698581491119356
6708,34.82942367675011
6709,61.41607588265504
6710,35.47540905824292
6711,45.905559812233705
6712,39.124921203572164
6713,44.53639787404464
6714,42.69785014490214
6715,42.69785014490214
6716,42.69785014490214
6717,42.69785014490214
6718,42.69785014490214
6719,40.13418791219054
6720,63.47841857264639
6721,64.44502123589591
6722,72.45166506399364
6723,63.48103485614552
6724,50.00859535843302
6725,63.82849727189232
6726,56.62083877174223
6727,65.86606189715484
6728,62.26385146571231
6729,61.044150868038344
6730,63.47841857264639
6731,63.47841857264639
6732,63.47841857264639
6733,63.47841857264639
6734,63.47841857264639
6735,50.55573103513617
6736,52.71288973355937
6737,49.09434390482806
6738,26.15637019765483
6739,52.67723287116981
6740,83.59875894059756
6741,88.72844535128912
6742,58.152161993719155
6743,60.987906028000715
6744,52.57580798570483
6745,55.623175869199336
6746,52.71288973355937
6747,52.71288973355937
6748,52.71288973355937
6749,52.71288973355937
6750,52.71288973355937
6751,56.6915309929253
6752,107.79948199936143
6753,111.02585525065365
6754,280.5981010228627
6755,107.4759545762844
6756,49.144111989980985
6757,104.03739058527482
6758,123.82092679911707
6759,108.23766397111227
6760,110.62388749663063
6761,107.52718231364123
6762,107.79948199936143
6763,107.79948199936143
6764,107.79948199936143
6765,107.79948199936143
6766,107.79948199936143
6767,162.93127836763034
6768,32.30002023619199
6769,31.347150128868243
6770,31.494038319868412
6771,32.318771627691575
6772,46.64516766232704
6773,31.82932563906886
6774,23.06784187669323
6775,24.594493794424867
6776,32.419957195242844
6777,32.12216549003923
6778,32.30002023619199
6779,32.30002023619199
6780,32.30002023619199
6781,32.30002023619199
6782,32.30002023619199
6783,23.03042176577097
6784,59.90491117426241
6785,64.89123233627538
6786,74.66472042235067
6787,59.83194038137454
6788,73.6420174396367
6789,44.2181336083178
6790,69.84887276594111
6791,57.47382183074751
6792,61.89161433665009
6793,58.5538531302229
6794,59.90491117426241
6795,59.90491117426241
6796,59.90491117426241
6797,59.90491117426241
6798,59.90491117426241
6799,74.27272677913996
6800,51.781682978536516
6801,36.07418088370746
6802,32.44918692977275
6803,51.999990323618775
6804,75.55834066566744
6805,94.81708695844884
6806,47.65374882532475
6807,57.330903132718554
6808,48.436666948179976
6809,54.155451795523504
6810,51.781682978536516
6811,51.781682978536516
6812,51.781682978536516
6813,51.781682978536516
6814,51.781682978536516
6815,48.151830698410514
6816,27.754074884594637
6817,25.728204051671568
6818,54.635412985594186
6819,27.7514711020258
6820,30.9966891105236
6821,35.56194542594837
6822,37.15874147136644
6823,27.540074025069273
6824,24.296974693116457
6825,26.99606504228412
6826,27.754074884594637
6827,27.754074884594637
6828,27.754074884594637
6829,27.754074884594637
6830,27.754074884594637
6831,76.13772211116695
6832,67.96120497920863
6833,103.90699744303481
6834,55.90140731142915
6835,67.9745763231352
6836,62.44064763108906
6837,63.34803636464217
6838,56.12265056928847
6839,55.87807829488778
6840,81.03780531757307
6841,68.37777621732255
6842,67.96120497920863
6843,67.96120497920863
6844,67.96120497920863
6845,67.96120497920863
6846,67.96120497920863
6847,47.57591064498413
6848,72.85231868795512
6849,99.51358945000537
6850,73.09834270142449
6851,72.86189777197318
6852,56.662038786883805
6853,70.15250938389666
6854,76.34141444436428
6855,82.0889669547126
6856,68.39802236653172
6857,71.31812725433568
6858,72.85231868795512
6859,72.85231868795512
6860,72.85231868795512
6861,72.85231868795512
6862,72.85231868795512
6863,77.87200012376789
6864,27.648952771497097
6865,25.850506575820614
6866,34.54473599980563
6867,27.63778391663512
6868,25.101701660195523
6869,29.077281600209922
6870,22.29822180605921
6871,29.57221437125774
6872,28.80477063451983
6873,27.5657964878677
6874,27.648952771497097
6875,27.648952771497097
6876,27.648952771497097
6877,27.648952771497097
6878,27.648952771497097
6879,26.73515478230081
6880,56.680341495200224
6881,49.91206057869261
6882,55.77042615306226
6883,56.75586569086821
6884,68.23165911928196
6885,48.30293575960814
6886,65.84630934145665
6887,46.272839820275536
6888,54.973824916006805
6889,55.95670955813709
6890,56.680341495200224
6891,56.680341495200224
6892,56.680341495200224
6893,56.680341495200224
6894,56.680341495200224
6895,47.415649358640586
6896,59.27595192539415
6897,69.97929881442941
6898,47.53646782996763
6899,59.229114914035144
6900,56.882007714901526
6901,58.19085897553218
6902,43.551765558964775
6903,67.54687134609969
6904,61.62822003814855
6905,61.88359253743742
6906,59.27595192539415
6907,59.27595192539415
6908,59.27595192539415
6909,59.27595192539415
6910,59.27595192539415
6911,44.26443903136381
6912,33.40799699565958
6913,33.37945813367272
6914,34.48518669092724
6915,33.406685754991905
6916,23.099142752228577
6917,32.75232649648095
6918,39.307812222473444
6919,32.492552565227065
6920,36.36650922949583
6921,34.236600445707886
6922,33.40799699565958
6923,33.40799699565958
6924,33.40799699565958
6925,33.40799699565958
6926,33.40799699565958
6927,29.686086842997664
6928,100.3134919817074
6929,73.87414949380843
6930,60.1570077375591
6931,100.4148827743148
6932,206.4698648509199
6933,117.03178560902383
6934,94.9654574014508
6935,151.3945242137097
6936,91.01240335972919
6937,97.7948206388981
6938,100.3134919817074
6939,100.3134919817074
6940,100.3134919817074
6941,100.3134919817074
6942,100.3134919817074
6943,154.94114410918888
6944,59.705134225604525
6945,68.87292358396584
6946,56.80284213797262
6947,59.72174912123232
6948,54.64124521564338
6949,48.6040424754638
6950,59.0481362091268
6951,59.708680378295966
6952,53.56609789878116
6953,59.93220864256061
6954,59.705134225604525
6955,59.705134225604525
6956,59.705134225604525
6957,59.705134225604525
6958,59.705134225604525
6959,42.09943164088814
6960,38.20037906979421
6961,38.518927751085386
6962,41.52727945913788
6963,38.19202118748996
6964,61.252395230091025
6965,37.19139666297042
6966,37.44877408628432
6967,37.20156898371598
6968,42.07166285029
6969,37.87457403593082
6970,38.20037906979421
6971,38.20037906979421
6972,38.20037906979421
6973,38.20037906979421
6974,38.20037906979421
6975,70.14994331616359
6976,32.1567053207924
6977,31.902441949061352
6978,34.7626767874111
6979,32.14327719390058
6980,41.33696190431717
6981,36.448324513083314
6982,36.71333939681697
6983,36.2035337019588
6984,32.279650743589094
6985,32.16208774043733
6986,32.1567053207924
6987,32.1567053207924
6988,32.1567053207924
6989,32.1567053207924
6990,32.1567053207924
6991,65.84141118544976
6992,132.55649582770485
6993,167.97246141423716
6994,73.02950023416744
6995,133.00343307878555
6996,90.61139359723782
6997,98.53461028031627
6998,123.3688404659118
6999,114.7486530564627
7000,136.58902166654207
7001,126.15317054106562
7002,132.55649582770485
7003,132.55649582770485
7004,132.55649582770485
7005,132.55649582770485
7006,132.55649582770485
7007,40.50609639168027
7008,37.47893741978189
7009,34.22117345056032
7010,96.67739265894075
7011,37.49371989933639
7012,52.753659745205184
7013,32.4904008413197
7014,37.69657535903475
7015,32.105188213800325
7016,37.63041346816412
7017,39.19005312677307
7018,37.47893741978189
7019,37.47893741978189
7020,37.47893741978189
7021,37.47893741978189
7022,37.47893741978189
7023,64.4882727118226
7024,65.3826143346186
7025,64.17596419682876
7026,48.41776433906625
7027,65.3303057216619
7028,33.48430544525903
7029,140.19103679300355
7030,67.37793037258692
7031,58.77525918553826
7032,64.44587661498122
7033,63.80559770356318
7034,65.3826143346186
7035,65.3826143346186
7036,65.3826143346186
7037,65.3826143346186
7038,65.3826143346186
7039,35.511205768689976
7040,36.367844823998766
7041,40.499492020935975
7042,39.56077255450867
7043,36.371301623065584
7044,42.36804707839508
7045,36.487894977733944
7046,52.222763299996636
7047,46.73861797210428
7048,33.122341462773434
7049,35.79001464848387
7050,36.367844823998766
7051,36.367844823998766
7052,36.367844823998766
7053,36.367844823998766
7054,36.367844823998766
7055,90.53347879613607
7056,79.61683308804854
7057,55.80224441977307
7058,60.44074745926266
7059,79.6179761173961
7060,77.42134677606586
7061,102.25677049186973
7062,56.839568140380734
7063,69.25007686246595
7064,91.4402275003075
7065,78.73984751599393
7066,79.61683308804854
7067,79.61683308804854
7068,79.61683308804854
7069,79.61683308804854
7070,79.61683308804854
7071,40.52785777404873
7072,54.702501042363956
7073,51.76996535423714
7074,149.02945502443686
7075,54.62410018085369
7076,45.26031187807256
7077,53.621123912390864
7078,52.00675617599006
7079,45.46586585477402
7080,56.4962938649492
7081,57.96488608188482
7082,54.702501042363956
7083,54.702501042363956
7084,54.702501042363956
7085,54.702501042363956
7086,54.702501042363956
7087,68.05507729157617
7088,121.49475562851512
7089,178.2702623522922
7090,49.155521675229686
7091,121.83968722520966
7092,111.63541958791767
7093,123.04728610350152
7094,118.79786980445218
7095,97.19515026510048
7096,114.4598705059016
7097,115.72419753569655
7098,121.49475562851512
7099,121.49475562851512
7100,121.49475562851512
7101,121.49475562851512
7102,121.49475562851512
7103,40.70747132072896
7104,21.30571161563305
7105,22.130505679677682
7106,22.453503909732106
7107,21.311893471178795
7108,20.413145243005623
7109,16.45807472042246
7110,30.777717151691803
7111,21.565484524540054
7112,20.481999287418372
7113,21.992796213319167
7114,21.30571161563305
7115,21.30571161563305
7116,21.30571161563305
7117,21.30571161563305
7118,21.30571161563305
7119,24.863679539942957
7120,118.20895253630063
7121,103.55851950189852
7122,111.75032521035824
7123,117.95047466023668
7124,88.09001605321497
7125,149.60977793422649
7126,84.39623307115093
7127,185.97942699131025
7128,128.50756220212622
7129,112.47477528245444
7130,118.20895253630063
7131,118.20895253630063
7132,118.20895253630063
7133,118.20895253630063
7134,118.20895253630063
7135,115.64528612667803
7136,31.56075908336733
7137,27.669280286747803
7138,28.79540794340758
7139,31.564317628329487
7140,30.85068780763062
7141,36.236266627798074
7142,31.22911554794455
7143,32.092623960713404
7144,30.273971840829986
7145,31.180080834285185
7146,31.56075908336733
7147,31.56075908336733
7148,31.56075908336733
7149,31.56075908336733
7150,31.56075908336733
7151,27.343321655763756
7152,60.950381697580475
7153,113.49977475126275
7154,61.78456919031991
7155,60.93534461790963
7156,73.52190729247945
7157,53.16982011715588
7158,59.83737669053713
7159,50.07965622801023
7160,62.26455266203706
7161,61.89928148012571
7162,60.950381697580475
7163,60.950381697580475
7164,60.950381697580475
7165,60.950381697580475
7166,60.950381697580475
7167,87.98188883267727
7168,50.99518560554547
7169,49.03017962709185
7170,98.19331948493227
7171,50.98434666170862
7172,80.74623409125006
7173,42.887126494631325
7174,70.36888696531301
7175,26.314928853113713
7176,50.88875701383899
7177,50.77524176549427
7178,50.99518560554547
7179,50.99518560554547
7180,50.99518560554547
7181,50.99518560554547
7182,50.99518560554547
7183,59.08964556612743
7184,56.25815320550452
7185,64.1129662218352
7186,49.694209034923745
7187,56.27793789116442
7188,47.9702709832796
7189,59.74316277475483
7190,38.9515433403628
7191,78.28515211312467
7192,55.113602455527726
7193,57.4950229711126
7194,56.25815320550452
7195,56.25815320550452
7196,56.25815320550452
7197,56.25815320550452
7198,56.25815320550452
7199,47.22474452644401
7200,34.87080912513987
7201,35.05499675127831
7202,41.25638240841789
7203,34.87905582799894
7204,49.8994796970664
7205,35.65921500909181
7206,34.25962365533328
7207,28.432298157222995
7208,34.908069580593256
7209,33.7394558427784
7210,34.87080912513987
7211,34.87080912513987
7212,34.87080912513987
7213,34.87080912513987
7214,34.87080912513987
7215,47.10683695276788
7216,107.01833196086056
7217,137.61499474391397
7218,53.37228981084424
7219,106.92417175383622
7220,52.44922640355549
7221,133.52372606424834
7222,106.01287077709078
7223,201.3700226259991
7224,110.4061003265627
7225,109.73286056956172
7226,107.01833196086056
7227,107.01833196086056
7228,107.01833196086056
7229,107.01833196086056
7230,107.01833196086056
7231,56.05680747997439
7232,46.2983422135969
7233,46.64128703295628
7234,46.406413565354825
7235,46.27784442387635
7236,26.253551419646975
7237,39.55125895500279
7238,62.065842240179784
7239,36.7169432116726
7240,42.32730723291022
7241,45.48233445241953
7242,46.2983422135969
7243,46.2983422135969
7244,46.2983422135969
7245,46.2983422135969
7246,46.2983422135969
7247,23.875696558872182
7248,43.265593335480204
7249,43.12059222988958
7250,34.658651718426874
7251,43.33996825346077
7252,65.78922352960787
7253,63.15893100237135
7254,28.97691481667106
7255,50.204973047545806
7256,46.69365233356078
7257,44.047645369930436
7258,43.265593335480204
7259,43.265593335480204
7260,43.265593335480204
7261,43.265593335480204
7262,43.265593335480204
7263,63.51418659447754
7264,74.7559336470989
7265,66.66251716762528
7266,70.89820892516826
7267,74.84150958966845
7268,60.897288517516756
7269,79.25487983875573
7270,75.4020887307144
7271,53.70406143210016
7272,86.55060156915269
7273,73.75674698175212
7274,74.7559336470989
7275,74.7559336470989
7276,74.7559336470989
7277,74.7559336470989
7278,74.7559336470989
7279,47.35920008574573
7280,39.43719274436676
7281,37.792313376982044
7282,65.99450285336921
7283,39.41467127686924
7284,58.85940229705205
7285,31.823014374595516
7286,40.21198509894006
7287,73.25204700796345
7288,36.016392524103935
7289,39.70329225813038
7290,39.43719274436676
7291,39.43719274436676
7292,39.43719274436676
7293,39.43719274436676
7294,39.43719274436676
7295,141.22340421962656
7296,26.776854237713092
7297,27.04189654667486
7298,25.816921823995298
7299,26.775695781452946
7300,30.73013858579631
7301,24.72343549850077
7302,30.755150736283667
7303,21.29244546328689
7304,27.936806423393016
7305,25.991478154163975
7306,26.776854237713092
7307,26.776854237713092
7308,26.776854237713092
7309,26.776854237713092
7310,26.776854237713092
7311,25.475759671130778
7312,178.20910549826402
7313,99.17795599028882
7314,91.58283657318421
7315,178.24410456335127
7316,161.65003657536363
7317,160.31899553877014
7318,168.70796933586405
7319,238.94201983991928
7320,166.73911051292092
7321,185.43009468445538
7322,178.20910549826402
7323,178.20910549826402
7324,178.20910549826402
7325,178.20910549826402
7326,178.20910549826402
7327,62.59404099726476
7328,56.92882568556744
7329,50.56587557260196
7330,63.777849921950256
7331,56.812649317045825
7332,59.92595233092274
7333,55.72564445835663
7334,57.59949763132468
7335,40.433106112718605
7336,59.53207631454801
7337,58.07360858168003
7338,56.92882568556744
7339,56.92882568556744
7340,56.92882568556744
7341,56.92882568556744
7342,56.92882568556744
7343,42.758753000796474
7344,24.784824651281983
7345,35.03124942682297
7346,32.12944468825426
7347,24.80046772530079
7348,30.227570700619935
7349,26.99995550657722
7350,25.380626878439692
7351,40.48296698803809
7352,24.42313017141153
7353,24.615370950480354
7354,24.784824651281983
7355,24.784824651281983
7356,24.784824651281983
7357,24.784824651281983
7358,24.784824651281983
7359,231.82837847427595
7360,58.66314057356536
7361,70.40366079151026
7362,74.16759836599778
7363,58.68239482492809
7364,61.6737475522093
7365,73.07891856831169
7366,63.82776306907472
7367,31.33520574612761
7368,64.16916306254222
7369,60.418844001182755
7370,58.66314057356536
7371,58.66314057356536
7372,58.66314057356536
7373,58.66314057356536
7374,58.66314057356536
7375,85.49064640193065
7376,52.00905504241398
7377,48.05536808850504
7378,41.252615122331854
7379,51.95632739426944
7380,45.100374045791874
7381,46.85189425803421
7382,46.39751522099777
7383,81.18376440083841
7384,46.23201933439278
7385,52.403892917248555
7386,52.00905504241398
7387,52.00905504241398
7388,52.00905504241398
7389,52.00905504241398
7390,52.00905504241398
7391,36.596288109119335
7392,109.07475495635262
7393,87.58075235630639
7394,196.06979144157427
7395,109.12081153942687
7396,83.5224848414652
7397,75.89825060633642
7398,111.87498203830948
7399,73.72131721459925
7400,105.3267587434472
7401,100.57060988947592
7402,109.07475495635262
7403,109.07475495635262
7404,109.07475495635262
7405,109.07475495635262
7406,109.07475495635262
7407,45.752446891436705
7408,29.207448298863774
7409,34.687193296324594
7410,22.606789954237986
7411,29.198507240499108
7412,26.609979530319563
7413,38.35859598852326
7414,31.012028552947438
7415,45.846142407511024
7416,30.849856598207648
7417,29.804491686578405
7418,29.207448298863774
7419,29.207448298863774
7420,29.207448298863774
7421,29.207448298863774
7422,29.207448298863774
7423,49.27939224244769
7424,40.28775325742888
7425,40.61122510936115
7426,62.56103161669415
7427,40.29260700357743
7428,37.52000007340508
7429,34.29242660435024
7430,41.68869596307049
7431,49.645791507405356
7432,40.775663376751694
7433,41.47593811798091
7434,40.28775325742888
7435,40.28775325742888
7436,40.28775325742888
7437,40.28775325742888
7438,40.28775325742888
7439,64.33964721118316
7440,71.31227606726921
7441,53.83188208814729
7442,43.97682434579347
7443,71.25154655833259
7444,141.13758100647237
7445,145.8645196059729
7446,55.33071721392119
7447,36.74177507568526
7448,70.91777723951866
7449,66.49726727161938
7450,71.31227606726921
7451,71.31227606726921
7452,71.31227606726921
7453,71.31227606726921
7454,71.31227606726921
7455,40.417183509925046
7456,41.57160723360174
7457,53.58849497734679
7458,47.96771976900279
7459,41.57403534970175
7460,24.834146210688157
7461,48.0751654708481
7462,50.56129612084269
7463,55.519094374495204
7464,40.50482367268699
7465,41.54049181014699
7466,41.57160723360174
7467,41.57160723360174
7468,41.57160723360174
7469,41.57160723360174
7470,41.57160723360174
7471,85.44902668967984
7472,63.425486795359255
7473,63.289679257330775
7474,49.25237724440457
7475,63.432214481332785
7476,105.47843724707462
7477,47.499123948420106
7478,48.01547035282081
7479,52.176043977707764
7480,63.04813668198758
7481,64.34922260718595
7482,63.425486795359255
7483,63.425486795359255
7484,63.425486795359255
7485,63.425486795359255
7486,63.425486795359255
7487,38.91039912702423
7488,32.66391700626586
7489,32.563544567570304
7490,31.473371615002623
7491,32.66745370228236
7492,41.19070785576563
7493,29.864155340376623
7494,37.20877029617904
7495,43.34377501615819
7496,34.92339265452191
7497,32.50451699078907
7498,32.66391700626586
7499,32.66391700626586
7500,32.66391700626586
7501,32.66391700626586
7502,32.66391700626586
7503,57.78520775559404
7504,68.32785775089093
7505,72.9289762882525
7506,64.6142230695634
7507,68.30012152358734
7508,32.01374031352388
7509,66.47969748735369
7510,61.9525423475464
7511,49.374183095735475
7512,64.17190159437656
7513,70.97663843400387
7514,68.32785775089093
7515,68.32785775089093
7516,68.32785775089093
7517,68.32785775089093
7518,68.32785775089093
7519,20.98311611937508
7520,24.540223318779322
7521,22.063452311543394
7522,27.133961971776415
7523,24.509833105503397
7524,32.28798576388159
7525,24.068849967828537
7526,34.42208657707182
7527,44.30552517346831
7528,22.33763276496642
7529,25.014415493384824
7530,24.540223318779322
7531,24.540223318779322
7532,24.540223318779322
7533,24.540223318779322
7534,24.540223318779322
7535,72.52821291182926
7536,135.61265541487936
7537,125.66598279716843
7538,140.94827200826109
7539,135.91898393153463
7540,98.86538753303171
7541,164.77277152381183
7542,120.1556257403498
7543,79.49998756623795
7544,148.60321130521837
7545,127.68568729957869
7546,135.61265541487936
7547,135.61265541487936
7548,135.61265541487936
7549,135.61265541487936
7550,135.61265541487936
7551,61.37872602554275
7552,49.83759143522755
7553,59.55430364684124
7554,45.467856031304585
7555,49.80171326861741
7556,43.810089442144054
7557,60.993496543543706
7558,42.49898877329993
7559,64.41801802052058
7560,53.05839133879133
7561,50.416941360508545
7562,49.83759143522755
7563,49.83759143522755
7564,49.83759143522755
7565,49.83759143522755
7566,49.83759143522755
7567,66.17781657438663
7568,65.6495136906192
7569,35.463249970125965
7570,60.165296316456576
7571,66.06123611010008
7572,69.31414074659206
7573,47.82941300923419
7574,70.3464589894728
7575,38.79688177143926
7576,61.73183076883629
7577,66.62570709421283
7578,65.6495136906192
7579,65.6495136906192
7580,65.6495136906192
7581,65.6495136906192
7582,65.6495136906192
7583,22.84615440898016
7584,41.50119185242744
7585,40.13778013044455
7586,49.64349748035056
7587,41.49441048704596
7588,49.256621556331815
7589,29.392920396535416
7590,50.200623189477135
7591,86.39639547901857
7592,42.24038174531924
7593,42.02844148196127
7594,41.50119185242744
7595,41.50119185242744
7596,41.50119185242744
7597,41.50119185242744
7598,41.50119185242744
7599,95.5416757894972
7600,80.64365255102639
7601,97.278959411995
7602,84.96397021649994
7603,80.685415429807
7604,79.39203735076187
7605,131.45301579547228
7606,61.080436162394776
7607,50.351810082521915
7608,76.65762050386498
7609,77.75156696708243
7610,80.64365255102639
7611,80.64365255102639
7612,80.64365255102639
7613,80.64365255102639
7614,80.64365255102639
7615,64.49122161284214
7616,33.219346627952
7617,35.33371845452794
7618,43.19790230252981
7619,33.22397191577912
7620,33.29549088182375
7621,29.783209829723024
7622,31.77417604014483
7623,41.51573974403714
7624,32.18403817018096
7625,33.933014014307666
7626,33.219346627952
7627,33.219346627952
7628,33.219346627952
7629,33.219346627952
7630,33.219346627952
7631,52.481706746731476
7632,260.4006909033812
7633,218.0798760549566
7634,79.06543359092406
7635,260.15884993578334
7636,302.9012792352998
7637,287.0430140082624
7638,271.8774006518083
7639,108.5716341429871
7640,270.2158270828787
7641,249.87483555753536
7642,260.4006909033812
7643,260.4006909033812
7644,260.4006909033812
7645,260.4006909033812
7646,260.4006909033812
7647,53.79689990694587
7648,27.102360930610807
7649,24.093278438576924
7650,34.39529489000424
7651,27.124733434774758
7652,27.85116346124148
7653,29.15161144402041
7654,37.35050323777557
7655,38.214873786523526
7656,30.76938229820085
7657,27.44548022080457
7658,27.102360930610807
7659,27.102360930610807
7660,27.102360930610807
7661,27.102360930610807
7662,27.102360930610807
7663,72.88047163716345
7664,61.9066690316956
7665,75.9435910235108
7666,54.99987330316876
7667,61.884890390659336
7668,52.8947802766454
7669,67.59034955489277
7670,53.20266370593002
7671,52.367517908364945
7672,52.44411738506188
7673,61.336185661196964
7674,61.9066690316956
7675,61.9066690316956
7676,61.9066690316956
7677,61.9066690316956
7678,61.9066690316956
7679,34.85989484840967
7680,58.713037521636146
7681,63.16072705267864
7682,89.57103637487538
7683,58.66514110276954
7684,73.35649639025522
7685,57.401778958363174
7686,42.895711582757556
7687,52.28987639533716
7688,59.83227922274075
7689,57.613439751464135
7690,58.713037521636146
7691,58.713037521636146
7692,58.713037521636146
7693,58.713037521636146
7694,58.713037521636146
7695,89.8039712200849
7696,104.63628314568797
7697,68.64973249529251
7698,41.636127738157306
7699,105.13661375384739
7700,116.83459625756946
7701,79.60687423481015
7702,120.01840078918461
7703,141.84583946918082
7704,104.12091227386843
7705,107.31545749893758
7706,104.63628314568797
7707,104.63628314568797
7708,104.63628314568797
7709,104.63628314568797
7710,104.63628314568797
7711,53.33129665325567
7712,35.75611392517543
7713,33.72110067467636
7714,45.244898660573746
7715,35.763701836417845
7716,30.613203777968057
7717,38.400588182682235
7718,36.90583737686018
7719,32.474576592910964
7720,35.051396455605534
7721,35.825439879580884
7722,35.75611392517543
7723,35.75611392517543
7724,35.75611392517543
7725,35.75611392517543
7726,35.75611392517543
7727,34.18082788844914
7728,58.9670344230472
7729,74.6879311409859
7730,52.096849816463035
7731,58.96363462804853
7732,59.49664813576795
7733,59.276013359597776
7734,49.782922094080575
7735,50.982767430117605
7736,59.116567022515746
7737,59.14622820348061
7738,58.9670344230472
7739,58.9670344230472
7740,58.9670344230472
7741,58.9670344230472
7742,58.9670344230472
7743,43.139831029975724
7744,25.38129240780654
7745,32.912390193904606
7746,23.32269605129511
7747,25.38638796681596
7748,25.466660906845025
7749,22.469356648914665
7750,20.777619664618562
7751,29.84444843231739
7752,27.0348248497015
7753,25.592902364368847
7754,25.38129240780654
7755,25.38129240780654
7756,25.38129240780654
7757,25.38129240780654
7758,25.38129240780654
7759,25.52602026358833
7760,67.22242697087036
7761,57.974300432321336
7762,61.284951032047665
7763,67.1580933382844
7764,54.99986788008049
7765,100.7923515908069
7766,87.77727580357418
7767,67.48876218860806
7768,62.66775676788283
7769,68.70427334320489
7770,67.22242697087036
7771,67.22242697087036
7772,67.22242697087036
7773,67.22242697087036
7774,67.22242697087036
7775,73.06479940335036
7776,30.115267673300103
7777,24.93725614727614
7778,37.19284939747579
7779,30.171303801769504
7780,31.839121878146926
7781,40.20238616361504
7782,35.56378094056604
7783,28.65852546775522
7784,27.40355285666656
7785,29.060742428931896
7786,30.115267673300103
7787,30.115267673300103
7788,30.115267673300103
7789,30.115267673300103
7790,30.115267673300103
7791,37.77259880368055
7792,96.82361504118496
7793,102.94693140763299
7794,117.27757978150805
7795,96.63939168351548
7796,132.47701383043488
7797,57.75983307615409
7798,90.41325262291987
7799,105.23088114691461
7800,105.25210788883713
7801,98.47032745659968
7802,96.82361504118496
7803,96.82361504118496
7804,96.82361504118496
7805,96.82361504118496
7806,96.82361504118496
7807,102.09275134822508
7808,42.384733168487124
7809,41.33976044241991
7810,41.00373357570076
7811,42.4023233557406
7812,27.15446488456123
7813,41.87362897847525
7814,32.65420861061532
7815,54.35805069318284
7816,41.38304371927312
7817,43.182124905228115
7818,42.384733168487124
7819,42.384733168487124
7820,42.384733168487124
7821,42.384733168487124
7822,42.384733168487124
7823,24.64926369583531
7824,79.53277112536183
7825,64.370268846921
7826,65.5460516081679
7827,79.2366669381194
7828,155.42310291005364
7829,67.81254114307511
7830,95.67911806901252
7831,74.03168854383584
7832,84.06784830015711
7833,80.59356986125846
7834,79.53277112536183
7835,79.53277112536183
7836,79.53277112536183
7837,79.53277112536183
7838,79.53277112536183
7839,110.64278734220622
7840,45.86500590563703
7841,44.947696381326416
7842,49.25426898573878
7843,45.86495948691167
7844,40.74495090727244
7845,56.10747417363572
7846,37.7005494295608
7847,42.75989087663662
7848,42.82018745059543
7849,43.28866416768116
7850,45.86500590563703
7851,45.86500590563703
7852,45.86500590563703
7853,45.86500590563703
7854,45.86500590563703
7855,35.08494185237624
7856,52.892867457392406
7857,54.19873124741968
7858,59.28263263124081
7859,52.90013035626044
7860,82.53347142328292
7861,50.69591201892134
7862,55.6595640238738
7863,51.622180687894605
7864,54.91016157312498
7865,54.52041424039215
7866,52.892867457392406
7867,52.892867457392406
7868,52.892867457392406
7869,52.892867457392406
7870,52.892867457392406
7871,103.06616955136802
7872,37.62751890589245
7873,38.468563763938306
7874,50.739451116644624
7875,37.63375274459056
7876,46.743702372211146
7877,50.79045023760907
7878,32.4682723996993
7879,36.32385343475495
7880,34.28943038501789
7881,36.46137155066063
7882,37.62751890589245
7883,37.62751890589245
7884,37.62751890589245
7885,37.62751890589245
7886,37.62751890589245
7887,85.5591671820534
7888,68.83524946154074
7889,70.29655709709822
7890,45.35319646584152
7891,68.70046702208855
7892,43.9938832558715
7893,45.52172618570877
7894,96.89174294362861
7895,108.28444572724456
7896,84.47725652866741
7897,72.78839644468265
7898,68.83524946154074
7899,68.83524946154074
7900,68.83524946154074
7901,68.83524946154074
7902,68.83524946154074
7903,53.09973909069631
7904,34.58488291829845
7905,35.92541844057175
7906,43.68841189878805
7907,34.53542031713121
7908,45.2126850821804
7909,25.507199727353573
7910,32.017975493855666
7911,32.35253162754468
7912,36.43918651974489
7913,34.99137773156501
7914,34.58488291829845
7915,34.58488291829845
7916,34.58488291829845
7917,34.58488291829845
7918,34.58488291829845
7919,38.0179921484949
7920,117.97296479679203
7921,109.49922953881615
7922,82.58755281814611
7923,118.14463695401638
7924,50.07943798222286
7925,143.2998991501739
7926,133.55978301969347
7927,79.92182861527908
7928,107.87427288982985
7929,116.69060043342317
7930,117.97296479679203
7931,117.97296479679203
7932,117.97296479679203
7933,117.97296479679203
7934,117.97296479679203
7935,36.54517818125172
7936,31.038060500406786
7937,37.28811486006311
7938,37.90289674720057
7939,31.03879085217343
7940,33.52390868445506
7941,28.800162553535447
7942,30.761649339622224
7943,36.99238232696941
7944,31.209546655247514
7945,31.05967913708537
7946,31.038060500406786
7947,31.038060500406786
7948,31.038060500406786
7949,31.038060500406786
7950,31.038060500406786
7951,70.87907619845521
7952,66.98574013802084
7953,50.69852416094571
7954,50.90723463591143
7955,67.00279140358194
7956,88.19047958676
7957,84.6139773567815
7958,65.79900892472692
7959,67.50484349895389
7960,65.47968106994642
7961,68.99483252655573
7962,66.98574013802084
7963,66.98574013802084
7964,66.98574013802084
7965,66.98574013802084
7966,66.98574013802084
7967,61.768750769926974
7968,42.611243523436706
7969,41.78527936582285
7970,57.308433062224864
7971,42.583388320195255
7972,44.15371823985941
7973,50.914384863180935
7974,37.6455801548303
7975,31.333467170932927
7976,42.8144570845988
7977,43.55047294405423
7978,42.611243523436706
7979,42.611243523436706
7980,42.611243523436706
7981,42.611243523436706
7982,42.611243523436706
7983,44.43688399317737
7984,57.484750553664306
7985,73.00343114449278
7986,41.35409755550703
7987,57.53500145738596
7988,50.58709080107104
7989,40.68652814444455
7990,63.241786402787135
7991,53.98641383546587
7992,59.63611820900284
7993,54.6114448321959
7994,57.484750553664306
7995,57.484750553664306
7996,57.484750553664306
7997,57.484750553664306
7998,57.484750553664306
7999,31.3762759048464
8000,84.9263267059817
8001,97.13787303378716
8002,80.11475674902837
8003,84.98225661182327
8004,58.942471308161934
8005,81.06349103015819
8006,85.97625797669343
8007,105.7950101020824
8008,76.26305515118769
8009,89.11141387289928
8010,84.9263267059817
8011,84.9263267059817
8012,84.9263267059817
8013,84.9263267059817
8014,84.9263267059817
8015,67.18115205729218
8016,49.22913733083705
8017,43.37632008452724
8018,34.997021803793984
8019,49.14831047063361
8020,42.25438193731805
8021,45.803157835497395
8022,49.85623510755527
8023,59.5244625740638
8024,53.50645202476239
8025,46.54579543295532
8026,49.22913733083705
8027,49.22913733083705
8028,49.22913733083705
8029,49.22913733083705
8030,49.22913733083705
8031,32.28359134751163
8032,50.88430673686508
8033,43.01489864596227
8034,54.97429973195787
8035,50.93104661847639
8036,54.407369513453645
8037,60.629379033377916
8038,43.64584113471254
8039,57.58044847332109
8040,56.973273823854726
8041,51.12677151721441
8042,50.88430673686508
8043,50.88430673686508
8044,50.88430673686508
8045,50.88430673686508
8046,50.88430673686508
8047,60.8637025885068
8048,44.789617486816944
8049,59.80742577172522
8050,74.68048040516311
8051,44.75662910405596
8052,39.67512320671281
8053,43.433420106598106
8054,48.00811907215735
8055,37.267646138928036
8056,40.494774738530374
8057,45.176279213497175
8058,44.789617486816944
8059,44.789617486816944
8060,44.789617486816944
8061,44.789617486816944
8062,44.789617486816944
8063,77.87514569805094
8064,32.61980473307554
8065,32.49114560658939
8066,32.978054223042946
8067,32.62297245838452
8068,52.15658888998528
8069,44.581576274949015
8070,32.99068146623101
8071,34.494415160215844
8072,31.513106522963884
8073,33.16938285017028
8074,32.61980473307554
8075,32.61980473307554
8076,32.61980473307554
8077,32.61980473307554
8078,32.61980473307554
8079,80.45451182368221
8080,128.5117475735545
8081,77.29090616455187
8082,62.23041412536025
8083,128.45326259187712
8084,64.43743529415298
8085,87.18788559671191
8086,130.48171879214652
8087,159.72847294348998
8088,133.11045706483787
8089,122.90586069438372
8090,128.5117475735545
8091,128.5117475735545
8092,128.5117475735545
8093,128.5117475735545
8094,128.5117475735545
8095,29.98492677880017
8096,72.40178195700267
8097,79.98261422552838
8098,67.09935045595465
8099,72.45917444025615
8100,109.15441262616947
8101,55.212578956441334
8102,51.84380769952729
8103,80.60329672967227
8104,69.06373970278108
8105,73.49716947939093
8106,72.40178195700267
8107,72.40178195700267
8108,72.40178195700267
8109,72.40178195700267
8110,72.40178195700267
8111,61.618742575302235
8112,36.485671818257366
8113,36.37398017149989
8114,59.54832529123993
8115,36.47117714584667
8116,30.261781412808713
8117,41.96225377167612
8118,52.87250656384703
8119,32.704032512828256
8120,38.98524007208738
8121,36.1178065332751
8122,36.485671818257366
8123,36.485671818257366
8124,36.485671818257366
8125,36.485671818257366
8126,36.485671818257366
8127,77.69267010776295
8128,44.9133231474999
8129,45.08462297867563
8130,58.447562396646205
8131,44.90283889390371
8132,37.249991246676665
8133,45.23911430498954
8134,47.49378251864512
8135,47.62585144847523
8136,45.72237711191909
8137,45.35333090628086
8138,44.9133231474999
8139,44.9133231474999
8140,44.9133231474999
8141,44.9133231474999
8142,44.9133231474999
8143,56.54976849910479
8144,49.19021872570993
8145,71.85810052109629
8146,44.931606595863066
8147,49.23549108053314
8148,72.61863797509825
8149,42.2752118493941
8150,50.55672712800899
8151,50.579507848783706
8152,47.84361810758388
8153,49.624270601835526
8154,49.19021872570993
8155,49.19021872570993
8156,49.19021872570993
8157,49.19021872570993
8158,49.19021872570993
8159,76.04721048473957
8160,115.88334788427788
8161,100.28898309452111
8162,182.95540317764244
8163,115.98609717592551
8164,66.05360075008912
8165,129.74452347363592
8166,86.06411506787676
8167,79.06751497113443
8168,103.50633182139262
8169,117.13510918950867
8170,115.88334788427788
8171,115.88334788427788
8172,115.88334788427788
8173,115.88334788427788
8174,115.88334788427788
8175,38.77054888355278
8176,25.921533998515095
8177,26.71359107633739
8178,16.481340024018795
8179,25.905963470381167
8180,41.743313210976574
8181,26.087875810614797
8182,36.33946876726774
8183,26.47246474448844
8184,30.360856008816203
8185,25.45114164245808
8186,25.921533998515095
8187,25.921533998515095
8188,25.921533998515095
8189,25.921533998515095
8190,25.921533998515095
8191,40.473404121208134
8192,21.68474033130412
8193,21.280541789117507
8194,22.35034085278992
8195,21.678584412319502
8196,26.85970236008873
8197,26.975019254915356
8198,25.2288487048542
8199,36.27329649302694
8200,21.894859519475272
8201,21.93275899493773
8202,21.68474033130412
8203,21.68474033130412
8204,21.68474033130412
8205,21.68474033130412
8206,21.68474033130412
8207,69.9055873738658
8208,100.61012943969406
8209,113.74539648673644
8210,219.70270960397747
8211,100.7302905777486
8212,106.73314433013716
8213,71.39444691510624
8214,93.14245548249286
8215,67.69694070565865
8216,102.40434957197995
8217,101.67201799040343
8218,100.61012943969406
8219,100.61012943969406
8220,100.61012943969406
8221,100.61012943969406
8222,100.61012943969406
8223,114.20717146587863
8224,44.13366690126705
8225,44.34881354915744
8226,43.03015752118964
8227,44.14258716283674
8228,37.20970339293402
8229,36.37397875913162
8230,45.923513621008496
8231,53.11429045551421
8232,44.48525106830696
8233,44.60044271457548
8234,44.13366690126705
8235,44.13366690126705
8236,44.13366690126705
8237,44.13366690126705
8238,44.13366690126705
8239,38.3696829077321
8240,89.90790910239268
8241,113.64213704732401
8242,48.037184659638115
8243,89.86288692425998
8244,92.75443039684033
8245,94.94928140622908
8246,97.02012200366158
8247,55.31707933482326
8248,85.07291822078187
8249,85.97712153936081
8250,89.90790910239268
8251,89.90790910239268
8252,89.90790910239268
8253,89.90790910239268
8254,89.90790910239268
8255,39.64055896102955
8256,33.41927449793274
8257,33.48808661321251
8258,41.027464151239904
8259,33.41307697641759
8260,34.30865480091602
8261,35.35496692420621
8262,34.313231011524955
8263,53.28547864717405
8264,36.48754254882449
8265,34.161564081815676
8266,33.41927449793274
8267,33.41927449793274
8268,33.41927449793274
8269,33.41927449793274
8270,33.41927449793274
8271,95.77770660156553
8272,143.11931723702497
8273,142.35820861457532
8274,61.84947838442686
8275,143.27967660318396
8276,115.04764168114563
8277,109.96044578223182
8278,126.36487237853918
8279,95.8807778464922
8280,128.95757698587826
8281,136.54052387979775
8282,143.11931723702497
8283,143.11931723702497
8284,143.11931723702497
8285,143.11931723702497
8286,143.11931723702497
8287,25.44138414607123
8288,85.00027763369687
8289,71.1492594304196
8290,136.87437288125955
8291,85.32034887666521
8292,88.43276268712425
8293,109.34519130873616
8294,81.27685771625502
8295,132.2556241678633
8296,74.45025323079852
8297,86.61678521172651
8298,85.00027763369687
8299,85.00027763369687
8300,85.00027763369687
8301,85.00027763369687
8302,85.00027763369687
8303,191.22942133982372
8304,30.68024722928162
8305,29.761356499288368
8306,27.36311992240933
8307,30.65273777839317
8308,41.37276018186833
8309,32.55170603243258
8310,28.263218845199408
8311,16.16856034030977
8312,33.236174484472144
8313,30.443032116560463
8314,30.68024722928162
8315,30.68024722928162
8316,30.68024722928162
8317,30.68024722928162
8318,30.68024722928162
8319,18.99083072571936
8320,27.102636537340597
8321,27.25281644633589
8322,32.36306264718266
8323,27.1259718151596
8324,35.6645488654557
8325,25.910962212570993
8326,41.17676879129331
8327,39.17326940030437
8328,25.59295134036335
8329,27.942403900440194
8330,27.102636537340597
8331,27.102636537340597
8332,27.102636537340597
8333,27.102636537340597
8334,27.102636537340597
8335,93.83107715535508
8336,137.04867167364068
8337,79.08931001904432
8338,56.721952724251935
8339,136.16919276596576
8340,93.31835220458302
8341,208.12535145115183
8342,111.0086750877508
8343,95.07486507219268
8344,147.776008044952
8345,127.08402511997434
8346,137.04867167364068
8347,137.04867167364068
8348,137.04867167364068
8349,137.04867167364068
8350,137.04867167364068
8351,27.349377292924032
8352,29.324459637362
8353,26.790404577671204
8354,43.762012619796614
8355,29.32467850457166
8356,52.463991254566515
8357,37.261019487470065
8358,32.00186188904138
8359,40.44026335623228
8360,27.85279489801334
8361,29.268506727034342
8362,29.324459637362
8363,29.324459637362
8364,29.324459637362
8365,29.324459637362
8366,29.324459637362
8367,158.72192638174678
8368,87.38534178063404
8369,179.84079415336208
8370,73.08326190525099
8371,87.3823073468525
8372,56.770831769519695
8373,61.395436280986424
8374,94.76591610172572
8375,42.392492538749316
8376,90.73064468978407
8377,89.40709536291415
8378,87.38534178063404
8379,87.38534178063404
8380,87.38534178063404
8381,87.38534178063404
8382,87.38534178063404
8383,30.762602384791506
8384,52.30133240911478
8385,63.54316392921841
8386,51.585353208230075
8387,52.29130102092237
8388,31.559643013706186
8389,48.412520942199485
8390,68.19128079917675
8391,92.1281907255069
8392,46.32597317973957
8393,51.98454120781404
8394,52.30133240911478
8395,52.30133240911478
8396,52.30133240911478
8397,52.30133240911478
8398,52.30133240911478
8399,65.72584497236369
8400,54.06127397084968
8401,49.97681808257932
8402,93.09073226287475
8403,54.070416423040285
8404,82.60403980097666
8405,48.06026944858218
8406,36.186661848026986
8407,40.40678076689884
8408,61.641839785714204
8409,55.82484604367169
8410,54.06127397084968
8411,54.06127397084968
8412,54.06127397084968
8413,54.06127397084968
8414,54.06127397084968
8415,56.57697488070128
8416,43.270127236391765
8417,38.746489023295915
8418,43.03345083317423
8419,43.226529991299984
8420,27.28601638885252
8421,45.55936490325999
8422,41.71390350114063
8423,50.924470431671395
8424,44.16355058090376
8425,44.16600373483261
8426,43.270127236391765
8427,43.270127236391765
8428,43.270127236391765
8429,43.270127236391765
8430,43.270127236391765
8431,29.680276778116507
8432,61.12697433052934
8433,81.17985831014597
8434,48.58984838624295
8435,61.19066491593982
8436,68.41645713479616
8437,55.755999523151914
8438,59.677334547457335
8439,48.01390896544913
8440,58.046601499555685
8441,58.241949672506586
8442,61.12697433052934
8443,61.12697433052934
8444,61.12697433052934
8445,61.12697433052934
8446,61.12697433052934
8447,40.94709866074968
8448,76.9148290746437
8449,77.81312731741235
8450,87.9927523279804
8451,76.92107917184345
8452,84.52316316056313
8453,72.8654255586726
8454,69.97742081119365
8455,50.394639965892814
8456,75.17296565761086
8457,74.05681445934488
8458,76.9148290746437
8459,76.9148290746437
8460,76.9148290746437
8461,76.9148290746437
8462,76.9148290746437
8463,49.47814339821029
8464,36.495666177418784
8465,30.695903989690226
8466,47.924009944823325
8467,36.498131252931834
8468,52.84059340518637
8469,30.065666252296108
8470,40.79949602202963
8471,96.39401319458118
8472,37.357813795022125
8473,37.513508468039106
8474,36.495666177418784
8475,36.495666177418784
8476,36.495666177418784
8477,36.495666177418784
8478,36.495666177418784
8479,126.0537085463606
8480,52.400377902356624
8481,75.01504901928584
8482,47.28326613193082
8483,52.385991504261774
8484,52.93769132467934
8485,58.11108515227702
8486,63.77268576367099
8487,38.385104499454044
8488,53.18946703182907
8489,53.41790747127734
8490,52.400377902356624
8491,52.400377902356624
8492,52.400377902356624
8493,52.400377902356624
8494,52.400377902356624
8495,60.488442946365254
8496,34.44145628072564
8497,34.54671960600947
8498,32.156384972826025
8499,34.44675606078113
8500,29.502245452026095
8501,33.39574998293517
8502,25.89765161823542
8503,47.174323886676
8504,34.897977628764124
8505,34.19857205748409
8506,34.44145628072564
8507,34.44145628072564
8508,34.44145628072564
8509,34.44145628072564
8510,34.44145628072564
8511,27.63212394439463
8512,49.546542822265934
8513,49.56191780050653
8514,59.663514891739304
8515,49.56472951388568
8516,33.514486835861874
8517,68.43812045451484
8518,42.948270399441604
8519,40.27914049988262
8520,46.238050326192216
8521,50.70125480485354
8522,49.546542822265934
8523,49.546542822265934
8524,49.546542822265934
8525,49.546542822265934
8526,49.546542822265934
8527,37.790044100029775
8528,50.981725167214314
8529,55.16781382675509
8530,39.90348833595477
8531,50.9003694415517
8532,43.005844996732044
8533,40.878239619110566
8534,55.63766644285266
8535,76.65817675808216
8536,55.243195113720915
8537,51.54174719225209
8538,50.981725167214314
8539,50.981725167214314
8540,50.981725167214314
8541,50.981725167214314
8542,50.981725167214314
8543,46.40132288777248
8544,69.03681112605742
8545,56.12145575974044
8546,168.86228437175018
8547,68.97377346304903
8548,79.83845945376291
8549,49.819274289760045
8550,87.1018197626703
8551,33.42650511878055
8552,76.67110730841631
8553,63.667353295793724
8554,69.03681112605742
8555,69.03681112605742
8556,69.03681112605742
8557,69.03681112605742
8558,69.03681112605742
8559,53.01168741281365
8560,63.99303732804667
8561,61.340940199726425
8562,40.77353479026128
8563,64.02378214607153
8564,58.44572820519348
8565,84.9947168718865
8566,49.85519312787873
8567,96.14080817337384
8568,59.19958668249922
8569,65.58409489867648
8570,63.99303732804667
8571,63.99303732804667
8572,63.99303732804667
8573,63.99303732804667
8574,63.99303732804667
8575,44.1423778899104
8576,70.62576545861488
8577,105.49732508379128
8578,85.16383553711009
8579,70.64829660704979
8580,50.54234655608913
8581,83.38585327947698
8582,78.28682042663769
8583,61.12611739934253
8584,66.96639061231677
8585,70.33066632143728
8586,70.62576545861488
8587,70.62576545861488
8588,70.62576545861488
8589,70.62576545861488
8590,70.62576545861488
8591,105.93071744505255
8592,60.175420236019576
8593,37.56552012477211
8594,41.19036395324221
8595,60.14004872877608
8596,80.6151108619993
8597,51.07066696612697
8598,53.366884301965875
8599,102.82495201316037
8600,62.4693031301544
8601,61.88446389057318
8602,60.175420236019576
8603,60.175420236019576
8604,60.175420236019576
8605,60.175420236019576
8606,60.175420236019576
8607,48.03200097725806
8608,59.24928818948908
8609,57.51371504980521
8610,133.09732194676036
8611,59.312576772899384
8612,41.89887246922453
8613,65.44204144993762
8614,75.01149357727115
8615,33.10994157476139
8616,58.61558162570916
8617,56.85088963371203
8618,59.24928818948908
8619,59.24928818948908
8620,59.24928818948908
8621,59.24928818948908
8622,59.24928818948908
8623,49.39931538366628
8624,43.99059659126488
8625,49.59429083066401
8626,33.46619717397132
8627,43.947042305294936
8628,78.02436645389321
8629,48.2036922568289
8630,35.9990316591711
8631,53.2014402389894
8632,45.55803695956146
8633,44.60289816037157
8634,43.99059659126488
8635,43.99059659126488
8636,43.99059659126488
8637,43.99059659126488
8638,43.99059659126488
8639,69.82363214663184
8640,39.786172871467
8641,43.214874742229554
8642,42.29014711169783
8643,39.780051222629844
8644,72.38310670724735
8645,34.508829909703756
8646,43.601387858118294
8647,29.33327198912107
8648,41.339584094790055
8649,39.096639434235264
8650,39.786172871467
8651,39.786172871467
8652,39.786172871467
8653,39.786172871467
8654,39.786172871467
8655,57.6201296388936
8656,61.53353361576715
8657,53.15601112434335
8658,60.30321829885504
8659,61.63132671879477
8660,42.13443901917746
8661,91.03174335726221
8662,52.349054756830455
8663,161.6024512510986
8664,57.13417412586566
8665,63.196013404063905
8666,61.53353361576715
8667,61.53353361576715
8668,61.53353361576715
8669,61.53353361576715
8670,61.53353361576715
8671,100.41370805948726
8672,28.805182655134015
8673,25.95250138097056
8674,26.889271411420474
8675,28.789818973697397
8676,37.503663663772095
8677,37.32204709266922
8678,39.87441496298514
8679,21.05565585762108
8680,25.492205054789434
8681,28.601227992111482
8682,28.805182655134015
8683,28.805182655134015
8684,28.805182655134015
8685,28.805182655134015
8686,28.805182655134015
8687,35.538638121393056
8688,56.42831380796367
8689,76.69767775233368
8690,55.294187317073686
8691,56.453499109187575
8692,38.991926352174495
8693,36.85433191227223
8694,46.6473673805719
8695,74.9203685676324
8696,66.22313449703809
8697,56.75293822359725
8698,56.42831380796367
8699,56.42831380796367
8700,56.42831380796367
8701,56.42831380796367
8702,56.42831380796367
8703,36.19206161056509
8704,54.09071290456566
8705,57.24611631709159
8706,57.15391278021878
8707,54.08918860981627
8708,40.662254167267044
8709,67.88187375861597
8710,42.75103919064836
8711,55.17993159613553
8712,52.70669823190357
8713,55.16642137540062
8714,54.09071290456566
8715,54.09071290456566
8716,54.09071290456566
8717,54.09071290456566
8718,54.09071290456566
8719,48.131083985551825
8720,96.56876423670475
8721,59.02185222822314
8722,82.07996163600697
8723,96.66574609933872
8724,216.28766651458574
8725,76.83449824751659
8726,115.31502665559334
8727,90.28666675336697
8728,98.0276338422519
8729,92.31325487495293
8730,96.56876423670475
8731,96.56876423670475
8732,96.56876423670475
8733,96.56876423670475
8734,96.56876423670475
8735,109.65275335375883
8736,100.02128298672422
8737,86.60860494249899
8738,85.27339202783591
8739,100.24201877456719
8740,60.10294744853763
8741,64.1340684098095
8742,87.29709665947705
8743,90.61430700079184
8744,101.1374823665818
8745,101.67041661296678
8746,100.02128298672422
8747,100.02128298672422
8748,100.02128298672422
8749,100.02128298672422
8750,100.02128298672422
8751,30.75855475089214
8752,30.038365931851917
8753,34.72816247793008
8754,29.98110299664421
8755,30.02466090721867
8756,35.223470893815
8757,38.52458440403923
8758,33.30052501482869
8759,37.543227580333564
8760,30.356646145344083
8761,29.85156979550042
8762,30.038365931851917
8763,30.038365931851917
8764,30.038365931851917
8765,30.038365931851917
8766,30.038365931851917
8767,80.25134109439033
8768,67.31392765611369
8769,113.83350195898163
8770,78.78308444765946
8771,67.26891730868635
8772,80.15288700373075
8773,58.64253408716273
8774,54.79491977213118
8775,51.804638952852855
8776,62.45267469238264
8777,68.0610477843511
8778,67.31392765611369
8779,67.31392765611369
8780,67.31392765611369
8781,67.31392765611369
8782,67.31392765611369
8783,73.56071752372004
8784,38.76297619054476
8785,34.23848845129315
8786,30.950196859974263
8787,38.824054956672384
8788,25.418960116775427
8789,36.95999329825274
8790,51.541777567102294
8791,36.55427177655826
8792,42.149653320355206
8793,39.11584882749532
8794,38.76297619054476
8795,38.76297619054476
8796,38.76297619054476
8797,38.76297619054476
8798,38.76297619054476
8799,26.061698517970974
8800,35.42549299105358
8801,28.739433051664715
8802,106.77925277989311
8803,35.388071451332564
8804,70.13850796091937
8805,34.16149228806133
8806,29.169152424862435
8807,43.10562297823855
8808,38.687374179254334
8809,35.698460008542874
8810,35.42549299105358
8811,35.42549299105358
8812,35.42549299105358
8813,35.42549299105358
8814,35.42549299105358
8815,129.5604892525659
8816,72.2438473874613
8817,77.78291368560318
8818,49.12158602325508
8819,72.2885211273402
8820,50.745260477151284
8821,76.1745566808915
8822,76.71138062126046
8823,66.15412162590007
8824,67.06922646384221
8825,70.45628329779444
8826,72.2438473874613
8827,72.2438473874613
8828,72.2438473874613
8829,72.2438473874613
8830,72.2438473874613
8831,35.08152811940957
8832,73.00720265749217
8833,70.17879246903868
8834,112.16200479843224
8835,73.0142378450003
8836,81.53147034976982
8837,53.86568499054025
8838,59.17983035150343
8839,58.46915520134138
8840,75.62340360884727
8841,73.2171386328041
8842,73.00720265749217
8843,73.00720265749217
8844,73.00720265749217
8845,73.00720265749217
8846,73.00720265749217
8847,48.443360497002836
8848,33.73959765027543
8849,31.62873137085178
8850,27.30147742981323
8851,33.74157647091111
8852,30.054713734340606
8853,51.36974933942162
8854,42.42089496154459
8855,29.77570441302183
8856,32.11606506558366
8857,34.43981592074742
8858,33.73959765027543
8859,33.73959765027543
8860,33.73959765027543
8861,33.73959765027543
8862,33.73959765027543
8863,34.7113056353889
8864,45.62665102265503
8865,45.146179926180466
8866,72.17646604440998
8867,45.592028312874135
8868,48.9746234482939
8869,50.939080666083996
8870,52.56376004893928
8871,63.00708149484109
8872,49.640222066322934
8873,46.6607157546183
8874,45.62665102265503
8875,45.62665102265503
8876,45.62665102265503
8877,45.62665102265503
8878,45.62665102265503
8879,192.70381859924868
8880,81.02661241788616
8881,85.88126753713087
8882,45.36285408569205
8883,81.1055688124985
8884,115.75479776244723
8885,50.479821006781194
8886,74.83601123515957
8887,75.21566196974062
8888,76.35724050576044
8889,76.78735533276266
8890,81.02661241788616
8891,81.02661241788616
8892,81.02661241788616
8893,81.02661241788616
8894,81.02661241788616
8895,37.085472034664555
8896,34.692316047129125
8897,35.89279837674279
8898,38.228682105267566
8899,34.702996545280165
8900,37.49022871851212
8901,33.062769830670725
8902,27.74929045524112
8903,34.09219655552898
8904,38.815745790424664
8905,35.75452125254432
8906,34.692316047129125
8907,34.692316047129125
8908,34.692316047129125
8909,34.692316047129125
8910,34.692316047129125
8911,38.546264576937084
8912,69.13731956341084
8913,71.6852805613524
8914,89.7861793511686
8915,69.03260982057324
8916,61.46923427370019
8917,69.15108103032455
8918,89.89911378928493
8919,60.117162913187386
8920,56.969951881806765
8921,64.35990246471134
8922,69.13731956341084
8923,69.13731956341084
8924,69.13731956341084
8925,69.13731956341084
8926,69.13731956341084
8927,69.8099709520109
8928,39.76945466995602
8929,42.59944461805943
8930,35.285544000198385
8931,39.723762346966346
8932,28.81060714523404
8933,39.85552751839467
8934,44.38880494877656
8935,42.38033383087522
8936,38.0970311592908
8937,39.96971928804585
8938,39.76945466995602
8939,39.76945466995602
8940,39.76945466995602
8941,39.76945466995602
8942,39.76945466995602
8943,30.939805339565194
8944,47.98717855548257
8945,46.46482938900498
8946,44.376824112245025
8947,48.009944635935675
8948,43.32075895214516
8949,61.8382008011869
8950,42.81946410025414
8951,59.80395552801281
8952,51.35861717099073
8953,48.371029505203936
8954,47.98717855548257
8955,47.98717855548257
8956,47.98717855548257
8957,47.98717855548257
8958,47.98717855548257
8959,58.94290328870479
8960,20.24696394174778
8961,22.807720031355853
8962,20.133207078733566
8963,20.255467293022168
8964,37.41777472714335
8965,19.966869563421845
8966,21.84541263921955
8967,18.103109438829758
8968,20.387407415280975
8969,20.59141960173202
8970,20.24696394174778
8971,20.24696394174778
8972,20.24696394174778
8973,20.24696394174778
8974,20.24696394174778
8975,40.64225239952053
8976,157.78722258869848
8977,91.41312576728252
8978,287.766317339048
8979,157.16574823964
8980,111.17110717699535
8981,162.43957124003592
8982,162.45879922444328
8983,170.64695446323282
8984,158.5310313699848
8985,159.87778417407506
8986,157.78722258869848
8987,157.78722258869848
8988,157.78722258869848
8989,157.78722258869848
8990,157.78722258869848
8991,148.18061960465832
8992,32.97965418858917
8993,32.138528298720075
8994,32.79053965177604
8995,32.98236781164867
8996,41.562425153187334
8997,32.57095128361746
8998,23.531727798963352
8999,38.78897308055753
9000,33.06652454398947
9001,31.380066656902667
9002,32.97965418858917
9003,32.97965418858917
9004,32.97965418858917
9005,32.97965418858917
9006,32.97965418858917
9007,32.21766937112353
9008,53.408003190929534
9009,64.59123308193521
9010,45.26602119826984
9011,53.40789739245529
9012,37.41920593242868
9013,68.53604048225213
9014,76.19946581190712
9015,61.880608952243286
9016,51.254840136103304
9017,55.26057334423005
9018,53.408003190929534
9019,53.408003190929534
9020,53.408003190929534
9021,53.408003190929534
9022,53.408003190929534
9023,71.18424055172706
9024,29.998327542297734
9025,31.229867750533646
9026,34.149583239532966
9027,29.991149749154612
9028,18.94067433627912
9029,33.61349128566659
9030,28.01569928028974
9031,29.464815351619926
9032,33.120961366899046
9033,29.026860479149583
9034,29.998327542297734
9035,29.998327542297734
9036,29.998327542297734
9037,29.998327542297734
9038,29.998327542297734
9039,25.710139810064714
9040,172.47597001904495
9041,136.06160688100329
9042,72.2327992942027
9043,172.78798887834438
9044,186.94670230097995
9045,147.00677871514847
9046,167.6184243881483
9047,103.94233332468505
9048,158.5493547417397
9049,180.982589544757
9050,172.47597001904495
9051,172.47597001904495
9052,172.47597001904495
9053,172.47597001904495
9054,172.47597001904495
9055,41.37899984963501
9056,92.34906501160928
9057,70.83957973277245
9058,198.74592572730913
9059,92.18985142779708
9060,55.98409095138525
9061,61.56592689606964
9062,60.98617830027629
9063,99.26545942443542
9064,82.37370383003001
9065,94.139361033303
9066,92.34906501160928
9067,92.34906501160928
9068,92.34906501160928
9069,92.34906501160928
9070,92.34906501160928
9071,26.39672776768294
9072,37.284050246698165
9073,46.82577642024258
9074,32.757590537737705
9075,37.31583255042582
9076,64.89468999385532
9077,44.79953575076204
9078,48.51962769220906
9079,40.914797716759075
9080,40.47493397683098
9081,36.95468109008342
9082,37.284050246698165
9083,37.284050246698165
9084,37.284050246698165
9085,37.284050246698165
9086,37.284050246698165
9087,134.1479573849949
9088,29.217238295311585
9089,28.8807397160133
9090,40.00826258346283
9091,29.20721578402904
9092,25.22867110329187
9093,24.28688598673713
9094,32.90260898870948
9095,29.309251343215873
9096,30.12611411039251
9097,28.709489623983025
9098,29.217238295311585
9099,29.217238295311585
9100,29.217238295311585
9101,29.217238295311585
9102,29.217238295311585
9103,30.43399799064317
9104,207.54257368771496
9105,144.53956353023202
9106,89.84934569393664
9107,207.81709467029512
9108,217.89359362524735
9109,198.01616009661836
9110,213.66179948888222
9111,146.69152916453726
9112,205.78408895732318
9113,211.8900697964939
9114,207.54257368771496
9115,207.54257368771496
9116,207.54257368771496
9117,207.54257368771496
9118,207.54257368771496
9119,61.50954313188765
9120,34.156433578556154
9121,35.2335581695107
9122,41.82271379685844
9123,34.15241906798519
9124,40.72683287034224
9125,33.96470424994523
9126,31.995535223521678
9127,33.063148092284635
9128,35.25745944259182
9129,34.208794406080386
9130,34.156433578556154
9131,34.156433578556154
9132,34.156433578556154
9133,34.156433578556154
9134,34.156433578556154
9135,49.64542525812006
9136,83.60935889500954
9137,82.69383812105202
9138,66.93243671327424
9139,83.63417803611817
9140,80.18104087593552
9141,93.144049118187
9142,98.3716919222139
9143,101.6280685032377
9144,77.96623767342632
9145,83.97648043926372
9146,83.60935889500954
9147,83.60935889500954
9148,83.60935889500954
9149,83.60935889500954
9150,83.60935889500954
9151,89.71930221542726
9152,39.07354265440246
9153,39.192515219711616
9154,40.61386416383928
9155,39.06575352521869
9156,38.669288503871854
9157,33.911172313307475
9158,37.765208344422945
9159,33.36951964565958
9160,38.03174530994449
9161,39.345204288444236
9162,39.07354265440246
9163,39.07354265440246
9164,39.07354265440246
9165,39.07354265440246
9166,39.07354265440246
9167,28.189234060548145
9168,36.14233955268735
9169,43.959888369110246
9170,54.29744880620486
9171,36.154846031368834
9172,42.47002548692459
9173,52.13942409793615
9174,35.144409691691536
9175,41.898377690399776
9176,37.26415683295512
9177,36.710646341676394
9178,36.14233955268735
9179,36.14233955268735
9180,36.14233955268735
9181,36.14233955268735
9182,36.14233955268735
9183,252.95075241276558
9184,36.567185477909405
9185,34.179111118245075
9186,35.40615944470947
9187,36.59637204975477
9188,38.21867529635335
9189,42.65771799967011
9190,30.941015288839022
9191,40.23750019489397
9192,40.21282536830021
9193,35.394256159562914
9194,36.567185477909405
9195,36.567185477909405
9196,36.567185477909405
9197,36.567185477909405
9198,36.567185477909405
9199,39.9695403546712
9200,123.5755956894705
9201,128.35169012488382
9202,64.14384318782864
9203,123.41511821990325
9204,101.07927787755067
9205,87.69590053247474
9206,127.4321799362092
9207,137.07465612418298
9208,104.67491953517145
9209,125.39935696139788
9210,123.5755956894705
9211,123.5755956894705
9212,123.5755956894705
9213,123.5755956894705
9214,123.5755956894705
9215,44.55975230749291
9216,65.60135693355006
9217,69.2295808788902
9218,163.31680952972502
9219,65.64245850238021
9220,43.24642846404199
9221,63.772952404273504
9222,61.36254016203786
9223,37.75174513927914
9224,59.28388569759238
9225,68.72247262676709
9226,65.60135693355006
9227,65.60135693355006
9228,65.60135693355006
9229,65.60135693355006
9230,65.60135693355006
9231,40.40013965864601
9232,50.124739588247856
9233,43.18597494967283
9234,36.811901381938426
9235,50.00082989929427
9236,60.364677261592334
9237,57.66648329328456
9238,47.85268093340702
9239,105.93010006175497
9240,54.54274304463987
9241,48.233831246032636
9242,50.124739588247856
9243,50.124739588247856
9244,50.124739588247856
9245,50.124739588247856
9246,50.124739588247856
9247,77.8454551150146
9248,74.72079123720592
9249,68.32897523187341
9250,82.90811822515457
9251,74.71448928016216
9252,47.86913602988727
9253,67.16138719524726
9254,65.33396118187002
9255,47.13202559405781
9256,82.79340081307852
9257,73.95041417579978
9258,74.72079123720592
9259,74.72079123720592
9260,74.72079123720592
9261,74.72079123720592
9262,74.72079123720592
9263,26.956028907055902
9264,41.58532913708673
9265,66.59379996801506
9266,33.988650950047614
9267,41.586245817240545
9268,70.91344448984181
9269,40.07607199866394
9270,45.17557670246908
9271,50.93296642775208
9272,37.85063491442738
9273,41.92859979645807
9274,41.58532913708673
9275,41.58532913708673
9276,41.58532913708673
9277,41.58532913708673
9278,41.58532913708673
9279,85.79249891115597
9280,30.142189250936696
9281,36.45393459328885
9282,28.76511616184988
9283,30.131201989706184
9284,50.600218191776186
9285,22.889023040501964
9286,32.95739128098452
9287,27.00425128752202
9288,29.893791360826054
9289,29.853854096162124
9290,30.142189250936696
9291,30.142189250936696
9292,30.142189250936696
9293,30.142189250936696
9294,30.142189250936696
9295,38.68281536925288
9296,62.601550566796035
9297,56.60567199452079
9298,71.66170502751291
9299,62.6423206469458
9300,41.362821603592934
9301,88.70612657329653
9302,64.93849454668717
9303,94.16687776077593
9304,62.05828265402986
9305,61.75013801140424
9306,62.601550566796035
9307,62.601550566796035
9308,62.601550566796035
9309,62.601550566796035
9310,62.601550566796035
9311,84.77399386104797
9312,51.57881598718878
9313,42.74939377945219
9314,57.47471757814789
9315,51.490586304342905
9316,63.531026418913584
9317,67.4725267749735
9318,50.18116514415646
9319,32.57731160760753
9320,51.08979500681615
9321,54.94136248149658
9322,51.57881598718878
9323,51.57881598718878
9324,51.57881598718878
9325,51.57881598718878
9326,51.57881598718878
9327,42.286794574989266
9328,55.60028725863959
9329,68.71759256818534
9330,37.202781529084405
9331,55.705670611129385
9332,34.97077627416423
9333,48.59924750020989
9334,68.55350337805898
9335,107.21305544603814
9336,57.86083420683614
9337,53.07744884593473
9338,55.60028725863959
9339,55.60028725863959
9340,55.60028725863959
9341,55.60028725863959
9342,55.60028725863959
9343,44.8800851942205
9344,47.099123504867386
9345,45.20148149964564
9346,44.783761226374914
9347,47.08281290306933
9348,54.0866063039889
9349,49.4711957029951
9350,43.21447657668481
9351,43.9306354731591
9352,47.999392614303375
9353,47.02277236474868
9354,47.099123504867386
9355,47.099123504867386
9356,47.099123504867386
9357,47.099123504867386
9358,47.099123504867386
9359,45.17927740743845
9360,52.28475706168298
9361,64.83421293606986
9362,48.163177676359034
9363,52.32838798276672
9364,79.53472916733884
9365,59.99967725100678
9366,47.57591045365216
9367,89.02995291778194
9368,49.83937650015787
9369,50.32659598584508
9370,52.28475706168298
9371,52.28475706168298
9372,52.28475706168298
9373,52.28475706168298
9374,52.28475706168298
9375,157.0200972290451
9376,85.6472556236911
9377,78.3589886140328
9378,96.78378593345926
9379,85.60912408911908
9380,97.75526120988143
9381,71.46782744072107
9382,58.320355081543866
9383,54.37280000653962
9384,77.29885377145804
9385,90.26059333416785
9386,85.6472556236911
9387,85.6472556236911
9388,85.6472556236911
9389,85.6472556236911
9390,85.6472556236911
9391,32.35555565491091
9392,25.389153390368936
9393,26.798455947867062
9394,26.42853884046098
9395,25.39318502205519
9396,23.790979496248198
9397,27.011221328768084
9398,34.700632769502924
9399,33.504151939542666
9400,29.09234513735515
9401,25.18639315941021
9402,25.389153390368936
9403,25.389153390368936
9404,25.389153390368936
9405,25.389153390368936
9406,25.389153390368936
9407,57.492360182382384
9408,48.70769415623329
9409,49.76411003646291
9410,107.45796959411801
9411,48.6990513270616
9412,36.54388591370066
9413,51.62618251213421
9414,50.18253111348884
9415,33.24704685285897
9416,47.11912767912149
9417,49.78263678278389
9418,48.70769415623329
9419,48.70769415623329
9420,48.70769415623329
9421,48.70769415623329
9422,48.70769415623329
9423,51.85619797462926
9424,97.01833705344967
9425,121.1592432419098
9426,48.65271751669849
9427,97.10111332461324
9428,88.29666406520982
9429,64.57566834577808
9430,99.60462277907709
9431,228.18462940239567
9432,97.24787426167238
9433,95.13117333651338
9434,97.01833705344967
9435,97.01833705344967
9436,97.01833705344967
9437,97.01833705344967
9438,97.01833705344967
9439,75.14130002718072
9440,46.49678365234834
9441,45.07486624355994
9442,54.22541616781983
9443,46.53778970740976
9444,54.985055155962115
9445,39.679303531817446
9446,34.53490878678549
9447,30.84450927918454
9448,44.957942646848814
9449,46.51063468024571
9450,46.49678365234834
9451,46.49678365234834
9452,46.49678365234834
9453,46.49678365234834
9454,46.49678365234834
9455,23.459330522686823
9456,40.65248607781321
9457,40.19098862742642
9458,34.98500985523149
9459,40.636042358913215
9460,38.363885438666905
9461,55.8036196388055
9462,61.35683544804098
9463,47.03613006370671
9464,42.917645050423786
9465,40.334399540052395
9466,40.65248607781321
9467,40.65248607781321
9468,40.65248607781321
9469,40.65248607781321
9470,40.65248607781321
9471,74.79941780111095
9472,33.4567247954246
9473,41.956996036134186
9474,51.53743486252016
9475,33.453820787987155
9476,45.431336105420854
9477,24.46914783499881
9478,25.198915769500893
9479,53.64373653445648
9480,36.260192793795454
9481,33.10427588651498
9482,33.4567247954246
9483,33.4567247954246
9484,33.4567247954246
9485,33.4567247954246
9486,33.4567247954246
9487,150.78277480337627
9488,83.60514273604937
9489,59.38334216729322
9490,73.0477894531624
9491,83.70012116427996
9492,61.44725586222121
9493,137.50397408508928
9494,101.12223697915226
9495,49.24922580339498
9496,76.84024442946253
9497,82.93588647982725
9498,83.60514273604937
9499,83.60514273604937
9500,83.60514273604937
9501,83.60514273604937
9502,83.60514273604937
9503,44.16742701554195
9504,19.352775204484697
9505,19.033865578664756
9506,21.801118951150496
9507,19.36885647542063
9508,36.91416479549925
9509,23.624468561409614
9510,23.69067095088459
9511,20.881023942616512
9512,17.956476215351806
9513,19.190644925009753
9514,19.352775204484697
9515,19.352775204484697
9516,19.352775204484697
9517,19.352775204484697
9518,19.352775204484697
9519,63.38365343051842
9520,115.93404117648613
9521,142.203565083078
9522,65.02768492388309
9523,115.72531223758324
9524,84.84954083391632
9525,85.35528208761396
9526,109.57349964495438
9527,66.00079291131131
9528,125.47261090445035
9529,121.96071320600966
9530,115.93404117648613
9531,115.93404117648613
9532,115.93404117648613
9533,115.93404117648613
9534,115.93404117648613
9535,31.057285088879652
9536,55.46685218828756
9537,59.94070265226198
9538,55.77635810783938
9539,55.44347544034796
9540,36.946663422531486
9541,58.886954261894076
9542,44.268726692315056
9543,95.61428384543188
9544,57.44160077949842
9545,54.25530122066391
9546,55.46685218828756
9547,55.46685218828756
9548,55.46685218828756
9549,55.46685218828756
9550,55.46685218828756
9551,59.080347963703716
9552,40.53371570148117
9553,35.864976483020534
9554,38.790892395939466
9555,40.616456997426205
9556,69.71903260411993
9557,44.5298877818906
9558,51.25682708457852
9559,33.15950543917039
9560,40.40656101626854
9561,41.924236239415585
9562,40.53371570148117
9563,40.53371570148117
9564,40.53371570148117
9565,40.53371570148117
9566,40.53371570148117
9567,64.32852956769983
9568,35.32604665718244
9569,27.901768159582343
9570,34.07817474814727
9571,35.30097011305992
9572,22.872004884862363
9573,30.794097903711414
9574,40.69619771854406
9575,57.845710333042035
9576,35.14218422373992
9577,34.67945429085787
9578,35.32604665718244
9579,35.32604665718244
9580,35.32604665718244
9581,35.32604665718244
9582,35.32604665718244
9583,27.55687817990855
9584,111.75356670023656
9585,143.96402671633473
9586,124.72218880437615
9587,111.83869729574091
9588,135.74655984450052
9589,120.55973846262528
9590,104.79771115534237
9591,56.562095960151346
9592,110.45935399299293
9593,112.06325784306172
9594,111.75356670023656
9595,111.75356670023656
9596,111.75356670023656
9597,111.75356670023656
9598,111.75356670023656
9599,91.19397622851835
9600,34.288930406478514
9601,34.59676724949497
9602,34.66549423897067
9603,34.2898333727725
9604,41.47272236389177
9605,37.9409308335683
9606,25.69690952300478
9607,48.81066510518933
9608,30.94708287039165
9609,33.08705838187436
9610,34.288930406478514
9611,34.288930406478514
9612,34.288930406478514
9613,34.288930406478514
9614,34.288930406478514
9615,45.248761144536935
9616,311.61994234045096
9617,176.19496566420924
9618,162.8457268608972
9619,311.7274213322225
9620,311.2210429949578
9621,216.14919681954635
9622,324.4627627978394
9623,267.16039560173533
9624,341.33650309098437
9625,330.09381997851904
9626,311.61994234045096
9627,311.61994234045096
9628,311.61994234045096
9629,311.61994234045096
9630,311.61994234045096
9631,65.55813026230614
9632,32.22745561895433
9633,36.428053551475294
9634,31.543931814226585
9635,32.20833374431883
9636,24.822113914640486
9637,26.054693120293127
9638,28.12062968271773
9639,50.999476684323916
9640,33.895839992401065
9641,32.08488904637621
9642,32.22745561895433
9643,32.22745561895433
9644,32.22745561895433
9645,32.22745561895433
9646,32.22745561895433
9647,30.451705586506947
9648,59.91516044996719
9649,58.75389668436412
9650,81.57786340121791
9651,59.9370302246446
9652,54.909927815563776
9653,94.9683580351705
9654,67.32775042931246
9655,36.42932049283137
9656,56.52657246226034
9657,59.43680986438355
9658,59.91516044996719
9659,59.91516044996719
9660,59.91516044996719
9661,59.91516044996719
9662,59.91516044996719
9663,67.24296699742267
9664,39.64371201955764
9665,40.09966711586773
9666,55.87139830906467
9667,39.65582263622257
9668,37.628585783950214
9669,38.52717361557669
9670,31.328747584124333
9671,59.73243238985291
9672,38.52183990010877
9673,39.610093262520095
9674,39.64371201955764
9675,39.64371201955764
9676,39.64371201955764
9677,39.64371201955764
9678,39.64371201955764
9679,67.27526220960888
9680,71.32870490162362
9681,92.31137996440789
9682,55.562291491646604
9683,71.20662998028172
9684,47.799242615445344
9685,89.15802259069551
9686,87.8953993670961
9687,42.0599199975428
9688,76.12523374914664
9689,69.71006846580205
9690,71.32870490162362
9691,71.32870490162362
9692,71.32870490162362
9693,71.32870490162362
9694,71.32870490162362
9695,42.33110825247144
9696,61.72870347128283
9697,58.805217295516094
9698,80.6805308311534
9699,61.68073299873147
9700,62.324480030255536
9701,54.25411034382272
9702,53.558023445488566
9703,67.1415405336097
9704,57.462739374836566
9705,59.80495266297955
9706,61.72870347128283
9707,61.72870347128283
9708,61.72870347128283
9709,61.72870347128283
9710,61.72870347128283
9711,52.95681515055761
9712,40.05141702419987
9713,39.362186702519935
9714,28.845745964404678
9715,40.07755646139622
9716,50.602367394826764
9717,39.39944453855533
9718,44.01714778049753
9719,30.60847205172752
9720,42.47978464614322
9721,42.20988835427094
9722,40.05141702419987
9723,40.05141702419987
9724,40.05141702419987
9725,40.05141702419987
9726,40.05141702419987
9727,32.65539661519267
9728,38.268902893025135
9729,37.30271730116441
9730,65.51975254896212
9731,38.26924474501125
9732,30.765909922818572
9733,46.47661905933966
9734,44.20740058034944
9735,30.29850229915828
9736,41.85007016535979
9737,37.73500504033006
9738,38.268902893025135
9739,38.268902893025135
9740,38.268902893025135
9741,38.268902893025135
9742,38.268902893025135
9743,58.21912292722999
9744,65.43245432876377
9745,66.31718901630111
9746,53.87384978140189
9747,65.45107721441266
9748,66.00786177170615
9749,62.84195141493066
9750,60.21006913922488
9751,58.688128274410076
9752,61.201927661746176
9753,64.52854724732461
9754,65.43245432876377
9755,65.43245432876377
9756,65.43245432876377
9757,65.43245432876377
9758,65.43245432876377
9759,41.76850426521057
9760,20.85764235294014
9761,21.309252620661347
9762,23.985038700651238
9763,20.85457745972895
9764,24.683832196439994
9765,20.352020587984743
9766,26.92199112199159
9767,23.332399096061437
9768,19.42513599690718
9769,21.854384769397267
9770,20.85764235294014
9771,20.85764235294014
9772,20.85764235294014
9773,20.85764235294014
9774,20.85764235294014
9775,40.31211112018501
9776,199.62069902272964
9777,218.99026536518895
9778,104.04229442122492
9779,199.63724993254428
9780,195.08001171621007
9781,188.57380170775374
9782,176.7523023220428
9783,205.8044128809664
9784,212.3412175682239
9785,190.92923448236786
9786,199.62069902272964
9787,199.62069902272964
9788,199.62069902272964
9789,199.62069902272964
9790,199.62069902272964
9791,86.86907933923179
9792,47.88638473306763
9793,48.612781103714326
9794,48.54455825214289
9795,47.90610065018047
9796,47.18393318039172
9797,36.4507656172502
9798,53.917677673848374
9799,51.33246495208303
9800,49.39574747442928
9801,49.6138844722657
9802,47.88638473306763
9803,47.88638473306763
9804,47.88638473306763
9805,47.88638473306763
9806,47.88638473306763
9807,47.401331877761685
9808,82.10070478644082
9809,72.05257020474471
9810,43.542819818243665
9811,81.89458703860785
9812,106.90219283270794
9813,111.11049147912229
9814,73.24272469864344
9815,56.18424217220098
9816,80.89564480809479
9817,78.13192792043284
9818,82.10070478644082
9819,82.10070478644082
9820,82.10070478644082
9821,82.10070478644082
9822,82.10070478644082
9823,39.43041357725133
9824,31.583360015776282
9825,30.87174214503784
9826,30.637657321569396
9827,31.569853580838707
9828,31.164386741906327
9829,48.169904598780796
9830,41.376890438282295
9831,36.38586447893588
9832,31.14199858946997
9833,31.17606780790829
9834,31.583360015776282
9835,31.583360015776282
9836,31.583360015776282
9837,31.583360015776282
9838,31.583360015776282
9839,65.05588349942052
9840,54.657020897930224
9841,52.5205202443076
9842,78.0422821731472
9843,54.66106362390667
9844,44.510903702423136
9845,43.964695297225475
9846,45.05909291014467
9847,66.47599708293667
9848,54.18300464400382
9849,55.3168084037358
9850,54.657020897930224
9851,54.657020897930224
9852,54.657020897930224
9853,54.657020897930224
9854,54.657020897930224
9855,42.58521548884482
9856,22.272459095208287
9857,22.80903350730737
9858,22.452787671358347
9859,22.274833940457576
9860,41.24452380065967
9861,23.789217281320642
9862,20.252649786584787
9863,24.069506108819365
9864,21.52731491078164
9865,22.789445354638612
9866,22.272459095208287
9867,22.272459095208287
9868,22.272459095208287
9869,22.272459095208287
9870,22.272459095208287
9871,45.72642877822924
9872,162.14639340536544
9873,76.79063819527602
9874,132.88282704692625
9875,162.0696047675977
9876,115.82929025786805
9877,163.8674527529428
9878,174.60023053348274
9879,120.30348279493666
9880,174.54105719500973
9881,156.63640655119002
9882,162.14639340536544
9883,162.14639340536544
9884,162.14639340536544
9885,162.14639340536544
9886,162.14639340536544
9887,50.27334523717739
9888,40.28188381080077
9889,35.820808678777105
9890,38.55157226974752
9891,40.35234666583621
9892,53.15397343831902
9893,40.44112883239463
9894,48.82802559488061
9895,40.836833914067974
9896,45.95705955978507
9897,40.37642339363295
9898,40.28188381080077
9899,40.28188381080077
9900,40.28188381080077
9901,40.28188381080077
9902,40.28188381080077
9903,62.82112846215773
9904,57.81606167368665
9905,80.5439615488928
9906,62.154161711355314
9907,57.757812588267164
9908,41.48690362193847
9909,50.48927429030918
9910,42.53764412911056
9911,71.68643431602737
9912,49.69799795467384
9913,57.440123414028584
9914,57.81606167368665
9915,57.81606167368665
9916,57.81606167368665
9917,57.81606167368665
9918,57.81606167368665
9919,38.101453517696335
9920,51.213114651314775
9921,61.94676204729273
9922,74.32423828367196
9923,51.20260978449478
9924,32.39127958631634
9925,65.7714243871824
9926,45.76473400125861
9927,39.57374696699067
9928,53.83805729209645
9929,51.22779762828758
9930,51.213114651314775
9931,51.213114651314775
9932,51.213114651314775
9933,51.213114651314775
9934,51.213114651314775
9935,85.13426765189242
9936,64.4346783580684
9937,55.3882513947301
9938,59.40655764297876
9939,64.53022415630919
9940,70.16924069835514
9941,41.70730193480924
9942,72.08951074014719
9943,69.23004994910887
9944,62.42427576117474
9945,61.686370099553024
9946,64.4346783580684
9947,64.4346783580684
9948,64.4346783580684
9949,64.4346783580684
9950,64.4346783580684
9951,44.27758058902216
9952,53.98857922303186
9953,48.260225625582365
9954,67.80330815735977
9955,53.952732323038234
9956,36.38068236465093
9957,48.36427953815636
9958,65.21549602408494
9959,58.48928287915008
9960,54.901157615365165
9961,56.977024201193515
9962,53.98857922303186
9963,53.98857922303186
9964,53.98857922303186
9965,53.98857922303186
9966,53.98857922303186
9967,47.54576174415032
9968,66.54881146546528
9969,78.208667965201
9970,39.83546685444908
9971,66.58229803112077
9972,129.14583722593014
9973,98.17587928140922
9974,50.960487100667365
9975,68.02274051556483
9976,64.48268064589101
9977,65.1028582042138
9978,66.54881146546528
9979,66.54881146546528
9980,66.54881146546528
9981,66.54881146546528
9982,66.54881146546528
9983,65.5236279810327
9984,49.79886708770991
9985,49.992723652413424
9986,147.7288484675347
9987,49.786420610326395
9988,57.78200023037153
9989,40.721634136090884
9990,67.54675605267508
9991,45.0973684389827
9992,44.68541446151656
9993,48.69746239006533
9994,49.79886708770991
9995,49.79886708770991
9996,49.79886708770991
9997,49.79886708770991
9998,49.79886708770991
9999,109.29154842270536
10000,92.9834014553953
10001,71.4300972806888
10002,46.79532303534864
10003,93.0938602608263
10004,87.58675174946029
10005,111.05528218070742
10006,63.89525965986727
10007,74.24688560837296
10008,103.83446336241872
10009,97.75888795166301
10010,92.9834014553953
10011,92.9834014553953
10012,92.9834014553953
10013,92.9834014553953
10014,92.9834014553953
10015,29.47401891573897
10016,76.83298091355496
10017,91.34269985621413
10018,87.57870910928811
10019,76.8469679548682
10020,81.32669968514101
10021,121.83253684270447
10022,72.98803575132108
10023,63.23754726550567
10024,84.81202306581098
10025,74.16711141561831
10026,76.83298091355496
10027,76.83298091355496
10028,76.83298091355496
10029,76.83298091355496
10030,76.83298091355496
10031,180.52878916814154
10032,29.514767670851445
10033,29.86205996420077
10034,25.3049028764222
10035,29.513371727744094
10036,39.06014581319167
10037,25.1582738746166
10038,27.704425620876467
10039,34.8526930927313
10040,27.101822588113304
10041,29.659372974802352
10042,29.514767670851445
10043,29.514767670851445
10044,29.514767670851445
10045,29.514767670851445
10046,29.514767670851445
10047,29.871689032446092
10048,36.57568144868603
10049,36.271481523431426
10050,35.18684338897211
10051,36.567864018010994
10052,39.01640237823507
10053,40.18660656495827
10054,55.4512740819317
10055,33.23134225280283
10056,36.042387142294494
10057,35.803183337128154
10058,36.57568144868603
10059,36.57568144868603
10060,36.57568144868603
10061,36.57568144868603
10062,36.57568144868603
10063,54.02013212181071
10064,60.771924331357205
10065,73.6216856766913
10066,56.27924268864674
10067,60.80200129551991
10068,55.34538389223371
10069,59.81166074998408
10070,47.22641982569051
10071,65.32583385812052
10072,59.74490448066726
10073,60.634827470509926
10074,60.771924331357205
10075,60.771924331357205
10076,60.771924331357205
10077,60.771924331357205
10078,60.771924331357205
10079,48.46969717934419
10080,44.340343738579236
10081,40.173945265250204
10082,47.74335728288419
10083,44.40566731468702
10084,34.40407286728665
10085,44.646704043899554
10086,46.59497815522452
10087,57.75973620998035
10088,43.5794321453535
10089,43.963390915265876
10090,44.340343738579236
10091,44.340343738579236
10092,44.340343738579236
10093,44.340343738579236
10094,44.340343738579236
10095,43.126130009285085
10096,59.46615035510921
10097,59.4685700698871
10098,66.05715269987232
10099,59.3747992265466
10100,56.48217163489866
10101,48.0381819907883
10102,63.65130257106949
10103,57.605062454481065
10104,61.65985824751177
10105,62.3053290013957
10106,59.46615035510921
10107,59.46615035510921
10108,59.46615035510921
10109,59.46615035510921
10110,59.46615035510921
10111,55.404480093939725
10112,58.579603641065404
10113,67.31424079286924
10114,55.951888249630095
10115,58.64089812235553
10116,41.36096423653782
10117,70.39663535775367
10118,61.33299736539262
10119,53.680167186441686
10120,64.68796905667188
10121,58.83789133096713
10122,58.579603641065404
10123,58.579603641065404
10124,58.579603641065404
10125,58.579603641065404
10126,58.579603641065404
10127,55.488689608745695
10128,49.43172544543869
10129,34.99418771301324
10130,61.66376823031028
10131,49.20366130648044
10132,95.62993080226332
10133,35.30195921583711
10134,41.68379554926973
10135,47.34713846821796
10136,42.65616570306443
10137,48.61217333337122
10138,49.43172544543869
10139,49.43172544543869
10140,49.43172544543869
10141,49.43172544543869
10142,49.43172544543869
10143,34.15381702491152
10144,64.56802793864273
10145,61.053511896195054
10146,69.10808205523062
10147,64.56928310276481
10148,43.60380272409868
10149,59.00511458916926
10150,60.14343089850189
10151,92.17513836163286
10152,63.07753135402319
10153,62.80806438299579
10154,64.56802793864273
10155,64.56802793864273
10156,64.56802793864273
10157,64.56802793864273
10158,64.56802793864273
10159,47.774590751915895
10160,41.50670499963506
10161,55.82279156125373
10162,31.643486719020775
10163,41.51173230192543
10164,49.53252279878917
10165,51.43537910665647
10166,37.296854354587666
10167,41.15309752954291
10168,43.54438686441594
10169,43.50416285756435
10170,41.50670499963506
10171,41.50670499963506
10172,41.50670499963506
10173,41.50670499963506
10174,41.50670499963506
10175,53.6291030037815
10176,31.658515100864978
10177,32.71507956916339
10178,49.12102878192436
10179,31.65668372226137
10180,37.07524142270507
10181,35.472461562260655
10182,38.030033145404865
10183,28.73199623048434
10184,32.97963446409618
10185,30.514065145402103
10186,31.658515100864978
10187,31.658515100864978
10188,31.658515100864978
10189,31.658515100864978
10190,31.658515100864978
10191,97.12233466264611
10192,75.29377403340693
10193,68.61234098750124
10194,50.76837818364477
10195,75.31177764109101
10196,45.00886611277236
10197,73.62495545243604
10198,70.75354991336809
10199,58.45347026638776
10200,68.45898090095109
10201,79.85170980927441
10202,75.29377403340693
10203,75.29377403340693
10204,75.29377403340693
10205,75.29377403340693
10206,75.29377403340693
10207,23.996390282719545
10208,67.60054793027459
10209,50.86054033481786
10210,81.20539925372535
10211,67.44668034522152
10212,143.0392691573031
10213,62.320172479387494
10214,69.13084357756237
10215,64.87060951893592
10216,71.9912981922864
10217,67.67988019706428
10218,67.60054793027459
10219,67.60054793027459
10220,67.60054793027459
10221,67.60054793027459
10222,67.60054793027459
10223,109.43378189532665
10224,41.019211073304255
10225,69.11541302066566
10226,32.787766717598764
10227,41.053269138761515
10228,27.821929173149737
10229,38.4401048364202
10230,42.786545893762444
10231,49.36043956643158
10232,39.56911884062777
10233,40.686487301486636
10234,41.019211073304255
10235,41.019211073304255
10236,41.019211073304255
10237,41.019211073304255
10238,41.019211073304255
10239,31.457284560776632
10240,43.720240640036046
10241,42.74528152316102
10242,52.45050591998707
10243,43.71299935120844
10244,45.544713752477236
10245,41.73577490943641
10246,38.986219622581075
10247,34.992594960070136
10248,42.92785841478689
10249,42.85164119580123
10250,43.720240640036046
10251,43.720240640036046
10252,43.720240640036046
10253,43.720240640036046
10254,43.720240640036046
10255,33.46512521398026
10256,94.5332480493646
10257,113.05299830480797
10258,40.816432841677845
10259,94.70316832668168
10260,75.86877033407016
10261,78.58194349899033
10262,102.63846908814577
10263,126.35875436410673
10264,94.6980710927518
10265,101.38514696084152
10266,94.5332480493646
10267,94.5332480493646
10268,94.5332480493646
10269,94.5332480493646
10270,94.5332480493646
10271,45.33206129457626
10272,30.934259697516936
10273,30.916565955505575
10274,49.7066756516667
10275,30.907794798059513
10276,33.80759631968841
10277,33.802014203983916
10278,30.637660374792908
10279,24.28314654440204
10280,31.583962544856753
10281,30.130943154609696
10282,30.934259697516936
10283,30.934259697516936
10284,30.934259697516936
10285,30.934259697516936
10286,30.934259697516936
10287,45.57969362037789
10288,47.33076976282991
10289,50.16983503589901
10290,44.773259786152856
10291,47.35642707426213
10292,60.19209697095019
10293,46.572237848886566
10294,46.56510600016667
10295,76.59065743809789
10296,47.23156266111305
10297,47.50249920341954
10298,47.33076976282991
10299,47.33076976282991
10300,47.33076976282991
10301,47.33076976282991
10302,47.33076976282991
10303,98.16990963670504
10304,73.45702570657498
10305,74.19382398732289
10306,71.66468737831681
10307,73.53128584758352
10308,80.8700688443141
10309,66.136778179342
10310,63.022452073490136
10311,41.39607915640019
10312,79.87458818103885
10313,72.05423665012547
10314,73.45702570657498
10315,73.45702570657498
10316,73.45702570657498
10317,73.45702570657498
10318,73.45702570657498
10319,36.46516326949721
10320,37.36003383484609
10321,36.7581250119843
10322,40.07163166645073
10323,37.293221237338265
10324,33.909463809852625
10325,48.89585552529763
10326,40.447191124656946
10327,54.8768543271009
10328,33.90370583784063
10329,37.444385095840424
10330,37.36003383484609
10331,37.36003383484609
10332,37.36003383484609
10333,37.36003383484609
10334,37.36003383484609
10335,73.75394255531148
10336,65.53261695321898
10337,57.66561329574013
10338,69.50234952300396
10339,65.47603805722932
10340,45.99504382752442
10341,104.51242923039385
10342,66.80629130240555
10343,46.3327377452792
10344,58.6953235306661
10345,64.35520656816885
10346,65.53261695321898
10347,65.53261695321898
10348,65.53261695321898
10349,65.53261695321898
10350,65.53261695321898
10351,38.31703408447589
10352,53.05564086408122
10353,50.20429530734637
10354,47.84493345437027
10355,53.071635144988484
10356,43.04307596896259
10357,38.112502867040114
10358,53.65679709628808
10359,85.86486129457624
10360,60.847212285469205
10361,54.63834038153661
10362,53.05564086408122
10363,53.05564086408122
10364,53.05564086408122
10365,53.05564086408122
10366,53.05564086408122
10367,45.993450678245566
10368,67.52805568177457
10369,68.13364485197934
10370,65.76056063178122
10371,67.49659349979476
10372,101.7845546639199
10373,72.70193452962668
10374,49.46195518119277
10375,34.71731714262535
10376,64.03333994638324
10377,68.02552929713023
10378,67.52805568177457
10379,67.52805568177457
10380,67.52805568177457
10381,67.52805568177457
10382,67.52805568177457
10383,34.59590467874364
10384,66.7630014272649
10385,48.70939381582243
10386,134.01826485804355
10387,66.91803897643939
10388,54.88484150323906
10389,51.70852713761291
10390,94.13187327053781
10391,121.60160150526585
10392,70.97560963763092
10393,65.34462911552
10394,66.7630014272649
10395,66.7630014272649
10396,66.7630014272649
10397,66.7630014272649
10398,66.7630014272649
10399,103.87315013266365
10400,42.484047528269016
10401,38.56475885992539
10402,44.035846490241354
10403,42.51997688936796
10404,66.24661333056207
10405,47.22955617182828
10406,43.359648326973506
10407,32.884917509464735
10408,41.846797245998836
10409,41.42240129992784
10410,42.484047528269016
10411,42.484047528269016
10412,42.484047528269016
10413,42.484047528269016
10414,42.484047528269016
10415,49.666372113960065
10416,74.91177724454562
10417,174.6177738195593
10418,47.64910881273466
10419,74.82436741394488
10420,43.28319995014391
10421,79.9480278152296
10422,75.64065906701445
10423,143.05162453752206
10424,79.89850568300001
10425,78.7454804696256
10426,74.91177724454562
10427,74.91177724454562
10428,74.91177724454562
10429,74.91177724454562
10430,74.91177724454562
10431,78.75909271016393
10432,53.98554481735964
10433,58.04155994200892
10434,61.466391722954704
10435,53.97739769026798
10436,32.267606090759365
10437,69.17511508924107
10438,37.70732895072678
10439,40.95234847819717
10440,48.94949635193225
10441,52.0697453393753
10442,53.98554481735964
10443,53.98554481735964
10444,53.98554481735964
10445,53.98554481735964
10446,53.98554481735964
10447,25.01100598876693
10448,27.48226486408078
10449,25.199152866043413
10450,18.64835959425251
10451,27.506521108498667
10452,44.90487493400206
10453,22.682929934893206
10454,38.865547779602984
10455,32.1872552447347
10456,30.474564865810176
10457,28.82438962076239
10458,27.48226486408078
10459,27.48226486408078
10460,27.48226486408078
10461,27.48226486408078
10462,27.48226486408078
10463,45.21503655546032
10464,92.33248787544453
10465,63.11730653845986
10466,255.74282257925768
10467,92.29929401165326
10468,73.5209637824474
10469,63.69550460417198
10470,96.5516243527643
10471,58.54438664698663
10472,99.84781553340498
10473,91.57371645631268
10474,92.33248787544453
10475,92.33248787544453
10476,92.33248787544453
10477,92.33248787544453
10478,92.33248787544453
10479,60.22620411534512
10480,31.05294206736817
10481,34.606039031662625
10482,28.34214744173928
10483,31.052067605156434
10484,44.96714466787534
10485,32.47896263150913
10486,32.285505379372545
10487,56.05230926790029
10488,30.054256151869655
10489,30.73705425049655
10490,31.05294206736817
10491,31.05294206736817
10492,31.05294206736817
10493,31.05294206736817
10494,31.05294206736817
10495,91.6918981333264
10496,46.53288619088848
10497,47.672993976292
10498,49.69526567538672
10499,46.49938354836745
10500,40.15719046776345
10501,38.92710673719924
10502,54.4289565902547
10503,59.11350510876666
10504,46.21342508583838
10505,46.28814071767975
10506,46.53288619088848
10507,46.53288619088848
10508,46.53288619088848
10509,46.53288619088848
10510,46.53288619088848
10511,52.87368795346702
10512,44.55289079734722
10513,39.28312203811121
10514,33.973839442221404
10515,44.62113024271594
10516,45.897486784787695
10517,58.02360983860782
10518,41.59434016876414
10519,33.098995564154016
10520,45.32925543283395
10521,44.781521319493216
10522,44.55289079734722
10523,44.55289079734722
10524,44.55289079734722
10525,44.55289079734722
10526,44.55289079734722
10527,27.84176944295996
10528,33.63784128795299
10529,39.89002431031973
10530,53.30414468990955
10531,33.627071597739594
10532,41.47480360351648
10533,43.11159227341256
10534,27.408668107541036
10535,63.477105213022206
10536,33.51590972965825
10537,34.854468934246604
10538,33.63784128795299
10539,33.63784128795299
10540,33.63784128795299
10541,33.63784128795299
10542,33.63784128795299
10543,383.64682809295977
10544,83.4157821463863
10545,84.50337938899082
10546,54.71896907783875
10547,83.49582386942485
10548,88.3727057176219
10549,45.92783406627145
10550,106.68050105756564
10551,50.79930711441053
10552,79.91528320498153
10553,77.68852085273183
10554,83.4157821463863
10555,83.4157821463863
10556,83.4157821463863
10557,83.4157821463863
10558,83.4157821463863
10559,34.93895112946135
10560,28.49413160004223
10561,28.499029240519363
10562,29.651392084853647
10563,28.49254290475553
10564,30.130466230812498
10565,30.22671168597324
10566,29.515403445919418
10567,35.82867571583736
10568,27.19807652321905
10569,29.766889549490543
10570,28.49413160004223
10571,28.49413160004223
10572,28.49413160004223
10573,28.49413160004223
10574,28.49413160004223
10575,43.6025138367356
10576,180.85833828796274
10577,198.69943576184127
10578,126.4791962969168
10579,180.85368191826265
10580,226.8771074300312
10581,144.3216953128887
10582,164.501290460781
10583,83.01178422055062
10584,193.7433850187645
10585,175.09288301902862
10586,180.85833828796274
10587,180.85833828796274
10588,180.85833828796274
10589,180.85833828796274
10590,180.85833828796274
10591,58.7922622521101
10592,34.14880913795778
10593,31.137604967140952
10594,32.33353804863907
10595,34.21147332568645
10596,34.952351844870016
10597,37.12696491841143
10598,24.348476718666916
10599,44.29360226216891
10600,36.469022225430706
10601,33.51500273626029
10602,34.14880913795778
10603,34.14880913795778
10604,34.14880913795778
10605,34.14880913795778
10606,34.14880913795778
10607,32.025425610639125
10608,68.60265519772744
10609,67.07681341442317
10610,82.56687271768527
10611,68.51673991075758
10612,57.4999243733131
10613,73.59564601990232
10614,80.3663800227229
10615,58.71265602211325
10616,61.547828935057346
10617,68.74060564926653
10618,68.60265519772744
10619,68.60265519772744
10620,68.60265519772744
10621,68.60265519772744
10622,68.60265519772744
10623,63.234351928078354
10624,28.219595990522063
10625,32.13134258402887
10626,29.00326257780963
10627,28.226525015740812
10628,24.11884056893681
10629,38.94053157348974
10630,26.281454301549964
10631,37.58144998388223
10632,27.23506543938219
10633,29.40004818003317
10634,28.219595990522063
10635,28.219595990522063
10636,28.219595990522063
10637,28.219595990522063
10638,28.219595990522063
10639,54.609167164775144
10640,176.92181195916623
10641,77.52730917107245
10642,213.5959452637622
10643,176.4746542594256
10644,269.58596838128966
10645,120.50985657958108
10646,189.8076321883115
10647,78.1665640541878
10648,187.28109865480388
10649,175.03067506846537
10650,176.92181195916623
10651,176.92181195916623
10652,176.92181195916623
10653,176.92181195916623
10654,176.92181195916623
10655,66.18836296654807
10656,81.7576544326435
10657,76.39141622577057
10658,73.98375040609164
10659,81.71090277291623
10660,49.149975079692204
10661,59.07692129474384
10662,71.96201321635894
10663,118.2087168585674
10664,77.96108339796909
10665,81.01199027135745
10666,81.7576544326435
10667,81.7576544326435
10668,81.7576544326435
10669,81.7576544326435
10670,81.7576544326435
10671,36.48704520176062
10672,31.857797399656224
10673,35.23796167888455
10674,30.162381601551367
10675,31.869157953638457
10676,55.19949288153698
10677,37.29377032251209
10678,44.7394141794853
10679,24.352733358865922
10680,32.653496860822955
10681,31.19483269972395
10682,31.857797399656224
10683,31.857797399656224
10684,31.857797399656224
10685,31.857797399656224
10686,31.857797399656224
10687,69.42400507255375
10688,25.488050371013657
10689,27.3565734496271
10690,27.23757479596419
10691,25.4859527684976
10692,33.53419161980275
10693,25.003101963088454
10694,20.52455576654991
10695,34.38439627790436
10696,26.533770128000107
10697,25.641878983777925
10698,25.488050371013657
10699,25.488050371013657
10700,25.488050371013657
10701,25.488050371013657
10702,25.488050371013657
10703,47.361265874493355
10704,101.37981671682003
10705,88.11133506915245
10706,74.77052389899956
10707,101.41616390073364
10708,47.33579506198532
10709,85.2404288989087
10710,106.53868115443055
10711,65.42670058383048
10712,96.72164832891244
10713,98.38081105313206
10714,101.37981671682003
10715,101.37981671682003
10716,101.37981671682003
10717,101.37981671682003
10718,101.37981671682003
10719,24.90102318932416
10720,42.54910206111719
10721,38.852614416741226
10722,90.212253770183
10723,42.533681851001205
10724,50.69563936384771
10725,46.69007939468963
10726,32.7843843445661
10727,79.91620193235295
10728,36.74070544652201
10729,43.99180451623551
10730,42.54910206111719
10731,42.54910206111719
10732,42.54910206111719
10733,42.54910206111719
10734,42.54910206111719
10735,170.8423346808699
10736,73.8683446228495
10737,129.00305333085376
10738,47.06354114835416
10739,73.93510228066721
10740,47.177300202404304
10741,70.62930036702673
10742,91.95602824997856
10743,43.51762044296623
10744,89.58622664867389
10745,70.95081985998327
10746,73.8683446228495
10747,73.8683446228495
10748,73.8683446228495
10749,73.8683446228495
10750,73.8683446228495
10751,35.63556996564161
10752,32.010680392493946
10753,35.35016829140937
10754,34.77342977202463
10755,32.031139527274554
10756,20.177653291105376
10757,30.458156026964488
10758,44.7492936983691
10759,42.38634242587668
10760,32.10985199581199
10761,31.671502981917406
10762,32.010680392493946
10763,32.010680392493946
10764,32.010680392493946
10765,32.010680392493946
10766,32.010680392493946
10767,41.237320278545155
10768,57.35754750765913
10769,48.65010242884784
10770,45.52864581618207
10771,57.24353764363928
10772,101.5058296923412
10773,55.88732189726697
10774,48.22335826833742
10775,61.59359150879094
10776,58.696757506632444
10777,57.097742428467264
10778,57.35754750765913
10779,57.35754750765913
10780,57.35754750765913
10781,57.35754750765913
10782,57.35754750765913
10783,61.18915820604038
10784,38.14432440529007
10785,36.40578885846312
10786,73.99979858813475
10787,38.13669092892687
10788,35.4050453093568
10789,36.894788667180784
10790,43.8616761728521
10791,33.11387153287619
10792,38.035421897500484
10793,37.77172930890431
10794,38.14432440529007
10795,38.14432440529007
10796,38.14432440529007
10797,38.14432440529007
10798,38.14432440529007
10799,50.49455304120506
10800,49.70480343810756
10801,87.17061004654018
10802,33.700358006488266
10803,49.726464861577305
10804,86.08379756105765
10805,71.24542570985209
10806,44.417169232129055
10807,48.9852531716843
10808,48.37770760693012
10809,51.29115051198513
10810,49.70480343810756
10811,49.70480343810756
10812,49.70480343810756
10813,49.70480343810756
10814,49.70480343810756
10815,81.43139003662093
10816,32.11436843886479
10817,41.61200269821928
10818,33.424913842179265
10819,32.1165842101061
10820,42.38445567920753
10821,25.97527802562365
10822,39.061238541954275
10823,29.15827486991288
10824,30.32674388513801
10825,31.57211506477704
10826,32.11436843886479
10827,32.11436843886479
10828,32.11436843886479
10829,32.11436843886479
10830,32.11436843886479
10831,45.726865798370696
10832,69.18190432894572
10833,59.335760347911055
10834,74.0486843148933
10835,69.16542705597978
10836,50.1155047782935
10837,128.25544675112485
10838,52.02179554775399
10839,99.55953705806598
10840,74.96833359131669
10841,72.81557622265163
10842,69.18190432894572
10843,69.18190432894572
10844,69.18190432894572
10845,69.18190432894572
10846,69.18190432894572
10847,98.93911353193675
10848,36.67443910431169
10849,28.551950760495593
10850,33.06665527091948
10851,36.655632082646875
10852,47.5741947693476
10853,41.98884789871961
10854,37.575132299192596
10855,33.63567774954072
10856,39.23280730022667
10857,35.87552749849759
10858,36.67443910431169
10859,36.67443910431169
10860,36.67443910431169
10861,36.67443910431169
10862,36.67443910431169
10863,37.40297537952446
10864,191.86097257337994
10865,210.0908122023274
10866,180.0683155032696
10867,192.00420017800468
10868,77.77912916193816
10869,116.93038446543042
10870,171.34479406708013
10871,142.2374357417863
10872,172.2587276480127
10873,191.320890824316
10874,191.86097257337994
10875,191.86097257337994
10876,191.86097257337994
10877,191.86097257337994
10878,191.86097257337994
10879,28.917284802921884
10880,39.94038792295736
10881,39.16828294615735
10882,42.10483808516829
10883,39.919563286547515
10884,45.74496664997578
10885,35.88486467520169
10886,53.630702076590325
10887,36.93213743674725
10888,41.23532373387444
10889,38.23962679821094
10890,39.94038792295736
10891,39.94038792295736
10892,39.94038792295736
10893,39.94038792295736
10894,39.94038792295736
10895,51.75069911074241
10896,238.52928878912445
10897,218.66866739893024
10898,146.83555612105275
10899,239.16341109826539
10900,236.555199704907
10901,234.7908392600622
10902,228.55036944117253
10903,265.7584660107861
10904,233.77932160928137
10905,254.65617907142206
10906,238.52928878912445
10907,238.52928878912445
10908,238.52928878912445
10909,238.52928878912445
10910,238.52928878912445
10911,148.11027282304323
10912,54.53558262025112
10913,54.23844802192842
10914,50.99257830916175
10915,54.529614454070575
10916,48.40623150519994
10917,55.42130811543006
10918,51.998594631097724
10919,51.757528425397986
10920,56.73933079787749
10921,54.21835232469887
10922,54.53558262025112
10923,54.53558262025112
10924,54.53558262025112
10925,54.53558262025112
10926,54.53558262025112
10927,42.845722290295875
10928,37.71086038117604
10929,38.103949738313716
10930,43.71055560522367
10931,37.71624651072592
10932,39.81723449550612
10933,40.657761765474966
10934,45.697909831317176
10935,30.873094317458353
10936,35.34374106634892
10937,37.40407221528705
10938,37.71086038117604
10939,37.71086038117604
10940,37.71086038117604
10941,37.71086038117604
10942,37.71086038117604
10943,46.411295702612925
10944,17.801312896960074
10945,18.446590660156595
10946,18.224513305808927
10947,17.801232245966343
10948,18.67927157572552
10949,21.58923806393109
10950,22.201626728194768
10951,22.004080896122215
10952,20.110138961994956
10953,17.878036472853985
10954,17.801312896960074
10955,17.801312896960074
10956,17.801312896960074
10957,17.801312896960074
10958,17.801312896960074
10959,43.52379748608885
10960,123.52731490782895
10961,130.1879273318471
10962,82.2118241790394
10963,123.53758654589889
10964,103.68545512839965
10965,100.96066640640387
10966,97.32191551510236
10967,121.38016594916677
10968,107.01888585330178
10969,121.39971691795961
10970,123.52731490782895
10971,123.52731490782895
10972,123.52731490782895
10973,123.52731490782895
10974,123.52731490782895
10975,42.139534236518394
10976,53.33958711149231
10977,56.96295410650333
10978,140.30910083583188
10979,53.455303029657166
10980,51.38371707067744
10981,39.51918618167259
10982,46.179538026991864
10983,51.82693328867634
10984,49.81879211329582
10985,51.70164638578472
10986,53.33958711149231
10987,53.33958711149231
10988,53.33958711149231
10989,53.33958711149231
10990,53.33958711149231
10991,61.884003608170296
10992,56.225400614162474
10993,53.09267632735569
10994,40.561211239112176
10995,56.11949603017518
10996,68.57874966646149
10997,90.81952292558813
10998,59.71385602287394
10999,54.62814536186446
11000,60.34639698516824
11001,59.320805534466345
11002,56.225400614162474
11003,56.225400614162474
11004,56.225400614162474
11005,56.225400614162474
11006,56.225400614162474
11007,71.27180572592357
11008,43.27875790361166
11009,48.55035216845161
11010,49.66403184405201
11011,43.27613268104323
11012,61.58545918385689
11013,38.007144058408855
11014,42.312912648149236
11015,48.30510638423088
11016,42.844659562695504
11017,45.55862696046535
11018,43.27875790361166
11019,43.27875790361166
11020,43.27875790361166
11021,43.27875790361166
11022,43.27875790361166
11023,92.86568854314169
11024,69.31237320766301
11025,49.682830351520664
11026,40.977906204566196
11027,69.34091311570717
11028,36.31777684345668
11029,142.1152669334633
11030,69.19840048380881
11031,80.57776041373653
11032,69.88077717510144
11033,67.04717687243686
11034,69.31237320766301
11035,69.31237320766301
11036,69.31237320766301
11037,69.31237320766301
11038,69.31237320766301
11039,30.57859726184932
11040,35.69881608606222
11041,34.26026764889443
11042,79.63937976360917
11043,35.71981724165454
11044,53.56767672122857
11045,39.883042282863364
11046,49.47067999097556
11047,40.361625155439135
11048,36.56990992765227
11049,35.02791836207986
11050,35.69881608606222
11051,35.69881608606222
11052,35.69881608606222
11053,35.69881608606222
11054,35.69881608606222
11055,211.28672529319567
11056,71.11287903175038
11057,85.15604051649889
11058,60.78457666803129
11059,71.06679941736378
11060,61.74773040301149
11061,56.31861533420988
11062,50.822208510490846
11063,61.12924748458386
11064,71.5137312050789
11065,70.69109527510149
11066,71.11287903175038
11067,71.11287903175038
11068,71.11287903175038
11069,71.11287903175038
11070,71.11287903175038
11071,28.389823965410457
11072,56.96889386842853
11073,62.06331443387698
11074,56.46380668744383
11075,56.96456119529672
11076,49.59047743581218
11077,49.292749411885524
11078,57.969977740087785
11079,61.378392996138636
11080,61.26209144203322
11081,56.79441689734392
11082,56.96889386842853
11083,56.96889386842853
11084,56.96889386842853
11085,56.96889386842853
11086,56.96889386842853
11087,53.07613530231615
11088,36.257124951581794
11089,33.04028172099799
11090,47.21051891017911
11091,36.26281200390919
11092,56.07888203946322
11093,36.17366918876779
11094,36.58410999362715
11095,34.93355357304976
11096,33.01329981068918
11097,36.16511156824229
11098,36.257124951581794
11099,36.257124951581794
11100,36.257124951581794
11101,36.257124951581794
11102,36.257124951581794
11103,54.95940415557339
11104,57.103564348445
11105,48.097940281411276
11106,58.112837237790174
11107,57.087275031268604
11108,30.60443802469058
11109,56.89764881791651
11110,77.05417887324282
11111,44.71671155403968
11112,51.49014577044121
11113,60.35206989087638
11114,57.103564348445
11115,57.103564348445
11116,57.103564348445
11117,57.103564348445
11118,57.103564348445
11119,29.19582955270795
11120,58.66025184723262
11121,101.72487869330763
11122,38.03750934412842
11123,58.65771416750534
11124,90.89983169828496
11125,67.00764689106529
11126,38.08925141333776
11127,58.871961013306695
11128,67.72188555157135
11129,55.616376112380564
11130,58.66025184723262
11131,58.66025184723262
11132,58.66025184723262
11133,58.66025184723262
11134,58.66025184723262
11135,60.42414166212375
11136,44.78148317185461
11137,44.22435144214784
11138,44.63504685475832
11139,44.7707141195354
11140,47.83189492431293
11141,50.392082823802724
11142,45.37768415977634
11143,48.433116563796176
11144,45.46336561861315
11145,45.1035190465439
11146,44.78148317185461
11147,44.78148317185461
11148,44.78148317185461
11149,44.78148317185461
11150,44.78148317185461
11151,59.48327101814649
11152,81.97001448144209
11153,57.56863772343035
11154,88.78041118528198
11155,82.1214070104747
11156,114.86569338646885
11157,68.82735006431118
11158,83.27829587738476
11159,82.88623332006313
11160,77.01449954474785
11161,79.76058117492073
11162,81.97001448144209
11163,81.97001448144209
11164,81.97001448144209
11165,81.97001448144209
11166,81.97001448144209
11167,66.76975125540586
11168,44.39349038428923
11169,45.9387737926414
11170,45.454886884238825
11171,44.35587199393915
11172,49.53454481570831
11173,34.04366662482455
11174,50.05988570405826
11175,31.632601708181195
11176,47.16699476639369
11177,45.57633281757777
11178,44.39349038428923
11179,44.39349038428923
11180,44.39349038428923
11181,44.39349038428923
11182,44.39349038428923
11183,34.45316264362903
11184,49.347609911106915
11185,48.950902887146775
11186,47.13681461618542
11187,49.369365163409554
11188,45.979209430739914
11189,60.743986029273394
11190,44.75097681556366
11191,50.41859099589807
11192,47.160923623984175
11193,48.25932572175199
11194,49.347609911106915
11195,49.347609911106915
11196,49.347609911106915
11197,49.347609911106915
11198,49.347609911106915
11199,45.9129735753022
11200,74.11849968534531
11201,74.25808022949649
11202,85.5781081489364
11203,74.15340336508773
11204,56.80780711819985
11205,69.70848797738684
11206,76.17093016905669
11207,83.99702813997006
11208,72.37316820342699
11209,76.94070044924776
11210,74.11849968534531
11211,74.11849968534531
11212,74.11849968534531
11213,74.11849968534531
11214,74.11849968534531
11215,71.09210660901215
11216,40.14491453630144
11217,82.12690815430012
11218,21.517275783326788
11219,40.01501841280694
11220,35.9229938624928
11221,38.04208032479281
11222,43.039563984486556
11223,56.05286507541048
11224,40.969429099471185
11225,39.954142549817036
11226,40.14491453630144
11227,40.14491453630144
11228,40.14491453630144
11229,40.14491453630144
11230,40.14491453630144
11231,29.774693065396878
11232,54.76900767572152
11233,49.955511340115116
11234,154.46748000891586
11235,54.77609898723372
11236,58.48416079278645
11237,53.27765701027899
11238,60.24058932812723
11239,58.39909503887202
11240,63.833423150581325
11241,54.3739793209494
11242,54.76900767572152
11243,54.76900767572152
11244,54.76900767572152
11245,54.76900767572152
11246,54.76900767572152
11247,161.4163689220246
11248,37.778477394355654
11249,38.02265244856942
11250,35.30538026283021
11251,37.771470300123944
11252,33.6131367821072
11253,43.641744615016044
11254,33.21504446822798
11255,32.42576236862569
11256,33.976540192522016
11257,37.155465741138066
11258,37.778477394355654
11259,37.778477394355654
11260,37.778477394355654
11261,37.778477394355654
11262,37.778477394355654
11263,24.191486131404176
11264,53.26904656973714
11265,56.255095454866364
11266,48.22769671728649
11267,53.26258593638752
11268,50.21012273090151
11269,55.174333278755
11270,52.631296488781445
11271,60.728711573447654
11272,50.14930076241453
11273,53.645904611925694
11274,53.26904656973714
11275,53.26904656973714
11276,53.26904656973714
11277,53.26904656973714
11278,53.26904656973714
11279,51.9170975483726
11280,63.28548627510988
11281,48.24476459787611
11282,54.82120479903534
11283,63.362913070084126
11284,129.038221783225
11285,42.102634864951796
11286,62.02771703245613
11287,36.37056947175541
11288,73.70344899136057
11289,63.34659941856499
11290,63.28548627510988
11291,63.28548627510988
11292,63.28548627510988
11293,63.28548627510988
11294,63.28548627510988
11295,39.398045654647795
11296,37.07501505823591
11297,35.26351866542797
11298,41.813598828006526
11299,37.09882838173614
11300,24.944863493488878
11301,30.765429867502636
11302,43.996296845719854
11303,69.43934727153531
11304,40.76011650222524
11305,35.34895158944197
11306,37.07501505823591
11307,37.07501505823591
11308,37.07501505823591
11309,37.07501505823591
11310,37.07501505823591
11311,45.9035290521292
11312,45.30129751549076
11313,85.55688046822827
11314,54.05618993993143
11315,45.270617095453865
11316,83.44820541916106
11317,61.74160919418047
11318,42.096499385902106
11319,29.68118280908107
11320,40.35460435178525
11321,47.16430590163002
11322,45.30129751549076
11323,45.30129751549076
11324,45.30129751549076
11325,45.30129751549076
11326,45.30129751549076
11327,172.1856660856072
11328,24.914311060166337
11329,27.845289746183337
11330,30.360290003384588
11331,24.912816252020068
11332,33.988736818255376
11333,26.213153786745874
11334,25.115554300395594
11335,31.845231057473896
11336,25.30980508002526
11337,23.928604269089124
11338,24.914311060166337
11339,24.914311060166337
11340,24.914311060166337
11341,24.914311060166337
11342,24.914311060166337
11343,83.03697594528066
11344,194.39973428747226
11345,139.45476504631208
11346,74.05239654388598
11347,194.59094129942258
11348,81.0214473353548
11349,240.82961334206502
11350,196.4536811650466
11351,86.97244484098336
11352,195.0136703121445
11353,201.26032718922053
11354,194.39973428747226
11355,194.39973428747226
11356,194.39973428747226
11357,194.39973428747226
11358,194.39973428747226
11359,25.24269678717853
11360,59.09836276140312
11361,44.03332844363551
11362,104.19982778534674
11363,59.09508952949657
11364,83.87926200980725
11365,49.98418511629566
11366,66.33441444407195
11367,102.54809346473995
11368,57.659967330529874
11369,61.472014642891715
11370,59.09836276140312
11371,59.09836276140312
11372,59.09836276140312
11373,59.09836276140312
11374,59.09836276140312
11375,120.97648476288947
11376,51.04142416559451
11377,54.85158652139125
11378,45.06576038487972
11379,51.03669526862995
11380,39.87605339365624
11381,53.97477597734753
11382,46.61362202587199
11383,49.8105792489427
11384,51.00787541253839
11385,51.19979299189657
11386,51.04142416559451
11387,51.04142416559451
11388,51.04142416559451
11389,51.04142416559451
11390,51.04142416559451
11391,34.57510516682093
11392,49.75542176792524
11393,48.01773860862527
11394,84.21858551332865
11395,49.742194978370016
11396,39.84549415786383
11397,38.50983090498342
11398,47.525101057674945
11399,71.69887941985084
11400,51.12920188734618
11401,48.46025542280179
11402,49.75542176792524
11403,49.75542176792524
11404,49.75542176792524
11405,49.75542176792524
11406,49.75542176792524
11407,56.45230222654308
11408,109.05758935627775
11409,143.34655914373732
11410,46.38371681541869
11411,109.3158467275482
11412,100.9968000170689
11413,180.60249411792307
11414,105.31641883417389
11415,50.75026295001301
11416,107.61029413830008
11417,110.01424380945673
11418,109.05758935627775
11419,109.05758935627775
11420,109.05758935627775
11421,109.05758935627775
11422,109.05758935627775
11423,39.36965142774635
11424,32.8947242517881
11425,30.9114506554275
11426,36.28446099364742
11427,32.86586370258282
11428,38.94640013847083
11429,42.576287380972616
11430,48.139032913856724
11431,50.53615728165569
11432,28.518750184913657
11433,33.44398330833891
11434,32.8947242517881
11435,32.8947242517881
11436,32.8947242517881
11437,32.8947242517881
11438,32.8947242517881
11439,110.8976036624826
11440,50.71883853366646
11441,53.20071130359721
11442,43.68786432618951
11443,50.73496373752089
11444,50.73668308163677
11445,48.862002071077605
11446,36.05891204572722
11447,45.17636688538391
11448,56.99984262597166
11449,51.27773136098688
11450,50.71883853366646
11451,50.71883853366646
11452,50.71883853366646
11453,50.71883853366646
11454,50.71883853366646
11455,30.749025037958987
11456,40.92171011240405
11457,41.86240493189244
11458,38.56233387736237
11459,40.94401776612494
11460,40.486076200293084
11461,38.16221915775998
11462,40.24846146425004
11463,51.109632247624525
11464,40.330107128423066
11465,40.392251702724735
11466,40.92171011240405
11467,40.92171011240405
11468,40.92171011240405
11469,40.92171011240405
11470,40.92171011240405
11471,43.2700528031658
11472,45.654820747890156
11473,49.30683946088927
11474,46.58700452880457
11475,45.60940076977262
11476,54.25977002193795
11477,48.812200820421246
11478,45.247914769431276
11479,29.615031783748627
11480,47.8726915820935
11481,46.01699689056999
11482,45.654820747890156
11483,45.654820747890156
11484,45.654820747890156
11485,45.654820747890156
11486,45.654820747890156
11487,42.73327262857889
11488,21.445432703848176
11489,20.99243587430306
11490,23.392055649496754
11491,21.44996811204151
11492,19.591061954611618
11493,19.345326150879067
11494,30.63637031934757
11495,35.420520150958
11496,20.303066690805167
11497,21.012480914936674
11498,21.445432703848176
11499,21.445432703848176
11500,21.445432703848176
11501,21.445432703848176
11502,21.445432703848176
11503,39.69493071231848
11504,285.2580005074257
11505,276.2521942516905
11506,287.7722721780539
11507,285.15502672266956
11508,228.51136905197077
11509,267.11523288316954
11510,258.79053312025445
11511,157.02257713883236
11512,294.67812951972917
11513,292.83385755766017
11514,285.2580005074257
11515,285.2580005074257
11516,285.2580005074257
11517,285.2580005074257
11518,285.2580005074257
11519,81.36591679927425
11520,39.5939718659794
11521,48.489226646431646
11522,38.79897831207994
11523,39.61147692986435
11524,52.86877871768911
11525,38.257540719301886
11526,46.63218804326966
11527,30.056708399684744
11528,41.58933843080174
11529,40.095797420567486
11530,39.5939718659794
11531,39.5939718659794
11532,39.5939718659794
11533,39.5939718659794
11534,39.5939718659794
11535,56.03821327919095
11536,196.7475654124834
11537,105.3958124346536
11538,83.35552176288822
11539,195.92740469071634
11540,142.5648048957503
11541,233.03526857737498
11542,169.9164040420995
11543,227.88584177596974
11544,182.36500829601007
11545,188.0968083578765
11546,196.7475654124834
11547,196.7475654124834
11548,196.7475654124834
11549,196.7475654124834
11550,196.7475654124834
11551,39.73771718420963
11552,69.34130525586522
11553,66.47018766817224
11554,77.05828182275724
11555,69.30511425447135
11556,108.6812594554913
11557,57.6497362800415
11558,61.07975571927885
11559,46.38372366120306
11560,64.33975359850993
11561,70.65188188620101
11562,69.34130525586522
11563,69.34130525586522
11564,69.34130525586522
11565,69.34130525586522
11566,69.34130525586522
11567,49.47365889565852
11568,35.8283513090511
11569,38.34066491035159
11570,47.826894456891594
11571,35.83811563444227
11572,21.146739444530812
11573,34.14320201178691
11574,39.94965140624729
11575,54.38649478194403
11576,39.78252889421365
11577,35.90825831293459
11578,35.8283513090511
11579,35.8283513090511
11580,35.8283513090511
11581,35.8283513090511
11582,35.8283513090511
11583,55.641306285454846
11584,60.85400137893554
11585,69.13568329938528
11586,82.2390315566602
11587,60.860640596399385
11588,33.56703780085419
11589,72.29840058858017
11590,78.13139640947657
11591,36.966780101978415
11592,60.42469849995007
11593,61.381631033247444
11594,60.85400137893554
11595,60.85400137893554
11596,60.85400137893554
11597,60.85400137893554
11598,60.85400137893554
11599,49.002627959668665
11600,33.79626612815212
11601,30.243204577179128
11602,27.96494960298995
11603,33.77932275533836
11604,51.22857576041191
11605,27.80895329325367
11606,27.696518109582186
11607,52.99237357294956
11608,33.005734808257024
11609,33.95279308105866
11610,33.79626612815212
11611,33.79626612815212
11612,33.79626612815212
11613,33.79626612815212
11614,33.79626612815212
11615,38.91078482975069
11616,61.790955832109795
11617,50.65812624398752
11618,122.1181096487628
11619,61.74272366989643
11620,47.851359727524994
11621,50.716062500575056
11622,60.85031905724774
11623,51.62188925683037
11624,61.488588233447
11625,62.49170234409838
11626,61.790955832109795
11627,61.790955832109795
11628,61.790955832109795
11629,61.790955832109795
11630,61.790955832109795
11631,35.32609854202102
11632,31.245957940977338
11633,36.446314993625435
11634,22.926307393064675
11635,31.26522148872707
11636,41.865296563142444
11637,52.053333734919875
11638,39.313266530973436
11639,51.39203542025544
11640,31.774315355460203
11641,30.62606920543196
11642,31.245957940977338
11643,31.245957940977338
11644,31.245957940977338
11645,31.245957940977338
11646,31.245957940977338
11647,105.32289818036594
11648,36.4653700229333
11649,36.71917640101351
11650,61.17689911351319
11651,36.44600171497622
11652,41.60888123555715
11653,40.08661403900503
11654,42.73997670207256
11655,21.331470223113456
11656,31.844134200106154
11657,36.383106391361984
11658,36.4653700229333
11659,36.4653700229333
11660,36.4653700229333
11661,36.4653700229333
11662,36.4653700229333
11663,40.381655504513496
11664,63.20359689376362
11665,47.039311703662946
11666,49.454223964204495
11667,63.33493749072709
11668,58.958565399977616
11669,70.91050289521932
11670,46.00714724552024
11671,112.47347408972172
11672,71.37496882612513
11673,64.17448869161484
11674,63.20359689376362
11675,63.20359689376362
11676,63.20359689376362
11677,63.20359689376362
11678,63.20359689376362
11679,52.146405243586294
11680,37.77665067083459
11681,42.17105046219042
11682,46.161518498461206
11683,37.77092975894399
11684,42.959273630330024
11685,34.92957141673002
11686,40.00831254359327
11687,32.63484993815638
11688,40.26795130764149
11689,38.7561531624022
11690,37.77665067083459
11691,37.77665067083459
11692,37.77665067083459
11693,37.77665067083459
11694,37.77665067083459
11695,57.155966902356155
11696,64.90848144817832
11697,61.01095980089991
11698,39.115298212651616
11699,64.93969362961182
11700,96.97260371551887
11701,80.36327406612325
11702,52.34456553092307
11703,149.66788924213435
11704,60.24571070937986
11705,61.678974463412516
11706,64.90848144817832
11707,64.90848144817832
11708,64.90848144817832
11709,64.90848144817832
11710,64.90848144817832
11711,82.42226223802592
11712,50.57253817197829
11713,51.23132055811578
11714,50.44941704237925
11715,50.57201249776022
11716,57.75181697513786
11717,34.27080105714846
11718,65.52753984254738
11719,34.389591894963075
11720,48.4148121411877
11721,52.172804449427986
11722,50.57253817197829
11723,50.57253817197829
11724,50.57253817197829
11725,50.57253817197829
11726,50.57253817197829
11727,35.50314197357778
11728,56.6877658950255
11729,67.55499382808591
11730,47.43738802279616
11731,56.67854733542453
11732,55.04789598266832
11733,77.66578921753036
11734,46.77667007100112
11735,62.28111030501196
11736,57.862936730075965
11737,53.65146836767989
11738,56.6877658950255
11739,56.6877658950255
11740,56.6877658950255
11741,56.6877658950255
11742,56.6877658950255
11743,60.121125773466325
11744,95.87434535290636
11745,88.94856511399004
11746,98.88808173530539
11747,96.16242127191428
11748,72.65935499629029
11749,135.74524599487958
11750,109.91727070916296
11751,56.62519662917507
11752,91.32643376660121
11753,96.8806452623227
11754,95.87434535290636
11755,95.87434535290636
11756,95.87434535290636
11757,95.87434535290636
11758,95.87434535290636
11759,61.444767385007324
11760,29.518921791086925
11761,28.96148323204526
11762,40.095115422952944
11763,29.481782540502696
11764,27.34009092549264
11765,24.35439944426929
11766,27.475851314738524
11767,49.20913565018901
11768,31.70948256874484
11769,29.861175645491922
11770,29.518921791086925
11771,29.518921791086925
11772,29.518921791086925
11773,29.518921791086925
11774,29.518921791086925
11775,50.007465685050065
11776,40.82721175198669
11777,40.306257381959334
11778,41.14025811521536
11779,40.8134399291317
11780,44.43534997690658
11781,53.288057612806405
11782,34.42357987180096
11783,41.181966612252566
11784,42.54823687626271
11785,39.157108579673896
11786,40.82721175198669
11787,40.82721175198669
11788,40.82721175198669
11789,40.82721175198669
11790,40.82721175198669
11791,49.60140275727871
11792,105.45133004807293
11793,104.71607736015707
11794,68.33036524046165
11795,105.74775711386133
11796,141.66553667135562
11797,58.92830548981992
11798,112.52576152409509
11799,111.28796198552405
11800,95.17049936000838
11801,108.16396017046522
11802,105.45133004807293
11803,105.45133004807293
11804,105.45133004807293
11805,105.45133004807293
11806,105.45133004807293
11807,59.92603300750436
11808,45.985303964427345
11809,47.26549994595186
11810,45.95075769861953
11811,45.95626753182642
11812,53.91569228007093
11813,42.72201427124807
11814,35.278436072703364
11815,48.33760450930053
11816,42.863479583860126
11817,47.41387361017059
11818,45.985303964427345
11819,45.985303964427345
11820,45.985303964427345
11821,45.985303964427345
11822,45.985303964427345
11823,39.539131756878525
11824,40.23584310016352
11825,41.870093927926256
11826,55.02769205279723
11827,40.25088141510297
11828,38.47239633087179
11829,52.69180155350322
11830,48.392230090224444
11831,31.782752131204848
11832,44.18602046798317
11833,40.25553356880176
11834,40.23584310016352
11835,40.23584310016352
11836,40.23584310016352
11837,40.23584310016352
11838,40.23584310016352
11839,85.97034311819287
11840,47.61805717464326
11841,48.468443253259544
11842,68.43680066743867
11843,47.619648717312906
11844,38.63537119890512
11845,49.885026181959354
11846,45.66870170647703
11847,58.53595223797936
11848,47.788552110862966
11849,47.92317566031841
11850,47.61805717464326
11851,47.61805717464326
11852,47.61805717464326
11853,47.61805717464326
11854,47.61805717464326
11855,78.74600602552773
11856,36.75855530830843
11857,35.24279589151694
11858,32.09302523331842
11859,36.75635734462017
11860,34.81539467358663
11861,34.96702002958361
11862,44.37703370870891
11863,38.79306045640292
11864,35.9892785205509
11865,36.69948158495264
11866,36.75855530830843
11867,36.75855530830843
11868,36.75855530830843
11869,36.75855530830843
11870,36.75855530830843
11871,35.44784162261078
11872,116.66966121084535
11873,109.15369443390603
11874,206.3187673046646
11875,117.12198294577811
11876,128.48246293183732
11877,111.25550791974644
11878,101.06624568442965
11879,92.22149562025471
11880,116.40129946534107
11881,109.66154434304383
11882,116.66966121084535
11883,116.66966121084535
11884,116.66966121084535
11885,116.66966121084535
11886,116.66966121084535
11887,136.42858626010127
11888,42.875619603123
11889,39.479643735955925
11890,25.47229527909085
11891,42.81905589632267
11892,37.303714351530026
11893,35.54813200940094
11894,58.985662922305586
11895,45.720857509216785
11896,43.91592133147699
11897,44.41564839923998
11898,42.875619603123
11899,42.875619603123
11900,42.875619603123
11901,42.875619603123
11902,42.875619603123
11903,30.216586666618163
11904,39.625940892739884
11905,41.92822563842839
11906,55.84219399341528
11907,39.654647435968975
11908,58.88944177883467
11909,28.31436555336101
11910,42.0827985308358
11911,52.382673364282965
11912,37.50924035778647
11913,38.92842350927308
11914,39.625940892739884
11915,39.625940892739884
11916,39.625940892739884
11917,39.625940892739884
11918,39.625940892739884
11919,77.91278581665213
11920,86.05415065345473
11921,61.646426322031864
11922,66.6272943465338
11923,85.87109557408043
11924,46.10856400566847
11925,105.68571958627204
11926,73.93167825571747
11927,104.73498051552679
11928,89.07405863328476
11929,87.56960521867683
11930,86.05415065345473
11931,86.05415065345473
11932,86.05415065345473
11933,86.05415065345473
11934,86.05415065345473
11935,35.424069939745024
11936,47.31382490737624
11937,44.92418493251242
11938,69.07067697925518
11939,47.30045841712344
11940,66.67839856978836
11941,63.36706798199869
11942,33.20789689012202
11943,36.452766782619165
11944,53.95806966023682
11945,46.038662933646634
11946,47.31382490737624
11947,47.31382490737624
11948,47.31382490737624
11949,47.31382490737624
11950,47.31382490737624
11951,76.92386625575767
11952,54.960510390453976
11953,82.74325466429124
11954,36.90613009859462
11955,54.990547525199986
11956,45.500065513043204
11957,39.31714500820497
11958,63.26222970394797
11959,59.746157947560114
11960,46.94841330364811
11961,56.457364691106925
11962,54.960510390453976
11963,54.960510390453976
11964,54.960510390453976
11965,54.960510390453976
11966,54.960510390453976
11967,30.420809403315783
11968,46.21831528867618
11969,57.523811783361
11970,45.431346629901995
11971,46.215892803036006
11972,37.16640604627028
11973,57.86616800584359
11974,55.997813546185064
11975,44.44333016760768
11976,47.85565126139293
11977,44.71603681018945
11978,46.21831528867618
11979,46.21831528867618
11980,46.21831528867618
11981,46.21831528867618
11982,46.21831528867618
11983,67.62666306439907
11984,55.67338721194531
11985,47.257401679877056
11986,34.19931617040994
11987,55.69372459076665
11988,86.81631460647492
11989,56.55438121081549
11990,52.99347634022222
11991,64.06726328776851
11992,51.32891211700698
11993,56.10213649503057
11994,55.67338721194531
11995,55.67338721194531
11996,55.67338721194531
11997,55.67338721194531
11998,55.67338721194531
11999,46.297016675693115
12000,70.64765039707613
12001,61.171477415036904
12002,76.09560548120312
12003,70.59477494550694
12004,37.583512371148025
12005,69.52722524886966
12006,57.14221904396139
12007,68.0136228312976
12008,73.79785307526993
12009,71.6792248781316
12010,70.64765039707613
12011,70.64765039707613
12012,70.64765039707613
12013,70.64765039707613
12014,70.64765039707613
12015,28.164855549264118
12016,31.967062791446384
12017,33.85728181419972
12018,47.26548308860354
12019,31.980093371779056
12020,47.05869771249237
12021,30.686859783121253
12022,40.86488821887458
12023,25.463940265372973
12024,31.113482584483297
12025,32.46032948880165
12026,31.967062791446384
12027,31.967062791446384
12028,31.967062791446384
12029,31.967062791446384
12030,31.967062791446384
12031,73.90884202458496
12032,38.95692803162625
12033,39.09716331591083
12034,37.381656364885316
12035,38.94899696176271
12036,44.47236594778219
12037,44.83975976282234
12038,28.038424866782098
12039,45.59217675963258
12040,36.423417167544315
12041,39.266868030465
12042,38.95692803162625
12043,38.95692803162625
12044,38.95692803162625
12045,38.95692803162625
12046,38.95692803162625
12047,39.63772214410184
12048,77.398113386463
12049,59.21166583542472
12050,79.13783613553393
12051,77.54818241716804
12052,74.26446947634938
12053,77.45396899142546
12054,110.8467033262973
12055,65.30225018419617
12056,89.07932491259743
12057,77.22129011125011
12058,77.398113386463
12059,77.398113386463
12060,77.398113386463
12061,77.398113386463
12062,77.398113386463
12063,84.73048588938113
12064,55.58030373736476
12065,64.8912433324902
12066,60.135550209239184
12067,55.53037416403433
12068,47.40783814770353
12069,55.69178229301172
12070,54.478578673576784
12071,45.34656203239138
12072,61.30305680561384
12073,56.6673590481726
12074,55.58030373736476
12075,55.58030373736476
12076,55.58030373736476
12077,55.58030373736476
12078,55.58030373736476
12079,54.625564808994696
12080,56.69957546072254
12081,58.64642808128356
12082,65.30895270362592
12083,56.757197629571536
12084,56.31942144771648
12085,56.011898804998374
12086,56.03703891001405
12087,53.28258349906562
12088,49.38475682714293
12089,55.25396336653308
12090,56.69957546072254
12091,56.69957546072254
12092,56.69957546072254
12093,56.69957546072254
12094,56.69957546072254
12095,51.48120051417199
12096,26.885906721246783
12097,26.80284488608753
12098,35.61609842145002
12099,26.894717099985602
12100,27.368001905341295
12101,29.86780154076442
12102,19.034911568187923
12103,26.68479494775098
12104,27.566857653417475
12105,27.324434530187162
12106,26.885906721246783
12107,26.885906721246783
12108,26.885906721246783
12109,26.885906721246783
12110,26.885906721246783
12111,30.950847822790205
12112,146.64892704180645
12113,205.74204816417196
12114,64.2143362013568
12115,145.99761123796887
12116,111.857074809519
12117,71.45446950723107
12118,179.72433678224002
12119,243.7871476996537
12120,147.52008496656248
12121,138.6770643800604
12122,146.64892704180645
12123,146.64892704180645
12124,146.64892704180645
12125,146.64892704180645
12126,146.64892704180645
12127,84.21777826895415
12128,38.245922467379515
12129,32.54519857434815
12130,44.75212310230862
12131,38.22739406064972
12132,37.002737790567586
12133,34.03145205797583
12134,39.346454799583746
12135,36.88503547164171
12136,37.50448400487993
12137,38.88966532303648
12138,38.245922467379515
12139,38.245922467379515
12140,38.245922467379515
12141,38.245922467379515
12142,38.245922467379515
12143,31.23093629497584
12144,62.56828235284043
12145,62.97451467524868
12146,51.33923146860732
12147,62.57321291847719
12148,73.73783683432208
12149,75.84259667064504
12150,62.77176367163705
12151,54.644088033752034
12152,62.81088749649731
12153,62.19350513692949
12154,62.56828235284043
12155,62.56828235284043
12156,62.56828235284043
12157,62.56828235284043
12158,62.56828235284043
12159,60.37670036097493
12160,46.891264909316305
12161,51.999271287398166
12162,63.782480635896604
12163,46.86999440866656
12164,29.131517717447053
12165,50.67601187721923
12166,42.353199762953835
12167,47.47246018835991
12168,52.96131839978379
12169,48.12362535144802
12170,46.891264909316305
12171,46.891264909316305
12172,46.891264909316305
12173,46.891264909316305
12174,46.891264909316305
12175,57.289936122320725
12176,70.63244617873659
12177,36.73525601669761
12178,34.082686399127766
12179,70.88824938105886
12180,140.48310470367025
12181,68.31644496375677
12182,80.34400721591675
12183,111.94898413596546
12184,61.501862453817786
12185,65.04048285186487
12186,70.63244617873659
12187,70.63244617873659
12188,70.63244617873659
12189,70.63244617873659
12190,70.63244617873659
12191,55.09312467356386
12192,26.222248458579813
12193,24.942495376732808
12194,33.510011215370156
12195,26.2416700321794
12196,25.33325705382015
12197,25.763060105863588
12198,24.986901064309723
12199,27.144661088559143
12200,25.03639218879745
12201,26.28439219576758
12202,26.222248458579813
12203,26.222248458579813
12204,26.222248458579813
12205,26.222248458579813
12206,26.222248458579813
12207,27.132007578956408
12208,75.5959703170228
12209,101.00347997701809
12210,59.83017604943162
12211,75.51346226437171
12212,137.62619590369803
12213,57.956883538389754
12214,72.37884456583839
12215,67.5038803826206
12216,78.85672181719329
12217,78.03449860056702
12218,75.5959703170228
12219,75.5959703170228
12220,75.5959703170228
12221,75.5959703170228
12222,75.5959703170228
12223,84.61706233965221
12224,39.91888382830275
12225,42.54521681894485
12226,36.87006153270327
12227,39.90709731599
12228,53.97616528132307
12229,34.569473896646976
12230,35.032397664926904
12231,45.30526887260208
12232,42.28819466088476
12233,39.69314545379328
12234,39.91888382830275
12235,39.91888382830275
12236,39.91888382830275
12237,39.91888382830275
12238,39.91888382830275
12239,47.20262246937866
12240,92.78805293634457
12241,85.1702036662911
12242,75.49240017365592
12243,92.93636353000178
12244,68.15544471377498
12245,122.8333219581626
12246,101.24376747336173
12247,70.25575142067937
12248,87.46052343427569
12249,96.47732211805098
12250,92.78805293634457
12251,92.78805293634457
12252,92.78805293634457
12253,92.78805293634457
12254,92.78805293634457
12255,56.93355369373341
12256,24.221332239049328
12257,22.14988396052701
12258,26.80616052690908
12259,24.219967099792324
12260,30.52726100022852
12261,35.15934780854421
12262,23.77273378950961
12263,21.931051519900585
12264,24.809586044195353
12265,24.758747145368382
12266,24.221332239049328
12267,24.221332239049328
12268,24.221332239049328
12269,24.221332239049328
12270,24.221332239049328
12271,39.98807866230917
12272,135.89652455800965
12273,252.58148762748448
12274,191.76994459807491
12275,135.86778875664226
12276,61.22625405056701
12277,105.26825407177944
12278,134.81640019551602
12279,118.59774063241886
12280,129.4535252289993
12281,127.79580010444688
12282,135.89652455800965
12283,135.89652455800965
12284,135.89652455800965
12285,135.89652455800965
12286,135.89652455800965
12287,104.58473903536866
12288,38.58672191823099
12289,46.47638140824983
12290,41.09620582492751
12291,38.59964018751163
12292,34.89675863891713
12293,34.17510910881689
12294,48.39186128547794
12295,33.51282310819628
12296,34.993240484952835
12297,38.56371552111778
12298,38.58672191823099
12299,38.58672191823099
12300,38.58672191823099
12301,38.58672191823099
12302,38.58672191823099
12303,39.64104505595644
12304,90.08526019308802
12305,60.864454803037226
12306,90.42871541357552
12307,89.90207622774999
12308,100.97152244955505
12309,79.66641810523096
12310,69.86216105907985
12311,114.09632137005097
12312,101.60149386225392
12313,86.66399228186047
12314,90.08526019308802
12315,90.08526019308802
12316,90.08526019308802
12317,90.08526019308802
12318,90.08526019308802
12319,61.516704410305394
12320,26.23809450072222
12321,25.742880793481323
12322,24.978882689451844
12323,26.248460628795712
12324,24.579310065564737
12325,24.633450645078646
12326,22.521445662415257
12327,28.964237989698187
12328,28.899976619257178
12329,27.105240244322186
12330,26.23809450072222
12331,26.23809450072222
12332,26.23809450072222
12333,26.23809450072222
12334,26.23809450072222
12335,23.27821533503909
12336,86.60229951412234
12337,113.4976571305225
12338,80.35502635018281
12339,86.56564610086264
12340,62.09410982460707
12341,108.25847615762183
12342,95.86651529069027
12343,106.62753031922655
12344,77.71278356212687
12345,84.58230169319032
12346,86.60229951412234
12347,86.60229951412234
12348,86.60229951412234
12349,86.60229951412234
12350,86.60229951412234
12351,107.04879678217992
12352,39.686466615182134
12353,42.46552323198388
12354,45.66619148454177
12355,39.682327992906316
12356,37.78784440017504
12357,32.87845259868781
12358,49.152205191139004
12359,38.57348877738686
12360,40.08930705614686
12361,40.65358499670172
12362,39.686466615182134
12363,39.686466615182134
12364,39.686466615182134
12365,39.686466615182134
12366,39.686466615182134
12367,47.90578901553179
12368,46.51582867219136
12369,42.49658172623336
12370,38.07666787478267
12371,46.53155391722028
12372,53.207699203978564
12373,86.65831598699833
12374,36.69474394142446
12375,36.1092848406246
12376,45.33661996743289
12377,46.12937529242723
12378,46.51582867219136
12379,46.51582867219136
12380,46.51582867219136
12381,46.51582867219136
12382,46.51582867219136
12383,35.71539418515515
12384,59.86631885110667
12385,47.980146542492946
12386,160.72471136302414
12387,59.73539058588512
12388,78.23116329365119
12389,74.19835256138242
12390,53.07754712639159
12391,58.35618103621272
12392,60.41983601428302
12393,59.67929697131385
12394,59.86631885110667
12395,59.86631885110667
12396,59.86631885110667
12397,59.86631885110667
12398,59.86631885110667
12399,119.95713967456153
12400,86.13854512914398
12401,144.1428378159499
12402,46.31754685822718
12403,86.43983677138532
12404,100.03356533403475
12405,52.67467147120647
12406,93.44772492274781
12407,102.74613126547605
12408,87.16730174499592
12409,84.51932246320837
12410,86.13854512914398
12411,86.13854512914398
12412,86.13854512914398
12413,86.13854512914398
12414,86.13854512914398
12415,57.235235667658095
12416,17.866546365868434
12417,17.590207876533512
12418,18.602693997467615
12419,17.854776049179552
12420,24.581940759235515
12421,16.73307416338945
12422,24.47093768299835
12423,17.850247155844336
12424,19.73477461625584
12425,18.464066448411113
12426,17.866546365868434
12427,17.866546365868434
12428,17.866546365868434
12429,17.866546365868434
12430,17.866546365868434
12431,36.69887122760932
12432,251.6791618020468
12433,179.11970203214224
12434,145.4737727346374
12435,252.30534934742562
12436,126.42217127257395
12437,265.10233054491647
12438,236.1172553893589
12439,154.46986219972462
12440,227.6896547706752
12441,241.9962350274611
12442,251.6791618020468
12443,251.6791618020468
12444,251.6791618020468
12445,251.6791618020468
12446,251.6791618020468
12447,28.11352840192635
12448,35.81698430359418
12449,40.54486777790814
12450,95.61612126211611
12451,35.82912144532365
12452,52.45471123682392
12453,37.89448293772944
12454,39.831203797211536
12455,37.62370108403878
12456,35.19108796768301
12457,35.465125627215336
12458,35.81698430359418
12459,35.81698430359418
12460,35.81698430359418
12461,35.81698430359418
12462,35.81698430359418
12463,278.9604953547097
12464,50.23152870744103
12465,49.65617682102523
12466,38.81348766467221
12467,50.223549402945594
12468,41.840644219062526
12469,58.9324081653567
12470,43.74431681150827
12471,60.10067422893621
12472,52.68810259280354
12473,50.40632126961835
12474,50.23152870744103
12475,50.23152870744103
12476,50.23152870744103
12477,50.23152870744103
12478,50.23152870744103
12479,38.39630604058745
12480,29.602762218535396
12481,29.63215439530494
12482,30.259148849511867
12483,29.602198303222465
12484,25.497248770769158
12485,34.535989302017065
12486,38.92028891144731
12487,25.2250164810569
12488,30.553594744429944
12489,29.401663583908043
12490,29.602762218535396
12491,29.602762218535396
12492,29.602762218535396
12493,29.602762218535396
12494,29.602762218535396
12495,34.974997125234545
12496,120.59644917577046
12497,158.51402448703502
12498,90.38001272188633
12499,120.62175668709291
12500,189.77372401266237
12501,84.32633758898841
12502,104.64750661094092
12503,132.5013853815761
12504,113.31100735910101
12505,119.19107304165568
12506,120.59644917577046
12507,120.59644917577046
12508,120.59644917577046
12509,120.59644917577046
12510,120.59644917577046
12511,116.33692476497517
12512,63.56623395604235
12513,57.245310078272084
12514,60.79787342320285
12515,63.61736322099952
12516,34.709009816865866
12517,41.40704001840892
12518,69.66636247297602
12519,80.38962255349655
12520,66.13959377074023
12521,67.54805136087379
12522,63.56623395604235
12523,63.56623395604235
12524,63.56623395604235
12525,63.56623395604235
12526,63.56623395604235
12527,31.035562159732276
12528,43.55937758004609
12529,43.881753903249994
12530,46.19307049748272
12531,43.55381895521798
12532,63.39896849465073
12533,53.603215096975035
12534,38.80686214684109
12535,47.03612590335429
12536,43.52584746692211
12537,41.764266207814
12538,43.55937758004609
12539,43.55937758004609
12540,43.55937758004609
12541,43.55937758004609
12542,43.55937758004609
12543,87.84531871663374
12544,51.656592544438595
12545,53.658375965481724
12546,50.9170760534753
12547,51.66308689448577
12548,59.299385420987576
12549,42.97495828334071
12550,50.08692302801001
12551,53.77973892498536
12552,55.95691796442222
12553,49.39005160767195
12554,51.656592544438595
12555,51.656592544438595
12556,51.656592544438595
12557,51.656592544438595
12558,51.656592544438595
12559,52.06597696149827
12560,31.66141331910865
12561,27.673318452495845
12562,41.856468256855734
12563,31.648525350727095
12564,29.76894329870478
12565,44.17267965171653
12566,29.572129862644807
12567,28.346162057385055
12568,29.62421100439346
12569,33.125823253962054
12570,31.66141331910865
12571,31.66141331910865
12572,31.66141331910865
12573,31.66141331910865
12574,31.66141331910865
12575,36.10829062987376
12576,64.12450945864155
12577,60.95423070639727
12578,63.89102810296022
12579,64.16305948782117
12580,55.057598380119444
12581,68.58418259912656
12582,65.47332827418403
12583,65.49436072656734
12584,59.01116358004173
12585,64.17410713726682
12586,64.12450945864155
12587,64.12450945864155
12588,64.12450945864155
12589,64.12450945864155
12590,64.12450945864155
12591,53.466934115376155
12592,49.918712986297294
12593,142.91929705927606
12594,34.188484051718596
12595,49.86569056792672
12596,52.16111563064928
12597,35.25695675172714
12598,39.412968754489924
12599,69.56892963680932
12600,53.98060503626857
12601,49.66935366951217
12602,49.918712986297294
12603,49.918712986297294
12604,49.918712986297294
12605,49.918712986297294
12606,49.918712986297294
12607,46.68578143889503
12608,54.713444818643524
12609,64.23210557994345
12610,69.63912834145557
12611,54.67999120483165
12612,56.249628263032974
12613,50.79698889696494
12614,56.62940112010336
12615,43.87053363934082
12616,54.953593477643885
12617,54.550258393318245
12618,54.713444818643524
12619,54.713444818643524
12620,54.713444818643524
12621,54.713444818643524
12622,54.713444818643524
12623,66.7001729161108
12624,51.13464230160563
12625,41.31795473677201
12626,30.806664297513116
12627,51.30929884474174
12628,43.158810476810004
12629,56.35931089938678
12630,54.27385401358034
12631,44.44654663449736
12632,51.75427599271419
12633,49.85129133039729
12634,51.13464230160563
12635,51.13464230160563
12636,51.13464230160563
12637,51.13464230160563
12638,51.13464230160563
12639,24.995787068239217
12640,43.744125853645365
12641,35.71966441438715
12642,84.9540737862533
12643,43.73366112626733
12644,41.703879175533636
12645,46.438456001122645
12646,51.378952026737366
12647,62.221047907636994
12648,41.94082525424693
12649,42.63174598093854
12650,43.744125853645365
12651,43.744125853645365
12652,43.744125853645365
12653,43.744125853645365
12654,43.744125853645365
12655,79.48766424510885
12656,68.0021861884715
12657,79.55913143294478
12658,60.975479421561715
12659,67.9960173045678
12660,76.76549171111547
12661,84.13902756630735
12662,63.3553246045628
12663,61.09272224533711
12664,68.21127009599853
12665,72.87669473596426
12666,68.0021861884715
12667,68.0021861884715
12668,68.0021861884715
12669,68.0021861884715
12670,68.0021861884715
12671,85.96348353694192
12672,77.53403102614382
12673,75.28634843102904
12674,88.75157893597593
12675,77.55758732072492
12676,39.880656134038205
12677,96.44348841997906
12678,76.6417844117748
12679,62.75917730901248
12680,74.07056704097623
12681,76.0417501405994
12682,77.53403102614382
12683,77.53403102614382
12684,77.53403102614382
12685,77.53403102614382
12686,77.53403102614382
12687,38.96293117343898
12688,96.83104949064072
12689,79.4786199974888
12690,31.6868738115819
12691,96.54192665474368
12692,143.96619550794827
12693,90.62078382396996
12694,95.35912358198397
12695,89.57388131777036
12696,105.4849098803862
12697,95.55688503863772
12698,96.83104949064072
12699,96.83104949064072
12700,96.83104949064072
12701,96.83104949064072
12702,96.83104949064072
12703,38.05256579188289
12704,59.31554094007624
12705,58.71229782086408
12706,174.96189568411683
12707,59.21446687821875
12708,44.298413205784755
12709,45.23596763855956
12710,76.94860662420041
12711,73.87455392228985
12712,68.11141326511328
12713,58.9227234854476
12714,59.31554094007624
12715,59.31554094007624
12716,59.31554094007624
12717,59.31554094007624
12718,59.31554094007624
12719,130.91295029305803
12720,48.516867227358325
12721,50.452685620195496
12722,45.65465460528483
12723,48.54646991963602
12724,65.25649208218984
12725,63.07786235217688
12726,31.87323833140862
12727,45.69963457232965
12728,42.05960000752953
12729,50.16875855057566
12730,48.516867227358325
12731,48.516867227358325
12732,48.516867227358325
12733,48.516867227358325
12734,48.516867227358325
12735,46.05647472926279
12736,35.01365282889808
12737,35.69458495020525
12738,33.833538352837806
12739,35.01931395045406
12740,55.23488220450329
12741,32.23265906785982
12742,37.724739305521126
12743,34.932757085671206
12744,37.44151386988192
12745,34.2404827471037
12746,35.01365282889808
12747,35.01365282889808
12748,35.01365282889808
12749,35.01365282889808
12750,35.01365282889808
12751,55.2764605392359
12752,62.91790445070792
12753,66.671610767733
12754,94.07306833343625
12755,62.847180897149364
12756,58.72328159140412
12757,53.78483013224646
12758,67.61954580572775
12759,61.05512829048291
12760,58.74507637426832
12761,65.23871478651832
12762,62.91790445070792
12763,62.91790445070792
12764,62.91790445070792
12765,62.91790445070792
12766,62.91790445070792
12767,75.0359088519592
12768,35.439717051322795
12769,37.353947595002644
12770,37.07254406637515
12771,35.42465706802126
12772,60.234270510140426
12773,32.55323649166986
12774,53.84062983736092
12775,33.40289117602361
12776,36.524813068034774
12777,34.93815874712093
12778,35.439717051322795
12779,35.439717051322795
12780,35.439717051322795
12781,35.439717051322795
12782,35.439717051322795
12783,87.03051491293706
12784,51.93227530203721
12785,50.59931926852799
12786,46.95659836920895
12787,51.94151094738257
12788,33.517711277693884
12789,58.60420485279306
12790,38.76439194701688
12791,64.53624492651234
12792,49.2897305633846
12793,52.20676206348444
12794,51.93227530203721
12795,51.93227530203721
12796,51.93227530203721
12797,51.93227530203721
12798,51.93227530203721
12799,28.731911187834125
12800,88.73266325826668
12801,89.00806016462815
12802,84.06523069065238
12803,88.77906222478208
12804,66.88194005014948
12805,90.14514039347974
12806,57.6760575613476
12807,61.934044622233834
12808,96.17309717437942
12809,92.10668716527559
12810,88.73266325826668
12811,88.73266325826668
12812,88.73266325826668
12813,88.73266325826668
12814,88.73266325826668
12815,33.093879278932356
12816,36.10396479052941
12817,34.90419903595081
12818,42.94891120758649
12819,36.079049658915835
12820,47.34006193878707
12821,34.0015190962903
12822,46.81216612789384
12823,88.03253799956137
12824,33.516097319905036
12825,35.60844021553272
12826,36.10396479052941
12827,36.10396479052941
12828,36.10396479052941
12829,36.10396479052941
12830,36.10396479052941
12831,154.9516255952896
12832,48.75993342956147
12833,51.469440889949425
12834,49.62800891833958
12835,48.73394495020578
12836,27.65405031381635
12837,55.66293241116992
12838,45.962974798120875
12839,35.78960889655639
12840,44.852964808032006
12841,48.78730463065453
12842,48.75993342956147
12843,48.75993342956147
12844,48.75993342956147
12845,48.75993342956147
12846,48.75993342956147
12847,21.910245824126157
12848,36.384870072627734
12849,37.08848319251975
12850,34.616599584301504
12851,36.39735538985006
12852,52.550915735768626
12853,37.923559670479385
12854,35.205187889643845
12855,44.958005440523266
12856,38.48148682407357
12857,35.970017455893064
12858,36.384870072627734
12859,36.384870072627734
12860,36.384870072627734
12861,36.384870072627734
12862,36.384870072627734
12863,68.64626014900952
12864,39.28924497232378
12865,38.98650789079155
12866,42.680924995396715
12867,39.2984035110081
12868,68.04086385611558
12869,34.94660317559676
12870,28.76517180716014
12871,35.58243300772617
12872,39.75387623124718
12873,39.37804171521435
12874,39.28924497232378
12875,39.28924497232378
12876,39.28924497232378
12877,39.28924497232378
12878,39.28924497232378
12879,43.06896933485268
12880,58.72210186218199
12881,120.12502457296465
12882,33.27767021427838
12883,58.66141957702619
12884,36.11404443922347
12885,81.00043200448617
12886,88.17781485282642
12887,98.39132695127647
12888,59.462307493519674
12889,56.64266901142775
12890,58.72210186218199
12891,58.72210186218199
12892,58.72210186218199
12893,58.72210186218199
12894,58.72210186218199
12895,61.30282415032364
12896,61.16443961597765
12897,44.15261716224122
12898,224.4916073332337
12899,61.190545068762894
12900,114.79843707782086
12901,83.87224933082717
12902,64.44994553797282
12903,31.303805967465117
12904,58.730208885377586
12905,65.14000372665829
12906,61.16443961597765
12907,61.16443961597765
12908,61.16443961597765
12909,61.16443961597765
12910,61.16443961597765
12911,122.35714092287249
12912,52.7168637747332
12913,53.36671023316283
12914,46.80424033074622
12915,52.70326635560069
12916,47.33137412004919
12917,37.43643726917259
12918,54.746124935158655
12919,65.78966560283597
12920,53.29292393075228
12921,51.54586629231101
12922,52.7168637747332
12923,52.7168637747332
12924,52.7168637747332
12925,52.7168637747332
12926,52.7168637747332
12927,38.98788958609782
12928,66.57034088241124
12929,74.45477866612984
12930,81.06018186398396
12931,66.59914994482351
12932,53.89718974971174
12933,66.68306892973493
12934,56.134275916529575
12935,53.71519912644314
12936,59.526501019800584
12937,65.63133184976746
12938,66.57034088241124
12939,66.57034088241124
12940,66.57034088241124
12941,66.57034088241124
12942,66.57034088241124
12943,44.181794927030666
12944,89.88002462195273
12945,44.45887283437597
12946,36.89559051691124
12947,89.58740774599292
12948,83.9159444473117
12949,55.941728107142815
12950,93.18900511923077
12951,146.84218470173846
12952,109.07207511074965
12953,89.41377543805459
12954,89.88002462195273
12955,89.88002462195273
12956,89.88002462195273
12957,89.88002462195273
12958,89.88002462195273
12959,37.90408508518941
12960,71.96209295394036
12961,60.793738310727726
12962,172.45536732987063
12963,72.08129572948543
12964,87.37237233863078
12965,76.75002794506213
12966,70.44962427038664
12967,35.85972298750421
12968,76.18056310497116
12969,78.12192462820327
12970,71.96209295394036
12971,71.96209295394036
12972,71.96209295394036
12973,71.96209295394036
12974,71.96209295394036
12975,70.12866725972908
12976,35.7496988392101
12977,39.496383007176114
12978,33.09978615290704
12979,35.73352334167047
12980,35.297585009070076
12981,35.15401657971535
12982,35.34241007439494
12983,45.83410537413654
12984,33.76646259272019
12985,34.56067185858292
12986,35.7496988392101
12987,35.7496988392101
12988,35.7496988392101
12989,35.7496988392101
12990,35.7496988392101
12991,40.11214590104593
12992,43.585941779748445
12993,46.18622054886173
12994,43.54610747343248
12995,43.57248236625448
12996,41.8295986088908
12997,60.11198727820602
12998,41.40975785829483
12999,29.456551793600298
13000,42.91852661351077
13001,45.26832753063162
13002,43.585941779748445
13003,43.585941779748445
13004,43.585941779748445
13005,43.585941779748445
13006,43.585941779748445
13007,40.046668311944686
13008,37.74246682224161
13009,37.37154749963623
13010,46.20277691278832
13011,37.78278648632453
13012,43.889727950525085
13013,33.06553336263077
13014,45.937991265020266
13015,74.44901038166854
13016,38.826485337964
13017,36.74768510835194
13018,37.74246682224161
13019,37.74246682224161
13020,37.74246682224161
13021,37.74246682224161
13022,37.74246682224161
13023,116.97031340917113
13024,39.77769913905477
13025,33.667962075788985
13026,39.174947625439486
13027,39.76949211818731
13028,37.6597205675087
13029,33.85318768266964
13030,43.15170457851059
13031,28.185071901866092
13032,37.60540993958756
13033,39.05524960925882
13034,39.77769913905477
13035,39.77769913905477
13036,39.77769913905477
13037,39.77769913905477
13038,39.77769913905477
13039,20.623404934297426
13040,92.65607130873568
13041,183.4237726780005
13042,63.22492727924847
13043,92.6549255720594
13044,72.49527853565797
13045,109.73963862314734
13046,98.77547423584129
13047,152.00196677729272
13048,95.78920796474947
13049,93.8651470004339
13050,92.65607130873568
13051,92.65607130873568
13052,92.65607130873568
13053,92.65607130873568
13054,92.65607130873568
13055,158.15994678636721
13056,30.395335190764634
13057,30.239216734789903
13058,31.593491509282465
13059,30.381750481629844
13060,40.92143020265229
13061,27.684450480185525
13062,25.59616337565041
13063,47.378573871293554
13064,27.602934233371933
13065,30.398234230626702
13066,30.395335190764634
13067,30.395335190764634
13068,30.395335190764634
13069,30.395335190764634
13070,30.395335190764634
13071,47.28905348220293
13072,161.8966471054372
13073,153.044897081856
13074,98.43931249503487
13075,162.41120631852561
13076,118.14459732411044
13077,250.02998761584263
13078,168.57103956386263
13079,103.49856557826637
13080,178.35881250567982
13081,157.26855315763595
13082,161.8966471054372
13083,161.8966471054372
13084,161.8966471054372
13085,161.8966471054372
13086,161.8966471054372
13087,87.19286166643995
13088,26.587468918289346
13089,27.142223873592194
13090,25.839751998389623
13091,26.600008199057772
13092,38.255944411208226
13093,36.16703270577709
13094,20.97237282835676
13095,32.050149991809704
13096,29.141362358531023
13097,26.122658819914147
13098,26.587468918289346
13099,26.587468918289346
13100,26.587468918289346
13101,26.587468918289346
13102,26.587468918289346
13103,57.50166016941568
13104,53.23167688183716
13105,54.70619908836744
13106,58.906190957571916
13107,53.2105379250035
13108,27.412879462606217
13109,37.134319449407016
13110,67.76310356936757
13111,42.68585038947815
13112,48.02462908264346
13113,56.159428721540586
13114,53.23167688183716
13115,53.23167688183716
13116,53.23167688183716
13117,53.23167688183716
13118,53.23167688183716
13119,22.724978933807996
13120,64.6291563870997
13121,68.89185475770775
13122,66.5902098393378
13123,64.6253235685972
13124,36.2010620876431
13125,65.56921028977335
13126,55.529030274259554
13127,102.56399473438371
13128,65.96651663645763
13129,61.49993322901831
13130,64.6291563870997
13131,64.6291563870997
13132,64.6291563870997
13133,64.6291563870997
13134,64.6291563870997
13135,48.80736577364483
13136,55.03360678211403
13137,50.15939447556851
13138,41.33762905391621
13139,55.029221639703636
13140,83.86508114780541
13141,44.11430215165916
13142,59.42344522298262
13143,41.34531813803352
13144,53.41229635102083
13145,57.40236821909599
13146,55.03360678211403
13147,55.03360678211403
13148,55.03360678211403
13149,55.03360678211403
13150,55.03360678211403
13151,40.567735097614566
13152,49.30110822665845
13153,49.366360976785714
13154,154.56453107595527
13155,49.346661087421516
13156,40.15787603546736
13157,50.78282229637681
13158,39.67597954831399
13159,67.86433393526465
13160,49.98594540562736
13161,49.49219778219277
13162,49.30110822665845
13163,49.30110822665845
13164,49.30110822665845
13165,49.30110822665845
13166,49.30110822665845
13167,179.17946362066363
13168,89.97935798615032
13169,70.64855278086378
13170,48.62433540890536
13171,89.82438039856635
13172,142.00002355836642
13173,92.58844967243364
13174,110.67909900622612
13175,38.10173140206828
13176,92.13444540672887
13177,89.40962415937224
13178,89.97935798615032
13179,89.97935798615032
13180,89.97935798615032
13181,89.97935798615032
13182,89.97935798615032
13183,44.46063799813425
13184,22.785557461105192
13185,23.903046072523637
13186,25.413317373040993
13187,22.796665486983102
13188,20.288813991286194
13189,29.56710431447649
13190,26.427343509684704
13191,35.165016713286214
13192,23.338442856397787
13193,22.305325286706232
13194,22.785557461105192
13195,22.785557461105192
13196,22.785557461105192
13197,22.785557461105192
13198,22.785557461105192
13199,67.8514895526641
13200,168.04931639901608
13201,97.9124581539881
13202,102.76936889704974
13203,167.4052093194802
13204,123.5071061487194
13205,110.28627082111048
13206,157.02233778900228
13207,116.06108613937771
13208,160.72966002890448
13209,176.55946753580483
13210,168.04931639901608
13211,168.04931639901608
13212,168.04931639901608
13213,168.04931639901608
13214,168.04931639901608
13215,35.16095161942921
13216,41.4055870394514
13217,38.10189102373459
13218,101.28707215280745
13219,41.43055449801836
13220,40.340907124453466
13221,30.870553056124514
13222,32.77081593277102
13223,58.999674001930245
13224,37.59345827047028
13225,40.5100368613911
13226,41.4055870394514
13227,41.4055870394514
13228,41.4055870394514
13229,41.4055870394514
13230,41.4055870394514
13231,44.315511653080144
13232,101.83824839951414
13233,162.11311291387725
13234,55.924384449582526
13235,101.75926102851574
13236,127.03010163398729
13237,119.91037804977921
13238,125.88592070936514
13239,38.58963685459781
13240,123.11866240861296
13241,103.17011168719507
13242,101.83824839951414
13243,101.83824839951414
13244,101.83824839951414
13245,101.83824839951414
13246,101.83824839951414
13247,58.197547159393444
13248,25.645276169886436
13249,30.92943257156651
13250,27.08617794854551
13251,25.645859511544778
13252,34.60792278430389
13253,26.331322113844823
13254,29.469899295010187
13255,44.70309768260288
13256,24.464911459866574
13257,25.10287342714706
13258,25.645276169886436
13259,25.645276169886436
13260,25.645276169886436
13261,25.645276169886436
13262,25.645276169886436
13263,110.49849972067331
13264,108.05446986616766
13265,85.69965708065645
13266,99.6204199939982
13267,107.99850484764929
13268,134.31212479484537
13269,99.58481679398848
13270,99.20186862598901
13271,67.47068906326102
13272,112.12575560871937
13273,107.06154820364367
13274,108.05446986616766
13275,108.05446986616766
13276,108.05446986616766
13277,108.05446986616766
13278,108.05446986616766
13279,57.43104783141435
13280,58.64402911963706
13281,51.43295685560441
13282,52.38355847728044
13283,58.53694170014929
13284,53.23683681007755
13285,73.17932783042474
13286,48.1750033921153
13287,70.48113393767022
13288,55.55954006460271
13289,58.25574872345074
13290,58.64402911963706
13291,58.64402911963706
13292,58.64402911963706
13293,58.64402911963706
13294,58.64402911963706
13295,46.93611323748036
13296,31.005049344883826
13297,32.1654592297392
13298,31.25605032266142
13299,31.034262407097383
13300,34.91775184615036
13301,31.837800224690962
13302,38.99045092682565
13303,24.168108292043915
13304,33.25313146564414
13305,32.19359394884778
13306,31.005049344883826
13307,31.005049344883826
13308,31.005049344883826
13309,31.005049344883826
13310,31.005049344883826
13311,40.941172392109145
13312,50.180451041143826
13313,51.35449881104177
13314,67.72053115451693
13315,50.158050066547986
13316,24.95662306746086
13317,63.55950601515283
13318,58.248074175732214
13319,44.3988503739157
13320,49.67554544671042
13321,52.048280232751225
13322,50.180451041143826
13323,50.180451041143826
13324,50.180451041143826
13325,50.180451041143826
13326,50.180451041143826
13327,45.773439729965474
13328,66.87286965563699
13329,58.235537136576674
13330,53.89789904409985
13331,67.0144745648901
13332,89.09994759781421
13333,42.42919728488459
13334,62.19975677648433
13335,50.530753969174874
13336,69.67284519614213
13337,63.45020704347566
13338,66.87286965563699
13339,66.87286965563699
13340,66.87286965563699
13341,66.87286965563699
13342,66.87286965563699
13343,32.82902749655562
13344,75.35358899650409
13345,96.38829948018424
13346,110.81323484730343
13347,75.41442535837301
13348,56.74859892653657
13349,66.57096805059639
13350,60.31221515882444
13351,71.30173741582742
13352,74.52171931279287
13353,74.93513495357337
13354,75.35358899650409
13355,75.35358899650409
13356,75.35358899650409
13357,75.35358899650409
13358,75.35358899650409
13359,69.9398549111371
13360,37.16757870953777
13361,37.2182435000791
13362,26.375484562213387
13363,37.15517763082072
13364,49.72454671882501
13365,46.11716045693377
13366,45.780598104320084
13367,44.56724546002007
13368,36.604153061998296
13369,37.4786697615845
13370,37.16757870953777
13371,37.16757870953777
13372,37.16757870953777
13373,37.16757870953777
13374,37.16757870953777
13375,59.412702072996744
13376,27.262808616228618
13377,27.31568101804097
13378,27.00555398879045
13379,27.263281927798097
13380,44.17072270043008
13381,29.805244142743145
13382,33.19741480224177
13383,24.850613304294193
13384,30.227197715590655
13385,27.206287969828747
13386,27.262808616228618
13387,27.262808616228618
13388,27.262808616228618
13389,27.262808616228618
13390,27.262808616228618
13391,58.263722507888616
13392,55.86349404267265
13393,65.52611878691452
13394,48.34456109741573
13395,55.86076210316506
13396,51.72585263870814
13397,57.181130526562065
13398,50.950758344047586
13399,54.659675880155405
13400,51.17303177660382
13401,57.98894605582543
13402,55.86349404267265
13403,55.86349404267265
13404,55.86349404267265
13405,55.86349404267265
13406,55.86349404267265
13407,43.53478237897584
13408,50.16546954362719
13409,40.8973072339754
13410,54.07480463467796
13411,50.25630360705046
13412,86.81817922803225
13413,54.27655991919605
13414,38.76776263281801
13415,83.86009887630489
13416,44.98803041829577
13417,51.17824367284252
13418,50.16546954362719
13419,50.16546954362719
13420,50.16546954362719
13421,50.16546954362719
13422,50.16546954362719
13423,95.05030266181637
13424,54.96384438690451
13425,53.39793565540809
13426,74.11682414220463
13427,54.93260952552927
13428,31.938140099077216
13429,49.20024761853404
13430,68.17710731224982
13431,54.53187024314971
13432,60.86831671233964
13433,52.338636299037645
13434,54.96384438690451
13435,54.96384438690451
13436,54.96384438690451
13437,54.96384438690451
13438,54.96384438690451
13439,44.970950312949675
13440,65.43684699867913
13441,100.43958027398924
13442,63.10993949671514
13443,65.51421743154367
13444,80.65227652258005
13445,49.321745319436836
13446,58.33823957881463
13447,58.64072674521082
13448,69.67377029494396
13449,66.63684070112593
13450,65.43684699867913
13451,65.43684699867913
13452,65.43684699867913
13453,65.43684699867913
13454,65.43684699867913
13455,62.81477343638254
13456,78.13382869257177
13457,46.283586412746004
13458,39.62725757710263
13459,77.74859116610084
13460,78.89235503381171
13461,116.72608680226713
13462,85.72174959475143
13463,81.11686259774103
13464,74.96433641548535
13465,79.81411730446273
13466,78.13382869257177
13467,78.13382869257177
13468,78.13382869257177
13469,78.13382869257177
13470,78.13382869257177
13471,42.39750135942163
13472,64.14866721293613
13473,59.599285465364915
13474,65.84452743789602
13475,64.18318207093266
13476,54.9081717301497
13477,102.307540801573
13478,51.110838958441676
13479,82.32579496005077
13480,67.69509943225367
13481,64.75403605949181
13482,64.14866721293613
13483,64.14866721293613
13484,64.14866721293613
13485,64.14866721293613
13486,64.14866721293613
13487,90.21104951422495
13488,25.619109370354874
13489,27.402914135413102
13490,40.52328911444554
13491,25.615222075216256
13492,26.7123834898029
13493,20.635965954453795
13494,31.681594780430235
13495,25.74795947373217
13496,23.97633569787985
13497,24.946150395372065
13498,25.619109370354874
13499,25.619109370354874
13500,25.619109370354874
13501,25.619109370354874
13502,25.619109370354874
13503,39.600423702341196
13504,35.0560347614469
13505,39.64704382984044
13506,45.79878402604613
13507,35.0603348548597
13508,35.312938969836836
13509,41.05188288231594
13510,30.324485122335215
13511,31.184419979557862
13512,34.33629016141053
13513,35.97047702545905
13514,35.0560347614469
13515,35.0560347614469
13516,35.0560347614469
13517,35.0560347614469
13518,35.0560347614469
13519,65.07722847949604
13520,54.746192056269365
13521,52.66773829621631
13522,45.99065174576376
13523,54.730629429507985
13524,47.43838953898311
13525,52.46069307836085
13526,60.921250297085855
13527,48.210237546767445
13528,57.31978896430892
13529,53.09584844801837
13530,54.746192056269365
13531,54.746192056269365
13532,54.746192056269365
13533,54.746192056269365
13534,54.746192056269365
13535,38.311487068885285
13536,68.12918248267117
13537,59.04353092756557
13538,105.7173093797586
13539,67.99832178365936
13540,67.93009319501232
13541,63.445156371789494
13542,53.384196373265624
13543,59.45375012563567
13544,75.46018607894659
13545,69.00052554464723
13546,68.12918248267117
13547,68.12918248267117
13548,68.12918248267117
13549,68.12918248267117
13550,68.12918248267117
13551,51.6298673412045
13552,55.53682077063367
13553,81.38361944891642
13554,37.92189010347032
13555,55.63599285111715
13556,67.26228785610458
13557,49.78731608951806
13558,68.98654401091335
13559,69.71205359068598
13560,47.28238480692687
13561,54.63418980663608
13562,55.53682077063367
13563,55.53682077063367
13564,55.53682077063367
13565,55.53682077063367
13566,55.53682077063367
13567,60.090988947436145
13568,23.48632017736802
13569,23.327256678361792
13570,30.186785711366127
13571,23.48887214776204
13572,33.45890594414293
13573,25.211292300585324
13574,22.371903376249865
13575,19.078541203712064
13576,23.215383048973795
13577,23.306085964644065
13578,23.48632017736802
13579,23.48632017736802
13580,23.48632017736802
13581,23.48632017736802
13582,23.48632017736802
13583,34.648934237578445
13584,197.69209203758012
13585,245.64989727642228
13586,80.05368216420703
13587,197.4247969791394
13588,92.11212125181758
13589,178.9438861042025
13590,214.09635824357562
13591,204.366135156053
13592,195.07730243347103
13593,203.27314323687895
13594,197.69209203758012
13595,197.69209203758012
13596,197.69209203758012
13597,197.69209203758012
13598,197.69209203758012
13599,54.18288954433269
13600,32.73023587460986
13601,32.398124486301754
13602,39.265021033669896
13603,32.70641050945631
13604,50.061842576590024
13605,30.69895620908532
13606,35.91064174038851
13607,33.674012805695725
13608,33.65755189747014
13609,31.763242237708603
13610,32.73023587460986
13611,32.73023587460986
13612,32.73023587460986
13613,32.73023587460986
13614,32.73023587460986
13615,63.2612369215185
13616,68.4873465073283
13617,72.5954394071602
13618,58.00079700193741
13619,68.50858073846068
13620,56.85308558850102
13621,63.77957466512539
13622,72.50272452275023
13623,69.43913592568633
13624,67.21360392892062
13625,69.82424857061646
13626,68.4873465073283
13627,68.4873465073283
13628,68.4873465073283
13629,68.4873465073283
13630,68.4873465073283
13631,50.57850097271272
13632,40.259509341607
13633,40.863079349281364
13634,37.80673335875569
13635,40.26609325003533
13636,35.2856397376318
13637,48.40754441838859
13638,35.02182045830632
13639,43.5686534053096
13640,37.25603404636788
13641,39.47995343808101
13642,40.259509341607
13643,40.259509341607
13644,40.259509341607
13645,40.259509341607
13646,40.259509341607
13647,34.042026339151064
13648,68.44641028267385
13649,67.84909277853637
13650,75.58159288868758
13651,68.38843370102784
13652,111.29607907370435
13653,47.11795090384649
13654,76.0227167593828
13655,58.78443609125545
13656,73.78629269936583
13657,69.85787065592167
13658,68.44641028267385
13659,68.44641028267385
13660,68.44641028267385
13661,68.44641028267385
13662,68.44641028267385
13663,78.54445908971093
13664,49.46126202183963
13665,44.77699784544857
13666,61.39147088073782
13667,49.47612280024257
13668,28.726168315400542
13669,46.32237384316017
13670,44.6669124379122
13671,52.2571613151568
13672,54.20823597391407
13673,49.24549237763662
13674,49.46126202183963
13675,49.46126202183963
13676,49.46126202183963
13677,49.46126202183963
13678,49.46126202183963
13679,29.114091928191975
13680,77.55169380918218
13681,68.61006916564713
13682,61.15290190455451
13683,77.49527700958275
13684,123.11042672071625
13685,110.72550350810265
13686,73.60565216999316
13687,99.17514018055188
13688,71.81294680710955
13689,78.46823233293051
13690,77.55169380918218
13691,77.55169380918218
13692,77.55169380918218
13693,77.55169380918218
13694,77.55169380918218
13695,132.4899682358278
13696,41.23122579458384
13697,42.91916801913368
13698,37.82551030367911
13699,41.24727369526493
13700,35.166310662703985
13701,47.49161230215133
13702,29.516478371116587
13703,44.92197769594372
13704,41.62247787704037
13705,39.77802779555316
13706,41.23122579458384
13707,41.23122579458384
13708,41.23122579458384
13709,41.23122579458384
13710,41.23122579458384
13711,28.92440945566523
13712,105.3455312084857
13713,53.06429438869972
13714,70.42649756313743
13715,104.99907716990548
13716,113.24664423666614
13717,110.66499986084465
13718,143.1826972208426
13719,65.99535688510862
13720,99.74948317169448
13721,110.00425228849136
13722,105.3455312084857
13723,105.3455312084857
13724,105.3455312084857
13725,105.3455312084857
13726,105.3455312084857
13727,56.61259546471352
13728,22.287704073111083
13729,21.25145515664007
13730,24.329710496704898
13731,22.30011398685127
13732,20.671505333512002
13733,22.698112336089682
13734,23.32298949566097
13735,24.344747375895675
13736,23.3779799812537
13737,22.726904168025612
13738,22.287704073111083
13739,22.287704073111083
13740,22.287704073111083
13741,22.287704073111083
13742,22.287704073111083
13743,26.09438507586084
13744,141.02875285401274
13745,242.48615806790895
13746,198.7124456477657
13747,140.78158389147836
13748,102.8328984883935
13749,106.39849211364991
13750,145.52403742981494
13751,183.8443892470864
13752,135.982179496987
13753,139.88070237579882
13754,141.02875285401274
13755,141.02875285401274
13756,141.02875285401274
13757,141.02875285401274
13758,141.02875285401274
13759,242.11392075076955
13760,54.008980012218004
13761,62.7262556755967
13762,81.92145677064599
13763,53.987840970764104
13764,51.18176835278746
13765,45.3705093718402
13766,36.18966724692903
13767,42.802093239318225
13768,60.138280652174245
13769,55.2475976281168
13770,54.008980012218004
13771,54.008980012218004
13772,54.008980012218004
13773,54.008980012218004
13774,54.008980012218004
13775,49.24142464971048
13776,51.916269041465625
13777,42.54489336350312
13778,28.874286741512297
13779,52.080261352985076
13780,63.57154512287863
13781,60.36107680427882
13782,71.3216661339292
13783,48.28997109415201
13784,41.974339025840145
13785,52.21122900899208
13786,51.916269041465625
13787,51.916269041465625
13788,51.916269041465625
13789,51.916269041465625
13790,51.916269041465625
13791,38.688369407426904
13792,35.1134744081094
13793,32.02802945282938
13794,42.82183635048806
13795,35.11211379069214
13796,42.6399303661511
13797,47.585546785982125
13798,31.160942681537062
13799,40.20337706372044
13800,33.63852317063642
13801,33.49026932900126
13802,35.1134744081094
13803,35.1134744081094
13804,35.1134744081094
13805,35.1134744081094
13806,35.1134744081094
13807,58.59182536850961
13808,67.09900853775008
13809,75.62951991304249
13810,56.98924692045244
13811,67.08810224708616
13812,72.06333018332604
13813,53.416636796788055
13814,61.29972430411241
13815,68.05889312902548
13816,71.20946873427924
13817,69.07255637006284
13818,67.09900853775008
13819,67.09900853775008
13820,67.09900853775008
13821,67.09900853775008
13822,67.09900853775008
13823,52.70476101007596
13824,28.45538770569125
13825,30.885565508375763
13826,39.68935991850989
13827,28.45867923683763
13828,24.647949396731075
13829,31.173304982649878
13830,30.450835927642544
13831,41.49171672423276
13832,28.235493022354394
13833,28.549913210037523
13834,28.45538770569125
13835,28.45538770569125
13836,28.45538770569125
13837,28.45538770569125
13838,28.45538770569125
13839,93.88303673082204
13840,265.3679785033481
13841,183.8822543504989
13842,110.43133068334821
13843,265.29982255046104
13844,191.66845194339098
13845,202.77566287558503
13846,271.23193159645274
13847,170.25224222743526
13848,263.0982610020091
13849,275.54189201532745
13850,265.3679785033481
13851,265.3679785033481
13852,265.3679785033481
13853,265.3679785033481
13854,265.3679785033481
13855,39.534724365606195
13856,34.32860120599669
13857,32.57581875176739
13858,43.619357813617164
13859,34.35675038694288
13860,30.422575915737138
13861,29.437802935006044
13862,52.40322234046835
13863,37.114730363579206
13864,35.33625611779669
13865,34.990921189271134
13866,34.32860120599669
13867,34.32860120599669
13868,34.32860120599669
13869,34.32860120599669
13870,34.32860120599669
13871,51.33653271837524
13872,57.21695151152114
13873,66.69014705814705
13874,51.298709378236616
13875,57.1927859474432
13876,60.13459386332741
13877,80.29308436365123
13878,43.24804551021252
13879,40.84626601922071
13880,56.70945396747268
13881,54.42905081065619
13882,57.21695151152114
13883,57.21695151152114
13884,57.21695151152114
13885,57.21695151152114
13886,57.21695151152114
13887,39.68592846763295
13888,38.45302315908092
13889,39.795116066736696
13890,36.29342050572483
13891,38.42819879120052
13892,48.42172063956033
13893,39.685603684720654
13894,36.15607748820928
13895,58.61827954821088
13896,35.50336526616613
13897,39.727002403617945
13898,38.45302315908092
13899,38.45302315908092
13900,38.45302315908092
13901,38.45302315908092
13902,38.45302315908092
13903,68.32474516621276
13904,54.95626049612305
13905,48.737736087872236
13906,44.59833581108467
13907,55.13982915243241
13908,58.811960569183874
13909,60.8408920425473
13910,50.260527159471174
13911,44.51523917082646
13912,59.248427158308594
13913,51.911487479003725
13914,54.95626049612305
13915,54.95626049612305
13916,54.95626049612305
13917,54.95626049612305
13918,54.95626049612305
13919,36.65424517464908
13920,51.34914138203042
13921,38.40896617907869
13922,63.801792140771084
13923,51.345421367443805
13924,44.996008926144256
13925,40.678404972008806
13926,72.07597880386032
13927,98.4912669693039
13928,56.19214232106628
13929,51.40586455322293
13930,51.34914138203042
13931,51.34914138203042
13932,51.34914138203042
13933,51.34914138203042
13934,51.34914138203042
13935,71.83689495423394
13936,51.915186960491106
13937,90.27215693814102
13938,73.72931944185997
13939,51.90876999935242
13940,55.42589530861837
13941,53.00023564970287
13942,35.66962399695836
13943,33.73974328844524
13944,48.30792746897788
13945,52.168141738222765
13946,51.915186960491106
13947,51.915186960491106
13948,51.915186960491106
13949,51.915186960491106
13950,51.915186960491106
13951,54.9696196541249
13952,45.89952409857014
13953,44.71553651451911
13954,43.02172163654706
13955,45.91465470858733
13956,64.82524038264467
13957,34.17495960403144
13958,47.858034356023126
13959,77.36425131507029
13960,42.60220167828838
13961,46.80358507065407
13962,45.89952409857014
13963,45.89952409857014
13964,45.89952409857014
13965,45.89952409857014
13966,45.89952409857014
13967,72.46462940921926
13968,48.78759184761442
13969,40.29645466712314
13970,49.686864658111304
13971,48.74773189954954
13972,39.774452660003504
13973,72.8457573861627
13974,51.222420663302024
13975,39.6914626075742
13976,51.88611652889899
13977,47.51727001478303
13978,48.78759184761442
13979,48.78759184761442
13980,48.78759184761442
13981,48.78759184761442
13982,48.78759184761442
13983,39.09546393559443
13984,17.545664189576183
13985,18.205069329147126
13986,19.211978855894312
13987,17.531338786653876
13988,26.76423483143767
13989,20.481818324252576
13990,21.030301481906633
13991,25.581520803088978
13992,17.025299136138464
13993,17.671992281192917
13994,17.545664189576183
13995,17.545664189576183
13996,17.545664189576183
13997,17.545664189576183
13998,17.545664189576183
13999,70.77454700606839
14000,144.54385734512692
14001,146.31613760223075
14002,124.93857330222917
14003,144.76223358625302
14004,73.71707326388122
14005,121.94494300148386
14006,136.85104478500676
14007,61.53861453171957
14008,152.68927164909357
14009,141.1551507419122
14010,144.54385734512692
14011,144.54385734512692
14012,144.54385734512692
14013,144.54385734512692
14014,144.54385734512692
14015,29.056699373335736
14016,54.35374829184897
14017,54.21136608161531
14018,74.76550917364911
14019,54.36132741351615
14020,34.78324527376194
14021,53.630376862208784
14022,49.97016003536209
14023,90.92793685640426
14024,56.32083294313465
14025,55.014851828911794
14026,54.35374829184897
14027,54.35374829184897
14028,54.35374829184897
14029,54.35374829184897
14030,54.35374829184897
14031,77.6631385310332
14032,52.998882724220735
14033,83.00542903990628
14034,36.1068013625065
14035,52.96635324129387
14036,98.6258140285642
14037,67.23701414987912
14038,46.31942292501919
14039,33.561544068626596
14040,48.755106993513955
14041,53.989249788259634
14042,52.998882724220735
14043,52.998882724220735
14044,52.998882724220735
14045,52.998882724220735
14046,52.998882724220735
14047,42.633067338711264
14048,52.30888790188466
14049,47.42464614040184
14050,69.16631162765265
14051,52.28925264993655
14052,43.30255508096089
14053,48.67701844080924
14054,56.234560620568956
14055,56.519794137304544
14056,45.71109993191798
14057,52.521300233040634
14058,52.30888790188466
14059,52.30888790188466
14060,52.30888790188466
14061,52.30888790188466
14062,52.30888790188466
14063,45.06021407622148
14064,76.21883235707584
14065,80.91819841062028
14066,55.31513589274985
14067,76.22914447335842
14068,122.62402502695929
14069,78.2039967637302
14070,64.98061564281939
14071,47.78117651805273
14072,91.81142836315354
14073,73.81210666405919
14074,76.21883235707584
14075,76.21883235707584
14076,76.21883235707584
14077,76.21883235707584
14078,76.21883235707584
14079,54.33250755409717
14080,65.96612781958613
14081,75.07227049164679
14082,94.38078956910982
14083,65.9954041889638
14084,54.997051984504786
14085,66.05560347150973
14086,82.0685757452514
14087,40.485633259890975
14088,65.6742953123326
14089,64.17274949840548
14090,65.96612781958613
14091,65.96612781958613
14092,65.96612781958613
14093,65.96612781958613
14094,65.96612781958613
14095,62.288991084886106
14096,40.84161647229812
14097,33.23661143733775
14098,34.08412374025168
14099,40.782138905915595
14100,40.20135117944449
14101,50.15419270260397
14102,32.780391919637594
14103,82.59314671548726
14104,42.39706866573693
14105,41.30183909742073
14106,40.84161647229812
14107,40.84161647229812
14108,40.84161647229812
14109,40.84161647229812
14110,40.84161647229812
14111,48.91910790579726
14112,54.50415275647326
14113,52.79799313250994
14114,75.04661655612348
14115,54.52187123338107
14116,69.74231126868597
14117,48.94301868461573
14118,61.22250400072476
14119,36.69984855217752
14120,54.12101622064518
14121,54.93181558762609
14122,54.50415275647326
14123,54.50415275647326
14124,54.50415275647326
14125,54.50415275647326
14126,54.50415275647326
14127,55.573910367975344
14128,45.22893598951143
14129,75.04706104634143
14130,32.419819840657084
14131,45.21673429783986
14132,49.251188681710914
14133,45.18344883131665
14134,41.18063364601061
14135,51.62719668869709
14136,44.988608963939186
14137,45.46895878476062
14138,45.22893598951143
14139,45.22893598951143
14140,45.22893598951143
14141,45.22893598951143
14142,45.22893598951143
14143,42.308877683602304
14144,26.248113282283356
14145,31.124910640689453
14146,26.068944462272473
14147,26.246126576305482
14148,28.096800371771923
14149,28.630462234984776
14150,33.82042882623866
14151,25.179320048049178
14152,28.82426207143203
14153,26.35473923178449
14154,26.248113282283356
14155,26.248113282283356
14156,26.248113282283356
14157,26.248113282283356
14158,26.248113282283356
14159,49.59515739805843
14160,203.88645439177412
14161,128.89674008793432
14162,75.96005537914942
14163,203.95642442919174
14164,261.0752256803527
14165,127.12178446541675
14166,185.79516426403677
14167,287.36200259537884
14168,188.38569309783017
14169,207.5839969839712
14170,203.88645439177412
14171,203.88645439177412
14172,203.88645439177412
14173,203.88645439177412
14174,203.88645439177412
14175,67.83963805407042
14176,64.95967281281482
14177,51.20738094230178
14178,66.20576686241205
14179,64.73369355185717
14180,65.82659137271486
14181,46.69325137285857
14182,73.61330665159862
14183,39.78355872430275
14184,57.52061614843905
14185,62.317507744508106
14186,64.95967281281482
14187,64.95967281281482
14188,64.95967281281482
14189,64.95967281281482
14190,64.95967281281482
14191,27.623392449776794
14192,32.98942906074808
14193,34.00673072725725
14194,54.86482676694589
14195,33.02414070892539
14196,27.930927059876414
14197,46.10847422046893
14198,29.64575535913279
14199,45.74077654990936
14200,35.91609461118469
14201,33.44176340890871
14202,32.98942906074808
14203,32.98942906074808
14204,32.98942906074808
14205,32.98942906074808
14206,32.98942906074808
14207,171.23219271356277
14208,48.42404323235527
14209,47.52248669439168
14210,48.016343174320184
14211,48.40146343943165
14212,35.274294615216
14213,49.40723032816749
14214,57.35505316821679
14215,40.83236883413183
14216,46.919297359934156
14217,49.226180158001654
14218,48.42404323235527
14219,48.42404323235527
14220,48.42404323235527
14221,48.42404323235527
14222,48.42404323235527
14223,35.321848028589066
14224,67.93165265605167
14225,54.308437858488375
14226,52.04171664254199
14227,68.1215790746093
14228,89.97621951182683
14229,72.48030514967284
14230,51.5736971778723
14231,117.3444992380889
14232,72.65606417873796
14233,68.39402303471354
14234,67.93165265605167
14235,67.93165265605167
14236,67.93165265605167
14237,67.93165265605167
14238,67.93165265605167
14239,76.53577858210161
14240,102.5625769457395
14241,108.00380470897909
14242,104.95669167272911
14243,102.60050761529352
14244,47.969128639264014
14245,87.30526477973869
14246,93.65110741107732
14247,63.61177427088988
14248,99.4656274246962
14249,95.75804619069454
14250,102.5625769457395
14251,102.5625769457395
14252,102.5625769457395
14253,102.5625769457395
14254,102.5625769457395
14255,25.334280948643904
14256,25.466028818996016
14257,26.046151045571783
14258,33.386346210335795
14259,25.46407589510629
14260,33.882492775491926
14261,26.163619169965408
14262,29.333408720333924
14263,36.61253023098939
14264,25.75790685351167
14265,26.15823509171454
14266,25.466028818996016
14267,25.466028818996016
14268,25.466028818996016
14269,25.466028818996016
14270,25.466028818996016
14271,107.9596637355746
14272,50.578694140473345
14273,53.5310658491187
14274,75.82827262991722
14275,50.578039389195226
14276,87.25016368067357
14277,35.453070013932525
14278,61.14660115374855
14279,31.063599184037308
14280,45.75635036449552
14281,48.42168447348778
14282,50.578694140473345
14283,50.578694140473345
14284,50.578694140473345
14285,50.578694140473345
14286,50.578694140473345
14287,46.51783297095392
14288,43.964332064991034
14289,43.739376668476794
14290,39.84582234269671
14291,43.95891207573525
14292,27.792623881791783
14293,60.553203443371586
14294,32.41048545219046
14295,82.98547109504003
14296,50.32237314922639
14297,45.29042863765405
14298,43.964332064991034
14299,43.964332064991034
14300,43.964332064991034
14301,43.964332064991034
14302,43.964332064991034
14303,51.96893375345997
14304,44.38225320814169
14305,50.30729998353477
14306,59.25300008117862
14307,44.392712410794566
14308,65.87952319493351
14309,58.38473762630234
14310,39.65130786317785
14311,29.392659005062306
14312,45.390920971864425
14313,45.12306191432838
14314,44.38225320814169
14315,44.38225320814169
14316,44.38225320814169
14317,44.38225320814169
14318,44.38225320814169
14319,111.02371616212436
14320,71.04533366728698
14321,64.79187902477312
14322,35.93087407806888
14323,71.03157134846381
14324,57.83096679626127
14325,53.72470082955535
14326,81.7403179253062
14327,110.20657970172181
14328,67.54348468729076
14329,70.53420714071264
14330,71.04533366728698
14331,71.04533366728698
14332,71.04533366728698
14333,71.04533366728698
14334,71.04533366728698
14335,37.91430569055996
14336,42.992377228216355
14337,51.273621914819515
14338,48.267959702456665
14339,42.9993519581971
14340,35.32230364425507
14341,51.94296292542079
14342,32.034207072302735
14343,48.53843329443413
14344,39.3674303139418
14345,42.11286754870086
14346,42.992377228216355
14347,42.992377228216355
14348,42.992377228216355
14349,42.992377228216355
14350,42.992377228216355
14351,56.18583090065004
14352,43.53581926413605
14353,34.92744250958855
14354,33.47508826850826
14355,43.52096821676513
14356,44.17568943554427
14357,37.52993170032647
14358,51.893138796846245
14359,54.17722276263858
14360,49.282727609375605
14361,43.91365377883239
14362,43.53581926413605
14363,43.53581926413605
14364,43.53581926413605
14365,43.53581926413605
14366,43.53581926413605
14367,43.17931787008354
14368,30.575583087026708
14369,29.989723068190127
14370,47.19865804345381
14371,30.58302604867853
14372,35.45141933600406
14373,22.65284680995068
14374,31.28515602343467
14375,31.194614910884674
14376,32.503631162801646
14377,30.9110323826617
14378,30.575583087026708
14379,30.575583087026708
14380,30.575583087026708
14381,30.575583087026708
14382,30.575583087026708
14383,38.169337508911866
14384,70.63083281437119
14385,81.95399546494684
14386,54.03422187231847
14387,70.60800133742285
14388,68.36066357093962
14389,91.94744196433705
14390,58.431595346238105
14391,60.000461353817464
14392,63.43821990646993
14393,71.21933459220526
14394,70.63083281437119
14395,70.63083281437119
14396,70.63083281437119
14397,70.63083281437119
14398,70.63083281437119
14399,43.34120504814278
14400,59.70397698056159
14401,63.51732407291853
14402,64.74192368370896
14403,59.69068021351306
14404,57.26896037315236
14405,55.33253212142722
14406,48.92296026760102
14407,66.0643789194531
14408,60.88739976552104
14409,59.4607550410006
14410,59.70397698056159
14411,59.70397698056159
14412,59.70397698056159
14413,59.70397698056159
14414,59.70397698056159
14415,57.67916124853797
14416,95.04978861139001
14417,66.37370654625654
14418,75.76445320917553
14419,95.29848847645005
14420,121.11415299336116
14421,104.31446583843932
14422,117.17415809477829
14423,104.07943542239676
14424,95.24327433053814
14425,96.34103563305207
14426,95.04978861139001
14427,95.04978861139001
14428,95.04978861139001
14429,95.04978861139001
14430,95.04978861139001
14431,105.95637393803325
14432,103.92628583254115
14433,61.93515717886644
14434,77.77081099359215
14435,104.07263811082365
14436,107.30558561704859
14437,111.47488164712509
14438,119.88101742608323
14439,58.50244611960865
14440,101.1778750025367
14441,98.58129791309325
14442,103.92628583254115
14443,103.92628583254115
14444,103.92628583254115
14445,103.92628583254115
14446,103.92628583254115
14447,47.461138850296344
14448,35.74333023694702
14449,40.726270111250976
14450,36.90500744209433
14451,35.73171927605512
14452,30.387091932708874
14453,38.879682652274234
14454,33.402327786078956
14455,35.81547955742021
14456,35.62859197571215
14457,36.41951134250116
14458,35.74333023694702
14459,35.74333023694702
14460,35.74333023694702
14461,35.74333023694702
14462,35.74333023694702
14463,37.64043653085615
14464,41.05154360156145
14465,40.71691091925763
14466,44.442455153536294
14467,41.054711840806846
14468,66.6429378340961
14469,33.577063141028304
14470,32.396342586420246
14471,44.875510121066256
14472,45.995909034222244
14473,41.52668193450872
14474,41.05154360156145
14475,41.05154360156145
14476,41.05154360156145
14477,41.05154360156145
14478,41.05154360156145
14479,57.52332676997861
14480,79.2202772166334
14481,55.869937825397685
14482,166.52283113250792
14483,79.22004515913957
14484,44.92351577001144
14485,194.87959390480736
14486,99.44325582921603
14487,70.55086008788547
14488,66.59980697911529
14489,79.6396418417037
14490,79.2202772166334
14491,79.2202772166334
14492,79.2202772166334
14493,79.2202772166334
14494,79.2202772166334
14495,110.3210934280378
14496,64.61362493529604
14497,81.59322498387226
14498,57.58210170740976
14499,64.48969108573446
14500,72.31197733808054
14501,82.46579447041559
14502,52.800013489784135
14503,48.19662443764224
14504,62.71839915351207
14505,60.416517871973824
14506,64.61362493529604
14507,64.61362493529604
14508,64.61362493529604
14509,64.61362493529604
14510,64.61362493529604
14511,49.54785174958546
14512,67.9132109575126
14513,67.04914388723158
14514,58.76793600702937
14515,67.98116502036967
14516,41.249301492297406
14517,50.638687289681144
14518,70.06545079347796
14519,69.20903224471675
14520,68.7812193162142
14521,70.7502616581778
14522,67.9132109575126
14523,67.9132109575126
14524,67.9132109575126
14525,67.9132109575126
14526,67.9132109575126
14527,31.402681787625728
14528,71.90098347566799
14529,72.03396777934785
14530,88.08791361402373
14531,71.93770093730382
14532,53.65306201614765
14533,65.624736947874
14534,63.2010721855059
14535,82.34973092910745
14536,76.01308243216091
14537,68.58041348554798
14538,71.90098347566799
14539,71.90098347566799
14540,71.90098347566799
14541,71.90098347566799
14542,71.90098347566799
14543,58.08373030766365
14544,24.79260781977494
14545,27.359228292702888
14546,21.45102781110434
14547,24.77175035542881
14548,32.58424345355371
14549,23.483379737820957
14550,34.62329049287583
14551,28.62882342082712
14552,23.478457556011648
14553,25.30106250099629
14554,24.79260781977494
14555,24.79260781977494
14556,24.79260781977494
14557,24.79260781977494
14558,24.79260781977494
14559,44.20051804841142
14560,43.47683425606317
14561,40.470493722147516
14562,77.15228726601894
14563,43.507774650702494
14564,34.408031674538236
14565,41.475933028193566
14566,41.59979959903468
14567,50.52362336905075
14568,44.20035924529303
14569,44.66821860538512
14570,43.47683425606317
14571,43.47683425606317
14572,43.47683425606317
14573,43.47683425606317
14574,43.47683425606317
14575,52.8060792543522
14576,43.9952554085041
14577,45.003824277680785
14578,30.059484284317325
14579,43.96577108541145
14580,94.44912978650532
14581,56.28526314140798
14582,51.73461797785007
14583,36.96068879183223
14584,41.8850057681766
14585,44.03856716365778
14586,43.9952554085041
14587,43.9952554085041
14588,43.9952554085041
14589,43.9952554085041
14590,43.9952554085041
14591,64.39131126225634
14592,22.6955719062039
14593,23.27758249788967
14594,27.649181848378912
14595,22.700392423540904
14596,21.28984908276346
14597,21.333899851637717
14598,22.349449648640782
14599,28.985676725423495
14600,24.426713652019924
14601,22.53049781636909
14602,22.6955719062039
14603,22.6955719062039
14604,22.6955719062039
14605,22.6955719062039
14606,22.6955719062039
14607,34.70061337779869
14608,230.05208989065906
14609,169.4182155571211
14610,83.69379529371189
14611,229.67671103027064
14612,176.53321474405794
14613,216.57454187494062
14614,230.61330390333487
14615,215.72205075683937
14616,214.21149020931256
14617,233.47015520053793
14618,230.05208989065906
14619,230.05208989065906
14620,230.05208989065906
14621,230.05208989065906
14622,230.05208989065906
14623,44.70169597777442
14624,57.7529731166172
14625,54.47906514698818
14626,87.42512962946299
14627,57.758275177370486
14628,53.408571910296644
14629,53.877896257497824
14630,49.74280934751648
14631,54.172606649257624
14632,54.572810783048645
14633,59.74944731364615
14634,57.7529731166172
14635,57.7529731166172
14636,57.7529731166172
14637,57.7529731166172
14638,57.7529731166172
14639,48.51979645796954
14640,30.275679425496307
14641,41.667874300548085
14642,28.271853928095187
14643,30.276091665316855
14644,33.48006608938549
14645,33.38278350932582
14646,33.43119037595522
14647,30.270412019120826
14648,32.470367773609325
14649,29.30121141293447
14650,30.275679425496307
14651,30.275679425496307
14652,30.275679425496307
14653,30.275679425496307
14654,30.275679425496307
14655,51.22847020843905
14656,22.932767501175956
14657,25.83299986290667
14658,23.413141156929665
14659,22.937847548349644
14660,30.550954707186477
14661,26.939145907391737
14662,23.027031837009016
14663,20.764937797266025
14664,23.05445736192308
14665,23.4381208753349
14666,22.932767501175956
14667,22.932767501175956
14668,22.932767501175956
14669,22.932767501175956
14670,22.932767501175956
14671,40.7654603275535
14672,133.1862063939555
14673,100.58656600795427
14674,187.78451276883393
14675,132.94082740425395
14676,146.25508778525378
14677,123.17315922028465
14678,133.121449294324
14679,166.6670720803024
14680,130.85162020222955
14681,122.33160659827749
14682,133.1862063939555
14683,133.1862063939555
14684,133.1862063939555
14685,133.1862063939555
14686,133.1862063939555
14687,153.07057063022071
14688,38.0420987195218
14689,32.52252970593543
14690,37.61423717415929
14691,37.998763265920736
14692,34.731904611538894
14693,28.70229909702247
14694,32.729271835526106
14695,37.88217370075346
14696,38.29251597492365
14697,38.38586639163426
14698,38.0420987195218
14699,38.0420987195218
14700,38.0420987195218
14701,38.0420987195218
14702,38.0420987195218
14703,20.18915102997168
14704,107.39545438544278
14705,135.66544778094564
14706,76.0592761703533
14707,107.59836063581866
14708,126.34882900405591
14709,158.7593627548641
14710,114.85517343925687
14711,78.62281206297503
14712,110.63957991433153
14713,110.37868102069741
14714,107.39545438544278
14715,107.39545438544278
14716,107.39545438544278
14717,107.39545438544278
14718,107.39545438544278
14719,129.36457712102322
14720,59.79622854627159
14721,57.13966323351675
14722,62.394663719718075
14723,59.71889841762418
14724,41.50303213851288
14725,51.27845632496016
14726,61.52085646407647
14727,53.733271584300866
14728,55.25472016251683
14729,60.318138454732065
14730,59.79622854627159
14731,59.79622854627159
14732,59.79622854627159
14733,59.79622854627159
14734,59.79622854627159
14735,31.49839200211528
14736,43.73250601132293
14737,40.7045995862952
14738,115.90366405437332
14739,43.888851493815814
14740,93.31804021160508
14741,44.289404537553935
14742,45.06980203712474
14743,59.665957254943635
14744,46.55441429490643
14745,42.18110514900752
14746,43.73250601132293
14747,43.73250601132293
14748,43.73250601132293
14749,43.73250601132293
14750,43.73250601132293
14751,279.9080018360001
14752,35.45827821246392
14753,35.133937846847786
14754,35.271946455972795
14755,35.46687239969797
14756,23.842600791394943
14757,36.316414114937906
14758,24.313987929063476
14759,32.000568647271145
14760,40.254634600307014
14761,36.07890224445086
14762,35.45827821246392
14763,35.45827821246392
14764,35.45827821246392
14765,35.45827821246392
14766,35.45827821246392
14767,17.1637228032782
14768,115.08512319499303
14769,136.9827517911282
14770,49.42244932483474
14771,115.03239690712384
14772,138.00908681455527
14773,149.77349250718794
14774,144.3807236829907
14775,82.37541195974056
14776,98.05914396486402
14777,116.046263850993
14778,115.08512319499303
14779,115.08512319499303
14780,115.08512319499303
14781,115.08512319499303
14782,115.08512319499303
14783,72.71206951424156
14784,27.907113084705042
14785,28.273770080124972
14786,33.20103928688076
14787,27.909070965631518
14788,31.885598330953428
14789,24.073201461120508
14790,28.58298450168769
14791,35.175327438574115
14792,29.0038426855768
14793,28.01900757678741
14794,27.907113084705042
14795,27.907113084705042
14796,27.907113084705042
14797,27.907113084705042
14798,27.907113084705042
14799,44.80041558104168
14800,109.47401292304401
14801,113.2111835518828
14802,60.54786745797467
14803,109.35148850533993
14804,62.055109076969785
14805,180.79279292941888
14806,112.58052250845671
14807,121.74688395771331
14808,100.65683667169759
14809,109.63821768851477
14810,109.47401292304401
14811,109.47401292304401
14812,109.47401292304401
14813,109.47401292304401
14814,109.47401292304401
14815,52.79810907677551
14816,38.7980927639369
14817,40.96340881028347
14818,56.37067870749613
14819,38.857843796573725
14820,68.30401635322481
14821,42.23621686344734
14822,27.15292943579256
14823,35.19417506186605
14824,40.3336050655614
14825,39.26624144588165
14826,38.7980927639369
14827,38.7980927639369
14828,38.7980927639369
14829,38.7980927639369
14830,38.7980927639369
14831,107.588787367872
14832,65.10539700015423
14833,63.08164980725479
14834,52.378697166784725
14835,65.01581876638498
14836,44.63258969351661
14837,49.51190651983465
14838,90.39628269708842
14839,64.75518131553049
14840,63.393511831388864
14841,63.692092476357615
14842,65.10539700015423
14843,65.10539700015423
14844,65.10539700015423
14845,65.10539700015423
14846,65.10539700015423
14847,41.26432505201241
14848,25.548551549810785
14849,25.552874403607714
14850,31.08553073045019
14851,25.53395328261023
14852,17.06547249035123
14853,34.45775010620397
14854,36.48693084714123
14855,33.81879738778433
14856,27.42008422585314
14857,25.31754616201425
14858,25.548551549810785
14859,25.548551549810785
14860,25.548551549810785
14861,25.548551549810785
14862,25.548551549810785
14863,57.59310445465639
14864,97.09181596822548
14865,94.03952405315452
14866,51.08616954684201
14867,97.49451511841029
14868,122.45686183795885
14869,71.16990396675365
14870,66.73255802144094
14871,60.4960176413582
14872,86.87783411404317
14873,99.20233251624207
14874,97.09181596822548
14875,97.09181596822548
14876,97.09181596822548
14877,97.09181596822548
14878,97.09181596822548
14879,23.04624114084971
14880,55.13684564993269
14881,60.958525117566744
14882,87.2374590420421
14883,55.123360492908155
14884,36.7865789390101
14885,45.97386649704464
14886,55.54860826086814
14887,127.35406104476807
14888,52.40866786400295
14889,53.24772116748387
14890,55.13684564993269
14891,55.13684564993269
14892,55.13684564993269
14893,55.13684564993269
14894,55.13684564993269
14895,115.4526254909056
14896,36.34353820815242
14897,36.92909818908316
14898,31.405650582476397
14899,36.346857084705434
14900,65.06841866485233
14901,40.02573550753732
14902,35.95400846856923
14903,24.214121734391973
14904,39.38707356042759
14905,37.08466779939847
14906,36.34353820815242
14907,36.34353820815242
14908,36.34353820815242
14909,36.34353820815242
14910,36.34353820815242
14911,41.71260748330734
14912,23.488913085340236
14913,23.286222515415574
14914,24.116052437565823
14915,23.492102245430445
14916,37.69818181789922
14917,24.108955933520882
14918,32.6500109920304
14919,31.79230263755816
14920,23.54262606591863
14921,23.004770673362184
14922,23.488913085340236
14923,23.488913085340236
14924,23.488913085340236
14925,23.488913085340236
14926,23.488913085340236
14927,72.59760989917628
14928,189.25732408508253
14929,280.18340556071945
14930,338.1851389783948
14931,189.07084987207023
14932,117.38615168295526
14933,138.40120093309488
14934,152.80686365844286
14935,84.68411328743143
14936,185.68755987830394
14937,191.3837562209679
14938,189.25732408508253
14939,189.25732408508253
14940,189.25732408508253
14941,189.25732408508253
14942,189.25732408508253
14943,116.1652419966703
14944,50.137081551592814
14945,40.41669565420018
14946,49.333629163138994
14947,50.208630063433425
14948,58.221417547539076
14949,55.04956587011049
14950,50.09878187256249
14951,68.75145319815691
14952,49.909646707492854
14953,50.344876100143395
14954,50.137081551592814
14955,50.137081551592814
14956,50.137081551592814
14957,50.137081551592814
14958,50.137081551592814
14959,64.77614134411014
14960,78.3344968341629
14961,79.62674482163712
14962,47.34694209662962
14963,78.22826314765294
14964,47.69782848665548
14965,82.66693802637458
14966,78.48477692125158
14967,58.38271240335995
14968,80.73479006913146
14969,80.11639941680903
14970,78.3344968341629
14971,78.3344968341629
14972,78.3344968341629
14973,78.3344968341629
14974,78.3344968341629
14975,27.73900259652315
14976,50.39036392432805
14977,60.191904127040154
14978,52.30687335543451
14979,50.39197351655525
14980,49.38603573317268
14981,45.35860553655836
14982,56.38344525170265
14983,62.88229267265282
14984,42.665926112047636
14985,48.49579669099787
14986,50.39036392432805
14987,50.39036392432805
14988,50.39036392432805
14989,50.39036392432805
14990,50.39036392432805
14991,62.676686748320584
14992,68.9295409445708
14993,43.69077800487225
14994,105.0130999222562
14995,68.86700695458487
14996,87.62729597733927
14997,103.28609213125284
14998,61.14652491660533
14999,35.22598831148688
15000,82.20220421121087
15001,70.77590775305906
15002,68.9295409445708
15003,68.9295409445708
15004,68.9295409445708
15005,68.9295409445708
15006,68.9295409445708
15007,48.25142169365096
15008,47.93626470573463
15009,45.23771577658353
15010,47.319582937157335
15011,47.938354156517946
15012,44.64363586313848
15013,57.764046219006836
15014,49.192454825361025
15015,63.18876029827636
15016,50.24361198159593
15017,49.299079803734195
15018,47.93626470573463
15019,47.93626470573463
15020,47.93626470573463
15021,47.93626470573463
15022,47.93626470573463
15023,71.55630033601088
15024,55.995897503578554
15025,76.26942001171645
15026,45.692095549174404
15027,55.98992553213925
15028,38.136629831124
15029,37.045314082236864
15030,57.91514202377199
15031,45.42545132861531
15032,53.80019453175732
15033,55.73450183308704
15034,55.995897503578554
15035,55.995897503578554
15036,55.995897503578554
15037,55.995897503578554
15038,55.995897503578554
15039,22.30785118145117
15040,36.70251173260561
15041,39.44764867048355
15042,47.24321016352356
15043,36.703285476191915
15044,33.603985338865535
15045,36.75617393268245
15046,41.41028402710307
15047,45.04024659502367
15048,35.27519198047676
15049,37.199056327972464
15050,36.70251173260561
15051,36.70251173260561
15052,36.70251173260561
15053,36.70251173260561
15054,36.70251173260561
15055,74.82480911352863
15056,81.52634170453332
15057,78.56208899109883
15058,48.15421892986218
15059,81.4829436444079
15060,89.91262694073734
15061,74.31658785521451
15062,72.22739208642687
15063,53.56070845673098
15064,84.31834984281679
15065,81.4507463897766
15066,81.52634170453332
15067,81.52634170453332
15068,81.52634170453332
15069,81.52634170453332
15070,81.52634170453332
15071,31.685894209548497
15072,27.695543307167238
15073,24.71796123349256
15074,38.086987009787855
15075,27.671372435439626
15076,39.41565500888974
15077,30.642817247130495
15078,28.49642284606159
15079,50.604770622469054
15080,26.897977048811942
15081,26.584678459348215
15082,27.695543307167238
15083,27.695543307167238
15084,27.695543307167238
15085,27.695543307167238
15086,27.695543307167238
15087,94.22231356202364
15088,62.49404776201519
15089,116.0388333474212
15090,53.817462375499204
15091,62.54578937353167
15092,74.47328864997344
15093,62.49424184151991
15094,64.48057095343239
15095,44.22628780683841
15096,68.20415584543953
15097,65.10555611570088
15098,62.49404776201519
15099,62.49404776201519
15100,62.49404776201519
15101,62.49404776201519
15102,62.49404776201519
15103,70.99272520340132
15104,47.56862532512782
15105,47.27983147464386
15106,54.993297511917206
15107,47.571214017566845
15108,55.916268974471535
15109,46.98988338772329
15110,47.62161116328814
15111,35.581915943424534
15112,43.662279638996914
15113,48.535423034480615
15114,47.56862532512782
15115,47.56862532512782
15116,47.56862532512782
15117,47.56862532512782
15118,47.56862532512782
15119,43.17614213485176
15120,64.19974074337141
15121,63.316860530961875
15122,49.80599485250707
15123,64.21242985404324
15124,40.11349640002958
15125,54.97920816784032
15126,50.1119455208851
15127,82.04224475116035
15128,74.74571015825931
15129,59.648300254278794
15130,64.19974074337141
15131,64.19974074337141
15132,64.19974074337141
15133,64.19974074337141
15134,64.19974074337141
15135,28.564383447633777
15136,37.154310565403456
15137,38.27710129290516
15138,60.16052720710648
15139,37.11187412766245
15140,60.045728013089814
15141,43.34570314295415
15142,45.39166829406535
15143,28.18474228693785
15144,39.880156737526576
15145,37.41055187644879
15146,37.154310565403456
15147,37.154310565403456
15148,37.154310565403456
15149,37.154310565403456
15150,37.154310565403456
15151,143.03822781314705
15152,65.87035556298568
15153,67.98129753152483
15154,43.63794519191872
15155,65.95988584462972
15156,42.759870771253205
15157,66.70209362434552
15158,50.98238663048174
15159,137.39119232853378
15160,58.988828853686016
15161,67.89949284690596
15162,65.87035556298568
15163,65.87035556298568
15164,65.87035556298568
15165,65.87035556298568
15166,65.87035556298568
15167,36.45559442021798
15168,61.996141241513094
15169,63.28567340131611
15170,65.9836346329871
15171,62.014428119012926
15172,46.805970917969425
15173,81.82360817121246
15174,71.01211729944485
15175,32.546624862689605
15176,62.93614262021747
15177,61.3163433259217
15178,61.996141241513094
15179,61.996141241513094
15180,61.996141241513094
15181,61.996141241513094
15182,61.996141241513094
15183,42.12403330092995
15184,36.683743458201334
15185,33.45261358715716
15186,62.46443303963647
15187,36.62395719294501
15188,80.09571346459384
15189,27.751585628167003
15190,33.487975229835115
15191,58.877673703409464
15192,36.555403808208126
15193,37.49256422250181
15194,36.683743458201334
15195,36.683743458201334
15196,36.683743458201334
15197,36.683743458201334
15198,36.683743458201334
15199,137.06500756739442
15200,81.61485286761598
15201,84.15544754512561
15202,61.02359194315092
15203,81.67873191084696
15204,60.197112180742785
15205,50.638398786386176
15206,105.3916952933259
15207,51.54347107714797
15208,78.17184647722904
15209,85.46738488011366
15210,81.61485286761598
15211,81.61485286761598
15212,81.61485286761598
15213,81.61485286761598
15214,81.61485286761598
15215,35.3788793228022
15216,39.694143480831286
15217,37.08219093733828
15218,36.38376627194881
15219,39.68718050399638
15220,56.42142231744029
15221,44.69677855865364
15222,33.10664307296649
15223,62.51495632739071
15224,39.48077955895743
15225,38.37315718331546
15226,39.694143480831286
15227,39.694143480831286
15228,39.694143480831286
15229,39.694143480831286
15230,39.694143480831286
15231,69.77404586004162
15232,50.62418121461148
15233,54.46693783527384
15234,56.493122871913336
15235,50.62232785543293
15236,62.57657732728002
15237,52.46247532873734
15238,43.181527743398526
15239,29.937496561679936
15240,52.74192861727053
15241,50.81976564076988
15242,50.62418121461148
15243,50.62418121461148
15244,50.62418121461148
15245,50.62418121461148
15246,50.62418121461148
15247,39.45386710414238
15248,159.05808229856865
15249,66.52688014369748
15250,119.66715017599677
15251,159.2623924865526
15252,152.84876735117183
15253,114.54638975976579
15254,163.1388345598099
15255,255.69727040119415
15256,151.2982731501453
15257,158.28697752837596
15258,159.05808229856865
15259,159.05808229856865
15260,159.05808229856865
15261,159.05808229856865
15262,159.05808229856865
15263,71.62556947573934
15264,40.0137276801476
15265,36.94558549320566
15266,36.73598828812549
15267,40.028651204768536
15268,30.68547312813866
15269,41.89627363083026
15270,48.92778427028004
15271,30.873386708471326
15272,35.62674674771728
15273,40.91580240567224
15274,40.0137276801476
15275,40.0137276801476
15276,40.0137276801476
15277,40.0137276801476
15278,40.0137276801476
15279,25.17003811563581
15280,50.25683863896676
15281,59.672698230510846
15282,52.024939949407816
15283,50.24694362329621
15284,47.74015491712915
15285,50.62355959927636
15286,38.61289129103459
15287,69.88149511480589
15288,55.1235722796756
15289,49.26962984912956
15290,50.25683863896676
15291,50.25683863896676
15292,50.25683863896676
15293,50.25683863896676
15294,50.25683863896676
15295,80.05318819734833
15296,67.21816228479412
15297,108.21805618906942
15298,78.63460194938607
15299,67.1883980598385
15300,64.08562683563964
15301,59.12356823599239
15302,64.58811902987189
15303,55.68865299601556
15304,65.65762019030636
15305,68.38179353457815
15306,67.21816228479412
15307,67.21816228479412
15308,67.21816228479412
15309,67.21816228479412
15310,67.21816228479412
15311,81.68178064781195
15312,28.54318686323314
15313,26.296941903468184
15314,24.230421379032098
15315,28.576067198631932
15316,22.410550895724562
15317,38.0535036005311
15318,36.127088328792674
15319,33.9162288818232
15320,29.88356832983012
15321,27.59844656742268
15322,28.54318686323314
15323,28.54318686323314
15324,28.54318686323314
15325,28.54318686323314
15326,28.54318686323314
15327,33.90859034804711
15328,62.37623972364029
15329,57.183455947636205
15330,119.49953819928797
15331,62.405564316339074
15332,62.17270475927323
15333,93.5238643091758
15334,80.99328572260879
15335,45.489395184221635
15336,58.651872081417174
15337,63.812898966826104
15338,62.37623972364029
15339,62.37623972364029
15340,62.37623972364029
15341,62.37623972364029
15342,62.37623972364029
15343,113.1047043962907
15344,47.90070460721504
15345,51.89256460857186
15346,33.54969113872764
15347,47.878808762136565
15348,57.703754904809216
15349,30.501041371417756
15350,40.61252710416751
15351,96.71451631871744
15352,50.3624106634573
15353,47.94097147709166
15354,47.90070460721504
15355,47.90070460721504
15356,47.90070460721504
15357,47.90070460721504
15358,47.90070460721504
15359,40.0308383878499
15360,47.75702399614107
15361,48.50944498797327
15362,47.814767799589134
15363,47.757439236274635
15364,34.23562196168247
15365,52.36441572460681
15366,45.995246089820796
15367,56.13471435892526
15368,46.78895006110766
15369,48.27144716242987
15370,47.75702399614107
15371,47.75702399614107
15372,47.75702399614107
15373,47.75702399614107
15374,47.75702399614107
15375,42.25630321809556
15376,88.9939504011034
15377,68.17760998459477
15378,45.47233004232556
15379,89.03865350926111
15380,208.05613064828853
15381,75.21931198967675
15382,105.24950813183266
15383,62.54397187433714
15384,89.34666092247527
15385,87.21125982198738
15386,88.9939504011034
15387,88.9939504011034
15388,88.9939504011034
15389,88.9939504011034
15390,88.9939504011034
15391,73.09244704979879
15392,36.893926834069674
15393,43.55486010115505
15394,37.25227781142839
15395,36.84764642402654
15396,25.41766446135869
15397,34.42963935288269
15398,49.29362395227912
15399,32.77197954336202
15400,37.7398813129556
15401,35.80272952904106
15402,36.893926834069674
15403,36.893926834069674
15404,36.893926834069674
15405,36.893926834069674
15406,36.893926834069674
15407,33.268673179595474
15408,59.37040358653201
15409,59.42575356363052
15410,75.21378307505903
15411,59.419280748111696
15412,73.18502182597902
15413,52.386638484496096
15414,50.73144513119439
15415,55.38919616010553
15416,59.257908259137196
15417,61.59847231423665
15418,59.37040358653201
15419,59.37040358653201
15420,59.37040358653201
15421,59.37040358653201
15422,59.37040358653201
15423,64.5764583113111
15424,50.14202593214262
15425,50.39432307607351
15426,82.85447844278191
15427,50.16683666937339
15428,60.00065455879569
15429,39.32866519910686
15430,44.47204797187116
15431,50.30892067326498
15432,54.783564150073424
15433,48.816151708663526
15434,50.14202593214262
15435,50.14202593214262
15436,50.14202593214262
15437,50.14202593214262
15438,50.14202593214262
15439,66.03755349855393
15440,56.593196541252276
15441,67.84473934834377
15442,47.5437329254428
15443,56.51747565818388
15444,37.53731855384259
15445,78.09114176379283
15446,63.74711876209305
15447,85.08113691382833
15448,49.127963697114474
15449,60.31344131782663
15450,56.593196541252276
15451,56.593196541252276
15452,56.593196541252276
15453,56.593196541252276
15454,56.593196541252276
15455,69.08012019854591
15456,23.380880946992654
15457,21.188544673713533
15458,30.011855747094007
15459,23.386710625884312
15460,38.93532159238304
15461,34.790409406443665
15462,27.16096754429957
15463,23.889998821497468
15464,21.724043483756382
15465,23.158352556383548
15466,23.380880946992654
15467,23.380880946992654
15468,23.380880946992654
15469,23.380880946992654
15470,23.380880946992654
15471,74.00321887186617
15472,164.61931507792792
15473,153.098475755383
15474,83.36410149865783
15475,164.51233588099362
15476,108.37323684840156
15477,115.28585375020681
15478,134.76680757002808
15479,132.89987741508003
15480,181.5520609948022
15481,161.23681666951018
15482,164.61931507792792
15483,164.61931507792792
15484,164.61931507792792
15485,164.61931507792792
15486,164.61931507792792
15487,33.50609795279393
15488,35.872419609023304
15489,44.749730213693404
15490,65.98947660016962
15491,35.86799567664052
15492,33.67208825704251
15493,40.434944158106276
15494,41.60962015265187
15495,36.92703455244243
15496,36.42413079524014
15497,35.36161207211032
15498,35.872419609023304
15499,35.872419609023304
15500,35.872419609023304
15501,35.872419609023304
15502,35.872419609023304
15503,202.72863464623387
15504,55.583681218550126
15505,40.63060638977188
15506,46.54328672645601
15507,55.63938356230212
15508,39.97531112791629
15509,60.50817523043174
15510,51.18240171161851
15511,99.19237156546644
15512,52.39344906682467
15513,58.912920651314636
15514,55.583681218550126
15515,55.583681218550126
15516,55.583681218550126
15517,55.583681218550126
15518,55.583681218550126
15519,38.37815610935817
15520,44.52872607524127
15521,40.85846507321753
15522,53.95083657309156
15523,44.55437777823901
15524,39.942500726260214
15525,47.762583354836366
15526,58.77964284795178
15527,41.954491305623165
15528,47.364344012647265
15529,42.93015477571879
15530,44.52872607524127
15531,44.52872607524127
15532,44.52872607524127
15533,44.52872607524127
15534,44.52872607524127
15535,57.99568577664567
15536,64.50703332010855
15537,78.06809044351482
15538,41.64941896370527
15539,64.46532089432216
15540,68.27808463719164
15541,57.17010457396234
15542,54.39229868945514
15543,57.596688437724154
15544,61.15321636857533
15545,64.5988361016753
15546,64.50703332010855
15547,64.50703332010855
15548,64.50703332010855
15549,64.50703332010855
15550,64.50703332010855
15551,31.38040819606827
15552,24.651740084508766
15553,26.47452748449861
15554,25.143798428563983
15555,24.644420628730195
15556,31.634339279324607
15557,29.243589490668917
15558,26.251371346822207
15559,27.933892725663117
15560,23.53775504295964
15561,24.493135737117278
15562,24.651740084508766
15563,24.651740084508766
15564,24.651740084508766
15565,24.651740084508766
15566,24.651740084508766
15567,49.238165900208166
15568,182.57142126140823
15569,166.5627021700105
15570,141.47861808306808
15571,183.0565634112521
15572,189.57812576258752
15573,86.08003600593972
15574,167.0187478302818
15575,171.2460982860652
15576,188.78966062692345
15577,183.42877951378864
15578,182.57142126140823
15579,182.57142126140823
15580,182.57142126140823
15581,182.57142126140823
15582,182.57142126140823
15583,58.424986802813955
15584,38.744606260729824
15585,31.7285558973115
15586,36.518197123915016
15587,38.77525096622283
15588,35.26089251370073
15589,31.934307282135553
15590,45.038656322288155
15591,31.909689975911107
15592,44.061330995086905
15593,37.99747637365729
15594,38.744606260729824
15595,38.744606260729824
15596,38.744606260729824
15597,38.744606260729824
15598,38.744606260729824
15599,25.95718499564039
15600,63.1604925056477
15601,80.99956373439174
15602,70.31731218641238
15603,63.13228818675858
15604,70.47967947133729
15605,75.98278954719878
15606,46.42668239871249
15607,56.52915517596619
15608,57.65296359269379
15609,64.84202321370249
15610,63.1604925056477
15611,63.1604925056477
15612,63.1604925056477
15613,63.1604925056477
15614,63.1604925056477
15615,87.77725159615035
15616,47.42561408897166
15617,46.114187847529465
15618,43.59466664853257
15619,47.37825606526336
15620,85.22651298741937
15621,36.94692662281816
15622,54.51245972074549
15623,47.76122169799864
15624,47.65281916336074
15625,49.48231488045603
15626,47.42561408897166
15627,47.42561408897166
15628,47.42561408897166
15629,47.42561408897166
15630,47.42561408897166
15631,68.68319154515211
15632,77.36502762195724
15633,95.1776107631707
15634,81.17302384367729
15635,77.61839479777203
15636,48.253736997294645
15637,83.4679897337905
15638,70.89334030460664
15639,88.50982677856841
15640,80.04158065230588
15641,76.41403360986364
15642,77.36502762195724
15643,77.36502762195724
15644,77.36502762195724
15645,77.36502762195724
15646,77.36502762195724
15647,69.58096403511225
15648,53.16617440113234
15649,53.102937633111125
15650,56.19047489434545
15651,53.160559705739765
15652,54.923854558596474
15653,69.65956691803949
15654,53.056242718325436
15655,51.08490404820166
15656,53.39228013134066
15657,53.00302526284932
15658,53.16617440113234
15659,53.16617440113234
15660,53.16617440113234
15661,53.16617440113234
15662,53.16617440113234
15663,75.01654407415575
15664,48.93187290553084
15665,52.23214173543057
15666,50.17812021234703
15667,48.944148436975226
15668,28.101004156688546
15669,37.9441906199393
15670,49.22653082738071
15671,39.26631784045869
15672,47.91764538335064
15673,47.95192879864347
15674,48.93187290553084
15675,48.93187290553084
15676,48.93187290553084
15677,48.93187290553084
15678,48.93187290553084
15679,19.302628735290185
15680,46.438414399209364
15681,47.01080125293091
15682,81.0013986590997
15683,46.44691873054223
15684,32.36274030260321
15685,54.89027396235754
15686,53.99881908212818
15687,55.922716378766076
15688,43.256047294477646
15689,46.63263845926449
15690,46.438414399209364
15691,46.438414399209364
15692,46.438414399209364
15693,46.438414399209364
15694,46.438414399209364
15695,104.07067200794329
15696,44.37368037574674
15697,45.24043155841619
15698,29.529443313954882
15699,44.325825019167
15700,58.07432449996439
15701,46.81811413849213
15702,40.182317523027976
15703,52.06407741442129
15704,49.621289003999856
15705,43.20120838990899
15706,44.37368037574674
15707,44.37368037574674
15708,44.37368037574674
15709,44.37368037574674
15710,44.37368037574674
15711,43.611892858296784
15712,79.52719144697586
15713,69.5362182739932
15714,105.34477893761797
15715,79.65256025369068
15716,60.43487601925964
15717,87.77286176619876
15718,80.09387922420171
15719,60.427465668957765
15720,83.72450466871956
15721,83.54861988455359
15722,79.52719144697586
15723,79.52719144697586
15724,79.52719144697586
15725,79.52719144697586
15726,79.52719144697586
15727,58.81727998155874
15728,26.192607024732308
15729,24.88890968594635
15730,21.591164265479563
15731,26.179486341395783
15732,53.4428489375041
15733,23.694655497488647
15734,25.828059912054655
15735,27.570109465309052
15736,24.284261498964653
15737,25.691303733053363
15738,26.192607024732308
15739,26.192607024732308
15740,26.192607024732308
15741,26.192607024732308
15742,26.192607024732308
15743,35.39757304080549
15744,27.99122334206176
15745,28.63198162740735
15746,51.18154608510772
15747,27.993882715543904
15748,23.651227020488825
15749,34.95327073339111
15750,40.153208930761416
15751,34.61241146794756
15752,29.059598145369684
15753,27.74035475369867
15754,27.99122334206176
15755,27.99122334206176
15756,27.99122334206176
15757,27.99122334206176
15758,27.99122334206176
15759,149.13433889248466
15760,177.13364069407808
15761,81.92441662902985
15762,80.43775663470717
15763,176.87323069531445
15764,178.74544859149307
15765,113.4469773779395
15766,146.4873823951822
15767,186.874043253697
15768,173.1876251540919
15769,178.0194976859921
15770,177.13364069407808
15771,177.13364069407808
15772,177.13364069407808
15773,177.13364069407808
15774,177.13364069407808
15775,31.102197542291037
15776,44.75753772272559
15777,40.67465046720242
15778,46.00010248265675
15779,44.75806794021648
15780,55.17991658783649
15781,42.81215096285904
15782,43.82841311380582
15783,38.272742057631355
15784,46.612692730114674
15785,46.74072439192693
15786,44.75753772272559
15787,44.75753772272559
15788,44.75753772272559
15789,44.75753772272559
15790,44.75753772272559
15791,44.192373626580824
15792,42.63065855704494
15793,55.59711178047435
15794,36.05867695986043
15795,42.63390285640099
15796,42.45974453787478
15797,53.82911467391917
15798,41.10754041873595
15799,46.356308430993906
15800,40.021047015257885
15801,40.896301208336254
15802,42.63065855704494
15803,42.63065855704494
15804,42.63065855704494
15805,42.63065855704494
15806,42.63065855704494
15807,49.513481006336214
15808,50.00457998522301
15809,60.999250698667176
15810,48.27049565801413
15811,50.008023654333115
15812,50.21856471430117
15813,55.22275478669918
15814,71.18945276960163
15815,47.51954301001623
15816,58.941406316793255
15817,52.68949792579127
15818,50.00457998522301
15819,50.00457998522301
15820,50.00457998522301
15821,50.00457998522301
15822,50.00457998522301
15823,108.63271580935977
15824,41.95503401243796
15825,38.95103556073815
15826,46.514587698730374
15827,41.93959901073802
15828,51.0371920256675
15829,38.91344804489278
15830,28.74371580854423
15831,42.922426396521296
15832,36.920615362459486
15833,40.854920813802124
15834,41.95503401243796
15835,41.95503401243796
15836,41.95503401243796
15837,41.95503401243796
15838,41.95503401243796
15839,28.16951466215784
15840,81.6668495944367
15841,68.95130893944545
15842,86.80730562136175
15843,81.52796497740479
15844,85.29555137343377
15845,69.65016455602637
15846,79.6229173884971
15847,90.66133920676079
15848,77.78977233351254
15849,79.84712322640716
15850,81.6668495944367
15851,81.6668495944367
15852,81.6668495944367
15853,81.6668495944367
15854,81.6668495944367
15855,64.66943349545134
15856,66.34539227207112
15857,85.54061513872347
15858,48.50918147440257
15859,66.48443275086485
15860,52.741259703485916
15861,56.466482227372886
15862,64.0641094675042
15863,48.103922583851336
15864,70.0697590739392
15865,66.90913312952594
15866,66.34539227207112
15867,66.34539227207112
15868,66.34539227207112
15869,66.34539227207112
15870,66.34539227207112
15871,32.11154148727624
15872,33.93007240813702
15873,37.284394894027564
15874,32.82614467301097
15875,33.94201150502789
15876,45.414015076990694
15877,34.83279012527477
15878,33.93442696110986
15879,23.634323094044035
15880,34.05531532152441
15881,32.80909742109841
15882,33.93007240813702
15883,33.93007240813702
15884,33.93007240813702
15885,33.93007240813702
15886,33.93007240813702
15887,32.40945011740224
15888,50.976928895424436
15889,44.71459343086518
15890,55.9539404788523
15891,50.92173284393275
15892,54.070327404220336
15893,60.099263748792126
15894,51.02049954050267
15895,57.65228527018089
15896,52.05207270280868
15897,54.1907648874964
15898,50.976928895424436
15899,50.976928895424436
15900,50.976928895424436
15901,50.976928895424436
15902,50.976928895424436
15903,72.73701318212936
15904,61.11432716421636
15905,58.45350124262388
15906,62.87332533325983
15907,61.11189328545808
15908,48.646450622878454
15909,57.75679507677444
15910,45.58871062711163
15911,42.67147718488708
15912,60.942665360380666
15913,60.47400465869162
15914,61.11432716421636
15915,61.11432716421636
15916,61.11432716421636
15917,61.11432716421636
15918,61.11432716421636
15919,23.09871921899574
15920,62.281582201920564
15921,106.57304044949962
15922,49.16826310948132
15923,62.28338079307283
15924,63.25898249933027
15925,66.16432639709072
15926,89.47505017304192
15927,141.90894736178086
15928,60.21911222738235
15929,61.31049757534643
15930,62.281582201920564
15931,62.281582201920564
15932,62.281582201920564
15933,62.281582201920564
15934,62.281582201920564
15935,199.65518119994684
15936,67.00866341725265
15937,69.9346600726352
15938,189.25147528813653
15939,67.02894137820405
15940,66.35203300395511
15941,49.03706463831641
15942,66.40452187193965
15943,37.32371468209334
15944,62.82944754052273
15945,67.94347127624954
15946,67.00866341725265
15947,67.00866341725265
15948,67.00866341725265
15949,67.00866341725265
15950,67.00866341725265
15951,46.29133263061742
15952,43.189579412014005
15953,39.35303463271166
15954,32.28230228851748
15955,43.13578806257093
15956,36.02914459528892
15957,55.10187222750139
15958,43.52134578703002
15959,68.11017872839467
15960,48.36276106009552
15961,42.76479840288327
15962,43.189579412014005
15963,43.189579412014005
15964,43.189579412014005
15965,43.189579412014005
15966,43.189579412014005
15967,48.27146555585712
15968,89.50048241610266
15969,61.194094028832836
15970,96.65202714724806
15971,89.2323764257809
15972,96.48933014925493
15973,112.77117367077516
15974,63.96810411702965
15975,70.72504830903054
15976,95.93790067351061
15977,84.76215743254299
15978,89.50048241610266
15979,89.50048241610266
15980,89.50048241610266
15981,89.50048241610266
15982,89.50048241610266
15983,46.33659528521576
15984,25.484475160789692
15985,34.69237481146071
15986,20.754640273409894
15987,25.50507728362283
15988,33.55643704548561
15989,22.35932473172698
15990,38.73510874037656
15991,46.116004490661226
15992,23.615173707944397
15993,26.459300054464908
15994,25.484475160789692
15995,25.484475160789692
15996,25.484475160789692
15997,25.484475160789692
15998,25.484475160789692
15999,75.29428784775352
16000,38.174953874441975
16001,37.45471829460607
16002,64.65053898654253
16003,38.144553760148426
16004,41.33306976838071
16005,37.903091955227346
16006,36.701518176813686
16007,23.52553034283875
16008,36.78088891394581
16009,38.00292466009088
16010,38.174953874441975
16011,38.174953874441975
16012,38.174953874441975
16013,38.174953874441975
16014,38.174953874441975
16015,32.87732145598787
16016,138.23386388865714
16017,87.52808614569548
16018,62.59603956084948
16019,138.94215890811378
16020,69.01615304566883
16021,143.69594285495594
16022,136.33405610037045
16023,237.27273311722053
16024,150.26623116531445
16025,137.85013369014482
16026,138.23386388865714
16027,138.23386388865714
16028,138.23386388865714
16029,138.23386388865714
16030,138.23386388865714
16031,49.115950860859364
16032,49.18405671056636
16033,52.77818683885035
16034,59.750981283361185
16035,49.19377977635123
16036,76.89441086370437
16037,40.05243957388485
16038,43.5337620569709
16039,42.676871001572835
16040,47.60836972606853
16041,48.45674338765621
16042,49.18405671056636
16043,49.18405671056636
16044,49.18405671056636
16045,49.18405671056636
16046,49.18405671056636
16047,55.38783834759906
16048,52.83862708320541
16049,53.10605884392234
16050,44.52484933678347
16051,52.83275939708591
16052,32.52509939253355
16053,52.41916948313803
16054,59.44147911416156
16055,88.6481639525938
16056,54.3508973728771
16057,54.12280196606053
16058,52.83862708320541
16059,52.83862708320541
16060,52.83862708320541
16061,52.83862708320541
16062,52.83862708320541
16063,49.565435966760795
16064,45.86270998406384
16065,45.734501817371
16066,43.226093656450736
16067,45.870115403077854
16068,33.584208460018324
16069,51.290397074724126
16070,44.00992362124613
16071,33.49624971149391
16072,49.66436658592742
16073,45.33312327048692
16074,45.86270998406384
16075,45.86270998406384
16076,45.86270998406384
16077,45.86270998406384
16078,45.86270998406384
16079,26.621833147138723
16080,53.27461334864742
16081,74.17657946261626
16082,54.880931877179044
16083,53.2265634601653
16084,108.73285514448433
16085,43.763316254845634
16086,52.01569056498939
16087,58.498965273458566
16088,50.20619464334583
16089,55.79952429077433
16090,53.27461334864742
16091,53.27461334864742
16092,53.27461334864742
16093,53.27461334864742
16094,53.27461334864742
16095,135.97415610991231
16096,69.349077964378
16097,62.367693152262646
16098,78.50596372056646
16099,69.46808318033465
16100,49.28595687903138
16101,60.61745501322086
16102,61.9327348718316
16103,44.89897969512198
16104,60.44291863611551
16105,66.65301853483476
16106,69.349077964378
16107,69.349077964378
16108,69.349077964378
16109,69.349077964378
16110,69.349077964378
16111,22.318245200063497
16112,27.578340669483953
16113,28.50637832664695
16114,28.390095262268687
16115,27.556813918819298
16116,35.10571486700149
16117,39.61098429860406
16118,31.372886903645828
16119,41.136488805355675
16120,31.17605542297236
16121,27.49880810519537
16122,27.578340669483953
16123,27.578340669483953
16124,27.578340669483953
16125,27.578340669483953
16126,27.578340669483953
16127,138.63492121365363
16128,74.11848273131768
16129,80.00494647598256
16130,76.60812846914884
16131,74.12909997241637
16132,66.43227762727159
16133,55.49232290967736
16134,65.04386652054545
16135,96.11973662774662
16136,72.59839074668243
16137,74.38004020091834
16138,74.11848273131768
16139,74.11848273131768
16140,74.11848273131768
16141,74.11848273131768
16142,74.11848273131768
16143,59.3347323142568
16144,45.669200219022436
16145,32.60286288280944
16146,36.700838772209465
16147,45.65654183819337
16148,52.1209211162618
16149,97.98500841351105
16150,64.49646514612873
16151,28.412664843679867
16152,45.37165470688026
16153,44.53773687494524
16154,45.669200219022436
16155,45.669200219022436
16156,45.669200219022436
16157,45.669200219022436
16158,45.669200219022436
16159,41.45910892510041
16160,30.097290965997736
16161,29.196660110618367
16162,29.067976651454494
16163,30.107823961136354
16164,26.570937940396426
16165,40.1059450307281
16166,28.455715772381225
16167,52.805534222623535
16168,30.50185469292168
16169,30.939575907398318
16170,30.097290965997736
16171,30.097290965997736
16172,30.097290965997736
16173,30.097290965997736
16174,30.097290965997736
16175,56.528162417705865
16176,93.75325186840648
16177,157.02701233071468
16178,114.66724057471092
16179,93.70231632544684
16180,59.53131160405371
16181,77.34449128232136
16182,108.60822502737645
16183,47.80757389037456
16184,93.00530458250074
16185,91.07550736373321
16186,93.75325186840648
16187,93.75325186840648
16188,93.75325186840648
16189,93.75325186840648
16190,93.75325186840648
16191,51.272004924204126
16192,33.112801717666024
16193,39.8626895249652
16194,57.636275783043416
16195,33.10549530732377
16196,28.59715621201317
16197,33.77999703874142
16198,24.606451377830233
16199,46.059621429720806
16200,35.97172421476796
16201,33.96872351203805
16202,33.112801717666024
16203,33.112801717666024
16204,33.112801717666024
16205,33.112801717666024
16206,33.112801717666024
16207,163.78309358934516
16208,63.029484116076254
16209,52.84090898709942
16210,55.19988837392925
16211,63.127855745162066
16212,66.28093671801165
16213,65.1791192182446
16214,74.09198056867193
16215,37.06134482764283
16216,55.04078735540557
16217,62.447624501007425
16218,63.029484116076254
16219,63.029484116076254
16220,63.029484116076254
16221,63.029484116076254
16222,63.029484116076254
16223,34.13120069313978
16224,29.51469769428605
16225,25.81064239789141
16226,35.15380930150227
16227,29.535701514972814
16228,38.91530011327875
16229,25.037004000623607
16230,25.58841028778128
16231,41.45164382897186
16232,27.580536340728443
16233,29.41736272638975
16234,29.51469769428605
16235,29.51469769428605
16236,29.51469769428605
16237,29.51469769428605
16238,29.51469769428605
16239,36.8637918469662
16240,142.2107728680335
16241,157.67104107417822
16242,61.27353898509058
16243,142.05018657981256
16244,156.5777060666384
16245,141.0858379148922
16246,149.97280613048883
16247,116.16829305753635
16248,159.00623007334983
16249,139.39121236067263
16250,142.2107728680335
16251,142.2107728680335
16252,142.2107728680335
16253,142.2107728680335
16254,142.2107728680335
16255,68.50818877244531
16256,33.947832354849155
16257,32.99847786466551
16258,50.4629482238344
16259,33.9488001872712
16260,25.412202986039873
16261,35.94610441352895
16262,27.593049274392243
16263,44.01453124970204
16264,31.80316887854715
16265,35.472383933327315
16266,33.947832354849155
16267,33.947832354849155
16268,33.947832354849155
16269,33.947832354849155
16270,33.947832354849155
16271,38.847077828650605
16272,131.71013850051241
16273,91.07704568096776
16274,93.93301388567279
16275,131.7964446521374
16276,185.25129539723767
16277,70.8899519697182
16278,153.03060517736333
16279,64.35648072871179
16280,138.00235118006796
16281,126.62174971876641
16282,131.71013850051241
16283,131.71013850051241
16284,131.71013850051241
16285,131.71013850051241
16286,131.71013850051241
16287,50.171369548368176
16288,42.149876373056536
16289,42.98145008319526
16290,55.82669580204984
16291,42.10941505345527
16292,29.460993708098545
16293,32.860911613676954
16294,51.27066901153249
16295,67.12879260244982
16296,41.358346693936994
16297,41.51699218867134
16298,42.149876373056536
16299,42.149876373056536
16300,42.149876373056536
16301,42.149876373056536
16302,42.149876373056536
16303,53.06212146637599
16304,38.51867508537238
16305,39.861612731199855
16306,28.100810701689923
16307,38.548807746301776
16308,68.46193176412316
16309,55.73897246552277
16310,35.7576921570097
16311,36.793903236671035
16312,40.23705202400077
16313,38.41237285402653
16314,38.51867508537238
16315,38.51867508537238
16316,38.51867508537238
16317,38.51867508537238
16318,38.51867508537238
16319,57.04545940673414
16320,32.71640120729007
16321,33.44407900733871
16322,32.88028434614807
16323,32.723959258948554
16324,55.06249467224312
16325,33.11574689150979
16326,22.50244758703962
16327,38.134254336579666
16328,29.17083056860708
16329,32.5268539378838
16330,32.71640120729007
16331,32.71640120729007
16332,32.71640120729007
16333,32.71640120729007
16334,32.71640120729007
16335,41.91827196700674
16336,181.7593125201089
16337,177.28239803112297
16338,88.68710693525603
16339,181.41594170000053
16340,111.72348331098009
16341,249.33532191101517
16342,193.58749288700648
16343,91.6034994491541
16344,204.43858913509297
16345,179.90197410395382
16346,181.7593125201089
16347,181.7593125201089
16348,181.7593125201089
16349,181.7593125201089
16350,181.7593125201089
16351,56.609506132351754
16352,34.139222656641266
16353,40.09063501837977
16354,34.27052655282049
16355,34.17621501364223
16356,44.16600688864442
16357,32.092110122360886
16358,37.13563917412991
16359,63.737301946231725
16360,35.10582312162909
16361,35.696118384136945
16362,34.139222656641266
16363,34.139222656641266
16364,34.139222656641266
16365,34.139222656641266
16366,34.139222656641266
16367,134.46284687727618
16368,78.04781481153879
16369,75.61347415216166
16370,99.48758398035733
16371,78.00250561961741
16372,55.83342874837689
16373,81.89646810935791
16374,68.25211747832536
16375,49.78393468189922
16376,76.90128639715395
16377,74.41200974474877
16378,78.04781481153879
16379,78.04781481153879
16380,78.04781481153879
16381,78.04781481153879
16382,78.04781481153879
16383,35.571269651340906
