index,Y_raw
0,5.7202412859862655
1,5.667364647508896
2,5.510352729634255
3,5.720054632767519
4,4.766553664375464
5,6.976882145824391
6,6.0153087701946735
7,4.5199483623272965
8,5.680249192503527
9,5.448710709172745
10,5.7202412859862655
11,5.7202412859862655
12,5.7202412859862655
13,5.7202412859862655
14,5.7202412859862655
15,4.476800091563541
16,5.38584658487319
17,5.858273865707717
18,5.106822552304752
19,5.386315080043276
20,5.263639095999533
21,4.8290194684557
22,6.059408521612273
23,6.5971886817834715
24,5.500863574835757
25,5.507318261330154
26,5.38584658487319
27,5.38584658487319
28,5.38584658487319
29,5.38584658487319
30,5.38584658487319
31,6.884684819253913
32,7.187270292121354
33,7.118946997137718
34,7.052707611378498
35,7.192516962661561
36,8.922632664320876
37,5.737495273347167
38,5.094528892972903
39,5.668024607273479
40,7.493635637483922
41,7.2880164876320315
42,7.187270292121354
43,7.187270292121354
44,7.187270292121354
45,7.187270292121354
46,7.187270292121354
47,4.173782102260397
48,1.9781840164756366
49,1.921968729515248
50,2.0109266265489114
51,1.9772146896651084
52,1.8409184469948856
53,2.1290417810451308
54,2.7860114651814745
55,2.9177265203506884
56,1.9974663655779064
57,1.9557570554025823
58,1.9781840164756366
59,1.9781840164756366
60,1.9781840164756366
61,1.9781840164756366
62,1.9781840164756366
63,4.006944464902567
64,5.407439982559451
65,5.406722049322059
66,6.193813213296722
67,5.407732058436019
68,5.492095564868946
69,5.032261298110473
70,5.5745049354463445
71,4.4267215027360765
72,3.7201193522621976
73,5.544464823007789
74,5.407439982559451
75,5.407439982559451
76,5.407439982559451
77,5.407439982559451
78,5.407439982559451
79,3.3160657307213772
80,5.616772728909715
81,4.768320532080236
82,5.091901326765183
83,5.632432969650468
84,5.786840632405947
85,4.9433697570651995
86,6.449420107979626
87,6.550923442768178
88,7.970816912723166
89,5.552384872115371
90,5.616772728909715
91,5.616772728909715
92,5.616772728909715
93,5.616772728909715
94,5.616772728909715
95,8.07789207094512
96,6.1943415223604275
97,6.394479583953345
98,6.220259717920218
99,6.194573316351669
100,6.022314699156172
101,6.939884794113934
102,4.009023725784165
103,4.152157275662015
104,8.55734445370096
105,6.062198968921911
106,6.1943415223604275
107,6.1943415223604275
108,6.1943415223604275
109,6.1943415223604275
110,6.1943415223604275
111,4.467199776048387
112,5.237497207138261
113,5.396221060405379
114,4.758587496093077
115,5.23459720342252
116,4.946981171437443
117,5.744867936278335
118,6.155708568535874
119,6.784199320642498
120,3.6329836987898165
121,5.3996293899459005
122,5.237497207138261
123,5.237497207138261
124,5.237497207138261
125,5.237497207138261
126,5.237497207138261
127,5.330790747480457
128,5.5971020585521245
129,5.72368586066477
130,6.231439672008996
131,5.597097517400997
132,4.099877858215283
133,4.769549871248707
134,6.070490310780261
135,4.561470811966922
136,5.049386427536972
137,5.645209766729841
138,5.5971020585521245
139,5.5971020585521245
140,5.5971020585521245
141,5.5971020585521245
142,5.5971020585521245
143,3.338758080450821
144,3.1501742104353814
145,2.9883547556493095
146,3.103766521112039
147,3.150287017608058
148,4.4157957058045545
149,3.6282571545605498
150,3.047687352094914
151,3.7963395920395664
152,3.669493666887356
153,3.149670703978865
154,3.1501742104353814
155,3.1501742104353814
156,3.1501742104353814
157,3.1501742104353814
158,3.1501742104353814
159,6.581089423687357
160,6.530354380043775
161,6.478305929961415
162,6.841686075514076
163,6.52900461587512
164,5.481363213899403
165,8.135252758608848
166,5.852665955343553
167,4.290543228681046
168,5.634513453442906
169,6.467651717501489
170,6.530354380043775
171,6.530354380043775
172,6.530354380043775
173,6.530354380043775
174,6.530354380043775
175,3.288150257507057
176,5.003445827642974
177,5.64657391612958
178,4.782582150015513
179,5.007096584814384
180,5.648960808368728
181,4.257850027244661
182,6.266661337928633
183,6.814936063142117
184,5.928570143179068
185,5.0694030052825445
186,5.003445827642974
187,5.003445827642974
188,5.003445827642974
189,5.003445827642974
190,5.003445827642974
191,9.778363580545506
192,5.0603984517016185
193,5.4651260056962006
194,5.0025458272380074
195,5.059793201358168
196,5.731023379905747
197,4.845923538581007
198,4.8652024908306135
199,4.100456477445598
200,5.468659204798759
201,4.9587513224499284
202,5.0603984517016185
203,5.0603984517016185
204,5.0603984517016185
205,5.0603984517016185
206,5.0603984517016185
207,5.165678903855957
208,9.109117106886528
209,7.485501155256236
210,7.444758516263137
211,9.084642912259252
212,6.735285647159649
213,8.715474783077118
214,7.763048391004008
215,10.658890258016605
216,8.242344518542895
217,9.269976915278368
218,9.109117106886528
219,9.109117106886528
220,9.109117106886528
221,9.109117106886528
222,9.109117106886528
223,4.442903187697108
224,4.508227463689449
225,4.534015557197623
226,4.625837606260896
227,4.507911253649652
228,6.937904587467901
229,4.61641917937856
230,3.9061514718936254
231,3.5712505715420235
232,3.3056247925935764
233,4.471912999376716
234,4.508227463689449
235,4.508227463689449
236,4.508227463689449
237,4.508227463689449
238,4.508227463689449
239,3.63666555374938
240,3.3107689993283604
241,3.3667184097704888
242,3.4862682892001478
243,3.310756621166029
244,2.635568944246147
245,3.375835943753131
246,4.2364380501618495
247,4.726913631042571
248,4.577080319534296
249,3.3109703665456323
250,3.3107689993283604
251,3.3107689993283604
252,3.3107689993283604
253,3.3107689993283604
254,3.3107689993283604
255,7.657086849933965
256,5.277405942846934
257,5.287985265678643
258,5.2088815518061145
259,5.275083926900062
260,5.615511315794392
261,4.988239974313211
262,3.907738230182701
263,6.214472756668774
264,5.576625187786667
265,5.256902561354802
266,5.277405942846934
267,5.277405942846934
268,5.277405942846934
269,5.277405942846934
270,5.277405942846934
271,4.808631641694013
272,4.919996570316696
273,5.020847797184042
274,5.060640755004535
275,4.9172751538807695
276,4.279255871898262
277,4.438434011838064
278,6.825625560978699
279,3.854924564422821
280,4.531797840239198
281,4.95240728803379
282,4.919996570316696
283,4.919996570316696
284,4.919996570316696
285,4.919996570316696
286,4.919996570316696
287,4.095384245381558
288,3.0416870645004113
289,3.0175118608380256
290,3.0469178861428996
291,3.0417459047257727
292,2.887853775685509
293,3.266264579438709
294,2.670964468524127
295,5.014396493949077
296,2.8734053789915825
297,3.048681004793056
298,3.0416870645004113
299,3.0416870645004113
300,3.0416870645004113
301,3.0416870645004113
302,3.0416870645004113
303,4.2203947559983614
304,6.380723158361922
305,6.405420120171084
306,6.126903010957349
307,6.378022822946922
308,6.866538088246
309,6.722634590043957
310,6.206200335810879
311,5.377840346292582
312,6.445063125683674
313,6.257352383961135
314,6.380723158361922
315,6.380723158361922
316,6.380723158361922
317,6.380723158361922
318,6.380723158361922
319,5.639263211678466
320,4.11092223310064
321,4.123041932915884
322,4.4118672991595
323,4.111547390244368
324,4.699462952258375
325,5.151731933620602
326,3.517704219271289
327,5.112691492441296
328,5.237012504217164
329,4.228061321645139
330,4.11092223310064
331,4.11092223310064
332,4.11092223310064
333,4.11092223310064
334,4.11092223310064
335,10.088079123850028
336,4.796701637512383
337,4.976512939515777
338,3.9432352425942474
339,4.789749090867824
340,4.954466233920462
341,4.484844635424021
342,7.180752962089746
343,4.240690556682577
344,3.8328521045914523
345,4.748800171318672
346,4.796701637512383
347,4.796701637512383
348,4.796701637512383
349,4.796701637512383
350,4.796701637512383
351,4.1693221383738175
352,8.030117690162987
353,7.888526173571423
354,8.16913042403029
355,8.028791670790342
356,7.012595750292423
357,6.194959763784172
358,6.7857076514163905
359,9.551629120660046
360,6.239456320747344
361,8.054812564458777
362,8.030117690162987
363,8.030117690162987
364,8.030117690162987
365,8.030117690162987
366,8.030117690162987
367,4.228173218017613
368,4.972649561873686
369,4.990998380774331
370,5.068757430300401
371,4.972891132654392
372,4.5751571990643
373,5.380055764103299
374,4.915863523566869
375,3.1245121098140767
376,6.504855138220514
377,4.936725124818046
378,4.972649561873686
379,4.972649561873686
380,4.972649561873686
381,4.972649561873686
382,4.972649561873686
383,4.006298835752091
384,3.2511405960246673
385,3.380694941035054
386,3.468968577140511
387,3.2517785878939365
388,5.419926963484672
389,3.4318885469147182
390,2.6011608706519267
391,4.392858822505023
392,2.9875953467488885
393,3.3620436164258094
394,3.2511405960246673
395,3.2511405960246673
396,3.2511405960246673
397,3.2511405960246673
398,3.2511405960246673
399,8.219968264269205
400,7.464598429852472
401,6.915322617392087
402,5.9570255025988885
403,7.474810650312896
404,5.344328433706142
405,7.8141998159637405
406,8.350084083038558
407,6.659898427109353
408,7.746446902798691
409,7.22766138322041
410,7.464598429852472
411,7.464598429852472
412,7.464598429852472
413,7.464598429852472
414,7.464598429852472
415,4.427192658396076
416,4.665217982063512
417,4.407078193130883
418,4.988875863260652
419,4.6656601197787895
420,5.045266906536305
421,4.635665959073583
422,4.773189171942354
423,5.960044289895078
424,3.706657688125516
425,4.6353776422402495
426,4.665217982063512
427,4.665217982063512
428,4.665217982063512
429,4.665217982063512
430,4.665217982063512
431,4.805079261032207
432,7.304471200757134
433,7.65483337381672
434,7.375905232871017
435,7.303712993489225
436,5.780359324296111
437,7.159042736500217
438,6.794576027521986
439,4.725972307102568
440,9.112780503196365
441,7.425075877034481
442,7.304471200757134
443,7.304471200757134
444,7.304471200757134
445,7.304471200757134
446,7.304471200757134
447,4.39642183743879
448,6.34826193982254
449,6.375881200452874
450,6.341488497448908
451,6.34902788721309
452,4.903759343262461
453,5.624241314361067
454,4.849034362167539
455,7.025621883093524
456,4.45721059626579
457,6.241735902458391
458,6.34826193982254
459,6.34826193982254
460,6.34826193982254
461,6.34826193982254
462,6.34826193982254
463,2.641736621591899
464,3.805486029819888
465,3.503659085518176
466,3.7713461222548434
467,3.8063814194219616
468,4.690013747874933
469,4.552944339313643
470,4.503941905251865
471,2.918098750936094
472,5.552217492333662
473,3.8887025979219825
474,3.805486029819888
475,3.805486029819888
476,3.805486029819888
477,3.805486029819888
478,3.805486029819888
479,6.769985180192224
480,3.168074151290351
481,3.186297472811225
482,3.176458570025073
483,3.16738814736249
484,2.5148270150312158
485,3.5333005967531745
486,3.8519915161480456
487,4.804598148268878
488,3.6855811428031435
489,3.230537410397266
490,3.168074151290351
491,3.168074151290351
492,3.168074151290351
493,3.168074151290351
494,3.168074151290351
495,6.127393724857108
496,6.191012155276397
497,7.964594047630181
498,6.080486303897894
499,6.18209706056371
500,8.428822018844063
501,4.832697044075492
502,6.283463765502479
503,5.183663634982289
504,5.550549369847531
505,5.9700404996952825
506,6.191012155276397
507,6.191012155276397
508,6.191012155276397
509,6.191012155276397
510,6.191012155276397
511,5.764869464311243
512,4.306379550719598
513,4.3525473368368734
514,4.305463688315402
515,4.30762095740116
516,4.560523838898287
517,5.1365012961661165
518,4.20768618795455
519,4.464850850020203
520,4.261910831112104
521,4.436731381462771
522,4.306379550719598
523,4.306379550719598
524,4.306379550719598
525,4.306379550719598
526,4.306379550719598
527,5.762196455667773
528,5.085216479145114
529,4.859231966116328
530,4.9812596457052205
531,5.0898287483214375
532,4.143310476914462
533,4.556959861152704
534,5.4200582693545805
535,5.9886464278298135
536,5.25942170098567
537,5.019615076268261
538,5.085216479145114
539,5.085216479145114
540,5.085216479145114
541,5.085216479145114
542,5.085216479145114
543,4.538589521115872
544,3.1035865227484263
545,3.0594740796548643
546,3.110296671089109
547,3.1034796881572335
548,5.048151962483599
549,2.550832456915664
550,3.32027894678833
551,3.4732332616791837
552,3.1984681986159087
553,3.0257868614559746
554,3.1035865227484263
555,3.1035865227484263
556,3.1035865227484263
557,3.1035865227484263
558,3.1035865227484263
559,5.060419464255373
560,8.340804580260354
561,10.177846257794716
562,8.398263494580714
563,8.343252972566889
564,6.1910679203958665
565,10.108917553711253
566,6.391048631636278
567,7.862805936931173
568,8.48663742557748
569,8.531262783715933
570,8.340804580260354
571,8.340804580260354
572,8.340804580260354
573,8.340804580260354
574,8.340804580260354
575,7.126954951390248
576,5.187159135687045
577,5.185892116999366
578,5.355678516082693
579,5.18656530088844
580,3.9997749684119333
581,5.219318779627735
582,5.504017625108113
583,4.4463374570236605
584,6.119604247841027
585,4.9712365456650245
586,5.187159135687045
587,5.187159135687045
588,5.187159135687045
589,5.187159135687045
590,5.187159135687045
591,4.882763543719395
592,8.804045772073339
593,6.366410519732865
594,5.377923939327354
595,8.821309719837503
596,13.009412056914869
597,9.042548473201224
598,10.919874510672757
599,8.75318012067633
600,6.9684081781224485
601,9.102734901625054
602,8.804045772073339
603,8.804045772073339
604,8.804045772073339
605,8.804045772073339
606,8.804045772073339
607,7.588221117709256
608,4.684900190817836
609,4.605189566125133
610,4.844990242128433
611,4.685248329568155
612,3.5245122782070024
613,4.44463295150768
614,5.264766906950937
615,4.85352234956506
616,3.928178047067059
617,4.728482801226869
618,4.684900190817836
619,4.684900190817836
620,4.684900190817836
621,4.684900190817836
622,4.684900190817836
623,3.2264348169580983
624,4.358614149541654
625,4.4843953550224835
626,4.501268495409004
627,4.359265874662247
628,5.666670718123474
629,4.255070019740937
630,3.160870110634807
631,4.058952087361654
632,5.069424164468993
633,4.31401845894465
634,4.358614149541654
635,4.358614149541654
636,4.358614149541654
637,4.358614149541654
638,4.358614149541654
639,4.403195918147166
640,3.725496306289054
641,3.6904274505611254
642,4.055583162425971
643,3.7241627422821093
644,3.4632047242415163
645,3.5163132710706657
646,3.706822118326342
647,3.471711715969618
648,4.450376618342104
649,3.626428706380175
650,3.725496306289054
651,3.725496306289054
652,3.725496306289054
653,3.725496306289054
654,3.725496306289054
655,3.929853190936998
656,7.1010498737931025
657,7.906798282485044
658,6.692552583835206
659,7.095203322172222
660,7.888745869204041
661,9.308499987846549
662,6.289896496618546
663,7.15301585716002
664,6.166138901847499
665,7.190519627129765
666,7.1010498737931025
667,7.1010498737931025
668,7.1010498737931025
669,7.1010498737931025
670,7.1010498737931025
671,7.615362222938956
672,3.295312918960404
673,3.091920363696291
674,3.37002250012319
675,3.2951797945259194
676,3.4390578371299663
677,3.4599779815850007
678,4.483297465276565
679,3.6598999368258434
680,3.7982327111482204
681,3.262200107745024
682,3.295312918960404
683,3.295312918960404
684,3.295312918960404
685,3.295312918960404
686,3.295312918960404
687,5.806043338514784
688,8.254341062015763
689,8.172307793061387
690,8.10279840643035
691,8.255948162857024
692,7.395493294685396
693,6.334567490674505
694,6.034746800614294
695,7.958505627520414
696,7.252849868538085
697,8.268774329149824
698,8.254341062015763
699,8.254341062015763
700,8.254341062015763
701,8.254341062015763
702,8.254341062015763
703,3.7032266343611857
704,5.8341004151605285
705,5.821795054504985
706,5.824145925158804
707,5.834256030787805
708,4.979104461569175
709,5.451218336941563
710,5.8920819471867265
711,5.685288814792327
712,4.797898008952682
713,5.887187481514424
714,5.8341004151605285
715,5.8341004151605285
716,5.8341004151605285
717,5.8341004151605285
718,5.8341004151605285
719,3.782564796106775
720,4.117478582514154
721,4.006794391224424
722,4.347536271855549
723,4.1169124264556896
724,3.9941892923056166
725,3.9208416129078705
726,3.5019017693411953
727,4.698316076504358
728,4.938889145015661
729,4.108948883799199
730,4.117478582514154
731,4.117478582514154
732,4.117478582514154
733,4.117478582514154
734,4.117478582514154
735,4.476146032880515
736,2.991235070786162
737,2.963253632954474
738,3.007366372581531
739,2.9921113293522694
740,3.3061066806372676
741,3.134502920672356
742,4.407931207131231
743,3.0776719449637504
744,4.3847815204464515
745,2.9863881995554755
746,2.991235070786162
747,2.991235070786162
748,2.991235070786162
749,2.991235070786162
750,2.991235070786162
751,7.976278340301062
752,7.032886766553381
753,7.329544779489211
754,6.557603259476639
755,7.045084960831867
756,7.749552649458583
757,8.063720867693647
758,5.979127169172775
759,6.571486968982285
760,4.359918587752175
761,7.158223378994101
762,7.032886766553381
763,7.032886766553381
764,7.032886766553381
765,7.032886766553381
766,7.032886766553381
767,4.25388557799876
768,4.234927901766693
769,4.29397311747393
770,4.09354472564534
771,4.234890327439084
772,3.4671390332207945
773,4.138527638133471
774,5.351241292833403
775,5.191786723625209
776,4.400246698627188
777,4.323172989420936
778,4.234927901766693
779,4.234927901766693
780,4.234927901766693
781,4.234927901766693
782,4.234927901766693
783,5.741573100200179
784,6.00914551591372
785,5.762678366744972
786,5.225125320444822
787,6.009479032246523
788,7.171543714029137
789,5.783837953030992
790,5.518803251177799
791,6.507449007780045
792,5.697267066981074
793,5.932407819410344
794,6.00914551591372
795,6.00914551591372
796,6.00914551591372
797,6.00914551591372
798,6.00914551591372
799,5.4880766335811755
800,8.503452660255617
801,8.182916424182174
802,8.475160809233833
803,8.498945038801107
804,6.041998289875555
805,8.769809660320062
806,8.195144082569977
807,7.244801964931301
808,7.8040908027210305
809,8.539574957502518
810,8.503452660255617
811,8.503452660255617
812,8.503452660255617
813,8.503452660255617
814,8.503452660255617
815,4.677338424080548
816,2.2907744440312063
817,2.3085107323159177
818,2.4133465561100826
819,2.290770789622536
820,3.394169625279567
821,2.373261670874825
822,2.4199978267063678
823,2.3048192591212904
824,2.3664071049681223
825,2.291393932415479
826,2.2907744440312063
827,2.2907744440312063
828,2.2907744440312063
829,2.2907744440312063
830,2.2907744440312063
831,4.250901200862033
832,4.669579737273479
833,4.757773305637321
834,5.10689102193746
835,4.669383280272195
836,7.031911236737304
837,5.194229982452248
838,6.008284448919213
839,4.284075564835741
840,3.733703899687935
841,4.652570389854103
842,4.669579737273479
843,4.669579737273479
844,4.669579737273479
845,4.669579737273479
846,4.669579737273479
847,8.748788089994052
848,5.6815629514141985
849,4.9479871817885135
850,5.228740612870502
851,5.6692723625262555
852,4.66472691327788
853,4.647603635591482
854,5.022124271568787
855,4.665595228509529
856,7.815244652821757
857,5.682934711730504
858,5.6815629514141985
859,5.6815629514141985
860,5.6815629514141985
861,5.6815629514141985
862,5.6815629514141985
863,3.5119164193351335
864,6.133904282754923
865,6.134986344032109
866,6.284610788900005
867,6.13379923580479
868,6.808987140832749
869,5.342848838060647
870,5.193052183538922
871,6.114806178164971
872,8.131693029104985
873,6.186154295904314
874,6.133904282754923
875,6.133904282754923
876,6.133904282754923
877,6.133904282754923
878,6.133904282754923
879,6.482753614733993
880,4.813168172819739
881,5.561195676954521
882,4.821961020776943
883,4.814175375190059
884,3.6809444263879536
885,5.955682088261007
886,4.479000454528624
887,5.225120313462428
888,3.629306745468147
889,4.730644038939887
890,4.813168172819739
891,4.813168172819739
892,4.813168172819739
893,4.813168172819739
894,4.813168172819739
895,3.4668507916116416
896,5.889030109716336
897,5.889492016261406
898,6.880868476372003
899,5.889103743921541
900,7.083743011942309
901,5.272563479228302
902,8.512587270791947
903,5.3804695666865205
904,7.119261594278884
905,5.805090062386477
906,5.889030109716336
907,5.889030109716336
908,5.889030109716336
909,5.889030109716336
910,5.889030109716336
911,11.439547871166113
912,3.8582639535327576
913,3.812642271733372
914,3.805326634154154
915,3.8582164192333304
916,3.823616913819679
917,3.552345382656309
918,2.8912686016759395
919,3.3030251674123874
920,3.0429102023953005
921,3.9545933147100936
922,3.8582639535327576
923,3.8582639535327576
924,3.8582639535327576
925,3.8582639535327576
926,3.8582639535327576
927,1.963230044572347
928,5.495748713413088
929,5.465284017955777
930,5.7844379335969105
931,5.499392507010241
932,4.464199903002532
933,5.875326430590147
934,5.996442306670414
935,5.3771890475059445
936,5.740671558715404
937,5.586486743040777
938,5.495748713413088
939,5.495748713413088
940,5.495748713413088
941,5.495748713413088
942,5.495748713413088
943,5.683946531270721
944,4.474902748939795
945,4.500126438196146
946,3.94804531770219
947,4.469980116123294
948,4.603176763256621
949,5.086157569941391
950,4.4259946948427125
951,5.14215430105351
952,4.207712485458101
953,4.281165303355708
954,4.474902748939795
955,4.474902748939795
956,4.474902748939795
957,4.474902748939795
958,4.474902748939795
959,4.602423195507282
960,3.4032926875360885
961,3.4031643660374202
962,3.328705519762696
963,3.40397827226469
964,3.245376199492029
965,3.1570569419049805
966,4.159361742487053
967,4.297572968472164
968,5.113332097343357
969,3.526014383528172
970,3.4032926875360885
971,3.4032926875360885
972,3.4032926875360885
973,3.4032926875360885
974,3.4032926875360885
975,7.056496425384971
976,7.630835932290817
977,7.737779704667989
978,7.081788267287525
979,7.645101927738547
980,7.425046089374052
981,10.440663797164735
982,5.245108285872661
983,7.848135308125321
984,5.037851736582519
985,7.429882610788582
986,7.630835932290817
987,7.630835932290817
988,7.630835932290817
989,7.630835932290817
990,7.630835932290817
991,4.267243169665202
992,5.875873229265317
993,5.909524289839293
994,5.929381347797436
995,5.87512675222536
996,5.847348242539731
997,6.383716597163912
998,6.546207196138377
999,5.021093558969646
1000,5.14156422916521
1001,5.823349048535791
1002,5.875873229265317
1003,5.875873229265317
1004,5.875873229265317
1005,5.875873229265317
1006,5.875873229265317
1007,5.28095326784857
1008,4.481637060769067
1009,4.4640020544718135
1010,4.554064196171124
1011,4.480943327821282
1012,4.762077886903847
1013,3.6231753012967953
1014,4.352837444868568
1015,4.342841204383398
1016,5.402519514910666
1017,4.549593662950566
1018,4.481637060769067
1019,4.481637060769067
1020,4.481637060769067
1021,4.481637060769067
1022,4.481637060769067
1023,4.440883332242153
1024,2.7364774196671067
1025,2.7845719931582646
1026,2.7513976002099274
1027,2.7363465730348397
1028,4.3967591948220885
1029,2.7282089771546074
1030,3.4917244920721995
1031,2.9572683352072504
1032,3.745949079268458
1033,2.6500738576105682
1034,2.7364774196671067
1035,2.7364774196671067
1036,2.7364774196671067
1037,2.7364774196671067
1038,2.7364774196671067
1039,8.949979263921323
1040,7.947099093811561
1041,7.78019204103611
1042,7.899285075036956
1043,7.947503803900627
1044,5.9998224164899785
1045,7.936338202672635
1046,5.1690049650370185
1047,5.474868336312652
1048,5.835862409074358
1049,8.034812419073276
1050,7.947099093811561
1051,7.947099093811561
1052,7.947099093811561
1053,7.947099093811561
1054,7.947099093811561
1055,2.123215860531279
1056,5.445351599197122
1057,5.3770306405587265
1058,6.044408224504009
1059,5.444347853679228
1060,6.010868215978812
1061,5.17364522547548
1062,5.979661100323286
1063,8.112567819676011
1064,4.1516930887842
1065,5.280822325380365
1066,5.445351599197122
1067,5.445351599197122
1068,5.445351599197122
1069,5.445351599197122
1070,5.445351599197122
1071,6.9500451926974804
1072,7.401001116586623
1073,9.025320017218599
1074,5.838739551345294
1075,7.41218690064098
1076,5.678223029467087
1077,6.540991611588863
1078,7.522805164635007
1079,5.554690509151524
1080,10.657668977347017
1081,7.7273713144244836
1082,7.401001116586623
1083,7.401001116586623
1084,7.401001116586623
1085,7.401001116586623
1086,7.401001116586623
1087,4.684813155541418
1088,4.655111527898262
1089,4.8744626951909025
1090,4.620112920537471
1091,4.654174229929612
1092,3.7463501642675836
1093,4.241917038193262
1094,6.427771041320378
1095,6.458957524743613
1096,4.473943240192604
1097,4.548174895225374
1098,4.655111527898262
1099,4.655111527898262
1100,4.655111527898262
1101,4.655111527898262
1102,4.655111527898262
1103,6.312940862125795
1104,5.213108950954581
1105,4.071403575809423
1106,5.987460718967509
1107,5.197818823893841
1108,6.182799201403808
1109,7.115527948431007
1110,3.9376301879196967
1111,5.110606405451711
1112,5.134050300019298
1113,5.354020267208926
1114,5.213108950954581
1115,5.213108950954581
1116,5.213108950954581
1117,5.213108950954581
1118,5.213108950954581
1119,5.165474150869413
1120,3.9218474833728623
1121,3.8817717208467295
1122,3.932030857808799
1123,3.922279394020513
1124,3.015616594074745
1125,4.60251348063792
1126,4.421159259660467
1127,5.135573782348562
1128,3.964828808582155
1129,3.9027243322435448
1130,3.9218474833728623
1131,3.9218474833728623
1132,3.9218474833728623
1133,3.9218474833728623
1134,3.9218474833728623
1135,5.153796826828262
1136,4.841057922640938
1137,5.055397835975669
1138,4.738459496395558
1139,4.842192484970848
1140,6.719937145199408
1141,4.146453018967436
1142,4.795020470674424
1143,3.490454987792282
1144,4.743599532663747
1145,4.902983795070255
1146,4.841057922640938
1147,4.841057922640938
1148,4.841057922640938
1149,4.841057922640938
1150,4.841057922640938
1151,4.070044346964689
1152,3.63259711580009
1153,3.58309725764564
1154,3.59954859762403
1155,3.6323885741129955
1156,3.9543135292541436
1157,3.9643940654173875
1158,4.575843277653359
1159,4.9345809647948125
1160,2.8827144187466853
1161,3.5057253450968267
1162,3.63259711580009
1163,3.63259711580009
1164,3.63259711580009
1165,3.63259711580009
1166,3.63259711580009
1167,5.308158602707596
1168,6.481865100801497
1169,6.679230136745183
1170,6.650958915690883
1171,6.4828799145069
1172,5.494788428282563
1173,7.802086106695718
1174,6.030880842670749
1175,5.916029387119293
1176,9.236897819844518
1177,6.774216022463135
1178,6.481865100801497
1179,6.481865100801497
1180,6.481865100801497
1181,6.481865100801497
1182,6.481865100801497
1183,8.897553129268081
1184,5.062128676476352
1185,4.842553784781164
1186,5.057867901947334
1187,5.065441606983184
1188,4.545833887684968
1189,4.756093494290615
1190,4.237085627130683
1191,6.631550121358024
1192,5.368114577711984
1193,5.10737785446868
1194,5.062128676476352
1195,5.062128676476352
1196,5.062128676476352
1197,5.062128676476352
1198,5.062128676476352
1199,4.810811324438275
1200,5.489779871643052
1201,5.460078423360502
1202,5.497312431471681
1203,5.489281969736643
1204,6.126870949525745
1205,5.185927546901196
1206,4.9440051295118845
1207,3.6327056066260908
1208,5.280302556520534
1209,5.483951293257316
1210,5.489779871643052
1211,5.489779871643052
1212,5.489779871643052
1213,5.489779871643052
1214,5.489779871643052
1215,3.2925122856989852
1216,3.402129292330422
1217,3.406432585103846
1218,3.3992288898603715
1219,3.4023896541324365
1220,3.8032980358024164
1221,3.5580988567265193
1222,4.5305803869434
1223,3.676220462897934
1224,3.051785085254941
1225,3.3676033065155333
1226,3.402129292330422
1227,3.402129292330422
1228,3.402129292330422
1229,3.402129292330422
1230,3.402129292330422
1231,4.970772177799018
1232,7.024077132861604
1233,6.408846800219629
1234,6.563169061816362
1235,7.038857618202142
1236,7.478155304833146
1237,5.205008858173071
1238,6.293591039450078
1239,5.286019062982046
1240,7.776199207752822
1241,7.028994105839646
1242,7.024077132861604
1243,7.024077132861604
1244,7.024077132861604
1245,7.024077132861604
1246,7.024077132861604
1247,3.762322326218786
1248,8.019972103672442
1249,8.41587872601057
1250,8.977179862540975
1251,8.02077508060392
1252,7.278476754886137
1253,7.2116809538106335
1254,7.39175963616008
1255,12.10747706823029
1256,6.8680345681634565
1257,7.589692383927815
1258,8.019972103672442
1259,8.019972103672442
1260,8.019972103672442
1261,8.019972103672442
1262,8.019972103672442
1263,9.74784551442335
1264,2.7718877233413797
1265,2.7800676174166963
1266,3.0185114235435595
1267,2.771333407854798
1268,2.440942555729488
1269,3.4015152857365596
1270,3.01892353421427
1271,2.239026523007473
1272,3.1281244855253663
1273,2.9095574976250287
1274,2.7718877233413797
1275,2.7718877233413797
1276,2.7718877233413797
1277,2.7718877233413797
1278,2.7718877233413797
1279,3.1146114755551024
1280,10.837147808789304
1281,11.006983979968073
1282,10.9227488635804
1283,10.842080168165724
1284,7.384647038801616
1285,8.821837948168067
1286,10.843503492390708
1287,7.871781692518636
1288,8.207133796647659
1289,11.345458756398452
1290,10.837147808789304
1291,10.837147808789304
1292,10.837147808789304
1293,10.837147808789304
1294,10.837147808789304
1295,3.653579546031683
1296,2.9232966044431175
1297,2.888015781458019
1298,2.766041294476331
1299,2.926515152031886
1300,4.349956107856313
1301,3.293486834178766
1302,2.6201589779759655
1303,3.343727296782123
1304,3.836336949281869
1305,2.8033862800527922
1306,2.9232966044431175
1307,2.9232966044431175
1308,2.9232966044431175
1309,2.9232966044431175
1310,2.9232966044431175
1311,5.870624053812814
1312,4.10196021909949
1313,3.9942804959620184
1314,4.576879739909794
1315,4.101309904533734
1316,3.489603070293636
1317,4.841393562429833
1318,6.313064253860876
1319,2.917073568548833
1320,5.390015754041324
1321,4.067702476146809
1322,4.10196021909949
1323,4.10196021909949
1324,4.10196021909949
1325,4.10196021909949
1326,4.10196021909949
1327,5.700316871604154
1328,5.228526838268175
1329,5.406041783757691
1330,5.253607949998365
1331,5.229048674894819
1332,5.878401648368066
1333,4.511423109420264
1334,4.174022164791314
1335,7.3300777718558265
1336,3.8169914583459708
1337,5.206881184177846
1338,5.228526838268175
1339,5.228526838268175
1340,5.228526838268175
1341,5.228526838268175
1342,5.228526838268175
1343,4.40225395951522
1344,5.072081304858782
1345,5.085629150740323
1346,5.130096157807399
1347,5.071774646545791
1348,6.064083578685606
1349,5.0699138795660295
1350,5.191868670103473
1351,4.537964508493961
1352,4.717794287422475
1353,5.114202433736933
1354,5.072081304858782
1355,5.072081304858782
1356,5.072081304858782
1357,5.072081304858782
1358,5.072081304858782
1359,5.252544836761629
1360,4.768588007945661
1361,4.380250816514236
1362,6.470860152176887
1363,4.77230631716469
1364,3.3636674566443805
1365,4.74973121938357
1366,4.214605222642175
1367,5.886624153822775
1368,5.378092357006759
1369,4.787122315049119
1370,4.768588007945661
1371,4.768588007945661
1372,4.768588007945661
1373,4.768588007945661
1374,4.768588007945661
1375,4.262256109051818
1376,3.9276337264605203
1377,3.9312811718375604
1378,3.9127492458237283
1379,3.927628670334815
1380,6.090210127906962
1381,4.117318095709463
1382,5.113068280628822
1383,2.893145855770943
1384,4.228592311688923
1385,4.1142271843648075
1386,3.9276337264605203
1387,3.9276337264605203
1388,3.9276337264605203
1389,3.9276337264605203
1390,3.9276337264605203
1391,6.762732817217687
1392,5.736491966191316
1393,8.389396073688406
1394,5.291329165210523
1395,5.729652935359888
1396,4.633878332680186
1397,6.1577459169547755
1398,4.228280752355369
1399,7.999182123405075
1400,5.427190508462565
1401,5.4651212408957734
1402,5.736491966191316
1403,5.736491966191316
1404,5.736491966191316
1405,5.736491966191316
1406,5.736491966191316
1407,5.127690405582196
1408,6.676614076273534
1409,6.676751500800117
1410,6.854152417708405
1411,6.6756246767170735
1412,5.636925229292007
1413,7.3053531414190145
1414,7.067275851115375
1415,5.647184029955079
1416,7.429506997842373
1417,6.800997586342663
1418,6.676614076273534
1419,6.676614076273534
1420,6.676614076273534
1421,6.676614076273534
1422,6.676614076273534
1423,6.371774002602391
1424,4.091466883477319
1425,4.159230657285177
1426,4.67834575505248
1427,4.08831592607142
1428,3.969026163139758
1429,3.1314484575230774
1430,5.0156236077324
1431,5.21090306604413
1432,3.452135476689358
1433,4.037721227386445
1434,4.091466883477319
1435,4.091466883477319
1436,4.091466883477319
1437,4.091466883477319
1438,4.091466883477319
1439,4.46950433656115
1440,6.808172857804365
1441,6.613573398159776
1442,6.904881331691021
1443,6.807288167119201
1444,8.032351087683379
1445,6.562703600019646
1446,7.447021063161774
1447,4.7935970389103515
1448,4.3875025735045226
1449,7.113959074676875
1450,6.808172857804365
1451,6.808172857804365
1452,6.808172857804365
1453,6.808172857804365
1454,6.808172857804365
1455,3.9091794351236095
1456,2.747246917142464
1457,2.7798431701016395
1458,2.7088053888053816
1459,2.7477720796119183
1460,2.7549900349224217
1461,3.693455475386492
1462,2.099398375343342
1463,3.935032664847868
1464,4.22865061164404
1465,2.6814356866904654
1466,2.747246917142464
1467,2.747246917142464
1468,2.747246917142464
1469,2.747246917142464
1470,2.747246917142464
1471,5.667763459315364
1472,6.911885403254323
1473,6.9200318530126435
1474,6.972496427905764
1475,6.912890242733053
1476,6.950278561635954
1477,7.17652879745127
1478,6.469863880019512
1479,5.259341706831196
1480,5.884790456720342
1481,7.080856768836947
1482,6.911885403254323
1483,6.911885403254323
1484,6.911885403254323
1485,6.911885403254323
1486,6.911885403254323
1487,4.446431190787536
1488,5.093963835719911
1489,5.48528954422286
1490,3.93619002327126
1491,5.092684440561721
1492,5.29535778040374
1493,5.474870614221223
1494,5.552861318576313
1495,5.717415379790153
1496,6.21475845780265
1497,4.944087034149204
1498,5.093963835719911
1499,5.093963835719911
1500,5.093963835719911
1501,5.093963835719911
1502,5.093963835719911
1503,6.447482067126503
1504,4.528930757483778
1505,4.522503398650242
1506,5.03021872449663
1507,4.528320410019157
1508,4.697277091856658
1509,4.097594956635853
1510,5.117955705898501
1511,3.4107233572234423
1512,4.328677382938614
1513,4.555603772521416
1514,4.528930757483778
1515,4.528930757483778
1516,4.528930757483778
1517,4.528930757483778
1518,4.528930757483778
1519,3.755649750986095
1520,5.483113061160911
1521,5.49155664774031
1522,5.736451993063788
1523,5.483815679429338
1524,4.931233820110193
1525,5.061516442633825
1526,4.10094507149908
1527,7.420979962391828
1528,6.0654824014837665
1529,5.350360436620019
1530,5.483113061160911
1531,5.483113061160911
1532,5.483113061160911
1533,5.483113061160911
1534,5.483113061160911
1535,5.214553549730739
1536,6.6628151550818
1537,6.650679967364006
1538,6.5890662611039765
1539,6.659989217934078
1540,7.724292180841625
1541,7.385444896664445
1542,5.2389973655141935
1543,7.517663558658705
1544,5.356069494328706
1545,6.527922247489977
1546,6.6628151550818
1547,6.6628151550818
1548,6.6628151550818
1549,6.6628151550818
1550,6.6628151550818
1551,5.991036115414969
1552,3.0268889560811063
1553,3.905143644257011
1554,2.519012975675837
1555,3.0215833371235195
1556,3.1613918318186807
1557,3.3841327976197357
1558,3.3507124125496146
1559,3.013767695757563
1560,3.9098169865137335
1561,3.130774054131127
1562,3.0268889560811063
1563,3.0268889560811063
1564,3.0268889560811063
1565,3.0268889560811063
1566,3.0268889560811063
1567,4.630919806030158
1568,5.1554314215289505
1569,5.055246084348386
1570,5.9131680620043605
1571,5.155918737781829
1572,4.2952352359244195
1573,4.921676169236804
1574,6.145667203087457
1575,3.9394230445391702
1576,6.475578450393535
1577,5.105877604196752
1578,5.1554314215289505
1579,5.1554314215289505
1580,5.1554314215289505
1581,5.1554314215289505
1582,5.1554314215289505
1583,4.925493385728238
1584,6.651787755017553
1585,6.533898094102312
1586,6.691902763983212
1587,6.651280172305803
1588,6.668206622703149
1589,6.354376748626978
1590,7.012010140785324
1591,6.256990351316172
1592,5.5602440025071544
1593,6.731547429891094
1594,6.651787755017553
1595,6.651787755017553
1596,6.651787755017553
1597,6.651787755017553
1598,6.651787755017553
1599,5.50281822816591
1600,5.386219730203573
1601,5.359245412421602
1602,5.431415751586626
1603,5.386035329393017
1604,5.385381879515094
1605,4.303173026901582
1606,4.135977356960152
1607,5.575202467315036
1608,5.240502731261311
1609,5.234454277057473
1610,5.386219730203573
1611,5.386219730203573
1612,5.386219730203573
1613,5.386219730203573
1614,5.386219730203573
1615,3.416658738560549
1616,7.320307446103157
1617,6.341177687423485
1618,8.376670902177473
1619,7.309847639728774
1620,6.851049806924662
1621,7.777406830704125
1622,8.326991431447283
1623,6.4676539266808835
1624,7.199394816560695
1625,7.413696013030793
1626,7.320307446103157
1627,7.320307446103157
1628,7.320307446103157
1629,7.320307446103157
1630,7.320307446103157
1631,6.90464911921383
1632,3.553654558403168
1633,3.5679239169455785
1634,3.5186076741893135
1635,3.5537836031102676
1636,3.4415173193586717
1637,4.332437472814741
1638,3.7775277175988444
1639,3.846398900090106
1640,3.591548113569059
1641,3.4368108752957127
1642,3.553654558403168
1643,3.553654558403168
1644,3.553654558403168
1645,3.553654558403168
1646,3.553654558403168
1647,4.789636331128333
1648,4.7975939083526065
1649,5.041951424556842
1650,4.601381769331425
1651,4.801565766207531
1652,5.203643327290619
1653,4.402080523764622
1654,4.458877722130773
1655,5.60143292567127
1656,4.620330016316731
1657,4.9565342905312315
1658,4.7975939083526065
1659,4.7975939083526065
1660,4.7975939083526065
1661,4.7975939083526065
1662,4.7975939083526065
1663,5.07666347395172
1664,6.26800240671378
1665,6.098719775997029
1666,6.418290892675442
1667,6.269707479658436
1668,5.272263387799999
1669,6.264152292704604
1670,5.2629648555421715
1671,6.045640024189321
1672,9.803303162317055
1673,6.203374920930106
1674,6.26800240671378
1675,6.26800240671378
1676,6.26800240671378
1677,6.26800240671378
1678,6.26800240671378
1679,6.390755923105658
1680,4.279121911197325
1681,4.095412468409651
1682,5.813550431391764
1683,4.281329514227751
1684,4.99095868563404
1685,4.052623250770997
1686,6.7576779935690485
1687,3.84468771565545
1688,2.6746866385378705
1689,4.263112805423093
1690,4.279121911197325
1691,4.279121911197325
1692,4.279121911197325
1693,4.279121911197325
1694,4.279121911197325
1695,4.761456508489832
1696,7.245649857079334
1697,6.816799303736986
1698,7.456199887640559
1699,7.247294011496538
1700,4.9043132238301315
1701,7.1867759417727015
1702,6.056322725026374
1703,7.464101062757484
1704,5.894039893053281
1705,6.894414742880937
1706,7.245649857079334
1707,7.245649857079334
1708,7.245649857079334
1709,7.245649857079334
1710,7.245649857079334
1711,3.0406793587836045
1712,3.075042510038175
1713,3.8223082532626047
1714,2.7884229464276302
1715,3.0745122115863
1716,4.7277930338570515
1717,3.1096307096500153
1718,2.966009770927732
1719,3.610957014976795
1720,3.832898636792122
1721,3.2323520520241082
1722,3.075042510038175
1723,3.075042510038175
1724,3.075042510038175
1725,3.075042510038175
1726,3.075042510038175
1727,6.974572239103797
1728,5.158199760889472
1729,5.165548643411885
1730,5.103226076430329
1731,5.15683153710482
1732,7.618314028519024
1733,5.9334943380833876
1734,4.026311928048045
1735,6.12036120546974
1736,5.789131957843724
1737,4.944396357155813
1738,5.158199760889472
1739,5.158199760889472
1740,5.158199760889472
1741,5.158199760889472
1742,5.158199760889472
1743,10.185611724412206
1744,4.661608921409656
1745,4.133660647561935
1746,4.137685811832551
1747,4.66286590821123
1748,3.9417760126485746
1749,3.7751294044648858
1750,6.26760912988679
1751,4.628795354328712
1752,4.038977499449259
1753,4.858174865461713
1754,4.661608921409656
1755,4.661608921409656
1756,4.661608921409656
1757,4.661608921409656
1758,4.661608921409656
1759,3.415674878362535
1760,5.131582664832313
1761,5.110149242001573
1762,5.435703884944121
1763,5.131886406828947
1764,5.932377830431906
1765,4.6740032738632005
1766,4.263901862813588
1767,4.21297594696776
1768,5.516728087878616
1769,5.183710418010417
1770,5.131582664832313
1771,5.131582664832313
1772,5.131582664832313
1773,5.131582664832313
1774,5.131582664832313
1775,3.982176212143792
1776,6.19021284269013
1777,6.59730642772844
1778,6.4630709925385705
1779,6.188788457788029
1780,4.53827916882056
1781,7.646451664924189
1782,6.120021057089046
1783,5.706537339416276
1784,5.448597727997685
1785,6.209754659052894
1786,6.19021284269013
1787,6.19021284269013
1788,6.19021284269013
1789,6.19021284269013
1790,6.19021284269013
1791,4.582142358422402
1792,2.8662457158604617
1793,2.8648980966424897
1794,2.8760484748976256
1795,2.866272841099921
1796,2.4841163663300794
1797,2.4338688868067715
1798,2.7068087765386184
1799,2.703917931404891
1800,3.6382202896223523
1801,2.8896551745923995
1802,2.8662457158604617
1803,2.8662457158604617
1804,2.8662457158604617
1805,2.8662457158604617
1806,2.8662457158604617
1807,2.349230381150538
1808,7.4023582864556134
1809,7.4235746158048865
1810,7.308663679693717
1811,7.401860303095056
1812,8.629905092056465
1813,8.41808933329053
1814,6.535192937173121
1815,7.577064362071411
1816,5.757529096183
1817,7.406786431759287
1818,7.4023582864556134
1819,7.4023582864556134
1820,7.4023582864556134
1821,7.4023582864556134
1822,7.4023582864556134
1823,6.776531683902465
1824,4.294904191216761
1825,4.3274995623358015
1826,5.122142358314574
1827,4.295009958044105
1828,4.5162857388964195
1829,5.5856560058354585
1830,3.8371497534165346
1831,4.295998609311094
1832,3.3592372082133433
1833,4.553377797552159
1834,4.294904191216761
1835,4.294904191216761
1836,4.294904191216761
1837,4.294904191216761
1838,4.294904191216761
1839,5.684366431070368
1840,7.707944823088363
1841,7.687689120750055
1842,7.50186149567288
1843,7.70218316826767
1844,6.808463108446566
1845,7.35303637055623
1846,9.277497749894037
1847,6.44461710001925
1848,9.70015496695284
1849,7.3740514638795585
1850,7.707944823088363
1851,7.707944823088363
1852,7.707944823088363
1853,7.707944823088363
1854,7.707944823088363
1855,7.61236748596284
1856,4.52801806474554
1857,4.5257330390079105
1858,4.508034898077331
1859,4.528624745303868
1860,4.064149530919465
1861,4.791394312951449
1862,5.137511715791511
1863,4.3528965011373435
1864,4.3401884738209695
1865,4.693276787073914
1866,4.52801806474554
1867,4.52801806474554
1868,4.52801806474554
1869,4.52801806474554
1870,4.52801806474554
1871,4.64120322320735
1872,6.3257022404809495
1873,6.171762889817986
1874,6.579299714568789
1875,6.3427842211156555
1876,5.747758410308196
1877,6.734877761661745
1878,6.139097760039373
1879,7.229106819788549
1880,7.0214376377452306
1881,6.0347139543263015
1882,6.3257022404809495
1883,6.3257022404809495
1884,6.3257022404809495
1885,6.3257022404809495
1886,6.3257022404809495
1887,7.297388012845999
1888,3.316310918742503
1889,3.302695532541387
1890,3.3159303054190645
1891,3.316022709059312
1892,3.643766686532489
1893,3.1012091291579913
1894,2.830874666336927
1895,3.7467916401209345
1896,3.6424084156315315
1897,3.2847980056382116
1898,3.316310918742503
1899,3.316310918742503
1900,3.316310918742503
1901,3.316310918742503
1902,3.316310918742503
1903,3.414962762581988
1904,4.7962972945369104
1905,4.7983113948136475
1906,4.804482919613343
1907,4.796052180339064
1908,5.307611643790184
1909,4.178963939435931
1910,6.092445408969275
1911,5.102029646615504
1912,4.401420192703921
1913,4.785977853251027
1914,4.7962972945369104
1915,4.7962972945369104
1916,4.7962972945369104
1917,4.7962972945369104
1918,4.7962972945369104
1919,5.735880928365822
1920,4.380814850440385
1921,4.4680968909490435
1922,4.326197684794568
1923,4.381202086948489
1924,4.671160237896786
1925,5.010016723405486
1926,4.474043785424216
1927,4.10594239519925
1928,3.8897139742920586
1929,4.515075936916111
1930,4.380814850440385
1931,4.380814850440385
1932,4.380814850440385
1933,4.380814850440385
1934,4.380814850440385
1935,4.900434053989672
1936,9.264146649604092
1937,8.534747731739875
1938,10.312941845631716
1939,9.261662582141645
1940,7.403961220434888
1941,7.519399697915293
1942,10.354929604953556
1943,9.659236483902864
1944,10.120166474499461
1945,9.05798480835393
1946,9.264146649604092
1947,9.264146649604092
1948,9.264146649604092
1949,9.264146649604092
1950,9.264146649604092
1951,7.507993673378361
1952,3.8245473211948537
1953,3.305914533286863
1954,3.6914756663159567
1955,3.819551853318972
1956,5.8699408451854715
1957,2.995979189635294
1958,2.434180196390135
1959,4.276283368425893
1960,5.608551184839396
1961,3.8347702695761123
1962,3.8245473211948537
1963,3.8245473211948537
1964,3.8245473211948537
1965,3.8245473211948537
1966,3.8245473211948537
1967,4.374940659729889
1968,4.672044680553979
1969,4.852598677440693
1970,4.60662475117211
1971,4.673613308270717
1972,3.7090863873968005
1973,5.187286709105123
1974,5.815293434620823
1975,4.498770005409723
1976,3.119788215253205
1977,4.564794666604671
1978,4.672044680553979
1979,4.672044680553979
1980,4.672044680553979
1981,4.672044680553979
1982,4.672044680553979
1983,3.2503406561303394
1984,3.2198256329745316
1985,3.1640325838537984
1986,3.11796471881284
1987,3.219228058979621
1988,2.450427675190465
1989,3.2430688994622336
1990,3.2042897094035836
1991,3.0697850480558446
1992,3.3869573699800246
1993,3.286436934249524
1994,3.2198256329745316
1995,3.2198256329745316
1996,3.2198256329745316
1997,3.2198256329745316
1998,3.2198256329745316
1999,2.7609693467529772
2000,5.509761786583073
2001,5.122574255870443
2002,5.318540322287051
2003,5.502449437063232
2004,7.934683362514843
2005,5.9962247020072175
2006,6.349389513375113
2007,6.281213525912675
2008,5.132727380886636
2009,5.422820174471463
2010,5.509761786583073
2011,5.509761786583073
2012,5.509761786583073
2013,5.509761786583073
2014,5.509761786583073
2015,9.581997626091985
2016,6.997889501087021
2017,6.948913079822687
2018,7.616100153316718
2019,6.998327175366471
2020,5.560615793390074
2021,6.946872179273878
2022,5.217414936211345
2023,7.178312603379417
2024,8.57766701235076
2025,7.274427740299368
2026,6.997889501087021
2027,6.997889501087021
2028,6.997889501087021
2029,6.997889501087021
2030,6.997889501087021
2031,5.711128455848896
2032,4.367492678205117
2033,5.1546982351424395
2034,4.114775856877924
2035,4.369391118650198
2036,5.368057820519526
2037,4.418529533135127
2038,5.914080465108326
2039,3.9782171970636795
2040,3.683776548296139
2041,4.233040618143536
2042,4.367492678205117
2043,4.367492678205117
2044,4.367492678205117
2045,4.367492678205117
2046,4.367492678205117
2047,5.1506945438857805
2048,5.196622989976069
2049,5.225166782196873
2050,5.391375373350439
2051,5.1965335297756265
2052,5.519397751523903
2053,4.8348969134185635
2054,5.548517805879712
2055,7.319555015762346
2056,5.571769939856509
2057,5.195236236235051
2058,5.196622989976069
2059,5.196622989976069
2060,5.196622989976069
2061,5.196622989976069
2062,5.196622989976069
2063,8.750979169955663
2064,4.972268982861067
2065,5.314488849406717
2066,4.887908176036054
2067,4.967875229398407
2068,4.143671719237484
2069,4.755007226496708
2070,4.582975304301917
2071,3.901474118220493
2072,4.880056791210718
2073,5.023568829093054
2074,4.972268982861067
2075,4.972268982861067
2076,4.972268982861067
2077,4.972268982861067
2078,4.972268982861067
2079,2.849984979637876
2080,4.677404154218975
2081,4.670638283919678
2082,4.983987313034224
2083,4.677328743566623
2084,4.54079779322227
2085,4.681696407892701
2086,5.763903146183768
2087,5.455324424413959
2088,4.449181012478509
2089,4.8719385424481505
2090,4.677404154218975
2091,4.677404154218975
2092,4.677404154218975
2093,4.677404154218975
2094,4.677404154218975
2095,6.761901728998082
2096,5.203741760748566
2097,5.008342438312941
2098,4.991022558038938
2099,5.206254443752441
2100,5.674182110314775
2101,5.2258471159278015
2102,3.6508128517174434
2103,4.252602686191837
2104,5.564253441341217
2105,5.023864579868905
2106,5.203741760748566
2107,5.203741760748566
2108,5.203741760748566
2109,5.203741760748566
2110,5.203741760748566
2111,3.21374248795286
2112,4.471971762417394
2113,4.475109198294742
2114,4.404701829036663
2115,4.472557398677503
2116,5.289419578841078
2117,3.879061361892335
2118,5.214599621735623
2119,6.237592048206435
2120,3.390043258652137
2121,4.711628855529894
2122,4.471971762417394
2123,4.471971762417394
2124,4.471971762417394
2125,4.471971762417394
2126,4.471971762417394
2127,5.843248656688719
2128,6.055396147502825
2129,4.741420974307494
2130,4.7490786285863855
2131,6.055871444903999
2132,6.2790650218688295
2133,7.407032681265649
2134,6.545078206796751
2135,4.097796070805056
2136,8.1666005827976
2137,5.719048380934123
2138,6.055396147502825
2139,6.055396147502825
2140,6.055396147502825
2141,6.055396147502825
2142,6.055396147502825
2143,4.6852460062846175
2144,2.7878254916213385
2145,2.8743311880633415
2146,2.8103134709086044
2147,2.7878628435337043
2148,2.354829248011412
2149,3.5048741861422372
2150,3.6609038648760848
2151,3.5053527515018854
2152,3.5802817329153265
2153,2.7865054961829268
2154,2.7878254916213385
2155,2.7878254916213385
2156,2.7878254916213385
2157,2.7878254916213385
2158,2.7878254916213385
2159,6.538657173588563
2160,8.476687630853544
2161,8.539736538673045
2162,9.609805154500517
2163,8.477150162913215
2164,8.007058332501515
2165,7.613861162339576
2166,5.64603531125451
2167,7.1893816290456565
2168,6.191305224019593
2169,8.384816783957211
2170,8.476687630853544
2171,8.476687630853544
2172,8.476687630853544
2173,8.476687630853544
2174,8.476687630853544
2175,3.3016820448562556
2176,6.592985744127875
2177,6.526636162512868
2178,6.444244907441772
2179,6.595398341553037
2180,6.486598258686082
2181,6.265371329298783
2182,6.0114519701233355
2183,8.290012777395132
2184,6.32649879502299
2185,6.819275924723628
2186,6.592985744127875
2187,6.592985744127875
2188,6.592985744127875
2189,6.592985744127875
2190,6.592985744127875
2191,6.831968824269085
2192,4.97539363297882
2193,4.353818337446035
2194,4.470896860743768
2195,4.9881687433920385
2196,6.344721025513047
2197,4.591080721762457
2198,5.091522076959771
2199,3.3068360729778337
2200,5.309139200297856
2201,4.795497452607994
2202,4.97539363297882
2203,4.97539363297882
2204,4.97539363297882
2205,4.97539363297882
2206,4.97539363297882
2207,3.4655643589339964
2208,5.075808441480591
2209,4.698739398358673
2210,4.926946624596748
2211,5.07219235067551
2212,3.2010450448260555
2213,5.854903496339677
2214,5.986306616037762
2215,5.955903920686906
2216,4.1708410318376945
2217,5.161520042254925
2218,5.075808441480591
2219,5.075808441480591
2220,5.075808441480591
2221,5.075808441480591
2222,5.075808441480591
2223,3.9140799147506673
2224,5.233525786383128
2225,5.6619715737731555
2226,5.695747687829196
2227,5.233004426929591
2228,6.598026963563442
2229,5.768917007412877
2230,4.153299206435813
2231,4.32080478373136
2232,6.6463324804008295
2233,5.107116897500963
2234,5.233525786383128
2235,5.233525786383128
2236,5.233525786383128
2237,5.233525786383128
2238,5.233525786383128
2239,7.64452912061447
2240,3.340406070319146
2241,3.6253981635960626
2242,3.506921079596321
2243,3.3406558037780645
2244,4.264369825533582
2245,4.004118814920027
2246,3.076105844125624
2247,5.060974182381499
2248,3.751365755506649
2249,3.3655321834032255
2250,3.340406070319146
2251,3.340406070319146
2252,3.340406070319146
2253,3.340406070319146
2254,3.340406070319146
2255,12.321482497740865
2256,5.9288154706125855
2257,5.3841515556535615
2258,5.6008469333919075
2259,5.929687742183665
2260,4.322179358278945
2261,5.228153928913327
2262,5.8994007392111305
2263,4.771625515571549
2264,4.973598203669579
2265,5.8507447427415356
2266,5.9288154706125855
2267,5.9288154706125855
2268,5.9288154706125855
2269,5.9288154706125855
2270,5.9288154706125855
2271,2.4956436475270247
2272,4.5970789835694745
2273,4.584978461126337
2274,4.739172347923408
2275,4.596896862531348
2276,6.207465399232236
2277,3.66983960246198
2278,5.81754633774926
2279,5.8983363374343085
2280,3.0145622509170424
2281,4.756946162468882
2282,4.5970789835694745
2283,4.5970789835694745
2284,4.5970789835694745
2285,4.5970789835694745
2286,4.5970789835694745
2287,5.4397609918202505
2288,5.325827350796732
2289,5.764860116984008
2290,4.710700888559506
2291,5.321891070262391
2292,4.271486906892671
2293,5.749991571964596
2294,4.938457955497348
2295,4.429872338864564
2296,8.292996188924127
2297,5.236878775557151
2298,5.325827350796732
2299,5.325827350796732
2300,5.325827350796732
2301,5.325827350796732
2302,5.325827350796732
2303,4.579822439335827
2304,5.178004143496357
2305,5.183278622893168
2306,5.3690453591504985
2307,5.1773467829460555
2308,4.02754877127347
2309,4.506468692045708
2310,7.548173168129282
2311,4.338423216188856
2312,4.952172359446988
2313,5.059618990585632
2314,5.178004143496357
2315,5.178004143496357
2316,5.178004143496357
2317,5.178004143496357
2318,5.178004143496357
2319,4.032349478057395
2320,4.3849404955324705
2321,4.562683791405236
2322,4.269749249142995
2323,4.387599371134452
2324,4.318463301374469
2325,5.195774079139196
2326,3.650751194907246
2327,6.720106734809181
2328,4.376277183694446
2329,4.567563565121118
2330,4.3849404955324705
2331,4.3849404955324705
2332,4.3849404955324705
2333,4.3849404955324705
2334,4.3849404955324705
2335,5.889889558278401
2336,3.961340786829144
2337,3.9314137854792555
2338,4.25772899484825
2339,3.962484073242926
2340,5.131143081681121
2341,4.385649094385565
2342,4.206642501669045
2343,2.9808178908598317
2344,3.9528048883073055
2345,3.9002126905340173
2346,3.961340786829144
2347,3.961340786829144
2348,3.961340786829144
2349,3.961340786829144
2350,3.961340786829144
2351,4.757742844814028
2352,5.7754207374552475
2353,5.786941267295436
2354,5.656423099615285
2355,5.77158667793198
2356,5.478736808866881
2357,4.515906466358765
2358,5.2325450004121405
2359,6.315767656971734
2360,5.670603691932102
2361,5.886265801805607
2362,5.7754207374552475
2363,5.7754207374552475
2364,5.7754207374552475
2365,5.7754207374552475
2366,5.7754207374552475
2367,4.22559749544668
2368,5.880410202799302
2369,5.868049646250677
2370,5.890548096912722
2371,5.8797979930998405
2372,5.977969724171459
2373,6.389887235763936
2374,8.743517475297882
2375,3.707061257816498
2376,7.257217245973224
2377,5.7537417067264816
2378,5.880410202799302
2379,5.880410202799302
2380,5.880410202799302
2381,5.880410202799302
2382,5.880410202799302
2383,7.308793558613296
2384,5.343989167841376
2385,5.40368604487836
2386,5.036013527438809
2387,5.352051841414912
2388,5.473484924756249
2389,5.779569681493638
2390,4.348602062957844
2391,6.677169256298963
2392,4.423933668441462
2393,5.376282061391933
2394,5.343989167841376
2395,5.343989167841376
2396,5.343989167841376
2397,5.343989167841376
2398,5.343989167841376
2399,4.759131432173804
2400,7.220379125054935
2401,7.216032132491152
2402,7.194248332713541
2403,7.2203519378801415
2404,7.07935276309431
2405,7.229520744938192
2406,6.653602796669429
2407,6.1986802697786745
2408,6.299303611746621
2409,6.987537219799991
2410,7.220379125054935
2411,7.220379125054935
2412,7.220379125054935
2413,7.220379125054935
2414,7.220379125054935
2415,4.713121268278312
2416,3.2129930095530006
2417,3.2495709795952865
2418,3.4431506046160973
2419,3.2131700735279556
2420,2.949802482181936
2421,3.2260648459301033
2422,2.5583791893184067
2423,4.188364541752009
2424,3.903209268019545
2425,3.2918699753325185
2426,3.2129930095530006
2427,3.2129930095530006
2428,3.2129930095530006
2429,3.2129930095530006
2430,3.2129930095530006
2431,4.191204929688221
2432,3.9356128090449967
2433,3.9503791418390457
2434,3.926347742488779
2435,3.936825291024451
2436,5.072364435574982
2437,4.986687028397762
2438,4.869369743523141
2439,2.461784683737481
2440,3.6999294350648406
2441,3.9579073828434685
2442,3.9356128090449967
2443,3.9356128090449967
2444,3.9356128090449967
2445,3.9356128090449967
2446,3.9356128090449967
2447,4.660965424909319
2448,5.900799352822618
2449,5.75385239651882
2450,5.960351066347485
2451,5.898909748794453
2452,5.038904717411875
2453,5.715745391656372
2454,4.827921014675104
2455,7.0556318257257615
2456,6.491344060883808
2457,5.8972965779501525
2458,5.900799352822618
2459,5.900799352822618
2460,5.900799352822618
2461,5.900799352822618
2462,5.900799352822618
2463,5.140556587588962
2464,8.268511966683448
2465,7.680457613012025
2466,8.315692827855909
2467,8.266102947142613
2468,11.630320314688456
2469,6.500609268081615
2470,8.221497764217387
2471,7.259973579492558
2472,7.072778978733726
2473,7.841067100497989
2474,8.268511966683448
2475,8.268511966683448
2476,8.268511966683448
2477,8.268511966683448
2478,8.268511966683448
2479,6.223738513065984
2480,3.297766449865915
2481,3.6393186325648568
2482,3.303339360609494
2483,3.3028385868610375
2484,2.2116305078796112
2485,3.7615592772217123
2486,3.8418290530863066
2487,4.079643999659762
2488,3.6839511363180972
2489,3.4176160161922824
2490,3.297766449865915
2491,3.297766449865915
2492,3.297766449865915
2493,3.297766449865915
2494,3.297766449865915
2495,4.68814592967198
2496,7.165588800325076
2497,7.1552046550313095
2498,7.441886461448028
2499,7.162792104163039
2500,4.847358798544864
2501,6.639102323700575
2502,7.59470806115757
2503,5.906242727722203
2504,4.752045226628196
2505,6.883873559315163
2506,7.165588800325076
2507,7.165588800325076
2508,7.165588800325076
2509,7.165588800325076
2510,7.165588800325076
2511,2.5231378060338097
2512,4.121308510098895
2513,3.6000936292635513
2514,3.6139617806921707
2515,4.11510296402736
2516,4.982753678436729
2517,3.6239377865819407
2518,3.0867293792585633
2519,6.693459501205194
2520,6.773652588069228
2521,4.3539331468386075
2522,4.121308510098895
2523,4.121308510098895
2524,4.121308510098895
2525,4.121308510098895
2526,4.121308510098895
2527,8.161436699436322
2528,6.761467808754624
2529,6.6765269360051684
2530,6.9959196904102185
2531,6.761407472274023
2532,6.095969239893193
2533,7.0178766154240115
2534,6.867562066763684
2535,5.134743665406365
2536,8.104576859627691
2537,6.728857724805956
2538,6.761467808754624
2539,6.761467808754624
2540,6.761467808754624
2541,6.761467808754624
2542,6.761467808754624
2543,5.870776446211265
2544,2.9531229371456473
2545,3.384569159046954
2546,2.9656800275051363
2547,2.953119251097916
2548,4.095460104106666
2549,3.0360662946018064
2550,3.3097098985565196
2551,3.3689255001808105
2552,2.5114864617294916
2553,2.955554761307048
2554,2.9531229371456473
2555,2.9531229371456473
2556,2.9531229371456473
2557,2.9531229371456473
2558,2.9531229371456473
2559,4.9813941735445795
2560,4.509291074000747
2561,4.487441593112207
2562,4.645797046154238
2563,4.510022607498689
2564,6.181019250598442
2565,4.3982703232893785
2566,5.3975990671397085
2567,4.16932219286261
2568,4.935898223570758
2569,4.711780492797991
2570,4.509291074000747
2571,4.509291074000747
2572,4.509291074000747
2573,4.509291074000747
2574,4.509291074000747
2575,8.48992083217768
2576,5.813117236574868
2577,5.571353007059238
2578,5.72524419186239
2579,5.8115915762104775
2580,4.018339051332231
2581,5.601515835581254
2582,5.820056610824657
2583,5.942517383434688
2584,5.541291635147945
2585,5.499591643421065
2586,5.813117236574868
2587,5.813117236574868
2588,5.813117236574868
2589,5.813117236574868
2590,5.813117236574868
2591,3.6267294359037496
2592,3.4809167737841387
2593,3.4912975066344276
2594,3.611875714170368
2595,3.480145754086736
2596,4.376260079776378
2597,3.82647024248495
2598,2.7796792584503236
2599,4.035950712234807
2600,3.398934521229875
2601,3.490022720152082
2602,3.4809167737841387
2603,3.4809167737841387
2604,3.4809167737841387
2605,3.4809167737841387
2606,3.4809167737841387
2607,4.2231151247538925
2608,4.9431228346297305
2609,5.880618012728809
2610,4.811013791572941
2611,4.9471420697705595
2612,4.361762848297542
2613,5.631241391096617
2614,6.089670862369981
2615,4.869373534712512
2616,5.175242036128029
2617,4.926878915709774
2618,4.9431228346297305
2619,4.9431228346297305
2620,4.9431228346297305
2621,4.9431228346297305
2622,4.9431228346297305
2623,6.931000943475302
2624,3.9127544700600057
2625,3.961788921882879
2626,3.9251311551501247
2627,3.9116720054118437
2628,3.424171226499211
2629,3.707006470745162
2630,4.51165323169603
2631,3.5868841202292474
2632,4.897954501831058
2633,3.902684718228093
2634,3.9127544700600057
2635,3.9127544700600057
2636,3.9127544700600057
2637,3.9127544700600057
2638,3.9127544700600057
2639,4.1893710462093265
2640,4.371276977777652
2641,3.9608600158885205
2642,4.521140041793654
2643,4.366787885313085
2644,6.458864197756548
2645,5.46522023554445
2646,4.460818512194097
2647,4.657232687203649
2648,3.419793913817757
2649,4.384683199099625
2650,4.371276977777652
2651,4.371276977777652
2652,4.371276977777652
2653,4.371276977777652
2654,4.371276977777652
2655,6.120335241880428
2656,8.821620623171674
2657,8.871649700470469
2658,8.783823297266471
2659,8.821645514810719
2660,5.8033089839919505
2661,9.184983547782812
2662,6.4828244668727155
2663,8.597429720307714
2664,6.680270058276999
2665,9.269153408925652
2666,8.821620623171674
2667,8.821620623171674
2668,8.821620623171674
2669,8.821620623171674
2670,8.821620623171674
2671,3.421679617785896
2672,5.246062611213927
2673,6.08874007735478
2674,5.070103924516837
2675,5.24603605620379
2676,6.69952120716158
2677,3.7431843513586283
2678,5.51170786308097
2679,4.754779134819057
2680,6.699634588653179
2681,5.062285076046159
2682,5.246062611213927
2683,5.246062611213927
2684,5.246062611213927
2685,5.246062611213927
2686,5.246062611213927
2687,6.030045867296271
2688,2.9281895127067767
2689,2.885385063280921
2690,2.9655284905911747
2691,2.9275328102372766
2692,3.6917069787758363
2693,2.9283279969536093
2694,2.8206792387538275
2695,2.7207513426778878
2696,3.529207879518971
2697,2.9666634910357
2698,2.9281895127067767
2699,2.9281895127067767
2700,2.9281895127067767
2701,2.9281895127067767
2702,2.9281895127067767
2703,4.075669941873483
2704,6.95053265399702
2705,7.744272271704115
2706,6.514372046936972
2707,6.9550839160414295
2708,6.815378545519913
2709,6.848478711843684
2710,7.621180339622944
2711,7.199657263488986
2712,5.680822648522339
2713,6.8842737307937005
2714,6.95053265399702
2715,6.95053265399702
2716,6.95053265399702
2717,6.95053265399702
2718,6.95053265399702
2719,6.2758823662700856
2720,8.471592388565934
2721,8.149912516264093
2722,8.474141587236124
2723,8.472970158401909
2724,6.482204254168148
2725,7.924900656724262
2726,6.702686384738646
2727,8.549597398276294
2728,9.05834998504769
2729,8.748001012516117
2730,8.471592388565934
2731,8.471592388565934
2732,8.471592388565934
2733,8.471592388565934
2734,8.471592388565934
2735,5.165585716247275
2736,4.0201420372813415
2737,3.964115122169028
2738,4.470435039390374
2739,4.015591447486342
2740,4.07201333287124
2741,3.7750576987054583
2742,5.718604951364225
2743,3.4622143920275583
2744,3.9489938332552055
2745,3.9383858832775602
2746,4.0201420372813415
2747,4.0201420372813415
2748,4.0201420372813415
2749,4.0201420372813415
2750,4.0201420372813415
2751,4.856618297689182
2752,5.625861400100409
2753,5.699773611439635
2754,5.6479959852947
2755,5.628277441398128
2756,5.362391293541606
2757,6.7979845016450335
2758,4.802415441589941
2759,5.0728070648119905
2760,5.058259019813133
2761,5.832455463867691
2762,5.625861400100409
2763,5.625861400100409
2764,5.625861400100409
2765,5.625861400100409
2766,5.625861400100409
2767,4.58224423175993
2768,6.189528737777643
2769,5.67552164197651
2770,4.421128493982336
2771,6.201705460174767
2772,6.0088708121719865
2773,5.444117683039351
2774,5.8997832316540855
2775,6.66063084380777
2776,6.667151009132876
2777,5.980338580045501
2778,6.189528737777643
2779,6.189528737777643
2780,6.189528737777643
2781,6.189528737777643
2782,6.189528737777643
2783,4.126287227016256
2784,6.568103712503502
2785,6.918777060197509
2786,6.918413557644796
2787,6.567999064671642
2788,6.46900083196531
2789,5.614492768528298
2790,5.066503489663234
2791,7.466780228955618
2792,9.691258913950062
2793,6.639151502239219
2794,6.568103712503502
2795,6.568103712503502
2796,6.568103712503502
2797,6.568103712503502
2798,6.568103712503502
2799,8.323857072160664
2800,2.8714590442037187
2801,2.9002387218297536
2802,2.879398732635333
2803,2.871443296862538
2804,3.1183606871682428
2805,3.4376160290839226
2806,4.153571692362422
2807,2.9119472443383683
2808,1.9230261902979595
2809,2.7933174640998337
2810,2.8714590442037187
2811,2.8714590442037187
2812,2.8714590442037187
2813,2.8714590442037187
2814,2.8714590442037187
2815,3.5619647933201346
2816,5.427699689295285
2817,5.711767308944281
2818,5.757131250241541
2819,5.428022602251861
2820,3.350470963980116
2821,5.15826254323841
2822,4.521370142109745
2823,5.30634670986022
2824,5.220625026825088
2825,5.364796425674542
2826,5.427699689295285
2827,5.427699689295285
2828,5.427699689295285
2829,5.427699689295285
2830,5.427699689295285
2831,3.155988415117436
2832,5.722665796861195
2833,5.648656784126397
2834,5.856176185454786
2835,5.724946543968113
2836,7.623990242799806
2837,7.47023615218579
2838,7.044819341417934
2839,4.937939422775294
2840,5.649420971804089
2841,5.777873748901319
2842,5.722665796861195
2843,5.722665796861195
2844,5.722665796861195
2845,5.722665796861195
2846,5.722665796861195
2847,10.376411768733922
2848,3.4199837487729057
2849,3.353558805036642
2850,3.622894427856126
2851,3.419667346437523
2852,3.255985114347181
2853,3.855891804124514
2854,3.3631118667800415
2855,3.5044735914780354
2856,3.4506768443557743
2857,3.3180905741386284
2858,3.4199837487729057
2859,3.4199837487729057
2860,3.4199837487729057
2861,3.4199837487729057
2862,3.4199837487729057
2863,3.4548572239129727
2864,5.797649635107797
2865,6.049612086507156
2866,4.841763882808636
2867,5.791495335333021
2868,7.831822664715355
2869,4.560930716414186
2870,5.032047388104342
2871,7.23922615648435
2872,5.674061773688702
2873,5.921211606814731
2874,5.797649635107797
2875,5.797649635107797
2876,5.797649635107797
2877,5.797649635107797
2878,5.797649635107797
2879,5.885648961383974
2880,4.8294920989358054
2881,4.886346602385982
2882,4.764185839968387
2883,4.828975143123401
2884,6.365313273784678
2885,4.326228258195793
2886,4.670104850377114
2887,5.705660372180864
2888,3.43006358470034
2889,4.719387518065274
2890,4.8294920989358054
2891,4.8294920989358054
2892,4.8294920989358054
2893,4.8294920989358054
2894,4.8294920989358054
2895,4.471918685665713
2896,5.563074374515834
2897,4.532569797187892
2898,4.8328071460916835
2899,5.561819019418659
2900,4.603871760101732
2901,4.855630150365855
2902,7.369623622843055
2903,5.654622488099896
2904,8.189531512203027
2905,5.8407208878704004
2906,5.563074374515834
2907,5.563074374515834
2908,5.563074374515834
2909,5.563074374515834
2910,5.563074374515834
2911,6.616376201220498
2912,2.428669594813707
2913,2.488996463095564
2914,2.531227860381563
2915,2.4276407584506887
2916,3.0415720148602277
2917,2.5122831076915437
2918,2.3068719563242235
2919,2.1219189535570417
2920,3.4402804817474637
2921,2.368402719472604
2922,2.428669594813707
2923,2.428669594813707
2924,2.428669594813707
2925,2.428669594813707
2926,2.428669594813707
2927,3.6380098278584705
2928,10.179602421662162
2929,11.565521917749383
2930,11.078350495313309
2931,10.17568319639561
2932,7.650907307976614
2933,10.937084624880267
2934,8.936258354886345
2935,9.545692118703407
2936,7.389027595607858
2937,10.326431293312593
2938,10.179602421662162
2939,10.179602421662162
2940,10.179602421662162
2941,10.179602421662162
2942,10.179602421662162
2943,6.696306698206543
2944,5.801061774890826
2945,5.795789897379086
2946,5.667737133882509
2947,5.798713952960094
2948,5.465631821449728
2949,6.323310756299522
2950,4.133039883015592
2951,6.368640442100632
2952,6.5476514506665335
2953,5.574002841499406
2954,5.801061774890826
2955,5.801061774890826
2956,5.801061774890826
2957,5.801061774890826
2958,5.801061774890826
2959,4.97941890068254
2960,4.228881884358698
2961,4.1503904137839385
2962,3.655755958995993
2963,4.218552122937135
2964,4.896939479837761
2965,3.2826126646910456
2966,5.313755683329383
2967,4.289919297047455
2968,3.6269802484061966
2969,4.472824007218339
2970,4.228881884358698
2971,4.228881884358698
2972,4.228881884358698
2973,4.228881884358698
2974,4.228881884358698
2975,4.129077821903204
2976,5.406350226037923
2977,5.345963732877983
2978,5.336048880257504
2979,5.410947467141823
2980,5.57184005682301
2981,4.553315949558678
2982,4.947891925054124
2983,4.43059611191197
2984,5.901858758355425
2985,5.402140264662367
2986,5.406350226037923
2987,5.406350226037923
2988,5.406350226037923
2989,5.406350226037923
2990,5.406350226037923
2991,3.772594153743403
2992,7.16587074852497
2993,7.178626153180252
2994,8.177477358923932
2995,7.165994668048016
2996,6.307640556732721
2997,8.507778507278838
2998,7.464002042856636
2999,6.542170138346978
3000,6.289516350452888
3001,7.224788024010581
3002,7.16587074852497
3003,7.16587074852497
3004,7.16587074852497
3005,7.16587074852497
3006,7.16587074852497
3007,7.454022471709389
3008,3.9149324904053953
3009,3.9129558859628553
3010,4.041637696536064
3011,3.914922333983854
3012,3.253868026429234
3013,3.941678344798306
3014,2.628428008121202
3015,4.086100249943976
3016,5.651944466608504
3017,3.912351312701416
3018,3.9149324904053953
3019,3.9149324904053953
3020,3.9149324904053953
3021,3.9149324904053953
3022,3.9149324904053953
3023,3.460697187735276
3024,8.105097758326659
3025,8.238182390696934
3026,7.544095828519407
3027,8.104557857682916
3028,7.872785543167284
3029,7.942910560709354
3030,10.79144829034648
3031,7.168088832452873
3032,5.714433913485469
3033,8.031578769218832
3034,8.105097758326659
3035,8.105097758326659
3036,8.105097758326659
3037,8.105097758326659
3038,8.105097758326659
3039,6.1061655173898854
3040,3.00292219291538
3041,3.0028776418034457
3042,3.1247294804208585
3043,3.0034839123502133
3044,3.468550179815069
3045,3.15870067944611
3046,3.223140525006971
3047,3.293540815637109
3048,2.796002105528623
3049,2.854990527032272
3050,3.00292219291538
3051,3.00292219291538
3052,3.00292219291538
3053,3.00292219291538
3054,3.00292219291538
3055,4.009640818452226
3056,4.267999865657915
3057,4.252364813243482
3058,4.274573687986011
3059,4.269068872501744
3060,4.571069393906084
3061,4.450103370359314
3062,4.87749398951515
3063,5.3411845410167835
3064,4.683346654282553
3065,4.425493651562516
3066,4.267999865657915
3067,4.267999865657915
3068,4.267999865657915
3069,4.267999865657915
3070,4.267999865657915
3071,7.688363413087368
3072,4.69134422189012
3073,4.6475387365119625
3074,4.719286032379794
3075,4.692325339282996
3076,5.794710213706496
3077,4.948935390675028
3078,3.35188160616139
3079,3.714111100077139
3080,6.058690314506059
3081,4.760600842692173
3082,4.69134422189012
3083,4.69134422189012
3084,4.69134422189012
3085,4.69134422189012
3086,4.69134422189012
3087,4.563629322998814
3088,4.8782582467857525
3089,4.373054086096319
3090,4.374015078593189
3091,4.88619944097436
3092,4.346535316252985
3093,3.7330948310542036
3094,6.34429745330069
3095,7.268834106489171
3096,3.867078256494072
3097,4.831557226686554
3098,4.8782582467857525
3099,4.8782582467857525
3100,4.8782582467857525
3101,4.8782582467857525
3102,4.8782582467857525
3103,4.5050702190863126
3104,6.393801040653461
3105,6.24896803396081
3106,6.435464881092774
3107,6.393414161794782
3108,9.159708240510675
3109,5.747280388148973
3110,6.481833868422027
3111,4.634887274237874
3112,5.011266042281344
3113,6.389524165577274
3114,6.393801040653461
3115,6.393801040653461
3116,6.393801040653461
3117,6.393801040653461
3118,6.393801040653461
3119,4.615640772356865
3120,4.229907228234531
3121,4.467293113163164
3122,4.306364663912486
3123,4.229774075389555
3124,2.749901307699544
3125,5.187515416598574
3126,4.948246196102724
3127,4.42660753822302
3128,5.431020855019195
3129,4.255181658674324
3130,4.229907228234531
3131,4.229907228234531
3132,4.229907228234531
3133,4.229907228234531
3134,4.229907228234531
3135,6.280120209072913
3136,10.022372817038509
3137,10.67286301702262
3138,9.968307423023438
3139,10.022020540974612
3140,7.083340293075827
3141,10.81338046536002
3142,7.063324977311342
3143,6.601203934704956
3144,9.318722216666199
3145,10.027163756208783
3146,10.022372817038509
3147,10.022372817038509
3148,10.022372817038509
3149,10.022372817038509
3150,10.022372817038509
3151,3.6778709938489826
3152,3.527630371178215
3153,2.8555101469207056
3154,3.124513985050929
3155,3.5256184880773045
3156,4.123331696886504
3157,4.122677901102047
3158,4.682584410080375
3159,4.689406747583702
3160,3.784968844925721
3161,3.5031513495487725
3162,3.527630371178215
3163,3.527630371178215
3164,3.527630371178215
3165,3.527630371178215
3166,3.527630371178215
3167,6.991679074683389
3168,5.291768302089406
3169,5.296958735691866
3170,6.749978567385145
3171,5.291500269344441
3172,4.640117595686238
3173,4.856066889983582
3174,4.816082180573174
3175,4.792117780216604
3176,5.629312519067216
3177,5.372105213296011
3178,5.291768302089406
3179,5.291768302089406
3180,5.291768302089406
3181,5.291768302089406
3182,5.291768302089406
3183,4.2012643827587635
3184,3.9901713976317916
3185,4.163337562178601
3186,4.01634568387682
3187,3.988200694516183
3188,5.656677797496618
3189,3.7339203781354002
3190,4.0791229105832585
3191,5.371581883552864
3192,3.5473254282290942
3193,3.9133576358858373
3194,3.9901713976317916
3195,3.9901713976317916
3196,3.9901713976317916
3197,3.9901713976317916
3198,3.9901713976317916
3199,6.459857310748356
3200,7.936768131676491
3201,8.015172070239347
3202,7.941173218088689
3203,7.936017495460862
3204,6.380342695282088
3205,7.0010666440486595
3206,7.367960847108857
3207,5.595586710019577
3208,5.561717777292091
3209,7.8032468204701475
3210,7.936768131676491
3211,7.936768131676491
3212,7.936768131676491
3213,7.936768131676491
3214,7.936768131676491
3215,2.5739534137223123
3216,3.8153326959018625
3217,3.8466362941794907
3218,3.7570565034089367
3219,3.8110347386632517
3220,3.686474857661304
3221,4.933589221423698
3222,5.158865250478412
3223,4.91600193065627
3224,5.622188274317506
3225,3.834704679973085
3226,3.8153326959018625
3227,3.8153326959018625
3228,3.8153326959018625
3229,3.8153326959018625
3230,3.8153326959018625
3231,11.856839136710983
3232,2.5129274802393287
3233,2.4672349840349073
3234,3.2325646843601668
3235,2.513622494338017
3236,3.105476670944109
3237,2.875932507967718
3238,2.478757525191837
3239,2.371520170721434
3240,2.897736536596203
3241,2.5857407762597333
3242,2.5129274802393287
3243,2.5129274802393287
3244,2.5129274802393287
3245,2.5129274802393287
3246,2.5129274802393287
3247,4.702581315956931
3248,6.615865181597001
3249,6.321512888115964
3250,5.537646196288272
3251,6.619542545748007
3252,6.5525281636973105
3253,5.384794407073569
3254,5.7851563568465885
3255,8.797851583278849
3256,5.9458236397089035
3257,6.351790114953788
3258,6.615865181597001
3259,6.615865181597001
3260,6.615865181597001
3261,6.615865181597001
3262,6.615865181597001
3263,4.813748216461477
3264,6.201539883189663
3265,6.231150219612321
3266,6.270445528451653
3267,6.201113341114319
3268,6.15797848155422
3269,6.230189403980525
3270,5.296549978790282
3271,4.691986519679414
3272,5.065666663665102
3273,6.3534142963746
3274,6.201539883189663
3275,6.201539883189663
3276,6.201539883189663
3277,6.201539883189663
3278,6.201539883189663
3279,3.4097402545363593
3280,4.02766358498575
3281,3.649900012766504
3282,4.070820474311863
3283,4.0261246088857385
3284,4.249840644052062
3285,4.102481293015404
3286,4.667592355853974
3287,6.069519101855066
3288,4.767206206217718
3289,3.9163173770321444
3290,4.02766358498575
3291,4.02766358498575
3292,4.02766358498575
3293,4.02766358498575
3294,4.02766358498575
3295,7.901788707430545
3296,7.5303512021491255
3297,8.3583176411454
3298,7.539176396572712
3299,7.529652955638075
3300,7.663437412879717
3301,7.249540559883588
3302,7.298678643287456
3303,5.030727231713465
3304,6.860410613483913
3305,7.47777835455502
3306,7.5303512021491255
3307,7.5303512021491255
3308,7.5303512021491255
3309,7.5303512021491255
3310,7.5303512021491255
3311,4.788570371001539
3312,4.863768596593804
3313,4.879258061179693
3314,4.789587160732908
3315,4.8657911972998384
3316,4.262728757718196
3317,4.604075557555226
3318,4.376555753319868
3319,5.192148247051381
3320,5.231429977142957
3321,5.030776640197449
3322,4.863768596593804
3323,4.863768596593804
3324,4.863768596593804
3325,4.863768596593804
3326,4.863768596593804
3327,4.259525018305161
3328,4.417718753945985
3329,4.62999320133126
3330,4.60118962277036
3331,4.417995636752845
3332,4.094616417457332
3333,4.61752531735049
3334,3.584617969827995
3335,6.1375469881930105
3336,3.442265770820821
3337,4.487427625158724
3338,4.417718753945985
3339,4.417718753945985
3340,4.417718753945985
3341,4.417718753945985
3342,4.417718753945985
3343,3.9560573167694835
3344,3.8952006195072606
3345,3.851576459181765
3346,4.041174413128374
3347,3.893840075366425
3348,5.252842904989191
3349,4.249531107779963
3350,3.7908510108254836
3351,3.01475354953647
3352,4.84291528799621
3353,3.8753917010502135
3354,3.8952006195072606
3355,3.8952006195072606
3356,3.8952006195072606
3357,3.8952006195072606
3358,3.8952006195072606
3359,5.483950662802373
3360,7.117656030917642
3361,7.0520070064811735
3362,7.253776667596323
3363,7.116888010177224
3364,4.564342769715297
3365,6.561711699299992
3366,5.776446895323459
3367,8.373714643687379
3368,8.569922713402242
3369,6.8671106483252995
3370,7.117656030917642
3371,7.117656030917642
3372,7.117656030917642
3373,7.117656030917642
3374,7.117656030917642
3375,4.4622028836217495
3376,5.056586723630472
3377,5.307489789032077
3378,4.777815526734396
3379,5.063365002642643
3380,6.384953410993689
3381,4.742202115576145
3382,7.060166683022296
3383,4.026533444898587
3384,4.052866593517303
3385,5.2424865034886645
3386,5.056586723630472
3387,5.056586723630472
3388,5.056586723630472
3389,5.056586723630472
3390,5.056586723630472
3391,5.42142855190181
3392,3.211957021130061
3393,3.2129147927074544
3394,3.160187766361366
3395,3.211067659927661
3396,4.335805742950459
3397,3.4418482425016346
3398,3.067776682470681
3399,4.501790330320854
3400,3.2345045096163725
3401,3.110650448405125
3402,3.211957021130061
3403,3.211957021130061
3404,3.211957021130061
3405,3.211957021130061
3406,3.211957021130061
3407,6.1639380077756565
3408,14.499728169635
3409,10.515732247675222
3410,9.831440162121641
3411,14.46372774677066
3412,9.801694352862325
3413,10.315072392366377
3414,15.43367281798244
3415,10.129928188277432
3416,14.758813457284033
3417,14.793691454461394
3418,14.499728169635
3419,14.499728169635
3420,14.499728169635
3421,14.499728169635
3422,14.499728169635
3423,3.806383593107156
3424,4.552424817372484
3425,4.474398594997581
3426,6.049613362374812
3427,4.552663656992023
3428,6.1115584575344135
3429,4.252996253999801
3430,3.5397164440723463
3431,5.79227492440934
3432,4.758061624811953
3433,4.654058447680755
3434,4.552424817372484
3435,4.552424817372484
3436,4.552424817372484
3437,4.552424817372484
3438,4.552424817372484
3439,7.074627463051495
3440,3.268781313453394
3441,3.5467125116638556
3442,3.5158244056017596
3443,3.268561506115593
3444,2.6629263400190752
3445,3.9187817164588576
3446,4.930860281533238
3447,2.7901899560628554
3448,3.2661120320647368
3449,3.2075959481671723
3450,3.268781313453394
3451,3.268781313453394
3452,3.268781313453394
3453,3.268781313453394
3454,3.268781313453394
3455,4.4296192450200955
3456,4.021389573192907
3457,4.0249937356698275
3458,3.8247966737677177
3459,4.02036788923756
3460,4.289050049855246
3461,3.8939212923095456
3462,4.821620631137034
3463,5.794637707190931
3464,4.976742737752455
3465,3.979717147417407
3466,4.021389573192907
3467,4.021389573192907
3468,4.021389573192907
3469,4.021389573192907
3470,4.021389573192907
3471,8.411661409520997
3472,6.837765483191075
3473,6.973807577464204
3474,6.265589401229908
3475,6.841144182171658
3476,5.603907209288668
3477,6.708071007327994
3478,6.967975493647256
3479,5.187533257128166
3480,5.3863040960309
3481,6.913877819448557
3482,6.837765483191075
3483,6.837765483191075
3484,6.837765483191075
3485,6.837765483191075
3486,6.837765483191075
3487,3.1835803304882804
3488,6.063327111218429
3489,5.72958121700658
3490,7.972141590044386
3491,6.066475021029269
3492,5.557148512666066
3493,6.289277997394208
3494,4.22008312630048
3495,7.787150173960939
3496,3.6580051857355107
3497,6.019542263179387
3498,6.063327111218429
3499,6.063327111218429
3500,6.063327111218429
3501,6.063327111218429
3502,6.063327111218429
3503,3.5345985372235735
3504,3.4210663634787295
3505,3.449098328669512
3506,3.448356643300708
3507,3.4192774377936743
3508,3.9701636250861387
3509,3.6069375308734926
3510,3.6366180835328166
3511,3.182040630579476
3512,5.379041537650667
3513,3.3886633565142974
3514,3.4210663634787295
3515,3.4210663634787295
3516,3.4210663634787295
3517,3.4210663634787295
3518,3.4210663634787295
3519,6.386034859838124
3520,3.216545213876707
3521,3.205727622795051
3522,3.2563474682680784
3523,3.2165352034379198
3524,3.776081928051861
3525,2.643195098392822
3526,3.7591932524149096
3527,4.436408319898456
3528,2.894248358317067
3529,3.2310548748182444
3530,3.216545213876707
3531,3.216545213876707
3532,3.216545213876707
3533,3.216545213876707
3534,3.216545213876707
3535,4.650994211019689
3536,5.528203307359994
3537,5.779747390989989
3538,6.115699748727398
3539,5.531534118536872
3540,5.7686496204715985
3541,6.412938642070575
3542,5.730410484759546
3543,3.921702260510024
3544,6.535783446822992
3545,5.577021725818554
3546,5.528203307359994
3547,5.528203307359994
3548,5.528203307359994
3549,5.528203307359994
3550,5.528203307359994
3551,7.185359310166174
3552,4.001947606958758
3553,4.0044871892164595
3554,3.9271167400808915
3555,4.0017501828879185
3556,3.596412240959565
3557,4.616176451732102
3558,3.2981816807753987
3559,4.567448985455459
3560,3.5421630133825617
3561,3.933496647707574
3562,4.001947606958758
3563,4.001947606958758
3564,4.001947606958758
3565,4.001947606958758
3566,4.001947606958758
3567,3.2420745587585333
3568,7.792466471461778
3569,7.864067598533066
3570,7.314711787063753
3571,7.793221677722339
3572,6.994534318651503
3573,6.806787769786043
3574,8.980887473498582
3575,5.664934020593492
3576,9.335160656446405
3577,7.955153441824143
3578,7.792466471461778
3579,7.792466471461778
3580,7.792466471461778
3581,7.792466471461778
3582,7.792466471461778
3583,5.962535164007886
3584,5.373835811678967
3585,5.367711370323373
3586,5.5477484366178285
3587,5.373006010704307
3588,4.8632574259634325
3589,6.24264159086735
3590,6.012805148257389
3591,5.145638287015144
3592,4.190335544449048
3593,5.357679161000222
3594,5.373835811678967
3595,5.373835811678967
3596,5.373835811678967
3597,5.373835811678967
3598,5.373835811678967
3599,4.811860963628234
3600,5.522437031159488
3601,6.466605417262692
3602,6.178362517121553
3603,5.523870373068585
3604,6.672799573790124
3605,4.43824020698428
3606,4.052084059843865
3607,4.737851418621811
3608,7.457531128801685
3609,5.414876007208142
3610,5.522437031159488
3611,5.522437031159488
3612,5.522437031159488
3613,5.522437031159488
3614,5.522437031159488
3615,6.168782583793759
3616,4.784896292060789
3617,4.7375544550356095
3618,4.836181898951641
3619,4.785289544985292
3620,5.028918268146366
3621,4.344383052656286
3622,4.671153795306253
3623,4.8233805744588665
3624,6.460735532117012
3625,4.878960471447762
3626,4.784896292060789
3627,4.784896292060789
3628,4.784896292060789
3629,4.784896292060789
3630,4.784896292060789
3631,5.969682818314903
3632,4.855193500708223
3633,4.649307402668283
3634,4.403715449772838
3635,4.847524255859263
3636,4.12475677310013
3637,5.999979085937567
3638,5.606293393196549
3639,5.928115219042182
3640,3.6367329925084957
3641,4.753079978275538
3642,4.855193500708223
3643,4.855193500708223
3644,4.855193500708223
3645,4.855193500708223
3646,4.855193500708223
3647,4.567755127626211
3648,2.914359135979029
3649,2.945631167170151
3650,2.713546605256113
3651,2.9154149808635546
3652,2.539114914539847
3653,2.9131901037854178
3654,3.5361480468922437
3655,3.461955766030481
3656,2.778849107061903
3657,2.9471676498333057
3658,2.914359135979029
3659,2.914359135979029
3660,2.914359135979029
3661,2.914359135979029
3662,2.914359135979029
3663,3.261202014975482
3664,9.681198108958018
3665,8.297317036352782
3666,8.007246402250686
3667,9.701969691982308
3668,9.048389103215637
3669,9.121085518295619
3670,8.415602869710643
3671,10.140070914701278
3672,10.577083294880117
3673,9.602805573095484
3674,9.681198108958018
3675,9.681198108958018
3676,9.681198108958018
3677,9.681198108958018
3678,9.681198108958018
3679,6.599625380167634
3680,4.511983076412006
3681,4.60850164709867
3682,5.305094977417851
3683,4.511839272402678
3684,5.080170700104658
3685,4.697390280261673
3686,4.460840693277755
3687,4.05091309109436
3688,4.71323347005181
3689,4.522055592724577
3690,4.511983076412006
3691,4.511983076412006
3692,4.511983076412006
3693,4.511983076412006
3694,4.511983076412006
3695,6.1960523239155965
3696,4.072006660413571
3697,4.170859218731571
3698,4.195378136149084
3699,4.0719627885083165
3700,4.45569304091093
3701,4.150808212002687
3702,4.5892260747522755
3703,3.9042119173012635
3704,3.728960209927324
3705,4.151142439496136
3706,4.072006660413571
3707,4.072006660413571
3708,4.072006660413571
3709,4.072006660413571
3710,4.072006660413571
3711,4.686191412748877
3712,3.9030081008600312
3713,3.9043738368353083
3714,3.815901040099539
3715,3.9037756017546026
3716,2.4956600343036195
3717,3.281910381269251
3718,5.57020463606474
3719,4.695772284363664
3720,5.832538789381044
3721,3.9982306646066883
3722,3.9030081008600312
3723,3.9030081008600312
3724,3.9030081008600312
3725,3.9030081008600312
3726,3.9030081008600312
3727,5.141719825846663
3728,8.644179278943021
3729,7.524045555217468
3730,6.511236824661545
3731,8.63479419187246
3732,11.313356370720973
3733,9.318016079117186
3734,7.099681077391682
3735,9.704794239812912
3736,5.713521208185416
3737,8.414820732186126
3738,8.644179278943021
3739,8.644179278943021
3740,8.644179278943021
3741,8.644179278943021
3742,8.644179278943021
3743,5.335333028967562
3744,4.7788034755156135
3745,4.5599897447682025
3746,6.940322164714024
3747,4.777125087763702
3748,4.366419648217021
3749,6.148623268611413
3750,4.541711355312305
3751,4.3179162092276435
3752,4.161942205814503
3753,4.717784355889944
3754,4.7788034755156135
3755,4.7788034755156135
3756,4.7788034755156135
3757,4.7788034755156135
3758,4.7788034755156135
3759,4.69017440975786
3760,3.689351776231743
3761,4.05017025817821
3762,3.7920570225225303
3763,3.6900590324731173
3764,5.172332815743036
3765,3.4315605566403695
3766,2.9545113238042107
3767,3.9037493258633456
3768,4.477362479809423
3769,3.7891090981706466
3770,3.689351776231743
3771,3.689351776231743
3772,3.689351776231743
3773,3.689351776231743
3774,3.689351776231743
3775,5.320977105208039
3776,3.5399277347086895
3777,3.7538315577526937
3778,3.6014771719022125
3779,3.5404586122484583
3780,4.57223966533844
3781,3.899048257525874
3782,5.43183587307979
3783,3.361411604749791
3784,3.760994609928077
3785,3.5035033908784117
3786,3.5399277347086895
3787,3.5399277347086895
3788,3.5399277347086895
3789,3.5399277347086895
3790,3.5399277347086895
3791,7.988638563388014
3792,7.374507574195486
3793,6.699932578854229
3794,7.564784093785825
3795,7.366085633489226
3796,6.262592966245452
3797,7.912896189692327
3798,5.806965102531531
3799,5.718601358067631
3800,6.53380048743322
3801,7.457312241374969
3802,7.374507574195486
3803,7.374507574195486
3804,7.374507574195486
3805,7.374507574195486
3806,7.374507574195486
3807,3.369605603590458
3808,3.0906357498472605
3809,3.1770100446085356
3810,3.005766853078397
3811,3.090814536838855
3812,4.012489101629431
3813,3.088550536639893
3814,3.2295735576520976
3815,3.0683102789292955
3816,3.6886512566346683
3817,3.1807520392167223
3818,3.0906357498472605
3819,3.0906357498472605
3820,3.0906357498472605
3821,3.0906357498472605
3822,3.0906357498472605
3823,4.789843042559172
3824,8.097296416447973
3825,9.167317316530873
3826,7.731002772975689
3827,8.0959406711713
3828,5.787564389178823
3829,7.390472726498688
3830,7.680571994086503
3831,9.11090539590831
3832,6.568257118233787
3833,7.7572459124024515
3834,8.097296416447973
3835,8.097296416447973
3836,8.097296416447973
3837,8.097296416447973
3838,8.097296416447973
3839,4.60003100794835
3840,4.631530651350051
3841,4.640049681072633
3842,4.678078103380737
3843,4.630773146761488
3844,5.4909368393384055
3845,4.634572516004123
3846,4.074794393099038
3847,4.038677240067603
3848,5.7506041783607875
3849,4.4814715409310955
3850,4.631530651350051
3851,4.631530651350051
3852,4.631530651350051
3853,4.631530651350051
3854,4.631530651350051
3855,5.3084706958492385
3856,5.136376543073425
3857,5.142612883100848
3858,5.12951106996875
3859,5.129956319609549
3860,5.336349321050701
3861,5.354084624133977
3862,5.245821522750565
3863,5.056167419162392
3864,3.565029080655955
3865,5.263799934201502
3866,5.136376543073425
3867,5.136376543073425
3868,5.136376543073425
3869,5.136376543073425
3870,5.136376543073425
3871,3.9646685388009177
3872,6.256899383218221
3873,6.482903836688438
3874,6.288557504384752
3875,6.257641522441497
3876,4.8873866537547865
3877,6.1679697932293625
3878,8.350045639454967
3879,6.899916727251052
3880,4.538399901919487
3881,6.343982860098056
3882,6.256899383218221
3883,6.256899383218221
3884,6.256899383218221
3885,6.256899383218221
3886,6.256899383218221
3887,5.45600452086658
3888,4.878513994551422
3889,4.8588686653562725
3890,4.828469469348337
3891,4.879979897273094
3892,4.907738332009164
3893,4.803578792226526
3894,4.431114455564651
3895,4.542135237274999
3896,6.6313668527645335
3897,4.778933327816252
3898,4.878513994551422
3899,4.878513994551422
3900,4.878513994551422
3901,4.878513994551422
3902,4.878513994551422
3903,5.354698421719333
3904,6.896466351854714
3905,6.897017027338175
3906,6.8492158223505895
3907,6.896903569522471
3908,6.925773115011691
3909,8.233585058986499
3910,6.2580859857292985
3911,6.629344248112862
3912,6.829519576525422
3913,7.074994725797603
3914,6.896466351854714
3915,6.896466351854714
3916,6.896466351854714
3917,6.896466351854714
3918,6.896466351854714
3919,7.440914193472256
3920,3.7837609958616008
3921,3.698319184346464
3922,3.5232585332381032
3923,3.7849152477954444
3924,3.4364852410237545
3925,3.160699577476859
3926,3.776637754625449
3927,4.241655245181537
3928,3.853153405573019
3929,3.774697360756019
3930,3.7837609958616008
3931,3.7837609958616008
3932,3.7837609958616008
3933,3.7837609958616008
3934,3.7837609958616008
3935,3.054165017961689
3936,5.622881237432014
3937,5.6110357986527575
3938,6.880204789224088
3939,5.621659252903544
3940,5.5027018643645
3941,4.8981005245156695
3942,6.478267999019572
3943,5.952891430906554
3944,5.87645336278647
3945,5.4260759965663485
3946,5.622881237432014
3947,5.622881237432014
3948,5.622881237432014
3949,5.622881237432014
3950,5.622881237432014
3951,6.508763341480733
3952,4.628126035463348
3953,4.628571843098911
3954,4.421224934072021
3955,4.632428611066357
3956,5.065642384408828
3957,5.180009732748382
3958,3.8690177086826356
3959,4.375576779022203
3960,4.68764952427537
3961,4.75949204467044
3962,4.628126035463348
3963,4.628126035463348
3964,4.628126035463348
3965,4.628126035463348
3966,4.628126035463348
3967,4.329171929370105
3968,4.5117354566019605
3969,4.9554375484130215
3970,4.4889935448021685
3971,4.512241527070944
3972,6.157280447482531
3973,4.900971732969067
3974,5.4108533711174935
3975,4.565089738641642
3976,4.26677342417548
3977,4.516561772101974
3978,4.5117354566019605
3979,4.5117354566019605
3980,4.5117354566019605
3981,4.5117354566019605
3982,4.5117354566019605
3983,8.854985586016271
3984,3.7215495713872073
3985,3.6199019368896854
3986,3.6764655905513606
3987,3.7253216174982358
3988,2.5301313330235398
3989,3.9187224984863
3990,3.998763386834846
3991,4.046709867245732
3992,3.8583624675456303
3993,3.7385550315116762
3994,3.7215495713872073
3995,3.7215495713872073
3996,3.7215495713872073
3997,3.7215495713872073
3998,3.7215495713872073
3999,3.1636445797783668
4000,3.5470236593307
4001,3.506807271500635
4002,5.289078070281856
4003,3.545717016341559
4004,4.220340791189058
4005,3.263616504405072
4006,4.429561537410489
4007,3.9278943535257644
4008,4.738987067633669
4009,3.494831734911451
4010,3.5470236593307
4011,3.5470236593307
4012,3.5470236593307
4013,3.5470236593307
4014,3.5470236593307
4015,7.387822063373973
4016,7.381292852529303
4017,7.892294058667203
4018,7.0302987760828906
4019,7.379778733747863
4020,6.887404155664711
4021,6.44804547358429
4022,4.95621137291214
4023,6.922467020486602
4024,5.213717558376471
4025,7.54096868974882
4026,7.381292852529303
4027,7.381292852529303
4028,7.381292852529303
4029,7.381292852529303
4030,7.381292852529303
4031,2.7186496918310996
4032,6.365983643784558
4033,6.397953718837356
4034,6.4012840607789085
4035,6.366214876145736
4036,5.509055357404209
4037,5.645282211111316
4038,6.708085663549389
4039,5.279237485517436
4040,7.590353741585193
4041,6.270775108912436
4042,6.365983643784558
4043,6.365983643784558
4044,6.365983643784558
4045,6.365983643784558
4046,6.365983643784558
4047,4.743511732743608
4048,5.257936083505996
4049,4.511134343696355
4050,4.765508591118811
4051,5.260672954053684
4052,7.818001009076512
4053,5.953808892229834
4054,5.079314994199301
4055,5.220111269979433
4056,4.585560181136417
4057,5.303335262744105
4058,5.257936083505996
4059,5.257936083505996
4060,5.257936083505996
4061,5.257936083505996
4062,5.257936083505996
4063,5.943619122615775
4064,5.702297346381676
4065,5.692450606837872
4066,5.6816629697981185
4067,5.7020054390684765
4068,3.9988563628689477
4069,7.385887638772083
4070,7.291645502695037
4071,5.928808742116333
4072,6.513486924114402
4073,5.695335964660223
4074,5.702297346381676
4075,5.702297346381676
4076,5.702297346381676
4077,5.702297346381676
4078,5.702297346381676
4079,7.7035231082807245
4080,4.88142125376692
4081,5.195785576157385
4082,4.97438428678722
4083,4.8813336711928095
4084,5.883490682962795
4085,4.514373608379328
4086,3.2177070384612882
4087,4.652742033058439
4088,4.352000634483561
4089,4.858305838475806
4090,4.88142125376692
4091,4.88142125376692
4092,4.88142125376692
4093,4.88142125376692
4094,4.88142125376692
4095,3.3673363268436534
4096,4.329178343929043
4097,4.448880077296639
4098,4.304095961600667
4099,4.328795496925866
4100,4.813621774960537
4101,4.0532355344884845
4102,3.573262474163654
4103,5.473364326104034
4104,5.935842426876834
4105,4.180613955963381
4106,4.329178343929043
4107,4.329178343929043
4108,4.329178343929043
4109,4.329178343929043
4110,4.329178343929043
4111,6.429254757448706
4112,3.4570668100903226
4113,3.400064768650861
4114,3.4606358804902007
4115,3.458069245511118
4116,3.9547896152748634
4117,3.275478208212555
4118,3.3855287944320804
4119,3.6047344637441054
4120,2.6605728490261638
4121,3.613154717549355
4122,3.4570668100903226
4123,3.4570668100903226
4124,3.4570668100903226
4125,3.4570668100903226
4126,3.4570668100903226
4127,3.040723692749898
4128,7.805718564010511
4129,7.871029206010209
4130,7.8046645869520885
4131,7.80515403611661
4132,7.4385141238783765
4133,8.085490962637328
4134,6.789193199559505
4135,6.889998457093127
4136,6.060446736265219
4137,7.852160137734251
4138,7.805718564010511
4139,7.805718564010511
4140,7.805718564010511
4141,7.805718564010511
4142,7.805718564010511
4143,4.700782041510587
4144,3.999957772360604
4145,4.373875466497442
4146,4.199029260063957
4147,4.0025572795323265
4148,3.5376283667260218
4149,4.167919897767505
4150,6.1386190084248105
4151,3.9277986352185597
4152,5.365911613578501
4153,3.985216697495696
4154,3.999957772360604
4155,3.999957772360604
4156,3.999957772360604
4157,3.999957772360604
4158,3.999957772360604
4159,8.587585873607999
4160,5.79820356480736
4161,5.761425232727451
4162,5.790026300102356
4163,5.7963926407596915
4164,5.054793651261318
4165,5.645153389738405
4166,4.964517916352654
4167,5.327348130742485
4168,5.398139653600274
4169,5.769205593656907
4170,5.79820356480736
4171,5.79820356480736
4172,5.79820356480736
4173,5.79820356480736
4174,5.79820356480736
4175,3.668817032951253
4176,6.116878579713281
4177,4.898430251325682
4178,5.1339948373517155
4179,6.108028006969857
4180,6.515369002965567
4181,8.95607451296233
4182,5.865404996089599
4183,5.314596382625999
4184,6.5435104537049975
4185,6.1456270165169675
4186,6.116878579713281
4187,6.116878579713281
4188,6.116878579713281
4189,6.116878579713281
4190,6.116878579713281
4191,6.200050810357546
4192,4.248203817386662
4193,4.202851473521371
4194,4.424551481839367
4195,4.247950762235169
4196,5.211974253684989
4197,4.553286155951122
4198,3.1665616242277217
4199,4.291715514143371
4200,4.282345094421821
4201,4.014428960792486
4202,4.248203817386662
4203,4.248203817386662
4204,4.248203817386662
4205,4.248203817386662
4206,4.248203817386662
4207,4.026160094307681
4208,5.480616160757661
4209,6.513107249022992
4210,5.390335887280003
4211,5.481024637997764
4212,5.0293780076565975
4213,4.106272030717146
4214,7.685409370342482
4215,6.39691760501177
4216,5.145503951050094
4217,5.742944362811349
4218,5.480616160757661
4219,5.480616160757661
4220,5.480616160757661
4221,5.480616160757661
4222,5.480616160757661
4223,6.447573993289439
4224,6.110693929664544
4225,6.100061259820368
4226,6.1727791407795936
4227,6.112547681732062
4228,4.3051718084016155
4229,6.217002505918325
4230,7.535774412426728
4231,5.698909668418523
4232,5.240064845698027
4233,5.923149021431089
4234,6.110693929664544
4235,6.110693929664544
4236,6.110693929664544
4237,6.110693929664544
4238,6.110693929664544
4239,4.250962295841711
4240,6.71371057216641
4241,6.3880738624347355
4242,5.220452102202213
4243,6.712188883209715
4244,8.651184933014989
4245,6.972196218076981
4246,6.8567798414590655
4247,5.514458015530921
4248,8.107709248111487
4249,6.797089667253757
4250,6.71371057216641
4251,6.71371057216641
4252,6.71371057216641
4253,6.71371057216641
4254,6.71371057216641
4255,6.956162717591522
4256,5.423553416806173
4257,5.290094808761364
4258,5.83639459733115
4259,5.427938656599865
4260,4.548200888254584
4261,5.516283284366193
4262,4.058342595417836
4263,5.519245394891026
4264,8.318553507285309
4265,5.236763193740237
4266,5.423553416806173
4267,5.423553416806173
4268,5.423553416806173
4269,5.423553416806173
4270,5.423553416806173
4271,5.425896556970971
4272,3.54085032051689
4273,3.5729840677855274
4274,3.5231096081462816
4275,3.5405971098352653
4276,4.491049603223745
4277,3.543032027253083
4278,4.099721866867613
4279,3.9557812700486865
4280,2.4391000937292335
4281,3.6804715750160986
4282,3.54085032051689
4283,3.54085032051689
4284,3.54085032051689
4285,3.54085032051689
4286,3.54085032051689
4287,4.1651969624384835
4288,2.4696635023515903
4289,2.4819914042302034
4290,2.5356649801669606
4291,2.4708261561247915
4292,3.4099600897892834
4293,2.7562640735224284
4294,2.598550283006641
4295,3.0514220857064687
4296,2.5324133712328405
4297,2.4253925131207392
4298,2.4696635023515903
4299,2.4696635023515903
4300,2.4696635023515903
4301,2.4696635023515903
4302,2.4696635023515903
4303,5.129684141182782
4304,6.449546203782204
4305,6.97553201419104
4306,6.1499146179999515
4307,6.460680604907515
4308,5.782061390683675
4309,5.457806904111917
4310,6.0923997761940605
4311,6.969784894487688
4312,5.931854234513169
4313,6.644672762515302
4314,6.449546203782204
4315,6.449546203782204
4316,6.449546203782204
4317,6.449546203782204
4318,6.449546203782204
4319,4.8278595039364225
4320,6.534474521159354
4321,6.542733910431785
4322,6.485936148884556
4323,6.534791262651552
4324,8.424702404818937
4325,5.515102361916722
4326,5.196891231340374
4327,5.688516782740205
4328,8.012378740262003
4329,6.483799566301514
4330,6.534474521159354
4331,6.534474521159354
4332,6.534474521159354
4333,6.534474521159354
4334,6.534474521159354
4335,5.901627935447265
4336,5.34590545816104
4337,5.278719079685545
4338,5.556918206123123
4339,5.347052403398691
4340,3.332287273339624
4341,6.220940515303275
4342,5.910717061666294
4343,5.5486067442154985
4344,4.1832211300833215
4345,5.4073978562426825
4346,5.34590545816104
4347,5.34590545816104
4348,5.34590545816104
4349,5.34590545816104
4350,5.34590545816104
4351,3.6036895479004585
4352,4.326966211295198
4353,4.318288733063722
4354,4.223205389123828
4355,4.329402129473634
4356,4.822309215008517
4357,3.9533086094857075
4358,2.824939927743973
4359,4.168189485512591
4360,3.599191987962303
4361,4.3783590861331545
4362,4.326966211295198
4363,4.326966211295198
4364,4.326966211295198
4365,4.326966211295198
4366,4.326966211295198
4367,2.2644392273800906
4368,4.5509453782923055
4369,4.32154198091555
4370,4.267088657671086
4371,4.553334373066879
4372,4.511476974837325
4373,5.76535786563275
4374,5.430840856461418
4375,5.222197134523652
4376,5.3081523001993
4377,4.440567103319551
4378,4.5509453782923055
4379,4.5509453782923055
4380,4.5509453782923055
4381,4.5509453782923055
4382,4.5509453782923055
4383,7.864668214705203
4384,3.0921959900007288
4385,2.9841094589864015
4386,3.0773907826646147
4387,3.093188007387652
4388,2.868731968569932
4389,3.436659743736928
4390,3.1102656799972546
4391,3.1288213850817606
4392,3.694293987258404
4393,3.232617401081342
4394,3.0921959900007288
4395,3.0921959900007288
4396,3.0921959900007288
4397,3.0921959900007288
4398,3.0921959900007288
4399,3.92004499238663
4400,10.185869176495823
4401,11.039999054844493
4402,12.086212577044101
4403,10.190207433103605
4404,10.344040357042402
4405,8.018194148209849
4406,11.488001668930723
4407,9.111320127796022
4408,8.25557109618778
4409,9.960682650588597
4410,10.185869176495823
4411,10.185869176495823
4412,10.185869176495823
4413,10.185869176495823
4414,10.185869176495823
4415,8.385406479758664
4416,5.773073990484427
4417,6.406651827115324
4418,6.129532449062164
4419,5.773025116947995
4420,5.889551235519505
4421,5.146764810128985
4422,4.1555264689392
4423,5.295647185818435
4424,5.915151590113696
4425,5.914645232249009
4426,5.773073990484427
4427,5.773073990484427
4428,5.773073990484427
4429,5.773073990484427
4430,5.773073990484427
4431,4.777604376864088
4432,6.81195110502324
4433,5.979473551440776
4434,6.325523538488287
4435,6.813306243143969
4436,5.384539129888034
4437,6.058296791553421
4438,9.698623369466333
4439,6.884749425313327
4440,6.800067388963584
4441,6.59426176281239
4442,6.81195110502324
4443,6.81195110502324
4444,6.81195110502324
4445,6.81195110502324
4446,6.81195110502324
4447,6.236531864462555
4448,3.63911470968946
4449,3.6642410784565493
4450,3.760598882541356
4451,3.638907790845582
4452,3.840334514553363
4453,4.014677815142126
4454,3.764424423216423
4455,3.978196012317971
4456,3.666712538457239
4457,3.6777559138894564
4458,3.63911470968946
4459,3.63911470968946
4460,3.63911470968946
4461,3.63911470968946
4462,3.63911470968946
4463,4.8095027232689285
4464,4.47361109353444
4465,5.0725941599138835
4466,3.906255399973593
4467,4.468357953999641
4468,5.385261612842724
4469,5.253413378019085
4470,5.003441239102239
4471,4.160497317023222
4472,4.657328911867068
4473,4.407839039704467
4474,4.47361109353444
4475,4.47361109353444
4476,4.47361109353444
4477,4.47361109353444
4478,4.47361109353444
4479,5.804022800946712
4480,3.7849166895267756
4481,3.7227109012373343
4482,3.6183297532267136
4483,3.7826271084185503
4484,4.496308935031967
4485,4.145119919059346
4486,3.250730357390679
4487,3.2380205831254316
4488,5.545117352435405
4489,3.932055950206514
4490,3.7849166895267756
4491,3.7849166895267756
4492,3.7849166895267756
4493,3.7849166895267756
4494,3.7849166895267756
4495,6.31456335237231
4496,10.85806188909541
4497,11.727884495869814
4498,10.326182357379976
4499,10.853118445527542
4500,7.356872338402864
4501,9.050004917419768
4502,13.56136423807088
4503,10.52938769452394
4504,6.751223012811738
4505,10.26522324925239
4506,10.85806188909541
4507,10.85806188909541
4508,10.85806188909541
4509,10.85806188909541
4510,10.85806188909541
4511,4.5854139367789175
4512,3.4226352295125455
4513,3.2927823921673247
4514,3.934081626112542
4515,3.4217484316154994
4516,4.985257847156262
4517,2.9393074025866364
4518,3.385893824562491
4519,3.449802600835814
4520,2.778182279616154
4521,3.400570002301605
4522,3.4226352295125455
4523,3.4226352295125455
4524,3.4226352295125455
4525,3.4226352295125455
4526,3.4226352295125455
4527,3.4263745830111043
4528,6.228286339992887
4529,6.110668227514243
4530,6.066558204778181
4531,6.226581445428715
4532,5.273882560099522
4533,7.563163017378882
4534,5.381204188444617
4535,5.714627770958636
4536,7.276468596213265
4537,6.216169482865831
4538,6.228286339992887
4539,6.228286339992887
4540,6.228286339992887
4541,6.228286339992887
4542,6.228286339992887
4543,5.573830293618386
4544,4.243209363839902
4545,4.269999665373081
4546,4.188492933458273
4547,4.243017033946863
4548,3.9028441009790646
4549,4.1973015107364935
4550,3.738832590183407
4551,4.395701839758999
4552,4.927748496839414
4553,4.271667289167851
4554,4.243209363839902
4555,4.243209363839902
4556,4.243209363839902
4557,4.243209363839902
4558,4.243209363839902
4559,4.078531642182137
4560,5.746521735006618
4561,5.057169132948346
4562,4.6756112850413025
4563,5.74754372955166
4564,6.718351118451366
4565,5.549382846914086
4566,7.048127414587315
4567,6.644749162754766
4568,5.1749184902965135
4569,5.756899474113178
4570,5.746521735006618
4571,5.746521735006618
4572,5.746521735006618
4573,5.746521735006618
4574,5.746521735006618
4575,6.337305708670402
4576,3.1899303508771997
4577,3.3391685848098827
4578,3.2075517260191053
4579,3.189978617566636
4580,2.12673251203516
4581,3.226100644248938
4582,3.5347261652217474
4583,3.47516411091778
4584,3.744140352527066
4585,3.362865644485048
4586,3.1899303508771997
4587,3.1899303508771997
4588,3.1899303508771997
4589,3.1899303508771997
4590,3.1899303508771997
4591,3.3392994195174563
4592,6.399136414412324
4593,6.416648579855776
4594,6.81627532717523
4595,6.398404367607394
4596,8.63213760503733
4597,6.412300394918424
4598,6.247588199978507
4599,5.946777836970173
4600,5.52751660734628
4601,6.152658769680064
4602,6.399136414412324
4603,6.399136414412324
4604,6.399136414412324
4605,6.399136414412324
4606,6.399136414412324
4607,7.040420047760654
4608,6.169825347075503
4609,6.169982341617257
4610,6.131618623566731
4611,6.167521943438786
4612,8.645571056388505
4613,6.087994820704856
4614,5.157342578076835
4615,6.5917361303559545
4616,4.986790776333786
4617,6.1212236799980495
4618,6.169825347075503
4619,6.169825347075503
4620,6.169825347075503
4621,6.169825347075503
4622,6.169825347075503
4623,6.036481801759989
4624,4.378440478674596
4625,4.43388699293379
4626,3.967395886137706
4627,4.37578570214542
4628,3.775970044327927
4629,4.356557582018654
4630,4.028475284770126
4631,3.2859197462240495
4632,5.818988271337086
4633,4.371792783799953
4634,4.378440478674596
4635,4.378440478674596
4636,4.378440478674596
4637,4.378440478674596
4638,4.378440478674596
4639,3.112117080394492
4640,3.226156237866009
4641,3.334523684759452
4642,3.2298719734359187
4643,3.2259522106505494
4644,3.6991061597088835
4645,3.2514218087704174
4646,4.208742698707169
4647,4.89876006970608
4648,4.151507274764106
4649,3.0540856005786163
4650,3.226156237866009
4651,3.226156237866009
4652,3.226156237866009
4653,3.226156237866009
4654,3.226156237866009
4655,9.322778635785909
4656,7.266063459770437
4657,7.190568941990465
4658,8.108406623173392
4659,7.265110717345686
4660,5.063744449204006
4661,7.462005044679455
4662,6.572310090833395
4663,5.969334385034022
4664,5.716145404725896
4665,7.637277133513891
4666,7.266063459770437
4667,7.266063459770437
4668,7.266063459770437
4669,7.266063459770437
4670,7.266063459770437
4671,3.440202213524364
4672,5.456700780797685
4673,5.476409116553379
4674,5.788521198768943
4675,5.456757582826462
4676,3.451603716899849
4677,4.696056719454917
4678,5.1393678946926515
4679,7.187298803437883
4680,5.161198708734729
4681,5.257569130748974
4682,5.456700780797685
4683,5.456700780797685
4684,5.456700780797685
4685,5.456700780797685
4686,5.456700780797685
4687,3.497355318819503
4688,3.920297362977459
4689,3.583981068181974
4690,3.5879540641815173
4691,3.9195013680653217
4692,5.503766127852399
4693,4.654328459103251
4694,4.058899352688128
4695,3.4416145973201218
4696,4.053373240255407
4697,4.0922067638617365
4698,3.920297362977459
4699,3.920297362977459
4700,3.920297362977459
4701,3.920297362977459
4702,3.920297362977459
4703,5.495347514698623
4704,5.35450888529736
4705,5.353860658077379
4706,5.488128151907432
4707,5.355436879253037
4708,4.683789162143169
4709,6.2106844778393375
4710,6.782980603901841
4711,6.875925638680693
4712,5.542009787693159
4713,5.400638441752817
4714,5.35450888529736
4715,5.35450888529736
4716,5.35450888529736
4717,5.35450888529736
4718,5.35450888529736
4719,9.618134524606166
4720,4.8092666080879685
4721,4.825578440391143
4722,4.6451778363727305
4723,4.812362516076012
4724,5.862321322429952
4725,4.1029162404347845
4726,4.479078184674974
4727,3.059083617604497
4728,4.420609395719394
4729,4.817608840754434
4730,4.8092666080879685
4731,4.8092666080879685
4732,4.8092666080879685
4733,4.8092666080879685
4734,4.8092666080879685
4735,2.777247274614298
4736,4.015669644707773
4737,4.247158138632085
4738,4.033270151989846
4739,4.017809547038441
4740,3.5815877890940744
4741,3.689931559900828
4742,4.544354415141429
4743,4.928107529716716
4744,4.531173252127534
4745,3.944908923398829
4746,4.015669644707773
4747,4.015669644707773
4748,4.015669644707773
4749,4.015669644707773
4750,4.015669644707773
4751,6.085148275177042
4752,7.464972705394727
4753,7.083072838266208
4754,7.189327746466617
4755,7.467754962373576
4756,7.717438319676251
4757,6.457428706804872
4758,7.3213567668875825
4759,6.376994062053219
4760,6.614909466344756
4761,7.753075121847767
4762,7.464972705394727
4763,7.464972705394727
4764,7.464972705394727
4765,7.464972705394727
4766,7.464972705394727
4767,5.100298829842216
4768,4.243392124598028
4769,4.036633035174305
4770,4.795992764172533
4771,4.244671510308326
4772,4.543162138974484
4773,4.792016370724734
4774,5.116243536771683
4775,4.939379347377585
4776,3.0136640099770804
4777,4.176990930305408
4778,4.243392124598028
4779,4.243392124598028
4780,4.243392124598028
4781,4.243392124598028
4782,4.243392124598028
4783,4.746075955930576
4784,6.836699382098024
4785,7.06519723330462
4786,6.417868460150386
4787,6.839737386299311
4788,6.900556695158735
4789,7.653045055101969
4790,4.574640546252515
4791,4.260094193667112
4792,10.367280130518012
4793,6.898017077456757
4794,6.836699382098024
4795,6.836699382098024
4796,6.836699382098024
4797,6.836699382098024
4798,6.836699382098024
4799,4.259301449551003
4800,5.604431912499715
4801,5.589535922259264
4802,5.4655941346909
4803,5.604877905680911
4804,5.620727733102676
4805,6.832649527753922
4806,6.237555063011206
4807,6.523562770365985
4808,4.466007448566576
4809,5.473780523732025
4810,5.604431912499715
4811,5.604431912499715
4812,5.604431912499715
4813,5.604431912499715
4814,5.604431912499715
4815,6.909230976739453
4816,4.049512597634784
4817,3.3417303153451727
4818,3.4351304063885895
4819,4.0477985882058105
4820,5.112745289402488
4821,3.589379447230877
4822,4.076682431414714
4823,3.078816169149215
4824,4.916068309869581
4825,4.107892749072649
4826,4.049512597634784
4827,4.049512597634784
4828,4.049512597634784
4829,4.049512597634784
4830,4.049512597634784
4831,3.434318570911476
4832,3.7661167114041043
4833,3.7295242772003294
4834,3.7874824146236223
4835,3.7675514225176756
4836,3.681652499419141
4837,3.0405825676310103
4838,5.4509392274982895
4839,6.223168540587515
4840,3.555132879604635
4841,3.6368035494355704
4842,3.7661167114041043
4843,3.7661167114041043
4844,3.7661167114041043
4845,3.7661167114041043
4846,3.7661167114041043
4847,6.753268507779188
4848,5.5607670766066
4849,6.281644626592003
4850,6.424779583886899
4851,5.559218308468659
4852,4.595562290186845
4853,6.2877705483606094
4854,4.105418085251916
4855,4.681909476865627
4856,5.818720448976093
4857,5.737440364492462
4858,5.5607670766066
4859,5.5607670766066
4860,5.5607670766066
4861,5.5607670766066
4862,5.5607670766066
4863,5.288519246506374
4864,5.312246382679924
4865,5.320640628209645
4866,5.377536607099382
4867,5.312483845749283
4868,4.232550086189799
4869,4.7468368206895555
4870,6.006976207604877
4871,4.3722711645668575
4872,7.233791087408394
4873,5.433760900066555
4874,5.312246382679924
4875,5.312246382679924
4876,5.312246382679924
4877,5.312246382679924
4878,5.312246382679924
4879,4.9227326075768
4880,3.9028734182523412
4881,4.34035820521465
4882,3.8105409714903455
4883,3.900873572367661
4884,5.170447611061783
4885,4.718738516712822
4886,2.881055473746503
4887,4.685871098271292
4888,2.714749510829979
4889,3.7878364648042324
4890,3.9028734182523412
4891,3.9028734182523412
4892,3.9028734182523412
4893,3.9028734182523412
4894,3.9028734182523412
4895,3.9493833154581846
4896,9.166631299803893
4897,8.974456072389774
4898,9.184711896514568
4899,9.1718543645556
4900,6.160421481498581
4901,11.011898152179333
4902,9.534958423287454
4903,7.36802607044395
4904,6.35128200723069
4905,9.208187350594015
4906,9.166631299803893
4907,9.166631299803893
4908,9.166631299803893
4909,9.166631299803893
4910,9.166631299803893
4911,4.173404943840529
4912,2.560899698861698
4913,2.5055665290347067
4914,2.6938425871640854
4915,2.5593383337871938
4916,3.4187594855039936
4917,2.1266996290808966
4918,3.1865130920959994
4919,3.654637085480362
4920,3.7313037461844853
4921,2.512092994803314
4922,2.560899698861698
4923,2.560899698861698
4924,2.560899698861698
4925,2.560899698861698
4926,2.560899698861698
4927,7.381165236656448
4928,6.434421033396678
4929,6.446416214478242
4930,7.090072621808228
4931,6.435314413295441
4932,8.017196034091048
4933,6.361649878944784
4934,6.961803408623865
4935,5.328628750364708
4936,6.607273468256839
4937,6.567632974788609
4938,6.434421033396678
4939,6.434421033396678
4940,6.434421033396678
4941,6.434421033396678
4942,6.434421033396678
4943,7.8590244126140405
4944,6.070446133763886
4945,5.438166418310648
4946,4.45462075184064
4947,6.0807133263567525
4948,3.833709714847721
4949,6.037535013885294
4950,4.744177771473326
4951,7.560086503019313
4952,5.958414026969478
4953,5.959205076991985
4954,6.070446133763886
4955,6.070446133763886
4956,6.070446133763886
4957,6.070446133763886
4958,6.070446133763886
4959,2.613175169534822
4960,4.883470516775351
4961,4.963953962725118
4962,5.01721260541838
4963,4.883720705408373
4964,6.483806185163073
4965,4.765229086337106
4966,4.705177426350486
4967,3.317817159342944
4968,4.977850417131448
4969,5.103504039098409
4970,4.883470516775351
4971,4.883470516775351
4972,4.883470516775351
4973,4.883470516775351
4974,4.883470516775351
4975,4.644382051805972
4976,4.2916257232789
4977,4.347499424466897
4978,4.29626812477114
4979,4.2916020451284735
4980,3.9189465709655003
4981,4.2362812038636415
4982,4.530847712636418
4983,5.842153446630666
4984,4.444448329699091
4985,4.192342211886289
4986,4.2916257232789
4987,4.2916257232789
4988,4.2916257232789
4989,4.2916257232789
4990,4.2916257232789
4991,5.658697872384934
4992,6.057198719075135
4993,5.954643850425029
4994,5.782933587332441
4995,6.05496277038195
4996,5.5177680840463
4997,7.514142019230671
4998,8.84558842182709
4999,5.117845267342849
5000,4.5166642792830185
5001,6.075628306614423
5002,6.057198719075135
5003,6.057198719075135
5004,6.057198719075135
5005,6.057198719075135
5006,6.057198719075135
5007,6.246489947638985
5008,3.94285130382974
5009,3.688578079754123
5010,3.752677706397435
5011,3.9436064029321805
5012,3.623064915591874
5013,3.698874637762502
5014,3.2897602788970275
5015,4.666493774556387
5016,5.539037020244819
5017,3.9189141066027386
5018,3.94285130382974
5019,3.94285130382974
5020,3.94285130382974
5021,3.94285130382974
5022,3.94285130382974
5023,4.46327557145835
5024,8.402548092312102
5025,7.230456432065187
5026,9.887109443441416
5027,8.38983760420962
5028,8.911503540829525
5029,5.99640781584723
5030,8.679904943495025
5031,5.59080874845205
5032,9.049769667968743
5033,8.916567447017533
5034,8.402548092312102
5035,8.402548092312102
5036,8.402548092312102
5037,8.402548092312102
5038,8.402548092312102
5039,4.580970711654316
5040,3.3704527826204123
5041,4.150966268085958
5042,3.3619050586993957
5043,3.370884434198558
5044,4.047154429892057
5045,3.5101681008017507
5046,2.9294236600326835
5047,4.381845739487104
5048,3.0104832704302074
5049,3.235483142099003
5050,3.3704527826204123
5051,3.3704527826204123
5052,3.3704527826204123
5053,3.3704527826204123
5054,3.3704527826204123
5055,4.545307629257304
5056,3.3436473884266174
5057,3.3954648855976917
5058,3.3339872958906263
5059,3.342876213389369
5060,3.946802662975155
5061,3.2418882321981592
5062,4.4952245978450165
5063,2.7543323704472065
5064,2.910359499509509
5065,3.455025964100234
5066,3.3436473884266174
5067,3.3436473884266174
5068,3.3436473884266174
5069,3.3436473884266174
5070,3.3436473884266174
5071,3.85137372351332
5072,7.430328598663297
5073,7.114608380290342
5074,7.469097079052122
5075,7.423827034875175
5076,6.947755162582181
5077,7.107885894236095
5078,5.301433531797959
5079,9.268012184367663
5080,8.941372665536479
5081,7.05095049015949
5082,7.430328598663297
5083,7.430328598663297
5084,7.430328598663297
5085,7.430328598663297
5086,7.430328598663297
5087,6.504030423161996
5088,6.675259544256521
5089,6.672981861882405
5090,6.6708180461723146
5091,6.675178001014388
5092,5.5776775967390275
5093,7.151281809802346
5094,6.734711343671385
5095,5.268645304125514
5096,5.931525615339423
5097,6.6620476879661465
5098,6.675259544256521
5099,6.675259544256521
5100,6.675259544256521
5101,6.675259544256521
5102,6.675259544256521
5103,4.208371591202353
5104,3.299106270471664
5105,3.62479588120253
5106,3.3932337161272748
5107,3.2987428425311576
5108,3.5688310741297142
5109,3.559902570413755
5110,2.946886398743629
5111,4.92633569635935
5112,3.8327116513606883
5113,3.32622850043969
5114,3.299106270471664
5115,3.299106270471664
5116,3.299106270471664
5117,3.299106270471664
5118,3.299106270471664
5119,7.038370668136911
5120,2.5879178432120202
5121,2.6015403586715458
5122,2.4276638462878477
5123,2.5883260087082594
5124,3.2371215124139923
5125,2.884540442036529
5126,3.3964284368163757
5127,2.464541598606355
5128,2.90395286420611
5129,2.629932442218669
5130,2.5879178432120202
5131,2.5879178432120202
5132,2.5879178432120202
5133,2.5879178432120202
5134,2.5879178432120202
5135,4.92914894094601
5136,14.079965091986317
5137,14.623526967775074
5138,12.455800252470045
5139,14.065708257838299
5140,9.031635103989622
5141,10.880196369638044
5142,10.684630445201591
5143,15.73289751382906
5144,13.076594650650884
5145,14.134680607492136
5146,14.079965091986317
5147,14.079965091986317
5148,14.079965091986317
5149,14.079965091986317
5150,14.079965091986317
5151,5.126226081411262
5152,4.39420865119042
5153,4.4961993662726485
5154,5.594680793911845
5155,4.397983470418492
5156,6.394422098204139
5157,3.787558974347323
5158,4.404170570689035
5159,4.376842073371315
5160,4.150602344362222
5161,4.3506277526222865
5162,4.39420865119042
5163,4.39420865119042
5164,4.39420865119042
5165,4.39420865119042
5166,4.39420865119042
5167,6.668347351102558
5168,5.1480349412806605
5169,5.123979860499826
5170,5.2521898236639935
5171,5.1467791864026085
5172,4.4342761712451475
5173,5.863834070327465
5174,4.466728837563666
5175,4.615395283332158
5176,5.542432631556739
5177,5.215105437275681
5178,5.1480349412806605
5179,5.1480349412806605
5180,5.1480349412806605
5181,5.1480349412806605
5182,5.1480349412806605
5183,4.28022095641713
5184,3.502079460648539
5185,3.4941750045484694
5186,3.5839622490009284
5187,3.502983847441624
5188,3.035524482772029
5189,3.5441082859099042
5190,5.441745801372289
5191,3.2772013649708893
5192,2.9127264615213035
5193,3.431918475292998
5194,3.502079460648539
5195,3.502079460648539
5196,3.502079460648539
5197,3.502079460648539
5198,3.502079460648539
5199,3.6805610705579395
5200,6.984344907907717
5201,6.666630186149937
5202,7.853577361044152
5203,6.992748052657874
5204,8.718253044581772
5205,7.149447133064245
5206,5.710181901055362
5207,7.11340382161497
5208,8.943510730613994
5209,7.101945923985228
5210,6.984344907907717
5211,6.984344907907717
5212,6.984344907907717
5213,6.984344907907717
5214,6.984344907907717
5215,10.42507916362958
5216,4.583768515957046
5217,4.571578703270121
5218,4.5644937254563995
5219,4.583762211281644
5220,3.1074829222354503
5221,4.810078565071962
5222,4.514462641278137
5223,5.001225917544389
5224,5.661951687816192
5225,4.509037459637892
5226,4.583768515957046
5227,4.583768515957046
5228,4.583768515957046
5229,4.583768515957046
5230,4.583768515957046
5231,4.201348649099509
5232,4.8128736745440825
5233,4.8649974689882995
5234,4.580864043514202
5235,4.811261454485603
5236,6.511568429432578
5237,4.927056856771724
5238,4.266778946711079
5239,4.570750814794159
5240,3.6658744838179653
5241,4.793772735957592
5242,4.8128736745440825
5243,4.8128736745440825
5244,4.8128736745440825
5245,4.8128736745440825
5246,4.8128736745440825
5247,4.064810568900823
5248,4.009828978410708
5249,4.288205348310626
5250,4.164248306772204
5251,4.009786274603833
5252,4.436944056035702
5253,3.18492667045145
5254,4.5078247491415935
5255,3.8074856566423247
5256,4.820296634546694
5257,3.8580572547293017
5258,4.009828978410708
5259,4.009828978410708
5260,4.009828978410708
5261,4.009828978410708
5262,4.009828978410708
5263,4.479680453258662
5264,7.000010100051693
5265,6.649237060189376
5266,7.6024847441862
5267,7.001786479305111
5268,7.0170185180816995
5269,7.6077574492395135
5270,5.159606505298717
5271,8.041998279113642
5272,5.884433086813058
5273,7.1983852124945855
5274,7.000010100051693
5275,7.000010100051693
5276,7.000010100051693
5277,7.000010100051693
5278,7.000010100051693
5279,5.6156611678121235
5280,3.137100669977527
5281,3.3379257532340274
5282,3.0969686499435176
5283,3.1387420939717083
5284,3.0983175504119926
5285,4.111626671198116
5286,2.99130091840939
5287,3.4898035672534826
5288,3.384167615053415
5289,3.1776608619242084
5290,3.137100669977527
5291,3.137100669977527
5292,3.137100669977527
5293,3.137100669977527
5294,3.137100669977527
5295,4.536038391395563
5296,6.560984814909524
5297,7.059282064524287
5298,6.1365208942817215
5299,6.562467396567924
5300,6.3565947175211175
5301,6.352480754962031
5302,7.273950372828547
5303,6.74033367755482
5304,6.213199269505429
5305,6.479202986747037
5306,6.560984814909524
5307,6.560984814909524
5308,6.560984814909524
5309,6.560984814909524
5310,6.560984814909524
5311,6.420321556479327
5312,4.07315647707704
5313,4.0880596601608135
5314,4.029906885630616
5315,4.071939934456981
5316,4.173345440269783
5317,4.193238449103183
5318,4.399765980923781
5319,3.790085714794994
5320,5.880971289219288
5321,4.171976034339677
5322,4.07315647707704
5323,4.07315647707704
5324,4.07315647707704
5325,4.07315647707704
5326,4.07315647707704
5327,6.60140548512229
5328,9.03539698600486
5329,7.100301099082326
5330,6.600157105730438
5331,9.01427775900095
5332,7.068259743044211
5333,9.324673506836948
5334,6.765878529622451
5335,9.274419063467723
5336,5.810245640951124
5337,8.925852332235474
5338,9.03539698600486
5339,9.03539698600486
5340,9.03539698600486
5341,9.03539698600486
5342,9.03539698600486
5343,2.598480453558054
5344,5.664652184403254
5345,5.6624897881407525
5346,6.544367298608861
5347,5.66458896862718
5348,5.6449382699713375
5349,5.380729192677357
5350,6.073135518230802
5351,5.5715514714799115
5352,5.10059213334079
5353,5.510242005808542
5354,5.664652184403254
5355,5.664652184403254
5356,5.664652184403254
5357,5.664652184403254
5358,5.664652184403254
5359,5.336119845043037
5360,4.078372252793945
5361,4.834889541318734
5362,4.115553059834422
5363,4.07792201806538
5364,5.274755294216536
5365,3.688844154795207
5366,5.032093844796181
5367,3.2755939773487883
5368,4.4676922871118725
5369,4.1875531255451355
5370,4.078372252793945
5371,4.078372252793945
5372,4.078372252793945
5373,4.078372252793945
5374,4.078372252793945
5375,5.675777588946383
5376,5.829790601032
5377,5.820547209881209
5378,5.75608433962146
5379,5.8266839427861665
5380,4.310878822988393
5381,5.753391534046316
5382,6.474523754368961
5383,7.039465774442094
5384,5.764755282683313
5385,6.012970307888882
5386,5.829790601032
5387,5.829790601032
5388,5.829790601032
5389,5.829790601032
5390,5.829790601032
5391,5.762343445288705
5392,3.326167057358299
5393,3.480791385081898
5394,3.2901688933416047
5395,3.325706872717665
5396,4.111218601417649
5397,3.2404992063724443
5398,3.264259678873723
5399,3.299273128068053
5400,3.198519072863629
5401,3.208895364807198
5402,3.326167057358299
5403,3.326167057358299
5404,3.326167057358299
5405,3.326167057358299
5406,3.326167057358299
5407,3.6634821231200805
5408,5.070010642361429
5409,4.9477779328256775
5410,7.324029512611215
5411,5.068555923470035
5412,4.101391853158353
5413,4.785867357627701
5414,7.08714861888933
5415,4.244255929356029
5416,4.940808898098821
5417,5.062262347993415
5418,5.070010642361429
5419,5.070010642361429
5420,5.070010642361429
5421,5.070010642361429
5422,5.070010642361429
5423,5.580878723955008
5424,6.250538433356918
5425,5.87748862424061
5426,5.2003109680097825
5427,6.245860823637766
5428,8.144780439390718
5429,5.893718785556093
5430,4.852987995210452
5431,5.950177660568522
5432,6.294526261927565
5433,6.390283242038977
5434,6.250538433356918
5435,6.250538433356918
5436,6.250538433356918
5437,6.250538433356918
5438,6.250538433356918
5439,4.96180865812994
5440,4.008291090111587
5441,4.034906163201692
5442,4.040954906778167
5443,4.008175896846543
5444,5.291976603777967
5445,4.815554326588565
5446,4.315178680613688
5447,3.932554064625817
5448,4.935280422048576
5449,3.920802997431674
5450,4.008291090111587
5451,4.008291090111587
5452,4.008291090111587
5453,4.008291090111587
5454,4.008291090111587
5455,8.218474845392281
5456,7.449536086272703
5457,6.294154962946379
5458,7.216274009571075
5459,7.45119779701298
5460,6.9711833973100985
5461,6.32732697072723
5462,7.440934046778126
5463,6.677587691033531
5464,6.022198397866778
5465,7.572243442047565
5466,7.449536086272703
5467,7.449536086272703
5468,7.449536086272703
5469,7.449536086272703
5470,7.449536086272703
5471,3.6917315306820915
5472,4.333178022690038
5473,4.843030158154855
5474,4.328568675662026
5475,4.331417539026676
5476,5.664714350825528
5477,3.833989238701697
5478,5.550401098571629
5479,4.553125388372751
5480,3.537599335836107
5481,4.430594294554824
5482,4.333178022690038
5483,4.333178022690038
5484,4.333178022690038
5485,4.333178022690038
5486,4.333178022690038
5487,6.142042180880293
5488,5.063578055904073
5489,5.118985067863203
5490,5.053156164549526
5491,5.064443188014596
5492,3.071973645791492
5493,6.041257910183033
5494,3.328959973989245
5495,6.130855201827362
5496,6.5026541647259535
5497,4.909346218331737
5498,5.063578055904073
5499,5.063578055904073
5500,5.063578055904073
5501,5.063578055904073
5502,5.063578055904073
5503,3.664116366758313
5504,5.839517432147192
5505,5.798892035327381
5506,5.915202615346121
5507,5.843411179241062
5508,6.332540176870471
5509,6.791635694456223
5510,5.459980639501598
5511,6.061271133517378
5512,6.4501591509649066
5513,5.806327475931843
5514,5.839517432147192
5515,5.839517432147192
5516,5.839517432147192
5517,5.839517432147192
5518,5.839517432147192
5519,8.002846595780177
5520,2.9942249250979356
5521,2.6594554194401723
5522,2.7513623672570984
5523,2.9969282006382194
5524,3.523313517175874
5525,3.5016623145711168
5526,3.2945696782275924
5527,2.69636775436265
5528,2.652599305480316
5529,3.0020342794496795
5530,2.9942249250979356
5531,2.9942249250979356
5532,2.9942249250979356
5533,2.9942249250979356
5534,2.9942249250979356
5535,2.994052340383835
5536,5.481478779674956
5537,5.146986124422436
5538,5.616767145707016
5539,5.482911217152059
5540,5.392787911472419
5541,5.121875405223218
5542,7.210760412249853
5543,6.132817740742377
5544,6.149505969342541
5545,5.517585147812381
5546,5.481478779674956
5547,5.481478779674956
5548,5.481478779674956
5549,5.481478779674956
5550,5.481478779674956
5551,7.821232360022531
5552,4.503706691592669
5553,4.892954838178121
5554,4.594266352619197
5555,4.503962765975251
5556,3.8171290720188704
5557,4.088852260612082
5558,3.93452779582878
5559,5.327925231312079
5560,3.8044951693901132
5561,4.443082183584443
5562,4.503706691592669
5563,4.503706691592669
5564,4.503706691592669
5565,4.503706691592669
5566,4.503706691592669
5567,3.3616281277322932
5568,6.980186467858154
5569,7.49873023486047
5570,7.096578733148547
5571,6.980184951356448
5572,6.254106205638318
5573,5.573369190328441
5574,5.986679183491605
5575,7.874931220045153
5576,5.775139672925409
5577,7.142960980670536
5578,6.980186467858154
5579,6.980186467858154
5580,6.980186467858154
5581,6.980186467858154
5582,6.980186467858154
5583,4.41006547493375
5584,3.7779137539865193
5585,3.503099526773149
5586,3.5852292113837874
5587,3.7779709016167837
5588,3.9504618311939033
5589,4.077622709943191
5590,3.4716785968420956
5591,3.818559934941472
5592,4.867334474935868
5593,3.714442676705326
5594,3.7779137539865193
5595,3.7779137539865193
5596,3.7779137539865193
5597,3.7779137539865193
5598,3.7779137539865193
5599,4.570803578181243
5600,3.922522769558115
5601,4.011127351257886
5602,4.050680776930297
5603,3.9207616755445316
5604,4.595998112980378
5605,4.407526251197895
5606,4.917255498162791
5607,3.126906953820315
5608,6.01301561444153
5609,3.947742669365206
5610,3.922522769558115
5611,3.922522769558115
5612,3.922522769558115
5613,3.922522769558115
5614,3.922522769558115
5615,9.139093861550215
5616,7.7954041534037355
5617,8.205910846370529
5618,7.5874942903037965
5619,7.791360851774665
5620,7.4538315336287155
5621,6.657016469063114
5622,7.15622330893088
5623,7.429909980972149
5624,4.7818916431419485
5625,7.791882838116938
5626,7.7954041534037355
5627,7.7954041534037355
5628,7.7954041534037355
5629,7.7954041534037355
5630,7.7954041534037355
5631,3.530047269393471
5632,8.378978069811383
5633,9.3915882072111
5634,8.350521977600586
5635,8.38187240440194
5636,8.031415993518591
5637,9.550597204474153
5638,7.228522861964246
5639,6.576511816297609
5640,9.206863957670338
5641,8.195511755274529
5642,8.378978069811383
5643,8.378978069811383
5644,8.378978069811383
5645,8.378978069811383
5646,8.378978069811383
5647,8.258204880266138
5648,3.6351756932292805
5649,3.5230506150597987
5650,3.5480192067797707
5651,3.6361534192552605
5652,3.1178909713056275
5653,3.0396910184763946
5654,4.699838613039037
5655,4.145701027461264
5656,3.4649127572539506
5657,3.6968812027613325
5658,3.6351756932292805
5659,3.6351756932292805
5660,3.6351756932292805
5661,3.6351756932292805
5662,3.6351756932292805
5663,3.8432068633821665
5664,4.368609635282605
5665,4.380938828994379
5666,5.388479249327401
5667,4.368798960505697
5668,4.607479951864359
5669,4.046892310584271
5670,4.813458281802388
5671,3.2831167987207386
5672,4.033458161560946
5673,4.329718091874661
5674,4.368609635282605
5675,4.368609635282605
5676,4.368609635282605
5677,4.368609635282605
5678,4.368609635282605
5679,3.2912513769816747
5680,3.464640632390344
5681,3.5409645742842675
5682,3.3974637573319924
5683,3.465981738731081
5684,4.15009452056139
5685,4.6018484380486875
5686,3.309987585861717
5687,4.7021352892538335
5688,3.828184673679877
5689,3.472423104870851
5690,3.464640632390344
5691,3.464640632390344
5692,3.464640632390344
5693,3.464640632390344
5694,3.464640632390344
5695,7.452686631357203
5696,3.6502285925396096
5697,3.5964518760334934
5698,3.715854614999603
5699,3.650259849836004
5700,4.054054525604191
5701,3.80861421536026
5702,3.310817216627719
5703,3.2040871361562995
5704,4.7014979534800965
5705,3.685645028232548
5706,3.6502285925396096
5707,3.6502285925396096
5708,3.6502285925396096
5709,3.6502285925396096
5710,3.6502285925396096
5711,4.455226356738868
5712,7.050302088138135
5713,5.16737469591493
5714,6.575339702189863
5715,7.050679933367758
5716,6.935341605572622
5717,8.002732360749325
5718,8.650567740738577
5719,9.160711732387558
5720,5.154896012932572
5721,7.040249665989743
5722,7.050302088138135
5723,7.050302088138135
5724,7.050302088138135
5725,7.050302088138135
5726,7.050302088138135
5727,6.385690031347463
5728,7.297206552060047
5729,7.1953216514437
5730,7.416359036879378
5731,7.299201277648141
5732,6.184047589541672
5733,6.063125806438672
5734,6.776325734696615
5735,5.140201813109101
5736,5.357692883368707
5737,7.23559986880319
5738,7.297206552060047
5739,7.297206552060047
5740,7.297206552060047
5741,7.297206552060047
5742,7.297206552060047
5743,2.4519657771037706
5744,4.441671486547263
5745,4.713256181856442
5746,4.4392293254846065
5747,4.442092174130364
5748,4.766210736469968
5749,4.351955166637576
5750,3.8842864172217078
5751,6.444721202493753
5752,5.7381791678430405
5753,4.496184043761702
5754,4.441671486547263
5755,4.441671486547263
5756,4.441671486547263
5757,4.441671486547263
5758,4.441671486547263
5759,7.705969505255393
5760,6.203352153817671
5761,6.178158138382674
5762,6.210700174615127
5763,6.19997488469863
5764,4.886582218328484
5765,5.257992732499226
5766,4.580495298376383
5767,5.626896647719513
5768,5.782786471614984
5769,6.4346109068545285
5770,6.203352153817671
5771,6.203352153817671
5772,6.203352153817671
5773,6.203352153817671
5774,6.203352153817671
5775,2.6729472596899226
5776,3.130082179642557
5777,2.967388098591279
5778,2.9716350314988498
5779,3.127111753707433
5780,4.137289730795616
5781,3.7073516883385578
5782,4.182556004503556
5783,3.956049502599125
5784,3.4234202486732683
5785,3.103462884825228
5786,3.130082179642557
5787,3.130082179642557
5788,3.130082179642557
5789,3.130082179642557
5790,3.130082179642557
5791,8.069354781082776
5792,7.372436490789437
5793,7.265165054989353
5794,7.286907630850343
5795,7.36910980446159
5796,5.275918755593365
5797,8.318593633800912
5798,7.518831060553563
5799,5.510490230010905
5800,6.2735498982623294
5801,7.177722740234475
5802,7.372436490789437
5803,7.372436490789437
5804,7.372436490789437
5805,7.372436490789437
5806,7.372436490789437
5807,3.679538324638999
5808,3.273518252710049
5809,3.2717416264964645
5810,3.287738628813383
5811,3.2728760273530324
5812,4.113084827985439
5813,2.780436891197129
5814,3.8282325814248273
5815,4.547351498946916
5816,4.057189109048768
5817,3.346636534343165
5818,3.273518252710049
5819,3.273518252710049
5820,3.273518252710049
5821,3.273518252710049
5822,3.273518252710049
5823,7.072797804680127
5824,9.271905107081437
5825,9.267233587112015
5826,9.279628018381159
5827,9.271942455458552
5828,11.621322637363024
5829,9.667148708855617
5830,5.8484885006644305
5831,6.869136368220859
5832,5.953177134408171
5833,8.887824929709387
5834,9.271905107081437
5835,9.271905107081437
5836,9.271905107081437
5837,9.271905107081437
5838,9.271905107081437
5839,3.3931691988661306
5840,3.5255363008301166
5841,3.5356309517916924
5842,3.432915778518871
5843,3.525407980695641
5844,2.1782097716618782
5845,3.6886925710991276
5846,4.298933549418131
5847,4.161688832669433
5848,5.297457445112172
5849,3.6374574471315366
5850,3.5255363008301166
5851,3.5255363008301166
5852,3.5255363008301166
5853,3.5255363008301166
5854,3.5255363008301166
5855,4.841147866636434
5856,3.7120719678759166
5857,3.739263717476195
5858,4.549579811129174
5859,3.7127673092084996
5860,4.631368263428269
5861,3.755305072081823
5862,3.858656415311271
5863,2.7130230901024186
5864,4.228860935223614
5865,3.7198574804841296
5866,3.7120719678759166
5867,3.7120719678759166
5868,3.7120719678759166
5869,3.7120719678759166
5870,3.7120719678759166
5871,5.498457736926855
5872,6.360387841973424
5873,6.216275123162305
5874,5.5548700852949775
5875,6.367643725020136
5876,6.132879711818804
5877,6.686836872543497
5878,7.170918808620577
5879,8.951028226685107
5880,5.433875134448325
5881,6.2602226413664335
5882,6.360387841973424
5883,6.360387841973424
5884,6.360387841973424
5885,6.360387841973424
5886,6.360387841973424
5887,7.499834051608884
5888,3.2088660042560746
5889,3.1856609110929344
5890,3.1018451899147736
5891,3.208455360754287
5892,3.013625501902142
5893,3.3850532542065195
5894,3.345131304437399
5895,3.422247089873004
5896,3.1482388183632892
5897,3.15189047917795
5898,3.2088660042560746
5899,3.2088660042560746
5900,3.2088660042560746
5901,3.2088660042560746
5902,3.2088660042560746
5903,3.3635478946876445
5904,11.79116047319405
5905,10.998501472321703
5906,9.307407466073695
5907,11.804865898567522
5908,11.73241486896234
5909,13.273323851938661
5910,10.906279402980854
5911,8.537532819007238
5912,11.424697262534382
5913,12.021288947654897
5914,11.79116047319405
5915,11.79116047319405
5916,11.79116047319405
5917,11.79116047319405
5918,11.79116047319405
5919,6.671229861479358
5920,5.311577024722206
5921,5.027455735471446
5922,7.001335373938737
5923,5.3053441949973905
5924,5.563093745488535
5925,5.075972352321854
5926,4.154599427127932
5927,7.871925957367581
5928,5.153055257280287
5929,5.425726669592004
5930,5.311577024722206
5931,5.311577024722206
5932,5.311577024722206
5933,5.311577024722206
5934,5.311577024722206
5935,6.671144142418207
5936,4.227850103083766
5937,4.657194625353926
5938,4.352631547306916
5939,4.228219597382017
5940,4.354197110615414
5941,4.167005569050304
5942,4.916052864969023
5943,3.4005862626760197
5944,4.298568949137047
5945,4.090358714349807
5946,4.227850103083766
5947,4.227850103083766
5948,4.227850103083766
5949,4.227850103083766
5950,4.227850103083766
5951,4.148371599644744
5952,4.084839225988795
5953,4.386740005522797
5954,4.223524156193851
5955,4.084883080654746
5956,3.9536337584700587
5957,4.1655396302802785
5958,4.750277658024857
5959,5.502885342256615
5960,3.0716062120529957
5961,4.224941126299023
5962,4.084839225988795
5963,4.084839225988795
5964,4.084839225988795
5965,4.084839225988795
5966,4.084839225988795
5967,5.131745256391536
5968,5.17998507282915
5969,4.375523671187353
5970,5.810525592622537
5971,5.171736571635006
5972,6.825663595852394
5973,3.626191504940604
5974,5.395714925047789
5975,4.58838367604504
5976,7.077796595543561
5977,5.012159543288863
5978,5.17998507282915
5979,5.17998507282915
5980,5.17998507282915
5981,5.17998507282915
5982,5.17998507282915
5983,5.345300707221873
5984,5.621005742486381
5985,5.659193138310388
5986,5.663053581628657
5987,5.620988730747834
5988,5.625821438371409
5989,5.206090432951206
5990,4.453773547877703
5991,7.299215284048197
5992,7.988892405766889
5993,5.583206212932898
5994,5.621005742486381
5995,5.621005742486381
5996,5.621005742486381
5997,5.621005742486381
5998,5.621005742486381
5999,7.350411639325077
6000,4.870279483172286
6001,5.3274060029928
6002,4.774854183913939
6003,4.870857946102558
6004,3.879996469686157
6005,6.396095373849187
6006,5.4634587309824125
6007,3.2196316674528775
6008,3.5822285525249304
6009,4.959078853164694
6010,4.870279483172286
6011,4.870279483172286
6012,4.870279483172286
6013,4.870279483172286
6014,4.870279483172286
6015,2.8996825526738585
6016,4.034235585784105
6017,4.0345794346498804
6018,4.101139557626757
6019,4.034871903551042
6020,5.542832383536059
6021,3.8912879358792076
6022,3.412630556718386
6023,5.383013015525766
6024,3.534677841234761
6025,4.10451361244885
6026,4.034235585784105
6027,4.034235585784105
6028,4.034235585784105
6029,4.034235585784105
6030,4.034235585784105
6031,5.491268918928451
6032,3.9568421026602847
6033,4.352889118516314
6034,4.1146847102034725
6035,3.9566161211886675
6036,3.5108032772714797
6037,3.938976326414988
6038,3.9398450255935478
6039,3.811681638247843
6040,4.4635971432264965
6041,3.893041312975544
6042,3.9568421026602847
6043,3.9568421026602847
6044,3.9568421026602847
6045,3.9568421026602847
6046,3.9568421026602847
6047,4.404643265552655
6048,4.700167954679643
6049,4.505146626424032
6050,4.8205794239666755
6051,4.704064454694389
6052,5.618543755696397
6053,4.590755018823481
6054,3.602465257705709
6055,6.177803046091174
6056,4.155949139825276
6057,4.735374317450294
6058,4.700167954679643
6059,4.700167954679643
6060,4.700167954679643
6061,4.700167954679643
6062,4.700167954679643
6063,4.653517919718806
6064,8.437526760364367
6065,8.317577640637325
6066,7.665785494046955
6067,8.435967141510202
6068,5.542190254990057
6069,8.32914264721181
6070,11.051441684055343
6071,5.900172441470316
6072,9.171479275991725
6073,8.503498402572948
6074,8.437526760364367
6075,8.437526760364367
6076,8.437526760364367
6077,8.437526760364367
6078,8.437526760364367
6079,5.022821902097487
6080,5.940759164900203
6081,5.970510304289721
6082,5.8982006365432476
6083,5.942548744468545
6084,3.8871037798149417
6085,5.114058931545501
6086,5.119125982487208
6087,6.214799802778283
6088,6.311490100857631
6089,5.892394284738434
6090,5.940759164900203
6091,5.940759164900203
6092,5.940759164900203
6093,5.940759164900203
6094,5.940759164900203
6095,3.060166977218043
6096,6.18526757645774
6097,5.993255103787673
6098,5.631442737918638
6099,6.194140318945237
6100,8.535576048366392
6101,7.781367844813135
6102,6.069873629785638
6103,4.179457705586924
6104,6.086028095466835
6105,6.128076188601336
6106,6.18526757645774
6107,6.18526757645774
6108,6.18526757645774
6109,6.18526757645774
6110,6.18526757645774
6111,6.004742967067912
6112,5.620727581450473
6113,5.697322000366522
6114,6.742204997543345
6115,5.620709736141819
6116,4.741710416935191
6117,6.626231949262445
6118,4.685493372448772
6119,8.436383667175457
6120,4.176708645091002
6121,5.690834232800568
6122,5.620727581450473
6123,5.620727581450473
6124,5.620727581450473
6125,5.620727581450473
6126,5.620727581450473
6127,6.886866343010824
6128,3.0184877498569826
6129,3.0790682942561896
6130,3.1312124441244635
6131,3.0186887681909247
6132,3.8247162642835626
6133,2.7474497439540726
6134,4.722907269529419
6135,2.2440437910070643
6136,4.216613427390783
6137,2.979719447174589
6138,3.0184877498569826
6139,3.0184877498569826
6140,3.0184877498569826
6141,3.0184877498569826
6142,3.0184877498569826
6143,5.680861770320732
