index,Y_raw
0,5.298410494967094
1,5.223358957791359
2,5.322085413555089
3,5.30046173696191
4,5.325887522348863
5,6.369211838452266
6,4.16628542493382
7,4.560057542188276
8,4.151792304996443
9,5.300304871264526
10,5.298410494967094
11,5.298410494967094
12,5.298410494967094
13,5.298410494967094
14,5.298410494967094
15,3.324941648119997
16,2.587272617039599
17,2.756587904117737
18,2.5395277963911402
19,2.587658528923974
20,2.7806773506272946
21,2.243741344229842
22,2.9854140452326736
23,3.438563253619964
24,4.250737170784514
25,2.5943702689570967
26,2.587272617039599
27,2.587272617039599
28,2.587272617039599
29,2.587272617039599
30,2.587272617039599
31,6.415776473353504
32,3.1361774223503915
33,3.4080296822495475
34,3.1245874729184737
35,3.134856595663015
36,3.149589046790094
37,2.7463114325150686
38,3.444437762339214
39,2.5361565467379465
40,4.002889669462403
41,3.022560770584039
42,3.1361774223503915
43,3.1361774223503915
44,3.1361774223503915
45,3.1361774223503915
46,3.1361774223503915
47,3.1984349280502387
48,3.15973511955698
49,3.1075601771789967
50,3.1580306218975305
51,3.1595960284530182
52,3.4325281700472265
53,3.6947154348988227
54,3.2614465329761484
55,3.6590566277255094
56,2.424388418090986
57,3.2689831820803104
58,3.15973511955698
59,3.15973511955698
60,3.15973511955698
61,3.15973511955698
62,3.15973511955698
63,3.710817299667779
64,5.879646185302546
65,4.045013197636342
66,3.8843361416791815
67,5.891450126997156
68,5.48470998376285
69,4.950168188816942
70,4.72615281954161
71,4.849266646034901
72,4.785346878815568
73,5.681397432332011
74,5.879646185302546
75,5.879646185302546
76,5.879646185302546
77,5.879646185302546
78,5.879646185302546
79,1.8442978403828976
80,3.756447486153913
81,3.8335906472246433
82,4.093145469251158
83,3.756343089900717
84,3.782747961586369
85,4.046757052530799
86,4.158008832895276
87,5.74962778973864
88,3.6321477951388066
89,3.86171928218704
90,3.756447486153913
91,3.756447486153913
92,3.756447486153913
93,3.756447486153913
94,3.756447486153913
95,8.3023090498686
96,4.235682942799042
97,4.627889166654672
98,4.214523781653027
99,4.2343382019821085
100,3.942793577099254
101,3.944731027677081
102,3.9307082284579713
103,2.771711658495994
104,4.070031855450434
105,4.2594911404916616
106,4.235682942799042
107,4.235682942799042
108,4.235682942799042
109,4.235682942799042
110,4.235682942799042
111,2.211428652627152
112,2.7637424952896983
113,2.8246677477047863
114,2.6894660242415775
115,2.7630283459902327
116,2.764114102113083
117,2.930435398230155
118,3.300237609414097
119,3.378974747482585
120,2.8289276298180344
121,2.766082248485454
122,2.7637424952896983
123,2.7637424952896983
124,2.7637424952896983
125,2.7637424952896983
126,2.7637424952896983
127,4.483174697431962
128,6.705192832186079
129,6.677074167087816
130,5.577328073498658
131,6.688624981212385
132,4.711432427053551
133,4.781059389233825
134,5.447726819058139
135,5.487083488707466
136,8.459873941168857
137,6.618285299768121
138,6.705192832186079
139,6.705192832186079
140,6.705192832186079
141,6.705192832186079
142,6.705192832186079
143,2.4758614141556112
144,1.9438314908120287
145,1.9491774108040834
146,2.191866586563583
147,1.9434304961355748
148,2.9396155493458282
149,2.504023992951969
150,2.8614738065870746
151,2.6813229809135204
152,1.4050420293258512
153,2.0402170736282397
154,1.9438314908120287
155,1.9438314908120287
156,1.9438314908120287
157,1.9438314908120287
158,1.9438314908120287
159,6.459104708661632
160,4.106831381886164
161,4.147088401158443
162,4.193519058509079
163,4.106796586832406
164,3.914901734552974
165,4.48109276410566
166,3.678846159050813
167,2.82999408552993
168,3.716102247892152
169,4.002633732175156
170,4.106831381886164
171,4.106831381886164
172,4.106831381886164
173,4.106831381886164
174,4.106831381886164
175,2.359516362826822
176,3.2437724948695625
177,3.2395797803681834
178,3.524135863228393
179,3.2442752445475396
180,3.6397079982376406
181,3.159615190371064
182,3.0769708556360396
183,3.868288270891732
184,3.832857798416989
185,3.208977551293328
186,3.2437724948695625
187,3.2437724948695625
188,3.2437724948695625
189,3.2437724948695625
190,3.2437724948695625
191,5.103060535609977
192,5.072373414084177
193,5.101979536578712
194,4.7928885474005405
195,5.070594722342051
196,5.8154301524791725
197,5.015381062108162
198,3.7221817197378684
199,3.9565052938734904
200,5.958550296813868
201,4.966590064504574
202,5.072373414084177
203,5.072373414084177
204,5.072373414084177
205,5.072373414084177
206,5.072373414084177
207,3.5821841482403123
208,2.5408066131591585
209,2.5359568763063374
210,2.483278395328306
211,2.541450784649165
212,2.1494197024296695
213,2.4881941992241465
214,3.6016428662894366
215,3.424222158268786
216,2.6317896221828025
217,2.494831951959101
218,2.5408066131591585
219,2.5408066131591585
220,2.5408066131591585
221,2.5408066131591585
222,2.5408066131591585
223,3.8986104532017745
224,2.027197275065158
225,1.966396722973293
226,1.985993935511845
227,2.029813665457311
228,3.1028375085450737
229,2.0670051326738355
230,2.236209923936942
231,1.5895914479657058
232,2.123615583074145
233,2.0059994810935193
234,2.027197275065158
235,2.027197275065158
236,2.027197275065158
237,2.027197275065158
238,2.027197275065158
239,2.697762567754879
240,5.8642354381191675
241,5.875820771652397
242,5.873526893963899
243,5.862931679114671
244,3.555653828068935
245,5.7707917209053265
246,5.042954211923854
247,7.323881152921046
248,5.078177847063249
249,6.176262234896047
250,5.8642354381191675
251,5.8642354381191675
252,5.8642354381191675
253,5.8642354381191675
254,5.8642354381191675
255,3.438601434990175
256,2.6383529832191406
257,2.473996406139132
258,2.3193178865625352
259,2.6365199753291635
260,2.517593719022288
261,2.561164046429774
262,2.971693909727311
263,3.1932729395555794
264,2.923593221553161
265,2.74081198048448
266,2.6383529832191406
267,2.6383529832191406
268,2.6383529832191406
269,2.6383529832191406
270,2.6383529832191406
271,3.314593581192143
272,5.396888553546116
273,5.532151970613351
274,5.3946583201669185
275,5.396882030719337
276,5.684939261374291
277,6.027153174316397
278,5.758552199135287
279,4.219284764358493
280,3.9929164205311705
281,5.380638267439871
282,5.396888553546116
283,5.396888553546116
284,5.396888553546116
285,5.396888553546116
286,5.396888553546116
287,4.025788727914714
288,4.178316414076785
289,5.175347381295676
290,4.261220208228471
291,4.181314577314826
292,4.1193021869862525
293,3.860379754859229
294,2.7997819614134865
295,5.165400976566568
296,2.910591748410854
297,4.102229433216466
298,4.178316414076785
299,4.178316414076785
300,4.178316414076785
301,4.178316414076785
302,4.178316414076785
303,2.7345957682129702
304,2.9324269898719693
305,3.028983514936375
306,2.9321005972320067
307,2.9323347460399516
308,2.9842448003580024
309,3.066478889326272
310,3.7292054756034214
311,2.3815243644925137
312,4.219199807351019
313,2.915605889814351
314,2.9324269898719693
315,2.9324269898719693
316,2.9324269898719693
317,2.9324269898719693
318,2.9324269898719693
319,4.535380565276546
320,2.81597918548793
321,2.619059968523737
322,2.7458513894965777
323,2.8132917011172873
324,2.5572035628581204
325,3.252583012236782
326,3.326245411520705
327,4.516849348884062
328,3.084503521303397
329,2.799463552328693
330,2.81597918548793
331,2.81597918548793
332,2.81597918548793
333,2.81597918548793
334,2.81597918548793
335,5.697897171101395
336,3.1201724849588586
337,3.129892556333479
338,3.253667712142868
339,3.1198206148399406
340,3.0515291844823302
341,2.7730303228781636
342,2.9103975793708745
343,2.7630270119762477
344,3.5873415323412097
345,3.0154842927221948
346,3.1201724849588586
347,3.1201724849588586
348,3.1201724849588586
349,3.1201724849588586
350,3.1201724849588586
351,3.0480437672089455
352,4.289674557602597
353,4.4476595851545975
354,4.065274401914596
355,4.2913443543926455
356,4.005840137957364
357,3.452926764585298
358,3.011951670780793
359,4.81782416041268
360,3.6494088301035985
361,4.534361101142815
362,4.289674557602597
363,4.289674557602597
364,4.289674557602597
365,4.289674557602597
366,4.289674557602597
367,2.3554841675276212
368,4.849514440807358
369,4.774675891908731
370,5.156440840647796
371,4.849707793888128
372,4.625391388123311
373,5.711866359595348
374,6.065910978665369
375,2.9594316277557904
376,5.347009983344841
377,4.727233664255965
378,4.849514440807358
379,4.849514440807358
380,4.849514440807358
381,4.849514440807358
382,4.849514440807358
383,4.439365910098008
384,2.2682015612420625
385,2.5661789771811154
386,2.2327822090828278
387,2.268033459537204
388,3.7279804074448344
389,2.339332792212932
390,2.0932469007297407
391,3.5234405502899713
392,2.04995327922638
393,2.2781873785418116
394,2.2682015612420625
395,2.2682015612420625
396,2.2682015612420625
397,2.2682015612420625
398,2.2682015612420625
399,5.129192719834848
400,4.4584469428263205
401,4.429607635541725
402,4.926586008224355
403,4.457606007311926
404,3.13763406701179
405,4.622946424094451
406,4.329573565845479
407,3.8842454643859172
408,5.752547702993062
409,4.434067053113049
410,4.4584469428263205
411,4.4584469428263205
412,4.4584469428263205
413,4.4584469428263205
414,4.4584469428263205
415,4.25736519842203
416,2.578886556745781
417,2.6148279831644348
418,2.3967052520338124
419,2.574879610571908
420,3.267769276322508
421,2.4536917432927465
422,2.3042914033544415
423,2.959456007063434
424,3.321537641785608
425,2.6778746420577746
426,2.578886556745781
427,2.578886556745781
428,2.578886556745781
429,2.578886556745781
430,2.578886556745781
431,3.943400529408958
432,6.643512346234361
433,5.897895089131293
434,7.090606265672403
435,6.649831688539605
436,6.060607957419166
437,6.5313361224750555
438,8.292101477942019
439,4.346783064703261
440,4.476792469720405
441,6.361889148758541
442,6.643512346234361
443,6.643512346234361
444,6.643512346234361
445,6.643512346234361
446,6.643512346234361
447,2.950865891020803
448,3.854528985725988
449,3.6146182505386206
450,3.4610728005022264
451,3.8652988777781916
452,3.457811481432069
453,2.932136585180957
454,3.1303117413458623
455,4.7478433386324275
456,4.0099369862588015
457,3.952459845434693
458,3.854528985725988
459,3.854528985725988
460,3.854528985725988
461,3.854528985725988
462,3.854528985725988
463,2.5218006420332317
464,5.251649309172207
465,5.263275438029489
466,5.162048665150402
467,5.253334139349656
468,5.768186715333126
469,6.353542804316642
470,5.419818356742672
471,3.9322390330055375
472,4.398688961556091
473,5.103885137258204
474,5.251649309172207
475,5.251649309172207
476,5.251649309172207
477,5.251649309172207
478,5.251649309172207
479,4.31113232207543
480,4.108966378999133
481,4.0815075518454815
482,4.465213499718011
483,4.108831874635647
484,2.860801830316157
485,4.529632837190571
486,3.6591274178816207
487,5.397670604910375
488,4.359470013318742
489,4.097480800063421
490,4.108966378999133
491,4.108966378999133
492,4.108966378999133
493,4.108966378999133
494,4.108966378999133
495,4.204663608777084
496,1.7964875707931576
497,1.806549369319337
498,1.7847232100175816
499,1.7966567247809946
500,2.6048793266999786
501,1.6942723263449182
502,2.3967886285575917
503,1.5235707912381895
504,1.8541865407423646
505,1.810818786140286
506,1.7964875707931576
507,1.7964875707931576
508,1.7964875707931576
509,1.7964875707931576
510,1.7964875707931576
511,2.783149997220277
512,1.8406396260393783
513,1.8194479006664013
514,1.818552346052413
515,1.8404229518549247
516,2.1791823769600756
517,2.478227074978254
518,2.353577700092731
519,1.664949777610132
520,2.69907052217794
521,1.7821629123894485
522,1.8406396260393783
523,1.8406396260393783
524,1.8406396260393783
525,1.8406396260393783
526,1.8406396260393783
527,4.495454859460008
528,4.548102866492936
529,4.539278349270431
530,4.5513029462321395
531,4.548011819014577
532,4.052550960966058
533,3.7034455832285547
534,4.236083249989711
535,4.568369157398431
536,3.5026210779908
537,4.694267208274111
538,4.548102866492936
539,4.548102866492936
540,4.548102866492936
541,4.548102866492936
542,4.548102866492936
543,2.595609295758112
544,3.884893300203919
545,3.900469150426754
546,4.15498430032685
547,3.88428708454251
548,6.239574369270726
549,3.497087990372511
550,3.6465910733387696
551,3.8319518576682987
552,2.993377384748799
553,3.879032110921094
554,3.884893300203919
555,3.884893300203919
556,3.884893300203919
557,3.884893300203919
558,3.884893300203919
559,4.201691016687013
560,4.729768813553625
561,4.752802757755427
562,4.725105691890999
563,4.730277296557321
564,3.176744804074374
565,4.773944947760052
566,4.264525693623265
567,5.3156892953238915
568,5.180117957815133
569,4.714680420068033
570,4.729768813553625
571,4.729768813553625
572,4.729768813553625
573,4.729768813553625
574,4.729768813553625
575,3.552603148213032
576,4.435075038185278
577,4.282562186078883
578,3.892535464939405
579,4.444161248191705
580,2.856495334087566
581,4.440077227152779
582,5.687495019558527
583,4.177596495022251
584,4.30986711555908
585,4.426669361854065
586,4.435075038185278
587,4.435075038185278
588,4.435075038185278
589,4.435075038185278
590,4.435075038185278
591,2.928769405783236
592,4.174857988403324
593,4.139504062231115
594,4.60257003995383
595,4.17730291874272
596,5.793933906806767
597,4.330050864939676
598,3.618143316626485
599,3.449831489925832
600,3.9116252257146384
601,4.179320451421521
602,4.174857988403324
603,4.174857988403324
604,4.174857988403324
605,4.174857988403324
606,4.174857988403324
607,4.822076003599342
608,3.6424073997484396
609,3.5663330801977557
610,3.0188263801800446
611,3.6424580289248483
612,3.267392493441398
613,3.562781869595326
614,3.838245252088621
615,4.214087005362314
616,4.428627774440876
617,3.5340292139780223
618,3.6424073997484396
619,3.6424073997484396
620,3.6424073997484396
621,3.6424073997484396
622,3.6424073997484396
623,3.7712885911286107
624,3.5878934728593412
625,3.6192126773833224
626,3.6743273830692194
627,3.587497039973222
628,3.7837559116599917
629,3.674397663508482
630,3.0560632129345104
631,3.7955503859713535
632,3.403873815231689
633,3.742414545230589
634,3.5878934728593412
635,3.5878934728593412
636,3.5878934728593412
637,3.5878934728593412
638,3.5878934728593412
639,3.5976548750171453
640,3.2813411011206015
641,3.136550944247797
642,3.192801155844997
643,3.2799416263986356
644,3.2672216513767514
645,2.720693913607966
646,4.310232093815757
647,3.138792532483166
648,2.2973835888012455
649,3.2341986456768392
650,3.2813411011206015
651,3.2813411011206015
652,3.2813411011206015
653,3.2813411011206015
654,3.2813411011206015
655,2.404351755815808
656,5.40897838306611
657,5.336190789313665
658,5.588718038732709
659,5.408843630047475
660,5.708364718946398
661,6.252876250759075
662,3.743085920773304
663,4.939582604653879
664,7.268150151932308
665,5.334122919051328
666,5.40897838306611
667,5.40897838306611
668,5.40897838306611
669,5.40897838306611
670,5.40897838306611
671,7.4754196918183675
672,2.2516605710082294
673,2.4260536599386975
674,2.2471368826834714
675,2.2526636823874715
676,2.244392746296546
677,2.5771336580995956
678,2.3478179612031194
679,2.453327819017957
680,3.156643153130004
681,2.2251652886315596
682,2.2516605710082294
683,2.2516605710082294
684,2.2516605710082294
685,2.2516605710082294
686,2.2516605710082294
687,3.8965373729952266
688,3.938067805622058
689,3.649679136779862
690,4.421745946467694
691,3.9351569636241135
692,4.17744879346463
693,3.3552663636767233
694,4.255795586961449
695,4.357947124252896
696,3.4586872815861582
697,4.12825252213099
698,3.938067805622058
699,3.938067805622058
700,3.938067805622058
701,3.938067805622058
702,3.938067805622058
703,3.675216206473509
704,3.415884226180047
705,2.8355893282719435
706,2.857370283829304
707,3.4120921069100905
708,3.1814134989787695
709,4.128664459442952
710,4.2323995969098025
711,3.373732975179026
712,3.1575814050050552
713,3.3524647812671
714,3.415884226180047
715,3.415884226180047
716,3.415884226180047
717,3.415884226180047
718,3.415884226180047
719,3.1646712642052295
720,3.268680141977451
721,3.301576269745094
722,3.2664384306150263
723,3.2681198722833424
724,3.239683007786025
725,3.1124203476060885
726,2.1871033073154234
727,3.2386228460957276
728,3.718550160924477
729,3.4097402184895387
730,3.268680141977451
731,3.268680141977451
732,3.268680141977451
733,3.268680141977451
734,3.268680141977451
735,2.4451985939540153
736,4.681620145957836
737,5.459591269895963
738,4.824344284483458
739,4.682712946252386
740,4.420736613836233
741,5.048890597141778
742,4.5291716499049794
743,4.743466617740856
744,4.104763088478955
745,4.568480424722434
746,4.681620145957836
747,4.681620145957836
748,4.681620145957836
749,4.681620145957836
750,4.681620145957836
751,5.039848828363308
752,3.085776301284659
753,3.072909874596996
754,3.0871651855638578
755,3.085784122346562
756,3.084069334915857
757,2.685604879683863
758,3.7125789610427913
759,3.2047998065668226
760,2.742466788430705
761,3.0554859852395264
762,3.085776301284659
763,3.085776301284659
764,3.085776301284659
765,3.085776301284659
766,3.085776301284659
767,2.9638016109343717
768,5.304588244156062
769,5.619021372089087
770,5.130525027626059
771,5.298923761049846
772,4.80382098669243
773,5.236642590329595
774,5.199027658168603
775,5.671216850183191
776,4.326841836753392
777,5.296460432994832
778,5.304588244156062
779,5.304588244156062
780,5.304588244156062
781,5.304588244156062
782,5.304588244156062
783,4.071079386238488
784,3.012834966722332
785,3.0138658961580833
786,2.9787435152738486
787,3.0122955061126415
788,3.3061979238532784
789,2.8629781592253987
790,2.7805474063258364
791,2.9813973885019562
792,3.4013574240209663
793,2.932361992648346
794,3.012834966722332
795,3.012834966722332
796,3.012834966722332
797,3.012834966722332
798,3.012834966722332
799,3.1048934588916004
800,3.765208418424891
801,3.6677132574260645
802,3.5718834648076485
803,3.763585185635118
804,2.5961284914241443
805,3.9844233172683565
806,5.436263884875692
807,3.959908431529779
808,5.474200701733936
809,3.9641441538079945
810,3.765208418424891
811,3.765208418424891
812,3.765208418424891
813,3.765208418424891
814,3.765208418424891
815,5.816757555789664
816,2.8422761318386933
817,2.75728135665893
818,2.832330944451057
819,2.842515487961224
820,3.9942750053947296
821,2.84798481543073
822,2.2061667831323297
823,2.709573087291446
824,2.364995013159363
825,2.769696686935249
826,2.8422761318386933
827,2.8422761318386933
828,2.8422761318386933
829,2.8422761318386933
830,2.8422761318386933
831,2.4720723753209044
832,3.90620198793172
833,3.509787456006795
834,3.354210726335467
835,3.9076239517057028
836,5.695866717939655
837,5.064107926475783
838,3.2833477138941514
839,3.0565573822493515
840,4.476216158176647
841,4.031541434711925
842,3.90620198793172
843,3.90620198793172
844,3.90620198793172
845,3.90620198793172
846,3.90620198793172
847,4.505060364044564
848,4.355759749632448
849,4.361476598107741
850,4.957625222839978
851,4.355875879550623
852,2.652897468329813
853,3.5144095014130103
854,4.612101691517797
855,3.8874700648088703
856,4.306152412722002
857,4.318539778371386
858,4.355759749632448
859,4.355759749632448
860,4.355759749632448
861,4.355759749632448
862,4.355759749632448
863,2.178820869073871
864,3.70618788353172
865,3.720990081839572
866,3.7090462334212244
867,3.707083704586309
868,4.046632790872415
869,3.4429320159674988
870,5.424418287230016
871,4.382628869379951
872,3.5051965562441785
873,3.6409491712703126
874,3.70618788353172
875,3.70618788353172
876,3.70618788353172
877,3.70618788353172
878,3.70618788353172
879,6.076640719700261
880,2.9550832403623892
881,3.0689667017765476
882,3.045740410097797
883,2.9555446198177737
884,2.3267518916524246
885,3.2895112772026307
886,2.2242255984113313
887,3.5543919347073762
888,2.5993403103551453
889,2.944364882150117
890,2.9550832403623892
891,2.9550832403623892
892,2.9550832403623892
893,2.9550832403623892
894,2.9550832403623892
895,2.5031442270142334
896,5.930434947883799
897,5.250118234111277
898,4.889075223598
899,5.93990331818327
900,5.992631858526685
901,6.239675119221832
902,6.22114453771891
903,4.811031052115227
904,7.887131018782442
905,6.106951675468909
906,5.930434947883799
907,5.930434947883799
908,5.930434947883799
909,5.930434947883799
910,5.930434947883799
911,5.868710787699367
912,1.9328027491588486
913,1.9544812380617687
914,2.1197988077924057
915,1.9328527468119663
916,2.2123050073162482
917,1.8115307509993934
918,2.2273403654112207
919,1.7232594389603006
920,1.5547864482604794
921,1.8819063185725005
922,1.9328027491588486
923,1.9328027491588486
924,1.9328027491588486
925,1.9328027491588486
926,1.9328027491588486
927,1.870197678782724
928,4.788091056191524
929,5.241864892615968
930,4.894445389371926
931,4.788060168943468
932,4.991862641746255
933,4.996388855002144
934,5.324295468285151
935,5.403421089728954
936,3.048691974894078
937,4.755091322928119
938,4.788091056191524
939,4.788091056191524
940,4.788091056191524
941,4.788091056191524
942,4.788091056191524
943,4.066936864221441
944,3.2431840217464103
945,2.98786669797884
946,3.8789673121583217
947,3.24385424239606
948,3.527118886275446
949,2.966625691178692
950,2.48202149249243
951,3.7278631366273904
952,4.228026427732975
953,3.2472651265357313
954,3.2431840217464103
955,3.2431840217464103
956,3.2431840217464103
957,3.2431840217464103
958,3.2431840217464103
959,3.472993281752195
960,5.620827820094547
961,5.22178547687065
962,5.600600382446816
963,5.622501851003608
964,5.32930753830961
965,4.563862877410565
966,6.479673864662035
967,6.03392681283464
968,5.3187424752829315
969,5.636566172766849
970,5.620827820094547
971,5.620827820094547
972,5.620827820094547
973,5.620827820094547
974,5.620827820094547
975,4.797994123822566
976,2.3814955115290535
977,2.3653458547082806
978,2.2814288577091832
979,2.3815419452279194
980,2.493360076995572
981,2.612910348612035
982,2.1400471339652323
983,2.417827499444686
984,2.500327040522102
985,2.3639235923156736
986,2.3814955115290535
987,2.3814955115290535
988,2.3814955115290535
989,2.3814955115290535
990,2.3814955115290535
991,2.680704100252471
992,2.5269627166517807
993,2.6450509063621395
994,2.5001690807021997
995,2.525480477775242
996,2.4509089290618533
997,3.327466916664359
998,2.870406330786303
999,2.429436385424042
1000,2.5945766227441744
1001,2.644202302251446
1002,2.5269627166517807
1003,2.5269627166517807
1004,2.5269627166517807
1005,2.5269627166517807
1006,2.5269627166517807
1007,3.9344599727473986
1008,5.00313097378913
1009,5.001404409264534
1010,5.005960301574235
1011,5.003101643054595
1012,5.03757222167003
1013,4.506896459660657
1014,4.160763835957171
1015,4.6713202535395935
1016,6.070882321719341
1017,4.829725453583492
1018,5.00313097378913
1019,5.00313097378913
1020,5.00313097378913
1021,5.00313097378913
1022,5.00313097378913
1023,4.138759716442608
1024,3.8202874717218123
1025,3.868794734145905
1026,2.8725119199958655
1027,3.810454941038941
1028,6.29597951862744
1029,3.8776324813907816
1030,4.38074139624087
1031,4.7583764085265745
1032,3.9388902182573124
1033,3.720645167269831
1034,3.8202874717218123
1035,3.8202874717218123
1036,3.8202874717218123
1037,3.8202874717218123
1038,3.8202874717218123
1039,6.853336441483681
1040,3.6222719427019117
1041,3.6808811820132648
1042,3.5802147189462556
1043,3.620784586056032
1044,2.4252333564649855
1045,3.700863308564551
1046,3.301971369586892
1047,2.5505483686249244
1048,3.7704241576156043
1049,3.7278655133855523
1050,3.6222719427019117
1051,3.6222719427019117
1052,3.6222719427019117
1053,3.6222719427019117
1054,3.6222719427019117
1055,1.7113869731040672
1056,2.0802467589406892
1057,2.111828414415364
1058,2.123929713611138
1059,2.0801422635354405
1060,2.4613024643342682
1061,1.9745695301273785
1062,2.5058178280534844
1063,2.761429877644986
1064,1.730109639315496
1065,2.0818569290997657
1066,2.0802467589406892
1067,2.0802467589406892
1068,2.0802467589406892
1069,2.0802467589406892
1070,2.0802467589406892
1071,3.2376932416097564
1072,6.347765232755451
1073,6.6177054722503605
1074,7.139165056411393
1075,6.3481574702923
1076,5.603255253148274
1077,6.260274526979667
1078,5.069079569966456
1079,5.158659157158796
1080,6.590442902075992
1081,6.373581153592538
1082,6.347765232755451
1083,6.347765232755451
1084,6.347765232755451
1085,6.347765232755451
1086,6.347765232755451
1087,4.698128588526387
1088,3.522360480428168
1089,3.1607947085523844
1090,4.380760280489741
1091,3.5224399110016087
1092,3.126063643873929
1093,3.3261515461388287
1094,3.8698371317542146
1095,5.3078448082551235
1096,4.144096169855469
1097,3.5311901181532517
1098,3.522360480428168
1099,3.522360480428168
1100,3.522360480428168
1101,3.522360480428168
1102,3.522360480428168
1103,6.0362456485044875
1104,3.4751769568514725
1105,3.4546630193302517
1106,3.4806305375582434
1107,3.4755723049988267
1108,3.6497909826999475
1109,3.699953716981926
1110,3.7142630389283906
1111,3.1015856236213803
1112,2.6640068238780645
1113,3.4684464497139764
1114,3.4751769568514725
1115,3.4751769568514725
1116,3.4751769568514725
1117,3.4751769568514725
1118,3.4751769568514725
1119,2.8152668342809575
1120,3.85902617924115
1121,3.8115399385886564
1122,3.8462501270767335
1123,3.8613353366059138
1124,2.4813073674225947
1125,5.151255783701031
1126,4.248120058931539
1127,4.21341768748506
1128,2.9547446142019247
1129,3.749528296129478
1130,3.85902617924115
1131,3.85902617924115
1132,3.85902617924115
1133,3.85902617924115
1134,3.85902617924115
1135,2.872208995617419
1136,3.5922949533837856
1137,3.582093081563485
1138,3.593103558988307
1139,3.591347518058547
1140,5.060423290987122
1141,2.900389065877562
1142,2.744732999139383
1143,2.4643866123833686
1144,5.490256841089746
1145,3.668626897158533
1146,3.5922949533837856
1147,3.5922949533837856
1148,3.5922949533837856
1149,3.5922949533837856
1150,3.5922949533837856
1151,3.1894890409525707
1152,2.7991890297749396
1153,2.6691238977558003
1154,3.310856550756668
1155,2.8019871181791345
1156,2.807760888815528
1157,3.06217545445135
1158,2.3651120664464726
1159,4.113145912230127
1160,3.0866287709930442
1161,2.845923106166159
1162,2.7991890297749396
1163,2.7991890297749396
1164,2.7991890297749396
1165,2.7991890297749396
1166,2.7991890297749396
1167,4.681353542253804
1168,4.900380266364287
1169,5.22004968354284
1170,4.961947903710053
1171,4.900661125626955
1172,5.218548362253066
1173,4.405937796518661
1174,5.173353320765388
1175,4.835457381840096
1176,4.175976787870196
1177,4.958978524198266
1178,4.900380266364287
1179,4.900380266364287
1180,4.900380266364287
1181,4.900380266364287
1182,4.900380266364287
1183,4.387548015949638
1184,3.2222804717563855
1185,3.7746524452016406
1186,2.9787622843823547
1187,3.2217806579609456
1188,3.189936054507356
1189,3.5786346018461184
1190,4.472826145712939
1191,3.3430184715214617
1192,3.7675654286571407
1193,3.0619052702849103
1194,3.2222804717563855
1195,3.2222804717563855
1196,3.2222804717563855
1197,3.2222804717563855
1198,3.2222804717563855
1199,5.650775033834607
1200,3.993212776874832
1201,3.774192646635754
1202,3.958820203668939
1203,3.9944960476797293
1204,4.180329461948368
1205,3.573180506407579
1206,3.194390453861705
1207,2.75090990463223
1208,4.383835338188356
1209,4.058358091279003
1210,3.993212776874832
1211,3.993212776874832
1212,3.993212776874832
1213,3.993212776874832
1214,3.993212776874832
1215,2.32399088937731
1216,5.61948975113927
1217,4.638243840728757
1218,4.741194664639523
1219,5.620662793297782
1220,5.284896432767678
1221,7.182607104841404
1222,5.247397676879333
1223,7.753673491858022
1224,4.749056100050624
1225,5.403993911856823
1226,5.61948975113927
1227,5.61948975113927
1228,5.61948975113927
1229,5.61948975113927
1230,5.61948975113927
1231,5.3099157285005685
1232,2.755433285405389
1233,2.7584106254013343
1234,2.7228722265631107
1235,2.755574331007077
1236,2.735028349219846
1237,2.5733015141941795
1238,2.6713531683728915
1239,1.9970235015544455
1240,3.2877289602600825
1241,2.797690391554669
1242,2.755433285405389
1243,2.755433285405389
1244,2.755433285405389
1245,2.755433285405389
1246,2.755433285405389
1247,2.1387556823762464
1248,2.6565931452839116
1249,2.8947101543515026
1250,2.6624370390127954
1251,2.6557265578144533
1252,2.495866540608857
1253,2.1382536585722405
1254,3.892968088186163
1255,3.725238115073853
1256,3.315289747881219
1257,2.708934496524313
1258,2.6565931452839116
1259,2.6565931452839116
1260,2.6565931452839116
1261,2.6565931452839116
1262,2.6565931452839116
1263,5.370245899551049
1264,4.436535718351266
1265,4.472400367315056
1266,4.6494192778402486
1267,4.435938124358523
1268,4.425456109583983
1269,5.137365469699649
1270,3.4249934256236276
1271,3.3588924732939707
1272,3.059553043359917
1273,4.485523286689215
1274,4.436535718351266
1275,4.436535718351266
1276,4.436535718351266
1277,4.436535718351266
1278,4.436535718351266
1279,2.0172777322183415
1280,5.104891111066446
1281,5.593124298323962
1282,5.071920897714397
1283,5.104769250995226
1284,3.729912647221981
1285,4.411766736291091
1286,6.397992536786489
1287,3.8206191262336238
1288,4.3800810889513
1289,5.1098460885068695
1290,5.104891111066446
1291,5.104891111066446
1292,5.104891111066446
1293,5.104891111066446
1294,5.104891111066446
1295,2.77573365844028
1296,3.5674448387661633
1297,3.5656531243699274
1298,3.5016228157004656
1299,3.566676343206597
1300,5.339784320464033
1301,3.7519390077192387
1302,2.403479753128906
1303,4.857996408402929
1304,3.7136598365481697
1305,3.6559828856896175
1306,3.5674448387661633
1307,3.5674448387661633
1308,3.5674448387661633
1309,3.5674448387661633
1310,3.5674448387661633
1311,5.5430881119774185
1312,4.052119572683827
1313,4.030688231835943
1314,4.05291015483089
1315,4.04957488867873
1316,3.9428438282123546
1317,5.1681569415970765
1318,3.73651591500432
1319,3.078484343137626
1320,4.2110853643649575
1321,4.088478519706607
1322,4.052119572683827
1323,4.052119572683827
1324,4.052119572683827
1325,4.052119572683827
1326,4.052119572683827
1327,3.501416670229578
1328,1.9098477137996712
1329,1.8640939685841211
1330,2.180676456386374
1331,1.9112428904023995
1332,2.2460602533788547
1333,1.5584690049300498
1334,2.469183619354739
1335,2.428223090036888
1336,2.2570456536568106
1337,1.8485732661414664
1338,1.9098477137996712
1339,1.9098477137996712
1340,1.9098477137996712
1341,1.9098477137996712
1342,1.9098477137996712
1343,3.6261656576072516
1344,5.843905740425351
1345,4.653963884843968
1346,5.875485966027717
1347,5.860139524272461
1348,6.897826337525529
1349,6.127887962422601
1350,7.213908895852886
1351,5.112328705814303
1352,4.014677230590926
1353,6.012308579639459
1354,5.843905740425351
1355,5.843905740425351
1356,5.843905740425351
1357,5.843905740425351
1358,5.843905740425351
1359,4.4250949001627875
1360,3.083429893705295
1361,3.0752439206235014
1362,3.239205194017097
1363,3.0850865270554553
1364,2.6080294324678124
1365,3.0829392821673354
1366,2.2232945249613114
1367,4.2516167258486375
1368,4.382161287579026
1369,2.9260984968604262
1370,3.083429893705295
1371,3.083429893705295
1372,3.083429893705295
1373,3.083429893705295
1374,3.083429893705295
1375,3.599398225869025
1376,2.7393491914665375
1377,2.7309843079910467
1378,2.7267172294774755
1379,2.7392001184553343
1380,4.244438264451052
1381,2.8584042614120913
1382,2.875287048268915
1383,2.0337505058185013
1384,3.213514474511729
1385,2.7830365571041344
1386,2.7393491914665375
1387,2.7393491914665375
1388,2.7393491914665375
1389,2.7393491914665375
1390,2.7393491914665375
1391,4.069486027001932
1392,4.417494417976801
1393,4.518073845037398
1394,4.420692176356127
1395,4.4172043682898
1396,2.8557845125129107
1397,4.468100913745372
1398,4.695272010873957
1399,5.2287455175152875
1400,3.2284329092900172
1401,4.4296795196338365
1402,4.417494417976801
1403,4.417494417976801
1404,4.417494417976801
1405,4.417494417976801
1406,4.417494417976801
1407,2.7285900544298856
1408,3.762524936492377
1409,3.4657560119813833
1410,4.4819628730516845
1411,3.76013764094449
1412,3.672151252354001
1413,4.697112897183759
1414,4.776869996653744
1415,3.3532879766251487
1416,3.9603185469841486
1417,3.880084079336635
1418,3.762524936492377
1419,3.762524936492377
1420,3.762524936492377
1421,3.762524936492377
1422,3.762524936492377
1423,5.904657992928683
1424,2.587105909834445
1425,2.6010039346246443
1426,2.6619974091609375
1427,2.5869819073889193
1428,2.6055859171431486
1429,2.384519985886902
1430,2.26311252911906
1431,3.5861311075158646
1432,2.4852110091282404
1433,2.5098058370099317
1434,2.587105909834445
1435,2.587105909834445
1436,2.587105909834445
1437,2.587105909834445
1438,2.587105909834445
1439,2.788385019033167
1440,6.193337181837006
1441,7.738700529919587
1442,6.205403873336666
1443,6.194444287825678
1444,5.953903490372319
1445,5.336742807556193
1446,6.830890696764159
1447,4.393728802040009
1448,5.9955100297028565
1449,6.2483502761694645
1450,6.193337181837006
1451,6.193337181837006
1452,6.193337181837006
1453,6.193337181837006
1454,6.193337181837006
1455,4.776237409047552
1456,2.9948537129663064
1457,2.9261747233803983
1458,3.045055985286658
1459,2.9939412862165566
1460,3.1903410861873547
1461,3.4192573955188155
1462,2.4185294297975943
1463,3.2950025192437704
1464,2.503030476268816
1465,2.9867767298552628
1466,2.9948537129663064
1467,2.9948537129663064
1468,2.9948537129663064
1469,2.9948537129663064
1470,2.9948537129663064
1471,2.533723797582028
1472,3.01683302292735
1473,2.814276353590377
1474,2.9242065996113147
1475,3.014787344687134
1476,2.72476300869273
1477,3.115402870794058
1478,4.074697243817612
1479,2.2474567026836922
1480,3.9467787031235924
1481,3.004294637525364
1482,3.01683302292735
1483,3.01683302292735
1484,3.01683302292735
1485,3.01683302292735
1486,3.01683302292735
1487,3.383317306241235
1488,5.064111570552187
1489,5.1780653491731155
1490,5.01152776649943
1491,5.063178351227727
1492,4.836804547153057
1493,4.597380797061268
1494,4.445178726010982
1495,7.2923342655651995
1496,3.79166726405472
1497,5.118328649976546
1498,5.064111570552187
1499,5.064111570552187
1500,5.064111570552187
1501,5.064111570552187
1502,5.064111570552187
1503,4.3003552173356185
1504,5.7569876678195895
1505,5.96010094992538
1506,4.992824693872689
1507,5.760365389398518
1508,5.06101787293749
1509,6.5937666659032885
1510,5.370316129479245
1511,4.119838523958539
1512,5.621043226749658
1513,5.86308062953905
1514,5.7569876678195895
1515,5.7569876678195895
1516,5.7569876678195895
1517,5.7569876678195895
1518,5.7569876678195895
1519,3.244662276164963
1520,2.243762777854942
1521,2.2214200310671783
1522,2.467313468374142
1523,2.2437625627795197
1524,2.1941121101399235
1525,2.199383682649354
1526,2.023394614824443
1527,2.7840981632271364
1528,2.9686814685933802
1529,2.1893967381675865
1530,2.243762777854942
1531,2.243762777854942
1532,2.243762777854942
1533,2.243762777854942
1534,2.243762777854942
1535,3.1915812866304325
1536,3.9535037473074577
1537,3.830724154787831
1538,3.8390556949461154
1539,3.9521954107669113
1540,3.950248092068492
1541,3.517823922465357
1542,3.077007794755789
1543,4.188535089791914
1544,4.887246949095939
1545,3.950556851748508
1546,3.9535037473074577
1547,3.9535037473074577
1548,3.9535037473074577
1549,3.9535037473074577
1550,3.9535037473074577
1551,3.436001108456945
1552,2.4324948226619014
1553,2.4580288568891637
1554,2.3727146690414878
1555,2.432416393244577
1556,2.6309926589183186
1557,2.6516893952176672
1558,2.606366188038363
1559,2.549415023190541
1560,2.494013260851428
1561,2.423761350976451
1562,2.4324948226619014
1563,2.4324948226619014
1564,2.4324948226619014
1565,2.4324948226619014
1566,2.4324948226619014
1567,3.49322144052095
1568,7.209819837616492
1569,7.814199002743502
1570,6.427942584165137
1571,7.220294316679706
1572,7.284715765722798
1573,6.644652369855851
1574,6.569621244571524
1575,6.748587315668791
1576,7.582899023222012
1577,7.039826241698909
1578,7.209819837616492
1579,7.209819837616492
1580,7.209819837616492
1581,7.209819837616492
1582,7.209819837616492
1583,5.289964750751877
1584,2.222448580965253
1585,2.1137450972726315
1586,2.5959070732773504
1587,2.2221372991875312
1588,2.4145149035735107
1589,2.5759957883061353
1590,2.8884051280693956
1591,2.154646043002274
1592,2.0885113757965876
1593,2.2818175040576403
1594,2.222448580965253
1595,2.222448580965253
1596,2.222448580965253
1597,2.222448580965253
1598,2.222448580965253
1599,3.4061106634639255
1600,5.552178360375073
1601,4.367027361472106
1602,6.96684308979562
1603,5.540064570909213
1604,5.186890707320964
1605,4.4228590165814365
1606,5.243302595962039
1607,4.883311194338719
1608,4.156976034242175
1609,5.408708059632752
1610,5.552178360375073
1611,5.552178360375073
1612,5.552178360375073
1613,5.552178360375073
1614,5.552178360375073
1615,2.2711010403033756
1616,4.068955463242609
1617,4.099749043888121
1618,4.217558001541757
1619,4.06879121170693
1620,4.092086745409048
1621,4.4109346424846265
1622,3.864295635925522
1623,3.5833236620043474
1624,4.145967042049161
1625,4.200241966861563
1626,4.068955463242609
1627,4.068955463242609
1628,4.068955463242609
1629,4.068955463242609
1630,4.068955463242609
1631,3.9994279435689606
1632,2.3126385947077046
1633,2.4534007691176747
1634,2.285803215594477
1635,2.312311700518029
1636,2.1368834285126046
1637,2.685953146363532
1638,1.981769134967066
1639,2.7863621420405247
1640,3.0782325707960454
1641,2.296094803566451
1642,2.3126385947077046
1643,2.3126385947077046
1644,2.3126385947077046
1645,2.3126385947077046
1646,2.3126385947077046
1647,3.998920157935918
1648,3.2208514907315173
1649,3.210878130534526
1650,3.2085414541811437
1651,3.2208428189575278
1652,3.227832438724103
1653,2.7903166766368352
1654,4.184540875679721
1655,3.713200284229852
1656,2.4886068585024996
1657,3.216644886375645
1658,3.2208514907315173
1659,3.2208514907315173
1660,3.2208514907315173
1661,3.2208514907315173
1662,3.2208514907315173
1663,3.220133006134577
1664,4.506061211146331
1665,4.322411836093524
1666,4.7195453170314465
1667,4.505787653341175
1668,4.26910950899896
1669,4.525992477643915
1670,5.5668300774935116
1671,3.884415031172955
1672,3.9409339986770626
1673,4.308343647693065
1674,4.506061211146331
1675,4.506061211146331
1676,4.506061211146331
1677,4.506061211146331
1678,4.506061211146331
1679,3.8294035291461648
1680,4.123336381840948
1681,4.099146698050782
1682,4.209994955831446
1683,4.123518077133865
1684,4.589301433726645
1685,3.904817591178503
1686,3.7289301008783506
1687,3.3745872808069537
1688,3.9032678676383483
1689,4.161198746587287
1690,4.123336381840948
1691,4.123336381840948
1692,4.123336381840948
1693,4.123336381840948
1694,4.123336381840948
1695,3.1741914280411963
1696,3.9195914635720084
1697,3.9830188481369304
1698,3.9162696412076317
1699,3.918201828329798
1700,2.83016133654728
1701,4.108495617595577
1702,2.7175932062063923
1703,5.142364839444164
1704,3.862851762842594
1705,4.009593747281084
1706,3.9195914635720084
1707,3.9195914635720084
1708,3.9195914635720084
1709,3.9195914635720084
1710,3.9195914635720084
1711,2.7547565182798315
1712,2.457878513183199
1713,2.393328658441061
1714,2.465891957859547
1715,2.4587890773501644
1716,3.6899564201972206
1717,2.4808165401253643
1718,3.190544449956992
1719,2.7291430975063267
1720,2.776865296018007
1721,2.4900945211868577
1722,2.457878513183199
1723,2.457878513183199
1724,2.457878513183199
1725,2.457878513183199
1726,2.457878513183199
1727,5.989954806470685
1728,2.0144197694319534
1729,2.174371215283398
1730,1.9779504304560038
1731,2.017255495367484
1732,3.0620508481303466
1733,2.090881206114567
1734,2.199698045206759
1735,1.8918648503751259
1736,2.829886367615787
1737,2.0652157370801687
1738,2.0144197694319534
1739,2.0144197694319534
1740,2.0144197694319534
1741,2.0144197694319534
1742,2.0144197694319534
1743,4.9382537226257845
1744,4.452560315924676
1745,4.430531656023298
1746,4.294743089604241
1747,4.45436515080817
1748,2.764910086627527
1749,4.165233799386916
1750,4.840518333276221
1751,4.725486339701416
1752,3.734600088196364
1753,4.525244291859736
1754,4.452560315924676
1755,4.452560315924676
1756,4.452560315924676
1757,4.452560315924676
1758,4.452560315924676
1759,2.4409963667622807
1760,7.792864823926989
1761,7.569936177223858
1762,6.927687060169505
1763,7.791599035396857
1764,8.870603168088659
1765,5.937518645803915
1766,5.458881570473742
1767,7.084790801746197
1768,5.13663920385908
1769,7.399238730212285
1770,7.792864823926989
1771,7.792864823926989
1772,7.792864823926989
1773,7.792864823926989
1774,7.792864823926989
1775,2.7091050094296127
1776,2.5916238847931
1777,2.598936438232468
1778,2.6888550924402765
1779,2.591847280422462
1780,2.1889916234393647
1781,3.333171015192464
1782,3.150500131733135
1783,2.650845365320612
1784,3.584048179318254
1785,2.626710387102501
1786,2.5916238847931
1787,2.5916238847931
1788,2.5916238847931
1789,2.5916238847931
1790,2.5916238847931
1791,5.6895873528035645
1792,3.269978955074419
1793,3.0978894798231607
1794,3.003325504723043
1795,3.2737062157220223
1796,3.5050748226701747
1797,2.7986569733928666
1798,2.500957039756118
1799,3.2811569941996845
1800,2.9029726289783073
1801,3.341301223510813
1802,3.269978955074419
1803,3.269978955074419
1804,3.269978955074419
1805,3.269978955074419
1806,3.269978955074419
1807,1.9662549454949947
1808,3.2183213135463853
1809,3.2357535091674334
1810,3.1960183522630894
1811,3.2185985355181437
1812,3.4824035791238015
1813,3.9385065700931983
1814,4.409508404281654
1815,3.062337373619996
1816,2.9048305617727714
1817,3.0339166487132454
1818,3.2183213135463853
1819,3.2183213135463853
1820,3.2183213135463853
1821,3.2183213135463853
1822,3.2183213135463853
1823,4.773085860177021
1824,2.1212892623652357
1825,2.1047903020223813
1826,2.238904058488357
1827,2.1218713657137136
1828,2.1528713065380027
1829,2.2533440368934565
1830,2.2840235485161458
1831,2.1773622596117272
1832,2.3060464848375073
1833,2.159730548246146
1834,2.1212892623652357
1835,2.1212892623652357
1836,2.1212892623652357
1837,2.1212892623652357
1838,2.1212892623652357
1839,3.037170633272139
1840,7.076214569934009
1841,6.878775757301419
1842,8.724044372713848
1843,7.075966615659725
1844,7.90103273048343
1845,6.00040412073902
1846,6.233816342398419
1847,6.991567505502478
1848,6.563771364984933
1849,7.114106998400174
1850,7.076214569934009
1851,7.076214569934009
1852,7.076214569934009
1853,7.076214569934009
1854,7.076214569934009
1855,5.498833813385764
1856,4.440129874371165
1857,3.8320113642427898
1858,5.422268203322036
1859,4.444882469542832
1860,4.377576192688871
1861,4.160607311648262
1862,3.5331384063541416
1863,3.987079911661252
1864,6.762772449311642
1865,4.464165471539911
1866,4.440129874371165
1867,4.440129874371165
1868,4.440129874371165
1869,4.440129874371165
1870,4.440129874371165
1871,4.423422551275379
1872,2.586489504247275
1873,2.64377689476667
1874,2.6543450958250503
1875,2.586159802451594
1876,2.638066667205106
1877,2.730266116771276
1878,3.9171214164225905
1879,2.3852961795652403
1880,2.2100961829452554
1881,2.6715344662237377
1882,2.586489504247275
1883,2.586489504247275
1884,2.586489504247275
1885,2.586489504247275
1886,2.586489504247275
1887,3.392672426403396
1888,4.849820517460988
1889,5.222513679510011
1890,4.30168061688858
1891,4.844456519542127
1892,4.673202343789816
1893,4.423133213173736
1894,4.512084372913103
1895,5.020412537457801
1896,3.9060923970526544
1897,4.8818678100987745
1898,4.849820517460988
1899,4.849820517460988
1900,4.849820517460988
1901,4.849820517460988
1902,4.849820517460988
1903,3.1080456634089355
1904,3.329469789257998
1905,3.2391778533756344
1906,3.321701802021599
1907,3.3300429122946404
1908,3.5670776267454696
1909,3.4392368564011115
1910,3.0378601916466623
1911,3.6969779395855267
1912,3.984527766940402
1913,3.2205570176150338
1914,3.329469789257998
1915,3.329469789257998
1916,3.329469789257998
1917,3.329469789257998
1918,3.329469789257998
1919,4.194815259986882
1920,3.1330654334651373
1921,3.2649560676506297
1922,3.50788446053317
1923,3.1310436817091643
1924,3.741473651231184
1925,3.6463525721263372
1926,2.427018468428906
1927,2.721869495979421
1928,2.9762109942554766
1929,3.114920119942698
1930,3.1330654334651373
1931,3.1330654334651373
1932,3.1330654334651373
1933,3.1330654334651373
1934,3.1330654334651373
1935,3.446326099747347
1936,4.1249408111712995
1937,4.125077033888673
1938,4.109586258247921
1939,4.12327831816342
1940,3.5578469288518355
1941,3.980518366171048
1942,4.778801032505941
1943,3.809604432351925
1944,4.964005601088894
1945,4.153930384999763
1946,4.1249408111712995
1947,4.1249408111712995
1948,4.1249408111712995
1949,4.1249408111712995
1950,4.1249408111712995
1951,4.4241803915964715
1952,2.795524648404226
1953,2.789478603277363
1954,2.7379896826584593
1955,2.795881194616598
1956,4.290828066100231
1957,2.1266168192793233
1958,2.6687123417623604
1959,3.0009703422985985
1960,2.5972322996119477
1961,2.8621267062120914
1962,2.795524648404226
1963,2.795524648404226
1964,2.795524648404226
1965,2.795524648404226
1966,2.795524648404226
1967,3.1268803668174434
1968,4.53311376236666
1969,4.262536150563063
1970,4.521532335622414
1971,4.536294543252639
1972,2.960162311074117
1973,5.669122091987731
1974,5.311523655271087
1975,5.331964074342328
1976,4.4008045940949545
1977,4.444469145234067
1978,4.53311376236666
1979,4.53311376236666
1980,4.53311376236666
1981,4.53311376236666
1982,4.53311376236666
1983,4.397037880505754
1984,5.461072623793047
1985,5.375485088783265
1986,4.255996048314613
1987,5.45770548170774
1988,3.509515386256285
1989,5.3046388712085095
1990,4.357528201317796
1991,5.468530907096095
1992,3.4371629070260967
1993,5.6511822675325005
1994,5.461072623793047
1995,5.461072623793047
1996,5.461072623793047
1997,5.461072623793047
1998,5.461072623793047
1999,1.4912564343244648
2000,3.402575227250005
2001,3.4045752778617837
2002,3.412849957412394
2003,3.4026077646052
2004,4.607728441216166
2005,3.414191272264306
2006,3.806028051954113
2007,3.150510938115495
2008,4.4180038897321285
2009,3.302536573512336
2010,3.402575227250005
2011,3.402575227250005
2012,3.402575227250005
2013,3.402575227250005
2014,3.402575227250005
2015,6.0867126689055855
2016,2.1896999106245434
2017,2.192358726851086
2018,2.1819978159789564
2019,2.1912226740141594
2020,1.8523263090190547
2021,2.094426213910975
2022,2.2850938647925463
2023,2.413489458935426
2024,2.901470471434849
2025,2.1970585092089547
2026,2.1896999106245434
2027,2.1896999106245434
2028,2.1896999106245434
2029,2.1896999106245434
2030,2.1896999106245434
2031,2.6786711348561933
2032,4.650572362740109
2033,4.812639423997631
2034,4.931507599107864
2035,4.651363093267652
2036,4.809104220288106
2037,4.663446142557956
2038,4.938015547210606
2039,4.714739707756373
2040,4.022388720306354
2041,4.598763792607054
2042,4.650572362740109
2043,4.650572362740109
2044,4.650572362740109
2045,4.650572362740109
2046,4.650572362740109
2047,5.356140103478717
2048,3.3614701483979834
2049,3.224708513754211
2050,2.9882253036006086
2051,3.3614765759545326
2052,4.036171826789354
2053,3.237454155091014
2054,4.065434461869295
2055,4.198496433917948
2056,2.7891123542961123
2057,3.400921931837074
2058,3.3614701483979834
2059,3.3614701483979834
2060,3.3614701483979834
2061,3.3614701483979834
2062,3.3614701483979834
2063,4.441485160442344
2064,3.4742554554573792
2065,3.790791034134642
2066,3.5966998154330687
2067,3.4744703557548284
2068,3.031045306795713
2069,3.295375503636017
2070,2.6262446116630556
2071,2.7988891971642893
2072,5.091751087558864
2073,3.3213473584584725
2074,3.4742554554573792
2075,3.4742554554573792
2076,3.4742554554573792
2077,3.4742554554573792
2078,3.4742554554573792
2079,3.1378362359180034
2080,3.399885006818573
2081,3.4641697293843885
2082,3.44403736505112
2083,3.399236332454295
2084,3.2086027943676987
2085,3.489357937436514
2086,3.878823110599901
2087,4.55486425556493
2088,3.9076469970052305
2089,3.4361248887371567
2090,3.399885006818573
2091,3.399885006818573
2092,3.399885006818573
2093,3.399885006818573
2094,3.399885006818573
2095,5.949903254184028
2096,3.522516752989362
2097,3.512243303525131
2098,3.7003056987466962
2099,3.5222824683403786
2100,4.105170137214501
2101,3.488742780389788
2102,3.4009433755013663
2103,2.855506039124735
2104,3.039734110988345
2105,3.605668135897783
2106,3.522516752989362
2107,3.522516752989362
2108,3.522516752989362
2109,3.522516752989362
2110,3.522516752989362
2111,2.7162473578097397
2112,2.979692193452127
2113,2.305347635428541
2114,3.0741120035427345
2115,2.9723255722091175
2116,3.5232024881694692
2117,2.184665466125589
2118,3.246076523651599
2119,3.671673786269202
2120,2.4633875276457085
2121,3.02006452987088
2122,2.979692193452127
2123,2.979692193452127
2124,2.979692193452127
2125,2.979692193452127
2126,2.979692193452127
2127,2.484873960340918
2128,6.80023657872588
2129,6.754129309765331
2130,6.766450927133871
2131,6.796373349011387
2132,5.717822410347408
2133,8.757429530764599
2134,5.502602441645075
2135,4.685032223151667
2136,6.34885427648813
2137,6.912321325637945
2138,6.80023657872588
2139,6.80023657872588
2140,6.80023657872588
2141,6.80023657872588
2142,6.80023657872588
2143,3.9150023512301337
2144,3.136708636685413
2145,3.5576628996804485
2146,3.111148265092441
2147,3.1368647142206765
2148,2.6957475811225287
2149,3.4328812245669824
2150,3.479179863496727
2151,4.456973679815913
2152,2.921583099422401
2153,3.1871210082938055
2154,3.136708636685413
2155,3.136708636685413
2156,3.136708636685413
2157,3.136708636685413
2158,3.136708636685413
2159,4.949932257823578
2160,2.722510491975356
2161,2.690807958657002
2162,2.764529468447272
2163,2.7227914431663685
2164,2.895262591229243
2165,2.636363720883205
2166,2.7503645732929733
2167,2.2476724046273935
2168,3.033588051661377
2169,2.598094997073753
2170,2.722510491975356
2171,2.722510491975356
2172,2.722510491975356
2173,2.722510491975356
2174,2.722510491975356
2175,2.537000507497748
2176,2.9963165176475224
2177,2.975573366722171
2178,3.0610845915630134
2179,2.997431845869189
2180,2.4303512063868795
2181,2.707171119268347
2182,4.175438129395654
2183,3.5669135627389346
2184,3.9558665281728436
2185,2.984460237218668
2186,2.9963165176475224
2187,2.9963165176475224
2188,2.9963165176475224
2189,2.9963165176475224
2190,2.9963165176475224
2191,4.812333785860867
2192,4.897014099154499
2193,4.912700511981157
2194,4.827612710925143
2195,4.8972015489991305
2196,6.928248765118316
2197,5.354087277952908
2198,4.16499971839707
2199,3.1956793171666527
2200,3.1317428806216494
2201,4.896745278788431
2202,4.897014099154499
2203,4.897014099154499
2204,4.897014099154499
2205,4.897014099154499
2206,4.897014099154499
2207,2.588842407074049
2208,4.888350236287431
2209,5.120791552119801
2210,5.524651034859864
2211,4.886498541007578
2212,3.662597739888469
2213,4.36016453704324
2214,4.229160336842717
2215,7.21414047042711
2216,3.965389375804877
2217,5.02426091523447
2218,4.888350236287431
2219,4.888350236287431
2220,4.888350236287431
2221,4.888350236287431
2222,4.888350236287431
2223,4.151244606163846
2224,2.2754341317686717
2225,2.267324746271594
2226,2.349605834914741
2227,2.274674815757901
2228,3.1195489578194433
2229,2.466752014312227
2230,2.2858317743687424
2231,1.8780880840328087
2232,3.0774931804868793
2233,2.2224043821554904
2234,2.2754341317686717
2235,2.2754341317686717
2236,2.2754341317686717
2237,2.2754341317686717
2238,2.2754341317686717
2239,3.7554025122217918
2240,3.319709482657496
2241,3.3354725777098437
2242,2.385731664895957
2243,3.325344997711734
2244,4.090180173942989
2245,4.069110680844851
2246,4.831516554775737
2247,3.865400481927915
2248,3.883781897157731
2249,3.4162551967855097
2250,3.319709482657496
2251,3.319709482657496
2252,3.319709482657496
2253,3.319709482657496
2254,3.319709482657496
2255,6.891418794053506
2256,4.018705369178322
2257,4.025388278528149
2258,4.299173432723215
2259,4.018655123124736
2260,2.995669550089583
2261,3.2795650771678497
2262,2.914615406693452
2263,3.149265506208127
2264,4.056183411888196
2265,3.9088597403237966
2266,4.018705369178322
2267,4.018705369178322
2268,4.018705369178322
2269,4.018705369178322
2270,4.018705369178322
2271,1.4184189643735827
2272,3.177837502358469
2273,3.1299427692364827
2274,3.135818206037444
2275,3.177287291131904
2276,3.8356211987118676
2277,2.8915053228864993
2278,2.919355934834725
2279,4.232918184911177
2280,3.158082833521707
2281,3.1848040508867403
2282,3.177837502358469
2283,3.177837502358469
2284,3.177837502358469
2285,3.177837502358469
2286,3.177837502358469
2287,4.24011414443056
2288,5.117323882586394
2289,5.11518684177065
2290,5.048921325210896
2291,5.117231657685371
2292,4.035923124953506
2293,6.027883959378999
2294,5.194853833253709
2295,4.257737263793536
2296,4.744557152550238
2297,5.105978875519337
2298,5.117323882586394
2299,5.117323882586394
2300,5.117323882586394
2301,5.117323882586394
2302,5.117323882586394
2303,3.7423433274973834
2304,3.429895670709449
2305,3.324045807447681
2306,3.370329780711426
2307,3.4327398874168518
2308,3.3744632649035444
2309,2.817446573796749
2310,3.496091033786253
2311,2.8234213555544554
2312,3.6997465358345525
2313,3.3670644354706067
2314,3.429895670709449
2315,3.429895670709449
2316,3.429895670709449
2317,3.429895670709449
2318,3.429895670709449
2319,2.495449927918274
2320,2.7646417981652736
2321,2.76356996517712
2322,2.7990268302976404
2323,2.7657516964875484
2324,3.145484711141769
2325,3.406464604597811
2326,3.2824886164281444
2327,3.6350392346608937
2328,2.090574766139166
2329,2.7780377750983942
2330,2.7646417981652736
2331,2.7646417981652736
2332,2.7646417981652736
2333,2.7646417981652736
2334,2.7646417981652736
2335,5.066786472834456
2336,3.714223844261761
2337,4.848745326221606
2338,3.3444153575927578
2339,3.7147047946430125
2340,4.7762163087423986
2341,4.015264241843222
2342,4.217288636758779
2343,2.6817234159231895
2344,2.8027172302518717
2345,3.5819591857065824
2346,3.714223844261761
2347,3.714223844261761
2348,3.714223844261761
2349,3.714223844261761
2350,3.714223844261761
2351,2.9954076461485184
2352,4.332156151325084
2353,4.105932480011095
2354,4.433047333998462
2355,4.330861562231765
2356,4.055500824565352
2357,3.7759004034270074
2358,3.187034335405257
2359,5.361496185945626
2360,6.116539040792422
2361,4.49100117139832
2362,4.332156151325084
2363,4.332156151325084
2364,4.332156151325084
2365,4.332156151325084
2366,4.332156151325084
2367,4.515548742047534
2368,7.888537484186378
2369,6.381851104213585
2370,7.359123633363106
2371,7.886894813677113
2372,7.312826120800932
2373,7.816275051963913
2374,7.48879148232349
2375,5.1642562669992085
2376,7.9184746871915
2377,7.7655496921360125
2378,7.888537484186378
2379,7.888537484186378
2380,7.888537484186378
2381,7.888537484186378
2382,7.888537484186378
2383,3.516295927138005
2384,1.7060094939137644
2385,1.6801356584385883
2386,1.691126771529891
2387,1.705879404258815
2388,1.87830484052314
2389,1.7207022027975623
2390,1.968768033059996
2391,1.896558498558076
2392,2.046298076410756
2393,1.7420931773675072
2394,1.7060094939137644
2395,1.7060094939137644
2396,1.7060094939137644
2397,1.7060094939137644
2398,1.7060094939137644
2399,3.090320731452975
2400,2.8095458528634847
2401,2.837740625677511
2402,3.0476698434174296
2403,2.809140612737682
2404,3.230571945665261
2405,2.7593808684009393
2406,3.861023402475056
2407,2.4377651166621006
2408,2.7618683769897974
2409,2.8422987083605222
2410,2.8095458528634847
2411,2.8095458528634847
2412,2.8095458528634847
2413,2.8095458528634847
2414,2.8095458528634847
2415,4.189433247352164
2416,5.044354353425283
2417,5.020180931861483
2418,5.044186095657023
2419,5.044728044185508
2420,4.300565847028485
2421,5.106726145725403
2422,3.3551277538587185
2423,7.594090285230348
2424,4.986740449708948
2425,5.001261645790103
2426,5.044354353425283
2427,5.044354353425283
2428,5.044354353425283
2429,5.044354353425283
2430,5.044354353425283
2431,4.2642172759355015
2432,5.133203953272131
2433,6.098129912436649
2434,4.525536917146771
2435,5.125619518796558
2436,6.516991627865878
2437,5.920729954181164
2438,5.186096812884903
2439,3.169005737153714
2440,4.424475941410806
2441,4.92240692703375
2442,5.133203953272131
2443,5.133203953272131
2444,5.133203953272131
2445,5.133203953272131
2446,5.133203953272131
2447,3.751067134616627
2448,3.3064738948739416
2449,3.3137128534959617
2450,3.3153116498183652
2451,3.306397194158137
2452,2.659179660983423
2453,2.873160334994513
2454,2.9159946291789405
2455,3.821810457296957
2456,4.384133601834419
2457,3.3268460372084685
2458,3.3064738948739416
2459,3.3064738948739416
2460,3.3064738948739416
2461,3.3064738948739416
2462,3.3064738948739416
2463,3.130830738378732
2464,2.5646986427922176
2465,2.5863726697763667
2466,2.932903250093471
2467,2.5648996934310953
2468,3.195247825804466
2469,2.146214422089467
2470,3.6601460139955666
2471,2.2666217661935577
2472,3.5160811208918887
2473,2.650015907852147
2474,2.5646986427922176
2475,2.5646986427922176
2476,2.5646986427922176
2477,2.5646986427922176
2478,2.5646986427922176
2479,5.414113744884727
2480,4.084416079392061
2481,3.9048292186037203
2482,4.059267335392681
2483,4.083603926669515
2484,3.234765328786712
2485,4.894287691488036
2486,3.3015069186401997
2487,6.751055086405118
2488,2.766738305032558
2489,4.128400019692396
2490,4.084416079392061
2491,4.084416079392061
2492,4.084416079392061
2493,4.084416079392061
2494,4.084416079392061
2495,3.3532460097596797
2496,4.343118925180953
2497,4.220005479056038
2498,4.2961326146672985
2499,4.342948241911722
2500,2.946663247959752
2501,4.289804335594952
2502,4.43061792443756
2503,3.6481055589149047
2504,4.0820024371843955
2505,4.414253751302527
2506,4.343118925180953
2507,4.343118925180953
2508,4.343118925180953
2509,4.343118925180953
2510,4.343118925180953
2511,2.3637457416884327
2512,3.069106523907047
2513,3.0793515226254327
2514,3.160476317098464
2515,3.068685487441341
2516,3.830774047691171
2517,3.395860628553193
2518,2.5148702354440577
2519,3.7853310704527297
2520,2.782831530239053
2521,3.129083404620861
2522,3.069106523907047
2523,3.069106523907047
2524,3.069106523907047
2525,3.069106523907047
2526,3.069106523907047
2527,4.125551014985205
2528,5.825759799385785
2529,5.7510515028227
2530,5.2797019320144445
2531,5.832266581865223
2532,4.151562243914337
2533,5.180311571890228
2534,7.034332641986019
2535,4.679360715044535
2536,7.103745012406547
2537,5.511209093509691
2538,5.825759799385785
2539,5.825759799385785
2540,5.825759799385785
2541,5.825759799385785
2542,5.825759799385785
2543,3.7798631593312884
2544,2.104209837797439
2545,2.1412675223717703
2546,2.096163320911081
2547,2.1042592892788816
2548,2.7334762839398348
2549,2.1800646528124883
2550,1.9980788449811764
2551,2.5363115100146683
2552,1.992269650432645
2553,2.138729095133629
2554,2.104209837797439
2555,2.104209837797439
2556,2.104209837797439
2557,2.104209837797439
2558,2.104209837797439
2559,3.217500335797533
2560,3.6901737622095983
2561,3.666683540406951
2562,3.7215661129682385
2563,3.688501277968605
2564,4.727695428517336
2565,4.249839565291427
2566,3.0990104793221462
2567,3.8495298444867685
2568,5.495058575686884
2569,3.7334562804855067
2570,3.6901737622095983
2571,3.6901737622095983
2572,3.6901737622095983
2573,3.6901737622095983
2574,3.6901737622095983
2575,7.144082073197064
2576,2.819086419316407
2577,2.8557243956124485
2578,2.9539801146914195
2579,2.8184729397085313
2580,2.206271519760996
2581,2.640123470903131
2582,4.108646616951872
2583,2.7626547763491476
2584,2.123231064235256
2585,2.856656379517549
2586,2.819086419316407
2587,2.819086419316407
2588,2.819086419316407
2589,2.819086419316407
2590,2.819086419316407
2591,2.1812563926831396
2592,3.277487938798668
2593,3.3024141219233494
2594,3.110615264288577
2595,3.27908466502098
2596,4.26061985293412
2597,3.6092909046815738
2598,2.804740185687396
2599,3.244522613318084
2600,2.4432286556126863
2601,3.351198138930016
2602,3.277487938798668
2603,3.277487938798668
2604,3.277487938798668
2605,3.277487938798668
2606,3.277487938798668
2607,2.855607146490795
2608,4.339020516920055
2609,4.34190699232053
2610,4.470548406546886
2611,4.339255214816979
2612,3.6678583491104297
2613,3.877266665467127
2614,4.244171913299177
2615,4.184509817275965
2616,5.043525842316411
2617,4.161390180687
2618,4.339020516920055
2619,4.339020516920055
2620,4.339020516920055
2621,4.339020516920055
2622,4.339020516920055
2623,3.532719949512978
2624,9.030996223407726
2625,8.755261132038381
2626,7.503498177841534
2627,9.019017411700602
2628,6.563438856040046
2629,7.331681166705714
2630,8.405976939179556
2631,9.647810209694862
2632,9.5158609597771
2633,9.163414221468301
2634,9.030996223407726
2635,9.030996223407726
2636,9.030996223407726
2637,9.030996223407726
2638,9.030996223407726
2639,4.690776464360216
2640,1.7141291520305146
2641,1.7104212738549158
2642,1.728203335021165
2643,1.7142405998664731
2644,2.232762722656881
2645,2.0306121801211745
2646,1.995871719521588
2647,1.8644555145158588
2648,1.5452700936421235
2649,1.639367420319149
2650,1.7141291520305146
2651,1.7141291520305146
2652,1.7141291520305146
2653,1.7141291520305146
2654,1.7141291520305146
2655,2.728420751229293
2656,3.8579575035692417
2657,3.823979122892478
2658,4.431734425025433
2659,3.8595180634485278
2660,2.6498182189892026
2661,4.320316434062088
2662,3.3234168118160383
2663,3.374687077023465
2664,4.296015798222936
2665,3.882859525550153
2666,3.8579575035692417
2667,3.8579575035692417
2668,3.8579575035692417
2669,3.8579575035692417
2670,3.8579575035692417
2671,2.8584718315130675
2672,3.511098575922618
2673,3.524986311152221
2674,3.547800280411809
2675,3.5109329836130407
2676,4.6241141025161845
2677,2.9698933608858153
2678,3.636803403688722
2679,3.3604668916511775
2680,3.8033584802500013
2681,3.5662860713914704
2682,3.511098575922618
2683,3.511098575922618
2684,3.511098575922618
2685,3.511098575922618
2686,3.511098575922618
2687,4.328750677874327
2688,4.166787032676832
2689,3.899816294648181
2690,4.034479123125167
2691,4.172404938228282
2692,5.177183724350772
2693,4.235458550033652
2694,3.151154335525195
2695,4.5763008656301585
2696,2.922275495255632
2697,4.265602236764089
2698,4.166787032676832
2699,4.166787032676832
2700,4.166787032676832
2701,4.166787032676832
2702,4.166787032676832
2703,2.881945103151554
2704,3.3315591041554264
2705,3.4002265431701995
2706,3.329960985662415
2707,3.3323807892819692
2708,2.9662202204031174
2709,3.5488592900280285
2710,3.924749620634906
2711,3.844419447980665
2712,4.478853414369198
2713,3.2257669545600747
2714,3.3315591041554264
2715,3.3315591041554264
2716,3.3315591041554264
2717,3.3315591041554264
2718,3.3315591041554264
2719,5.776647588080034
2720,3.2516571417720943
2721,3.404060994251641
2722,3.6527048858928004
2723,3.2515520088666015
2724,3.014883842448903
2725,3.1495780359690047
2726,3.6981550122877502
2727,2.784391186580051
2728,4.382506250069026
2729,3.2630571997797957
2730,3.2516571417720943
2731,3.2516571417720943
2732,3.2516571417720943
2733,3.2516571417720943
2734,3.2516571417720943
2735,4.887970289469566
2736,3.647560847174326
2737,3.6239323580558906
2738,3.647904896628471
2739,3.646306007556406
2740,4.0725025127285
2741,3.675960269452834
2742,3.646795536514962
2743,3.4541771492872155
2744,3.4742259011628707
2745,3.6480771688941194
2746,3.647560847174326
2747,3.647560847174326
2748,3.647560847174326
2749,3.647560847174326
2750,3.647560847174326
2751,3.693276704088685
2752,3.8377809661914513
2753,3.7157196718394783
2754,3.8045545827486578
2755,3.8390021487186172
2756,4.301084731353962
2757,5.164970095296212
2758,2.4282910607501433
2759,4.298369498817453
2760,3.770158403296365
2761,3.841556206074102
2762,3.8377809661914513
2763,3.8377809661914513
2764,3.8377809661914513
2765,3.8377809661914513
2766,3.8377809661914513
2767,3.629292486753001
2768,3.4876429088830343
2769,3.499382843343857
2770,3.6116346737743266
2771,3.4867525214286315
2772,2.780949866198992
2773,2.8111707683273
2774,4.693486515577518
2775,3.53905103332512
2776,3.6350555083213676
2777,3.5119440830262043
2778,3.4876429088830343
2779,3.4876429088830343
2780,3.4876429088830343
2781,3.4876429088830343
2782,3.4876429088830343
2783,3.356431725831346
2784,5.980593442569789
2785,8.25733141673559
2786,4.835702830975607
2787,5.967992169957478
2788,5.293617969290664
2789,5.295043169588995
2790,7.0667917335272845
2791,5.98444663597966
2792,4.673016874468857
2793,6.135732415133337
2794,5.980593442569789
2795,5.980593442569789
2796,5.980593442569789
2797,5.980593442569789
2798,5.980593442569789
2799,4.142973993585422
2800,2.3671906029681327
2801,2.351573114886459
2802,2.3810566075474755
2803,2.3675690118969177
2804,2.5399831218509137
2805,2.4337158167893147
2806,2.325046808494683
2807,2.1995525544479806
2808,2.436780452848518
2809,2.311498591287622
2810,2.3671906029681327
2811,2.3671906029681327
2812,2.3671906029681327
2813,2.3671906029681327
2814,2.3671906029681327
2815,2.3825357928770012
2816,6.211425502513855
2817,6.982518239728424
2818,4.905871831725335
2819,6.216352093675874
2820,4.87905928817297
2821,5.034621793450133
2822,6.38077150752678
2823,5.98541152146317
2824,4.552545267070673
2825,6.087510279637977
2826,6.211425502513855
2827,6.211425502513855
2828,6.211425502513855
2829,6.211425502513855
2830,6.211425502513855
2831,2.450368811483085
2832,3.732924819421677
2833,3.7303413462481028
2834,3.8712585325671838
2835,3.732934850760371
2836,5.249452592015443
2837,4.213302474637028
2838,3.3401370132310637
2839,3.5811112924035085
2840,4.46984104572903
2841,3.7932185750251306
2842,3.732924819421677
2843,3.732924819421677
2844,3.732924819421677
2845,3.732924819421677
2846,3.732924819421677
2847,6.598089026205816
2848,2.6254056785154023
2849,2.6396319068455263
2850,2.7029324797843333
2851,2.6249717462713313
2852,2.1107850587549355
2853,3.3136838287215404
2854,2.127296556866746
2855,2.730393823376258
2856,4.2657540146515105
2857,2.6633302180708336
2858,2.6254056785154023
2859,2.6254056785154023
2860,2.6254056785154023
2861,2.6254056785154023
2862,2.6254056785154023
2863,3.642709602460942
2864,2.5820692412748456
2865,2.512316633467405
2866,2.716434713827306
2867,2.582303836553447
2868,3.7728215308398427
2869,2.254677879302034
2870,3.5461448188633042
2871,2.76795129748983
2872,1.918005711470073
2873,2.562365062069695
2874,2.5820692412748456
2875,2.5820692412748456
2876,2.5820692412748456
2877,2.5820692412748456
2878,2.5820692412748456
2879,3.4654594516863653
2880,2.196555589709116
2881,2.038302393396501
2882,2.2658330179044555
2883,2.1998895880993063
2884,2.8068725469634135
2885,2.27283849499505
2886,2.149039877571765
2887,2.524910958755251
2888,2.42240698244802
2889,2.1722381555106356
2890,2.196555589709116
2891,2.196555589709116
2892,2.196555589709116
2893,2.196555589709116
2894,2.196555589709116
2895,3.375036382378266
2896,5.518489800898688
2897,5.483450949168192
2898,5.341560380098782
2899,5.518704028157395
2900,4.416429212155109
2901,5.129785594320238
2902,4.942704187611286
2903,6.458038973486725
2904,5.354997247178279
2905,5.57177908735407
2906,5.518489800898688
2907,5.518489800898688
2908,5.518489800898688
2909,5.518489800898688
2910,5.518489800898688
2911,4.04271278416487
2912,3.6097264592099805
2913,3.62439201011378
2914,3.9484804851141893
2915,3.6091776658714356
2916,4.440118367963116
2917,3.828005368330123
2918,2.705429421378577
2919,3.2192870780537683
2920,3.6634801924229143
2921,3.481964467901905
2922,3.6097264592099805
2923,3.6097264592099805
2924,3.6097264592099805
2925,3.6097264592099805
2926,3.6097264592099805
2927,3.4175446294032623
2928,3.777186917117803
2929,4.04753452765967
2930,3.794004809785889
2931,3.77715862989038
2932,2.8961184761775813
2933,3.5786495157201266
2934,5.677199296735337
2935,3.197982079390474
2936,3.155923850370658
2937,3.905437956171538
2938,3.777186917117803
2939,3.777186917117803
2940,3.777186917117803
2941,3.777186917117803
2942,3.777186917117803
2943,3.1863731079102355
2944,2.307387112167992
2945,2.184813712811711
2946,2.302414561394764
2947,2.3073024361982704
2948,2.1442543533517076
2949,2.8626708762091417
2950,2.330504029238871
2951,2.785660549730179
2952,2.701578774267673
2953,2.337935010185221
2954,2.307387112167992
2955,2.307387112167992
2956,2.307387112167992
2957,2.307387112167992
2958,2.307387112167992
2959,3.575110990899188
2960,4.075826262435484
2961,4.094974573710495
2962,4.0572757380632645
2963,4.07636508417277
2964,4.446415976489426
2965,3.200986418900878
2966,4.740132247697042
2967,4.624803840025941
2968,3.5143928396746014
2969,4.147264754211437
2970,4.075826262435484
2971,4.075826262435484
2972,4.075826262435484
2973,4.075826262435484
2974,4.075826262435484
2975,4.005040014665995
2976,5.292940735690817
2977,6.722856322460583
2978,5.170855248908928
2979,5.300728110351569
2980,6.012577698216313
2981,4.949234706237971
2982,3.8838534231672255
2983,4.707699959025011
2984,3.503577475036054
2985,5.040441426412958
2986,5.292940735690817
2987,5.292940735690817
2988,5.292940735690817
2989,5.292940735690817
2990,5.292940735690817
2991,2.7874911358241397
2992,4.254812181513642
2993,3.8729321354566713
2994,4.145341798352451
2995,4.251343296069405
2996,3.580762163543088
2997,4.99241296111941
2998,4.9713341066151795
2999,3.200920666980708
3000,5.011573300070535
3001,4.352581882249733
3002,4.254812181513642
3003,4.254812181513642
3004,4.254812181513642
3005,4.254812181513642
3006,4.254812181513642
3007,3.9806601335681666
3008,3.300725659138752
3009,3.0243529468543326
3010,2.8927848545276067
3011,3.2927640727030774
3012,2.7652322909928877
3013,3.3301931596965875
3014,3.2536953380678924
3015,3.058451403507742
3016,2.969997531590233
3017,3.164741367822377
3018,3.300725659138752
3019,3.300725659138752
3020,3.300725659138752
3021,3.300725659138752
3022,3.300725659138752
3023,1.9174085392862197
3024,4.907510237676086
3025,5.205566291309095
3026,4.999398210097906
3027,4.906574248674466
3028,4.9745269435609245
3029,4.798596515717314
3030,5.263427542570597
3031,5.155690582598651
3032,5.169895306824387
3033,4.947992650053168
3034,4.907510237676086
3035,4.907510237676086
3036,4.907510237676086
3037,4.907510237676086
3038,4.907510237676086
3039,7.080424219493072
3040,2.451958776890572
3041,2.525071860980747
3042,2.44464564183145
3043,2.452033836364687
3044,2.6790465609333727
3045,2.526132575733749
3046,2.0544349318477595
3047,2.361054879919942
3048,2.670036856479611
3049,2.512983991481332
3050,2.451958776890572
3051,2.451958776890572
3052,2.451958776890572
3053,2.451958776890572
3054,2.451958776890572
3055,2.531859729606535
3056,4.42643073461112
3057,4.501161248573602
3058,4.361299399214615
3059,4.425823846648544
3060,3.6378246019271048
3061,4.360358127380134
3062,4.912415550931867
3063,4.755297723399816
3064,5.230203395193615
3065,4.454588423187909
3066,4.42643073461112
3067,4.42643073461112
3068,4.42643073461112
3069,4.42643073461112
3070,4.42643073461112
3071,4.893472555624238
3072,3.153696581660561
3073,3.163687840082841
3074,3.2223877618412002
3075,3.155134415383315
3076,4.067828685772114
3077,3.7899588335992074
3078,3.0306606069824524
3079,2.382306920656369
3080,2.9959229099293054
3081,3.11776910560016
3082,3.153696581660561
3083,3.153696581660561
3084,3.153696581660561
3085,3.153696581660561
3086,3.153696581660561
3087,3.4244083663398777
3088,2.856750648449423
3089,2.866330553380015
3090,2.861735467718052
3091,2.8567250974541873
3092,2.426801547746073
3093,2.70505272157728
3094,3.151339094507701
3095,3.8655673786251668
3096,3.434838989038493
3097,2.8147702696608694
3098,2.856750648449423
3099,2.856750648449423
3100,2.856750648449423
3101,2.856750648449423
3102,2.856750648449423
3103,3.9077838589151055
3104,5.255357038254801
3105,5.452688323568445
3106,4.828023714029044
3107,5.249401401931954
3108,6.726028230343939
3109,4.313249414449279
3110,4.574000347680023
3111,3.7627532756644224
3112,4.69749958222995
3113,5.452052735473749
3114,5.255357038254801
3115,5.255357038254801
3116,5.255357038254801
3117,5.255357038254801
3118,5.255357038254801
3119,3.030320246972112
3120,3.804360679102741
3121,4.037860457036738
3122,3.7940503221743245
3123,3.8049631165715407
3124,3.00718704518345
3125,4.61788464713291
3126,4.086983865815154
3127,5.074871335538367
3128,3.563563904721176
3129,3.735849981747722
3130,3.804360679102741
3131,3.804360679102741
3132,3.804360679102741
3133,3.804360679102741
3134,3.804360679102741
3135,5.109482389251406
3136,4.42295654194911
3137,3.7981232002314465
3138,3.474666012529868
3139,4.433448998098979
3140,3.073415884990689
3141,5.095939973519836
3142,4.659530690173494
3143,2.9394234890650854
3144,5.0900635450509615
3145,4.63542465388251
3146,4.42295654194911
3147,4.42295654194911
3148,4.42295654194911
3149,4.42295654194911
3150,4.42295654194911
3151,2.1506155229311403
3152,4.20699358023727
3153,4.213961787915606
3154,4.296933642000146
3155,4.207165213444588
3156,5.520011446132667
3157,3.887424461316996
3158,4.6964838403962785
3159,4.3496817872074685
3160,3.3860745421199736
3161,4.135847115256213
3162,4.20699358023727
3163,4.20699358023727
3164,4.20699358023727
3165,4.20699358023727
3166,4.20699358023727
3167,4.733677001510424
3168,6.275811859606401
3169,6.230622495772529
3170,6.414214274473339
3171,6.2753029210455376
3172,4.642544535795384
3173,6.612856710585566
3174,4.53923193027563
3175,5.982802697765447
3176,4.88736930644068
3177,6.234074186019219
3178,6.275811859606401
3179,6.275811859606401
3180,6.275811859606401
3181,6.275811859606401
3182,6.275811859606401
3183,2.6914908320550426
3184,1.814896249107266
3185,1.815949484184389
3186,2.0322907824934813
3187,1.814937687061904
3188,2.3361069760816955
3189,1.6992594002100283
3190,2.170076286566538
3191,2.6813137398698537
3192,2.6436701103376614
3193,1.7892716949954128
3194,1.814896249107266
3195,1.814896249107266
3196,1.814896249107266
3197,1.814896249107266
3198,1.814896249107266
3199,5.825457226829425
3200,4.433218051686672
3201,4.021997821602474
3202,3.3194915096615483
3203,4.433409521214402
3204,4.084112594571005
3205,4.273343619366038
3206,4.45193134046066
3207,3.1302870201457913
3208,4.416816661724517
3209,4.604836338097976
3210,4.433218051686672
3211,4.433218051686672
3212,4.433218051686672
3213,4.433218051686672
3214,4.433218051686672
3215,2.1660457913333997
3216,4.475848958052443
3217,4.895812419751893
3218,4.526351746754807
3219,4.475928840335443
3220,5.007547767489115
3221,4.833243884540932
3222,3.955703365792123
3223,4.879159220252662
3224,4.411883557195535
3225,4.355384253292629
3226,4.475848958052443
3227,4.475848958052443
3228,4.475848958052443
3229,4.475848958052443
3230,4.475848958052443
3231,5.985692029074993
3232,2.8682587004184312
3233,3.0503477735189635
3234,3.046297771639823
3235,2.868476814019088
3236,3.581685514178552
3237,3.6848335704661905
3238,2.068350458938576
3239,2.6420934579509243
3240,3.516163288293934
3241,2.8611707754121363
3242,2.8682587004184312
3243,2.8682587004184312
3244,2.8682587004184312
3245,2.8682587004184312
3246,2.8682587004184312
3247,3.8516622825653237
3248,3.0017739695172643
3249,2.8731136691202206
3250,4.404658258593953
3251,3.0004890741283385
3252,2.670363699803229
3253,2.2715411260953573
3254,4.747408803720977
3255,4.525747537659202
3256,3.0008530239309534
3257,3.0020387088795824
3258,3.0017739695172643
3259,3.0017739695172643
3260,3.0017739695172643
3261,3.0017739695172643
3262,3.0017739695172643
3263,4.973883884937954
3264,5.566727637866571
3265,4.914673231295127
3266,6.488425147944816
3267,5.553405546462946
3268,4.931003664190212
3269,5.485802498275323
3270,5.474631129325476
3271,4.524073447341158
3272,4.517484079636952
3273,5.563620659902565
3274,5.566727637866571
3275,5.566727637866571
3276,5.566727637866571
3277,5.566727637866571
3278,5.566727637866571
3279,2.9661856946935363
3280,2.196548213366791
3281,2.1578435748582394
3282,2.1751829012912456
3283,2.1958301764721435
3284,2.367110442325474
3285,2.197496518562536
3286,2.019197772287484
3287,2.987407961855844
3288,2.616354123464803
3289,2.185512101481492
3290,2.196548213366791
3291,2.196548213366791
3292,2.196548213366791
3293,2.196548213366791
3294,2.196548213366791
3295,3.5347009244177543
3296,4.144637502607337
3297,4.627765697681642
3298,3.9923391445026577
3299,4.1446673474626605
3300,4.657557858863022
3301,3.9728647628032547
3302,3.420758197398952
3303,2.932655227132609
3304,5.200669127295589
3305,4.29474034332477
3306,4.144637502607337
3307,4.144637502607337
3308,4.144637502607337
3309,4.144637502607337
3310,4.144637502607337
3311,3.443554222326336
3312,3.372859796201025
3313,3.3574277717328638
3314,3.3780232217844013
3315,3.3728712315628435
3316,2.661945873321138
3317,3.3449606423982314
3318,4.455376155080816
3319,4.35566380585859
3320,2.1654349591668636
3321,3.245859543512576
3322,3.372859796201025
3323,3.372859796201025
3324,3.372859796201025
3325,3.372859796201025
3326,3.372859796201025
3327,2.7509465995155242
3328,3.7680665840282983
3329,4.223334459186119
3330,3.759869631675147
3331,3.7650795909789903
3332,2.8618017980400836
3333,3.944475584206005
3334,2.416559261109931
3335,4.828992648780863
3336,3.4772197265560405
3337,3.6073498490814835
3338,3.7680665840282983
3339,3.7680665840282983
3340,3.7680665840282983
3341,3.7680665840282983
3342,3.7680665840282983
3343,2.428602197280503
3344,3.872491185759545
3345,3.874904819156702
3346,3.884199255766346
3347,3.872457161631878
3348,5.28302529144528
3349,3.531231931807693
3350,5.081247040935161
3351,2.7788968123443656
3352,3.8671020959112288
3353,4.0575436578533495
3354,3.872491185759545
3355,3.872491185759545
3356,3.872491185759545
3357,3.872491185759545
3358,3.872491185759545
3359,4.7566935007423155
3360,3.2016253684906673
3361,3.193696877226259
3362,3.1969568445103436
3363,3.202103953887727
3364,2.3600799816361873
3365,3.5058627452170565
3366,3.6407695268385383
3367,4.759916903760908
3368,3.2078913366910933
3369,3.1669344806815207
3370,3.2016253684906673
3371,3.2016253684906673
3372,3.2016253684906673
3373,3.2016253684906673
3374,3.2016253684906673
3375,4.2800838755753166
3376,3.33153207529158
3377,3.3138128165815406
3378,3.337124485632167
3379,3.3315895007098613
3380,4.400021906962875
3381,3.2415395935050197
3382,3.4113169549251
3383,2.5036674911256593
3384,3.8404497153764696
3385,3.352800409186208
3386,3.33153207529158
3387,3.33153207529158
3388,3.33153207529158
3389,3.33153207529158
3390,3.33153207529158
3391,3.7347652374688174
3392,4.482421602887008
3393,3.9720218297464696
3394,4.121517933442222
3395,4.4774090755675715
3396,5.183207218958069
3397,5.484375307689165
3398,3.2550296371033323
3399,4.946915326015714
3400,3.5811987205217504
3401,4.5233475336551665
3402,4.482421602887008
3403,4.482421602887008
3404,4.482421602887008
3405,4.482421602887008
3406,4.482421602887008
3407,3.4514651960312337
3408,4.055600675277492
3409,4.051930317610788
3410,3.962732949649597
3411,4.056150332210846
3412,2.880034936486271
3413,3.5630015549953065
3414,4.918414575063041
3415,2.981775157142491
3416,5.5236695022576825
3417,4.024605575323349
3418,4.055600675277492
3419,4.055600675277492
3420,4.055600675277492
3421,4.055600675277492
3422,4.055600675277492
3423,2.860801698165841
3424,2.4041415321788397
3425,2.38725901109812
3426,2.072246078406846
3427,2.407073508974493
3428,2.8736916337621348
3429,2.0621319480362574
3430,2.8201813934607345
3431,3.323914094574718
3432,2.58314818100553
3433,2.35134121462273
3434,2.4041415321788397
3435,2.4041415321788397
3436,2.4041415321788397
3437,2.4041415321788397
3438,2.4041415321788397
3439,3.74348994978871
3440,4.750530843964353
3441,4.908936891320141
3442,5.576427319865857
3443,4.74966643614929
3444,3.582811397080388
3445,5.4747903080916585
3446,4.629772594942366
3447,4.38381330331522
3448,3.6817364532773222
3449,4.871489921943693
3450,4.750530843964353
3451,4.750530843964353
3452,4.750530843964353
3453,4.750530843964353
3454,4.750530843964353
3455,3.8297595272618836
3456,4.591092882129237
3457,4.398188140122344
3458,4.513221902064891
3459,4.595565631077836
3460,5.536989680578149
3461,4.5319180125661935
3462,4.187212756757815
3463,5.439878902270591
3464,5.125320473928299
3465,4.530068234163794
3466,4.591092882129237
3467,4.591092882129237
3468,4.591092882129237
3469,4.591092882129237
3470,4.591092882129237
3471,6.234518162448717
3472,2.7064372292014585
3473,2.667910812975738
3474,2.564194059707103
3475,2.707454862504225
3476,2.460896875974299
3477,2.7049947998684107
3478,3.268970886065308
3479,1.9358483503190433
3480,2.63130158221913
3481,2.660825558179331
3482,2.7064372292014585
3483,2.7064372292014585
3484,2.7064372292014585
3485,2.7064372292014585
3486,2.7064372292014585
3487,1.8609696357877674
3488,2.80298236959744
3489,3.648459710043041
3490,2.9180671768937887
3491,2.8028301670315368
3492,2.75285367238324
3493,3.0115389859251835
3494,2.528294042986676
3495,3.88992023082539
3496,2.5835802767309906
3497,2.7701026214058224
3498,2.80298236959744
3499,2.80298236959744
3500,2.80298236959744
3501,2.80298236959744
3502,2.80298236959744
3503,3.5289139536620886
3504,4.806159236318726
3505,4.364740895400901
3506,7.415815347405973
3507,4.8024565680852165
3508,5.623785925434049
3509,4.9765032619272604
3510,4.846247194946721
3511,4.09238171779481
3512,3.996780205348918
3513,4.986785083373479
3514,4.806159236318726
3515,4.806159236318726
3516,4.806159236318726
3517,4.806159236318726
3518,4.806159236318726
3519,4.820434311478541
3520,2.8080236904382843
3521,2.3971966803240305
3522,2.617089483861461
3523,2.8089319325043665
3524,3.3064115780757812
3525,2.4538135204724907
3526,2.442201951805874
3527,3.4761897193996183
3528,4.159501553604329
3529,2.755579421073337
3530,2.8080236904382843
3531,2.8080236904382843
3532,2.8080236904382843
3533,2.8080236904382843
3534,2.8080236904382843
3535,3.712340711719227
3536,4.372083547409786
3537,4.514203624588034
3538,4.468977928602797
3539,4.371517075678578
3540,3.8022781748699446
3541,4.721791159870817
3542,6.041549514145695
3543,3.2900259877578466
3544,2.9583358688848653
3545,4.610358049683055
3546,4.372083547409786
3547,4.372083547409786
3548,4.372083547409786
3549,4.372083547409786
3550,4.372083547409786
3551,3.148993482165703
3552,2.921266384257584
3553,2.9681335766734205
3554,2.839118698070515
3555,2.9185735811286757
3556,2.6561107040968146
3557,3.6180041185784977
3558,2.4448272683135683
3559,3.8481171193421666
3560,2.551681443767626
3561,2.8542842492614025
3562,2.921266384257584
3563,2.921266384257584
3564,2.921266384257584
3565,2.921266384257584
3566,2.921266384257584
3567,2.977059250151278
3568,5.1955367685004665
3569,5.20492521169879
3570,5.190947536749167
3571,5.1954723528292055
3572,5.596576185166868
3573,4.436223461643408
3574,5.1587812338367565
3575,3.8906799525366216
3576,7.390952533080855
3577,5.165291789562581
3578,5.1955367685004665
3579,5.1955367685004665
3580,5.1955367685004665
3581,5.1955367685004665
3582,5.1955367685004665
3583,4.639004747055299
3584,4.099450325930077
3585,3.8655240157081607
3586,3.9456470867107423
3587,4.107408102936416
3588,3.8842474304472954
3589,4.204222766428379
3590,4.006719550763762
3591,4.20222917050129
3592,4.911588274656835
3593,4.309668074761912
3594,4.099450325930077
3595,4.099450325930077
3596,4.099450325930077
3597,4.099450325930077
3598,4.099450325930077
3599,4.58796671013964
3600,3.555280081508838
3601,3.77204857674248
3602,3.6054018835719157
3603,3.5549812017984044
3604,4.128503440368358
3605,3.2168721999020433
3606,3.1197450378305525
3607,3.348698110814595
3608,3.8511629342223177
3609,3.498698777134491
3610,3.555280081508838
3611,3.555280081508838
3612,3.555280081508838
3613,3.555280081508838
3614,3.555280081508838
3615,3.4007942069920882
3616,3.3301637910489563
3617,3.486246499856527
3618,3.25460347138547
3619,3.3306564507350274
3620,3.981245128615527
3621,2.651050094899674
3622,4.086652417863803
3623,3.527830742332335
3624,3.5422934124085064
3625,3.2936440141620595
3626,3.3301637910489563
3627,3.3301637910489563
3628,3.3301637910489563
3629,3.3301637910489563
3630,3.3301637910489563
3631,4.34152343329672
3632,3.3589120549626874
3633,3.386486634593729
3634,3.3687482697520497
3635,3.35886822093061
3636,2.9312802588154825
3637,4.445138698501333
3638,3.1878844749352124
3639,3.2794322632582644
3640,3.073512373339653
3641,3.290213603782948
3642,3.3589120549626874
3643,3.3589120549626874
3644,3.3589120549626874
3645,3.3589120549626874
3646,3.3589120549626874
3647,3.0512492427846216
3648,4.077632397514944
3649,3.634553905094129
3650,3.929553235911916
3651,4.076356129381925
3652,3.5071236541510533
3653,4.152182656592268
3654,4.142412206725741
3655,4.669125967880147
3656,2.823847009316459
3657,4.0284005489518675
3658,4.077632397514944
3659,4.077632397514944
3660,4.077632397514944
3661,4.077632397514944
3662,4.077632397514944
3663,2.59777373704647
3664,3.884704100739867
3665,3.863932446544528
3666,3.74432115951074
3667,3.8846286667707184
3668,4.118094198217435
3669,3.804412539952145
3670,3.3902582878491185
3671,5.059802640468419
3672,4.458588260958934
3673,3.8209473798535094
3674,3.884704100739867
3675,3.884704100739867
3676,3.884704100739867
3677,3.884704100739867
3678,3.884704100739867
3679,5.389789574738174
3680,1.7676677070643896
3681,2.1625580932310493
3682,1.7460592206997645
3683,1.765238208788652
3684,2.078302555752133
3685,1.8421386471459344
3686,2.3627039210365703
3687,1.4860110414676848
3688,2.6033883947716894
3689,1.8435528541637296
3690,1.7676677070643896
3691,1.7676677070643896
3692,1.7676677070643896
3693,1.7676677070643896
3694,1.7676677070643896
3695,3.6134606067260644
3696,6.03628629974889
3697,5.986635393684196
3698,7.789586314085121
3699,6.0370250695177425
3700,5.107074534200093
3701,5.986221241215099
3702,5.114613125605486
3703,5.227561967632527
3704,4.140322510968019
3705,5.958630516844785
3706,6.03628629974889
3707,6.03628629974889
3708,6.03628629974889
3709,6.03628629974889
3710,6.03628629974889
3711,2.9516537843856447
3712,4.888751547568374
3713,4.767223947517734
3714,4.5852495973504945
3715,4.884469270404944
3716,3.6303480006400983
3717,4.086660273295506
3718,4.887929620548699
3719,5.483076803284439
3720,4.06934248512752
3721,4.903245889801809
3722,4.888751547568374
3723,4.888751547568374
3724,4.888751547568374
3725,4.888751547568374
3726,4.888751547568374
3727,2.749885780760318
3728,2.5413428274184278
3729,2.564149445698341
3730,2.4924768854173296
3731,2.5407081400189027
3732,3.5262874312711596
3733,2.8086325919924455
3734,2.7763755479147743
3735,3.0729046579677366
3736,2.5683658272496874
3737,2.543690866014817
3738,2.5413428274184278
3739,2.5413428274184278
3740,2.5413428274184278
3741,2.5413428274184278
3742,2.5413428274184278
3743,5.14043646446549
3744,2.843315055095155
3745,2.9600019859373727
3746,2.9008109442375414
3747,2.8443565983533454
3748,2.2873429820866518
3749,3.448348035189094
3750,3.869838606141837
3751,2.4313993088372197
3752,2.7740450143347357
3753,2.9356693051972167
3754,2.843315055095155
3755,2.843315055095155
3756,2.843315055095155
3757,2.843315055095155
3758,2.843315055095155
3759,2.940099692201864
3760,4.820022100218739
3761,4.56921295319595
3762,6.502144028769599
3763,4.819213521503044
3764,6.876157658007602
3765,3.9179215926640882
3766,3.2219325695871865
3767,4.26066628477145
3768,5.314022789628231
3769,4.639147751438313
3770,4.820022100218739
3771,4.820022100218739
3772,4.820022100218739
3773,4.820022100218739
3774,4.820022100218739
3775,4.113741673658856
3776,3.39197195861319
3777,3.8888694133809483
3778,3.5025641369177745
3779,3.3910805422915153
3780,4.116956698464719
3781,2.9084438593730875
3782,3.4278890671972544
3783,3.2919660760964935
3784,4.3166569234132375
3785,3.494956149168638
3786,3.39197195861319
3787,3.39197195861319
3788,3.39197195861319
3789,3.39197195861319
3790,3.39197195861319
3791,5.368889179136016
3792,3.7912791120358595
3793,3.7787285415719047
3794,3.842422075322942
3795,3.7911556434704954
3796,2.962830434952609
3797,4.0680000003826455
3798,4.527362928756389
3799,3.397198151456562
3800,3.6476323985686383
3801,3.668628480253869
3802,3.7912791120358595
3803,3.7912791120358595
3804,3.7912791120358595
3805,3.7912791120358595
3806,3.7912791120358595
3807,3.1954089140909896
3808,2.8053890853881587
3809,2.7863903723989285
3810,2.8047658110149047
3811,2.805790258964114
3812,3.468144860036347
3813,2.6736136006817324
3814,3.3506539637533614
3815,2.9362076547049285
3816,1.980964167508546
3817,2.801108246688185
3818,2.8053890853881587
3819,2.8053890853881587
3820,2.8053890853881587
3821,2.8053890853881587
3822,2.8053890853881587
3823,2.9846251564171964
3824,4.492753087667756
3825,4.499056887717413
3826,4.422718996716924
3827,4.493234608063591
3828,3.330548550524686
3829,5.265586890928605
3830,3.1283889217896457
3831,4.592235642855569
3832,5.656098280269125
3833,4.500298155016504
3834,4.492753087667756
3835,4.492753087667756
3836,4.492753087667756
3837,4.492753087667756
3838,4.492753087667756
3839,3.57824899359233
3840,2.731437795871411
3841,2.6825821822772467
3842,2.8781733780494543
3843,2.7315500591413233
3844,3.2522331516357363
3845,2.7137049582780324
3846,4.226602561824462
3847,2.666940368413307
3848,2.791314019952053
3849,2.7726114901274688
3850,2.731437795871411
3851,2.731437795871411
3852,2.731437795871411
3853,2.731437795871411
3854,2.731437795871411
3855,5.090086803138862
3856,4.875749292869931
3857,4.87513472515345
3858,4.833911231489335
3859,4.876646701485559
3860,4.29985329939797
3861,5.060144046223403
3862,3.3684249479714525
3863,5.373045959362255
3864,3.879209020341246
3865,4.856343972488995
3866,4.875749292869931
3867,4.875749292869931
3868,4.875749292869931
3869,4.875749292869931
3870,4.875749292869931
3871,2.667159435435562
3872,3.848237903964598
3873,4.395297390219611
3874,3.692330169394367
3875,3.851173659576687
3876,3.5220809812347214
3877,3.6045888547455105
3878,3.5237756572849825
3879,3.430698733725955
3880,4.024861711195214
3881,3.761192882160354
3882,3.848237903964598
3883,3.848237903964598
3884,3.848237903964598
3885,3.848237903964598
3886,3.848237903964598
3887,2.8274414131800696
3888,3.1109076383855805
3889,3.029382472729249
3890,3.1688209416117568
3891,3.109480063301774
3892,3.3485376673077867
3893,3.048165520169083
3894,3.2055637816378706
3895,3.116415644723618
3896,3.072839493531559
3897,3.180029925566005
3898,3.1109076383855805
3899,3.1109076383855805
3900,3.1109076383855805
3901,3.1109076383855805
3902,3.1109076383855805
3903,3.2943404765407327
3904,3.4160372753095665
3905,2.7683278682668995
3906,2.573003563408417
3907,3.4064620376472705
3908,3.712117035921181
3909,4.056271444046312
3910,4.6853713415564595
3911,4.041848587734427
3912,5.739656437356848
3913,3.250567560365909
3914,3.4160372753095665
3915,3.4160372753095665
3916,3.4160372753095665
3917,3.4160372753095665
3918,3.4160372753095665
3919,7.541815582809834
3920,3.1439467641336036
3921,3.5437423160144603
3922,3.159132274925448
3923,3.1435016519280454
3924,2.4953768485106904
3925,2.9442829298454503
3926,2.665754251644317
3927,3.2770041138288617
3928,2.4905458242116936
3929,3.2692998273768485
3930,3.1439467641336036
3931,3.1439467641336036
3932,3.1439467641336036
3933,3.1439467641336036
3934,3.1439467641336036
3935,2.0016165055079904
3936,8.511839336134619
3937,8.908596693922776
3938,8.469170718619438
3939,8.511628960859005
3940,7.403554643963458
3941,6.6878482294747466
3942,7.7086230902598
3943,7.843475536818273
3944,6.736412797166551
3945,8.427567956177379
3946,8.511839336134619
3947,8.511839336134619
3948,8.511839336134619
3949,8.511839336134619
3950,8.511839336134619
3951,3.9556531553169085
3952,2.435247191989216
3953,2.456986911719035
3954,2.9176680921496314
3955,2.435179655851273
3956,2.4837281371660316
3957,3.008152900512523
3958,2.290501473241754
3959,2.0628543843870126
3960,2.8781896085215513
3961,2.4537692508953004
3962,2.435247191989216
3963,2.435247191989216
3964,2.435247191989216
3965,2.435247191989216
3966,2.435247191989216
3967,3.2745004065611196
3968,3.3631181235056755
3969,3.694740651111278
3970,2.983742077960924
3971,3.366027408425319
3972,4.441006805968567
3973,3.109440323274633
3974,3.4743018182312366
3975,3.73764134129177
3976,3.6380910423875026
3977,3.303004638648009
3978,3.3631181235056755
3979,3.3631181235056755
3980,3.3631181235056755
3981,3.3631181235056755
3982,3.3631181235056755
3983,4.598409344561617
3984,3.347351583140224
3985,3.3467610059682316
3986,3.34503962292963
3987,3.34736660018499
3988,2.843372098852933
3989,3.498857195326722
3990,2.8504335486995642
3991,3.554603089470748
3992,3.684939774219662
3993,3.5399931762034313
3994,3.347351583140224
3995,3.347351583140224
3996,3.347351583140224
3997,3.347351583140224
3998,3.347351583140224
3999,3.164989786100628
4000,4.304056013373913
4001,4.30313545270649
4002,4.447701620997035
4003,4.3042638631830865
4004,5.861005596677827
4005,4.061191981652928
4006,4.817793769928401
4007,3.9626928559153343
4008,3.645077726794183
4009,4.178440519929277
4010,4.304056013373913
4011,4.304056013373913
4012,4.304056013373913
4013,4.304056013373913
4014,4.304056013373913
4015,4.9025648588891695
4016,3.09171378501688
4017,2.9673692410070807
4018,4.296169566826201
4019,3.0933778881555907
4020,2.6477037087362842
4021,3.2946622169553197
4022,3.117394020310246
4023,2.8591986959370463
4024,3.2683457202241755
4025,3.060892801706487
4026,3.09171378501688
4027,3.09171378501688
4028,3.09171378501688
4029,3.09171378501688
4030,3.09171378501688
4031,2.965883919644444
4032,6.487012921864782
4033,6.445573791212238
4034,6.623767771901114
4035,6.4923851470176945
4036,4.932325446819781
4037,5.589407266212483
4038,7.8958487672617075
4039,6.708224661206488
4040,4.356639584920212
4041,6.388269983812174
4042,6.487012921864782
4043,6.487012921864782
4044,6.487012921864782
4045,6.487012921864782
4046,6.487012921864782
4047,3.6367940372573866
4048,2.7473339664761673
4049,2.744044664892845
4050,2.735310746810945
4051,2.7482188204232867
4052,3.8548477873375147
4053,3.358783223078289
4054,2.0643244458836127
4055,2.816047822165528
4056,3.447745878566807
4057,2.700209162214806
4058,2.7473339664761673
4059,2.7473339664761673
4060,2.7473339664761673
4061,2.7473339664761673
4062,2.7473339664761673
4063,4.536421868684451
4064,3.5557154248375475
4065,3.5602785575307427
4066,3.2019889196815408
4067,3.553834498926904
4068,2.5863847923341328
4069,4.02352518709638
4070,3.848203658610712
4071,3.4994793111304374
4072,4.530712049052359
4073,3.532975026456339
4074,3.5557154248375475
4075,3.5557154248375475
4076,3.5557154248375475
4077,3.5557154248375475
4078,3.5557154248375475
4079,3.4516888951930387
4080,2.501133032644031
4081,2.724518123045865
4082,2.498770862041495
4083,2.5010699099986953
4084,3.322867751905882
4085,2.0594142243704545
4086,2.554464488040064
4087,2.5161419387454544
4088,2.1630588229980616
4089,2.611696269176624
4090,2.501133032644031
4091,2.501133032644031
4092,2.501133032644031
4093,2.501133032644031
4094,2.501133032644031
4095,2.692956261226342
4096,7.253135079629833
4097,9.279648810608398
4098,6.426799452732512
4099,7.246541046329207
4100,6.038748090954144
4101,7.900440938524309
4102,5.2673769821746985
4103,7.8166885035844915
4104,7.03709052761614
4105,7.386452100712914
4106,7.253135079629833
4107,7.253135079629833
4108,7.253135079629833
4109,7.253135079629833
4110,7.253135079629833
4111,5.4204481708318895
4112,1.988282407460032
4113,1.9863054765657797
4114,2.0051008547644376
4115,1.9881030647653783
4116,2.371778354781145
4117,1.9123802985933378
4118,2.472680826844544
4119,2.05080508690072
4120,1.7154099960637152
4121,2.0028720406056886
4122,1.988282407460032
4123,1.988282407460032
4124,1.988282407460032
4125,1.988282407460032
4126,1.988282407460032
4127,2.6799609165403773
4128,2.648161030578569
4129,2.637330044286754
4130,2.729040647408421
4131,2.6486400753792414
4132,2.8477525750291726
4133,2.7341780310416315
4134,3.160614473555072
4135,2.6082673954755426
4136,3.085017226287919
4137,2.5291286272640066
4138,2.648161030578569
4139,2.648161030578569
4140,2.648161030578569
4141,2.648161030578569
4142,2.648161030578569
4143,4.113409578174024
4144,4.293551100828324
4145,4.246935979661919
4146,4.292145091602655
4147,4.293714938809395
4148,3.6055129164573643
4149,3.922253151789035
4150,4.012150048258532
4151,4.030980364641484
4152,4.168329990811687
4153,4.346938112843362
4154,4.293551100828324
4155,4.293551100828324
4156,4.293551100828324
4157,4.293551100828324
4158,4.293551100828324
4159,2.8342975110827915
4160,5.839284188941673
4161,5.0921900817701005
4162,5.480314855120947
4163,5.842145791774006
4164,4.991333752112319
4165,5.153314601575696
4166,3.9849686920698004
4167,4.865828451912323
4168,8.472694811969445
4169,5.5954144992866
4170,5.839284188941673
4171,5.839284188941673
4172,5.839284188941673
4173,5.839284188941673
4174,5.839284188941673
4175,3.061754205810287
4176,2.723359814219634
4177,2.733041834115034
4178,2.568782117424312
4179,2.723447826290436
4180,3.2964395801910884
4181,3.075064033411588
4182,3.381452716339372
4183,2.5049414982143787
4184,2.3326730480043167
4185,2.7793172551225336
4186,2.723359814219634
4187,2.723359814219634
4188,2.723359814219634
4189,2.723359814219634
4190,2.723359814219634
4191,3.3301857385763944
4192,3.11798181270753
4193,3.1435569336603675
4194,2.9502584803873675
4195,3.119520872538163
4196,3.681846700285954
4197,3.7780771891364844
4198,3.502750549158656
4199,3.6616263841447148
4200,2.5743051455561554
4201,3.1649412693203227
4202,3.11798181270753
4203,3.11798181270753
4204,3.11798181270753
4205,3.11798181270753
4206,3.11798181270753
4207,4.566147044049631
4208,3.810731429219733
4209,3.885792061641405
4210,3.923361746938659
4211,3.8091468687938117
4212,3.5609529822153165
4213,3.169967370934009
4214,4.037277095032667
4215,4.4651756520918084
4216,4.1535959331468195
4217,3.8603208560545377
4218,3.810731429219733
4219,3.810731429219733
4220,3.810731429219733
4221,3.810731429219733
4222,3.810731429219733
4223,4.214085352710466
4224,4.29819579209443
4225,4.0851769133456886
4226,4.224122784283451
4227,4.299564733677447
4228,3.2443046534733817
4229,4.4636013116497075
4230,3.7608370752999156
4231,3.364357594903533
4232,4.383984707911595
4233,4.20118462640091
4234,4.29819579209443
4235,4.29819579209443
4236,4.29819579209443
4237,4.29819579209443
4238,4.29819579209443
4239,2.266290786485444
4240,2.513064065909224
4241,2.5262914187595533
4242,2.6396608482760997
4243,2.51403916449582
4244,3.0667527735717766
4245,2.4928246893943595
4246,3.424831662717849
4247,2.219783285528966
4248,2.984247669178643
4249,2.5816609846930616
4250,2.513064065909224
4251,2.513064065909224
4252,2.513064065909224
4253,2.513064065909224
4254,2.513064065909224
4255,5.17168592216406
4256,6.448487988408801
4257,8.720680304055298
4258,5.556101750591158
4259,6.448472865218875
4260,4.910652735527411
4261,6.191955221703518
4262,5.234472047018396
4263,7.562738001893143
4264,6.047527326847897
4265,6.476763346073419
4266,6.448487988408801
4267,6.448487988408801
4268,6.448487988408801
4269,6.448487988408801
4270,6.448487988408801
4271,4.066518678966968
4272,2.528296917225516
4273,2.3775443969984495
4274,2.549329345243006
4275,2.5297610877574295
4276,3.1111384070412904
4277,2.4047512824310813
4278,2.623045147845822
4279,3.0504935186314657
4280,2.613021761036954
4281,2.526182502499429
4282,2.528296917225516
4283,2.528296917225516
4284,2.528296917225516
4285,2.528296917225516
4286,2.528296917225516
4287,3.6173792153134827
4288,3.5636235320035614
4289,3.124231945166354
4290,3.3153127163550855
4291,3.5633585154696226
4292,5.16357869622638
4293,4.763642953856636
4294,3.1128629815232585
4295,3.758989534708332
4296,2.1503529012369205
4297,3.5532988969849626
4298,3.5636235320035614
4299,3.5636235320035614
4300,3.5636235320035614
4301,3.5636235320035614
4302,3.5636235320035614
4303,3.099829474469507
4304,3.1211121104682893
4305,3.2686460017084276
4306,3.1066713208708774
4307,3.121497994778353
4308,2.4670784704229214
4309,2.634274637129823
4310,3.9788916762530597
4311,3.015964647629242
4312,4.029275912973137
4313,3.1268887525914253
4314,3.1211121104682893
4315,3.1211121104682893
4316,3.1211121104682893
4317,3.1211121104682893
4318,3.1211121104682893
4319,3.3819924392598666
4320,2.7502682486703782
4321,2.7945789586056424
4322,3.175826902796648
4323,2.7499959219989965
4324,3.77117881784545
4325,2.5070840160564294
4326,2.5255565193610354
4327,2.7960541404081436
4328,3.6545585174840536
4329,2.6675209552539147
4330,2.7502682486703782
4331,2.7502682486703782
4332,2.7502682486703782
4333,2.7502682486703782
4334,2.7502682486703782
4335,4.946740404866876
4336,4.81376001524577
4337,4.865393754416472
4338,4.819043559370331
4339,4.8119832541398
4340,3.6561814785504096
4341,5.279825574727315
4342,4.6862573434301025
4343,4.533474081595115
4344,3.874485303224127
4345,4.938720890179983
4346,4.81376001524577
4347,4.81376001524577
4348,4.81376001524577
4349,4.81376001524577
4350,4.81376001524577
4351,3.060397277232933
4352,2.0164640276221455
4353,2.0889044033344817
4354,2.0855868506448343
4355,2.015684896893506
4356,2.0905920424332827
4357,1.62752292190035
4358,1.8309272092701814
4359,1.959528503383012
4360,2.4508481883915536
4361,2.0789247234764168
4362,2.0164640276221455
4363,2.0164640276221455
4364,2.0164640276221455
4365,2.0164640276221455
4366,2.0164640276221455
4367,1.9755244268575318
4368,4.441692639947831
4369,4.4772584585548
4370,4.360149970266278
4371,4.442065063154245
4372,3.8126374601697517
4373,5.013352742737894
4374,5.391465391465838
4375,4.383585985857172
4376,4.293959582882067
4377,4.2783732735095
4378,4.441692639947831
4379,4.441692639947831
4380,4.441692639947831
4381,4.441692639947831
4382,4.441692639947831
4383,4.728613380398178
4384,4.924976938432075
4385,5.078431559197493
4386,5.270158395369869
4387,4.922888542854352
4388,3.8129831378441374
4389,5.694043858810932
4390,3.9399959371262168
4391,4.966507460295794
4392,4.817397364509887
4393,4.980830535673786
4394,4.924976938432075
4395,4.924976938432075
4396,4.924976938432075
4397,4.924976938432075
4398,4.924976938432075
4399,4.009673349544667
4400,3.724367563524298
4401,3.8380954190493157
4402,3.7274506654556796
4403,3.726887658152889
4404,4.104674111735694
4405,3.275097538609162
4406,4.146189076095979
4407,3.7760829788200643
4408,3.5482181592830417
4409,3.691507878410241
4410,3.724367563524298
4411,3.724367563524298
4412,3.724367563524298
4413,3.724367563524298
4414,3.724367563524298
4415,3.930708846817116
4416,5.876969067838603
4417,5.35539559036461
4418,3.737289210400182
4419,5.892045959054631
4420,6.454803540211254
4421,6.7931580863244365
4422,6.282129853951858
4423,5.427281885929277
4424,4.339335808250978
4425,5.8394266759007065
4426,5.876969067838603
4427,5.876969067838603
4428,5.876969067838603
4429,5.876969067838603
4430,5.876969067838603
4431,3.299556423236812
4432,3.872068549767005
4433,3.8734451737385562
4434,3.934756915770455
4435,3.8735061460760427
4436,3.4703159736839058
4437,3.563979423976457
4438,4.053594709291918
4439,3.452095357459215
4440,4.257329679610626
4441,3.940039890790439
4442,3.872068549767005
4443,3.872068549767005
4444,3.872068549767005
4445,3.872068549767005
4446,3.872068549767005
4447,3.3946991871124856
4448,3.114946072970716
4449,3.1382179837803603
4450,3.2518550756109885
4451,3.115310461028092
4452,2.717953103300706
4453,3.5317493599847767
4454,2.431837388449278
4455,3.338704166671807
4456,4.478086953337805
4457,3.1596816710477182
4458,3.114946072970716
4459,3.114946072970716
4460,3.114946072970716
4461,3.114946072970716
4462,3.114946072970716
4463,3.7094525840572685
4464,3.578581205688087
4465,3.5557398880702813
4466,3.6874022632572085
4467,3.5786535487085294
4468,4.3325754917936745
4469,3.366215896889147
4470,4.131324115926362
4471,3.7983531407892412
4472,2.780724645525757
4473,3.505362487334973
4474,3.578581205688087
4475,3.578581205688087
4476,3.578581205688087
4477,3.578581205688087
4478,3.578581205688087
4479,3.752107810644691
4480,3.0858436770547497
4481,2.913087668527071
4482,2.7757121152819053
4483,3.0867849813818524
4484,4.043993621282322
4485,4.0554997979015965
4486,3.491248482558157
4487,2.944981366122838
4488,2.6278218027037665
4489,3.099024389803937
4490,3.0858436770547497
4491,3.0858436770547497
4492,3.0858436770547497
4493,3.0858436770547497
4494,3.0858436770547497
4495,4.161431116020423
4496,6.608339628954563
4497,7.433817852247211
4498,7.283639221648505
4499,6.608042545600366
4500,4.868818462682161
4501,5.037841210167551
4502,5.617720249556139
4503,5.437965356573533
4504,5.973931929236599
4505,6.753901779774095
4506,6.608339628954563
4507,6.608339628954563
4508,6.608339628954563
4509,6.608339628954563
4510,6.608339628954563
4511,3.1670423653959783
4512,1.8706679112054543
4513,1.9235723285344999
4514,1.8776795307291656
4515,1.8705841509250527
4516,2.655981354031293
4517,1.8192730096684766
4518,1.3828424665809773
4519,2.149571923902154
4520,1.6906601895082196
4521,1.8902888114793275
4522,1.8706679112054543
4523,1.8706679112054543
4524,1.8706679112054543
4525,1.8706679112054543
4526,1.8706679112054543
4527,2.0444673025819293
4528,3.8528458626741253
4529,3.823255428210044
4530,4.03624966059055
4531,3.851543536622665
4532,2.892427493491247
4533,4.167767098927031
4534,5.46202618561657
4535,4.126920664867322
4536,4.487151646057866
4537,3.701460405832514
4538,3.8528458626741253
4539,3.8528458626741253
4540,3.8528458626741253
4541,3.8528458626741253
4542,3.8528458626741253
4543,4.959023473343401
4544,2.889180864615303
4545,2.627603691398829
4546,2.8088027690675808
4547,2.887843885681856
4548,2.436545614891599
4549,2.833658865432231
4550,2.623955468297191
4551,2.6723771643308734
4552,4.003876249165377
4553,2.962509384395645
4554,2.889180864615303
4555,2.889180864615303
4556,2.889180864615303
4557,2.889180864615303
4558,2.889180864615303
4559,2.562970258448757
4560,3.8812798864373677
4561,3.891917670691731
4562,3.839661766438807
4563,3.880125642671387
4564,5.367577444602295
4565,3.930776612474148
4566,3.5995147713402655
4567,3.945776246589282
4568,3.5674094066842215
4569,3.7056456357318566
4570,3.8812798864373677
4571,3.8812798864373677
4572,3.8812798864373677
4573,3.8812798864373677
4574,3.8812798864373677
4575,4.4922173084079065
4576,5.749964167788398
4577,6.562112510910762
4578,6.434977728866208
4579,5.747468969409541
4580,4.956266248762284
4581,5.684878602882948
4582,4.667120969818461
4583,5.739713320282953
4584,3.91341055480634
4585,5.839302061757201
4586,5.749964167788398
4587,5.749964167788398
4588,5.749964167788398
4589,5.749964167788398
4590,5.749964167788398
4591,3.5664673810786516
4592,2.4385461187182527
4593,2.4309474143607206
4594,2.532200032983092
4595,2.4385359951008367
4596,3.1817874777906447
4597,2.509320244165665
4598,3.556013326876514
4599,2.828823051105304
4600,3.4597779451672235
4601,2.463158895422088
4602,2.4385461187182527
4603,2.4385461187182527
4604,2.4385461187182527
4605,2.4385461187182527
4606,2.4385461187182527
4607,8.195567403888708
4608,2.6245043588194137
4609,2.4703037489481146
4610,2.5381136168239644
4611,2.6239479761085547
4612,3.441048709615365
4613,2.4976326112723966
4614,3.860266944293159
4615,3.1962700188996096
4616,2.317754360887845
4617,2.5034960560070285
4618,2.6245043588194137
4619,2.6245043588194137
4620,2.6245043588194137
4621,2.6245043588194137
4622,2.6245043588194137
4623,4.607228243309199
4624,6.360467040044067
4625,6.361275351765734
4626,6.299363640873632
4627,6.359922602459209
4628,4.608567019814029
4629,6.338876775639617
4630,4.851075729035576
4631,4.751834988506863
4632,6.936379755139267
4633,6.454323749638758
4634,6.360467040044067
4635,6.360467040044067
4636,6.360467040044067
4637,6.360467040044067
4638,6.360467040044067
4639,2.8782862990255977
4640,2.9985086101910547
4641,3.5795156534516135
4642,3.1093182885091557
4643,3.0000452544904763
4644,3.8534200257274223
4645,3.0666106872447636
4646,2.4860237547195014
4647,3.9441038651050837
4648,3.4076432766733222
4649,3.0530319593793016
4650,2.9985086101910547
4651,2.9985086101910547
4652,2.9985086101910547
4653,2.9985086101910547
4654,2.9985086101910547
4655,6.434060868305621
4656,3.4737709440605333
4657,3.3240978397006193
4658,3.4601582258977506
4659,3.4716332371418117
4660,2.475441379960847
4661,3.834062627502105
4662,3.777548313513004
4663,2.897679835146158
4664,3.9911240596791338
4665,3.52690285342354
4666,3.4737709440605333
4667,3.4737709440605333
4668,3.4737709440605333
4669,3.4737709440605333
4670,3.4737709440605333
4671,2.8094427412909817
4672,4.098416885691184
4673,3.1988517760278303
4674,3.138134602856992
4675,4.094214968273344
4676,3.2998922389436207
4677,2.9982019980509826
4678,5.848508468176773
4679,6.2898997112512145
4680,2.875795409746241
4681,4.207612220913303
4682,4.098416885691184
4683,4.098416885691184
4684,4.098416885691184
4685,4.098416885691184
4686,4.098416885691184
4687,3.2788918885429954
4688,3.239033244458418
4689,3.2155196671417214
4690,3.1074746864361398
4691,3.2378410723344633
4692,4.067784319861492
4693,3.6807143559490143
4694,2.5116739088896325
4695,2.7876351609833496
4696,4.2991876872441095
4697,3.277916725918151
4698,3.239033244458418
4699,3.239033244458418
4700,3.239033244458418
4701,3.239033244458418
4702,3.239033244458418
4703,5.987554469947821
4704,3.6975204567760875
4705,3.826142333615382
4706,3.6997892554149496
4707,3.697501940528475
4708,3.092582710584312
4709,4.031749782291812
4710,3.5424314808536566
4711,4.198287257054831
4712,4.171730387429991
4713,3.5314537003731727
4714,3.6975204567760875
4715,3.6975204567760875
4716,3.6975204567760875
4717,3.6975204567760875
4718,3.6975204567760875
4719,4.120267918605172
4720,4.976293016516624
4721,4.991204874333584
4722,5.031670510610944
4723,4.976374714272537
4724,6.531031745489208
4725,4.504966076196751
4726,4.661387031158086
4727,3.193248873619233
4728,3.5899877971856955
4729,5.027395446067011
4730,4.976293016516624
4731,4.976293016516624
4732,4.976293016516624
4733,4.976293016516624
4734,4.976293016516624
4735,2.4812138290238837
4736,3.332871654456943
4737,3.5098084981498325
4738,2.611453690422673
4739,3.330928776557436
4740,2.5753233126484827
4741,3.069424555992007
4742,3.80537608682154
4743,5.404093681145827
4744,3.553019564901046
4745,3.3117847245475756
4746,3.332871654456943
4747,3.332871654456943
4748,3.332871654456943
4749,3.332871654456943
4750,3.332871654456943
4751,3.7030647927460896
4752,3.724035912142918
4753,3.728297236195137
4754,3.904707357563009
4755,3.724096556812343
4756,4.232234350048724
4757,3.9333153611664584
4758,3.0839393962893533
4759,3.315406304346996
4760,3.806567166349266
4761,3.7240708797829107
4762,3.724035912142918
4763,3.724035912142918
4764,3.724035912142918
4765,3.724035912142918
4766,3.724035912142918
4767,3.5803273549220163
4768,2.6626049117912913
4769,2.6617221951341046
4770,2.6592785047831726
4771,2.662103699021396
4772,2.9202157890245166
4773,2.5483744698490396
4774,3.1340445904926932
4775,2.9938338689694413
4776,2.770877505096667
4777,2.596697782689018
4778,2.6626049117912913
4779,2.6626049117912913
4780,2.6626049117912913
4781,2.6626049117912913
4782,2.6626049117912913
4783,3.7575011301390875
4784,5.3932288123850665
4785,5.243902101794255
4786,5.686485045922808
4787,5.396320108882723
4788,4.689577115879019
4789,5.763434434779972
4790,4.746508796433836
4791,3.36761505734941
4792,4.427137741319108
4793,5.568186541349736
4794,5.3932288123850665
4795,5.3932288123850665
4796,5.3932288123850665
4797,5.3932288123850665
4798,5.3932288123850665
4799,2.262356673577322
4800,3.6213158872231554
4801,3.463143504302174
4802,3.7384359339346953
4803,3.6244102839973915
4804,3.172716571030491
4805,4.074801611130195
4806,4.03854928767088
4807,4.546090075358766
4808,4.761280475375225
4809,3.5430347248427565
4810,3.6213158872231554
4811,3.6213158872231554
4812,3.6213158872231554
4813,3.6213158872231554
4814,3.6213158872231554
4815,6.263177772531607
4816,4.873626958017639
4817,4.873846233922564
4818,4.807627935245532
4819,4.875903284061139
4820,6.239767006225402
4821,4.125645628581914
4822,3.72750997578548
4823,3.9083212810107826
4824,3.4135900571458033
4825,5.023339287482522
4826,4.873626958017639
4827,4.873626958017639
4828,4.873626958017639
4829,4.873626958017639
4830,4.873626958017639
4831,2.271129437774997
4832,3.8662156950098736
4833,3.8463194211313416
4834,4.189106678834951
4835,3.8666866959399893
4836,4.381414619168226
4837,3.3093439361276755
4838,4.112488963461581
4839,4.885892510455415
4840,3.5747425942692748
4841,3.8521305489318243
4842,3.8662156950098736
4843,3.8662156950098736
4844,3.8662156950098736
4845,3.8662156950098736
4846,3.8662156950098736
4847,4.929833383774223
4848,1.959438631731036
4849,2.0568938291871155
4850,1.9975306522275207
4851,1.9595433813223497
4852,1.7789431806455465
4853,2.395636727659329
4854,2.201854143987628
4855,1.6523015191559418
4856,2.5667379445772553
4857,1.9469313945850317
4858,1.959438631731036
4859,1.959438631731036
4860,1.959438631731036
4861,1.959438631731036
4862,1.959438631731036
4863,2.875518583513051
4864,7.346323566197484
4865,7.1073946150555285
4866,7.097759094509853
4867,7.352587932696145
4868,5.414834600079729
4869,5.720948117149483
4870,7.768207644327098
4871,5.696514109923292
4872,7.032579564997885
4873,7.28742617181784
4874,7.346323566197484
4875,7.346323566197484
4876,7.346323566197484
4877,7.346323566197484
4878,7.346323566197484
4879,3.194746910317267
4880,2.0400936135641023
4881,1.980735035901309
4882,2.030050949877335
4883,2.0406386028911982
4884,2.465215679544114
4885,2.5210381055403377
4886,1.7317380653361427
4887,2.762020436431153
4888,2.098706049225708
4889,2.0669355029081564
4890,2.0400936135641023
4891,2.0400936135641023
4892,2.0400936135641023
4893,2.0400936135641023
4894,2.0400936135641023
4895,3.9299740708956383
4896,2.630741712319495
4897,2.6931507435542184
4898,2.9364848525292313
4899,2.6307638211257176
4900,1.9158053039329952
4901,2.7492004940191754
4902,3.4570815913981177
4903,2.0866849383560027
4904,2.160464779680546
4905,2.68355345313752
4906,2.630741712319495
4907,2.630741712319495
4908,2.630741712319495
4909,2.630741712319495
4910,2.630741712319495
4911,2.109996820843784
4912,4.319954562367426
4913,4.2351411987101395
4914,4.318969312222539
4915,4.3209388887012965
4916,4.914655501363315
4917,3.9761281287500023
4918,3.6759998438328414
4919,5.365397041864968
4920,4.217290594482714
4921,4.251944823085056
4922,4.319954562367426
4923,4.319954562367426
4924,4.319954562367426
4925,4.319954562367426
4926,4.319954562367426
4927,4.60156504643723
4928,4.554540018091557
4929,3.9491287587397874
4930,4.147561176939486
4931,4.553562904440532
4932,5.946554694256804
4933,4.7390699678686845
4934,4.284945355818068
4935,3.790260001203076
4936,5.657020746456966
4937,4.712621351938989
4938,4.554540018091557
4939,4.554540018091557
4940,4.554540018091557
4941,4.554540018091557
4942,4.554540018091557
4943,5.387369641539541
4944,3.667081254247486
4945,3.6389693529032305
4946,3.6749749064097923
4947,3.667852614781442
4948,2.7584451219979766
4949,3.634046651765486
4950,3.290160955416087
4951,5.218579330644576
4952,2.82723593827789
4953,3.534696375429867
4954,3.667081254247486
4955,3.667081254247486
4956,3.667081254247486
4957,3.667081254247486
4958,3.667081254247486
4959,2.7605563769883648
4960,3.523599970437681
4961,4.948346038487435
4962,3.0065864757456318
4963,3.5207342364156746
4964,4.885928371728496
4965,3.505083865279967
4966,4.558065889416894
4967,2.504588900144531
4968,2.667543915181395
4969,3.5442845682677344
4970,3.523599970437681
4971,3.523599970437681
4972,3.523599970437681
4973,3.523599970437681
4974,3.523599970437681
4975,3.267605071781782
4976,3.5695750980292487
4977,3.4388750705928604
4978,3.623812359029584
4979,3.5709591582596025
4980,2.6662451593921688
4981,3.3879159232056373
4982,3.2474801646199656
4983,4.318205093946184
4984,6.008228355585503
4985,3.507228373022946
4986,3.5695750980292487
4987,3.5695750980292487
4988,3.5695750980292487
4989,3.5695750980292487
4990,3.5695750980292487
4991,4.426846077950925
4992,3.75340996132496
4993,3.716864403953862
4994,3.758395071435863
4995,3.7517743577791056
4996,4.085579190228592
4997,4.579607254722812
4998,3.636799454155224
4999,3.076289153124
5000,3.786634138897448
5001,3.8255679024651923
5002,3.75340996132496
5003,3.75340996132496
5004,3.75340996132496
5005,3.75340996132496
5006,3.75340996132496
5007,3.973085171874955
5008,2.925277204962683
5009,2.9334279060569037
5010,3.0033126955949068
5011,2.9239883445882215
5012,2.6055015096094896
5013,2.5145095104467923
5014,3.554651543372291
5015,4.40367871212575
5016,2.5752372877113108
5017,2.777328594347849
5018,2.925277204962683
5019,2.925277204962683
5020,2.925277204962683
5021,2.925277204962683
5022,2.925277204962683
5023,3.3242766943184883
5024,6.610268152096214
5025,6.752249558121437
5026,6.184944465583391
5027,6.607799428375056
5028,5.63428361275346
5029,5.745632487255651
5030,8.076573793416788
5031,4.175251559268711
5032,7.522371460453422
5033,6.730284587133582
5034,6.610268152096214
5035,6.610268152096214
5036,6.610268152096214
5037,6.610268152096214
5038,6.610268152096214
5039,4.204946451845
5040,2.3070161462748358
5041,2.2011786916623444
5042,2.474384632689667
5043,2.307220765387492
5044,2.7625928646786746
5045,2.7686986025352587
5046,1.5907814332146128
5047,2.810680645436726
5048,2.4137394127064185
5049,2.3372913319435358
5050,2.3070161462748358
5051,2.3070161462748358
5052,2.3070161462748358
5053,2.3070161462748358
5054,2.3070161462748358
5055,2.9661811105268026
5056,4.10312574369304
5057,4.4411464947640145
5058,3.6930031293118977
5059,4.105224350646181
5060,4.89299935027129
5061,3.785513100941011
5062,4.242367937862442
5063,3.4580468971641576
5064,3.607957785736503
5065,4.139798023840721
5066,4.10312574369304
5067,4.10312574369304
5068,4.10312574369304
5069,4.10312574369304
5070,4.10312574369304
5071,3.34410622257167
5072,2.598933043658761
5073,2.6090370743840485
5074,2.6466457333885294
5075,2.5989489560259815
5076,2.5169590058809725
5077,2.9497201690089017
5078,2.8045319984716293
5079,3.3393421038779683
5080,3.1745363341061283
5081,2.676136667728538
5082,2.598933043658761
5083,2.598933043658761
5084,2.598933043658761
5085,2.598933043658761
5086,2.598933043658761
5087,5.0727802509092506
5088,3.839071599101237
5089,3.7003672363136433
5090,4.315403012924816
5091,3.8427217185241345
5092,3.4291322872448027
5093,3.1704505091563044
5094,4.931583660357809
5095,2.9956133933766718
5096,4.707976762042763
5097,3.8717688065349702
5098,3.839071599101237
5099,3.839071599101237
5100,3.839071599101237
5101,3.839071599101237
5102,3.839071599101237
5103,3.673390261282834
5104,4.204826735139087
5105,4.219474262037118
5106,4.246338168956461
5107,4.205382017266435
5108,5.133120391193276
5109,4.3615964376243435
5110,2.9565537602281178
5111,4.781842308916903
5112,3.038517188963244
5113,4.041035807626024
5114,4.204826735139087
5115,4.204826735139087
5116,4.204826735139087
5117,4.204826735139087
5118,4.204826735139087
5119,2.970222483798511
5120,3.0350647555980665
5121,2.9645025138655448
5122,3.015806161539563
5123,3.0359125438094514
5124,3.929250333454166
5125,3.2515356296966496
5126,3.2712771060294745
5127,3.0089268731193166
5128,2.561570591910301
5129,3.0042135514117416
5130,3.0350647555980665
5131,3.0350647555980665
5132,3.0350647555980665
5133,3.0350647555980665
5134,3.0350647555980665
5135,3.697880471747745
5136,3.743576849368919
5137,3.7460992886302216
5138,3.858351603058155
5139,3.7444208542426676
5140,2.6255353620679758
5141,3.3239152929950615
5142,3.86949580946243
5143,3.3558658237057557
5144,4.426141836039866
5145,3.920273764515411
5146,3.743576849368919
5147,3.743576849368919
5148,3.743576849368919
5149,3.743576849368919
5150,3.743576849368919
5151,2.772957098984588
5152,2.05768145859704
5153,2.634504811236512
5154,2.053781151072629
5155,2.0575417941677574
5156,2.7169814744638834
5157,1.7206056002472012
5158,2.590700696318129
5159,2.2098660545378888
5160,3.2184385352440343
5161,2.0183207998524564
5162,2.05768145859704
5163,2.05768145859704
5164,2.05768145859704
5165,2.05768145859704
5166,2.05768145859704
5167,4.808386723680512
5168,6.13094040191856
5169,6.047714388451183
5170,7.094770053012962
5171,6.131636719221885
5172,4.422014969121234
5173,7.888652431682462
5174,4.381667344386829
5175,6.1272386056302315
5176,4.949307289928388
5177,6.044804853714056
5178,6.13094040191856
5179,6.13094040191856
5180,6.13094040191856
5181,6.13094040191856
5182,6.13094040191856
5183,3.4397576219740276
5184,4.506232449090483
5185,3.3227349953307814
5186,3.8320919361669614
5187,4.506443931858726
5188,3.748399985008899
5189,4.391055046801859
5190,4.258298279627463
5191,3.919458372874395
5192,5.298213140619828
5193,4.400825519733437
5194,4.506232449090483
5195,4.506232449090483
5196,4.506232449090483
5197,4.506232449090483
5198,4.506232449090483
5199,2.375448705578489
5200,3.5514226590207554
5201,3.7434842884028994
5202,3.588114938421909
5203,3.551559619971339
5204,4.713123074665219
5205,3.615859707465292
5206,4.445926120441668
5207,3.2318531114566027
5208,3.196065349844941
5209,3.50539362653029
5210,3.5514226590207554
5211,3.5514226590207554
5212,3.5514226590207554
5213,3.5514226590207554
5214,3.5514226590207554
5215,5.050118677374837
5216,3.93072611626695
5217,4.118528041501203
5218,3.840251434711522
5219,3.929618098481338
5220,3.140901478211594
5221,3.823989858639214
5222,4.9611511193699185
5223,4.178099992131092
5224,3.5770246571441286
5225,3.8764935373001945
5226,3.93072611626695
5227,3.93072611626695
5228,3.93072611626695
5229,3.93072611626695
5230,3.93072611626695
5231,3.7167342411714115
5232,3.2731227625613064
5233,3.3096178186320304
5234,3.245484180473445
5235,3.272833218674885
5236,4.1326234012756515
5237,3.326608331819275
5238,2.166779658735434
5239,3.858060510045282
5240,2.8180876254127933
5241,3.451281173706169
5242,3.2731227625613064
5243,3.2731227625613064
5244,3.2731227625613064
5245,3.2731227625613064
5246,3.2731227625613064
5247,2.942664215695806
5248,3.2649465003944504
5249,3.6083659161542783
5250,3.361497095453878
5251,3.2592279458846014
5252,3.568592881046777
5253,2.683277601975078
5254,2.9865183097850423
5255,2.9878974436432526
5256,4.347834316896187
5257,3.2767858485188057
5258,3.2649465003944504
5259,3.2649465003944504
5260,3.2649465003944504
5261,3.2649465003944504
5262,3.2649465003944504
5263,3.6907804484006284
5264,4.675479292635095
5265,4.675933363400964
5266,4.713363686385409
5267,4.674211481810701
5268,4.074542319238539
5269,5.643469829187113
5270,4.387372649994109
5271,4.487963288460224
5272,3.9961278255885038
5273,4.67466022320117
5274,4.675479292635095
5275,4.675479292635095
5276,4.675479292635095
5277,4.675479292635095
5278,4.675479292635095
5279,3.794803194590478
5280,2.6598415772497583
5281,2.666001252592688
5282,2.6645151150246518
5283,2.6599837349377706
5284,2.083364808978303
5285,3.080077508088229
5286,3.582945985687476
5287,2.8421804934942383
5288,1.8321686728751765
5289,2.5721330461116105
5290,2.6598415772497583
5291,2.6598415772497583
5292,2.6598415772497583
5293,2.6598415772497583
5294,2.6598415772497583
5295,2.179544356294737
5296,4.147217018624052
5297,4.052290528138777
5298,4.290091024318646
5299,4.147073324931725
5300,4.7093206450390905
5301,3.6935436516796885
5302,3.706032025608351
5303,4.717062614195304
5304,5.330422920088182
5305,4.263456353440483
5306,4.147217018624052
5307,4.147217018624052
5308,4.147217018624052
5309,4.147217018624052
5310,4.147217018624052
5311,5.556841178777917
5312,5.426059766102815
5313,4.851345391467273
5314,4.980821036967619
5315,5.429419677652
5316,6.152011839940046
5317,4.737573378446848
5318,5.833995254259929
5319,5.463376339433722
5320,5.151032304691269
5321,5.212646030878037
5322,5.426059766102815
5323,5.426059766102815
5324,5.426059766102815
5325,5.426059766102815
5326,5.426059766102815
5327,4.698991627034387
5328,3.0995333406317203
5329,3.115802374696521
5330,2.993616675600825
5331,3.0992902418865858
5332,2.8259288310134427
5333,3.156558488491377
5334,2.5747992969703657
5335,3.0180320956258777
5336,3.0230947191533515
5337,3.1929503623127498
5338,3.0995333406317203
5339,3.0995333406317203
5340,3.0995333406317203
5341,3.0995333406317203
5342,3.0995333406317203
5343,2.2505479732255624
5344,2.875879409949315
5345,2.8143254204463575
5346,2.63160601018405
5347,2.8807208995609117
5348,2.52268467404314
5349,2.7346105463480104
5350,3.5906320842879795
5351,3.006847322290761
5352,2.7933891187463153
5353,2.8850314452008483
5354,2.875879409949315
5355,2.875879409949315
5356,2.875879409949315
5357,2.875879409949315
5358,2.875879409949315
5359,2.943804716187175
5360,4.04173582599874
5361,4.25411312748122
5362,4.899771312459247
5363,4.040755661820253
5364,5.115693289580666
5365,4.335941633792725
5366,3.5606603488602446
5367,4.011309922613068
5368,4.887938784375298
5369,4.058511125347304
5370,4.04173582599874
5371,4.04173582599874
5372,4.04173582599874
5373,4.04173582599874
5374,4.04173582599874
5375,8.561485473194615
5376,3.5424151812500275
5377,3.447834525075176
5378,3.079592293332744
5379,3.5405852583818302
5380,2.779657276014066
5381,3.7523246276518205
5382,3.8249902689859323
5383,3.43182522494922
5384,4.892309589702672
5385,3.5644909340888966
5386,3.5424151812500275
5387,3.5424151812500275
5388,3.5424151812500275
5389,3.5424151812500275
5390,3.5424151812500275
5391,3.5177992400618225
5392,3.478700605030912
5393,3.7860152687417234
5394,3.6008845508257763
5395,3.478908350039711
5396,4.210248337634025
5397,3.5480552507629497
5398,2.7511495122086216
5399,3.7274429825626685
5400,2.7109236885356305
5401,3.4383755962186506
5402,3.478700605030912
5403,3.478700605030912
5404,3.478700605030912
5405,3.478700605030912
5406,3.478700605030912
5407,3.3258419862173634
5408,6.41915302351776
5409,6.847388789889663
5410,6.52809356858901
5411,6.420361198520644
5412,5.030878203723197
5413,6.522945778209341
5414,7.010429638558777
5415,5.901089200795218
5416,4.843744867943966
5417,6.702945348633264
5418,6.41915302351776
5419,6.41915302351776
5420,6.41915302351776
5421,6.41915302351776
5422,6.41915302351776
5423,4.164220939671738
5424,1.9908101284077833
5425,1.984525998172252
5426,2.520826523098984
5427,1.990389475356117
5428,2.5813507037825785
5429,1.9509521689701346
5430,2.174322620872561
5431,2.087626121441649
5432,2.047124184958037
5433,1.899414151098807
5434,1.9908101284077833
5435,1.9908101284077833
5436,1.9908101284077833
5437,1.9908101284077833
5438,1.9908101284077833
5439,2.95562464489597
5440,3.5982816632452175
5441,3.16681696097879
5442,4.010313398797913
5443,3.5964530274502464
5444,5.365568035159362
5445,3.8461401969013513
5446,4.194256364268204
5447,3.159801297803174
5448,3.6927528595197727
5449,3.688403844654334
5450,3.5982816632452175
5451,3.5982816632452175
5452,3.5982816632452175
5453,3.5982816632452175
5454,3.5982816632452175
5455,5.533840718921752
5456,4.9404016281238645
5457,4.883055201123632
5458,4.8735733871747735
5459,4.937796159598317
5460,3.904135276406366
5461,4.720590360849819
5462,4.024782753634425
5463,4.0279925286448455
5464,4.648671707653636
5465,4.837141100102436
5466,4.9404016281238645
5467,4.9404016281238645
5468,4.9404016281238645
5469,4.9404016281238645
5470,4.9404016281238645
5471,2.2301149268912357
5472,3.324058828954701
5473,3.868258714945065
5474,3.190941724514715
5475,3.324834623451756
5476,4.6164463521410335
5477,2.4504956389514634
5478,3.7566929758981034
5479,4.330353350514272
5480,4.008469471339715
5481,3.3066566893503206
5482,3.324058828954701
5483,3.324058828954701
5484,3.324058828954701
5485,3.324058828954701
5486,3.324058828954701
5487,6.275964111820953
5488,2.6152950660682177
5489,2.607462497292532
5490,2.6152968717673644
5491,2.61527697580872
5492,2.1172945063542685
5493,3.2677751717421555
5494,2.4020809623341637
5495,2.9354776598182672
5496,2.6796053920819207
5497,2.6483440720011115
5498,2.6152950660682177
5499,2.6152950660682177
5500,2.6152950660682177
5501,2.6152950660682177
5502,2.6152950660682177
5503,2.7543767891712854
5504,6.197635746175636
5505,6.167702346111331
5506,6.987598608061682
5507,6.194854920314521
5508,4.96960303061423
5509,5.455930146659253
5510,9.221801255944692
5511,5.213741865238192
5512,3.8859174232660125
5513,6.472171495952759
5514,6.197635746175636
5515,6.197635746175636
5516,6.197635746175636
5517,6.197635746175636
5518,6.197635746175636
5519,4.035557310077891
5520,2.387095070978863
5521,2.396531765457068
5522,2.4183166214741183
5523,2.386849420593525
5524,2.6560107334627103
5525,2.5802602256379914
5526,1.7810541071929726
5527,2.0690119734930947
5528,3.3061518205118015
5529,2.369197714584243
5530,2.387095070978863
5531,2.387095070978863
5532,2.387095070978863
5533,2.387095070978863
5534,2.387095070978863
5535,2.594843893321751
5536,3.8897523837563144
5537,4.061234007118045
5538,3.7359435664829963
5539,3.8872755169753166
5540,3.9940056723483286
5541,3.5811281969831734
5542,3.67593247733571
5543,4.592640835947968
5544,5.3192353869193605
5545,3.824445076852675
5546,3.8897523837563144
5547,3.8897523837563144
5548,3.8897523837563144
5549,3.8897523837563144
5550,3.8897523837563144
5551,5.31243930332811
5552,3.424377405554739
5553,3.509186751840331
5554,3.4684787899054297
5555,3.4296276952246703
5556,2.812255635359727
5557,3.9448080038443325
5558,3.2858032117189806
5559,3.8158891053663586
5560,2.871250982252312
5561,3.3783542703722844
5562,3.424377405554739
5563,3.424377405554739
5564,3.424377405554739
5565,3.424377405554739
5566,3.424377405554739
5567,2.9874146625390203
5568,3.398502075455693
5569,3.3185032740628406
5570,2.86495080982
5571,3.4044705798832933
5572,2.815188806410965
5573,3.0179142690060634
5574,4.811452732414597
5575,3.5207009730924437
5576,3.26667547053015
5577,3.3672850938506342
5578,3.398502075455693
5579,3.398502075455693
5580,3.398502075455693
5581,3.398502075455693
5582,3.398502075455693
5583,3.0115333129906747
5584,2.9395043456428747
5585,2.9334915454060955
5586,2.892720801824897
5587,2.9410439961636436
5588,3.3757068326441684
5589,3.4265759728568663
5590,2.271776423066224
5591,3.073077466086041
5592,3.4095667029366195
5593,2.857033714609963
5594,2.9395043456428747
5595,2.9395043456428747
5596,2.9395043456428747
5597,2.9395043456428747
5598,2.9395043456428747
5599,3.662913432543818
5600,5.080361053832781
5601,5.024486826656299
5602,5.229623710132666
5603,5.0805346092852055
5604,5.6537321492068795
5605,5.771823490744443
5606,4.344944725778769
5607,4.738549024914033
5608,4.385375999010765
5609,5.361306750062233
5610,5.080361053832781
5611,5.080361053832781
5612,5.080361053832781
5613,5.080361053832781
5614,5.080361053832781
5615,4.804791507835987
5616,4.024648988453328
5617,4.025450325480367
5618,5.3012488755557525
5619,4.024754590427431
5620,3.675993758797374
5621,3.2274198907827243
5622,4.18713851974103
5623,3.8278706452688143
5624,3.930142535457834
5625,3.947853529985114
5626,4.024648988453328
5627,4.024648988453328
5628,4.024648988453328
5629,4.024648988453328
5630,4.024648988453328
5631,3.3622434217356485
5632,4.011867925317064
5633,4.511438556962344
5634,3.714427136822362
5635,4.008408645807091
5636,4.327455804168179
5637,5.009767747831643
5638,3.6908368833693688
5639,3.116179409378208
5640,4.867179191122529
5641,3.944084249336312
5642,4.011867925317064
5643,4.011867925317064
5644,4.011867925317064
5645,4.011867925317064
5646,4.011867925317064
5647,4.3081670625786455
5648,4.301682578878771
5649,4.290504521631537
5650,4.391067974283635
5651,4.301714373656088
5652,3.606285470763822
5653,3.679557579322364
5654,3.9760347053572165
5655,6.2833560629400775
5656,3.1051097580690783
5657,4.266290565589148
5658,4.301682578878771
5659,4.301682578878771
5660,4.301682578878771
5661,4.301682578878771
5662,4.301682578878771
5663,2.956239665443605
5664,6.579372471430329
5665,6.565094044027352
5666,6.783352615416217
5667,6.578668433282733
5668,5.439335760258589
5669,5.5293965557076525
5670,5.091705037103798
5671,4.782237371391988
5672,4.720927547677764
5673,6.478841670157277
5674,6.579372471430329
5675,6.579372471430329
5676,6.579372471430329
5677,6.579372471430329
5678,6.579372471430329
5679,1.9730199489714855
5680,1.1943867627562634
5681,1.22599649237932
5682,1.4360409702005612
5683,1.1936644912630827
5684,1.4303294380478702
5685,1.2695992738610056
5686,1.8595408870761831
5687,1.5245102584274177
5688,1.7125288170266753
5689,1.2527469700207987
5690,1.1943867627562634
5691,1.1943867627562634
5692,1.1943867627562634
5693,1.1943867627562634
5694,1.1943867627562634
5695,5.726707843551957
5696,2.7816858747348596
5697,2.5142633150014393
5698,3.04665727710657
5699,2.786092079741433
5700,3.290888772370078
5701,3.0863140590352587
5702,2.950573469943351
5703,2.5357574450566727
5704,2.9383941897556443
5705,2.737980701969459
5706,2.7816858747348596
5707,2.7816858747348596
5708,2.7816858747348596
5709,2.7816858747348596
5710,2.7816858747348596
5711,3.5283845971889822
5712,3.6194925179542383
5713,3.614321477108383
5714,3.6531591549119393
5715,3.6216922421251287
5716,3.3738060116971695
5717,3.5891931974004794
5718,3.2073308537191423
5719,5.028887649116476
5720,4.088347837413631
5721,3.7629433395345084
5722,3.6194925179542383
5723,3.6194925179542383
5724,3.6194925179542383
5725,3.6194925179542383
5726,3.6194925179542383
5727,4.877822999678881
5728,4.553237655701699
5729,4.684288677847073
5730,4.076181615494163
5731,4.556604109578742
5732,3.8855727943885947
5733,4.828324430131068
5734,3.360593705508175
5735,3.2646724201321917
5736,3.9495618594929045
5737,4.472672212074405
5738,4.553237655701699
5739,4.553237655701699
5740,4.553237655701699
5741,4.553237655701699
5742,4.553237655701699
5743,1.6774718250415541
5744,3.6381415260281345
5745,3.797197108940667
5746,3.6677065227165144
5747,3.638471246458195
5748,4.447891355548364
5749,3.37702371123202
5750,5.071876495273585
5751,4.088690817392799
5752,3.656235517062058
5753,3.5910183962388325
5754,3.6381415260281345
5755,3.6381415260281345
5756,3.6381415260281345
5757,3.6381415260281345
5758,3.6381415260281345
5759,6.769642688219366
5760,3.6165952101301104
5761,3.4283413448489877
5762,3.8879525213580584
5763,3.617177080743659
5764,2.8017917651880038
5765,3.3334969642515664
5766,3.8566504463958453
5767,3.076242643256174
5768,3.5109616567451662
5769,3.477306003739477
5770,3.6165952101301104
5771,3.6165952101301104
5772,3.6165952101301104
5773,3.6165952101301104
5774,3.6165952101301104
5775,2.142940447297588
5776,2.3388896152011776
5777,2.318122316860698
5778,2.2919407876415643
5779,2.3380386482403477
5780,2.861344389331297
5781,2.590338600489932
5782,2.473521158716895
5783,3.179176836122635
5784,2.993828695003979
5785,2.417039343813114
5786,2.3388896152011776
5787,2.3388896152011776
5788,2.3388896152011776
5789,2.3388896152011776
5790,2.3388896152011776
5791,6.030473884730774
5792,4.30406705606516
5793,4.843330744491167
5794,4.2335242974723455
5795,4.304851104525345
5796,3.269630873117009
5797,5.267550186879612
5798,3.5490741024264034
5799,3.149541958404932
5800,5.589114228694621
5801,4.286713224217942
5802,4.30406705606516
5803,4.30406705606516
5804,4.30406705606516
5805,4.30406705606516
5806,4.30406705606516
5807,3.2585325542663646
5808,4.866343339729767
5809,4.5084819840520876
5810,5.0058501586454245
5811,4.862117241902249
5812,5.9201983962909654
5813,3.6668323483781644
5814,5.33755997324993
5815,5.586242861137687
5816,3.5465228316751944
5817,4.8668216263185125
5818,4.866343339729767
5819,4.866343339729767
5820,4.866343339729767
5821,4.866343339729767
5822,4.866343339729767
5823,3.928288473785589
5824,4.891179053580213
5825,4.142670820425428
5826,3.6565724096806784
5827,4.888125317336207
5828,6.723471104483581
5829,5.243226209429817
5830,4.703498623090281
5831,3.5869407250541094
5832,4.806964269785361
5833,4.896758669622588
5834,4.891179053580213
5835,4.891179053580213
5836,4.891179053580213
5837,4.891179053580213
5838,4.891179053580213
5839,3.5184080483763425
5840,4.229079057795499
5841,4.743311082073523
5842,4.2442815510487115
5843,4.2284380981828855
5844,3.2252943699898946
5845,4.212863037301537
5846,4.879353110553972
5847,5.825211720632439
5848,3.50512994421863
5849,4.221317661560923
5850,4.229079057795499
5851,4.229079057795499
5852,4.229079057795499
5853,4.229079057795499
5854,4.229079057795499
5855,5.042114358556565
5856,3.8458922731886958
5857,3.9826146620462155
5858,3.912542961823295
5859,3.8455366410702605
5860,5.499711747347807
5861,3.873188488314755
5862,3.0522828887276083
5863,2.9372769710368414
5864,4.09028180822353
5865,3.741200486823787
5866,3.8458922731886958
5867,3.8458922731886958
5868,3.8458922731886958
5869,3.8458922731886958
5870,3.8458922731886958
5871,3.507208380504739
5872,2.5817758289474058
5873,2.591156957818271
5874,2.9941332997728876
5875,2.5820413886569162
5876,2.0627627048262682
5877,2.5127912881540424
5878,2.9003543817703648
5879,3.260181035188753
5880,2.4659972882796026
5881,2.6739464615189004
5882,2.5817758289474058
5883,2.5817758289474058
5884,2.5817758289474058
5885,2.5817758289474058
5886,2.5817758289474058
5887,3.031307695697544
5888,2.9840450277182975
5889,3.0261782307009346
5890,2.95092961197602
5891,2.9831142822434003
5892,2.49036546697061
5893,3.1976796342652047
5894,2.6071669196757647
5895,4.008709252597708
5896,2.310118882620377
5897,3.0690278170887058
5898,2.9840450277182975
5899,2.9840450277182975
5900,2.9840450277182975
5901,2.9840450277182975
5902,2.9840450277182975
5903,2.4650845648841018
5904,3.4874923350275866
5905,3.505745556178515
5906,3.4968112160130786
5907,3.4861088956185005
5908,4.075244900777139
5909,3.097615716532059
5910,4.515273389492295
5911,2.4110812398465793
5912,5.430556600964342
5913,3.4196864577192767
5914,3.4874923350275866
5915,3.4874923350275866
5916,3.4874923350275866
5917,3.4874923350275866
5918,3.4874923350275866
5919,4.809874731472759
5920,2.4102695005698624
5921,2.4642644917609253
5922,2.137775095668403
5923,2.4081601988682717
5924,2.6937915071358582
5925,2.812865085607169
5926,2.3621662043609404
5927,3.2606904603247004
5928,2.858141108530787
5929,2.3877157429099096
5930,2.4102695005698624
5931,2.4102695005698624
5932,2.4102695005698624
5933,2.4102695005698624
5934,2.4102695005698624
5935,4.097901838067847
5936,6.633145274307865
5937,6.514585772462815
5938,8.799517817057671
5939,6.633105955411107
5940,6.062583982951116
5941,6.105294967190038
5942,6.1910049112604115
5943,4.912537602743573
5944,5.105569117938962
5945,6.673945689887007
5946,6.633145274307865
5947,6.633145274307865
5948,6.633145274307865
5949,6.633145274307865
5950,6.633145274307865
5951,3.671169670720031
5952,4.50567741749064
5953,4.797543744335131
5954,4.711733985297183
5955,4.509147253895366
5956,4.161638990910447
5957,5.308190444452409
5958,4.121322850159924
5959,6.679473303228381
5960,3.665181885513787
5961,4.526017496725678
5962,4.50567741749064
5963,4.50567741749064
5964,4.50567741749064
5965,4.50567741749064
5966,4.50567741749064
5967,6.130359007348139
5968,2.7067441996044894
5969,2.707468768489277
5970,2.7452240695352463
5971,2.7067110753763672
5972,3.53908043682048
5973,2.357407726164579
5974,3.4508545561943964
5975,2.6186924501351676
5976,2.8261387255660306
5977,2.669695431769734
5978,2.7067441996044894
5979,2.7067441996044894
5980,2.7067441996044894
5981,2.7067441996044894
5982,2.7067441996044894
5983,3.936036357564938
5984,3.976030876275628
5985,3.943074243652186
5986,3.973193385670918
5987,3.97694016063471
5988,4.595151369806066
5989,3.412104822547196
5990,3.1907795327134583
5991,4.042466673737275
5992,4.036059004975968
5993,4.181484942171571
5994,3.976030876275628
5995,3.976030876275628
5996,3.976030876275628
5997,3.976030876275628
5998,3.976030876275628
5999,3.413730639212403
6000,3.327807056096144
6001,3.3634761073511092
6002,3.246125982776219
6003,3.3302793204930876
6004,3.2146736278364383
6005,3.9384176685466867
6006,3.4727922951418377
6007,2.2848386101230456
6008,3.4826830823056074
6009,3.1954701930403773
6010,3.327807056096144
6011,3.327807056096144
6012,3.327807056096144
6013,3.327807056096144
6014,3.327807056096144
6015,2.74020633607236
6016,3.9844935401365382
6017,3.648190988567609
6018,3.648253856941697
6019,3.986280183554147
6020,5.286966672044224
6021,3.596089609490348
6022,2.730056546951205
6023,6.05163846299483
6024,4.859932503778974
6025,3.9661708591037512
6026,3.9844935401365382
6027,3.9844935401365382
6028,3.9844935401365382
6029,3.9844935401365382
6030,3.9844935401365382
6031,5.2496801053976885
6032,4.554913273385534
6033,4.731583604411412
6034,4.625162657838999
6035,4.556142051546181
6036,3.1990961873352393
6037,4.441947059702939
6038,5.599498594767833
6039,4.178716605181694
6040,3.127213846973727
6041,4.455130483967027
6042,4.554913273385534
6043,4.554913273385534
6044,4.554913273385534
6045,4.554913273385534
6046,4.554913273385534
6047,2.398987054554464
6048,2.4807461804458324
6049,2.5605739801829546
6050,2.4663936564465017
6051,2.4807001887292994
6052,3.049933277435884
6053,2.4712984045712068
6054,2.6358597035963496
6055,2.783367701950596
6056,2.05517918315949
6057,2.605252842345577
6058,2.4807461804458324
6059,2.4807461804458324
6060,2.4807461804458324
6061,2.4807461804458324
6062,2.4807461804458324
6063,3.1921170020922847
6064,4.050218975107686
6065,3.821646138907679
6066,4.1381126598937055
6067,4.052036360213716
6068,2.7943787615834266
6069,4.234222576855974
6070,4.520917801290175
6071,2.7979055650404376
6072,4.9674654289184454
6073,3.969112001067843
6074,4.050218975107686
6075,4.050218975107686
6076,4.050218975107686
6077,4.050218975107686
6078,4.050218975107686
6079,2.4792237126549113
6080,4.66700646761818
6081,4.401423366539148
6082,4.540059241707456
6083,4.6672438893001
6084,3.7662749304740517
6085,4.397664495402365
6086,3.1923626804452563
6087,5.7873169030910745
6088,5.353495291103834
6089,4.832622604588709
6090,4.66700646761818
6091,4.66700646761818
6092,4.66700646761818
6093,4.66700646761818
6094,4.66700646761818
6095,3.428659019670545
6096,3.350760492291699
6097,3.2284007239760935
6098,3.0955843961436607
6099,3.351255923019673
6100,4.123736613998674
6101,3.4950021143632006
6102,4.373786708127767
6103,2.4129713552117336
6104,3.735176791521168
6105,3.307208325341573
6106,3.350760492291699
6107,3.350760492291699
6108,3.350760492291699
6109,3.350760492291699
6110,3.350760492291699
6111,4.744538998303481
6112,2.2274452006813052
6113,2.6690212641515925
6114,2.173983610146025
6115,2.2272589302263115
6116,1.7632262083940877
6117,3.123688802089092
6118,2.675911657038961
6119,2.9870938249279426
6120,2.423247512516379
6121,2.1922757254769527
6122,2.2274452006813052
6123,2.2274452006813052
6124,2.2274452006813052
6125,2.2274452006813052
6126,2.2274452006813052
6127,4.047820759188943
6128,4.951956072568241
6129,4.914145264363641
6130,5.946976556669746
6131,4.953401858052481
6132,6.3934225649093985
6133,3.93293526085313
6134,4.5978355114710885
6135,4.016590195979899
6136,4.386664644563556
6137,4.895485840295853
6138,4.951956072568241
6139,4.951956072568241
6140,4.951956072568241
6141,4.951956072568241
6142,4.951956072568241
6143,3.6677875367175283
