A_gut,plasma,brain_drug,T4_sys,T4_entry,E_expr,gm2_brain,gm2_liver,inflammation,damage,bayley_motor_composite,bayley_cognitive_composite,seizures_week,respiratory,quality_of_life,anti_capsid_humoral,anti_capsid_cellular,time_days,disease
0.0,0.0,0.0,0.0,0.0,0.02,890.0,156.0,0.3,0.0,65.0,68.0,3.2,75.0,55.0,0.0,0.0,0.0,gm1_infantile
1.4960335564783378,0.0,2.919296772525829e-10,3.291250299802558e-10,0.0,0.01951967757863102,891.5054966912976,153.43256107618205,0.3183235379617591,0.06322390264862629,65.70290977558632,68.67797337811216,3.2023204509753733,76.00452362560488,55.2287849775755,0.0,6.085461051551792e-11,0.2,gm1_infantile
1.1719318847978546,0.3051908459610038,1.6109350043301312e-10,1.9393305148303187e-10,0.0,0.01993184119523353,886.2611597436579,150.45775127675273,0.33418454177873785,0.12685942809623243,65.95043050278237,69.02198626806124,3.220359186661489,78.07604772201661,54.80807933758887,0.0,0.0,0.4,gm1_infantile
1.5915679216196588,0.5534153056826542,0.007324580309664337,0.0,0.0,0.02014536199312666,902.5688904018353,151.4752244827569,0.3470757281182735,0.18946695089774518,65.97469747913631,69.1871224032248,3.2575910419662906,78.1571990190567,55.189454991397675,0.0,4.183190144065013e-11,0.6000000000000001,gm1_infantile
1.9167529951697397,0.818579814356598,0.020275520990424754,0.0,0.0,0.02002644160395606,937.9175357349701,146.79453168540056,0.3734951205739095,0.2545828952862239,65.59521528314343,69.2981973760454,3.2824447106255135,78.7502668366327,55.65582786681459,0.0,0.0,0.8,gm1_infantile
1.4947008236102228,1.1747427390821257,0.03816916414746742,0.0,0.0,0.020185445450860665,939.8427834260254,148.38616900025218,0.3909478216114523,0.32762183426753827,66.06379347215206,68.97063205113852,3.3016040441911,77.88936768889492,55.254152758739735,0.0,0.0,1.0,gm1_infantile
2.6479969719622787,1.4124476136793167,0.06520107892741155,1.2278866388627117e-10,7.983215864675507e-11,0.02040708719938046,935.69150380854,145.54005109605987,0.4112070412686024,0.39975503432355286,64.70741180925965,67.71781077464198,3.2565893194168125,78.14770655709636,54.45535183388211,0.0,3.0771613345830015e-10,1.2000000000000002,gm1_infantile
2.057858333326213,1.9640247108410531,0.0944131022507883,0.0,0.0,0.02026342640883218,955.3656402895201,137.80969914934184,0.43567625399743426,0.47254322079586275,64.11300837820005,66.38015113989427,3.258877432376715,77.43331553335028,54.49526091995937,0.0,7.049676695727893e-10,1.4000000000000001,gm1_infantile
2.2374130125841085,2.2154834799083476,0.13938287589387371,1.780591305101351e-11,3.2510835285827206e-10,0.02054827297042929,962.8500696195239,142.26687816233922,0.4458165088534217,0.5484254690468412,63.24273074224448,66.00061430056108,3.1983640552714596,77.93540817114425,54.198695084272025,0.0,4.780983309811056e-10,1.6,gm1_infantile
2.400548707456654,2.7023539686277336,0.20123572640456736,1.5393073572679663e-09,3.959797361952528e-10,0.020167347901920277,907.6160854571453,142.18523632528158,0.45976086056988,0.6259895561060479,62.650842316241906,65.8437214297239,3.2439210811737316,77.93556963816262,53.94881856827017,0.0,1.488881561391507e-10,1.8,gm1_infantile
1.79917705620467,3.097216769986874,0.2763934393466845,1.511179507922609e-09,6.317591642741149e-10,0.019967991355796737,877.6218240876558,137.44502722648852,0.47036429221580567,0.6960285393305295,61.89198862323432,66.55664668565537,3.2040770867750585,78.75981622638312,54.09610350047206,0.0,1.1606824237451538e-10,2.0,gm1_infantile
2.836808525561786,3.4396352955213185,0.33659175147576026,1.0607123616403683e-09,3.7743886407783243e-10,0.020009899838363744,914.0717864847776,136.98038510141532,0.484921270781481,0.7575468673240725,62.91681355052234,66.72119174317535,3.1859210302467997,79.78189083435369,54.2759727443919,3.8170959323595956e-10,1.345234058263664e-10,2.2,gm1_infantile
2.1457102583123926,3.664494921244715,0.43447721154500246,1.7729793562584934e-09,3.2432161923466686e-10,0.019853332358909074,949.0092939330342,131.92049684036172,0.4934898268354005,0.8270284570109836,62.51127236922468,66.68247124959902,3.1785125110067747,79.97774775017558,55.1739936730071,3.7918932592944454e-10,2.6488435196646274e-10,2.4000000000000004,gm1_infantile
2.2190314152476023,3.9750787189870866,0.49288091437536813,1.3154434868489458e-09,1.4221803580157646e-10,0.019715303040389785,970.9261145388466,126.3105815419487,0.5143243066160875,0.9015277040721605,62.16539353041702,67.55157295643602,3.201159700629325,81.25307874571979,54.91668294256311,2.1334671313576875e-10,1.922388552229372e-10,2.6,gm1_infantile
2.382908270935848,4.33813421510393,0.5496806605372987,1.2706239339287227e-09,1.8477009581994339e-10,0.020603568927411872,1019.3096475327079,122.51230399732458,0.5328255994259294,0.978399901398975,61.60441824360886,67.80200775435969,3.2528481793647073,80.2797655167357,54.2914167441813,0.0,1.322323253161325e-10,2.8000000000000003,gm1_infantile
1.7558001004220531,4.563660407186113,0.6156230216739674,1.159024405322059e-09,0.0,0.02004949198554663,1077.3495763939798,117.45155018105575,0.544862395272795,1.0719563660933538,63.98431471728572,66.70782983020273,3.235972628292409,80.46379630173699,55.417901608039095,0.0,5.469030794997973e-11,3.0,gm1_infantile
2.8607868801512786,4.883366846512407,0.6957975240521296,1.0314179462029497e-09,0.0,0.019944335637823312,1067.6793597945184,117.33778002947996,0.5669796300231563,1.1742466481030427,64.78188026543069,66.81297842770411,3.2505449155947903,80.32674807264442,55.26192790510459,0.0,1.0347737121895952e-10,3.2,gm1_infantile
2.234319621995373,5.8900026851487235,0.8421091162724631,1.0939588372179302e-09,0.0,0.019531592374275906,1100.3754549763437,117.32144925700457,0.6010326062083735,1.2689421449505562,65.51201132187246,67.18719374154531,3.201656195879211,79.62789378254558,55.30064943330611,0.0,1.5692306729109872e-11,3.4000000000000004,gm1_infantile
2.3772995929194205,6.07814933811467,0.9631289430399388,1.6645217304849371e-09,0.0,0.01942961277451462,1103.548507701205,117.41110781266654,0.6258879281006081,1.3698398485151326,65.71698849592843,68.72699197121678,3.1359270537363617,80.36236434357222,54.89520730570522,0.0,0.0,3.6,gm1_infantile
2.473374884775363,6.807684061723663,1.1045708802797765,2.3246065987445082e-09,2.9290903180052564e-10,0.01956352429849503,1154.338240344425,117.95543818973991,0.6673632596471966,1.4754862952432366,65.69090471352432,68.04779721859808,3.1777190352067333,78.90404070567068,55.311264747097454,0.0,2.719932762237214e-10,3.8000000000000003,gm1_infantile
1.9223452457386412,7.792372148366878,1.2704022197900071,1.7515424795391791e-09,2.797735584385955e-10,0.01913823172260668,1136.2172326535767,121.98245715172092,0.7097973655643791,1.5899752034735546,64.71887882713668,68.04029342632529,3.1259009387713466,77.99857161916268,55.372257651658224,2.706654363608469e-10,3.9374811386988107e-10,4.0,gm1_infantile
2.8605674818317053,8.063877599092535,1.4221357981191491,1.8308065704680875e-09,7.013717887287376e-10,0.018425896260735385,1116.202340296889,123.03712770449496,0.71627689251525,1.7084824628516546,64.95881110526288,68.78007147450425,3.1019934979995023,78.66391264638759,55.997103555012146,3.0177396335225727e-10,4.235087209304989e-10,4.2,gm1_infantile
2.2577140695242526,8.025147424934167,1.5622308017345474,1.7018166508763892e-09,7.849402260608057e-10,0.01874009492275194,1082.8603212409978,121.72035384854759,0.7700628309483839,1.8149025907444905,64.16447989503106,68.9277468575499,3.137432756958304,78.48467267905319,56.82739271532857,4.911102274507274e-10,6.061241110331272e-10,4.4,gm1_infantile
2.428385244010294,9.295144282015835,1.6921373025233213,1.0609256886739164e-09,1.2002852469050621e-09,0.018568672038669274,1083.9889435816524,125.18068699001894,0.7697424320725104,1.9125254644180543,62.72238324008414,68.15764134717999,3.1558725401213996,78.85325154051277,56.85387758441774,2.0430357867823983e-10,1.9957160335906405e-10,4.6000000000000005,gm1_infantile
2.5328529713270727,9.26172000095619,1.8978854811944499,1.258123524915102e-09,1.2186966006265822e-09,0.01880443470358908,1088.6630961047122,126.04573523703439,0.7845446545917789,2.014675648242393,62.815656143531214,68.87437520706773,3.139014568222271,79.21915246441115,56.46680722190599,1.5903139972434074e-10,3.795302894881501e-10,4.800000000000001,gm1_infantile
1.8152929917681988,8.86168914155022,1.9396997297805847,6.216983195656053e-10,1.0661782235032086e-09,0.019039543171185246,1078.3474144340707,125.77839269935338,0.8308544582157458,2.1245459695656885,62.68450041561523,70.09701181395657,3.1427660067470518,78.14420213094812,55.83359344332503,0.0,1.7790725565551658e-10,5.0,gm1_infantile
2.860728254432855,9.340754544435569,2.2472630384555075,1.7178391188847924e-10,1.1373829230586794e-09,0.018669530498593198,1090.168600058225,124.40090669856443,0.8233045534117088,2.230867833546083,62.10537968403664,69.55416202205522,3.0978276722379454,77.27837074406482,55.96863083544463,0.0,2.309607558677223e-10,5.2,gm1_infantile
2.2637366868782447,10.313548758484032,2.36758981817337,0.0,1.3765874466974908e-09,0.018540606473625106,1121.2305183973126,124.76572673530197,0.8475079837540472,2.3368623731863667,63.68228912348145,71.47814600944523,3.100834152594701,77.26434158355856,56.59605065256562,0.0,2.8492845249165106e-10,5.4,gm1_infantile
2.403504828295878,10.623088625975518,2.4551253847433188,0.0,9.674289636653109e-10,0.01815529686988546,1105.4122493533787,122.86268981702634,0.9135141931985212,2.45316120143399,62.78913497521857,71.76638862502784,3.084049789519238,76.78520322798666,56.54453646178869,1.2854154231534922e-10,1.8891995442511065e-10,5.6000000000000005,gm1_infantile
2.5688525619250657,10.145090955451368,2.634666730642108,1.2972381683155193e-09,9.89685508991221e-10,0.018608697279145894,1106.0643593145096,123.88736113961876,0.9390681269049119,2.5597048045784816,62.063121342412394,72.13520068952631,3.0492283539079126,77.29380897377901,57.17562459803643,1.9247172114427538e-10,1.0335800056932334e-10,5.800000000000001,gm1_infantile
1.979216686340235,10.181271257233316,2.909011894440451,7.296135090111126e-10,9.040653437092519e-10,0.017939306691250708,1060.5138746785046,127.58715516066535,0.9845117758001786,2.663247364328936,60.7548121816691,69.27558301383195,3.0274933780055635,79.66176699290189,57.306858217494735,5.5306067128573476e-11,1.898840716787913e-10,6.0,gm1_infantile
2.9318663121621302,10.102321277190846,3.0761533413481033,6.192321587770994e-10,1.076668426998155e-09,0.018032427464964768,1077.7416191990524,124.29724046485194,1.027263751873656,2.7716014581152835,59.9046914893374,68.41494934993017,3.0827946677232396,79.26951979339718,58.18887303044125,0.0,5.44815906071158e-10,6.2,gm1_infantile
2.303171479276042,10.522899308610498,3.446037657439629,4.205542947300087e-10,8.66697471355544e-10,0.017870400827379583,1088.8994391542262,118.26347622996913,1.065523174578247,2.870428832948857,60.77328802220238,66.21424249334886,3.0506542088847626,77.30762710595982,57.33173202266309,3.6962991321661494e-11,4.821267170580087e-10,6.4,gm1_infantile
2.421762076399522,10.572210955536173,3.6232470895625806,5.1574553306052006e-11,1.0138246280640922e-09,0.018065743292064722,1098.17769628515,119.1838514215195,1.0964326322368587,2.9879908700895568,60.6377537279112,65.90913137670135,3.0203869417061817,76.06407006292157,56.16633240752001,0.0,4.426498768030317e-10,6.6000000000000005,gm1_infantile
2.5430382998187855,10.763213637658541,3.6427381914710097,3.6036099747981507e-10,1.16454872221694e-09,0.017996278270747144,1077.0536820585858,120.0812960130259,1.1251644111753831,3.084716166487608,60.51846582123248,66.10913371479992,2.9847488357274234,76.08267994755411,54.8661841951298,3.2253231534462164e-10,7.369272111328693e-10,6.800000000000001,gm1_infantile
1.9190769591770418,11.155746974374907,3.41669039221683,0.0,1.0789091314517088e-09,0.017636563108161883,1095.8949106484652,125.81062217997929,1.118302079268007,3.1811606199806213,60.646417284062665,67.52094069472997,2.93701849574038,76.16502737219001,56.01133782556334,8.410121093824898e-13,4.679465953761131e-10,7.0,gm1_infantile
2.935960617529955,10.888283951455131,3.704931725623162,2.619637264264026e-11,7.275301126667927e-10,0.01778240195984662,1076.9974568118464,129.2493296307835,1.1264945238138875,3.2826033259524663,61.024267280432504,68.17947695582167,2.9558410973112386,74.28647894885663,56.20104619481919,0.0,4.982917018257477e-10,7.2,gm1_infantile
2.2056689796122857,11.409040035989085,3.7201630554291754,0.0,8.722878632569907e-10,0.0178417717671258,1057.3976736151296,133.40601394250476,1.1377731287220916,3.385041533229588,61.17924174641176,67.57724315624694,2.9755801274270333,73.5935626097656,55.67403174588433,3.2905758735709695e-10,2.684580592343248e-10,7.4,gm1_infantile
2.2449077852821326,12.52901674874684,4.326966175297677,0.0,5.044920996703753e-10,0.017725229148769145,1047.3512926257863,131.71015730736818,1.1306449854959355,3.487734000289373,61.54505205091196,66.19966465417876,3.0044994562007967,75.49155554049872,55.58631579430027,2.343051309677448e-10,2.13390192146456e-10,7.6000000000000005,gm1_infantile
2.4215996599555645,11.483891908124926,4.525454444011002,0.0,9.760217971837588e-10,0.01765248175076265,1093.3384902052749,126.86569968930826,1.1656921060273393,3.58650280902551,60.76393205854255,66.32457141783514,3.05447369588213,74.99951356152621,54.12368263294706,2.0693503303780472e-10,7.597914960232135e-12,7.800000000000001,gm1_infantile
1.8226662391778403,11.568765474945241,4.3287469092258615,0.0,1.060720842236192e-09,0.017470656157770718,1018.6405287776595,128.6143234915124,1.195706164102684,3.6863246307068525,59.635366264342956,67.03932638620466,3.0692206876789463,77.2660049873587,54.21664375303111,2.7587615119847396e-10,0.0,8.0,gm1_infantile
2.914396780281047,11.972875168414188,4.721306722843397,0.0,9.40017190274081e-10,0.017304212216006316,1038.6181394323576,132.92068398769285,1.200948280822674,3.7734854163249674,59.8272778582985,66.7837183661776,3.1089839219043105,74.79747279372027,53.40255557162291,9.491805431069599e-11,0.0,8.200000000000001,gm1_infantile
2.2191446038303946,11.619598429829267,4.820024271221533,4.1346313932650656e-10,8.579612621147575e-10,0.016970879956277257,1035.1169677882992,135.70107490479623,1.193727232135122,3.8604745406006886,60.21659302518588,66.55122606500159,3.136177710224162,74.6237847352226,53.69427316469551,0.0,0.0,8.4,gm1_infantile
2.3605046134859875,10.976364133370081,4.624236013895839,6.158040949222989e-10,7.590948257480827e-10,0.01664651173680734,1030.5424134904513,138.82770941059414,1.1529169382567446,3.941524639104062,59.413331976170426,67.83495662993371,3.147997591277663,75.23735312609335,52.66539495233723,0.0,8.171881963326701e-11,8.6,gm1_infantile
2.4814053184736227,11.443702460446897,4.705669545058646,6.427194212974234e-10,7.744296389422554e-10,0.016863192489259597,1051.205255908347,131.8502685508877,1.115097855116359,4.04331296240126,60.308626394070394,66.87553665816473,3.0702666012455184,75.17631496549978,53.12185569601421,4.615133507084852e-10,1.802753086218373e-10,8.8,gm1_infantile
1.8660306014435863,11.057435947003205,4.836853120210024,4.632431978783474e-10,5.528275408656877e-10,0.01747579031209071,1100.8211667040375,134.92856537440917,1.11283513980171,4.148054861729483,60.765722535943745,67.23926031175566,3.1224840324777134,75.65601682839616,53.44837629236365,5.920171207032841e-10,2.357854261574501e-10,9.0,gm1_infantile
2.8408119464292336,11.143645971662533,4.833475171540636,3.599357057860053e-11,9.77953456239724e-10,0.01800730227722007,1139.639345408327,134.81981282538104,1.1708438327570512,4.255087135549353,60.86674769452399,66.22463951159585,3.1391441284588906,75.54359011043306,52.31733359946017,5.572177948402584e-10,1.9403452624042642e-10,9.200000000000001,gm1_infantile
2.3418406178848805,11.923770611082682,4.953559619037354,6.417185392392117e-11,9.59408621909347e-10,0.01792417022913451,1104.864247270996,133.23862946579635,1.1774582175920227,4.358005152977018,61.220704798447336,66.54028998548795,3.0646743773314324,75.24035567713554,52.814498052168474,7.999568669394308e-10,4.2615392322002373e-10,9.4,gm1_infantile
2.4661916372148966,11.501079246795676,4.8519155261567235,1.2964983450655432e-10,1.0197469772141501e-09,0.018323884744485507,1135.8825433503976,131.7472234098733,1.1686379295980545,4.4627502472305105,61.33299755968919,66.3264431116538,3.0413371078529217,75.32386199617767,52.24972404150732,6.466934232957187e-10,4.744468989943569e-10,9.600000000000001,gm1_infantile
2.536554628659838,11.797294253324248,5.037175168255955,0.0,8.907768232071653e-10,0.018783029292386802,1098.8685800741523,123.47257237784886,1.1467379793868604,4.577078020534178,61.291591730622294,66.1887153355104,3.0917536855174577,72.49391003431393,52.32212443640716,1.0347350317977251e-09,2.3037895949849904e-10,9.8,gm1_infantile
1.9070188112050277,11.480125506449369,4.966718081840506,0.0,1.2323519849126448e-09,0.019391881245999092,1086.9464145810884,129.02614822879272,1.1710066328664974,4.701649749333961,61.1482364454725,66.27238904172073,3.1071080684316614,75.49437319305139,52.719306381437924,8.660045155969538e-10,4.467683318616162e-10,10.0,gm1_infantile
2.9295241675122976,11.213878064007659,5.294190206291038,0.0,1.2710019508927978e-09,0.019377470776899216,1094.773394402169,129.5273478688514,1.1436752901297071,4.812912201055984,60.2818087744302,64.96937623128593,3.104730964752205,75.40881817396097,52.02330509485425,1.0472916357339705e-09,1.6829904382993174e-10,10.200000000000001,gm1_infantile
2.2662233125998004,11.117152061474556,5.388184714038864,4.074649802700854e-11,1.0408579546159828e-09,0.019610910607681227,1094.5718736271238,122.13404760851012,1.1177296511853716,4.918537264269648,60.04081037188968,64.84951829860532,3.1036371183700258,75.46595273494817,52.486680066232786,8.074295150450941e-10,0.0,10.4,gm1_infantile
2.351976629278735,11.408692329758738,5.796304920068207,0.0,6.040884966899375e-10,0.019002762485620835,1068.3245018639361,119.41190307571502,1.1308451170663731,5.0246246744567555,59.728646972095184,65.73944499639454,3.075691198671893,74.42626797506864,52.62339579980276,5.006018920545446e-10,6.761913601265296e-11,10.600000000000001,gm1_infantile
2.477247954473097,11.445871287783447,6.316760730639712,0.0,1.1434895328108285e-09,0.018907409691684196,1030.3518761964144,118.75662964771367,1.1252022381391487,5.116622933270978,59.98736439632333,66.19959634304591,3.0503773665737275,75.25630942661377,53.24374136209071,8.497579470414429e-10,1.6891898284288168e-10,10.8,gm1_infantile
1.9600869657865136,10.501899487571183,6.306473726441798,0.0,1.1440231622548323e-09,0.018696337365534714,1023.8634410810329,124.03183889542751,1.1395032055351944,5.214188928049034,59.73937351085015,66.23403907545966,3.0510314415343665,75.54938967827472,53.87781910371957,1.2638485602948205e-09,2.1724320082162664e-10,11.0,gm1_infantile
3.0112191212937978,9.95140797137663,6.338283093129878,3.289934196984052e-10,1.3276182191939133e-09,0.0187486726961226,1046.6159516364278,124.74728220448485,1.1884683268030773,5.309122017225876,59.3946318598023,66.50022488853347,2.9338353710154226,75.77701000658266,51.09624281278122,9.19493549493401e-10,3.000207452204854e-10,11.200000000000001,gm1_infantile
2.387152191568623,9.660457708576594,6.181994134117416,8.683117016002901e-10,1.203604282024069e-09,0.01949738527842424,1044.6189524052395,125.18427496977047,1.2512529172248297,5.406882315472325,58.542347984725026,66.36881319946217,2.933553373236796,74.23617803334915,50.71847591775435,7.461718575252713e-10,5.051164442576391e-10,11.4,gm1_infantile
2.500426762479137,9.707098914521245,6.192917181309611,8.682215440876816e-10,1.334265016128463e-09,0.01913245635365985,1013.8920560876757,128.00802311016125,1.258051500742758,5.48570815210467,58.83653051442934,66.74943623931203,2.8750391362701144,74.30723731049936,51.015322639633354,8.127553909434122e-10,6.333552782856536e-10,11.600000000000001,gm1_infantile
2.507351566138205,10.094849537946848,6.150662002025241,6.273099375128782e-10,1.5294719443614689e-09,0.01962643462241892,1062.0182461372342,131.6330730277846,1.2710516477126528,5.579831459139835,59.38831354615096,66.82383777435646,2.8815605954464383,74.979402991846,50.76741832602236,6.427317754794848e-10,5.220158674807886e-10,11.8,gm1_infantile
1.9420753496124805,10.298946059634954,6.296559950113339,8.179803528456113e-10,1.4330158102789553e-09,0.019874245067795344,1070.8886428560097,126.33438336070914,1.3319960197385858,5.673031332610784,58.02531368989385,65.85909540113256,2.8437849952309553,74.86765078156141,50.374863594247394,5.508354483232495e-10,6.475168538778301e-10,12.0,gm1_infantile
2.986340858052975,10.556082144269768,6.465002754271268,9.807156287043985e-10,1.025820598705873e-09,0.019725360274361912,1008.0705727450613,125.50167862245625,1.3511067084555253,5.787647689717175,58.903919064719226,66.0065204802979,2.8264137028743956,75.1915537888975,49.81455857406515,5.311360592447574e-10,8.695027011300805e-10,12.200000000000001,gm1_infantile
2.298912016304042,11.30853446330223,6.716753051747678,6.118873341875948e-10,1.2499994217839704e-09,0.019953801391135194,1008.9770470321238,122.01428519885168,1.3400619172760928,5.869503681180596,59.277363811873435,65.13331594157839,2.8448155613724375,73.79213505136207,49.47593097627284,5.351724773055799e-10,1.5421334129025094e-09,12.4,gm1_infantile
2.3618270723768036,12.359434826740857,6.82509935701528,6.923511404584079e-10,1.259085585472461e-09,0.020093354984407112,1002.9669050450126,125.95653020413431,1.3412394853484406,5.9733500006685825,58.70867624877818,65.05050388040219,2.805843879805913,74.09383171045263,50.24344487127189,4.976886266440601e-10,1.4835855371803525e-09,12.600000000000001,gm1_infantile
2.4212005381502864,12.309633977456068,6.441297981859903,3.398524160158467e-10,1.2942338942617635e-09,0.02055309631880822,1079.5746242059583,123.03664055409956,1.3993096051349292,6.064372007401469,58.533546981167845,65.39916798533683,2.8100593461806374,74.05287658360179,49.764768643391115,2.138013546879298e-10,1.1628817440631971e-09,12.8,gm1_infantile
1.8764541171281726,12.242126135989237,6.367626178457549,2.714233585177542e-10,1.463777393069022e-09,0.020599100889316904,1058.7126115500807,126.22949717524264,1.4687183603856946,6.174283074282412,59.24776659869605,66.46712580307309,2.8548409528895,74.503398318377,49.96357926293713,3.169093249638259e-10,9.2320205934866e-10,13.0,gm1_infantile
2.951301408259859,11.38855204322965,6.241784026196276,7.765837020913731e-10,1.6440365347634706e-09,0.02113401920225534,1049.0477719586645,121.43151843755851,1.4778243868088292,6.2748568312967965,59.25226401732672,67.45227061292925,2.8426168259860987,74.69486384519011,49.10218340442711,4.032199697019205e-10,9.006311592696594e-10,13.200000000000001,gm1_infantile
2.260236914889934,11.49667758522438,6.270414681619119,6.035161860754555e-10,2.075369453518774e-09,0.021075840874430405,1040.2520025592346,113.88356686574056,1.4648087708207183,6.36841465361259,58.651210401115435,68.67830415317421,2.8379814855409093,75.83650704158887,48.943298603522294,3.9328062142555736e-10,8.582555038757575e-10,13.4,gm1_infantile
2.402346513842036,12.712989349173988,5.735221994995632,6.653991833765725e-11,1.9443614321439492e-09,0.02106038376108222,1057.7611069278169,114.5114331109113,1.4680336080229268,6.478403212434062,59.41157812963611,68.80909842936401,2.8765488000232025,75.9492185860973,48.377099749232094,5.447300547211249e-10,8.612189060656137e-10,13.600000000000001,gm1_infantile
2.5101888092028055,13.852505873730792,5.268375385323366,0.0,1.6772059958065337e-09,0.02090305401245195,1048.5880705873665,109.14156211531174,1.4530981717414373,6.564911360002563,61.34366328587105,70.45318314976174,2.8621442956927328,75.41122003879657,47.440369403683334,1.9085099869421817e-10,8.128791686364284e-10,13.8,gm1_infantile
1.853054074764263,13.86807966138138,5.0739836452947,0.0,1.689154726619313e-09,0.02101967404992329,1058.4526532568634,104.56875490277392,1.4977955196011457,6.650275093970986,61.79982829487228,70.39969945954138,2.8113111510720787,74.92767533086263,47.48073196680077,3.186345104798073e-10,7.588834823042245e-10,14.0,gm1_infantile
2.968448465431716,14.58154434407198,5.191619510707634,2.4038343304975684e-10,2.155353750865869e-09,0.021748885462469066,1022.1803231997553,101.27543439787016,1.565279159422796,6.733716973591868,60.64423476669217,69.89868619094332,2.829045799675444,74.6614789836841,46.875190321236325,1.6035943188243991e-10,5.893812155203776e-10,14.200000000000001,gm1_infantile
2.2645273402398045,16.624407921711235,5.450170909702707,5.386774252903047e-10,2.031431315587008e-09,0.02165505463575798,1000.9100482310439,93.63275246310256,1.531478476083122,6.798548605127649,58.777338966218764,68.7446325611807,2.8815060985701804,74.46055551734172,47.50342911733908,2.4006975305511074e-10,7.577690915568778e-10,14.4,gm1_infantile
2.3602556192538895,17.037445845871186,5.860711692770809,2.7780032919850586e-10,2.1464331712747327e-09,0.021853983254424343,984.4225125841263,90.2410958702332,1.503972389079056,6.887579692941701,58.97937902267656,67.9783931225179,2.883939418210619,74.8805065703847,47.706081774473326,6.30580993552818e-10,1.06198032737099e-09,14.600000000000001,gm1_infantile
2.4258847879498355,18.592711315499812,5.950412268368163,6.513863722268433e-10,2.1447899202625497e-09,0.02167174519834197,936.0306471441785,89.2475241405344,1.4640050615041043,6.986854652350836,60.13459058926295,67.21820887857886,2.8970352799441725,74.00348663099294,47.111735491403444,8.01417256403767e-10,1.0325750002252725e-09,14.8,gm1_infantile
1.9405898324155977,18.02735507442551,6.484050993928975,6.085148740463866e-10,2.317694022640756e-09,0.021477559251677936,933.1011278900123,88.40278674338518,1.445489476545104,7.071806901167712,60.59954300528595,67.72025046383992,2.9587002859496785,75.31642645203294,46.684029481234425,8.710714803366799e-10,8.8125584390694e-10,15.0,gm1_infantile
2.9714104013235993,17.286990491252354,7.202500976234128,6.697138388696813e-10,2.2566988049967614e-09,0.021919712064015145,878.6560687762756,83.19340459351106,1.4799183133966585,7.1467391474018225,60.73965286600072,66.48923606287268,2.9587154061399974,77.22182697991676,47.013547394268386,8.929978762099179e-10,7.661950063253452e-10,15.200000000000001,gm1_infantile
2.298481558200366,15.491535326972684,7.4775767411880025,9.392192350753528e-10,1.9198135543901748e-09,0.02164012373223089,850.2350263656562,80.55758327808256,1.4858852225720096,7.176660939772434,61.17786424378838,67.13155250956086,2.9496967812963506,74.54675925121981,46.198395769573914,1.1897287651776637e-09,3.162671313604685e-10,15.4,gm1_infantile
2.413419229812576,14.530365308497297,7.891463456076632,6.42190147880568e-10,2.0028346290731556e-09,0.021838630767530794,891.6701717414537,79.63882020697473,1.5005421095660627,7.2103502812790925,62.09652544751406,66.41492622407104,2.9285790324707963,74.39467525463724,45.05235059663358,1.2273967063682552e-09,5.342684545251806e-10,15.600000000000001,gm1_infantile
2.5343894813169277,13.388843618771684,7.951983420962934,8.647771367103177e-10,1.6141393374427088e-09,0.021401104696517174,911.3001339652508,79.74499557320824,1.5191740627899015,7.3061897230174955,62.41813469716132,66.97035109109713,3.038140355833384,74.04626900421857,44.38981028601854,1.312741349573048e-09,6.153330328568992e-10,15.8,gm1_infantile
1.897151105577708,12.77413165345042,8.890666025297012,9.055240204243211e-10,1.4471333704478927e-09,0.021733368920753927,907.000429071082,78.73207157128824,1.5443017435926276,7.354872438232082,62.642842651566326,68.67644416105666,3.057655923905527,73.53691943600197,43.90867391396756,1.2100178596080488e-09,5.376631272540552e-10,16.0,gm1_infantile
2.9214346544669145,13.417035037943984,8.259213651091544,1.1775558270401034e-09,1.352525577249258e-09,0.02185882384711451,878.3582789815515,81.12280854016026,1.5930687834604214,7.439617897481604,61.31050596158288,69.40563365670586,3.07464103197305,71.83693574833792,43.716178102201894,1.278070049339942e-09,6.470557657147684e-10,16.2,gm1_infantile
2.298215934156443,13.813871839119749,8.887419916124873,1.617635456987405e-09,8.536072817357858e-10,0.021713337719516303,872.9272916123151,76.90876157495842,1.599224947786581,7.5237349045008335,60.356486044969934,69.67876842355705,3.037321703608419,71.07199317874608,44.413905845799064,1.1472147947828708e-09,7.329622529936567e-10,16.400000000000002,gm1_infantile
2.336859695061062,15.310830194064815,9.186199380252265,1.4785081517298594e-09,9.815819347430294e-10,0.0211510723500016,899.5169133934471,75.79618244455963,1.5941736395267745,7.57770656914898,59.825266996588155,70.28969953727123,3.0482235860104696,71.58059641722778,44.22844456778378,1.2489784377328345e-09,6.202465502463336e-10,16.6,gm1_infantile
2.579779665001876,14.084312648302506,9.80151026125591,1.973088682583509e-09,7.980035687779234e-10,0.021990352759424125,922.2541681654394,77.36198643930365,1.5992417479548688,7.641571859278936,59.5967378268775,70.615927130393,3.1064611251461516,71.63269246938587,43.51142676125444,1.430116873481648e-09,8.242191040990759e-10,16.8,gm1_infantile
1.9993506895610311,14.757849426367821,9.717648610593848,1.5928723459617202e-09,6.181986616183218e-10,0.02133456907552923,926.4673889400798,76.73425733040568,1.589043394994566,7.663337151616956,58.54800923248907,71.64197567275454,3.078916262879128,71.85421178771092,42.53059073597961,1.7732232392378752e-09,7.690966524109204e-10,17.0,gm1_infantile
3.0280490806391476,16.67307165302845,10.451960834408403,1.4117460356762181e-09,4.85990023879734e-10,0.021189496158107477,937.5525006073934,76.0711555844864,1.5809403672769724,7.761442674985847,58.4029042836375,73.839998078432,3.08287367014587,73.4682225636961,42.56240327781619,1.9883604969436732e-09,5.96333644227711e-10,17.2,gm1_infantile
2.3103580550118137,17.19768048192224,11.00039320398093,1.3498297615882274e-09,2.2971091718990542e-10,0.020659116217613942,900.6308080403488,72.10707361538425,1.591396477157076,7.856114150525804,58.33752531492798,71.58277250194142,3.0751779669110233,73.17033047297876,43.603414435413285,1.6763187162559898e-09,4.887693565062645e-10,17.400000000000002,gm1_infantile
2.5300412813418705,17.564412293750863,11.3527393059463,1.314337613427653e-09,2.9648921722314627e-10,0.020927968140356003,879.6604700053027,73.42559221186166,1.5470953056784371,7.929640739150444,58.422989560311684,70.94710053229954,3.074479250917445,72.43119646557885,42.80404459973927,1.5833852774619865e-09,2.480042059415477e-10,17.6,gm1_infantile
2.6254606040541097,16.494187382937913,11.789582923185263,8.820008806273567e-10,1.674651673260347e-10,0.02067465274381571,909.9223125645054,73.66348838436706,1.5425201066647538,8.001960342184336,56.73971319208177,70.86139719853787,3.158216033611454,72.43633130858925,42.669420662475396,1.6945016533195655e-09,4.4422720668043787e-10,17.8,gm1_infantile
1.8813692968719717,15.108154468015886,11.931362992978965,5.755419511175021e-10,4.887923418803505e-10,0.020537880620494553,862.2696597569903,70.78073151470495,1.4553855826357494,8.067285608822004,56.5484228666933,70.41456235621605,3.2039922635870717,73.48224306027859,42.39887117071155,1.267986228877344e-09,5.671174008695045e-10,18.0,gm1_infantile
2.948912225892817,15.290573064075906,12.459284572712333,1.6897522690899825e-10,1.018792490322211e-09,0.02016801771873733,878.2455875678365,67.25981623752023,1.4277791490599838,8.154492847469635,56.303547625117,71.16918457270695,3.213648205313632,73.25249411896279,43.00981226314469,1.1965655105524501e-09,2.2381259416134666e-10,18.2,gm1_infantile
2.2549996836691895,15.892488239604369,12.662345628072545,0.0,8.431131096255808e-10,0.019939204886629005,868.1028858241336,64.47000564324036,1.4114989819356965,8.204163288537183,56.84309206365155,71.90074385090088,3.2067669716254614,72.74058684679805,42.916146593093124,1.0088968771723694e-09,0.0,18.400000000000002,gm1_infantile
2.3512649386208286,15.342745626059017,12.009524469563074,0.0,9.912221663839621e-10,0.01936134311157867,867.1396634097053,63.76751232035017,1.4253841639727178,8.26480881352802,55.696854841548856,70.6462599989296,3.2074769256516467,73.62800824509756,41.48610581465029,1.0657406305229225e-09,2.7773656099729423e-10,18.6,gm1_infantile
2.463275901706682,15.82042650457412,11.633785555436138,0.0,6.654940123057413e-10,0.018547181914964843,887.8103386475559,61.791359093889625,1.4139330719566539,8.299942788245817,54.60941777183507,70.43777627062252,3.1756808023588836,73.87438286642421,41.57050959977745,1.1182751928378791e-09,3.088763444501838e-10,18.8,gm1_infantile
1.961233389544928,14.964185594219817,11.624282107081608,4.233545484651706e-10,9.605682568849826e-10,0.018063041409097137,878.8116951721049,63.79432854002749,1.4347168392016165,8.368394599956329,54.410808799983755,70.03261972760315,3.187633264063151,73.49227299803091,41.378164482418015,1.1140580757879178e-09,1.445671556059567e-10,19.0,gm1_infantile
3.009555734569805,17.437039328815086,10.736002518142223,4.726819765594673e-10,7.812697913043886e-10,0.018232633638829827,878.3436775800486,64.80150760862341,1.4767228004077297,8.435063402602271,55.20493972733119,67.82220782766092,3.2559586321202483,73.73387518256804,41.81304160381236,8.543608772660302e-10,0.0,19.200000000000003,gm1_infantile
2.3634003757871227,17.501602898332813,10.958444969509504,8.615659932669114e-10,4.42001702861899e-10,0.01853490534387352,876.9766418743225,64.12943469765491,1.4324598950290364,8.50761322351958,53.404093427029245,68.3778901651652,3.1905944264625514,73.65649409991272,41.57665533073342,1.1270566199576513e-09,0.0,19.400000000000002,gm1_infantile
2.44413446280424,16.979509224942458,11.680336857785266,9.88890302201127e-10,3.430607647407196e-10,0.01843826309950941,839.3131670668602,64.4887056409451,1.381026203498279,8.584619850638816,53.46190642530518,70.56444729079965,3.1434073237903064,73.42545962112976,42.42323749013232,1.4033104139274518e-09,0.0,19.6,gm1_infantile
2.5541362603144173,16.964160330133733,11.8739658333463,6.844090821594146e-10,3.087820094325887e-10,0.017900390247744563,840.8876800075942,64.95378838161753,1.3756162311916813,8.60872908179482,54.140990101362284,70.86668935823131,3.112784602925712,73.02676342227059,41.40565404007515,1.1746908959263916e-09,0.0,19.8,gm1_infantile
2.0129486601755677,16.39829999872745,12.257845755079687,4.3130442007149575e-10,3.4773950028872716e-10,0.01783738996861212,859.339881624644,63.705395531628874,1.3298218714988277,8.637527049531313,53.71858800432143,69.64460519389627,3.130002298760993,72.450792241332,42.57790770516685,8.288157638199149e-10,2.2392992368262946e-11,20.0,gm1_infantile
2.975241377397045,15.885297233204795,12.349181278434374,0.0,3.808822901627719e-10,0.018437195069740283,847.42522333201,63.84031069019938,1.3640453761573306,8.69331819445843,53.26580665259017,67.50924846765835,3.156970387497674,72.21995312276246,41.83064954932943,8.327752087631391e-10,0.0,20.200000000000003,gm1_infantile
2.2925453389780386,16.53924339035596,11.630573112458386,3.8089854350620206e-10,9.066479907207592e-11,0.018201607796020845,890.7828536180048,65.48735918433698,1.3692217453430398,8.731696031908704,52.85505548936245,67.53955083057576,3.1583240693876333,72.01407379758659,41.643716304649466,7.608463728980612e-10,0.0,20.400000000000002,gm1_infantile
2.4003760457626337,17.337014894259994,10.977024942824665,2.430009367468432e-10,0.0,0.01821981938130787,879.9469573438508,67.80652463401778,1.390116850624591,8.771443531467398,53.301006096189134,66.8050833960407,3.133727814876367,72.19450302587795,41.20097217486833,9.547228352590997e-10,0.0,20.6,gm1_infantile
2.4756283018113185,16.697276844164683,10.778661303259073,6.442398551551814e-10,1.2840375636227695e-10,0.018767559977541315,933.5513156097691,65.60606110650399,1.396772314914428,8.811600582237919,52.71383339382985,66.208392680073,3.089504632051072,71.06015282192931,40.954207101818234,6.930485741546138e-10,1.8115139846399185e-10,20.8,gm1_infantile
1.8318982875987662,19.4003477522123,10.629869846800139,5.921643318513478e-10,0.0,0.01933043447002386,960.3219577939394,65.80269061562284,1.3634898669963311,8.889681849977762,51.895090211081175,67.48725565782502,3.123398989131567,71.02623501158541,39.4712750310243,4.72228356689988e-10,3.221346070932193e-10,21.0,gm1_infantile
2.938174738099592,20.365758513008373,10.036078996718162,6.288431126477769e-10,2.349638564759987e-10,0.0187462971662454,958.3607711751075,65.9573098977427,1.3647215812608635,8.9321561972001,51.6405688339769,67.15550877731347,3.1171585754948956,70.36253705002112,39.0772869059437,4.381553172497753e-10,4.0099114759022346e-10,21.200000000000003,gm1_infantile
2.279398980434638,19.89178833993099,10.255275347455605,9.991554273286972e-11,3.289274784251874e-10,0.018727487044056242,957.6326035703025,67.34981080150052,1.3167802058459648,8.971644520238634,51.80340710894619,67.11387968191181,3.1242866310602944,69.80247029411025,39.26867494033429,6.442632392004998e-10,4.904258439759666e-10,21.400000000000002,gm1_infantile
2.4034576461170003,17.61953976130245,10.77362771931509,5.663440831419417e-10,4.5832478615117986e-10,0.0184165161876523,973.354352538253,68.57787308609338,1.374223975395234,9.03266803535222,51.61838078709836,67.75500315848265,3.1266537497784723,68.64173124340567,39.32846922632908,7.571742283655755e-10,4.854702850741584e-10,21.6,gm1_infantile
2.5227911301056585,17.327663343000903,11.5983093803011,2.1956288963278944e-10,3.155823429422631e-10,0.018401841981019844,994.794226048055,65.5189072382697,1.345694343814871,9.07344444111011,51.61390910638336,66.70934719816083,3.110512916141128,69.13481090464968,38.831908084667596,7.862263087852048e-10,3.963931622412494e-10,21.8,gm1_infantile
1.9562125636392775,17.762452644270134,11.301278072113314,9.22143989008375e-11,5.525778940876841e-10,0.018513511120690967,956.3627054415083,66.35272336226338,1.3262085189898425,9.18821793300208,52.30084111623666,66.93519289395613,3.117128766036555,68.81674341933395,39.02951979111191,6.817080531304935e-10,4.257487231659417e-10,22.0,gm1_infantile
3.0207782285492466,17.091750282848608,11.070099276308259,0.0,3.167783689246072e-10,0.017899496186240267,973.5255401537077,69.31444487118826,1.3794994464920745,9.233212110315346,52.78202669217146,68.18980140802896,3.0980889615165523,68.79345394338998,37.83400420647204,7.190883308257109e-10,1.917963088661764e-10,22.200000000000003,gm1_infantile
2.3756043950388306,15.814734324473743,11.409143270483902,3.6972178169588953e-10,1.3072118190341352e-10,0.017521379968416503,917.0462542779487,68.45398887679958,1.3727223875750305,9.283125416315588,53.0719261618549,67.74159051001355,3.0538270432422037,68.16396126870428,38.228304753284526,8.378263908307334e-10,1.384976753902667e-10,22.400000000000002,gm1_infantile
2.522919660036001,14.865971990947894,11.451541681782805,3.517074725418786e-10,1.0094980039869052e-11,0.01764099357563021,896.3881807771745,69.03883875685557,1.3969005853555914,9.293339110526436,53.89316827794163,64.99170366837217,3.0290934137532712,69.00026028247204,37.91095826195686,5.380106698477441e-10,0.0,22.6,gm1_infantile
2.6603194736857145,13.478828075541458,12.046112125536999,2.605528563983984e-10,0.0,0.01744041531861454,870.6485284976804,70.29770497105028,1.425410104506003,9.324168923646429,53.56571690062897,64.2135733128847,3.082668942071601,67.6527726544578,38.5820517922708,5.049798608016949e-10,0.0,22.8,gm1_infantile
1.9825163204263645,13.053039969865079,11.32908473614511,2.2576407679592844e-10,0.0,0.016756118468796866,860.2759051734337,66.6001981066767,1.404886616308443,9.366628505295905,52.90818456520061,65.93268137800662,3.085230627147177,67.77760710209303,37.517120887480665,3.4374365685242356e-10,2.4427077560934757e-11,23.0,gm1_infantile
2.9573527832263737,13.719616706763423,10.698194635579412,6.141910387014308e-11,0.0,0.01678880034266039,844.0988816578916,65.7808040730224,1.4003806407102624,9.410537918033407,53.22124855984769,66.11171974925402,3.0817846723269775,67.28992696736996,37.76819762764465,2.6698339113558896e-10,0.0,23.200000000000003,gm1_infantile
2.3208332269806395,15.215962493127737,10.073764208159444,3.1669367860988144e-10,0.0,0.016837503314363466,879.0491149531922,66.32229307441135,1.407679018777204,9.454784695533274,53.20974715062378,65.85590447883692,3.0496991013971417,66.93628677552728,37.71583908659189,8.468372616079836e-11,0.0,23.400000000000002,gm1_infantile
2.3786758381203006,15.548428993830239,10.375331236479905,3.597760376567631e-10,2.179078593058364e-10,0.01684726445379334,886.7855099683669,66.53446713292168,1.409222128450602,9.506605315205142,54.78024401611641,65.42581278899287,3.023011048105196,67.23125617799276,37.69066417683725,0.0,2.577006639540231e-10,23.6,gm1_infantile
2.4871282172427986,14.661067547769855,10.993115305289239,6.385263429909891e-10,0.0,0.017374638113856908,901.0218753309638,66.18242799290822,1.4651027991840444,9.57457772781195,54.71955693526031,64.8178719693402,3.047299542715961,67.56393320504051,37.54535307526225,0.0,2.624910912929781e-10,23.8,gm1_infantile
1.8870391449709802,13.714184765585474,10.30442520339473,1.1418724585375123e-09,0.0,0.017421339626632917,887.9221228421751,68.21380091140993,1.4541883262970723,9.65625035929573,54.38913951169942,64.88746895841805,3.078016986873714,67.04355672923886,37.89854390488615,0.0,3.0563017680120746e-10,24.0,gm1_infantile
2.9690443631396826,14.17954391231685,11.235125423714928,2.0354103527411233e-09,0.0,0.017096913375263756,902.2152049212908,68.77903772551825,1.4620240047029676,9.696933314890048,54.913154961928285,63.80048338593975,3.1265052334322907,69.56528775310923,37.93174212338046,1.1525756735338949e-10,1.7679974557206087e-10,24.200000000000003,gm1_infantile
2.2050373190461197,13.907725573848287,10.69143974274879,5.46196788188686e-09,4.58719409676163e-10,0.017163586078554133,909.8353002763014,67.85081613167836,1.4616138289041019,9.785643034036216,54.84874136511873,64.22949719397755,3.1182589819075024,69.13390327995386,37.0687752773717,0.0,9.585864933612808e-11,24.400000000000002,gm1_infantile
2.3630041415349856,13.011663509513133,10.677319567002261,1.7714593157322486e-08,1.3153936348281314e-10,0.016867864613484947,918.1978041171074,68.21007990010537,1.4302683619118832,9.858404720953414,55.565932058686705,64.87468275622807,3.114289263305806,68.58947519837565,36.60689293938173,9.346830640952862e-11,1.1871587172630767e-10,24.6,gm1_infantile
2.5137171797764504,13.196060527503732,11.056723650317592,5.452082363239486e-08,5.094434644390721e-10,0.01711591924922192,896.9362656627039,64.62860494510272,1.4872642198090242,9.934966331842759,54.25922643201482,64.22682191953318,3.1467487579032314,68.2223434103381,36.207936341071594,4.523734955118555e-10,0.0,24.8,gm1_infantile
1.866656258191709,13.464496504465309,11.225425242637185,1.614839401532028e-07,1.3611734641695289e-09,0.01715982606956667,907.1863322717021,63.86459434290932,1.493992637872575,10.004117666326698,54.378115814439184,64.8680393154952,3.1701143440208854,68.1576812907148,35.67033242989849,5.091777490012533e-10,0.0,25.0,gm1_infantile
2.922306405823005,15.130974668365823,10.940722075075774,4.576300200160915e-07,3.5350523330869954e-09,0.01717289027471713,964.2495804898499,62.911507647517865,1.510107353989089,10.055088492537653,54.08385604687203,65.05552587959443,3.2060116500014804,68.34373556844449,36.13350374112711,6.613753866987709e-10,0.0,25.200000000000003,gm1_infantile
2.4693085409932056,15.592611199049315,10.618335803964653,1.2283033139067196e-06,8.800895202684504e-09,0.01744595470057607,953.1038425463588,62.829163941539086,1.5170626121197137,10.151816511148208,53.435736099262876,64.0935391802758,3.2151534772088204,68.7810683903239,36.148634392909074,1.0337298961029876e-09,3.6328335218645983e-10,25.400000000000002,gm1_infantile
2.5202658027924025,15.192071284884573,10.224599687809874,3.2871753951204475e-06,2.3645267712191698e-08,0.017618455840127355,983.7973491573593,67.45354163440557,1.4685066613927578,10.213119468121427,52.961264313384056,63.338497890332086,3.16842787553829,68.38866393010424,35.41692881308206,2.594278241912873e-09,9.532866622995943e-10,25.6,gm1_infantile
2.62696010546626,15.663635034575272,10.551694356418897,8.157626374975474e-06,6.413897552303655e-08,0.0176749980921583,934.0516941251927,65.31936668648511,1.423488585869708,10.297605941330128,52.84217476820307,62.91597933736084,3.2547667376316882,68.77516218959333,35.62010703385498,6.4188042076730265e-09,2.3447423226349163e-09,25.8,gm1_infantile
1.9993180411907976,15.869166387186272,9.760911420388052,1.970909729272225e-05,1.6177807987738653e-07,0.017589554165886468,912.1958429177364,64.05776846472082,1.4258370628224846,10.37374645079253,53.240558118739784,63.81029137626727,3.2411157445599765,68.24203505423753,35.68556584910115,1.658582163109158e-08,6.255407355076533e-09,26.0,gm1_infantile
3.050663110752966,16.64768547500725,10.419317354312426,4.732277346995473e-05,3.9449577769087054e-07,0.017576476172554943,910.8347570951964,63.58227495215671,1.4118776824959938,10.409025327496108,53.27304604803245,63.12900116319679,3.244118343049446,67.41140500332025,35.01840715441474,4.093365411347732e-08,1.5999456164213357e-08,26.200000000000003,gm1_infantile
2.424566247259641,18.82863858330417,10.625871607810218,0.00010546917549506461,9.513013499607603e-07,0.01715909838262999,948.7044633971165,61.72230741582943,1.3858085895089565,10.477495734999312,53.174734805548184,62.34404681722738,3.2301146693022242,68.42937178263153,34.499954820487,9.795110440988112e-08,3.9669555765131675e-08,26.400000000000002,gm1_infantile
2.5538406061523835,18.127762926064477,10.023104968764068,0.0002226894191115387,2.2117241819466464e-06,0.01750371022246617,920.95768760281,61.29822505656946,1.4162466217532594,10.498755667383488,53.883882165072876,61.33961446237227,3.24386718953608,68.54220647854088,34.86588522251401,2.2931301405390722e-07,8.972248772629753e-08,26.6,gm1_infantile
2.5807923854068906,18.225700878589407,10.060436949069604,0.0004679292857227956,4.913974195001049e-06,0.01767815839218506,914.0190073495362,58.057976549645964,1.4091391336698562,10.579946559100051,53.064948561412066,61.84059094917441,3.282887626333181,68.5486062564607,33.32096882823568,4.984113230549732e-07,2.039219286791698e-07,26.8,gm1_infantile
1.930732219918798,16.353766011966872,10.75708888304589,0.0009343766504133845,1.0631122057748901e-05,0.017749027059702844,923.6918458790415,58.38151828565793,1.4381135512946293,10.703969944565475,53.72771505864549,60.52133424450943,3.301625281550391,69.49710432986093,33.72808422631099,1.0737288902210641e-06,4.41557316555383e-07,27.0,gm1_infantile
3.003375753434888,18.662968739658826,10.4613558374735,0.0017827839794327723,2.1725810110236075e-05,0.01757778889542828,900.227262694305,53.96388543831266,1.4312585289477904,10.784811767842484,53.33761447165915,62.09452734625676,3.301108616835887,70.59567151653118,33.71002624442834,2.255113012430913e-06,9.093697685739298e-07,27.200000000000003,gm1_infantile
2.442199035074775,18.7577254671322,10.819648086476017,0.0033490309691542987,4.288678379214644e-05,0.017690907260930186,954.2065758146351,53.37139078719187,1.4503073259511994,10.882475695133902,54.125669306224424,62.08167351809709,3.1961342212655746,70.96907905985108,32.58470925209975,4.551619016780017e-06,1.802364359504179e-06,27.400000000000002,gm1_infantile
2.5956019431207107,17.793768344523304,10.20929196593057,0.006021191842771923,8.285881528446574e-05,0.01752393998192217,954.6358717081689,57.284539060561656,1.4866577761639561,10.986165090383812,54.70460819665332,63.30358312090649,3.1875281021603943,68.91188215615786,32.370458234922204,8.815109146523616e-06,3.4379613768211074e-06,27.6,gm1_infantile
2.646726652354576,17.128350468684925,11.028674083479089,0.010527391638557535,0.00015597046761850556,0.017713056521237714,951.9430762172776,57.352266138159145,1.4565994880294777,11.010861870921426,54.775127690925224,63.5537223373859,3.239250201145755,70.26264205310407,32.92844697879961,1.615754682392988e-05,6.430113540387765e-06,27.8,gm1_infantile
2.040752907735877,19.63117617462715,11.852036576030912,0.017814023122209064,0.0002802684937304508,0.01743773980566273,970.5713225745445,55.44342624367633,1.4576241908312053,11.08571425408633,55.91821396601227,63.22575603630583,3.134248260958872,70.61599411132008,32.487765104438886,2.9393139646782386e-05,1.1713574093689992e-05,28.0,gm1_infantile
3.0340439672085777,20.29650754174913,11.171141644122361,0.027882448433255016,0.0004971007213147282,0.017265709561004424,927.7941318417717,56.225248030391334,1.50457567414744,11.166002937505034,54.42178988849783,63.80200760389848,3.0651402160122907,70.78073966799332,31.971720816847007,5.107182558567424e-05,2.0585155377718264e-05,28.200000000000003,gm1_infantile
2.3597582407286546,19.600988886017493,11.609933505363296,0.0425998070935692,0.0008404131513975384,0.017399108063985425,908.9116774556227,54.70614827637665,1.4567485393888562,11.246204951368828,54.12492030008065,61.77686908356985,3.043525525944518,69.80745419432924,32.52536409301632,8.449489030739272e-05,3.4089425877855264e-05,28.400000000000002,gm1_infantile
2.537061227957878,20.96048923894613,11.340088718657174,0.06286707912752239,0.0013592376481312111,0.01677993613111381,863.0166894788728,54.08242305371599,1.5137787734270955,11.304319559034912,54.16089546863113,62.70190322118091,3.131238800574557,69.15429284647519,32.38638924049546,0.0001422942469108051,5.4704888820143994e-05,28.6,gm1_infantile
2.671431172615905,19.717950331820827,11.543685052781505,0.09084600940385541,0.002077956661226342,0.016644374843193404,867.9156002744922,55.341468753976535,1.511357387168614,11.366092415108344,54.5400082432579,61.865743833044505,3.1624068351230057,69.81385966646982,33.406427413068265,0.00022164836719850748,8.643918365594331e-05,28.8,gm1_infantile
2.077271166606053,20.54370995119033,11.386128429047291,0.1263257328144697,0.0031821306883215,0.016648668126323932,856.869552921803,55.256020452050684,1.5476780006731914,11.411710713783746,53.169471451621526,60.27334435199443,3.1091748128699113,68.48580443342527,33.20200757608569,0.0003326366748815321,0.00013192754120779865,29.0,gm1_infantile
3.038595838635545,19.855278164443515,12.219545389526754,0.174887377349205,0.004680468562543008,0.016901836691832463,845.4552474466714,55.52678240178504,1.5692083890783195,11.447410617636981,53.16203798495835,58.634780883567124,3.1180940048384365,69.08919118666613,32.9431346689906,0.0005099386873973662,0.00019493407578292688,29.200000000000003,gm1_infantile
2.390436469435158,19.82956890589386,12.262578946394855,0.22815317172701652,0.006759848414663772,0.017741172992675518,875.8002251669783,55.30058542135069,1.5980755731057272,11.486057253123567,53.67772511880805,58.02440989378687,3.1640721307878703,71.0668805150492,32.75593898011719,0.0007128736943896336,0.0002837719285265316,29.400000000000002,gm1_infantile
2.5678265587696614,20.30803483819706,12.495612436312577,0.29801611981921194,0.00952264156924237,0.018977512549988883,896.111984713792,57.38292677564268,1.6127374708145101,11.572052772306835,53.4214575914988,57.54559356865437,3.237083355880164,71.15695094864203,32.97902479642689,0.0010138536661210733,0.00040007186900569466,29.6,gm1_infantile
2.636470995212048,21.835876955385768,12.909773267992945,0.3472364285484255,0.012975940805759489,0.02078929085394463,889.373391348776,54.43138210835551,1.6854372114653224,11.656535165313992,53.33680749678268,57.2482645263769,3.2837012337450786,70.52163706594807,33.35752303343466,0.0014192475405827255,0.0005600673154926983,29.8,gm1_infantile
2.0129736045442894,21.50001925402782,13.651440340077174,0.4070040391889387,0.016567207386347246,0.0226548879964682,902.9635493407968,54.918680902360876,1.7025475878381666,11.713790520333278,53.86915022705571,57.202735390405735,3.2612770557818656,70.11180731471974,34.139079280025975,0.001829984648164366,0.0007531033234104211,30.0,gm1_infantile
2.951229894112689,21.12964130921526,14.410879564529361,0.4351871294608519,0.03438884665468713,0.02459331899481684,851.8942912249182,55.94134408624212,1.7603289534091995,11.821244269450116,54.09287885942385,57.22765905981524,3.3189891469376938,71.59705638642956,34.52400541296212,0.002341403945245053,0.000977413205216227,30.200000000000003,gm1_infantile
2.338397130797062,19.13712895470092,14.776920482601467,0.5403810228407606,0.039772115754503665,0.029613643757283963,854.5600865897582,55.58735242920605,1.7733713057416638,11.857956547957512,53.36071840662334,58.197676627184606,3.379368785074873,70.53657254002314,34.83552960423313,0.0029898225205250437,0.0012474958908621997,30.400000000000002,gm1_infantile
2.4857246653459826,20.086135245163504,14.83289197592703,0.6297661296456732,0.04609190492524856,0.03498834866864426,834.1243111386094,58.65182824491554,1.7899990791999492,11.935692744100576,52.18757854165737,57.54594071327258,3.434243687508875,70.69930219834463,33.81154432049265,0.0038584468001669997,0.0015537248103307305,30.6,gm1_infantile
2.653145677861263,19.89166951370738,14.991552725878023,0.709298242008253,0.05216853841354133,0.04021111574976521,828.233849488134,59.678631167397945,1.7337699623579947,11.946017767584127,52.73806280486898,57.07099904302468,3.414110017317538,68.8535174397638,33.368118929152665,0.004785572162413698,0.001960203668600613,30.8,gm1_infantile
1.9716900731451155,21.680529579751916,14.552284421262826,0.7340856726850579,0.06180976120375784,0.046966788170670536,814.556451409371,59.12208434511821,1.783351810860967,12.038716764832854,52.13160431858703,57.028410453433175,3.41619790760949,67.85282288549011,33.2081946884284,0.005830134392375962,0.002431861458371857,31.0,gm1_infantile
3.0479770625296605,21.04344350339551,14.48292219261864,0.7835525781250343,0.06897196105185674,0.05528135377804591,811.1590925878728,57.29286264370854,1.7404984127099234,12.128564748337121,51.99309672187614,58.28728204118355,3.3906066039016642,68.03063207380882,34.1569870602579,0.006802363807994589,0.002778457559724109,31.200000000000003,gm1_infantile
2.4717026171488223,20.11302198620103,14.525589029733068,0.7884447901565614,0.07780339184872817,0.06306031380914708,805.7670890091879,57.68534598610961,1.6967270670408099,12.159656949118576,51.72268906454685,57.16751402383904,3.3693737031811573,68.05179916018821,33.8361629910572,0.007953784115222134,0.0032594127650972223,31.400000000000002,gm1_infantile
2.5268391633902936,20.768109069802623,15.52077780649845,0.7876054784826668,0.08699487434455898,0.07260622921417796,812.2217036534776,59.84092292308098,1.711152293877645,12.16043091547042,52.01114513729986,58.110572331869804,3.357351906570428,68.88105730339579,33.387429653036726,0.008923416763301871,0.003767595038473664,31.6,gm1_infantile
2.5074049132012046,20.390915567698695,16.45698059548148,0.7400464846245643,0.09274283876257754,0.0822376028463808,809.3202211023806,58.896897133250604,1.7605504408019703,12.236625752939673,52.32917059887119,58.21152643502478,3.3730633352756922,67.99898898441553,33.63854658594951,0.009965774726250841,0.004349967199476485,31.8,gm1_infantile
1.9737088367474314,20.522368712247452,16.307018146067378,0.7498240795312728,0.09460011073955192,0.09434724586263071,805.3256855504486,58.451271733184385,1.7826255798157913,12.284313825875275,51.50476268847357,58.088250474608664,3.3738771181869307,68.01975364426352,33.5756076828997,0.011424137719922463,0.004742465911234138,32.0,gm1_infantile
3.003328348604416,21.778011956529483,15.078099611977335,0.7485580385160624,0.10104487188335354,0.10559147692165131,784.4624992419895,57.808043360218036,1.8509760296707327,12.29860873744947,50.67623849277913,57.06982823111904,3.450599763813382,67.51671377682804,33.42822727240596,0.01255959238303975,0.005147243742991004,32.2,gm1_infantile
2.3330817055853563,24.79198077139115,16.101261756664737,0.7162955633660395,0.11008856710570904,0.11668522288877423,746.4479147288869,59.02749998151194,1.8910387895079084,12.372351003205326,50.334521460341804,56.932171694985,3.4825263857669375,67.79681398610103,33.11694048777081,0.013370953325463843,0.005673260432532295,32.4,gm1_infantile
2.514468720622232,22.969819552150046,16.66365138361024,0.7131910613403754,0.11905488287522115,0.13228279575714133,731.2203406932543,56.105217258924846,1.8566819108167973,12.434390719616749,49.94796424246233,56.3947509423929,3.3952023347682396,69.33997109149372,33.351940600181145,0.014855564253659624,0.0063084091076498275,32.6,gm1_infantile
2.627936314276976,22.488414030753802,16.576760283959604,0.6890307258311906,0.1332244336540629,0.1484521137191378,720.7357251452295,56.40426287013309,1.8022888107020087,12.510594164629515,49.486644460960015,56.76673115419168,3.4412177257465055,69.62525784693565,33.25938632636081,0.016137988378052626,0.006823286981658651,32.800000000000004,gm1_infantile
1.9642271373657854,21.80880044586345,17.73576480083836,0.6724443310592895,0.13741756734371996,0.16366606595835922,740.8857603485778,57.00335017692311,1.811797776488475,12.535486338927045,49.850382515136346,56.27027064144812,3.4259252210488946,70.46541121707315,33.517330676792255,0.017089030533960176,0.007227023238973484,33.0,gm1_infantile
2.9931352830582023,23.669039916257212,16.255082678465005,0.6649400015891723,0.13954116326299815,0.1788746377558547,732.151990030704,55.89880394066291,1.7780141315655906,12.571830957743439,49.473793920562116,55.16891440481417,3.4585776464769955,71.10323838335023,33.76309787757949,0.017805393327096894,0.007806621524599048,33.2,gm1_infantile
2.386672095931014,22.286977376962273,16.32590192849763,0.6477108032193618,0.15158699874684897,0.20240890919450863,698.6595962041462,59.295504936231815,1.7295833335661095,12.633756813483613,50.10381821650183,55.0,3.4778181899326968,70.92296566970238,33.878596367913005,0.01918935497050314,0.008548254949702976,33.4,gm1_infantile
2.5022410558505226,21.899966193181957,17.17455427373888,0.6469967896913678,0.15994081872269275,0.21871073014084527,677.8521227094442,57.852471585202544,1.69124910145594,12.683517146554749,50.74325837305472,55.0,3.541166358596437,72.1681405445374,33.852430607017595,0.02015380700992555,0.009394417546888306,33.6,gm1_infantile
2.5826000101356823,21.90029297271336,16.908882814300974,0.6123244341052793,0.16051459412252034,0.2408757235309038,662.2842327847135,62.242813850818514,1.6348091295560958,12.671197840707434,51.06820542588941,56.1428880145847,3.5396433515590644,72.6542315969208,32.888633729786,0.02119306963074793,0.00972287300888667,33.800000000000004,gm1_infantile
1.856334830245423,21.90534213163284,15.299370976686879,0.5703600333478653,0.16398298294944855,0.25698496837590185,667.8970582357557,62.11173206292641,1.6512707595469944,12.712598823227307,51.83094814698245,56.14397866936851,3.5493032033788223,73.08695194826994,32.818301443125115,0.02230566217976682,0.010186040595320498,34.0,gm1_infantile
2.8727581811584795,22.120568056247667,15.286627919206866,0.5442199470908132,0.1664989162811207,0.2715150151341247,684.164521350177,61.581083881559806,1.6035525751209165,12.75682339117608,51.414697017246134,55.09701347812278,3.593285596496251,72.49324354118362,32.50614089653949,0.023586489511420804,0.01096959801725574,34.2,gm1_infantile
2.250918809105082,20.65719208996937,15.719973318618257,0.5226694789746511,0.17831172714012614,0.2917986376604662,642.7934653360008,61.49793504491265,1.6601014303473658,12.826232801540117,52.66691678064839,55.0,3.6321558209640057,71.7273997472601,32.472752003526296,0.02415955469682794,0.011322977888747596,34.4,gm1_infantile
2.361295653036701,21.513558933823344,16.301426053284043,0.516161655127939,0.17730722332273582,0.3118449695520847,628.5460710783733,62.24290716086546,1.685983883105305,12.87278027906632,52.10457391953808,55.0,3.5412910216768725,73.05451656115818,32.1672295252498,0.02501110579983549,0.012264740320395833,34.6,gm1_infantile
2.5466740003140274,21.374513187327217,16.099913285010263,0.5021671055471859,0.1824510760296642,0.3423611301580444,634.2018037789136,62.718508545438205,1.710646189133109,12.852571319993128,52.60582921388764,55.0,3.418372823937571,70.94230072603979,31.600925674980495,0.026549082618546837,0.012808042412463421,34.800000000000004,gm1_infantile
1.946678275445375,23.603978686605526,15.225977396833754,0.49043250792297904,0.1877451978214358,0.3598520194047558,633.1073401360298,59.28276326050445,1.7453048651882366,12.84759354841802,54.027932967941744,55.0,3.460957077466463,70.8486857094837,31.46028798909059,0.027441929549758243,0.013354891819970138,35.0,gm1_infantile
2.9889137706953757,22.308533851939014,15.23555961586603,0.46886920755382133,0.20152612444931733,0.3818197721571255,658.3005451019827,58.19724947780593,1.7348948933630497,12.824136268526168,53.66786522194071,55.16850336655002,3.53009787642513,71.01972467809007,31.922725858436607,0.029078907333906105,0.014364337790283097,35.2,gm1_infantile
2.333937166735704,25.28539979997338,14.971524621921949,0.4457034724439942,0.19967911318955392,0.4222031630174074,671.2320540317589,56.88658118565507,1.7650990928693777,12.863336702768812,55.066705896995295,55.0,3.511675459888841,70.53734433889358,30.95966911441961,0.031040049304509043,0.014802301964312335,35.4,gm1_infantile
2.4970677905911183,28.39104348282603,14.879611885846503,0.42907819350432674,0.20353703084786628,0.45345344748159033,659.297795911687,55.10259543200745,1.7886268818782594,12.896343314499573,53.535563796799835,55.0,3.57705026356364,70.88034465753178,30.519680649671976,0.032144324016418376,0.015316669736874474,35.6,gm1_infantile
2.6234997479784563,26.03002136926863,14.550653525950638,0.4237045983565764,0.2062154759704624,0.48217202174295226,636.0754524287624,54.7880541426135,1.812762939026166,12.930159938502028,53.600614280022526,55.0,3.5305184130360705,70.7773147144509,30.91663851841433,0.033272879948164455,0.015522343175788414,35.800000000000004,gm1_infantile
1.965808282550558,26.04653679221547,14.483278881745766,0.42166440898588575,0.2116952768923294,0.5141516642250867,659.0146856960292,55.39187934488107,1.7531548353712496,12.919236283190669,53.510926096227024,55.0,3.470402072974081,70.33239301539045,30.59563290472177,0.03399085753607739,0.015921868827154288,36.0,gm1_infantile
3.042039840936415,25.92604643572698,16.348924845931737,0.4148323823519553,0.21330985861230647,0.5389525907461571,661.6306571341801,55.107495602610825,1.8162161492895723,12.914481965794481,54.09635054644925,55.16958118835138,3.391560840923387,71.0383390845212,30.996880063402877,0.03457591374805659,0.016434466368152118,36.2,gm1_infantile
2.263144868380348,24.0623620058382,17.248553180153646,0.3987111616137225,0.21098995487348055,0.5660096820426221,650.4283328294906,53.44527620642514,1.825173502263063,12.9012692901432,53.405992465694894,55.300088130068396,3.4298121144532767,72.20182338863214,30.596377421766373,0.0365347626095313,0.016663109171854252,36.4,gm1_infantile
2.498667038983051,22.375683022922885,18.34654625389021,0.3805649576670442,0.2234736371975511,0.596467928231481,630.9219495899747,51.719934615702115,1.8347061657784038,12.949741473631248,53.3209170987989,55.35164945243967,3.458330846367917,72.30234896552427,29.94649787465208,0.03706854252569496,0.01725359960221754,36.6,gm1_infantile
2.6521305383429814,24.239205462314033,18.965558528476155,0.37601259664301795,0.22974082758448164,0.6151726652730468,626.3090148774577,49.59356194448643,1.759602068178259,12.973589823870244,53.419711315824166,55.88633706654948,3.4768408212260713,72.51733965969622,30.050130858246767,0.03825028486093904,0.017926421187508212,36.800000000000004,gm1_infantile
1.9735651556947529,24.536505773153053,19.534769480894195,0.358733443003269,0.23240252686023444,0.6347726726111541,615.4756510760694,47.13690624277617,1.7856682730755113,13.017655007082672,53.77179253527967,57.40621859600087,3.460874151776807,75.50809706009737,29.83728282872332,0.0397008806595452,0.018287105900698243,37.0,gm1_infantile
3.011948903689307,25.326734398808455,19.41880146272209,0.3742723564322177,0.2358634264448066,0.6644920444113028,598.59024769044,46.7073697340348,1.7545637490208785,13.010959657236711,53.17861616898195,59.52060903471582,3.441489486063298,74.01664485700739,29.438711426374,0.04087189476469604,0.019026896715981928,37.2,gm1_infantile
2.392978424823093,26.11416328879378,18.872716060038414,0.37052827366588637,0.23360849392532934,0.6840636514755667,581.9668441488919,44.25002071537284,1.7699240479004157,13.038567463332646,53.846498486725466,59.56973750600737,3.4703118935306922,72.27255837824077,29.662840555777322,0.04227779063094734,0.019822029257381888,37.4,gm1_infantile
2.523425924702184,24.46515098033361,17.692388655638474,0.35296732867349295,0.2388802981836327,0.7190902953810189,558.943331435109,42.136061551179885,1.7132384491140784,13.032418103598062,52.835275133681385,58.46438326161747,3.4247375073903084,72.35480283489532,29.077088707012773,0.04339409528093749,0.020816648383794656,37.6,gm1_infantile
2.52972238776975,23.96980859177472,18.560483361837544,0.3398785188637033,0.2379340314516716,0.7611769175306137,552.3191476227089,42.44417961847283,1.701555865567639,13.025564216905245,53.144306276439636,58.74360401384379,3.464522216058895,71.83107932067841,28.97595088954837,0.044556047606719835,0.02166528384326406,37.800000000000004,gm1_infantile
1.8659528912484105,25.107864691856875,18.95149621396202,0.31669116653850216,0.24643652556000736,0.8188417539268171,565.2568094433103,43.08027664586752,1.676148444065945,12.980371078887291,51.81234358101663,58.97423245877386,3.4291969365636708,70.9705795846167,28.834770504351244,0.04637233973595401,0.02148223115748286,38.0,gm1_infantile
2.8950563001514533,26.847742245928263,18.077154818857032,0.3196663465363129,0.245492994142997,0.8542014138133002,579.9002999050211,42.83818593726473,1.6815223128351489,12.950049359581213,52.564358897721476,58.333095439254365,3.43314941547722,71.24092603746581,28.906823663119976,0.04792115566350811,0.021592742696742988,38.2,gm1_infantile
2.1805069425042736,27.90792585233718,18.311968284281967,0.32598609701809966,0.2469916550642486,0.8600347141390813,592.7860426946232,41.2711143712776,1.6653470054037907,12.93498995638891,53.705763919191355,57.682148211332425,3.409428561671737,71.36750699809537,28.369811394094196,0.049468941725452915,0.022896806409162567,38.400000000000006,gm1_infantile
2.3177971604940955,28.100430837688762,16.300902947416084,0.31830256140344354,0.2470514065009996,0.8746994729590845,607.8496807966745,39.798657750389374,1.6306242817742511,12.930305580666918,52.306727072173366,56.84411126768378,3.445575922972831,69.39707110796122,27.965280917112132,0.05022838344074387,0.024321910046290827,38.6,gm1_infantile
2.486057600673235,26.882919585158028,17.44871403814426,0.30292661921962155,0.2544006247735316,0.8807788493571667,623.1612786416488,38.279199485901096,1.5670631137178481,12.933192977926566,52.47178604343684,56.50021869260308,3.4628869258845074,68.88628720795744,28.086296420891408,0.051915850228483794,0.02479799876715919,38.800000000000004,gm1_infantile
1.865689162988246,26.78985477600729,17.987656701521693,0.3193863975171151,0.2613191708729977,0.9241754666870954,674.4438811998818,37.753840813553616,1.5590791735916907,12.96566805413961,51.73568918413535,56.1960883641376,3.430923024574927,69.51749587473115,27.907519798625977,0.053269160189126016,0.025921032066736637,39.0,gm1_infantile
2.9498473860236905,26.123858994987938,17.542104593457438,0.3255530887262957,0.26748140867623377,0.9264292988107881,666.0869320271157,36.825208440399884,1.5645110384625545,13.0144197793584,51.905526691462065,56.666399708845226,3.4253334294455553,68.9130695741146,27.69733371146506,0.05452437365712129,0.026430326718652444,39.2,gm1_infantile
2.186448366595118,25.379486518317805,17.669421098951897,0.3150903053227825,0.2676107044795038,0.9636594873230219,644.3877782951253,34.17887820351996,1.529848451948421,13.057352853510753,53.06572457492066,57.29132120817351,3.3500031542184194,68.72482452778401,27.68119464528415,0.05599959479970261,0.027292019911520703,39.400000000000006,gm1_infantile
2.30171852546368,25.143826730218663,18.066037725132404,0.3175697228876382,0.2643417487110419,0.9866356448179425,596.6292137700715,32.57423589935856,1.4879387487725562,13.043885212824087,53.15072455523964,57.278081557468916,3.2417659110912727,68.9596419961589,27.22699541538044,0.0578525054806007,0.02705590843145001,39.6,gm1_infantile
2.4352096142946547,24.47272374059583,18.355989598292464,0.3119719768387572,0.26439122814953675,0.988309618282225,570.8305841695948,31.05069236364704,1.4604014240219048,13.032788636389448,53.56504143971737,57.10075525828171,3.1923845423587984,68.75000693006274,27.199940968637897,0.05949937442321793,0.028747575734275492,39.800000000000004,gm1_infantile
1.8153210588950666,24.13436680918232,18.7274395987195,0.3048235522444621,0.2629489372738133,0.9896946272368148,560.5069955923108,29.196244179462916,1.3766864897561606,13.012248996300523,52.782753080161,57.590423569798304,3.2108445325034056,67.97517849050385,26.99559259114066,0.05829130454506198,0.028957684447170413,40.0,gm1_infantile
2.8914913732642646,24.870054330259872,18.138446742900058,0.30977956919852606,0.25564120984809807,0.996076814210007,568.7534341993376,29.618390480612117,1.3643148418129198,13.01353583351747,51.21923300618653,56.089870078105655,3.208916586828006,67.70951651583238,26.489342786085096,0.05958058022473736,0.029552537578989888,40.2,gm1_infantile
2.3255705582441735,24.890536205543153,19.19685028466677,0.3030314257771452,0.2565318448399038,1.0425857065739481,551.4573615953008,31.00487165441118,1.3483387814012628,13.027058184896378,51.555851829366745,57.56409965505658,3.2356924878370954,66.32761875025433,26.886178689791073,0.060305318338825346,0.030133639991713607,40.400000000000006,gm1_infantile
2.3862204018007405,25.32790144406662,18.648054947727978,0.2974341304229458,0.2563902362044572,1.1063129763322765,578.9720656760022,30.01465860021812,1.322298666433493,13.018588130591112,52.29968259499622,57.354988835892584,3.209559366267013,67.28072920883181,26.584457035553616,0.06142469627463754,0.029594490933686622,40.6,gm1_infantile
2.5357346862094654,27.824486603364182,19.2890126701398,0.3068354682133804,0.2530211675799484,1.1378530367490816,561.7234859311027,28.772715290265864,1.317234161580669,13.024322506583735,51.28795661460315,56.39601860888673,3.142630151804551,67.79901987549769,27.22373374771955,0.06448389325241571,0.028871966441624434,40.800000000000004,gm1_infantile
2.0097029366950143,28.930400539433233,18.071878752772925,0.29676081609121974,0.2608339810614015,1.175433520340042,539.5473377781937,28.199656334934872,1.2271589997601906,13.020176233790709,52.05119444979201,56.45993593902265,3.1139354885015362,68.69078551675577,27.472445284426108,0.06754670337319897,0.02994781576939254,41.0,gm1_infantile
3.0720880555439294,29.61636166630004,18.42185427592519,0.2911782713363683,0.26084137513263544,1.1771793807722084,523.1041030535363,26.92611735976774,1.2059550619257775,13.06435298735328,51.99312457014368,57.27958770281786,3.151648839578934,68.56051381655416,27.58330165490841,0.06833282314520202,0.03135784642217005,41.2,gm1_infantile
2.4450613774778187,27.5058887791819,18.695122247692513,0.3024465332101114,0.26112378230130223,1.2135814422829874,528.0747513884958,25.17154204526163,1.19209246323783,13.02581660077685,51.52989327065549,58.16674394699173,3.1588287805829505,68.36820729998124,27.64233197352723,0.06938492380360496,0.03187338369791656,41.400000000000006,gm1_infantile
2.5787491266108447,26.11574833213865,18.809469316535967,0.29243439115848735,0.2534572734169537,1.2205248148222037,547.9378389353184,24.450824330058424,1.1293471501122385,12.983119667148427,51.42565028174106,59.45117575236823,3.1427967480692325,69.66895137213974,27.66813922045902,0.0712735786896286,0.03144717984930815,41.6,gm1_infantile
2.698765360243845,25.38585206218761,19.59318589935832,0.2776107950555223,0.2558624753456772,1.254131145196633,542.7835146396103,23.75830381570036,1.0952064701335722,12.966256971682231,52.51894843768315,60.341621626669685,3.1028224036216767,70.2834531468117,27.297243137473906,0.07051763825103874,0.03267825027525114,41.800000000000004,gm1_infantile
1.9508325053468143,26.465766355502886,19.374865114254863,0.2694153105041294,0.2594730490730976,1.2931985149675003,527.94106524518,23.258407328280402,1.0704221767944064,12.931789445916984,52.36858612195963,61.51809303927134,3.1654616142627803,71.04624903446484,26.774466501695418,0.072397736632219,0.03379648420023121,42.0,gm1_infantile
3.010092195660743,27.201665550666704,19.726736069226458,0.2628012654958835,0.2571234525758984,1.2761601847327302,529.8095555454876,22.40162223684918,1.0561904430275213,12.895020267869652,52.7935471401893,63.28595479637886,3.1603287179449957,71.07469411745599,26.801119286438617,0.07686231737828943,0.033522342922157056,42.2,gm1_infantile
2.367679373162248,25.85019457187961,19.291378646684908,0.25657022433010335,0.26609933193319385,1.3439029131828577,533.2766716812075,21.253713701403438,1.08929345794844,12.884520237334876,52.3586359957616,61.84032557121918,3.2117052322510564,72.08859325868733,27.601866801162895,0.07557887663756381,0.035117505381419944,42.400000000000006,gm1_infantile
2.4875001399726093,26.6949594760538,17.94453216020121,0.26477261544208386,0.2718160315146961,1.3694998624247259,539.5202332788671,19.897106492020665,1.0469254646934631,12.873063694285433,51.04318840384485,62.60902167932138,3.2545308203870356,71.50012825869842,27.640473167860073,0.07622996047023803,0.035868991848863184,42.6,gm1_infantile
2.5401500059178512,25.15466278913823,18.893086976125748,0.25836330282273795,0.2854046937792418,1.3976196745549414,523.155241917377,19.68639301808839,1.0338799920480783,12.895807973255327,51.840276409266465,62.111028901215036,3.2396986743553504,71.42707881750943,27.080940902890763,0.0769083524301366,0.03746103224379959,42.800000000000004,gm1_infantile
1.9447176531552994,23.162043451759878,17.642279586008225,0.2685494711705868,0.28569641425506603,1.4097649935905128,516.1940304106013,18.031726560863184,1.0390615982307456,12.886256521781648,52.77201523923655,62.20671858421876,3.2931424219638377,71.77222691996143,27.312035732278098,0.07932190210866316,0.03850634853272127,43.0,gm1_infantile
2.9887216528721776,22.572689637749708,19.227238097094,0.25409937071291805,0.286667155976519,1.4383221337279435,518.6733503307945,17.01332280771301,1.0182185112188777,12.883180500240533,51.63202402992144,62.26862777047562,3.235222504089387,70.22162575225568,27.279989611488332,0.08136233755564722,0.03948554181119466,43.2,gm1_infantile
2.3758789234116198,20.288119098001093,18.038258956037897,0.26711738533379087,0.2808498028342695,1.482224247172337,506.0138560798361,16.267889666407456,0.9753529731665347,12.901113912579655,51.69968164116769,61.94994141267648,3.180564325803011,70.58511294733334,26.760500981533948,0.08329419622424242,0.04238887283477634,43.400000000000006,gm1_infantile
2.562825935741182,20.965961188955273,17.89706096329757,0.24339940494607848,0.27362554331624694,1.5438151553314257,492.1838607220115,15.198581246966683,0.9434190238600505,12.872173058986297,50.82831623051207,61.96717745510455,3.1335413960560556,70.0040094151833,26.410603476755636,0.08540903810098589,0.04267800980815533,43.6,gm1_infantile
2.6218281658565137,21.544746069472666,17.732110430433554,0.23567735888157026,0.27733286390993644,1.5884516392915982,486.9619550344611,14.487587212841882,0.8984810246124243,12.84902102512048,51.33164205231598,62.40215182909987,3.1436250839474913,70.39911927667613,26.362295939766938,0.08782538857772021,0.04406587257980665,43.800000000000004,gm1_infantile
2.047221958207753,21.317678197792205,18.833491941765136,0.23247480731248732,0.28200352237521736,1.6226597170537287,486.85729121435713,13.476983858216963,0.8841375477797743,12.932537901374202,51.04822837943409,62.52732747581613,3.1155481864699306,70.07517285953351,26.856202297199466,0.08758599963554611,0.044087266871295654,44.0,gm1_infantile
2.980029162348861,20.251158049004143,17.377330158052818,0.23272182337441766,0.3008742109486205,1.638498722564994,462.1651427800639,13.120152822468613,0.8409372900724275,12.971644338000822,50.83064942014269,62.06621998854985,3.0988732829263808,70.9325110792804,26.716394603283266,0.08770525891619069,0.04438338007111267,44.2,gm1_infantile
2.247584974241027,20.690355739854606,15.991603136762276,0.22398140974382214,0.306562636849031,1.6756746423062734,466.1952201869855,12.429179545327534,0.8348327131720977,12.999883422387027,51.11191505927334,62.91543589103469,3.1210394378893165,70.66049250392476,26.188448284199286,0.08968890632499624,0.04544882983918158,44.400000000000006,gm1_infantile
2.4480149232895023,19.512108535628467,15.357322067779222,0.2228199815654852,0.3065016867043674,1.6486963923658577,467.4918477849578,11.188424434912545,0.7889419404672056,13.040611485073319,52.35357584532398,61.96859180596559,3.097844253948313,70.85079915050544,26.774102030162357,0.08986504278328199,0.04548988355782075,44.6,gm1_infantile
2.631057448807046,19.036096680118643,15.853554054735438,0.20650405369177813,0.30574811651780476,1.6292360915541912,451.0645168354114,10.905013781284735,0.7604936682356953,13.03259424929174,51.8152252225595,61.857135642417944,3.1011705444452398,71.93658869121663,25.80418916802058,0.08936619925911528,0.046174419923933806,44.800000000000004,gm1_infantile
1.9944582215919104,19.41940512966993,16.0097790158684,0.19976806764774424,0.302463802688888,1.6508916653334456,461.89085867432834,10.182190974229052,0.7322477222355179,13.039166014483744,52.91141467674401,61.68197194937494,3.132142679712876,73.27691130253649,25.74719664674327,0.09008439768391056,0.046348595236488425,45.0,gm1_infantile
2.999946765060437,20.154994484180456,16.145794272942577,0.1971086808206527,0.29521417849615667,1.650887905743127,485.85673492607424,9.6632280243257,0.6925358983086528,13.082129678520207,53.11970038624331,62.23564944417226,3.11691792234653,73.09890813443643,25.65766479500933,0.08845844359171434,0.04676184846552737,45.2,gm1_infantile
2.3661867910620744,22.26249209586983,16.191210575572956,0.17704387338106728,0.2948862836465617,1.7613509429307972,493.842684836003,9.021486228418727,0.6749948817614358,13.061532638524024,52.18500370524772,62.01375856982321,3.111411339313003,71.41545322849575,25.239241041110294,0.08957186537763498,0.04682834243468167,45.400000000000006,gm1_infantile
2.50363155257963,20.667670023217195,16.748924433224193,0.16585115352381824,0.3060527682573346,1.734981095221174,475.9232256571283,8.691615921891588,0.6728923726253825,13.071793281282334,52.61881472155441,62.10102876426734,3.0592467525072875,71.09680848911927,24.81018196078702,0.08811314475377587,0.04773246410293586,45.6,gm1_infantile
2.524978978599543,20.91566877004312,15.779006592291067,0.16400892756263633,0.30270669619134577,1.8073137188668722,476.52109192290067,8.587517943507171,0.6341080524498457,13.07448609086732,51.96884069874233,61.83131795305494,3.0392842278619,70.5602427706256,24.389645726173445,0.08647171983734833,0.045792506982754166,45.800000000000004,gm1_infantile
1.8607378169254605,21.515788486494177,14.70415763789446,0.15260358467860502,0.3150603236053937,1.8142230206646575,476.96835907997684,8.322595140474599,0.6159221251068692,13.031030353550141,51.87027474667881,60.58125410831802,3.1313750227134376,69.23037716218884,24.037162015700247,0.08557441322156618,0.04477483200162199,46.0,gm1_infantile
2.966858037662579,24.22043360962956,14.455187947428103,0.14223734245958156,0.29952331435668184,1.8348859032781213,469.25201744336573,7.78578996798457,0.5916563146192027,13.043488748599284,52.166796861973616,60.406136360881256,3.075558892970498,70.02286649732282,24.033192229852254,0.08841847855411358,0.046077321642297865,46.2,gm1_infantile
2.2283019978255703,22.29086097541355,14.10819558072694,0.1338661362507823,0.30446108156934776,1.873330734582499,479.60274496615,7.513599891426258,0.5671920629887068,13.079416989891723,52.57995503854681,60.545135928583676,3.127662080427571,70.30292465749726,23.93108538269477,0.08782634797051482,0.04728125855567403,46.400000000000006,gm1_infantile
2.4403822876416195,22.004210446030143,15.055169529759988,0.12184894597160988,0.3038263798761632,1.8990863308659436,466.5467991827504,7.664618656079926,0.5390569998986591,13.068337839141249,52.69212056329804,59.02356890226848,3.0859311345097282,71.40875608341616,23.729244089822526,0.08727344795144429,0.049161690587297364,46.6,gm1_infantile
2.613246232355012,22.452364838839173,14.813253849082427,0.1181577428626741,0.29806452104417575,1.8924305420607852,449.85927666854496,7.169293836138546,0.49927719761654415,13.023507692449998,52.957555128110045,59.30009916488509,3.147331885041473,70.94457547557198,23.828420788368522,0.08893217223541157,0.04934965770228588,46.800000000000004,gm1_infantile
2.0305923754412616,23.25507206681178,15.11138733965394,0.11451194925483386,0.2953459044813529,1.8730081228272766,436.50831641241615,6.726979255307569,0.45995652063557824,13.037030742263942,53.944116923160145,58.67426720130734,3.149147001193911,70.14631259975756,23.742032573861657,0.08858529952364012,0.05047378214641658,47.0,gm1_infantile
3.0081893481494113,24.257075645671456,15.035909929804909,0.10939144032553863,0.28682575067282734,1.9076584633642244,443.468707292816,6.496645596383163,0.4571678049024035,13.079404667102954,53.86638496293902,58.519343533494826,3.158916401318212,69.54645188814506,24.134104714410306,0.0903071184492899,0.051211954627688745,47.2,gm1_infantile
2.3990881605653067,26.47536272332305,15.26736085372941,0.10657291424315177,0.2963114581435211,1.9660492407006434,435.9328772197615,6.227632193272248,0.4324749898881557,13.090610736454954,53.042542555485134,57.41648888182209,3.1112464641945623,68.84199295770931,23.94261695425887,0.09255782049705523,0.05145033870349298,47.400000000000006,gm1_infantile
2.5182056452434343,24.469352418675147,15.117536313391087,0.10652142630971782,0.29985084830971315,1.9663736836519075,434.02203342657424,6.342577878273157,0.40523429215727674,13.07090625449934,53.087936207431724,57.58976340823837,3.0948041754140556,69.01572724329853,23.504306528948234,0.0915702865882475,0.05172302667053198,47.6,gm1_infantile
2.588851965012632,23.50242981151105,15.116956060973017,0.10444075862242191,0.3054254023865549,1.9888636269190345,434.8955989231332,5.977470024082176,0.3836860990143021,13.082408873667084,53.89017072995003,58.24583552927092,3.1093063927979685,69.12701420759615,23.608407608668145,0.09477345354708774,0.051423483293863634,47.800000000000004,gm1_infantile
1.9320805189949704,23.543436171656104,15.495745944960213,0.0991403291630102,0.30441957274886033,2.0118990745002967,405.9726702595979,5.696216159543731,0.3555695606318036,13.078193657618225,55.1143793697468,57.404907415615476,3.0649151404227037,66.95116339014614,23.485962696876275,0.09494484251151515,0.05129753233876889,48.0,gm1_infantile
3.012378950296578,24.33279643292261,15.634468214528843,0.09568305428414904,0.31095400196847117,2.0373238968916096,393.3798642848881,5.213146342527112,0.325292773072094,13.100697751253026,57.03069730672677,57.561536317014365,3.023638894909755,66.12133714976328,23.696325050355863,0.09226853209251996,0.05238605825866565,48.2,gm1_infantile
2.4112919327803017,24.781247515192376,15.58095492571676,0.09555933448444714,0.3115530711340886,2.0357376028070897,409.6235968118986,4.977264022031717,0.3042281489059447,13.030394149336441,58.23503634442636,58.81887587582728,3.015074755639472,66.85583447836046,23.91477492905853,0.0919775521444203,0.05349085052111288,48.400000000000006,gm1_infantile
2.473713027009506,23.719627967111673,16.497738747719392,0.09687570119606803,0.3060746495915284,2.035818535873822,398.7588789696867,4.912864551746579,0.2709875334585246,13.04110704848075,59.042416299710865,58.85564300234146,3.046491392699644,66.81202380205306,23.88762843394686,0.09101839192604651,0.05518039413392608,48.6,gm1_infantile
2.522301663154645,23.953707222758226,16.503046737458085,0.09119367420248398,0.3013767705144337,2.1128647845813937,397.12850155559937,4.622348551882564,0.24649263048244038,13.037095492361052,62.07814536673771,59.189178635872864,3.021063557720822,68.32880764036442,23.352011011089402,0.09222430126697725,0.058144826788574376,48.800000000000004,gm1_infantile
1.911095752823741,21.61619450995014,16.27672535705173,0.09408673939621014,0.3033434989090048,2.1064578337104503,385.97812063392934,4.406045196285807,0.22161974559796055,13.076364377552036,63.20535632090477,59.66347087445797,2.9576400983517503,67.3565221514937,23.572728221099084,0.09047757704526296,0.05828663462081321,49.0,gm1_infantile
2.961030135032541,20.074279167963834,15.562433409164255,0.09173088471249584,0.3062132326297751,2.1721212758440256,388.4547067050923,4.291662601863607,0.19144358151347052,13.045237955493992,63.027856635357594,60.103734230871936,2.9614968017078342,65.72705309006719,23.38219699365843,0.09394998680020049,0.058828357861693104,49.2,gm1_infantile
2.2243613029582576,22.772161049632718,15.541651039504208,0.09101466371528984,0.3083605151354271,2.1830026299169627,376.96805565143495,4.420105343546987,0.16906806464711527,13.069325297672076,63.79395660682048,59.413107044304674,3.002991916232232,65.24513920902191,23.532958563364726,0.09156723098921143,0.056645772361907175,49.400000000000006,gm1_infantile
2.3907857237444734,21.566507778314406,14.285328218746209,0.09081859374127468,0.32270989329244426,2.2632350904837177,370.4242126906158,4.282394831132318,0.14586368678755118,13.102203472078582,63.789925890884845,59.55735423007221,3.005152101301911,65.9962113537612,23.556287995501787,0.09233537565671693,0.058867646295461956,49.6,gm1_infantile
2.566868403700429,21.957090369033732,15.50056599166718,0.0876042996786772,0.33394025876527816,2.3113464520590434,400.31278246650555,4.010461124335085,0.11672097815887289,13.114475839786351,64.44333620928606,61.257431809109214,2.96816648308031,67.07501859277221,23.995727839688936,0.09486452518675047,0.05808141433688919,49.800000000000004,gm1_infantile
2.033573271653975,23.311292022943427,15.96822691043193,0.08635024969638959,0.3348562424306556,2.3348496124225115,403.0021070210095,3.894447427315748,0.08719484989759357,13.083700453285797,64.1190100607933,61.55475321882045,2.9570613212325005,67.53381517886558,24.22687600330151,0.094633914987338,0.06049801123582737,50.0,gm1_infantile
3.02890391731803,22.48190968718437,16.380880688915923,0.07899467424638772,0.3281977978402333,2.4028060607719377,380.3480965708152,3.901209377999217,0.06283525869024568,13.0727761229725,64.71189771851644,62.600415427494234,2.928588782050512,68.58922293944421,24.082284959302445,0.09472222549196523,0.05990512580618347,50.2,gm1_infantile
2.3915589451777355,23.860142029738448,16.27831791392991,0.07377410149049288,0.31953722676164165,2.4453924682186856,395.3064470188119,3.816239991460599,0.0344288134208296,13.095023637118361,64.85562711714785,62.40254001974445,2.881200280243731,70.1719681300605,23.35450341538812,0.09748833862569546,0.0597535562053584,50.400000000000006,gm1_infantile
2.480083482802165,25.88819075128423,15.834755907706475,0.07040559505799195,0.3178003208860493,2.4880711942741875,386.18919100974256,3.5345819843684128,0.005788663637009437,13.132370807576871,65.27146573382095,62.90025533424468,2.861348150794917,69.82116389202179,23.970649241431158,0.09809305523932535,0.059615357242848624,50.6,gm1_infantile
2.6307105262996657,24.617691832383034,15.549638569137791,0.06890908559586897,0.3169790719550658,2.523725126401399,403.9822592956805,3.4706989701193844,0.0,13.141672129407834,65.65368570533515,63.058048292454146,2.8610818430082556,70.0715453009686,24.040849135127733,0.10044893466145945,0.059344472565242924,50.800000000000004,gm1_infantile
1.9448480708385965,28.72132152660646,15.168584852957604,0.0676672897020638,0.3057244587600371,2.552757900617015,389.3728415836307,3.3364771737649335,0.0,13.155254079928154,66.50374713901418,61.69669461839714,2.922673246535737,69.23513129290316,24.62505186297989,0.1037585668922713,0.0605613989770539,51.0,gm1_infantile
2.9368056137799208,28.466459701142917,15.07158020602496,0.0662772739534458,0.3032357479369853,2.4839259153212514,396.6621434126994,3.2491472300974498,0.0,13.138485802857772,67.1683483616445,61.087872933124416,2.82536647566704,69.90180408563768,24.88216891357565,0.10423176285884951,0.05945332463602715,51.2,gm1_infantile
2.304137538274305,26.03792914651144,14.611084258005711,0.06309041997932911,0.30822887448353203,2.4906845736768863,387.4010414879637,3.366239768702518,0.0,13.14815312781117,67.17729729157517,60.72465778452658,2.73420679318829,71.0893957113345,25.11560357854264,0.10473825562275302,0.05969500055931759,51.400000000000006,gm1_infantile
2.47374798275524,23.625303612150645,14.40269030343467,0.05921609938905963,0.31984787905602896,2.553213914338343,360.6857711326387,3.1600625810091767,0.0,13.133974811230598,66.33551010879683,62.45612130168412,2.736741694388952,71.81445490293736,24.96668976644881,0.10737939499888953,0.05961887342680236,51.6,gm1_infantile
2.5487407114826266,24.19412116954738,13.512183458995953,0.06141910744745737,0.3202357100825136,2.636205031851947,345.94368336897844,3.0271862775601037,0.0,13.141032211181917,66.73894796556824,62.197946090554275,2.6906775518666612,70.88755753246795,25.036600612490048,0.10723114142173971,0.0591572596765735,51.800000000000004,gm1_infantile
2.027424149376097,23.86308859286164,14.463225581111095,0.058933666451224484,0.3210886332849185,2.656894921294373,325.9942948179199,3.0970490191315596,0.0,13.162687774539473,66.41201840896187,62.197535729513994,2.6506174866409036,72.37581109982207,25.22857917442946,0.10908297538805778,0.061428830618908824,52.0,gm1_infantile
3.089469033442585,24.54620107800013,13.697219624841733,0.05621547797296302,0.3130334738313266,2.714876621531127,322.99688365836766,2.9203255166483886,0.0,13.118489366795357,66.7090471415516,60.972964971479506,2.6607492849095142,73.0480264518539,25.970768784234576,0.11213250931364278,0.06129489982218778,52.2,gm1_infantile
2.4713087885723173,22.64918884822589,13.284832543661414,0.05567940816593076,0.2973810315282829,2.7351823709613914,309.70654459675035,2.882322192767406,0.0,13.130644928094576,67.06950734417543,62.27737526651163,2.6520891027284716,72.60796202209329,25.97024355132965,0.10973200607651465,0.06228520100447947,52.400000000000006,gm1_infantile
2.59532666382336,25.65856682898253,13.05227767612327,0.053949550985024755,0.292739374909547,2.766210399882483,308.36148851832803,2.835691818912464,0.0,13.11224684023663,68.30445438825814,62.8771211418921,2.642779544227221,72.62023902327235,26.916052394138777,0.10861721982530038,0.0631073622266107,52.6,gm1_infantile
2.613561019409212,27.97138375732047,13.791382143778948,0.05149437137529121,0.295285505649558,2.799012200585509,299.5418139008068,2.854207397482785,0.0,13.118277599219171,68.60268473145561,63.390372445687845,2.6420496286737767,73.0006973978293,26.768343738823955,0.11366595454690732,0.06203932124707057,52.800000000000004,gm1_infantile
2.012086194275325,27.16194940944915,15.163095560011557,0.04874905836879564,0.28961017353470536,2.770929962517111,297.56969767009895,2.7020489620304478,0.0,13.05499824736147,69.15974083582913,63.11688481526773,2.5809049667139488,74.39973585788309,26.38699218946764,0.1165554601971242,0.06147561930553523,53.0,gm1_infantile
3.098063591279401,27.851337670250462,14.676762898055593,0.046127805912184065,0.29270320933690663,2.7777293168202304,291.68676308066154,2.768442244186371,0.0,13.057369817258069,70.38432540054067,63.956185767939424,2.566877459862375,74.42975218145003,25.864490403182465,0.11464796954333777,0.062307106820669846,53.2,gm1_infantile
2.4112701366917055,27.736091173912094,15.588196439533906,0.0432180531767943,0.2902719254729903,2.807089375922137,281.7163708167148,2.840479528639496,0.0,13.065549845337719,72.42714796000693,62.83269803046674,2.558179188637206,75.11691323305814,25.637624780171677,0.11624910599692581,0.06117894232980802,53.400000000000006,gm1_infantile
2.554422817456607,28.994249921036936,15.961635158405727,0.03951890346565737,0.2831641246697242,2.8552013460158614,277.37117560075654,2.589622678565204,0.0,13.069248962830708,71.95538923071372,63.83281408449756,2.526604155379049,74.75030871755195,25.851532869886846,0.12178132644337544,0.06383159057171403,53.6,gm1_infantile
2.6462856647128064,29.35105980105069,16.737678497530545,0.03693398247787214,0.28637485555502734,2.8366048959020627,275.19473747400025,2.549364988196346,0.0,13.07240678413437,69.3715970298378,64.14271777425326,2.540155295746596,75.5325378243021,25.905835555454036,0.127097580058463,0.0646524441079326,53.800000000000004,gm1_infantile
2.037862827990236,30.68030113150556,17.196848831869584,0.03497558546858852,0.2702533552125615,2.8315048321028926,276.35267052243427,2.506951697790197,0.0,13.076460819995104,70.9130515972248,64.04434632063032,2.547777885369418,76.37484277645655,26.522822329146965,0.12309251064912752,0.06437040541281666,54.0,gm1_infantile
3.0833318252016544,32.80321116708722,17.585695822429972,0.03386142951623988,0.27399441107161676,2.8935613801004862,269.1796072267048,2.516441191477715,0.0,13.131560179828073,71.94904993104855,64.23721653890243,2.537528191177048,77.27070452064038,26.568895749906826,0.12432338501682731,0.06321843347352064,54.2,gm1_infantile
2.5003376528689003,30.47505344835579,17.49126294689973,0.03325391522038898,0.28556512251146154,2.88944798244241,259.8378615063807,2.4566255652709956,0.0,13.048945256280554,71.30934844291995,66.7929345528868,2.5492878660650704,76.46125784833805,26.641603314517223,0.12522662349534727,0.06478536040166753,54.400000000000006,gm1_infantile
2.6895314941586532,30.69107256263549,17.26329127668672,0.033491144815035276,0.2801837946932016,2.8551386689739697,243.34630276943508,2.342254157529805,0.0,13.01433097149067,71.93400108720378,65.88098974277035,2.4355330899553196,75.73308175136077,26.561648314473175,0.12429511542490043,0.06739821504421728,54.6,gm1_infantile
2.691660433333726,31.78113514503747,17.450065923688626,0.03272348234059447,0.2740677671257347,2.8704416576948684,234.04831054783622,2.360988502077627,0.0,12.986577631312315,73.21943371359016,66.4172569048555,2.4131805740484147,76.22065678175741,26.621742341088567,0.12264415270202275,0.0678668455250238,54.800000000000004,gm1_infantile
2.0091937053180247,29.780831134435303,16.451421182164406,0.031605546184675315,0.2766555663300566,2.8526880582042726,246.0990035416003,2.420789836447246,0.0,13.0093989242137,75.37873624322265,65.8788894154862,2.324054442934147,76.10799726705754,26.91238766062267,0.12378070040150149,0.06863830550131204,55.0,gm1_infantile
3.0827393265069225,29.890837632342716,17.25445153326208,0.029884530625336126,0.26903250063754197,2.9542389739100647,242.401628635448,2.379642599710458,0.0,12.990236989948164,74.97286837587832,64.91183664869224,2.2706686912947744,76.24561559317937,26.78742450124817,0.12760742060917923,0.06944391859686717,55.2,gm1_infantile
2.4275077324549192,28.43354309734184,17.343805706940227,0.02963423617013486,0.2724665538836268,2.966014732349365,245.02593249122785,2.3710984656339154,0.0,12.975723739260523,73.48117622562087,65.3117383499184,2.2859693111345516,77.18715290615218,27.02869240049764,0.1272996193799976,0.06854348360310199,55.400000000000006,gm1_infantile
2.5593715903304814,28.716565815414633,17.05895429145775,0.030200161277404818,0.2662143847979099,2.9521821520426217,251.48937927235042,2.417623164565301,0.0,12.983772700998669,73.94939913919288,63.11517876158832,2.2513231582758095,77.4811760953162,26.987574829537046,0.12870067822640746,0.07064382202636676,55.6,gm1_infantile
2.611081522086925,26.77460264495095,17.468953705125134,0.029204265204555983,0.2643931313801902,2.953296516275311,262.52055173921923,2.2626281445766327,0.0,12.983373464554631,73.49200809952336,64.05020904791311,2.269238922905484,77.7727283440018,26.977237978510654,0.1290486974452559,0.07081363913060909,55.800000000000004,gm1_infantile
1.9805195767843424,26.222333327684126,17.768342242700662,0.029378175862837808,0.2563263995710949,2.9146354552021685,245.86759122673914,2.3239581383037753,0.0,12.997758402930067,72.41145835498949,65.76657736795272,2.2438849413228548,78.28467262273261,27.374805563273114,0.1268933369907656,0.07028559446879164,56.0,gm1_infantile
3.0086839587479233,30.15847422907771,18.087751871962237,0.030487195935164288,0.26247512293644853,2.94979857226424,234.9667148524396,2.3935315308273615,0.0,13.04407685867431,72.92586167422621,63.63062531287217,2.2269771170471526,79.30837580466319,27.374292546945412,0.12957879919366377,0.06928297099344437,56.2,gm1_infantile
2.266322338076685,29.732757289129665,18.276386715690986,0.029458247297645776,0.2689026860782732,2.921511326342186,232.50726399432452,2.3851394672625608,0.0,13.005367366365393,73.25524960640404,65.51429236030522,2.2377212338153196,77.83045630405779,26.34311873515147,0.13237435526472144,0.06946581299002356,56.400000000000006,gm1_infantile
2.4653513802930376,27.91329828320188,18.711890864815032,0.029734750308349614,0.2653133443595557,2.916246705089135,228.28120258688503,2.4114733024574084,0.0,13.03343026604669,73.11904226274847,64.52140871676879,2.291208207674772,77.54309268224578,26.234776334360838,0.13284577765393363,0.0699108196149032,56.6,gm1_infantile
2.536760255680802,27.540754745753905,18.768497112770273,0.029286781977710216,0.25080213974169124,3.032662856187964,223.0328028621273,2.4362905472018137,0.0,13.019417582051128,72.7794214874753,65.97337934241375,2.2663001902450364,78.67932869750194,26.099453533529505,0.13216037589505986,0.06986270890652137,56.800000000000004,gm1_infantile
2.002495572054682,24.569592853055642,17.775833765304537,0.026692381484781372,0.2439464199928243,3.003755187224728,209.09772237693784,2.3578986921760747,0.0,12.989522379332369,74.27932905465222,66.50229091177613,2.26501514086834,77.98330597796715,25.660745452556522,0.12944058471901476,0.0701082084718282,57.0,gm1_infantile
3.0566813955260166,25.45301078207347,18.322833356370197,0.025427214378304322,0.24325990930404867,3.000949626104257,203.6417295778956,2.477406118433387,0.0,12.982415608610772,75.80892526731049,65.37789761786192,2.2385948733413,77.79133959993337,25.680634475075554,0.12548982580679724,0.07134888039669282,57.2,gm1_infantile
2.4352466809337256,26.00973548635932,17.666374896560143,0.024962571317340733,0.23758931599353453,2.997483090381094,211.4641181345735,2.451596209679384,0.0,12.987359616036615,74.75244514840803,64.50901741221787,2.2007669729404116,77.69097582836518,26.102534332121817,0.1277185930853741,0.07248601466463171,57.400000000000006,gm1_infantile
2.4760129467833836,24.971161727654582,17.959156331271167,0.023874737774466775,0.23530916199690713,3.035108893231775,205.15518771132378,2.4403596035741733,0.0,12.982077473519393,76.25483366321825,65.16980063335443,2.151329192663189,76.91009875392693,25.906871409581417,0.12586836555155426,0.0726274085240619,57.6,gm1_infantile
2.6003487302595474,26.458760355990957,18.250949234643056,0.022987078232038882,0.22380383207747911,3.052417234800507,200.9522649127528,2.4226380536867227,0.0,13.017848366506414,77.36635025630072,64.51045159205944,2.1302778671952796,77.1829554773974,25.73474674821063,0.12784940996627236,0.07349286037475321,57.800000000000004,gm1_infantile
1.9144268820831392,27.9396276062641,18.40387753449882,0.021118424502176047,0.22278685433899342,3.0802518865130044,201.92970100726558,2.370979676210414,0.0,13.023004082216888,76.31296500449669,63.47683833342064,2.1564105733515677,78.80440980078214,25.943539516670203,0.13271399936487127,0.07551457755591638,58.0,gm1_infantile
2.9800077571382726,26.146015501969853,19.984126617822273,0.02107769484558213,0.22010115042356987,3.0558006155796695,198.94080799868502,2.241578877440732,0.0,12.994972379526862,76.99723390223164,63.217593174833844,2.1423828447785644,78.37652765209731,25.98360233816884,0.1389355664830504,0.0781491688645172,58.2,gm1_infantile
2.3548285724867437,25.930245352726196,20.760842483889057,0.02149925950084238,0.21529387611592615,3.063558515166915,185.1219118060386,2.30368654529328,0.0,12.99700721320278,75.13441633573302,63.919615878607,2.1102831452572794,78.05021582226468,26.29916938249265,0.14019589803295693,0.07755277959266112,58.400000000000006,gm1_infantile
2.4400637270732903,25.80743580817457,20.36289349843119,0.020206331480811843,0.21296266758621676,3.093811162358602,180.0150808653563,2.1990360617396885,0.0,12.917362646953933,74.99451262454673,63.57471914684937,2.1083959992602197,79.01603993296025,26.795888223681594,0.13842756911390214,0.07882250686146909,58.6,gm1_infantile
2.5494800195827683,23.26753279000916,22.1553130373573,0.018763756030686033,0.21423319092453316,3.12667384962699,177.13340366181419,2.165135073183652,0.0,12.872080820892574,75.23758022193518,63.284211548414895,2.08320613392673,79.84832942628441,27.28060997500096,0.13781251532098046,0.08045053969068458,58.800000000000004,gm1_infantile
1.9411268767691852,22.011271486600226,21.77281032972644,0.018165357123589312,0.210167609601354,3.1618146474909983,174.0097542684089,2.067244626396499,0.0,12.884020630943908,74.72739455438288,63.73160053709616,2.0991360465131086,78.8761669535907,26.86170285104193,0.1435171820287524,0.08132448221835695,59.0,gm1_infantile
2.952692889803357,20.682965001451603,21.134775432647075,0.017023094118724588,0.21361840434595025,3.128743837789535,174.9314392815179,2.050647526623912,0.0,12.871455038920157,72.45315346207619,63.81772944089328,2.08819407424514,80.14244694526914,26.285326803086505,0.14770998664164642,0.08306194953856753,59.2,gm1_infantile
2.394184153618766,20.619327227786176,21.956025667917345,0.01579049948626956,0.21628442948886917,3.09682334323699,163.13123665165932,2.0028363238243228,0.0,12.847462770416987,73.13930874244406,62.47738179154131,2.023407451086562,82.00896334785408,26.703087598181472,0.14469824887399052,0.08329005550369174,59.400000000000006,gm1_infantile
2.5591230887310044,20.973801721552316,21.916275851430278,0.016086996012090536,0.2119905086484125,3.1098632065217897,158.99238365869124,2.0102018565334188,0.0,12.849267217217127,73.48993969597484,61.79717872264091,2.039685976510642,81.30903339840476,26.721446671313668,0.1441765973797055,0.08419639161406207,59.6,gm1_infantile
2.510837801648285,21.907977111183975,21.08675151363169,0.016463922790425033,0.20896851383623216,3.118026257764247,163.33232487934484,2.0148896133818015,0.0,12.8500999946315,74.21609817704189,62.049333365408415,2.0572973534592625,80.93874399594911,26.467706312588824,0.1425504277064774,0.08461361655061916,59.800000000000004,gm1_infantile
1.8965642025718874,22.623742930128127,22.22515013193011,0.01555052539543211,0.20481624218046407,3.049533641227475,168.38472710227884,2.051466133188488,0.0,12.811359427628986,74.52738937085846,62.66821709417918,2.0444917344876257,82.4909590851219,27.39874619888982,0.13997652791115248,0.08292635606674005,60.0,gm1_infantile
2.900089226803353,24.37756536770443,24.008077293283876,0.014751360929353662,0.20455737958738474,3.0159800102872283,168.40300269134056,2.0490805337598,0.0,12.828523086110494,74.65083517322171,62.66222074214733,2.0391159986613054,83.73238478285184,28.103791265770056,0.14222676671721712,0.08464961485023254,60.2,gm1_infantile
2.2574649797801043,23.342018089529518,24.56132590896473,0.014529619463822837,0.19740798896590064,3.009095502687324,164.0172526892082,2.0392080922491855,0.0,12.842006227158844,76.34947978346682,63.07341863868065,2.0357593168656987,83.03229752503553,28.198525708686407,0.14266531715028685,0.08231864874699299,60.400000000000006,gm1_infantile
2.3729784338791,22.71755823603599,24.818504875347227,0.014463519425394738,0.1941426826516704,3.0447376451493358,159.2576978737589,1.907182821878763,0.0,12.872738464205835,74.94991233481092,63.357554352338916,2.0739633535464894,82.53881641410973,28.28957327840972,0.1389369625050849,0.08557820488226874,60.6,gm1_infantile
2.483386808273574,22.596060096399167,26.143034469049148,0.0145033749504622,0.18967651168320662,3.0194495352989286,157.42702304223013,1.9109369557441098,0.0,12.870916418719911,73.78570620436679,64.93657948359198,2.0730499210502233,81.90114072338484,28.11593488852099,0.13356213200934283,0.08370068770432372,60.800000000000004,gm1_infantile
1.945153290091801,25.316487999895358,26.73796823280443,0.01414770035789005,0.18717169542319273,2.977816262359148,162.45750664350723,1.935525084211437,0.0,12.910795139641346,72.3967639967575,64.54470306124095,2.048729170388532,82.1723570002558,28.18434491009627,0.14318221828697503,0.08190539933245537,61.0,gm1_infantile
2.9838482991955497,25.823705494968696,26.514807258282303,0.013903773090853151,0.18217580665530436,2.993137270294793,160.79291922129087,1.9857147684001124,0.0,12.951350218752909,73.6324612453063,64.78974144653918,2.0111878326268005,81.86355930215342,28.19184732533983,0.1443262957172354,0.08122921698579941,61.2,gm1_infantile
2.272252328797886,24.080074188523493,24.426976178712955,0.013492781526282973,0.17563309158424134,2.9492352451525012,155.19036907236037,1.9401884754637355,0.0,12.972513488028726,73.40653526274663,64.59456918754991,2.020360643287954,81.4374134495351,27.987891358066317,0.14855240561202357,0.08303972451788018,61.400000000000006,gm1_infantile
2.4420531311343767,25.06163239563626,22.183167888777604,0.013876766263551825,0.17655004772887395,3.0118583680332938,153.02282656859808,1.983113001769705,0.0,12.982875889924552,73.4159190495196,65.53369778456347,1.972444381426928,81.19996744580415,28.85812137985929,0.1467650035469461,0.08277413810331395,61.6,gm1_infantile
2.4925653091077806,25.269126993097096,21.37857404856596,0.013491241860544618,0.1793029013785464,2.983051543320404,152.45490621266435,2.0602951479007006,0.0,12.986664404731979,76.99363264916187,66.6514945655061,1.9758879690683682,80.61419650738416,28.909071514236516,0.15180706047841508,0.08617706350371063,61.800000000000004,gm1_infantile
1.9788059205373107,26.109235914166455,20.155494300964275,0.013443650659234647,0.17374865795517527,2.913591456533542,149.6431577608693,2.115311064187139,0.0,13.000816600042771,77.84580345147448,65.95660135170834,1.9679560481184701,79.36262594665754,28.230841213136202,0.15462249711989148,0.08491562298528856,62.0,gm1_infantile
3.0384137778068037,27.325562866149667,19.606785423010678,0.01344690077247019,0.17057672621136005,2.8277446455632247,146.47215148469076,2.1165145438152733,0.0,13.058075530297906,76.56610415328313,66.47444075143979,1.936867185976462,80.69507637400663,28.435467523793847,0.1561928993919597,0.08331158252923405,62.2,gm1_infantile
2.3239186442956608,28.51137078467912,21.268980056418904,0.013396187949075064,0.16657986236604436,2.853893097337548,152.80517203768363,2.1603068915204675,0.0,13.036182927991309,76.82572842948784,67.20175525947859,1.9425440319772347,80.2112222815189,28.21912160681994,0.15992061707972477,0.08572952290702285,62.400000000000006,gm1_infantile
2.530442924465376,31.018111729978056,21.42234702471397,0.012965700838647355,0.17109650272076357,2.898963190849618,145.20395302202553,2.125915975449069,0.0,13.030723118706835,77.10027400693689,68.34675000094099,1.9576754317060665,82.0008506507762,27.588455704098152,0.1610427628563827,0.08723110474259071,62.6,gm1_infantile
2.5225344307484296,29.521374766818646,20.71260657282378,0.012702898000949996,0.17682242245413018,3.0143044601574176,138.46265242661838,2.1807753962727454,0.0,13.041729300193888,77.8147464874531,68.79791862718335,1.9975878334545758,83.56812983208081,27.29322842167159,0.1641585444054083,0.08915304945959812,62.800000000000004,gm1_infantile
1.9356462431639012,30.987351802370487,20.95397361823742,0.012527403963196493,0.1766594155557019,2.915865958336072,134.49342002681456,2.147730853321652,0.0,13.083322027447242,78.64065441080949,68.94708260758264,1.9771790773597333,84.25682256715302,27.754870080202398,0.1613856359872403,0.08931306065998676,63.0,gm1_infantile
3.004577407869219,27.387618489491423,20.994218267127067,0.012073041525143706,0.17548789772946669,2.8986879959311307,131.49263651096274,2.282153250154499,0.0,13.09156449918714,81.06778349856646,68.6134051494561,2.0208443211312224,84.60264880268602,28.520974448570726,0.164357673814784,0.0900976005664596,63.2,gm1_infantile
2.3453749242144863,26.27323912483965,21.07198087002423,0.012213272234818814,0.17479381061333804,2.891149035864761,127.17076207561351,2.346217614296093,0.0,13.071754590229258,80.62829583221685,69.13712638727934,2.057386243157544,86.25000292250652,28.13775493837983,0.16361890279931499,0.08840842615687187,63.400000000000006,gm1_infantile
2.452850730347488,28.32216589562972,19.751339715143764,0.01126964102180244,0.17094715719515427,2.914906513274207,125.93021082441686,2.367602528236078,0.0,13.020028244758048,82.2102470543668,69.0210345443426,2.0721679886924664,85.06070076805005,28.233351746612556,0.16471450592841105,0.09089018187161885,63.6,gm1_infantile
2.4630813260271616,28.00981059853638,18.88344634785598,0.01123866539265908,0.17331412325709805,2.9911603773242534,120.75016915972353,2.418251804104239,0.0,12.971982240705,83.16817724318977,70.0892337341426,2.059352604528406,84.02854068856354,28.686237214592406,0.16056765680953733,0.09068656787721674,63.800000000000004,gm1_infantile
1.8704393830706552,28.756513295427776,18.448523661496914,0.010730496523626948,0.17305777425515212,3.053700383666799,124.9834022009573,2.2989800578458692,0.0,12.940212367238544,84.58859690693299,69.3857116982022,2.0351257289843465,83.72303090024852,28.748973079470378,0.16196424479849375,0.09183456784080453,64.0,gm1_infantile
2.9168586697164356,26.281467963594327,19.177002338416933,0.01048476903917693,0.17696821412558006,3.0231422335783384,116.18657151476488,2.285585425092397,0.0,12.944578942441401,84.63233277317448,68.75545953326105,2.078071059184041,82.93976248970944,28.561962394855925,0.16426834112484773,0.08826206393185089,64.2,gm1_infantile
2.367453957422348,26.976581690484366,19.999977343521234,0.010475838686429706,0.17566922378898273,2.974614939964461,112.37028709401426,2.218957272800343,0.0,12.96766096195512,86.59565866349945,69.27605122748268,2.0981761808141144,82.97757772062157,28.47223227641613,0.1662499268227237,0.08767268804279692,64.4,gm1_infantile
2.4979058015117186,25.151863674996648,19.254410457989007,0.01049658329786942,0.17852971223630662,2.9311912290405133,111.14105994550778,2.1934162250620477,0.0,13.008520808487022,87.80070495982429,70.19521497159224,2.1467133795904942,82.55960159297703,28.191783491553384,0.163809414024646,0.0873441382709919,64.60000000000001,gm1_infantile
2.4546669207124534,24.624846900775484,18.7979576731758,0.010574315902566396,0.17927295274170757,2.908870138657888,109.71702147599615,2.252819922279883,0.0,12.99389496342798,85.4753217754965,69.3487956187609,2.1193221626468866,83.00002548523642,27.931391934443948,0.16217859319188282,0.08515734663794625,64.8,gm1_infantile
1.8756654982118826,24.952174496215736,19.14751722785023,0.010356363893095452,0.1725302137223302,2.8860260864328158,105.37613718871097,2.23972869660555,0.0,13.035088051155634,86.67809011795764,68.61140554591249,2.1327864868987403,84.06935828360662,27.727065912804047,0.16553268029169071,0.08503014754423148,65.0,gm1_infantile
2.862867531170507,25.199799765982664,19.339482762891276,0.010054506399569495,0.17174160805342598,2.857937034150208,104.05834161089211,2.251874824999642,0.0,13.045208656411836,85.6072984778793,67.97029741871029,2.064527996626274,85.05468653891545,27.377116789258093,0.16623790942299818,0.08590628763485668,65.2,gm1_infantile
2.280936667272153,23.448698284761207,19.288478608650408,0.010461907128244673,0.1778077760789287,2.917694684417096,101.99982037826152,2.207573168616061,0.0,13.0403064785582,86.51937587707137,67.5738768546446,2.054243024056845,85.57951592265218,27.566595267373675,0.16829209345107013,0.08496629399359973,65.4,gm1_infantile
2.3503982839995707,25.344951062566608,21.520071434254948,0.010410822038118071,0.1719552241356088,2.886699632645735,100.36227877869472,2.304133247038564,0.0,13.036388153444289,87.00924442982995,68.54198960274384,2.0392649247018957,84.14672527582789,27.895575906279355,0.17280139213475407,0.08498522363715491,65.60000000000001,gm1_infantile
2.4920436640299517,24.42963868259468,20.66264449985393,0.010581616729983603,0.17281003937931821,2.920880183225698,101.50217638947339,2.239149986610566,0.0,13.040699444241968,86.6131184331559,69.44326578121799,2.0287528447116103,83.38092990462066,28.017277584434655,0.17365132275915585,0.08694707150248655,65.8,gm1_infantile
1.916656001246975,24.819564671214444,20.90650279378689,0.01028868104005134,0.16942061694597743,2.944613599792421,97.55800354513484,2.3501861275807125,0.0,13.058872604787863,87.31577989653253,69.53645078732332,1.9893375474444557,83.49516387382413,28.151896036739977,0.1747355619800646,0.08803053290719552,66.0,gm1_infantile
2.9921058132816043,23.56333774656346,20.22517226495993,0.010620973030978453,0.17173468286123622,2.9322883880077883,94.27471661241493,2.331007899292289,0.0,13.072388669819611,90.59481108077183,69.88855984218121,2.001925179680256,81.98716861351787,28.065619987105762,0.17977905862834556,0.08898530375307268,66.2,gm1_infantile
2.061059984988633,24.33775361027778,21.973101937837,0.009667434201917598,0.17702897012496321,2.798894937354719,93.74689926163717,2.3237331738127858,0.0,13.085141989018261,92.24987325974188,70.4045701018107,2.012460858888176,81.90238735347931,27.47039977857119,0.18275124599385276,0.09269655947338726,66.4,gm1_infantile
2.3035460794483567,21.576736964385415,20.43783131672109,0.0091774469116688,0.1701645669194687,2.810465544987089,91.96034565602598,2.241685078980964,0.0,13.10244725410938,91.81263031907417,70.41231843955599,1.9554148748646667,81.8862453491129,27.572518013580552,0.18361912162015553,0.09364907547456165,66.60000000000001,gm1_infantile
2.447668170859083,21.104104353561908,20.585358598998795,0.009320875522087657,0.16915624948134195,2.835183522454021,88.74391714186466,2.2227611114584485,0.0,13.085895557946271,92.53000286314995,70.61040368064609,1.942696469884267,81.87700257893144,27.484328377295295,0.1771375761780516,0.09460673927027222,66.8,gm1_infantile
1.8736438445607912,21.964814131748593,19.97026324788691,0.009779597626278575,0.1670865261969941,2.7996277359014528,83.68058805713265,2.14103435032641,0.0,13.12578136043539,93.516337789946,69.93878767460423,1.9857561373871893,81.846668010443,27.485086192203667,0.18308933192791044,0.09616067255123847,67.0,gm1_infantile
3.0140211576294185,21.989549135472927,19.52690146371468,0.009363982831521449,0.1597013782912032,2.794139564553899,83.69408802403309,2.2121953210353733,0.0,13.096317048603574,94.03493616311457,71.06893086286017,1.9923359137121004,82.38169879334451,27.293000388162298,0.18681761186758827,0.0898071053868437,67.2,gm1_infantile
2.382868478755102,25.192038800248543,18.176527517580773,0.009088019764418396,0.1590749142603918,2.7791311922660977,83.46489079857258,2.2683652795719884,0.0,13.119390726068959,94.28746852862893,74.33593617911366,1.991425788594115,82.94603309324873,26.77486457050894,0.1846694763426906,0.09228313480202159,67.4,gm1_infantile
2.4252298424388674,22.167410772403226,18.243951645931872,0.009354991466259361,0.15862783073244457,2.7704340014753916,76.84216100419424,2.321055759420671,0.0,13.066931024441576,95.96393805594774,75.26480059218883,2.0169785783055554,83.94118081548321,27.113857686828236,0.18694440558037484,0.09423073464326336,67.60000000000001,gm1_infantile
2.4308771871795027,20.2840001338376,17.619785225136532,0.009116685464879447,0.15941665208607816,2.7944819485421037,76.75280853020922,2.412006553330736,0.0,13.07360972492346,95.10207803693817,75.23491229549069,2.020633762404368,80.52911189921959,28.10752736179221,0.18943149863452777,0.09311892321361914,67.8,gm1_infantile
1.955202942868176,19.800073761047397,17.665120039314598,0.008769260620940082,0.16481480541328364,2.797138270342504,74.61419579250307,2.4953469159730015,0.0,13.071726882165656,96.75644297231523,78.0015098689499,2.0241243504728446,81.01525676778793,28.270230798970424,0.1951630816783747,0.09201713930671486,68.0,gm1_infantile
2.969368904103366,18.043349622462166,16.682196214574642,0.008425853924857145,0.16398278182523426,2.8954258697850035,73.28908357523615,2.4268856128542526,0.0,13.111677430357188,98.45024168091318,78.1847505552882,2.006984419575962,82.60569983187975,27.993795957525048,0.1969813413347662,0.09695874369050192,68.2,gm1_infantile
2.3366977140820797,17.378422783311223,16.907053619703845,0.008110439069192222,0.15832492227144135,2.9396731760351127,73.05017211148822,2.3991102881814608,0.0,13.083220972488343,98.46573715554258,77.75039482087851,1.9747372523131106,85.09448024104644,28.26860375447414,0.19961030464183666,0.09903170524092468,68.4,gm1_infantile
2.500879780990515,16.96106872290566,17.007351832693864,0.007864626944553995,0.15928079617615862,2.9646839385220987,69.79518298706395,2.3057119277162346,0.0,13.076952066757658,96.21339188562682,78.43615747893149,1.99539932877975,88.38894496569986,28.218579314167247,0.19728584148218356,0.09673321507750321,68.60000000000001,gm1_infantile
2.5966722421995625,17.1572082827477,16.28131842610816,0.00765229221570155,0.15177939632051293,3.0212400776964037,65.90749717315776,2.30508896325258,0.0,13.059640347816178,96.07564909788347,78.57697063305156,2.003041071865751,90.45888227769234,28.595785289439394,0.2016511481306357,0.10004377723203713,68.8,gm1_infantile
2.007433820214653,17.1454285894964,16.939707212615165,0.0077932186095358786,0.153416817575646,2.949713829872734,62.02013224102407,2.2852114985883025,0.0,13.058723157456308,97.7752878429704,80.12809699332432,2.0301539081186495,92.27971521538433,28.297950696452858,0.2038774295740195,0.09881074898558001,69.0,gm1_infantile
2.9485235603148108,16.787098821408527,17.859371202484063,0.007761379964277916,0.15990946801571884,2.965632493043767,63.971735042674425,2.302612071117005,0.0,13.021124336674104,99.4590687009525,79.73859607665561,2.007174727553332,94.20706564941,28.839897976022687,0.20914086293199943,0.09813456907263195,69.2,gm1_infantile
2.303835161748325,16.843766614201268,18.344550620393132,0.008044267624528631,0.16061710109018942,3.0792773007795224,63.20751758930314,2.2878302766290575,0.0,13.070596458051172,102.37050884834856,81.16789947130036,2.0025505585329624,94.25293289420955,29.16007196845723,0.21715843344293573,0.09922209443282483,69.4,gm1_infantile
2.4588127571523994,16.86889505849328,17.913092606722273,0.007831846456637386,0.1604890033561585,3.1819026571436417,60.39454618384679,2.278867365781528,0.0,13.09126394239522,104.4620802661434,83.10211787647066,2.0025688808459066,95.31800779054727,29.19523440801796,0.2197594294351232,0.1000519092385884,69.60000000000001,gm1_infantile
2.5562225674476386,17.002171784497445,18.128332647305466,0.007588514036177612,0.1590045432503301,3.2865968933623946,62.52559737887175,2.185147233595302,0.0,13.062980679886568,104.5061713381324,84.24792934966844,2.01292148546866,95.88478682016576,29.498427802505738,0.2163986082159685,0.09963666093134711,69.8,gm1_infantile
1.9422640057080474,15.64243191805387,17.0573533922983,0.007133616548066596,0.16113244980935892,3.306505462107976,60.98459148972325,2.0619533373215675,0.0,13.082073459882666,100.87139590451591,85.78172750480597,1.9584846312077695,97.33405549124451,29.242704347953055,0.22155220835677142,0.10716835464561492,70.0,gm1_infantile
2.8754528324655886,16.177019329510912,15.580444800122486,0.007096850165391121,0.15976359029356055,3.319463210264543,56.96635048254965,2.1089489411477684,0.0,13.118150410355932,100.5225009530246,84.31698876538634,1.9953486548635988,97.60045327532221,30.095739246878107,0.2276954045040394,0.10539349297637936,70.2,gm1_infantile
2.2462192466362656,16.390990891513724,16.585491221741513,0.0070632155316447155,0.15977451299134618,3.3127841449098536,54.457856767399235,2.1820193293149197,0.0,13.1062738837984,99.96892384321463,83.83093015980276,1.952433132298762,96.9790645408504,30.798743405067576,0.22663375683595008,0.10718769805355738,70.4,gm1_infantile
2.2704545650869172,16.874780910767786,16.345477123257105,0.006797747218603047,0.15980185514775067,3.2886721757928985,49.09115308025698,2.220373262292316,0.0,13.096781661397044,98.88857909090801,82.33332813194127,1.9528428231509265,99.46035184875066,30.97204878302539,0.21972557524162373,0.10784733122773171,70.60000000000001,gm1_infantile
2.407205377248276,17.64018788559945,16.69329632970578,0.005970709546962495,0.16113944892357168,3.2354003528666713,45.098282469112974,2.1896891820202997,0.0,13.048525729907963,100.03932532189265,83.32383330722044,1.948638862438636,98.65432997139345,30.656762278936345,0.22483475545800494,0.10438231265563443,70.8,gm1_infantile
1.8881754025684274,17.453393823987334,16.527777018853342,0.005494350805672033,0.1599764081404909,3.276800713486713,41.53189882429738,2.209699982092102,0.0,13.029462548090253,101.39985646278878,81.03881009881542,1.9523841176799108,101.16371847722844,31.345382143285132,0.22680234777671904,0.10380442307992753,71.0,gm1_infantile
2.9039214928857464,17.040548479228416,16.841137304386496,0.005225151927583261,0.1620745493550174,3.409659490349124,39.586564672761064,2.1145472618054506,0.0,13.051814082913173,101.51988361981145,82.1439650897571,1.9330393194018598,102.63456853653791,31.36702389641788,0.22310747616830906,0.10300058454095636,71.2,gm1_infantile
2.1966188817302883,19.047041416036407,16.65560086883788,0.005239599164820206,0.15949517680293032,3.3511067845541294,37.44602659528506,2.1621750518826626,0.0,13.026138892254432,101.93263542541798,82.83922893752671,1.9706467810349548,103.47283673796274,31.727433170569032,0.22673121552797953,0.10050594383114031,71.4,gm1_infantile
2.3070136211263144,17.85152750868821,15.63369989739875,0.005283130969483174,0.1598987864834983,3.3610424665728607,33.16644114634878,2.2674539020630253,0.0,13.08574673358491,100.16906007609037,82.08297326089462,1.9076423745057687,104.31461529631237,31.349065744981385,0.22134455840948156,0.09759498923829896,71.60000000000001,gm1_infantile
2.478137133549376,18.484559592702066,16.895726780355393,0.005046230565360817,0.16004775461693876,3.2896656266646334,31.286606435694644,2.2025166386101174,0.0,13.115244829673095,101.71612689497532,81.30367991253905,1.928115218514476,104.58946676700167,31.301703882846795,0.21787055475535266,0.09651137969582739,71.8,gm1_infantile
1.9825141574431722,18.748610092896758,16.948040508882926,0.0048949632007002745,0.16840292353834244,3.3729778210651213,29.22635826561307,2.1683586540306483,0.0,13.119228360442841,100.96367074283754,81.92930529964002,1.9607584510017448,103.08762863125287,30.9207396541998,0.21554468964492335,0.09570556559819203,72.0,gm1_infantile
3.0928208815659137,19.63064830117893,17.60347035021424,0.004747765992437068,0.16665329769519052,3.292411297708666,28.4341028857236,2.175687480154054,0.0,13.112749843457276,100.97486223707038,82.26042807249954,1.9787700199751186,101.42021023979964,31.31855900139501,0.21549397986610253,0.09361214371340061,72.2,gm1_infantile
2.2760177679053024,19.534328591354598,18.705506642172764,0.004942601183066379,0.16731428167066636,3.4161943023629493,27.06928029710881,2.2163634046575686,0.0,13.097374935040513,100.26421138376135,80.16095193192906,2.007636853748894,100.8936528032697,31.07302373836389,0.2099257579474944,0.09333080642892219,72.4,gm1_infantile
2.5056636454982955,21.73933061418664,17.256684150776074,0.004777967213833959,0.16281958383696205,3.4828154681690324,25.943581232703053,2.139920264191461,0.0,13.083105729196866,102.66510536349163,80.89974913887598,2.019828958044676,97.71248794888977,31.13572202656604,0.21999339552108588,0.09628626351925096,72.60000000000001,gm1_infantile
2.4872598252949087,21.23444761465039,16.341119984029408,0.004980864966804188,0.1630593346253334,3.4402631003715616,24.66207263028219,1.9664207730916774,0.0,13.083877553526282,104.0326437773575,78.96667724196105,2.003439956180744,99.43585418647166,30.62568242352142,0.22114116940440065,0.09656481282814287,72.8,gm1_infantile
1.9881938448376213,20.841391960428286,16.219247980364244,0.005032854715531257,0.1576436175030582,3.4318532280422023,23.149732449552296,1.9673845532417826,0.0,13.09980600329065,103.18342930228367,79.26300887654462,2.0379670770469245,98.70905894852335,30.77795829644064,0.22020316677214397,0.09656533333125324,73.0,gm1_infantile
2.9353907613545505,22.257168079826364,15.664696410245568,0.005117206182740889,0.15484080968849137,3.398467071044268,22.789435497404195,2.0298057878442695,0.0,13.121825896166216,102.97872397434003,79.40474614062217,2.0138222142521287,100.29270180607232,30.585040237008478,0.2276383142773776,0.09601443334586536,73.2,gm1_infantile
2.298562927698279,23.105668578446064,15.729989913880239,0.004957629390771689,0.154121821026694,3.4580011943440323,21.298869890529872,2.0260978832525702,0.0,13.14692322575267,103.0356865636795,81.50482562497801,2.003650779111589,100.33960713143497,30.607840916853295,0.2210059995910124,0.09393979729647134,73.4,gm1_infantile
2.4041597386883984,24.323548858750407,15.773610459327646,0.004770099960166434,0.15779366173841183,3.5598030755544317,20.99636978472114,1.977877696180642,0.0,13.20005469173928,103.56415381320734,81.35775327780648,2.0170963902222017,102.08015074146726,30.467015898206974,0.22208070904618732,0.09603320152288708,73.60000000000001,gm1_infantile
2.4499281254738414,24.088382692375422,15.101872645891683,0.0045068545202905895,0.15518879760693835,3.594571054696695,19.75709747236664,1.9397593312911638,0.0,13.165947099206495,104.35409471456796,82.74748638465577,2.008792657074095,102.18473877789954,30.7135872189641,0.21223180467405728,0.09732232378989483,73.8,gm1_infantile
2.0384759316625134,23.693982745813457,15.131595864036264,0.0045352120691910126,0.16038196018517298,3.6616796302238086,17.651569536371316,1.9706436133664893,0.0,13.183988252674379,102.93929821653362,83.20291659425982,1.9684223330661532,104.27567137939967,30.414868997862353,0.21260018131288053,0.09559743185056407,74.0,gm1_infantile
3.0200097849909953,25.35166991653599,15.301343973999947,0.004351614890477614,0.15568406647667296,3.5451265487525205,16.180051017000963,1.9655918731172126,0.0,13.167182635454408,105.32616792184128,82.54666190964329,1.9561646037250469,103.16323905950811,30.915894377720274,0.22283641471661014,0.09203918525095363,74.2,gm1_infantile
2.338220123749757,26.970395799992335,14.477337725468082,0.004350916560910329,0.1593694125329816,3.554403515646987,15.66965740337852,2.0615724592572073,0.0,13.165062017227644,104.76176807766015,81.67654924136646,1.9761996528116292,101.65786292462487,30.903439304369872,0.22333532638675352,0.09114122170544947,74.4,gm1_infantile
2.4760783310252954,30.583161723041076,14.597315271862032,0.004193848531458753,0.16238799990686328,3.5742352703259828,15.568989996776972,2.055548122605218,0.0,13.112361274524003,102.6974484407667,79.83437613387858,1.9803768112228337,100.20192171852335,31.52062885329079,0.22348308361616445,0.09078288303058446,74.60000000000001,gm1_infantile
2.5198538300501356,31.178299645468172,14.363056349221386,0.0039620209753914205,0.1661053529768887,3.60168476356706,14.75311595035742,2.0748168676522787,0.0,13.123301051128925,101.77410478360427,82.23197219281708,1.95908177737716,102.71102004315776,31.530569174888832,0.22755819012824974,0.09242830917867571,74.8,gm1_infantile
1.9812298539379327,29.34920693976254,15.373617431745467,0.0041507441226293455,0.16447427660238637,3.608704220687755,13.876237682236715,2.033506657158172,0.0,13.09357000986463,100.69556925042829,84.17165870005667,1.9697092811764338,106.06153087835479,31.43033894324685,0.22820655416813238,0.09121881500973042,75.0,gm1_infantile
3.007631586903727,26.18614946770076,16.079555157677973,0.004113495104695765,0.1635983154063699,3.5882720664190253,12.930490650790103,2.0556329240273974,0.0,13.108271328210508,103.7412513702879,86.0043602186252,1.924406125988397,105.67188797820694,31.698788484328553,0.2278463377614727,0.08855427052463087,75.2,gm1_infantile
2.3781266263609657,25.984393366617446,17.645072918081823,0.003991513204715859,0.16726596276543956,3.5126668414616553,12.032114522211263,2.0740191305242646,0.0,13.07994430517844,103.96646684050486,84.55882174735744,1.9141028448144304,107.23573345282905,31.60356145550785,0.22657753804519515,0.0864927783219974,75.4,gm1_infantile
2.4574938229363594,28.246819506097033,17.779340817268327,0.003768489471097326,0.16541521951909408,3.4192060522617047,11.24161643642975,2.1296645094104893,0.0,13.13506630811618,104.02433250289879,84.65546317804825,1.9251535268013158,103.81129810229064,31.78025908319438,0.22634086157123492,0.08956999440986677,75.60000000000001,gm1_infantile
2.605597063617662,26.218893392343638,18.92118146759326,0.003655518210245083,0.16143208702933604,3.4369477853528596,10.793091452971876,2.1975610958012655,0.0,13.140812545849515,105.47943994089742,86.04302418348239,1.9400671287660118,106.16260487736609,32.1298763888833,0.2271970904746109,0.09223480664086109,75.8,gm1_infantile
1.9756341101437516,26.00347919426214,20.47672300134529,0.0037984438657374664,0.16074706129142133,3.414377524853769,10.860748987181907,2.2068061256953855,0.0,13.131062453814188,106.1344756268161,86.15172071037732,1.917307367243272,106.69289148174852,32.332134808436884,0.22528919942673517,0.09425693736823439,76.0,gm1_infantile
3.05477812973786,27.013096004521746,20.214617132505804,0.003824262221720375,0.16037613772795997,3.344918673592577,10.689412051098921,2.1739919507436944,0.0,13.173625030672634,107.3338540318857,86.5736872012945,1.9161449982405325,105.6060840723648,31.673400562044204,0.22093122050368144,0.09429205475865787,76.2,gm1_infantile
2.24748383472972,26.043045340257805,20.013669296318497,0.0037159853383272154,0.15737117057158534,3.330014778582228,10.85628638826769,2.1852957687824044,0.0,13.17131544888105,107.47009412521585,85.81872757677444,1.8911902641937741,107.38300913353638,31.58503347416285,0.21559567671567212,0.09433620225189165,76.4,gm1_infantile
2.398403925200331,23.10559403809478,19.981842305304816,0.0037563734835671173,0.15832959372622918,3.4708002993983285,10.880660794778558,2.2444369979941077,0.0,13.19336720688514,107.88192348184641,87.08150648878035,1.8719409027458005,107.86238942886915,31.401608401484715,0.21753502207058845,0.0931016770034468,76.60000000000001,gm1_infantile
2.4705644508500804,23.423653772992026,19.794257364833378,0.003428638408139214,0.15261905601518713,3.4050949193172073,10.24303183313325,2.2164930694431817,0.0,13.224534876400769,109.15178505892543,88.47400519053876,1.8821115949879246,108.50895107570588,31.958787286394735,0.2220628526400772,0.09402155148729271,76.80000000000001,gm1_infantile
1.9495499105581893,20.464013749895084,19.48734751289207,0.0033205981889502492,0.15598386840977838,3.50679373574518,9.531680167269272,2.2615619179890976,0.0,13.190533553349045,108.97879966810989,88.22479903471753,1.8380185015248158,109.78899266971182,32.339810941394006,0.22733682083892465,0.09323867713272514,77.0,gm1_infantile
2.9754793249789446,20.222943104973005,20.900991093098238,0.0029325378073512664,0.15204684327689366,3.5116021178964663,8.967389458510883,2.1870964718136756,0.0,13.170852624757385,109.24337741861656,89.09976737800051,1.8271933806561538,109.46223586599488,32.35485954315309,0.22727268497826897,0.08981076649167895,77.2,gm1_infantile
2.358541154445821,19.753073600210914,21.950857315265353,0.002934707961345011,0.1554555999010435,3.4529448882156415,8.624277650000511,2.065738808862677,0.0,13.207483561607102,111.61447243428823,87.86400247051854,1.8110455923700435,109.69173589456271,32.696940845554025,0.21846665970724008,0.08677767475278039,77.4,gm1_infantile
2.5028048322503555,17.701232059580494,21.310227924145153,0.0028910148179446017,0.156271466486736,3.4490858509747975,8.320280533787182,2.088520464360981,0.0,13.188091983279714,111.83047226492963,88.44606914655253,1.8484972710698304,111.18657858583522,33.319588705699026,0.21550134468893983,0.08590382178066448,77.60000000000001,gm1_infantile
2.5733018035357365,17.565645865253238,20.135423726234915,0.0029649918113099096,0.15874913357950354,3.435267219469916,8.270949349233193,2.074435073781669,0.0,13.148211928928992,111.77075466057555,88.50499507439648,1.8590262607010068,110.57652815679288,32.30377862159011,0.21036015781632528,0.08592626161245802,77.80000000000001,gm1_infantile
1.9600668525927023,19.240107671215085,20.464392517346358,0.0029121022878992363,0.15798475110310128,3.5090217491825353,7.957753482903907,2.0468077526001656,0.0,13.189698529552631,112.51973847760945,87.79647837093123,1.8511244395728148,111.65971042816749,32.28244933415716,0.2078920575250786,0.08482160752361374,78.0,gm1_infantile
3.0001068151774164,18.711054661159547,19.880695454792725,0.00271571042546385,0.1576126990693536,3.5025546195354664,7.714748442988547,2.034435302910926,0.0,13.210109305387757,113.51303142803579,87.64283408525328,1.8320057508490613,110.43693705068166,32.113831373297444,0.20801899799163853,0.08348694464348114,78.2,gm1_infantile
2.3528353721800284,17.831392316229756,18.291533788722944,0.0027400293339051593,0.15530294306436299,3.455440700826401,7.339196071058385,2.038650976867903,0.0,13.197911164671941,113.33694838357474,89.04174225146656,1.7830809247375758,113.72511307998683,33.27211828603857,0.19584535428175656,0.0834497815940649,78.4,gm1_infantile
2.4349858345651234,17.536226217779276,17.813403218002698,0.0027635936321428333,0.15427614196191447,3.404570291380831,7.196327015165925,2.0560251064401087,0.0,13.149120925779906,116.56002033790095,88.40387971437653,1.7751865855802857,113.43161624099697,33.600951154388525,0.20382423569947722,0.08468028300133838,78.60000000000001,gm1_infantile
2.453646129846299,16.2633180107107,17.367061415308438,0.002679696700284829,0.14781834483913012,3.459914710019872,6.902208180285993,2.1324440155227644,0.0,13.141527864652046,117.38778410170053,87.08266294612172,1.7856018082814467,112.98174761327716,33.19633459749707,0.2025451738455895,0.08394121642534896,78.80000000000001,gm1_infantile
1.8477048019461622,17.138365330811254,16.619780949710126,0.002795406842011967,0.14289850449450867,3.5657395012467368,6.644222874586707,2.106823984404296,0.0,13.131135474741939,118.79252801688394,88.98375970942818,1.8097178845455173,112.68617125562892,33.36211839974071,0.19905242876358034,0.0822304223220699,79.0,gm1_infantile
2.853073759238235,16.61145902958474,16.70244565143709,0.002552448022748623,0.14216761957936958,3.667416046172876,6.7811020414882535,2.043814623213965,0.0,13.144348554189753,115.28663874894784,90.4454092772903,1.7996339811304156,115.82269318201433,32.68104821494144,0.20319363508824492,0.08217054772448769,79.2,gm1_infantile
2.2136343984256324,15.528437076524993,17.03427033042601,0.0025617736462175667,0.14737383605106724,3.737343934230202,6.579721822513443,1.9601787946586855,0.0,13.187424631737816,114.23377200659019,92.38222442907895,1.8073956884110036,116.6695374457523,32.632512789418016,0.20621598213016054,0.08226574925917549,79.4,gm1_infantile
2.3485483633347215,16.11822193898963,16.769566188060786,0.002436337456440478,0.14875962441389254,3.7363328617540077,6.5769114483657045,1.9150293922712638,0.0,13.23839098863782,116.7774954804953,93.60208318095555,1.792930713739149,116.53969216969617,33.32927706210749,0.2045972665468202,0.08124152966983725,79.60000000000001,gm1_infantile
2.569622421137046,16.083571209440624,18.01523526610157,0.0022667529051321905,0.14988218272239295,3.880724513585797,6.493853590149996,1.8894591901852336,0.0,13.27017135216731,115.71552271786852,93.59802877397586,1.7584847501835166,119.33919086273484,33.93279990671114,0.204468096272579,0.07930638857975851,79.80000000000001,gm1_infantile
2.043359231301428,15.827321665527284,16.974348133343508,0.0020811094743122694,0.14711554735873217,3.78400261379227,6.277758070252473,1.9035734506666022,0.0,13.280431462176445,114.74072777643138,93.7948414697479,1.7994469720248631,119.11016134791141,34.188908544360785,0.1974547707685186,0.08218639752556575,80.0,gm1_infantile
3.0267880629574533,16.699110327453443,16.734748495226597,0.002083724134455942,0.14873237739621534,3.7565558369019105,6.393664636998989,1.8502731069465064,0.0,13.268550191732901,115.42681246623702,93.3297267506849,1.7955661088278252,117.73402429070924,34.38226453105724,0.19767996480496605,0.08133038907895142,80.2,gm1_infantile
2.3629335329099894,16.945582574163684,16.161825351187783,0.0020306634791208843,0.1448117835421389,3.9208062040698484,6.502301706768266,1.8623866281935475,0.0,13.209658402013039,111.67781836216233,92.94670274427816,1.7576290994334263,117.69671923186067,34.55607593208198,0.20182485161553004,0.07942082224950917,80.4,gm1_infantile
2.501387946586597,16.939482765514217,16.32062685597453,0.0019508985234760548,0.14876205114586893,3.915995927303826,6.71057120223312,1.8057379669846767,0.0,13.207598832946791,111.34707428286988,93.8551141576933,1.7456115634153513,113.90434297963293,33.24334318347727,0.2076590888804554,0.08176649678978964,80.60000000000001,gm1_infantile
2.693155224269198,16.93328409042407,15.305036129520897,0.0018812433651448162,0.14818470136881162,3.8487156899472788,6.8869169452848045,1.9112669649553928,0.0,13.206980825873938,109.58994738328175,95.9368827020734,1.7425008287105923,113.8185132803862,33.542086741268186,0.20496330970676518,0.082169039959446,80.80000000000001,gm1_infantile
1.9619813534896582,17.995977639245716,15.165680285550815,0.0019216888207563279,0.1469062591760522,3.8422070454965134,6.538779175293074,1.9324473768360761,0.0,13.192326597999603,109.75926419059108,96.20215783132775,1.6982621268473281,113.82219137529594,33.98406759554387,0.20324855253261148,0.0818893302055534,81.0,gm1_infantile
2.993786781226363,17.73669227661889,14.444626674052378,0.0018791610429395211,0.14960036149245853,3.7734473846385814,6.37767047970109,1.840807267229039,0.0,13.189305582864085,108.68150647656996,96.42977421137884,1.666526415565166,112.61059066040116,33.40527889324686,0.19847082438227798,0.08454313505492042,81.2,gm1_infantile
2.2929079104362367,18.26470882045521,13.892389647565231,0.0018917564044727444,0.1455878227611277,3.779274475846265,6.318513669494212,1.9642144791173697,0.0,13.171534380548911,109.85646987459727,99.34358554008655,1.6262211185205582,111.70685785458296,33.38208631754104,0.19666332672280823,0.08404759786140656,81.4,gm1_infantile
2.3610822361446586,19.609613769631192,13.044346618239155,0.0018388018785728164,0.1484300363682538,3.780135668983622,6.09279613392083,1.8764664570029717,0.0,13.14896051974339,110.32605919332599,97.59387874184362,1.6400289664229404,112.2467093593902,33.55012741354228,0.2031297569701677,0.08335479330682519,81.60000000000001,gm1_infantile
2.440757473992844,18.926298543743886,12.998773635758424,0.0017945414940491288,0.1450836743952865,3.6489236469621726,5.962737240302014,1.895817753282097,0.0,13.183981233248652,113.42326562464254,98.69817513519929,1.6666183319156576,113.77125025982059,34.41086314292107,0.2117283528947733,0.085277473280153,81.80000000000001,gm1_infantile
1.894544299267341,18.641935577800645,13.026034724891867,0.001735735406378312,0.14651203247826697,3.605570663129984,5.92376796938737,1.7897381341225975,0.0,13.177186543780579,114.2707548855569,100.74965862421037,1.6692167504886086,116.3383023994866,33.921099948370845,0.2233654611525105,0.08749922278071422,82.0,gm1_infantile
2.9442968244217713,19.94296717247038,12.406644972328309,0.0016820277579882043,0.15071213687070614,3.490724254187446,6.014492200936576,1.8490023309622412,0.0,13.130330688072643,116.91376368211128,100.09339438901401,1.6551400395472056,114.76808551200472,33.51037351204703,0.22534417853688066,0.08547275768708308,82.2,gm1_infantile
2.3531239706411133,19.236955309225735,11.845883820608229,0.0016157933527473046,0.15122492557574496,3.477870748402384,6.032616813042943,1.9187448053062839,0.0,13.120933917128678,115.42513208929326,100.29440080322577,1.6617491819022752,112.8532132168486,33.19477144673153,0.2217109823610365,0.08520800533123372,82.4,gm1_infantile
2.4330226337615755,19.872254375036544,11.120526874958411,0.0014936121595032332,0.14947118353288677,3.4714834755034096,5.816974031455953,1.9129570227491142,0.0,13.10910468356538,115.8044851802442,99.50640420184928,1.6911238768294774,113.91491124279436,32.92096842094951,0.22215347457689652,0.08557720449629252,82.60000000000001,gm1_infantile
2.6004062824748835,19.12732946243279,11.640889289367049,0.001464946200984484,0.15391706293746585,3.556984122281211,5.88423021735979,1.9283872991957864,0.0,13.103521291430921,118.58693167375716,99.71144740619721,1.6778743511538616,113.52844545051451,32.47439458279459,0.224901998415684,0.08415193340643212,82.80000000000001,gm1_infantile
2.0416187477133976,17.791115897328442,11.805507538669819,0.0014961696124187623,0.14604624034184557,3.692138272248473,5.834148728824422,1.9521526607636432,0.0,13.124519580630981,119.15446397812894,101.1543636753599,1.685507592099976,116.57075187031009,32.789426626604,0.23497163002075633,0.08600239799268397,83.0,gm1_infantile
2.966381619561383,20.33355327883721,11.567188116616231,0.0015475281981472972,0.14552580868138076,3.7661087010178464,5.728331683448912,1.9837515376395953,0.0,13.170645592105329,119.98645166817141,102.5286583687699,1.6329874971328227,116.77030444510306,33.055910238617074,0.23606907356918638,0.08799456669006693,83.2,gm1_infantile
2.2965905434800438,20.36708303978505,12.323799275358041,0.0013946452105823902,0.14685089719587724,3.7464852630488155,5.590483209683522,1.9877164506122478,0.0,13.200988070042525,119.89440099415076,103.83307860113048,1.648061874712864,116.97449654139015,32.83426117583882,0.232654650624221,0.08977922098291287,83.4,gm1_infantile
2.4276109516529085,19.100460695994013,11.53696548640413,0.001408041738656328,0.14445415620159427,3.771602052387447,5.792013479226297,1.9041924966474855,0.0,13.19565340722805,120.63242516594097,105.66311642900529,1.6148032603705849,118.21162002975359,33.37702604114361,0.23161563127053503,0.08962392473713159,83.60000000000001,gm1_infantile
2.5521324594349455,19.367406259519896,11.942107314987517,0.0014075877741161569,0.14071519152552311,3.841651821190906,5.970617091524608,1.9144918522989856,0.0,13.191971209202247,121.07008580325828,104.13786641556092,1.6030698432002108,116.33115840072777,33.733057502917184,0.23240087074837015,0.08650330111837536,83.80000000000001,gm1_infantile
1.9604408762317316,19.23694463070577,12.315704472723588,0.0013589801779277852,0.13762997930251092,3.791266500419024,5.852046095856995,1.9064469095912153,0.0,13.186049706972401,120.50525296240241,103.73675525707189,1.6539585886356565,115.47760666323765,33.562984086677005,0.25005865242222636,0.08743694615672157,84.0,gm1_infantile
2.9259179283440107,19.939405328523385,11.904577099051245,0.0013760250000444383,0.1364089140109428,3.7637437784582617,6.093474948415073,1.9319572108549679,0.0,13.198582821156954,119.91197416648664,104.68080778645535,1.6767993748767835,116.03406873851978,34.466271424980484,0.2547108031474664,0.08796212615978412,84.2,gm1_infantile
2.306519405003213,20.072564853987476,11.366573118309564,0.0013434190743692952,0.13651719787378333,3.738030388261115,6.116733030613025,1.9282398671561296,0.0,13.217870750400644,120.30674992061039,102.86559445017575,1.7132495514879151,116.15799023974786,34.50738545141998,0.25260223175568325,0.08711401679075605,84.4,gm1_infantile
2.518327836983719,21.474625956582663,11.72409351962612,0.0013107258801854779,0.13785144658695847,3.745308151906115,6.0573140937672285,1.9456620681125545,0.0,13.22503138827746,120.76077670713013,103.79292868908914,1.6945644759382277,117.61212604876441,34.16867232387359,0.24922985381551638,0.08619831968196384,84.60000000000001,gm1_infantile
2.5385883524372708,22.529299311835754,11.378956225994054,0.0012514593723277612,0.14120079646798903,3.709710798920544,6.00117670028987,1.888383495420301,0.0,13.249797272490289,122.08602205789495,104.63370885344845,1.6918312641886477,117.12348649890156,33.87683295087405,0.2563764948284466,0.08779666578319402,84.80000000000001,gm1_infantile
1.8909646806103302,22.398667769016996,11.415213371866692,0.0011763479467627358,0.14117327837517352,3.6849913174288167,5.835538246796331,1.8249902383294816,0.0,13.23849931376225,122.06338798558902,103.49963106307844,1.7023151307998585,117.35359563331093,34.2209607627652,0.25517432740651314,0.0863794481494196,85.0,gm1_infantile
2.937525391388821,20.625698051872316,11.877616989304087,0.0011134681351026392,0.14351161037441723,3.665651272297512,6.007693395123355,1.7950647973954634,0.0,13.249482756707282,124.11206697996573,105.93003200031153,1.698872509087885,120.61098329773975,34.1677504516641,0.2613682786544957,0.08469497597222939,85.2,gm1_infantile
2.326568842796967,18.16235547105646,11.42359897873239,0.0011094304034990781,0.13876121372059022,3.6969612541747368,6.145283220467181,1.8013930038714958,0.0,13.235143485779703,122.62265710764446,105.87051912491695,1.6968560394021082,120.42553986680929,35.0236371136464,0.25703454931067,0.08749284864461153,85.4,gm1_infantile
2.399011851165423,18.153133906735917,12.125777554768455,0.0011325376198968052,0.13688302167085603,3.7364986939474334,6.190285217327504,1.803050630899872,0.0,13.290080333580734,123.51560695733434,106.76241161110237,1.707859380727003,118.40249897011556,35.316772910981605,0.2510922280732989,0.08645761663714421,85.60000000000001,gm1_infantile
2.6263607661359174,17.844971376640892,11.79081432068604,0.0011569724610392285,0.1334410038636633,3.70910818195734,6.363845585236548,1.8268738592812126,0.0,13.305957162834689,122.9711776681047,109.07299069203945,1.6895476866760215,120.41467518402035,36.24317348693862,0.24620609385184752,0.08619468787697414,85.80000000000001,gm1_infantile
2.019621869325635,17.035071580428095,11.996966681466104,0.0011239330559241405,0.13215457055521257,3.714636551830479,6.3292708756400105,1.8555522213351463,0.0,13.289149993519477,122.88873165593677,109.08392172236017,1.6752925684138464,121.25523210692104,35.442687749658006,0.24206690554932522,0.085761957033538,86.0,gm1_infantile
2.99214907086891,18.48496795521043,12.044026470885488,0.0011079441980495646,0.13018233572928278,3.715773867950718,6.080774073483445,1.8612306006927735,0.0,13.28061037389507,118.85399541591677,107.52194560336494,1.7042634851550542,122.92630263533935,36.149941157848524,0.24955190656715878,0.08716600909422674,86.2,gm1_infantile
2.3101921793428244,17.53152379762724,12.747804641628873,0.0010877769866630554,0.13710103035925764,3.6935789276379114,6.3866347533077255,1.8662189784741328,0.0,13.330792687043916,117.36388656330665,106.9048542152438,1.6763742793351815,121.21898166265143,36.546529517916476,0.24828738910079207,0.08736723251749526,86.4,gm1_infantile
2.469020753228583,15.811913135944629,13.528070871276437,0.0010519534345379456,0.13816950918018586,3.737369527007205,6.575811275211305,1.8729621587769054,0.0,13.33219574478892,117.81632714334225,105.51353437418508,1.6754555183855462,120.94292973510942,35.96403921395799,0.25189795376830815,0.0863818228719413,86.60000000000001,gm1_infantile
2.5384387405841466,15.45558704889764,14.256292730993236,0.0010288425931956515,0.13783583403159017,3.710509003910411,6.5819477225068885,1.9464990114292666,0.0,13.352388164276704,118.91260635028885,103.66300773736388,1.6515953189726194,120.92831550833762,35.68783763757855,0.24582083111823505,0.08295303812889017,86.80000000000001,gm1_infantile
1.8546210685005395,15.303511775698501,14.14108693163871,0.0009789041687943843,0.13750230829903975,3.684520949060774,6.702260358702205,1.9292085184586008,0.0,13.358156436368496,116.82645594812894,103.62687747939565,1.6203355796186203,121.0666235282603,35.40630792226633,0.24779298726347732,0.08061608729454019,87.0,gm1_infantile
2.9056917067786308,15.705161712649883,14.655617226309122,0.0009323682651560028,0.13698089855384823,3.6995421376040185,6.905623961542603,1.8512562328049265,0.0,13.441887114821421,116.53736959876201,101.12114694804112,1.6038331005804891,116.96169824515393,35.595534755436674,0.2521775514005455,0.0791075004149032,87.2,gm1_infantile
2.24422913719917,16.630189338268845,13.475986161289239,0.0008701592210166846,0.13570977814845758,3.6529118837570813,6.749249990649117,1.798627518965521,0.0,13.437099925893767,117.53856156686716,101.4895992896252,1.6044826558455298,115.0461913557279,35.90536276147049,0.2501619299944511,0.07893253474377851,87.4,gm1_infantile
2.4432137704129913,15.959277239502587,14.296268952952039,0.0008983904674294571,0.1374440780573828,3.5923221630806617,6.288049064650394,1.8778533906251003,0.0,13.414425842288571,119.53904163447153,100.41854940371584,1.5916223168132397,116.19407580015871,35.44547743180295,0.2493952263673952,0.08099575564031665,87.60000000000001,gm1_infantile
2.552726339826963,17.086999973935267,14.979245813625155,0.0008801679052620441,0.129873643963959,3.525181410975501,6.385877009863139,1.8164292245547247,0.0,13.424280778190468,122.04623620950734,99.74479663949893,1.574332528922194,116.43246843502395,35.68722191601591,0.248388864368379,0.08303584951131525,87.80000000000001,gm1_infantile
1.8955479465669662,17.208932603209877,15.226190833132783,0.0008495658281289913,0.13179073642671205,3.5374570369783545,6.48987221313652,1.8565197460262852,0.0,13.405009267883164,121.13459788434062,101.49639801373364,1.584388757180191,115.15428207001939,35.84740066717219,0.23538685368675402,0.08208077404878264,88.0,gm1_infantile
2.977347648470199,16.967857801974706,15.247695971873872,0.0007452978003374611,0.13008712466311095,3.5619201567372203,6.527524291036289,1.9266507811908675,0.0,13.399743122683134,119.10955809559547,101.31355360597973,1.5542986936038579,112.65192362587865,35.40210318691101,0.2433358585891385,0.08169343977096544,88.2,gm1_infantile
2.343767671534126,16.609400182065823,14.010158598732334,0.000755329841289598,0.12337558948160846,3.5295348965577573,6.4670969361147845,1.945089440777919,0.0,13.34448443710423,117.9651144429706,100.39663513739559,1.5349154218114864,114.46111101008937,34.90500311788467,0.24482594449218772,0.08208880221825365,88.4,gm1_infantile
2.516493408657981,16.472506618037354,14.478923829501733,0.0007351454960425243,0.12406203067020492,3.438338844857548,5.989345941954104,1.9744862265708736,0.0,13.35838032626795,117.27076870467184,102.52129975921599,1.5222850594584254,115.42874516494201,35.26125134352466,0.254238458141358,0.08160427361034366,88.60000000000001,gm1_infantile
2.5603528662550885,15.223807246461337,15.465493560606452,0.0007312223864058242,0.12480434203496311,3.638215117123827,6.0560249780871365,1.9186916573888504,0.0,13.328994504752403,116.785944740841,102.06176826306567,1.5073407631165467,113.59230457424844,36.09793359176668,0.2557417734074576,0.08129082628504966,88.80000000000001,gm1_infantile
1.990293442289004,15.688379771359836,15.543288253790486,0.0007343573436994917,0.12465457929593035,3.6842346218708384,6.155368450196813,1.9271486867784446,0.0,13.37438544665047,116.17789176389128,102.69286762825881,1.5125869894870227,113.00745361399117,35.780648117196186,0.2535230355721007,0.08049945983516753,89.0,gm1_infantile
2.944323811356027,15.09317605325548,15.624125175753116,0.000753287740446493,0.1256860277406972,3.518876418646511,6.222410049685783,1.892371120719171,0.0,13.373661800101697,116.01877213057034,102.64440173306393,1.5089006367736368,115.41430471211441,35.84432700973234,0.25955400807175866,0.08230828205381599,89.2,gm1_infantile
2.348247227729731,13.873309355047475,16.301721852627637,0.0007256132746861024,0.12718594348076087,3.4608100410221363,6.006846358832784,2.011169793761575,0.0,13.407678461231667,116.34472954345587,102.15989230572059,1.5049751903154962,113.73034056688165,35.91056224029344,0.25313499362589253,0.08168215147421784,89.4,gm1_infantile
2.5181091104276536,14.141747626891002,15.084585588248279,0.0007331558122842055,0.12663147889392787,3.4303792869411347,6.131019295503195,2.000638098156447,0.0,13.46288945938159,116.45789826933621,102.14202698350663,1.493893381477382,115.85813153665808,35.73116822246767,0.2443521051175537,0.08055340289854963,89.60000000000001,gm1_infantile
2.673881851592737,14.887564938109058,14.785312004506112,0.0007549628703823124,0.12823522645974128,3.417146901940971,6.10558319330278,2.0249743510470313,0.0,13.462722165255638,117.08061874907239,99.95007139702793,1.4872840488480514,115.68567613425527,36.3007263598804,0.23431545601847334,0.07997118622950793,89.80000000000001,gm1_infantile
2.0041550925761067,15.781249680337638,14.655503851825944,0.0007894384770666008,0.12960972738222812,3.3954387201695746,6.15189271201151,2.0102811903033153,0.0,13.422375090090805,115.93104554459944,100.66213059700195,1.5091808471718493,112.61507822105986,37.04729346922001,0.23344860980327986,0.07677850797515104,90.0,gm1_infantile
2.88868469005943,14.480020890664038,15.13514906418326,0.0007534037717659592,0.130929429987327,3.3657961670212355,5.97870200889422,1.997655516034876,0.0,13.42900113678705,114.85193597369057,101.98426935622133,1.4937819546286524,111.61762655261576,36.8466184290209,0.23899965191598357,0.07666204489398862,90.2,gm1_infantile
2.2172192141919753,15.382529042414834,16.533322063964267,0.0007435160296141169,0.13404165226057754,3.4325400827444117,5.905430888592201,2.012468807624913,0.0,13.422546355306812,114.03734771317676,101.52856459811684,1.476090352406707,111.49815641788916,37.17943785331607,0.2382234051707543,0.07364599088038427,90.4,gm1_infantile
2.3327889626548735,14.182285230260378,16.571410925789475,0.0007416490245548906,0.1342495877044888,3.3883895820846934,5.958639068223238,1.9877076219589307,0.0,13.444530900833072,115.4453620940654,102.92452264713148,1.4613779811656162,113.59658084392984,37.00146348989791,0.24160305071402002,0.0729311133132429,90.60000000000001,gm1_infantile
2.44561621749677,12.524772210290001,16.17583585957411,0.0007287435649365414,0.1324601743375314,3.5005788255078314,5.791649705405408,1.9669442895257623,0.0,13.42729031956632,117.19776023253552,105.07745744843666,1.4451330271841016,112.80296633598844,36.49963242655625,0.24862753067268534,0.0749050336540778,90.80000000000001,gm1_infantile
1.8535903397526934,11.762667208212285,15.05735085170225,0.0007181872330259237,0.1335405980136561,3.3770238695660706,5.756721667099279,2.0569267015530284,0.0,13.47178808559388,118.35940734586676,103.64635657600539,1.436861706649189,112.93220178469348,36.10638048642358,0.24313338855471336,0.07758901144699513,91.0,gm1_infantile
2.8642322766872144,12.50485416484905,14.58182350687182,0.00070271788320367,0.13466750140972988,3.344961469806127,5.884330609867481,1.9493427265986734,0.0,13.397328609418498,118.13164244018682,104.93096186299469,1.446502169704948,111.28675605299937,35.61603818714348,0.23927605447471897,0.07802869441167182,91.2,gm1_infantile
2.1159726990665018,12.718374610345194,14.634406746805954,0.0006811321377232749,0.13569241407668453,3.3624725529542854,5.835012154874585,1.8758995581344478,0.0,13.368505992904934,117.35142361065807,105.69436112016537,1.4718456373672855,111.53817520088141,35.95558875278162,0.23154441112563057,0.07857528983099123,91.4,gm1_infantile
2.2897173771758164,13.648021852052176,14.13654160600805,0.0006611799295929134,0.13837229364972803,3.3610276095223033,5.7007194383849935,2.044746388781999,0.0,13.366271269123313,118.03456353377892,106.15935541073928,1.4655029380606157,111.57162387822743,35.91486559744112,0.22573550785456553,0.08256188614813274,91.60000000000001,gm1_infantile
2.413311095671344,14.159004928258195,13.815875197453003,0.0006391606519371045,0.1363879254747773,3.2732935097489366,5.7255931164785805,2.030995423053867,0.0,13.330251539447788,117.25737053323932,104.97110255332187,1.4915799544852777,110.58705460274714,36.2594374664906,0.23060686708093636,0.08240928153407907,91.80000000000001,gm1_infantile
1.7616817791408472,13.234837091022204,14.268829685130463,0.0005977773183432446,0.1370146235856514,3.2843616894540473,5.844755180482847,2.077400929810606,0.0,13.300905414796665,118.523885684881,104.17513826185217,1.434954338413213,111.85491210089265,35.8300253401986,0.2329297144491397,0.08512982930179229,92.0,gm1_infantile
2.835131725341593,13.933834210678476,14.242611166935953,0.0006203594729829797,0.13322208515271433,3.2881584197926097,5.999777967955583,2.077232333008184,0.0,13.287762748472536,121.99144404233881,107.27207037877433,1.4381194767364165,112.98355416927477,36.48039419033444,0.2267251690162038,0.08278042899992612,92.2,gm1_infantile
2.301814836428942,14.309301402179345,13.991960678480625,0.0006077751142368224,0.1257430409227357,3.2810239324554775,5.915963912614747,2.1391595121846683,0.0,13.304609340894086,122.75745806839409,105.21961854008651,1.447260935670206,114.23269861299616,37.165193991660765,0.23762075003072172,0.07981560452953353,92.4,gm1_infantile
2.4138353532120163,13.798006830864068,14.00999407663094,0.0005955223626212926,0.12455750027341153,3.345507329783962,5.788303316403057,2.081414571994176,0.0,13.293594556072463,120.86461253822371,105.2370771504391,1.4417050175245032,113.3173084543243,37.670901742149965,0.2371541774069866,0.08183626965676996,92.60000000000001,gm1_infantile
2.5083406224742752,13.866947714216822,13.558664671435126,0.0005830878993332495,0.12603283397861334,3.3241960732063873,5.914574573528354,2.040639362887787,0.0,13.276068704763052,122.37522421753293,105.40916504078184,1.4690286992395516,111.874360373801,36.99763453575389,0.23375595552925457,0.07943908995093021,92.80000000000001,gm1_infantile
1.8306778675496018,14.43974042827652,13.468619187339764,0.0005611172457671541,0.12441649127676116,3.292357165248156,6.2224612963110495,2.0152268234985415,0.0,13.299422737265994,122.13698691437122,108.4173880699147,1.4561596068792162,113.4534701742471,37.6068694957752,0.23090771940997407,0.07823287211131018,93.0,gm1_infantile
2.9174906009582666,14.837545540989614,12.574786121726527,0.0005273107942647652,0.11703632416184212,3.3311347127072,6.2004911077846705,2.028691409631508,0.0,13.266507770696965,121.47275536086765,107.52189348054596,1.4560483938730655,114.63427816578185,38.83507544798841,0.2306681160828268,0.08031002026173803,93.2,gm1_infantile
2.2299742818948283,13.715346107353271,12.344508689189558,0.0004871266260866223,0.11658199947811869,3.2877114262355667,5.904793759986781,2.1438727433870857,0.0,13.217718548759937,123.06452695837973,106.55623309543566,1.475035942963609,113.80089377664959,38.61489450993814,0.23229522191343144,0.08147050783911329,93.4,gm1_infantile
2.4178113174301745,13.696474305161022,12.586276567050623,0.0004902308866408703,0.11661486447346109,3.282177649838104,5.731147672873088,2.1827940145093887,0.0,13.205202090092875,125.30497582336035,104.61722576621858,1.505405679524926,114.05375168366719,38.84128799637333,0.23008810227310167,0.07857615067643164,93.60000000000001,gm1_infantile
2.5143301437358176,14.031410582203193,12.911203508563235,0.0004766251778286824,0.11054651404487487,3.195873020172543,6.119453167668743,2.117341504107686,0.0,13.177352316948138,125.10211948628474,105.58594369207022,1.4862294801295526,116.80097362506474,38.94140568186371,0.23231325005425318,0.07819700223229861,93.80000000000001,gm1_infantile
1.9488919686752877,15.367089921838941,12.772127227740311,0.0004971752556153889,0.10857948571362329,3.2426781895469605,6.24623631150897,2.0742188237271093,0.0,13.177272869022689,123.78263208116032,106.17939316816702,1.4866791215079818,116.94505433184685,38.96578474498376,0.23166334054903306,0.07763785595376511,94.0,gm1_infantile
2.982807523578133,14.782620829540171,14.35269000876171,0.0004624516977718921,0.10671207149152692,3.2160005711774717,6.627615599088874,2.021360199804293,0.0,13.184297413118298,124.4476203858714,108.0388412351474,1.5085920201715606,116.50365053293535,39.127425636070086,0.22202118147576652,0.07788901523704485,94.2,gm1_infantile
2.280754289159337,14.807502229860244,13.221515333188876,0.0004596043776221553,0.10229123403546461,3.2270113308171764,6.412799200644835,2.0022666277325154,0.0,13.201344559517928,126.4881770405424,110.40229315118603,1.4903974171539431,119.13231706923,38.42505785359116,0.225589090714246,0.0771103939680282,94.4,gm1_infantile
2.3707916128565625,15.32842710975765,13.737569194673913,0.0004653726446820075,0.10235328977208312,3.2367556583215817,6.522344076816242,2.0502304924902686,0.0,13.207070783999654,128.02514468553116,108.09147680722805,1.485237341885191,117.19147423230015,38.630246971575154,0.23383327764304973,0.07636757370666179,94.60000000000001,gm1_infantile
2.492898545473376,15.990952181758175,12.467989486185672,0.0004471336284338897,0.10276014838332286,3.0754771012283117,6.360210034681321,2.1329480645097862,0.0,13.217832582624903,129.6417851062548,108.4827231723753,1.493826637806152,116.95799011575679,38.75174522577164,0.23033817967497047,0.07862689424354614,94.80000000000001,gm1_infantile
1.9815609011789304,17.246200229624602,12.239785738829214,0.0004228842677743081,0.10530355536395333,3.1081697574910168,6.464960427929706,2.1251246720303643,0.0,13.185497654112469,130.83508287119645,110.58606323236073,1.5245239683361722,118.31393690802156,38.1008265118968,0.23115528873293756,0.08254789878926334,95.0,gm1_infantile
2.963410862820632,17.073004040974904,13.072451663868963,0.0004235880646549912,0.11086166363879059,3.0702777162775208,6.332332937144983,2.222617442897065,0.0,13.179400814427467,130.80078632865485,112.2064501087102,1.5345572023714438,119.27851463891827,37.95926745725062,0.23732483756919806,0.09038143131395393,95.2,gm1_infantile
2.3646658306507464,17.2544762228659,12.340223818985947,0.00040532614561410716,0.10986573023112178,3.0439758772208463,6.378438360945877,2.3441510555328784,0.0,13.174424303236455,128.77861531447348,114.30640116598889,1.530957549623532,116.77391142306038,38.3880150749692,0.2426349258774619,0.0856782998585461,95.4,gm1_infantile
2.438297670437508,17.11217928220161,12.783797639983895,0.0003895796379092412,0.10737710195367384,3.086909690806284,6.351284583981492,2.3775215918065453,0.0,13.1343498578954,130.17943571060377,114.75769404004727,1.5474915877451831,116.17758177567235,38.043128464485434,0.24991706823716706,0.08288119784505533,95.60000000000001,gm1_infantile
2.60661754521235,18.348459447450576,13.299369834278298,0.0003721074850946457,0.10498159651771452,3.0781481931258075,6.180479120879062,2.304565446973611,0.0,13.153139108781014,128.44278357149327,115.86565051229978,1.5542600271495828,118.79942068626696,38.39857065805079,0.25566297124777043,0.08384078250604034,95.80000000000001,gm1_infantile
2.0394415656418485,17.101255038171505,13.255240063973588,0.00036395978764672363,0.10396807545409514,3.1053161156954636,6.3441394465011,2.3275822218147275,0.0,13.131222174812425,130.43808431165255,116.47008046364229,1.530443193584174,118.72107532101519,37.57338210055208,0.25560291530411305,0.0835357157763554,96.0,gm1_infantile
3.019469957573504,18.518402756364036,12.58711659549934,0.0003658112916415858,0.10873736634960778,3.1681980888756187,6.380678779463906,2.2498541776075647,0.0,13.118848175999172,129.32387467904348,115.40912588439083,1.5211430585474839,118.79270028575675,37.884540071802206,0.2483610443043811,0.0823359631021116,96.2,gm1_infantile
2.350334262389901,18.378144505289193,13.717553811890623,0.00036134349659558277,0.10442589581978488,3.19463764965485,6.506977406911655,2.2414315453178837,0.0,13.170226264918869,127.56794803996311,116.49741601650481,1.5225860551340418,119.99751904794718,38.82651649197624,0.2512681462169541,0.08138720078404947,96.4,gm1_infantile
2.529450348023683,17.69068137352919,13.834089623089397,0.0003375891194507912,0.10160041785944036,3.199831116849458,6.58598305244768,2.1358369938089448,0.0,13.145820252130616,129.87118729629742,116.00652403895461,1.4971161629260261,120.36080655074448,38.41279875988,0.25824661685963235,0.08145635161122798,96.60000000000001,gm1_infantile
2.598119655554241,18.24507272307946,13.222040338332283,0.0003154559088713109,0.10210355857504487,3.139522953061823,6.401809061888121,2.195099461816206,0.0,13.108719883327923,128.88170902606785,114.66763542556724,1.530678453285925,122.07281866266126,38.258835796938726,0.261316023276814,0.0790875609988495,96.80000000000001,gm1_infantile
1.9364596602151323,18.325849120291537,13.520150395660128,0.000307890204195561,0.10224022301727437,3.146264315356323,6.406379062815268,2.1870574397392932,0.0,13.11522524973505,129.6828938376997,115.03568032181684,1.504002152872027,120.67017049572443,38.527086144154765,0.26977080911413975,0.07942510268387694,97.0,gm1_infantile
2.949515356190433,18.3889166488914,12.870951909214774,0.0003163501625191732,0.10223588770042417,3.111127216903207,6.4078436311587454,2.165423436585876,0.0,13.10900049713152,130.0390900699759,115.9861190425943,1.4866183964437873,121.21474408491162,38.73106215164566,0.2602510093043966,0.07994249074449201,97.2,gm1_infantile
2.3049310435453534,18.56139906420224,12.93381143251438,0.0003128109708505644,0.10490715033943343,3.048595583052653,6.387226404569517,2.22259603835709,0.0,13.122178840048628,135.01601752075086,117.00491748925023,1.5069903130134066,120.93892049661102,38.27957600439494,0.2581455332986116,0.08129199946006879,97.4,gm1_infantile
2.457174213823122,18.874303398622782,12.854950507901231,0.000302241098379818,0.10404299747182827,3.0911652888726415,6.58178058443378,2.1791306257270384,0.0,13.102803965153699,135.93189268813023,116.7606182239276,1.53658947012676,120.47705315357882,38.43429084065741,0.26140147768482214,0.07978787627749716,97.60000000000001,gm1_infantile
2.547772375623791,18.533756725308788,12.617437408642663,0.00029132856905125337,0.10622271926396043,3.060879498052046,6.711305057535366,2.2157203324594503,0.0,13.117729002251275,133.43852567984976,117.80594078511878,1.5235369527632998,120.7138170872442,37.834914305435916,0.26183729376240666,0.08152834086498058,97.80000000000001,gm1_infantile
1.8914343115243986,17.896054316591737,12.93024331568384,0.0002904034832080639,0.10014949147665715,3.1760800732613137,6.832548186065403,2.2738651638826632,0.0,13.063125265162798,134.72216117158604,116.97069276404171,1.5321861977016102,120.57743819578548,38.02060270173641,0.2570638774276971,0.08318999969821025,98.0,gm1_infantile
2.8834575523878283,20.026750325491665,14.317782926261172,0.0003019094552164016,0.10262348566249388,3.173212775914364,7.04650265449539,2.2614286257343816,0.0,13.106813706468833,136.84293380635117,116.97826478556821,1.5044845770988133,119.86820693000294,37.16687979119168,0.2622732032709604,0.08032069773010889,98.2,gm1_infantile
2.276313270544947,19.12203111694763,13.470183755561708,0.0002983094747118701,0.10142688281146593,3.223373235958243,6.7872910859305104,2.207926975185917,0.0,13.042656911855207,140.24044397967057,120.35075282025855,1.5038068231147828,118.78910089508594,37.085724738985704,0.26715939495884783,0.07946896077672863,98.4,gm1_infantile
2.4264963314203807,18.993405160116207,13.17323949775103,0.00028664160414955056,0.10166587788742244,3.1695248105320135,6.860242504886484,2.1775921645913043,0.0,13.08278815972203,139.96676041109296,121.89342826238286,1.4654716986004737,118.29337651443024,37.167226075105106,0.27859265581243814,0.07612855936428582,98.60000000000001,gm1_infantile
2.5232501080999823,20.454613127572184,12.766353611130002,0.0002786138967443282,0.101993261691687,3.182299578378579,7.149389176827674,2.212982159912908,0.0,13.071966350206102,138.6266077902727,121.56933120060947,1.4405514028142474,119.30921521001824,37.04268812629076,0.2741059495918984,0.0770526253460024,98.80000000000001,gm1_infantile
1.8546564003103074,21.20738178325396,12.591331852358897,0.0002847122959517122,0.10067048283412566,3.22072426765884,7.157375113180595,2.2606209926678495,0.0,13.023141870129876,140.56454770785413,121.47169475804276,1.4537176018670586,120.66183296682695,36.728235241234344,0.26823598578435504,0.07825987538928782,99.0,gm1_infantile
2.8925752400227904,22.02807475658835,12.61003235824764,0.00028950053711134584,0.10120254319261586,3.2393367375935256,7.052880748915258,2.2662561917593926,0.0,13.021270156796376,141.61093472707884,121.59280739081791,1.4538441896318883,123.72551131943783,37.39432629690899,0.26840405501670805,0.07870247817531378,99.2,gm1_infantile
2.219646687823661,21.73787009883252,12.923483374613214,0.00029252078821429266,0.10248464555385921,3.1776377018809123,7.211567956166767,2.249295186798839,0.0,13.059946088726083,144.45513386247148,122.06906320568007,1.4654039139081165,125.23470748357954,38.16757487390009,0.2725017734651214,0.07646731201116841,99.4,gm1_infantile
2.4733100900140346,22.802990205359315,12.75343695893304,0.00027596032948968484,0.10321503547204704,3.1641810282029423,7.244879901852109,2.291846241863332,0.0,13.027099291281065,145.22999044468312,121.24269243865052,1.4659604244953297,123.2097338678701,38.10191768310177,0.27657838633569354,0.0775816669130209,99.60000000000001,gm1_infantile
2.520815652050835,21.221244948872382,12.914346184126266,0.0002759193832850308,0.10371815585106545,3.1377124090218182,7.2727900435134,2.3784555647642636,0.0,12.9793202959161,145.64846818116447,124.65917024849342,1.4385551865643615,123.47890691412935,38.04991835258029,0.27684861847697306,0.07799037663656297,99.80000000000001,gm1_infantile
1.9815878719289992,21.182592429537518,13.782057269488956,0.00026912682888809516,0.10247091032891294,3.10288159223035,6.898597527027701,2.3772502250107688,0.0,12.992334279126087,147.0169068948609,124.00789695716995,1.4317470109876331,125.3355701882284,39.152895987806296,0.285890375558633,0.07947853855591054,100.0,gm1_infantile
3.0031030641603422,21.18076448938375,13.406594797913684,0.0002500668826803062,0.0994884264361601,3.1081277000935335,6.8455449435183695,2.2684147850168705,0.0,12.982794289259,144.73643611634753,123.43276485271375,1.4235850214718666,124.50310633992457,39.701951184831174,0.27363417461949807,0.07609533120114224,100.2,gm1_infantile
2.3488815668723517,21.25606090215763,13.743870899090469,0.00024017741368973836,0.09704672685643914,3.1100553585453676,6.770044916758567,2.365426237350698,0.0,12.980958281406776,149.6471586930564,123.15131097635009,1.4322791385781861,125.79256709623617,40.150465883310254,0.2750847786425318,0.07649315383406365,100.4,gm1_infantile
2.474778143990436,20.44002504083784,14.029491069454698,0.00025333292925031807,0.09929918189698952,3.129134154766566,6.936163964373729,2.295077522494926,0.0,13.008207944499963,152.66671527453042,121.92558822341354,1.4209932059850974,129.7268577080391,40.25754172904614,0.28619173968199263,0.07691097488627567,100.60000000000001,gm1_infantile
2.5788073168473127,19.99153957046213,14.688977371288196,0.0002607779063034237,0.096607857324064,3.111691544715163,7.101365530978389,2.2794590989631693,0.0,13.037313196056397,154.0,121.23668599923505,1.4230663171757905,127.82231412562788,39.831523750624584,0.28662723880730095,0.07703102157002038,100.80000000000001,gm1_infantile
1.9054199604978046,19.1597760448673,14.030438613027654,0.000259747216581692,0.0920425436245234,3.057961018211023,6.736750455588462,2.3002555675963414,0.0,13.03794486902557,154.0,124.03530461778936,1.3870352200452905,128.52383314040978,39.36299182550428,0.2787132056563283,0.07689772002988979,101.0,gm1_infantile
2.99672821725553,19.59553317003452,13.613782645606939,0.00026107923475409496,0.0871516566353325,3.018939374699604,6.6080430523989415,2.3047164540407494,0.0,13.033527757412223,153.62557039743655,124.11175038843405,1.395448928526904,128.9588480655086,39.2715217762707,0.2808669106011179,0.07838666358063509,101.2,gm1_infantile
2.3067905722231288,19.54965924186838,14.387827086232488,0.00024565841011936956,0.09037149803179047,2.9490657742018387,6.582519620272774,2.251210231551659,0.0,13.018573198737048,152.5844246637328,123.53490122414404,1.3955710858486956,128.56109398204552,39.26036639315553,0.25919568980298513,0.07853323787719371,101.4,gm1_infantile
2.4384424560702542,20.5491910415194,15.277958182716306,0.000238973434478753,0.09165408855449744,2.8935836069277214,6.7647612737276965,2.23533285357524,0.0,13.012878838466532,154.0,123.87566118663892,1.4223057222035205,127.43697699059206,39.87502976234355,0.2551282842609959,0.07898081230314277,101.60000000000001,gm1_infantile
2.5493840295770926,21.168282889315517,15.46980139700527,0.0002278284910143714,0.09308860749190193,2.986934612753741,6.698240332824928,2.1525591460438798,0.0,13.002953035158717,153.7155030993941,124.8430082324207,1.4119787152902967,127.13633145292421,39.87781965956237,0.2633500357175035,0.07908617509467696,101.80000000000001,gm1_infantile
1.8687491484059744,19.733132049249903,15.594899738034284,0.00021414015998742086,0.08949984565365084,3.0232228199662097,6.84962939432487,2.157791726787114,0.0,13.00813134754411,154.0,125.89718100909234,1.3617558057838115,126.90048219690931,40.212180185014645,0.26062603645302573,0.07920444526429356,102.0,gm1_infantile
2.947448131296807,19.606883955565323,16.672173903367334,0.00021855726694240132,0.08888442970065556,3.0142603845341367,6.3562223259833335,2.1603442531912735,0.0,13.014275174494296,154.0,127.11254510649532,1.386041963712975,127.03605514379528,41.51622144698223,0.26166270873536607,0.0769667461449379,102.2,gm1_infantile
2.2695654319033465,19.233845432688646,17.07323859035507,0.00020679201341402789,0.08791837855306148,3.00736581318271,6.322264941825145,2.226998168612885,0.0,13.047974671947689,153.30371874463412,129.21136112374992,1.3593048186376573,124.87019941638343,40.895279943203924,0.26139057079923284,0.07911444243221576,102.4,gm1_infantile
2.378889580249171,18.638363017867974,16.841439172923394,0.00020683380481874048,0.08661262904010585,2.980462813247439,6.142087274843632,2.201648594053119,0.0,13.050334233824323,151.7785371647526,131.39831483851822,1.3472423549309356,127.46015046652337,41.7248269264265,0.26138996041232787,0.07655440684281388,102.60000000000001,gm1_infantile
2.617199605168452,18.960946553635267,16.52449932868524,0.00020978575327701963,0.08761723387933675,3.052890338036625,6.095261410180066,2.236529588847392,0.0,13.069499680733257,151.72704596123515,131.91545623441718,1.3432809236021648,127.202945398701,41.2904292079625,0.2657186876865321,0.07919464855508,102.80000000000001,gm1_infantile
1.9573648406986734,19.500957519880952,16.78977192418605,0.00020555107505381226,0.08430691384943584,2.984120313462644,6.023938433253104,2.1153217861865024,0.0,13.079955900366224,151.66150493439062,128.1155916999541,1.3094129897004445,127.38238941246985,42.447034933646904,0.26125967322305954,0.08078509848852969,103.0,gm1_infantile
2.962249819914438,19.37591349632634,17.674143807169365,0.00019881078105167223,0.08265954317805124,3.0621702987310884,6.10051831261684,2.207078874801881,0.0,13.120868249502575,152.21499515603713,128.89409874734835,1.3106336759469621,126.6937142851017,42.491938126752906,0.25834835179407534,0.0825762873243495,103.2,gm1_infantile
2.3042031120547644,17.911067105745403,16.313680324373586,0.00018283352923288896,0.08346013910137082,3.000703272307587,6.19889861603594,2.219245349181257,0.0,13.133441771997942,152.53206320498435,124.32040618974119,1.3037406375573277,127.60577294747834,43.48300604136745,0.2679385618144497,0.08013235876738688,103.4,gm1_infantile
2.417609327065575,16.406927624844556,17.38436977112981,0.00018583898178196775,0.08376391891612325,3.010922831693638,6.489162535522152,2.3050093075812352,0.0,13.146564557317141,151.81120922747613,125.64494582424399,1.3170089142095192,127.45336307050799,43.32018425922069,0.27445629408859074,0.08320840001622835,103.60000000000001,gm1_infantile
2.4815403079191474,16.18977113745049,17.514195376958718,0.0001853124017356553,0.08243689553829481,3.1152705392818336,6.59372683629807,2.3334847992223384,0.0,13.133074496964218,151.62629362308525,123.58512268083747,1.3127876296774856,125.10853198944808,43.79926517175025,0.27667166246283187,0.0827300662395265,103.80000000000001,gm1_infantile
1.8811063353749127,16.898457663152012,16.492781627735813,0.00018289349972600707,0.0833877179158903,3.0183030359672958,6.722353110325314,2.2096515655943,0.0,13.098658777553633,154.0,121.72170231160607,1.282741721378015,125.53583135451785,43.59711680375378,0.26713607249815524,0.08374269242377444,104.0,gm1_infantile
2.84330118448607,15.869893111138785,15.968256176095732,0.00018448080013708714,0.08548548632397504,3.079553720108254,6.711411188867738,2.081953288732062,0.0,13.141507232156037,154.0,122.52499037338764,1.2614524373576708,124.8407483625259,44.784006736609825,0.2584510551792221,0.0816552913154946,104.2,gm1_infantile
2.287808616550397,15.620055796136382,15.032500580233632,0.00019105923578074805,0.08600969445747075,3.059748990277013,6.517712054821583,2.2257793063209528,0.0,13.182336605272104,154.0,121.71461370890655,1.2518611721481332,127.4859519274106,45.7076103861796,0.24750392727632892,0.08270523914549026,104.4,gm1_infantile
2.4169096651257926,14.782974933086212,15.118369351594243,0.0001781286451327806,0.08475346059771055,3.0175857187810324,6.460705441847272,2.229851078462134,0.0,13.228493535000467,154.0,124.72529500991732,1.2483220631265075,126.73363983217612,46.83112894435979,0.24402759141864833,0.08241565048983356,104.60000000000001,gm1_infantile
2.5604085182831713,13.892497063058158,15.49305660680198,0.00017821874355883945,0.08683457325609038,3.067284985094795,6.730085440359694,2.2353844529073688,0.0,13.290756097606446,150.86409813731763,122.39849411460354,1.257051825512982,129.7071634940436,46.978268364788214,0.24924872139040702,0.07885768721222113,104.80000000000001,gm1_infantile
1.9181521545248532,12.68375772997978,15.89635146606741,0.0001649592599067488,0.08402147437724512,3.097006496529918,6.936505260927062,2.230647025042122,0.0,13.306449210219709,150.42765844763832,120.6572545072669,1.2657191231494334,130.95109834609744,47.572399740608795,0.2506941672014754,0.07686943322863138,105.0,gm1_infantile
2.983187697379504,12.71034868170861,15.368498006840461,0.0001598343008906317,0.08237905400174389,3.147775054032975,6.668585462913332,2.173141139611578,0.0,13.354252190891396,152.5712052166502,118.07788301643123,1.2878841940141823,133.5140270185003,46.853807750557685,0.23664602915703967,0.07678885578426202,105.2,gm1_infantile
2.409342356259275,14.084459734293986,14.610257797936729,0.00016686347804890982,0.07802867302516282,3.1279702919301635,6.598134685317213,2.2475513257157513,0.0,13.382476206806329,149.82371630112226,119.50632148220288,1.295513307080241,130.71926237223224,45.600260357655685,0.24192159032764168,0.07652136652073957,105.4,gm1_infantile
2.447193789139503,14.006428340822135,14.73516409505247,0.00016292595125239222,0.0750377100185684,3.2358375122934038,6.793236584572613,2.2258913008385015,0.0,13.392936770951485,147.5734961110916,120.07523244151857,1.271374588915355,130.77222564845343,44.92385660973245,0.23564132301171628,0.07942414444275088,105.60000000000001,gm1_infantile
2.5474325927434474,14.252260412117367,13.34868938448359,0.0001561180611578919,0.07549816449247475,3.2470300584582645,6.394772016005609,2.227989919270042,0.0,13.431136094589975,146.29432651473044,116.5666453290884,1.2532706821616542,129.0540044566637,45.40574141384443,0.2214607421524636,0.07865906611435239,105.80000000000001,gm1_infantile
2.019245434818766,14.35515696850751,13.822734012551052,0.0001439785499026052,0.07252273168578324,3.3315469145411916,6.428154330327751,2.226030079728502,0.0,13.433861006022216,144.080090105488,118.49532605631155,1.2988567929438677,130.09760467348684,45.05431882414934,0.20900641877938428,0.0757808818901415,106.0,gm1_infantile
3.101580360910592,13.571898529016497,13.511414367791717,0.00014439323189036792,0.07465947511463021,3.3192565532185307,6.357253590249746,2.2118831258223266,0.0,13.416332832314863,144.9051819733828,118.84321189108726,1.3350255307959957,131.0761310998501,45.79068389305003,0.20381903901680232,0.07670372912179192,106.2,gm1_infantile
2.3737430932114636,14.095965270639146,13.840725338287694,0.00014163834399070826,0.07847058318461528,3.404876440596971,6.5682940939495476,2.2438642418339634,0.0,13.372991384813057,147.61698445856138,117.32531319806567,1.3232435430325726,132.27058869917659,46.58673263383925,0.1984086987163868,0.07585949418513376,106.4,gm1_infantile
2.4935734625405,14.02418284452762,14.288686435174794,0.00015715903223719423,0.07887763560964504,3.3601955633826757,6.319874577674171,2.1947245169140928,0.0,13.38667890393693,148.5271697194893,116.6543726170473,1.35720318807723,131.1820526367652,46.54102709771509,0.20106996394116106,0.0774241904481878,106.60000000000001,gm1_infantile
2.651679120867262,14.446994929877333,14.86964140157291,0.00015018295601033506,0.08017978244444109,3.4149342332430295,6.582275702293461,2.0811576186714884,0.0,13.411039889372494,143.34628629088073,117.48447501966066,1.3747385737523137,130.38064958162647,46.302276920262706,0.1960983881003494,0.07656173028917491,106.80000000000001,gm1_infantile
1.9868902505101085,14.044174361480659,14.27295295680164,0.00014559322621774502,0.07933447345158076,3.5312160735144253,6.4824885257212,2.095141285015325,0.0,13.393068999682026,140.13564410751266,115.08922859791302,1.350581953475202,130.9236419997544,47.00567770100992,0.18823729984251883,0.07566563903487164,107.0,gm1_infantile
2.945772979273843,13.838955413257061,14.87073937580662,0.0001402315920208423,0.0789144370024137,3.6238297462793994,6.523970574518693,2.0345944214309015,0.0,13.368007303012437,140.97127458867723,115.94913576040469,1.3239675820278085,131.4675930373386,46.95876523768711,0.1903780813100099,0.07712324436276216,107.2,gm1_infantile
2.3367216200319136,13.812227007748215,15.375536860075288,0.0001329829852835908,0.07628461638430865,3.4217459756432897,6.452805689477584,1.9718798057151485,0.0,13.308912902365153,139.79198908324167,116.7422919382485,1.3037867094865556,132.43843852251388,46.63650685480687,0.19006581710293696,0.07819204861830084,107.4,gm1_infantile
2.510578524193641,13.955705586455725,14.680851075079072,0.00012803739498719002,0.07705591207840838,3.359319526325064,6.39865610317587,1.9632557824394934,0.0,13.278611466046927,136.4060564566767,117.61807226940945,1.3191092369548285,129.50415737690074,46.89660200470827,0.19454471902408496,0.07927136630593291,107.60000000000001,gm1_infantile
2.5690639403808193,13.370448602614164,14.613943859986813,0.0001265012464023925,0.0768948924540529,3.348233643820765,6.208647343689519,2.006799784449018,0.0,13.284276822115002,136.66743409878154,120.35292934647005,1.306438981020389,131.9672372640151,46.464669489114094,0.199239292641912,0.08151807090848995,107.80000000000001,gm1_infantile
1.9363890955322514,14.749555243892681,14.791558310754384,0.00011995463755316485,0.07592864039955836,3.4164357012361295,6.374140977361656,1.9655953146891083,0.0,13.290024859331854,135.79689687164807,124.26861532034329,1.3089657638428565,132.06118576649015,47.24237636947824,0.19741699478195981,0.08340255712398643,108.0,gm1_infantile
2.8963405009049423,14.35576159748146,15.39724677033235,0.00012438096790199493,0.07430551320233027,3.361812337321964,6.457769968838498,1.9478733048402173,0.0,13.315795831282717,134.86980243804763,121.07355646094655,1.2846398077509367,132.29183730710824,46.10227746250948,0.19590925794184355,0.08087062443217714,108.2,gm1_infantile
2.3757046541856464,16.292064059747517,14.553052437143412,0.00012293143133765264,0.07241229672308272,3.3427183691160307,6.763329360636075,1.9452741599291674,0.0,13.28746196680661,137.0241249351,115.93536066505362,1.2755710504749365,132.41405515275784,45.72607001311691,0.19952700141836155,0.08309790378146002,108.4,gm1_infantile
2.4160545725363405,18.225058165966423,13.59609416714461,0.000126167193618538,0.07234871370396916,3.3120323193668644,6.657770375034568,1.9697178758964407,0.0,13.259851803830522,136.65030261598372,114.80214654160473,1.2535664698666038,131.17009372858024,45.05841153531703,0.19744429964098392,0.08392441530980985,108.60000000000001,gm1_infantile
2.527061664100891,20.2008272928034,12.33441395268047,0.00012567281431776604,0.07205281395859384,3.3600684030393118,6.771992562691252,1.9886207353416974,0.0,13.237510210010592,137.83712853373322,112.00685783708694,1.2654926608497652,131.33114607176157,44.80005904431597,0.19620846453996035,0.08364417614481669,108.80000000000001,gm1_infantile
1.9956270981623392,23.907576410670277,13.128116723201124,0.00012053509833011877,0.07276959880469451,3.399984708415564,6.579422026333008,1.945579296532554,0.0,13.261142079106442,134.9409194366248,110.99788496664264,1.2739118111579601,131.612836996973,45.69557795402108,0.18990431868483887,0.08817709043663274,109.0,gm1_infantile
2.9447606421755457,21.116812034372852,13.260384383921544,0.00011322709661148738,0.07239843584570937,3.3944840739896085,6.523737633841922,1.9265486108070071,0.0,13.251437103192638,137.0179038427763,110.80121616577941,1.2560890874088946,128.8792244069146,45.62271065596981,0.18439989360572576,0.08556917608374062,109.2,gm1_infantile
2.339271477086514,19.153848931573282,14.220023342271809,0.00011150751788169935,0.07202088084495893,3.331290592367629,6.642388097282162,1.9543262336853047,0.0,13.257061297078453,134.01497641617777,108.46898690583492,1.2360264283212095,129.71087786365894,45.65354532844348,0.18859728732071193,0.08384311483091925,109.4,gm1_infantile
2.492453835438172,18.935679232013655,13.651822339145925,0.00011072422843104832,0.07160962485850168,3.2932888929103954,6.630543259052116,1.9741968762238027,0.0,13.244537871644127,131.75709739006166,108.65575712872695,1.221661881908133,128.15954106742097,45.53904560871739,0.19152771755242012,0.08420940879662063,109.60000000000001,gm1_infantile
2.5491495309450496,18.299123797782013,14.07677284800606,9.932446352152264e-05,0.07259449185728793,3.18408527924376,6.373343190914985,1.975677544045456,0.0,13.294010962868247,133.08899287609157,109.25420419298445,1.190531640753198,128.64371737472294,45.23788562149879,0.1878628584357487,0.08451796022525399,109.80000000000001,gm1_infantile
1.9113264244409034,19.141351555030855,12.9135842019401,9.751506955025635e-05,0.07087393094428432,3.1605782230583976,6.45013212040649,1.9552062217521227,0.0,13.287401314324887,131.98635760753413,108.64257393935544,1.1874121732694602,127.52094895847517,45.27660786939992,0.18651117684585394,0.08338823966142866,110.0,gm1_infantile
3.0173191384899933,19.380358110359406,12.753525658544822,9.598520827961043e-05,0.0689650363063939,3.135693201864056,6.422006761512548,1.937556904920976,0.0,13.272088311625044,131.43458010268972,107.89425436129994,1.2348863229341929,126.59015198977598,44.07168048230807,0.17976905649281363,0.08483249542160418,110.2,gm1_infantile
2.450978425921355,18.709316392480588,13.573611403169707,9.65547183130995e-05,0.06838127704732223,3.12071062264574,6.486821360388259,2.036085977523042,0.0,13.251719051108502,131.2061784499672,110.87969974207192,1.2381983142796316,128.27404999046138,44.431243457878736,0.18069312996705117,0.08505088962225629,110.4,gm1_infantile
2.596745934967568,19.37857118647272,13.762989658127497,9.216570373204662e-05,0.06868366415527714,3.1165564832255295,6.46143463684267,2.223491580551548,0.0,13.27985373312109,129.7757599964897,111.14694841828306,1.280746979769918,126.81653129503428,44.039538123879076,0.1804400173352981,0.08346576152513702,110.60000000000001,gm1_infantile
2.709651905480219,18.773037607515548,14.209852189412338,8.595555958487332e-05,0.06567374488781713,3.1034861340484223,6.224995480996474,2.32177041794865,0.0,13.248776936675359,130.5831390653979,110.34725015612574,1.2538125323625937,130.52967839364254,43.49100658488075,0.17946916354165596,0.08308937095350839,110.80000000000001,gm1_infantile
2.1033594393148607,19.23102249740002,13.7041947731,8.315734975710666e-05,0.06506306835379548,3.144828238838555,6.079940420291824,2.4414639211910583,0.0,13.248219639399839,128.64861666172786,108.51534450413966,1.2382621395436009,129.015159160377,43.29153617012152,0.17539535341735585,0.0844008526499469,111.0,gm1_infantile
3.0575575370663235,18.177032102932664,13.502186623974726,8.441899713634388e-05,0.06510071878523646,3.1385012189121433,5.903968083289814,2.3358629784555673,0.0,13.286692175425726,129.6574562775852,107.34597041803207,1.2280314362725608,127.78253429954547,42.82247315460535,0.17702997387929198,0.08386667177489626,111.2,gm1_infantile
2.5356309607276133,19.512242735164236,14.333731889636319,8.470042290091262e-05,0.0642125004750886,3.1715566295860156,5.916854779730722,2.426491448249605,0.0,13.294190223580438,129.9643933470605,109.96226501716049,1.2038172751170764,131.16629109435056,42.75999345813642,0.171367296351112,0.08247530695435412,111.4,gm1_infantile
2.5195145875326648,20.13600873723706,13.707561861754513,8.343285321289785e-05,0.06558962012967322,3.132853811356022,5.933415672353903,2.308702941207453,0.0,13.370628570869739,131.41236493670723,109.64659613734797,1.1932612496646562,131.27237074068682,42.879257722842105,0.16959633362412976,0.08346634204606014,111.60000000000001,gm1_infantile
2.545992496069092,19.028888305086284,13.99470771830359,7.826352051841906e-05,0.06638958572874071,3.131434498465401,5.715285484047365,2.306122405961187,0.0,13.391073685442485,131.05311624651853,112.4784519472348,1.2099358250090517,129.5923137276496,41.77661519617087,0.16659330105584724,0.08122673191329677,111.80000000000001,gm1_infantile
2.041701178040208,18.962427373860386,14.613949968254785,7.582160567106544e-05,0.06584200749496621,3.1291248028965444,5.968306764102853,2.315907500175224,0.0,13.439444028457524,130.6192739140428,111.86107538792497,1.1641771004890478,130.88317426861428,41.88190104659752,0.1668125153712867,0.08051072425737259,112.0,gm1_infantile
3.0211240183832824,18.435268457990105,14.921852163847696,7.597838554315774e-05,0.06522365420583796,3.1821966621526725,6.01592937308278,2.2722473501764373,0.0,13.398352113764318,131.10950296049717,109.64001857928402,1.1478183013805805,127.56254873818942,41.83179541874897,0.1727687475531706,0.08031259285155076,112.2,gm1_infantile
2.4061421882549445,20.972435672009624,15.173794125429428,7.232933791926925e-05,0.06403833877141099,3.181545199943404,5.96248311765096,2.22608463637818,0.0,13.428829180398877,128.32435485475963,108.5181132425675,1.140304332787284,128.79295383091005,42.526624313069604,0.18334955818206247,0.07949235207157142,112.4,gm1_infantile
2.490742694931439,21.501361043043183,14.750859858419766,7.044891649160266e-05,0.06317532274251784,3.0350848081780044,6.033172182759,2.209695935562783,0.0,13.428691897475975,126.27345283028986,108.22078159032338,1.1084179692141294,126.91220167413229,42.93630229668948,0.1821350330456554,0.08115990712353652,112.60000000000001,gm1_infantile
2.4701393215765513,21.07826880176086,14.499265841087533,7.14224764030059e-05,0.06386503107589799,3.069695511854875,6.356664545254429,2.202280977458229,0.0,13.397071490687674,124.55511758061523,109.39776917148559,1.086322572998204,128.07347617280715,43.03856312625146,0.18634958129564388,0.08105979046509827,112.80000000000001,gm1_infantile
1.8811083305367844,21.52583764526096,14.132353962194884,6.814524954004862e-05,0.06427540330462948,3.0675881349344123,6.329248160657655,2.209742305220585,0.0,13.383505232812926,123.87540115540585,106.99601410283873,1.085846009111755,129.3885996478521,43.56752440798763,0.18658969758044694,0.08281962270927,113.0,gm1_infantile
2.956214709481152,22.577755089537515,14.846660325503343,7.065453338610592e-05,0.06375946122993006,2.995115429300911,6.488328382736303,2.2689067690458935,0.0,13.421603476284966,127.26025045050888,107.97109564927165,1.0893309185099593,127.18113865006325,43.7892369484702,0.1840881114195094,0.08321963783432486,113.2,gm1_infantile
2.316643165969193,23.071751227511896,14.863796650146902,7.15783793893757e-05,0.05972495335893987,3.0049503195642577,6.7437863088597325,2.3949818353814596,0.0,13.471962809570474,127.64452006720168,108.05439438315464,1.0973260604709052,127.3504643890077,43.37234971147515,0.18177338672921528,0.08118199989615993,113.4,gm1_infantile
2.472541822427838,22.85459941269055,14.719177694618823,6.864125935458442e-05,0.0601501238740093,3.0465443956094673,6.565813890221007,2.302594991272099,0.0,13.430298556246674,128.6794855601275,110.50279988172944,1.1215908171281563,128.79272453535992,43.82878157539498,0.1909434383320298,0.07705759816688765,113.60000000000001,gm1_infantile
2.5379089355622653,23.726126670505124,14.591044964575255,7.031609542290841e-05,0.0598422424657064,3.0531260523154837,6.547322892839702,2.2692429356989567,0.0,13.438142254866728,127.43891287962526,111.99785866532106,1.131422389119278,130.88069776461384,43.210135800219064,0.18359028565032298,0.0770583302856816,113.80000000000001,gm1_infantile
2.0993351940427,25.184970133620183,14.35084144603164,6.991666514403717e-05,0.06057011025698801,2.978655951214692,6.822831989703159,2.262554900970209,0.0,13.438554611378535,129.50561563285177,110.9379890410654,1.1056975233022297,131.61362397922332,42.08431308438313,0.18214076921786299,0.07913803245153862,114.0,gm1_infantile
3.1183636244670643,26.287504626956366,14.914062131460387,7.473920925402276e-05,0.059521900784490836,2.9994957156053994,6.7674434807102095,2.3349019455295075,0.0,13.490001968379548,128.6729289776224,113.1238747253773,1.114686406878392,131.70595953703102,42.438976269022945,0.18299635594541752,0.07977660828496808,114.2,gm1_infantile
2.4218386301517634,25.144503246578143,14.860815982199787,6.880696760208651e-05,0.06040079833836977,2.9333430200045423,6.750603470577192,2.3744658415399433,0.0,13.436273059167414,128.60419444294092,113.89011012357906,1.1155340274894183,134.25468986951995,42.019465614553376,0.1745867682356702,0.08123911677857241,114.4,gm1_infantile
2.4960208572610343,22.606458302523333,14.898625476139618,7.045746493092032e-05,0.05846270956354961,3.05808106044862,6.63522065384115,2.3804951416444307,0.0,13.437220959972631,128.46364099796384,111.70132358527145,1.1587912656905306,133.4948898287592,41.78918315022892,0.17821742285218076,0.08460519258931604,114.60000000000001,gm1_infantile
2.6449472007855457,21.016698379185193,15.12252954959086,6.439768284735341e-05,0.059405579689654486,2.9689347090753753,6.516094575175335,2.3650942607426715,0.0,13.429080727279572,131.19907674024896,112.86031473824302,1.1685738432783155,131.46317542130882,42.80131161507306,0.1748371464168651,0.08795300557628662,114.80000000000001,gm1_infantile
2.1331231602545464,21.506019572172047,15.872188702239889,5.633684497745172e-05,0.058895264388211216,3.0272692522433817,6.723626451357189,2.285973533088974,0.0,13.352831712076052,132.00744490250426,110.11162197431473,1.1862184347458002,133.71482754714856,42.5741473226277,0.1766896972695138,0.08752144287737355,115.0,gm1_infantile
3.1282436517762116,20.007807833226494,16.344307109019862,5.1945799040372264e-05,0.056284906110348545,3.019702942902234,6.703062228763371,2.3031341535483048,0.0,13.408952653379137,132.36828289388856,110.53001831382402,1.188954759895532,135.67237702751473,42.949715326055546,0.17824115711133887,0.08896775666005603,115.2,gm1_infantile
2.318708963255461,18.219343556611637,16.26232117583958,5.049250243101818e-05,0.05678066071010437,3.0195833265621257,6.826846455491118,2.22481404786161,0.0,13.368501893467478,133.13170319103983,107.85255502959296,1.194111389903723,133.15996444771108,42.77302914242709,0.18162768228135492,0.08940990205112057,115.4,gm1_infantile
2.3628246198392895,17.504538413066346,15.140198739221432,4.646815940864079e-05,0.056689419917630185,3.048825447535611,6.918124708967566,2.2707393269297014,0.0,13.36003117942692,131.30032941079477,107.29708948483918,1.17268647083576,131.80650514645137,42.86854874297074,0.1809271225996636,0.09573592403977282,115.60000000000001,gm1_infantile
2.4100556865174787,17.347005729084515,14.157655720087918,4.4858374763549136e-05,0.05601066532151898,3.093796156885961,6.83833555609332,2.2613774713297854,0.0,13.317941208479592,130.2356064122466,106.82951465744057,1.1734930479934278,132.95776225848195,42.777893629579225,0.1796884719579548,0.09210453454286201,115.80000000000001,gm1_infantile
1.8616241160564402,16.682652402052042,14.616040024751157,4.608340314447291e-05,0.055538197222738894,3.0361549740632756,6.8403646516707415,2.2839543887131133,0.0,13.300855183849615,131.30732152653633,107.62705279047586,1.1676291703734447,130.19997130203967,43.08505931046309,0.17641136437805766,0.09253170485790461,116.0,gm1_infantile
2.916705361840779,14.959657231303535,14.616421507602874,4.597568815261092e-05,0.05609950536758341,3.041121688375104,6.49976054940322,2.3666086979592054,0.0,13.264815401111889,130.0058277249008,108.04145977094318,1.1780203795009565,129.51581339573565,43.60807431876322,0.16926730604615672,0.09038342175313843,116.2,gm1_infantile
2.151490897642839,14.410117276805728,15.541365440228045,4.852084006151369e-05,0.056156578436303214,3.005270207120873,6.496814546634617,2.386557261961176,0.0,13.24754689716919,132.61695089659008,106.61528319995537,1.1658647745018758,129.70851301452362,43.81511622056347,0.16672384760565356,0.09052586723824195,116.4,gm1_infantile
2.3489808883612713,16.024860535962258,15.31792986272224,4.7430854477823484e-05,0.05786916254014489,2.974674124404708,6.307948904320842,2.39101552393701,0.0,13.257948232791913,132.51804546546316,104.64616736932444,1.1647014278907128,132.03565688929405,43.135881391657776,0.1656260081571721,0.08973159665956801,116.60000000000001,gm1_infantile
2.433211366603526,16.244788205328398,15.534362185867758,4.717496533539517e-05,0.05637349983608655,2.8874054559763316,6.409039056780323,2.350683506115599,0.0,13.313635198019021,136.17858956238103,103.42202943261948,1.1734339609624034,133.73458239068057,43.62001447926424,0.16413921941867596,0.09232498024861815,116.80000000000001,gm1_infantile
1.8499804129049648,16.372850610613174,14.411049313700001,4.728551750753995e-05,0.05580706702077609,2.9105892542741185,6.5118813729688725,2.3697008676018827,0.0,13.33677346156962,135.87472182532198,101.51305688139703,1.1823058341969028,132.41624179893523,42.892939495077485,0.1602494122484286,0.09289670791693605,117.0,gm1_infantile
2.897567807770088,14.495678275070627,14.112117147867101,4.831147071127226e-05,0.05501002685471832,2.9009356447126677,6.752745092460277,2.4258847861608013,0.0,13.254046780001861,139.1318697935116,102.47872914585831,1.2217860595065713,131.1691698705388,41.93412766891697,0.1601022226707575,0.09230993184964227,117.2,gm1_infantile
2.3111419444742456,15.519205664102826,13.96755285766599,4.688195815044266e-05,0.05542344314310186,2.8865928929628004,6.734107681689752,2.4930356198721473,0.0,13.285912950054986,138.86514885192517,99.67179858863801,1.2189242703469463,129.98234568355585,41.909102366392695,0.15754237686103065,0.0922501192830306,117.4,gm1_infantile
2.387745381672885,14.49915078398934,14.691652522033987,4.429780964654067e-05,0.05518876462711116,2.935306125162157,6.948153179538066,2.537731640313702,0.0,13.307140265912803,141.4949148354166,100.34159242421127,1.1888543913327627,129.208108933071,42.350478338408045,0.1551811047646387,0.09563622236974899,117.60000000000001,gm1_infantile
2.495652733984154,14.6264576689448,15.341768020540258,4.307781379059055e-05,0.0551726116923272,2.9816465666876346,6.700848418563089,2.494748446360362,0.0,13.308792974801518,144.34513723650025,98.34062459992576,1.1619176113158236,130.70461698241397,42.89145478047778,0.15434937023775813,0.09647575351180473,117.80000000000001,gm1_infantile
1.9393267748415735,14.082232588642572,14.739901465357736,4.2465747379265105e-05,0.05606519667465023,2.9186977768097826,6.693745387330807,2.453778265577206,0.0,13.308234671502127,143.31748236220082,100.10488401320801,1.1533498045053217,130.34816099932084,42.02939037555,0.1517454283954127,0.09757396807350174,118.0,gm1_infantile
2.98338970377518,14.525609926948853,14.988614012926034,4.486314287177656e-05,0.054897617527571226,2.834181353328353,6.549043841840294,2.398633446351247,0.0,13.310722698582081,145.77616569719012,102.2928161460937,1.1611346039118116,134.2937715732284,41.87642865555077,0.14615602867141747,0.09987738742259279,118.2,gm1_infantile
2.213551197492589,14.131355213326161,15.225273340479047,4.3755016541915336e-05,0.05443084052460011,2.7738397550069838,6.61059595345144,2.4723813415914693,0.0,13.285735566132722,143.37643393499164,101.2810519367249,1.1673010264351726,135.02875635180578,41.47724298529431,0.13896821308321608,0.10079402929062699,118.4,gm1_infantile
2.3226977482777516,14.702399239748324,14.586315491292101,4.13134836196856e-05,0.05438668782046832,2.8922959498875898,6.8129516709539955,2.485799004666281,0.0,13.233516672207587,141.26334841314824,98.02241169576641,1.194804459980208,137.92580888002024,41.74618927598882,0.1392635406778678,0.09733018013228442,118.60000000000001,gm1_infantile
2.438241806444032,16.225281024466216,14.572974466376845,3.961545816405765e-05,0.05205994722789651,2.9633497881734323,6.838430840880157,2.3610366286990114,0.0,13.195469232023404,141.0521154994936,98.39938841779258,1.1865079101937355,139.47580240617305,41.8390070196117,0.1424848507098136,0.09653226891440042,118.80000000000001,gm1_infantile
2.025462932489547,15.75597528566138,13.933789482887144,3.735206874048572e-05,0.051594108783038946,2.8719902267280606,6.917648218323934,2.243169008022554,0.0,13.155362579080137,140.37149346934223,99.30370439407508,1.2234376059743308,137.58049500513363,41.80299121091057,0.14005559147149768,0.09464680454637278,119.0,gm1_infantile
3.0027562042662237,16.41204776147337,13.57917826420634,3.9690071765851557e-05,0.051857343630755455,2.8192310743074027,6.8871630808934565,2.224864126216897,0.0,13.106948099063455,137.910702341818,98.61944927985273,1.2342987545939745,139.97863264686046,42.6328502584387,0.14158700491090576,0.09444691696141416,119.2,gm1_infantile
2.402225487831533,15.555863932262897,12.47809740102804,3.947706222484066e-05,0.05048430597958819,2.8147749146283796,6.958664380629328,2.278635907549019,0.0,13.131062361214948,138.32392157389972,98.13878226558106,1.235701156032153,138.946616822202,42.565670519537754,0.14997826297733996,0.09480844995171196,119.4,gm1_infantile
2.5343372938036013,15.000922752994843,13.046840396510595,3.97341665634469e-05,0.05114380605139331,2.824339669548942,7.204245258392433,2.3923672542500762,0.0,13.127402101404076,140.04429318238306,97.05920214707001,1.2234707950415655,138.93505067589552,41.62812972492774,0.15261362041157817,0.09276265213173294,119.60000000000001,gm1_infantile
2.5838185147249324,14.899723428945453,13.025353405149101,3.841198204766552e-05,0.05084984940804998,2.820138494420594,7.1485354437118644,2.3588440456374835,0.0,13.065479845151602,139.70152897375766,96.5568510875315,1.230038809585209,136.33985132119446,41.39904243302069,0.15209472705505686,0.09498564776892862,119.80000000000001,gm1_infantile
1.9836419276115258,14.066282302926487,12.698295271946455,3.884063125040254e-05,0.04928712075189303,2.8149080841443164,7.1813501327139795,2.355530323232129,0.0,13.053133362168667,140.59168467525214,95.67682572124046,1.238419997710274,138.0437616924083,41.123808562226536,0.15173909252964593,0.09307707085334042,120.0,gm1_infantile
2.952994288051442,14.857155338459602,12.331527374128278,3.4813514403098276e-05,0.051062023437362096,2.7734814041749503,7.168672990244854,2.484487485456325,0.0,13.048073118589137,138.33512750955694,93.71106784044844,1.2352569204492667,138.80964279334356,41.34389440343165,0.14994082494021252,0.09309304765892382,120.2,gm1_infantile
2.191769872285732,15.386024694112328,12.395155538860907,3.662502760276761e-05,0.050853895241142734,2.726039686899466,7.202930440200453,2.4732677715591396,0.0,13.048564173505024,136.06668974212175,91.79172948484272,1.2393059586034663,141.49156587362805,41.43820366358335,0.15252871735232393,0.09520156969087783,120.4,gm1_infantile
2.3632511326942303,14.713380484510846,12.488907906797708,3.747028460419304e-05,0.051244250638999796,2.76176010262205,7.16387187204121,2.477611532360988,0.0,13.04677275342519,138.27502059248266,89.0661008760097,1.2395512536729465,141.4021930143444,40.732614098316276,0.15466632184138432,0.09364544123916327,120.60000000000001,gm1_infantile
2.46162243228196,16.28786981434527,13.03170359653222,3.7460052864616626e-05,0.0514650053466453,2.7526015204203143,7.604219953531042,2.544023153916375,0.0,13.005697296686172,139.38104615182277,89.12559064873295,1.215692512226377,142.28487070254084,40.63863320457242,0.156337798281129,0.09455100421136829,120.80000000000001,gm1_infantile
1.8382865560008852,16.863319629835757,12.731683500705826,3.609693656234007e-05,0.05063775917012102,2.807838131310497,7.564924062489895,2.642268532223153,0.0,12.983939260087723,134.071767584756,90.50938652268228,1.2099651187856226,140.70223405974704,40.372036142528984,0.15471636353686227,0.09730863342435976,121.0,gm1_infantile
2.8992567247231062,17.931120616853722,13.026228901591205,3.4941356118792376e-05,0.049982833731385755,2.8348737113807254,7.744673240512233,2.6966268157767823,0.0,12.988734864390524,135.1940793757347,90.16696618996934,1.191464410304333,139.26604535332746,40.29590360595301,0.1568474102569115,0.10005756357340059,121.2,gm1_infantile
2.183184831247634,17.414359439467905,12.84595787573007,3.521593815137145e-05,0.04918399212226233,2.8116431920073786,7.450713739547772,2.7024633895396915,0.0,12.969460624570635,134.78724504096226,91.66410287880295,1.1753620616760438,137.79121316687025,41.03309946066776,0.15692909529909946,0.1015341873910627,121.4,gm1_infantile
2.363314937586273,17.30035450988484,12.66714227202926,3.554083679648277e-05,0.050270241398766236,2.8651378140572503,7.234961204001865,2.7721191763459903,0.0,12.947290989169375,134.5461074783964,92.81168222807965,1.183903212534501,137.41291323312532,41.54835885679663,0.1572334468016263,0.10020577001965704,121.60000000000001,gm1_infantile
2.443342427597945,17.644317437364187,12.643009999967862,3.308937925365402e-05,0.0510182358005908,2.839040972567196,7.573285095795155,2.626425007817171,0.0,12.926750464657285,132.86257511778444,92.32440902148697,1.212211690500697,137.78049287078065,41.15881162740604,0.15075143705903987,0.09639016763465363,121.80000000000001,gm1_infantile
1.8285178819070032,17.018474446424484,12.548493879923159,2.9812557984673835e-05,0.05069725153954805,2.890371540498871,7.915810113203966,2.477512906502336,0.0,12.90179148590062,133.19517515720275,90.94399832294152,1.2395997085877282,137.95809588018062,41.14186001425238,0.1560500789563453,0.09632815120222858,122.0,gm1_infantile
2.901690435406023,16.205163137332466,11.822397320330351,2.8542284480785658e-05,0.053021911714495024,2.9217762728698164,7.94883601860335,2.41009419532805,0.0,12.862392174055373,130.4955132252103,90.38618285295824,1.2720039194865096,141.619424427854,40.944575210519574,0.1535353326454896,0.09283184206335256,122.2,gm1_infantile
2.276680013605316,16.44838825806439,12.269646184045886,2.888658641103761e-05,0.05256330200133216,2.9496758135777337,7.770105293729991,2.449884710042828,0.0,12.875324129002893,131.24214208531,90.59259502696489,1.2848631247127364,138.75689929615,40.4156018852591,0.15244507469844262,0.08986378137772513,122.4,gm1_infantile
2.3940288008504886,16.08868735363172,13.023737724050793,2.8425387002201962e-05,0.053564060560782785,2.9643034391055156,7.633262826897362,2.452983165217313,0.0,12.909438420528316,131.08859719247684,88.73472073172373,1.2546995309481908,138.25921195927933,39.22181409570032,0.1585222216759958,0.09105347265658946,122.60000000000001,gm1_infantile
2.470010694826533,15.16466988970531,13.618713740756167,2.6717525633486286e-05,0.052131016999981884,2.922637896046247,7.6341271340803,2.4841735528097955,0.0,12.939347740349438,131.1698055889211,90.08502118703713,1.242723939849294,135.03627116810813,38.92915529329402,0.15551370619568627,0.0897581329965975,122.80000000000001,gm1_infantile
1.8254938695274419,14.846848447973127,13.943340884769865,2.784471647667308e-05,0.049937309781402456,2.854796883281646,7.456392791023137,2.5245249888649837,0.0,12.918122725140481,132.51671206785662,91.37203531475278,1.2418157416633535,133.68919932588403,39.130683348177,0.1545308736370721,0.08925739869639407,123.0,gm1_infantile
2.8621565365116726,15.534734332644776,14.02410890764527,2.830890774179758e-05,0.051239831037915844,2.8770595296910235,7.360917843545532,2.586347599410505,0.0,12.993251311961552,133.14319699873514,92.35180682835595,1.2461785322176298,133.63191725565574,39.054354748104664,0.15537216874195578,0.09028271158203872,123.2,gm1_infantile
2.3164108800933167,15.916356600670934,13.674886505919892,2.7383680856952854e-05,0.04952899619957959,2.9625711859383936,7.261897584199105,2.632722294272191,0.0,13.001786522269965,133.00500907192685,91.49890320335845,1.22954401676786,136.89074330145232,39.17373241462697,0.1591543444687546,0.09310162524242031,123.4,gm1_infantile
2.4236501192979496,16.279455504262227,13.66051205564599,2.5697957076006776e-05,0.04911377452889451,2.992161304538234,7.1653321383328334,2.571356943170763,0.0,13.06302714074332,129.8445163985128,92.23695380850857,1.2247966832071588,135.83941634937423,39.087101683880775,0.16135563939992,0.09459629148583305,123.60000000000001,gm1_infantile
2.5364043126388873,17.26941878867286,14.424886909909468,2.59200727770982e-05,0.0483091188529747,3.0168761052308217,7.263430494633228,2.4826519577974264,0.0,13.003781939947743,130.0512008980518,92.72484192823724,1.2049408278354687,137.88920360214178,39.22651088949222,0.16609968351904486,0.0953551432839548,123.80000000000001,gm1_infantile
1.8685985447183335,17.69984602908069,14.830947718681385,2.4874008850176993e-05,0.04657139136406997,3.02027186581542,7.05857066795625,2.5337350184072527,0.0,13.053732859464118,126.4818288340108,93.0097990584062,1.2277642724429654,136.37526817588764,39.20174066710447,0.16439695465724632,0.0938781679861779,124.0,gm1_infantile
2.925950355643781,16.363634908797234,14.72256610339563,2.4815641382353466e-05,0.04615025507387503,2.9645911017690207,7.255843437731779,2.5498499259495877,0.0,13.015720053901482,124.97548248911548,93.80911666737109,1.231662351923876,137.9600702439284,39.089622118275784,0.16081854393458633,0.09579576438595208,124.2,gm1_infantile
2.2540581471719663,16.63850011809087,13.673770396801933,2.379413729335279e-05,0.04700776439100608,2.9247822165354385,7.412197632429229,2.3661568038587975,0.0,13.010441044053064,128.0362418340628,92.46371007541465,1.2422088245866345,140.0453387975974,38.77255866952209,0.15927405372180103,0.09606581390463338,124.4,gm1_infantile
2.324026914227542,16.198190036684817,14.451829498691307,2.3743722577656535e-05,0.046643739614505526,2.928806351092608,7.525299480890642,2.421625627501294,0.0,13.05487337565887,130.40974588996988,93.42545141461721,1.2276439400794399,138.24002763302735,38.66380333317206,0.15929035416439674,0.09230916328950106,124.60000000000001,gm1_infantile
2.476463332840203,17.3480139951103,14.769960398212271,2.2677289377665886e-05,0.045624546218432385,2.9427301659931855,7.479897109573282,2.4456663556275813,0.0,13.086492566298306,128.52661572492005,93.81901972910491,1.221158918924754,138.16543978776411,39.176000470617105,0.16259266038746642,0.09521164238762898,124.80000000000001,gm1_infantile
1.906494621431052,17.232630420405226,14.562353963490693,2.0837766578508683e-05,0.04681813057579703,2.9238006849071594,7.566899344504903,2.4795993745363787,0.0,13.059206785941369,131.31225352644736,94.29969793831758,1.2111893839959662,138.04213564618004,39.810199995403295,0.1658120292845393,0.09210760703808475,125.0,gm1_infantile
3.0154362145013285,18.022872899043087,14.425543434565334,1.9531043117893977e-05,0.047735787973158486,2.9470304153497384,7.259925305820894,2.450979081317165,0.0,13.059394835020484,130.09053416764453,93.14561067039259,1.2399228002026652,139.72961339251987,40.625534874997335,0.1665179359551431,0.0946978875872115,125.2,gm1_infantile
2.301373665795502,18.254582044073896,14.59727600802915,2.0111583834509883e-05,0.04787465056087747,2.9123802874121223,7.272376857505029,2.331785562704625,0.0,13.083400139730763,129.52204972580125,92.93556315244939,1.2532076471926907,142.476547404711,40.971104074908006,0.17363628492898928,0.0957380390766668,125.4,gm1_infantile
2.449012825152269,18.412689865322076,13.767808007566405,2.0390710391260485e-05,0.04512506100358504,2.880213566090429,7.281353815748318,2.292875890225503,0.0,13.137028042579646,131.54099797710447,92.2009557061009,1.2446937578330248,140.14072493564416,41.41224952697962,0.1724369218349114,0.09158959557027635,125.60000000000001,gm1_infantile
2.551096852867858,18.795161214355577,14.388702525899246,1.9910164344383094e-05,0.04455901166185963,2.9825671442890305,7.295351648390962,2.3592259378424467,0.0,13.15701438622317,129.0751745467538,91.74956686675914,1.2241375528660408,139.099244469645,42.162826339297006,0.16985348752981702,0.0930418278672506,125.80000000000001,gm1_infantile
2.027537552964333,18.721240660252462,15.047418093011578,1.987492822000118e-05,0.04448599727592582,3.020707407694282,7.655955306557921,2.3175098103634575,0.0,13.126805410903927,130.8968207131138,93.26983723503245,1.2147771428857188,135.2820783134182,41.82977395733568,0.17171281596070798,0.09287009116898676,126.0,gm1_infantile
3.0446481459365895,18.054269759730264,15.728154467366865,1.9704256732118115e-05,0.04488432953136438,3.0270531563851595,7.722289363999024,2.3446790130731263,0.0,13.13746493322916,132.37485221469237,94.84227812873914,1.2210066217723043,133.67847733401018,41.4251789126606,0.16981119799922642,0.09323143500381703,126.2,gm1_infantile
2.371914279620147,17.080934696579753,14.899329977115318,1.786761437094697e-05,0.04167211623930871,3.017667918264691,8.167651959567161,2.4522044316955633,0.0,13.141573677233014,129.87390805341454,93.29923219028319,1.2009294637188874,133.420734240673,41.37378761671718,0.1705404363595169,0.09459154151288297,126.4,gm1_infantile
2.4692014548107077,17.088614781329973,14.136391841050111,1.6654743270216327e-05,0.04012182681197874,3.050388911316613,8.018523881553483,2.310751955307124,0.0,13.104632049939667,132.88406038388334,92.69319574278043,1.211477815678035,135.53008152946813,40.89717666467832,0.17058524415413603,0.09573049780641738,126.60000000000001,gm1_infantile
2.5672977705070217,17.414750212126442,13.292692454444042,1.6639604530990518e-05,0.03951768141073028,3.0667442155375095,8.150186444227023,2.3511610074462657,0.0,13.12316689217328,134.18954997576915,94.68886741435782,1.2103304859421926,135.96857669682754,41.463817947141926,0.168474274568475,0.09287243571357344,126.80000000000001,gm1_infantile
1.9802974849638866,17.22194267049327,12.600119832397073,1.6591479577955602e-05,0.0406347402136332,2.975865237859945,8.299311259258726,2.1892375246330267,0.0,13.176991396361146,133.66692109658274,94.91541740911792,1.2221710598383841,133.01363227844118,41.55363912445836,0.16846874103729184,0.0967802738089204,127.0,gm1_infantile
2.9466009866073497,16.756025310162276,12.110578713008858,1.5641521036015756e-05,0.04149949959022106,2.9747147332523842,8.10942795391996,2.188765332917122,0.0,13.16274186521257,131.48788957226628,94.69817745877457,1.2157450569118051,131.80978288112115,41.689482680425364,0.16913096466855315,0.09554025701672958,127.2,gm1_infantile
2.2962520528060035,18.903412938719505,13.340177343815375,1.4735274870331986e-05,0.04048338867801928,2.916414369268955,8.290267501398853,2.1967646863056585,0.0,13.221353243392324,131.54764450692028,95.71192569944039,1.2237538501254037,130.9213073537973,42.33488183532083,0.16570541663355773,0.09840532787354353,127.4,gm1_infantile
2.3995521364771766,18.31998002657815,12.746737380495015,1.3947558968955663e-05,0.03992700068708981,2.789854301672274,8.180796867438696,2.200067730357234,0.0,13.233566613434963,130.3826360982678,95.23458455289446,1.2194374060194784,133.7007765770966,41.916524692874596,0.16282223669180876,0.0959083949176247,127.60000000000001,gm1_infantile
2.4297916820033176,18.557746767095125,12.907458155592153,1.4309833744244444e-05,0.04069803945503426,2.9099322451939673,8.140759719849841,2.2327143515043986,0.0,13.253897463399666,130.67288398218028,96.18121274045204,1.2006973253140392,134.44331087201027,42.07992298769306,0.16309659251154926,0.0944113308975439,127.80000000000001,gm1_infantile
1.912833836587773,20.644399481663303,12.327692052870344,1.4383184718980354e-05,0.037990533516808284,2.9426211593312077,7.697355458678162,2.2310576043092896,0.0,13.247210796069965,132.2332464752695,93.92289355002445,1.1946002604343429,133.64504368282675,43.029165692735404,0.16444809297877258,0.09191865920896188,128.0,gm1_infantile
2.9292569546566605,22.19788105103524,12.841127790945412,1.3616509216550411e-05,0.037603019553944204,2.9277175239547812,7.566946478859288,2.158820700423961,0.0,13.288127042332,131.6339547748347,93.9070049557509,1.196522011033856,137.8150580962952,43.077622720254084,0.16827689516619398,0.09065609323605339,128.20000000000002,gm1_infantile
2.2756149104936996,22.128832227009337,12.53893401974744,1.3231986035325173e-05,0.038197454999584095,2.8835897963979136,7.5561534325665844,2.2391320655470452,0.0,13.32041612177879,131.84035105247605,93.81336991193362,1.164397629959339,137.2362010773863,43.33606539573648,0.17471889883646588,0.09177411611176296,128.4,gm1_infantile
2.471866370534791,20.523518921075976,12.610403962690498,1.3545552102584116e-05,0.03728454043841379,2.9314251182369375,7.705334666717353,2.288248182146949,0.0,13.290771654702066,135.09485751835058,94.72643202157094,1.1696722938872268,136.5847258267874,43.40018064882535,0.17509659700097877,0.09255753234676434,128.6,gm1_infantile
2.6038566933095884,19.55610253196553,11.912075869892405,1.3303044231680934e-05,0.035698002010093495,2.9119003514819712,7.581098873738809,2.33833096438265,0.0,13.232806835014879,139.3431349182175,94.54281381162735,1.174979225272921,134.13367252192825,44.02633037565152,0.17498811948164825,0.09238735799758782,128.8,gm1_infantile
1.8692434032707164,19.566227983469506,12.471263422959433,1.2912699468809443e-05,0.03649600505250461,2.968833882069657,7.446575569201888,2.4569382955500925,0.0,13.233981113615823,139.57438820771003,94.7433649154739,1.134082787908613,133.926835081586,43.26731758023914,0.18119153699824544,0.09567690101205405,129.0,gm1_infantile
2.952139343521324,19.101442320629346,12.004713664744196,1.2343074248180968e-05,0.03796079934352838,2.929448529793196,6.982028357578674,2.5161510059469356,0.0,13.282874077453057,141.57746945044184,96.39503423308594,1.1348851643202,130.3842680796872,43.32588670072343,0.183439245711195,0.09534029340060425,129.20000000000002,gm1_infantile
2.298028036504545,18.157300956330598,11.565248062838341,1.2924101160626102e-05,0.03942392802218771,2.926686665248792,7.065897843216493,2.4384193568943795,0.0,13.334942094759478,138.73950095789695,97.1048061889876,1.1431729884782937,131.45895748040897,44.33352649713364,0.19169200750314597,0.09479867965278642,129.4,gm1_infantile
2.4657181362301412,18.154036356788133,11.320183082083965,1.2781013036473556e-05,0.03985290433680654,2.9355843440982228,6.928343883995682,2.4090004265294085,0.0,13.309545861947633,139.37290201918157,97.75725850061812,1.1582994978646588,130.0976413067411,44.0294287706317,0.19816744448806703,0.09440819425513318,129.6,gm1_infantile
2.5599252621791293,17.93229358905338,11.99308802309257,1.3062597315617977e-05,0.04068802264790331,2.9345216901569846,6.804248529870207,2.5413822394204075,0.0,13.295662685554682,142.10667156310151,97.16188837068708,1.1803286724727389,132.85437141382747,43.52776818787169,0.2004440319480548,0.09603248534495942,129.8,gm1_infantile
2.100283251028611,17.208650593065087,12.84462989655712,1.2799710985744819e-05,0.0394014922599785,2.9257944213934968,6.846729418061329,2.4534719388225747,0.0,13.323869701200834,142.59632504553957,96.56419444057067,1.1777463679857272,132.98300428516433,43.69623871175114,0.20515923116775164,0.09657623165338519,130.0,gm1_infantile
3.0268809540705406,16.60591846803397,12.955175378420238,1.3059710801034102e-05,0.040394211815585584,3.0176196201075136,6.908041232577309,2.4993063097515664,0.0,13.336383565100569,140.58682377154648,96.59076126889708,1.22638973673482,133.6604514294701,43.23344550128896,0.20670216784616807,0.09542161233593455,130.20000000000002,gm1_infantile
2.302398485431039,18.70359024556423,13.584933257230743,1.2951654177790668e-05,0.039870301768030664,2.9982327700718727,7.21737077058561,2.4965932570104257,0.0,13.408473859217873,140.9735344378684,97.14424747246015,1.2437629152272278,134.6426617160095,43.711418524945735,0.2044161065886404,0.09279196312378483,130.4,gm1_infantile
2.44865937579185,20.099458817099798,13.224823565688641,1.2350013999174692e-05,0.04080441088749224,2.9712395562880425,7.135491592521865,2.449448441608726,0.0,13.36107395330011,139.99655788295743,97.55106710505432,1.2467788517584282,136.8877567203512,44.84402591320362,0.21111335430622818,0.09466962178018044,130.6,gm1_infantile
2.5371728058607075,19.325796005352498,13.307819152621862,1.235591807114888e-05,0.041387950747676754,3.00206068279256,7.121101306921225,2.490844504508671,0.0,13.387095114541156,139.9798563235077,96.57094085213616,1.2318233733102923,135.76397395312426,45.0349208499022,0.21323518707233705,0.09168229548489541,130.8,gm1_infantile
1.9005072821152136,19.510339948356908,12.834428641312844,1.2293444636219022e-05,0.04092863561449706,2.9610378505659396,7.135431996594017,2.496084614358048,0.0,13.379533405545223,140.9044067727872,95.69613619036559,1.2040831988065366,133.12592754803208,44.81822051788491,0.2066920039377703,0.09093609808959062,131.0,gm1_infantile
3.0120155002705133,17.913586203390658,12.743626958199515,1.3012026488163468e-05,0.04113002986136222,2.9392899609820295,7.117503971680745,2.5094377171288946,0.0,13.363359954782394,139.51917657461007,94.05197612294145,1.2053318212125195,130.77815035362124,44.576281418394466,0.202199772132833,0.09311049572045317,131.20000000000002,gm1_infantile
2.321385903833224,18.37080225170912,11.897099560734182,1.2803308355676777e-05,0.039863697327687395,2.9146686030092956,7.569651539939678,2.5583574080639133,0.0,13.458989957857641,137.8619937155157,95.64759570039702,1.1804084838208053,130.49878022365039,43.81457531446748,0.20304266309847732,0.09318901976342807,131.4,gm1_infantile
2.432697327407818,19.39229408168643,11.671287308575248,1.2688224449452554e-05,0.040432536811896944,2.8359927408080563,7.414240099193546,2.5455754913657103,0.0,13.501527553881353,137.5154223797985,95.35218477526762,1.1664663853600228,131.2233057411667,43.68039980807613,0.20147256622181225,0.09295357833768042,131.6,gm1_infantile
2.5633677107880875,18.71669227141478,11.378818788665713,1.262228656503883e-05,0.037617806965618075,2.8034198941457102,7.208834956650314,2.624988723507937,0.0,13.484306175329928,137.47930687586742,94.70414947108601,1.160185177774735,131.5244829460135,43.47446467500767,0.19922403837488337,0.09083875621676185,131.8,gm1_infantile
1.8835606316138975,18.727591655616195,11.63236739029693,1.1731398788010918e-05,0.03810271788404644,2.839794464165715,7.439907627450861,2.6356979014543884,0.0,13.550046242432506,136.97799132171718,93.49701156127644,1.1366456399664433,134.7827671385196,44.55994362678214,0.19481997556202282,0.08933276948096938,132.0,gm1_infantile
2.913472419667571,19.810043896652825,11.070828463684066,1.0690676554557851e-05,0.03983237720112366,2.853495452788659,7.5491164308775565,2.6037927749525434,0.0,13.503940377605545,135.49706510572102,93.7442064778422,1.1027215210828483,134.34937573428422,44.37986060688322,0.19319021095721906,0.08820046707418985,132.20000000000002,gm1_infantile
2.2164068333338927,17.952633291148445,11.274970412546143,1.0353645172740262e-05,0.03845709465638382,2.854617940286892,7.50031766289215,2.558731749645938,0.0,13.5242689393582,133.33587954582137,93.93839284241997,1.091192198279057,133.76728988369837,45.109082098024786,0.19519426025668293,0.0904228197714092,132.4,gm1_infantile
2.385289244961491,18.2419390253731,10.493971587260303,1.0021154594564493e-05,0.03810083444424173,2.9155374435152526,7.4119628682720675,2.5697372278715678,0.0,13.559019425106486,133.1674971957978,95.10155246541534,1.066950897933524,131.02191705801886,43.783208229990144,0.19833960156857042,0.09175620469637318,132.6,gm1_infantile
2.545471009299086,17.517190233762072,10.345322191639378,9.7695166663088e-06,0.03918883167897417,3.0027452166791124,7.582360845239326,2.578292157477555,0.0,13.55095970684943,132.5422062203023,95.04827002018759,1.053518734780339,130.85765982894486,43.17202231773797,0.20261353695875675,0.09283751383051059,132.8,gm1_infantile
2.0179128383873715,16.034563683205768,11.362276286573131,9.032582828471533e-06,0.037986378239402374,2.9669461039845033,7.83757688650214,2.5676539433103898,0.0,13.526658795482453,130.19194883662607,96.61490728649532,1.0653047099002437,133.41046023509227,43.44523572490379,0.19066600968448558,0.09024922868019904,133.0,gm1_infantile
3.0502277337018397,15.645156298434227,11.114455768988275,8.494805426505982e-06,0.038638435810684206,2.9886912099768863,7.913646890275612,2.5013872452654233,0.0,13.485952219371152,130.04888965418857,93.50113759868728,1.0435464260798737,132.97321691938697,44.893318939226745,0.1828372347175473,0.08773506835169138,133.20000000000002,gm1_infantile
2.3992848757959075,17.349372616067978,11.246336242367846,8.533242964386275e-06,0.03818372384704438,2.9590235275774797,7.892940433514615,2.4425652844219186,0.0,13.437297831795082,131.69510001713593,93.6656489563276,1.0410631281709497,130.21826398172087,44.342753937985655,0.18751835294258803,0.08729106944596483,133.4,gm1_infantile
2.5227787970523634,16.510176923342772,11.299481184157582,7.946386199339322e-06,0.03810690322093228,2.9762650333576914,7.929375963624685,2.3811539125799883,0.0,13.453146104312555,131.3994130985737,93.4200731416344,1.0685667729845578,128.72088397199514,45.028119094286886,0.1824414235158974,0.08854259393369533,133.6,gm1_infantile
2.641879170608073,16.077126384290032,10.746964829489261,7.239798801250562e-06,0.03742449602083167,3.001884666892451,7.665787708511219,2.3915066856436002,0.0,13.44580938887582,129.47141600066513,93.43777050450129,1.0617919055707479,126.8452156260101,44.666979809706135,0.17838445221432184,0.08594201164061188,133.8,gm1_infantile
2.0732265865994175,15.819016981432636,9.793349425118375,6.92847690916742e-06,0.03803880677682329,2.958709700594641,7.957478809732894,2.338260258494149,0.0,13.476710291092585,130.3422450941273,91.84593317573389,1.0488389763246242,129.02919013135843,44.22403999283718,0.1820403177072214,0.08508359916152824,134.0,gm1_infantile
3.077734682218261,14.625213727591483,9.60663133047173,6.569853913869603e-06,0.038069583564493185,2.961258354460794,8.026720922850288,2.3245683255334795,0.0,13.481914701892109,128.6371130188196,93.30372834608399,1.0477596218053828,128.62529174523257,44.53753522521628,0.18144461087750333,0.0819539363865814,134.20000000000002,gm1_infantile
2.3331812951116286,15.661175971435041,9.695937015448893,6.048778080906779e-06,0.038208772596670625,2.929481932155703,7.806131793849213,2.2734310526626422,0.0,13.422488713678963,127.28965523279636,93.56989803040466,1.0707155491898988,129.7464859345527,44.07201113118319,0.18747204222926717,0.07947810568271532,134.4,gm1_infantile
2.4714581912762004,16.073516972883557,9.39669341289508,6.074947329611997e-06,0.03760991339338442,2.9639983496959945,7.415963125263265,2.324183330897145,0.0,13.456737809158309,127.30995373454844,95.26629870851491,1.0784740096433216,129.67618744212106,44.579270033078586,0.19053266536050556,0.08029402761923526,134.6,gm1_infantile
2.439190527181448,15.259253035428785,10.090808850688607,5.681028086502346e-06,0.0381995884477921,2.9993985967536383,7.279335581112898,2.2225926355806496,0.0,13.51910815070922,125.93928089295784,94.36732912001195,1.0644788848765623,131.9639950602104,44.47123861283665,0.187577773570735,0.08284296300422614,134.8,gm1_infantile
1.8863087574223985,14.557875263174617,9.607150929115782,5.802467749519717e-06,0.03805163897303969,2.915027481295841,6.945957685149907,2.1860626467110484,0.0,13.457093282703426,124.1961067175964,93.32390777844496,1.0582669691831585,135.14611241463749,44.34978514766551,0.18657831246529594,0.08376076492363388,135.0,gm1_infantile
2.9191733204617676,14.815225460876976,9.780039505918076,5.706599534779932e-06,0.040316659108571386,2.960684489312436,6.792559836064657,2.2530217763496583,0.0,13.470225318455421,122.03385562795938,92.06281928219882,1.0637005522997938,137.08927164561393,44.6878725648728,0.1898797458319836,0.084431670496848,135.20000000000002,gm1_infantile
2.296176636896752,14.564412966464639,10.194476042228143,5.800453821367297e-06,0.04008851031385487,2.9523082815064736,7.136150456520458,2.281350846548346,0.0,13.484515183182971,121.99070834548269,91.17391349794643,1.0695456576031837,137.13710295491094,45.84267348952589,0.1929603036033917,0.0832853243375663,135.4,gm1_infantile
2.4671978855758616,14.833565226605225,10.842454246792324,5.571509939449521e-06,0.04008767844546704,2.9449257423189312,7.1712994387556614,2.2528726245758453,0.0,13.496820251894599,124.22939778902477,91.28262739121556,1.0640667204070402,138.71448864058448,45.388680747641104,0.19739375675274018,0.08529768532891908,135.6,gm1_infantile
2.6297245110443965,15.191041678900936,10.629013021016037,5.47719851016935e-06,0.04025949715944543,2.9133701698226124,7.452685731049987,2.31658497469358,0.0,13.55346096142677,124.49972549666349,90.07323649010542,1.0527389335084048,141.6193018266048,46.5473454219395,0.20158433794322433,0.087820247389936,135.8,gm1_infantile
2.071768472385705,15.727398377832916,10.82165741588466,5.4700949894704115e-06,0.04075648300505584,2.872801532662079,7.60850904309698,2.4320350273265143,0.0,13.543665901872059,125.40506016030349,89.41529086346479,1.0348801751791057,143.9055256813034,46.29554462135837,0.2013425289628502,0.08659685458583719,136.0,gm1_infantile
3.1300510890840645,16.40889100697469,10.747762648412879,5.1302338419237435e-06,0.040268375740201354,2.9002532942145134,7.651508277394597,2.4493748591403035,0.0,13.566360472734331,125.43774573911685,90.08212702112709,1.0220150013721656,148.99169320670262,46.14955134884035,0.20193840925576476,0.08766932426763269,136.20000000000002,gm1_infantile
2.4164904669658283,16.554252202492055,10.806316892550287,4.858515760428526e-06,0.04049413997770647,2.813813852345961,8.016728215031694,2.5066090202334825,0.0,13.513475950656611,124.21403075645743,91.90060478120029,1.0813038049986645,150.0,46.82662749539028,0.20399702345841247,0.08599040932719937,136.4,gm1_infantile
2.575240187619404,15.593216319111015,10.29941661057818,4.541147522057599e-06,0.04121521911215223,2.8090708953144934,8.027902919981052,2.5122275249726287,0.0,13.492919586166645,123.29235453268016,90.30343988961557,1.0745708135077947,147.87071336616597,47.21872940197276,0.20670427683235001,0.08350790257678586,136.6,gm1_infantile
2.624448172401476,17.274161179767763,9.91253562473704,4.516542830257737e-06,0.041137462440320675,2.8628125110184905,8.083476979770342,2.4911758127050954,0.0,13.495071238348597,123.25250538445506,88.84255973342003,1.0932472416373895,150.0,46.58803217172782,0.20498468498318062,0.08306141545468743,136.8,gm1_infantile
1.928254641960299,15.635025448650088,9.727009390947895,4.365320878233869e-06,0.03965829924858533,2.8700498367845455,8.319091452625205,2.553444613220991,0.0,13.439345799500504,124.55357426315679,89.14400497130667,1.099896062780154,150.0,46.10408468507148,0.19190082340103018,0.08110100907473285,137.0,gm1_infantile
2.9820957496040514,15.572979063016836,9.28627910787514,4.057967197034815e-06,0.03917657874323383,2.8048636771429325,8.399948181202882,2.52131461666379,0.0,13.416275548035433,125.10062051258976,89.32101126976077,1.1032355064013308,150.0,46.0901518898644,0.18721525161271046,0.07976045288583407,137.20000000000002,gm1_infantile
2.3064991464719866,17.52559507558013,8.8288860164845,3.912611437494754e-06,0.03909629644096147,2.7879183769920344,8.618903625847205,2.5104509822992767,0.0,13.440434554479218,128.28097395239286,91.14922718032122,1.101652366335203,149.92994358518598,46.149802539223074,0.18753777891907136,0.07823746249877542,137.4,gm1_infantile
2.4861129128240433,17.64947500548734,8.958111588200623,3.656745334655096e-06,0.03898466570228537,2.693409128800322,8.450592027444781,2.4876607115233855,0.0,13.496747381709854,129.36037368661053,93.05871927799951,1.111704564769627,150.0,47.3444838854686,0.18419905297289096,0.07683091378855202,137.6,gm1_infantile
2.6112163539179,17.607483627036853,9.192710414026688,3.5476330791435547e-06,0.038302709405212645,2.771196690362323,8.19868623114303,2.5632210761603544,0.0,13.448873772748623,128.013463241926,92.35130288059358,1.1207263167402544,149.27605287350403,47.31576647076798,0.1780058858613958,0.08090763374062002,137.8,gm1_infantile
1.9893541782035258,18.07439080778333,9.110745987063549,3.3913032769677653e-06,0.03981315536180958,2.6760182229222966,8.25301635999705,2.4897147825089587,0.0,13.429395705729004,126.4236907710912,92.51327168605275,1.0831637569810122,148.67381740935141,47.2842414528469,0.17240316413337925,0.08366296363466573,138.0,gm1_infantile
2.981177665994252,17.692332513238675,9.023996888031899,3.310192974662226e-06,0.0408255899288363,2.7955146404893334,8.428162129918086,2.594205168037861,0.0,13.436568983701386,129.21405664202962,93.61966659958038,1.0860304724269958,149.39136392239354,46.16876178927819,0.17327687021926524,0.08079535387453897,138.20000000000002,gm1_infantile
2.225629461898693,17.937705846400448,8.730465704727205,3.2397749444180493e-06,0.04077868492447598,2.803047609774135,8.200742624347141,2.658989771322146,0.0,13.449525350851701,127.24408412961118,93.51083509659281,1.102693884474484,150.0,45.70797303980708,0.1709210860939687,0.07900410788228052,138.4,gm1_infantile
2.3434339416715324,16.539790424937202,8.836543743090246,3.2458098583969365e-06,0.03989584899944276,2.7968999863029413,8.14071635309699,2.7274742466781676,0.0,13.43193478208353,125.9035604046983,92.20978665346284,1.1109944283517665,149.75768901468993,45.7739295463665,0.17561274208113858,0.08136952776859441,138.6,gm1_infantile
2.3806817799766113,17.092835564650684,9.049187443231174,3.124486412453157e-06,0.04001972095919878,2.710125748074474,8.459326334658742,2.7483799685136487,0.0,13.414061439879454,123.16057376969869,91.94059821605673,1.1042255398451208,147.14861138104376,46.28547274261628,0.1804344997102367,0.08129296388361461,138.8,gm1_infantile
1.7938301138426858,17.454818243529044,9.170946445885047,2.9403298308992344e-06,0.039269869369181726,2.6942845631728987,8.50543804888795,2.7401871996630187,0.0,13.368100757012598,124.37693955575811,92.06387975889473,1.1432774122888802,146.41521930011834,46.51671937822147,0.19193566675914303,0.08162001264840299,139.0,gm1_infantile
2.8561852904248757,16.382046654755932,9.953781267547491,2.75946970080752e-06,0.03947984772543072,2.670015649951285,8.451856244888816,2.6315211192551913,0.0,13.359498641756817,122.47315497377868,93.74292451149091,1.1359460613680528,147.10522439115076,47.07379874648043,0.1936759932992609,0.07768144143060793,139.20000000000002,gm1_infantile
2.2817952125989795,16.374920131386514,9.892994747299065,2.6909978549955413e-06,0.03791633970218324,2.677850535933631,8.142499063106115,2.6212375488832196,0.0,13.391321018665145,121.24889716470103,95.70093371970165,1.1509290619675334,146.2842873944786,46.40548824574112,0.1872157201441781,0.07813161124255462,139.4,gm1_infantile
2.3812255725892175,17.426760868828815,9.68323762170009,2.5492942958679488e-06,0.03795381596991005,2.6436650926653167,8.15581667871994,2.701882972235488,0.0,13.394642352021712,121.7031656353567,93.66145247301145,1.157351910885221,146.6280683222849,46.99421640732632,0.1894710240222226,0.07775347746149244,139.6,gm1_infantile
2.5496753060754487,17.10473185666494,9.908921811377049,2.4676826966414776e-06,0.03818644209149027,2.624491461719328,8.542441650427103,2.8566390245502884,0.0,13.440584409053432,119.334090880324,92.00716213695333,1.1527453973018782,146.73189706570972,46.89649000689394,0.18233826376479165,0.07975580140945072,139.8,gm1_infantile
2.0642122030239762,18.315997319217203,10.504974359820181,2.435975183877677e-06,0.03731114426719377,2.626482907290004,9.037127883018886,2.815661812306403,0.0,13.473602166421824,121.35592156394456,91.08536281998342,1.149145422557309,145.76634689142006,46.96779945949165,0.18660838673076696,0.07830727620462477,140.0,gm1_infantile
3.1152273869433507,18.27463014539125,11.768585762485452,2.412870839148771e-06,0.037071824305385484,2.652166253937938,8.922872646397614,2.6726633410985525,0.0,13.465579637204211,118.91071992780196,91.11735218925752,1.118173310450245,145.11221730138365,47.14865609684421,0.18671508845574405,0.07756360149112597,140.20000000000002,gm1_infantile
2.427895136981814,17.599843571412833,11.848044915795404,2.3673135944605896e-06,0.03617554095566563,2.6633776844440726,8.948977884196017,2.6623014176473485,0.0,13.461040786084537,118.59573186356509,90.72357121941312,1.1043020123704095,146.4851699888035,46.742935010503885,0.18405941177626786,0.0766089800121532,140.4,gm1_infantile
2.4766498309203357,15.983540850750448,11.660397331709886,2.392760966778142e-06,0.036181508293352475,2.7371703473389273,9.090225832231642,2.7012348983802736,0.0,13.4578141670568,118.82707930065632,90.83171628464821,1.1280762881576916,146.5162381559526,46.36618770244298,0.18619793302340518,0.07519647244146126,140.6,gm1_infantile
2.5962884128382524,16.364173432846698,11.584180706616651,2.3914846292019885e-06,0.03484409663700606,2.7434307494530343,8.91398703026837,2.903362864215067,0.0,13.43957635321661,116.78005942926984,92.55829010185565,1.12318748230014,145.00586963731956,46.605422878093144,0.18862153088325237,0.07624456627065385,140.8,gm1_infantile
1.9749992149954982,16.53811195791673,11.738644172810465,2.3703161464147475e-06,0.03502864969242597,2.795781585292254,8.872931827516224,2.798527533327632,0.0,13.461945528348728,114.15289776285097,90.49089815390683,1.1375262183553132,148.03899172177458,45.849635574901114,0.1887344052958466,0.07553787665994034,141.0,gm1_infantile
2.985053936796689,16.713121871202645,11.112566529650842,2.2285898648404373e-06,0.03464463695206124,2.786548178424019,8.545292089905521,2.823426440584342,0.0,13.448951142896544,114.7357313525013,90.45720840986561,1.1506226048631685,146.23471105386272,45.02980268180636,0.18712057883016728,0.0756121873282193,141.20000000000002,gm1_infantile
2.253279170081912,15.614882114427198,11.260157552076896,2.122249261932148e-06,0.03339046436604389,2.8330982523674932,8.362458512863041,2.876363760903444,0.0,13.457515677865581,114.55735381643112,87.4150305540176,1.1333861312727762,146.03422109241845,45.28576472476245,0.17947378837954397,0.0754934634131856,141.4,gm1_infantile
2.3410328708742605,15.799630103531564,11.27608443191359,2.1348437633826847e-06,0.034054602418356075,2.85426274713625,8.520008527862146,2.7995411507628205,0.0,13.420586255703808,113.8965526053344,88.60886841050407,1.1450989451931384,147.04623710226224,45.73197370735317,0.1710127091113982,0.07819413095934884,141.6,gm1_infantile
2.4528850262985276,16.89019517662496,10.326875646691882,2.1095895807644455e-06,0.033483497204307246,2.8813605616625315,8.540908684294102,2.785255362480882,0.0,13.418574795507197,113.77173831247481,89.32701967909739,1.1605030308401532,147.39533748488614,44.98787660428732,0.17115272787154284,0.08286092993817165,141.8,gm1_infantile
1.9568434443106892,14.392759238237206,10.441402511191047,2.136778180060644e-06,0.033204981029599505,2.855236092237877,8.425063154026473,2.7859059796626924,0.0,13.453986697267602,113.83697585270014,88.33904631904815,1.178109507837991,144.42569120386955,44.689261374809625,0.1687047781689748,0.08689063153528231,142.0,gm1_infantile
2.9530009188789075,12.788137750659974,10.194999031940656,2.1270108016893936e-06,0.033651156535075,2.971296467202599,8.706323285864453,2.7622225340602746,0.0,13.50262998167252,113.42587338275477,87.69048288956957,1.1714376643370437,142.0850007111465,44.44779883215742,0.1675585319215767,0.08827912305372201,142.20000000000002,gm1_infantile
2.2850810957934735,12.16603409726446,9.480877170970322,2.098353297092803e-06,0.03356285303386342,2.93911264503823,8.514571008114292,2.741756056062292,0.0,13.478791969371795,113.71333171601269,88.95477758011384,1.1590689062292008,142.1498285238385,44.462589043276154,0.1624525472527529,0.0885687596995637,142.4,gm1_infantile
2.4226423822339527,12.633778424183872,8.98907334859873,2.054978624959924e-06,0.03447322655416662,3.047564908558655,8.750644790441598,2.6165088468600883,0.0,13.463934768631459,114.29819474400294,88.16444947906649,1.1326188014351124,141.58384994337743,44.93313015027878,0.1632490150043791,0.08932632413404418,142.6,gm1_infantile
2.537285084211604,13.022371512283152,9.229008761119275,1.991692742873182e-06,0.034390690903021555,3.1410651715994713,8.687091558877405,2.585451825235959,0.0,13.457073014981136,113.7810590097058,88.54010097152755,1.1248504952572311,141.41626761463021,44.494555895103474,0.16339184680450405,0.0904572533945981,142.8,gm1_infantile
1.917029984154104,11.81729471416504,9.502329373307143,1.9584328990048007e-06,0.033489237869315715,3.1815272150324225,8.254423864323782,2.6171390183672227,0.0,13.38867115466197,114.20424615128283,88.18643898315938,1.1162838276228821,140.14691925579962,44.45593113503988,0.16137625677034012,0.08673477936512913,143.0,gm1_infantile
3.0078011817153527,11.699571499755699,9.185421934734004,1.8397439778761858e-06,0.03392905833163102,3.10514997545419,8.192173903337569,2.5236313295161623,0.0,13.355372330954733,113.40664576626594,88.32528170545528,1.1196157762355525,138.81364639128967,44.43917625687116,0.1643633198156645,0.08352800229248465,143.20000000000002,gm1_infantile
2.3518087089285813,11.37945111524272,8.759215939382152,1.818273088663331e-06,0.03337373046608903,3.0352754112616824,8.41692164840828,2.559223606056438,0.0,13.311112804991737,114.46535801841482,88.11641909002968,1.1422707182279204,140.0977010235756,44.65560336248882,0.1603941938581936,0.0844129781639162,143.4,gm1_infantile
2.4055933197870263,12.341359088874501,8.927709808774763,1.7270967371902155e-06,0.03383781087786165,3.156496661717763,8.296604333804988,2.5742533409351687,0.0,13.313354017994794,112.32191695806614,88.24438321477169,1.142788013227668,143.63431707763172,43.629752338241296,0.15914116041674659,0.08683961321563503,143.6,gm1_infantile
2.499613690272279,12.345570635346848,8.620655683767701,1.6340594686595624e-06,0.03234071168380422,3.117913646739031,7.991556904759888,2.541226595673078,0.0,13.2987849081505,111.79913357436999,88.31564927545006,1.1343884526298589,141.7173291139872,43.720809212587604,0.16274088584610918,0.0870476843589251,143.8,gm1_infantile
1.8665513935522535,12.399544544115416,7.895384519615295,1.5915546429518138e-06,0.0319150556355921,3.062999685382659,7.7740303460503455,2.483160637786892,0.0,13.330999922179227,110.57440799148327,87.83201781310842,1.1266960191491062,143.38355931939205,43.84672183761202,0.16282104303169098,0.08805358998590843,144.0,gm1_infantile
2.889419245005281,13.342550436811152,7.947600667444841,1.510095235836023e-06,0.03161597241275953,3.1280253882445868,7.656146017703067,2.5348980910365073,0.0,13.307895826616448,111.72100858468482,86.93747338062643,1.1391025454703079,144.1636078966968,43.37581106561091,0.16230167152701838,0.08693382890660308,144.20000000000002,gm1_infantile
2.2849247621991706,14.943206596706151,7.890779818801474,1.5074360201574352e-06,0.031498902885173964,3.1260098777088308,7.588577969166203,2.448630994884263,0.0,13.299006980603927,110.53210125242568,88.2599669432145,1.1403535937598142,143.8309292963452,44.20458324867857,0.15551575803613396,0.0893981825271794,144.4,gm1_infantile
2.3763828067066983,15.118844509408301,7.800011682170084,1.4267274556712526e-06,0.032304060624334725,3.22808903769173,7.515286444666597,2.4561843982157585,0.0,13.350268236523068,107.60676305592372,88.83589317920246,1.1290153248905515,139.46573002017962,44.0298174283937,0.16183150826192522,0.08804838204169062,144.6,gm1_infantile
2.5327817313928187,16.140409892585048,7.916635856500111,1.4028779581272771e-06,0.03095082013704021,3.1834160638286897,7.6592334007473015,2.4322871079352986,0.0,13.353943481625597,110.99377260347373,88.4510549468355,1.1532567938346183,139.86250539671835,45.08124884859015,0.1572036214001193,0.08836736525250787,144.8,gm1_infantile
1.9034049514795752,16.278513381426627,8.503192464320481,1.392474227965722e-06,0.0316754214778541,3.141887937185812,7.448089942135272,2.4143682563489843,0.0,13.348094349903617,109.73745345072444,90.01268369220807,1.147230928375665,142.70207299605377,45.12390073660318,0.15925012439273653,0.08942860562347803,145.0,gm1_infantile
2.907386464867629,16.488190600481477,9.395192181378416,1.3757671243384917e-06,0.0321856072996539,3.17762549628859,7.485894980120176,2.413691236122662,0.0,13.370595341477348,107.93191731685721,90.43570212705133,1.1440693222102927,142.07185272084382,45.95008703620392,0.1564090462561737,0.08663524979033467,145.20000000000002,gm1_infantile
2.3281308577971553,15.365673737153452,8.724523710877286,1.3922011702242132e-06,0.032163266220590715,3.2011839472252,7.3610982764143165,2.3062423889150576,0.0,13.362159195568898,106.27968869036063,90.93183873462533,1.1366312674568417,142.5509345611048,46.07723847779339,0.15752438111935557,0.08756433147977011,145.4,gm1_infantile
2.435902920870546,15.520775050617948,8.915409496143385,1.2471514519620556e-06,0.03249492387588087,3.2062684219271347,7.4443621064398435,2.2250283520972123,0.0,13.329284870277736,107.52802887932779,89.35536412848712,1.12220961785234,143.70355986326828,45.72070376722527,0.1540421637562661,0.08931269694492275,145.6,gm1_infantile
2.5877786563625396,16.154040826213866,9.356340628403748,1.2105804751330808e-06,0.032208514070980215,3.165756732564486,7.441286453312028,2.202886245616454,0.0,13.346877098396511,109.42668166434808,89.95959036870516,1.1492826772887306,142.47171398127628,44.63952398375526,0.15628672138999905,0.08773814590968074,145.8,gm1_infantile
1.9515984670010722,14.724573475913369,9.085301398802148,1.1217582400952344e-06,0.03176037182913188,3.1400608578019265,7.428265131356589,2.293332035146489,0.0,13.298251715820697,110.49140268130871,90.21857271118631,1.1473980622402056,142.55048423061655,44.798968469553415,0.15364455931285323,0.08733601157179524,146.0,gm1_infantile
3.0311103867843245,14.126567390371322,8.748232593300019,1.0956273467894604e-06,0.03083264082249853,3.041389474261787,7.335492912169285,2.3892714432824467,0.0,13.303263697192643,107.54288801160783,90.873798181138,1.1485059145591263,141.402409860756,44.94343546556156,0.15399196340028506,0.08524613059390354,146.20000000000002,gm1_infantile
2.3925152073084583,15.249607648336488,8.72735134068874,1.0390266581521268e-06,0.030579425691048878,3.0850734082482325,7.098880374342039,2.4290292470739328,0.0,13.310166973459555,106.90788071129104,90.30684488632873,1.1720172642735949,138.86351365943742,45.272590028311726,0.15982680021075454,0.08651848008461377,146.4,gm1_infantile
2.432501467360439,14.256413144567246,8.534365822895257,1.0230332713591715e-06,0.03060435825628372,3.0123610318715444,6.9443036242223934,2.367778259799296,0.0,13.369067942889618,105.7565178086882,89.25406249289266,1.153931698792887,140.18117957797205,45.28169669656986,0.15639908650364737,0.08577330832484949,146.6,gm1_infantile
2.49035590951949,14.543946195313028,9.697993833385805,1.0218245529239067e-06,0.030410731023047182,2.973607004879032,6.731959024777608,2.424548645330294,0.0,13.354840709293178,107.67555229694597,89.40509835896603,1.1658001711441197,140.8503875800885,45.20839814678922,0.1528466995962524,0.08544933607118055,146.8,gm1_infantile
1.9407020588712285,14.218070185489745,9.939005186264085,9.61440302795222e-07,0.030816565222130197,2.9872510337177465,6.56799720339869,2.412397945523628,0.0,13.316995502080573,106.31515880126382,89.44715725887019,1.1994412108731771,139.6870486382001,45.544302109704304,0.15349751094331293,0.08428513953188574,147.0,gm1_infantile
2.9774869917744873,13.844954837896896,9.814362986657098,8.856967427819378e-07,0.030668770673635642,3.0326692416331498,6.635866508569066,2.4859335386419223,0.0,13.314922984123085,105.6044498951409,88.99079192426015,1.1755822342005253,139.29733143850822,45.66674652050112,0.15925726556791786,0.08524338378006423,147.20000000000002,gm1_infantile
2.272175076310146,13.004531386541144,9.752157249233154,8.931309261515443e-07,0.03038751745641792,3.059054306417974,6.650007296801953,2.5197714948797825,0.0,13.362470491142398,104.22408796279014,90.06991692507053,1.1709473388030909,139.199706492406,45.55190527907922,0.15991491068633917,0.08607531426069222,147.4,gm1_infantile
2.4656335167239853,14.095168982792288,9.907740136159813,9.307576210612567e-07,0.030321618697252122,3.115312755063482,6.768294920573499,2.460168861262553,0.0,13.37721276335219,104.36879810598504,90.69392645618716,1.1842614128076117,139.27917616536902,43.82140631896701,0.16577098781197894,0.08545850135666828,147.6,gm1_infantile
2.513226822929145,13.345975572653265,9.790930752136141,8.9263297647614e-07,0.02969717747675921,3.0741438128137184,6.888457138939978,2.577062155133865,0.0,13.410533479635326,104.03079762884266,90.94354342328415,1.190536616790231,138.18324751114187,43.61199826042816,0.16869706081703337,0.08752198742087577,147.8,gm1_infantile
1.91453745358316,12.626558763295911,9.679141781764242,8.290465065490614e-07,0.02962095352162302,3.084817357266236,6.860619430266913,2.5602170414643908,0.0,13.417936441905566,102.55782907372338,90.75660216611439,1.1966004564493715,141.27151813285658,43.494201033692335,0.17050690836153912,0.08920890791669224,148.0,gm1_infantile
2.9422041896303583,13.438710897602231,10.216492534631136,8.536119727104852e-07,0.02980026916598629,3.214319158729243,6.77094266892462,2.6782602066744525,0.0,13.457911007715865,102.31495454748267,91.91269889950667,1.2191759472855888,139.34197062658245,43.44050368199309,0.16225314424824533,0.08880338019939454,148.20000000000002,gm1_infantile
2.249197852055029,13.477482578723983,11.645437050128464,8.897363645570826e-07,0.028729881211204962,3.2426671822195448,6.923354122572407,2.5851659503879985,0.0,13.465915845745718,100.68069214810043,90.76886318179845,1.2211287265802102,139.67350021977552,43.071237715820374,0.15913146404272832,0.08857548720607865,148.4,gm1_infantile
2.4387769820520866,13.478838806727932,12.483671348297,8.49135884489054e-07,0.028732113589910183,3.2182744210231666,7.01758339870335,2.4700236606472408,0.0,13.414803554028126,103.22879904074043,91.00050211188444,1.229294248462207,142.34475282271572,43.61292790173172,0.15629360750757063,0.08972089593335753,148.6,gm1_infantile
2.6417595847390767,12.95000484381484,13.658883710032415,8.430546061514908e-07,0.028333023184331896,3.1633723672266254,6.95367209904063,2.301786090349546,0.0,13.40661716528221,101.94529840954971,92.03953541611314,1.2247558361051798,141.26651817125074,43.46398666266204,0.15728488154504214,0.08981555428121252,148.8,gm1_infantile
1.9673159180364708,13.197422141063168,13.515338411011586,7.916406109906699e-07,0.02803042504150497,3.1925350077541363,7.048510897251871,2.276009296254996,0.0,13.376970491693243,100.85463666633586,91.84862024062176,1.2487772301155533,141.7043624652412,43.34532942613852,0.16255098262890108,0.08918808923914084,149.0,gm1_infantile
3.091465115123028,12.854028902354882,12.81542184718215,7.703005339670664e-07,0.027755617623455343,3.1428770071841514,7.533881675737509,2.285179969249698,0.0,13.362860996858432,100.27952173321768,93.24038506636764,1.2199960333089266,139.67844553633407,43.24384590897272,0.16726403699828715,0.08839151669008342,149.20000000000002,gm1_infantile
2.4446952460068734,13.125291371508949,13.491089660607821,7.116887445110789e-07,0.02809818654680043,3.127971543962351,7.675962227904905,2.2311642164102357,0.0,13.359497755771814,99.14578003565195,91.768240251325,1.2097565318504662,140.05506398573502,42.849402236427565,0.16575018134886105,0.08469050681278563,149.4,gm1_infantile
2.52211922692718,13.979491490169984,13.820045120769818,6.945080760859431e-07,0.02813227914803449,3.078403795852188,7.960717177721869,2.362500076689189,0.0,13.436812225543878,98.45563692085959,90.3603355996404,1.1976004536723452,139.7719646124406,44.24326042642119,0.1644322270959301,0.08303041621501729,149.6,gm1_infantile
2.5509533786551075,14.96339719519453,14.357260632737413,6.679266529866166e-07,0.026857495398758972,3.0134829890959134,8.268000922184445,2.39469601053569,0.0,13.492777480404891,101.28972996169973,90.4397788892851,1.1967686068405126,138.80740717760185,44.11299105678337,0.15878215132959617,0.08026354074495855,149.8,gm1_infantile
1.8430393124822944,15.93753035759097,13.303770526362545,7.020497354907375e-07,0.02630830984674365,3.105324022767948,8.108202321421999,2.285501867388711,0.0,13.534835545976028,100.26766574249629,90.16105991923766,1.181862282286141,138.70088979538465,44.2157048749748,0.1572725879782491,0.07702072204142353,150.0,gm1_infantile
2.8724991711491845,16.44948499930266,13.150147495168026,6.790308808912062e-07,0.025654655233816392,3.068204712359544,8.338415249425932,2.215203893521716,0.0,13.535955204528618,100.80343893703267,89.40302539493545,1.1758057967360924,138.8223298335481,43.946359977724256,0.15817728185486613,0.07777054879416061,150.20000000000002,gm1_infantile
2.3923798179423366,16.788715497478446,12.060790823912427,6.935241973536048e-07,0.025428944941595057,3.1772082778650605,8.584023473152943,2.1995156819189186,0.0,13.517685155530692,101.01079206506562,90.34291043341251,1.193092275038655,140.62549986794394,44.03012188524274,0.1669354057642247,0.07709456437909193,150.4,gm1_infantile
2.4181175655712397,15.54209058932654,12.911082810661052,6.770030885414237e-07,0.025411481262217678,3.1428799506729552,8.356058087869839,2.1612541749890033,0.0,13.514437877614846,101.8048983586285,90.87831898464022,1.185635053532268,138.03313346942704,43.165608050374765,0.17832469778415197,0.07964148164214896,150.6,gm1_infantile
2.5956493593671133,15.017446273208494,12.889341516752191,6.433272917389782e-07,0.024568877486379478,3.106302374379492,8.553705311949445,2.225801923557953,0.0,13.504623661532786,103.0328525619075,90.30653548619742,1.186334621218959,138.9203385893863,43.43531769286927,0.17902326242032632,0.07843965821166979,150.8,gm1_infantile
1.9415849950466832,14.212620671486418,11.981612417428524,6.271810353094888e-07,0.024916992791896134,3.0269523564752685,8.50541146368397,2.282150560657309,0.0,13.496151472433976,105.52818500176154,91.1008740307567,1.1564169636084942,140.2837419445687,43.04335960004117,0.18148988988139148,0.07719248344318483,151.0,gm1_infantile
2.968851709490654,13.779505579937778,11.952977463271225,6.014133332501292e-07,0.02468686640966274,2.9606045714667095,8.529722342113432,2.3044515314113463,0.0,13.525845621995943,105.4632797742171,91.41996092016612,1.1681151351204315,141.01506632821435,43.764713363075224,0.17997675769893345,0.07895437535044732,151.20000000000002,gm1_infantile
2.3308100795496602,14.354504088024285,12.13085198099014,6.160777588299823e-07,0.024983395815652246,2.933950833820042,8.307646511550779,2.3171254737513287,0.0,13.493755478642571,102.67985601469161,89.65986034836175,1.1994463516925256,139.87702246689875,44.936881797017165,0.18128255531548235,0.0788200562918808,151.4,gm1_infantile
2.37887545754989,14.404318891648655,13.169261674120436,6.384387290537564e-07,0.025030894575779877,2.8710815271786823,8.039460973518239,2.2811219642512603,0.0,13.54277551385624,103.1461109811857,89.42076905848144,1.224278484625558,138.15305040594242,45.00361358472325,0.1828428809690036,0.0772681269136885,151.6,gm1_infantile
2.4586988372419283,13.920676505298243,13.967527875376875,6.702644827785568e-07,0.024988852450854752,2.8543227419505777,7.878894832483197,2.3072705524645625,0.0,13.539532795384307,103.91368095450284,89.06117726561303,1.220764481514301,137.9096072463518,44.847509172615815,0.1807173540194842,0.07855207143751505,151.8,gm1_infantile
1.773894152230713,15.23833198684823,13.95354535660068,6.709834681431366e-07,0.02529109105314916,2.8153783605165845,7.666061134326459,2.266196030453247,0.0,13.560413346942594,103.29401018452661,89.91678332621376,1.1822416994616314,137.2967134525054,45.59114554231014,0.1797030643769359,0.07706356194976781,152.0,gm1_infantile
2.8178869710571064,12.872690713225705,13.26960406339442,6.827481294311655e-07,0.024856279804172005,2.789211469739451,7.200274157385419,2.2015509517927314,0.0,13.578838750544692,101.70515099906216,89.28341083121352,1.1817188208509808,135.20711243828544,44.41461054528568,0.1787431043946262,0.07801302515666408,152.20000000000002,gm1_infantile
2.2454826116212674,13.688590656108623,12.277282795908107,6.698222461192818e-07,0.02460188918271217,2.7819887627186453,7.195106300547526,2.2092829103774605,0.0,13.613855904519868,102.35645113483012,87.64882298750332,1.189228714794326,134.50103151921877,44.20336372195697,0.1753777590676982,0.07891003647645237,152.4,gm1_infantile
2.35114462282529,12.957414722781,12.862330676895654,6.514698145439596e-07,0.024416337251238655,2.813758437226901,7.1084621186865,2.2305076708189917,0.0,13.566708596345272,102.85788914988336,86.89441692038591,1.2029070421787296,135.59652209815772,44.48847051863131,0.1688757347799738,0.07868120969896575,152.6,gm1_infantile
2.4101381825420023,13.029688067716238,11.511727865990371,6.028263439752827e-07,0.024970376203339383,2.829412857637175,7.080153225523781,2.2174351244627704,0.0,13.572476645716332,102.58008662338698,88.84785557577145,1.1997453688364972,135.80800067759404,43.70484288202504,0.16722036607785204,0.0789465958189815,152.8,gm1_infantile
1.812418161866142,12.798059252102654,11.637106726008582,6.236819076220384e-07,0.024945333741788922,2.884938963560918,7.24255780838488,2.3274347258975507,0.0,13.565892679401003,102.49784527052354,89.62818354646276,1.2123789254114863,136.14193637533288,44.262557736864245,0.16483417954440582,0.08047892866329488,153.0,gm1_infantile
2.9146534092116414,13.261309148070012,11.65354493459351,6.266598241136761e-07,0.02434563588835892,2.8920481546958485,7.323959614010046,2.2677497788155754,0.0,13.527758348796738,102.10786518791474,89.8008342090938,1.2001982980331196,136.40524612705516,44.34042868200352,0.16155132911142325,0.0814597231390351,153.20000000000002,gm1_infantile
2.23208392607639,15.188925616245472,11.553639892685718,5.877369546451535e-07,0.023712209756932726,2.948788155009614,7.260133957583656,2.2161016600023755,0.0,13.51488912566628,103.20530058684746,91.05947850970311,1.2043362575641254,140.9725271537668,43.36427210606917,0.15834174984717558,0.08094509313803348,153.4,gm1_infantile
2.496475754219162,16.722504842972565,12.245058142056212,5.588702649073619e-07,0.02325492737271149,2.902006283645358,7.119969711871406,2.3381502015254685,0.0,13.511215962659712,104.477011306939,89.17110228969541,1.2047860221861924,139.01062361802607,43.23532316568185,0.15600262660611158,0.0797484690699105,153.60000000000002,gm1_infantile
2.5942559136010077,16.92574356596611,12.147015956067058,5.545223388411652e-07,0.022708809994078843,2.934304818663342,7.10616052561449,2.3246364604099026,0.0,13.503620829203081,107.32069056192742,89.22135261485178,1.186097079669857,140.83523376276477,43.00498266946639,0.15672311351910576,0.07862625541251331,153.8,gm1_infantile
2.0476688522257263,16.414242596718562,12.959771543006228,5.223775474655071e-07,0.02246405700750963,3.0053301041389395,7.159567667109163,2.485831459418119,0.0,13.511080640803396,110.27595140274408,87.55338414006428,1.1600533435869107,139.43611735499863,43.520321123411996,0.15090700865191775,0.07963387604940741,154.0,gm1_infantile
3.0760084432642016,18.208717265256414,13.572066672156181,5.181715118399106e-07,0.02306167249622601,3.030858409161968,7.074063110911506,2.39085131553574,0.0,13.50956599606735,110.70016775418298,85.21118912639955,1.15642578964244,139.60330116379316,43.88256687845254,0.15623305756943173,0.07991461438722225,154.20000000000002,gm1_infantile
2.3421257483173705,16.596323134561853,14.011736664801397,4.913627527164877e-07,0.02341500374413672,3.1039710101444733,6.788490656778255,2.4166373567686734,0.0,13.540080556769702,107.7936497864835,84.37668286028199,1.1365037213150095,140.70389579264094,44.16648394677597,0.14681863448548635,0.07932889267278269,154.4,gm1_infantile
2.506680015180193,16.710085718493882,14.067638700165023,4.7457727521097925e-07,0.022767623750478513,3.0993127459940597,6.805498949411244,2.432967504617621,0.0,13.542375741245678,109.56386445387757,84.09122566459772,1.114485204237987,141.72946169358107,44.28019603581684,0.14820867443337796,0.07706885362469344,154.60000000000002,gm1_infantile
2.691769946845423,17.370871495407314,13.852565023324077,4.48900938546621e-07,0.023225848642800015,3.0351481501924114,7.237831472007683,2.3672113521040083,0.0,13.53648601514104,112.08001203781738,83.4048453339094,1.1146939285434179,143.38416117666233,44.71356561510953,0.1516456498369629,0.076186064183121,154.8,gm1_infantile
2.0515038905295153,18.60079422855434,13.410016794810643,4.4868190154117716e-07,0.023013602357529205,3.042864272669811,7.2426406868568405,2.310034196343813,0.0,13.540569037345731,112.08324400819582,85.32361561022445,1.1299177307392296,144.04112499677697,44.29458596699987,0.14861482521259375,0.07957713266553111,155.0,gm1_infantile
3.0088602069844828,18.570125882275743,13.658938509146465,4.3421120178775974e-07,0.022405844102978648,2.996821693719785,7.125629406911317,2.2679833252672714,0.0,13.53998806388217,111.45592294952647,85.58168642576094,1.1400024708740693,143.4725336448512,44.87205130726398,0.14419466546266788,0.08163897872848867,155.20000000000002,gm1_infantile
2.3524326483535467,18.574708908337605,13.264429163238443,4.0635609341333896e-07,0.021491164306558713,2.952579341096774,7.2422586793802655,2.222756113206562,0.0,13.512188223028161,111.04209785738412,85.32080337171314,1.1379519932908138,145.5658494495724,45.666278502256404,0.15055810566507405,0.07867379569314359,155.4,gm1_infantile
2.4276099610421245,19.201150956262655,13.032426442033882,4.104604700034351e-07,0.02149959133395856,3.0336466553710877,7.452391299177368,2.312322310591839,0.0,13.508939820956837,110.75010454468247,83.74997526037919,1.160641083147441,147.10343539611944,45.48796504239025,0.15474845046767552,0.07752174202319306,155.60000000000002,gm1_infantile
2.431581832997935,20.17869002495824,12.36537268026101,3.989129450453081e-07,0.021507543374627253,3.0509802590996404,7.6011099820800565,2.3518808960020374,0.0,13.484770821139955,111.35120685153971,82.21485110405162,1.1849607779004807,144.44019428738144,45.310327740280464,0.14997657574492285,0.07621671095832643,155.8,gm1_infantile
1.849446768469397,19.49276284763503,13.11528858544703,3.937108917096948e-07,0.021194668552045996,3.0400454523986915,7.820421487157258,2.406884626518043,0.0,13.463959433370231,112.22334381702517,82.74883329455976,1.167946193877311,145.99411324825417,44.806012051583416,0.15414848024807246,0.07707613176010226,156.0,gm1_infantile
2.8549325333719016,18.731445322625742,12.859939947908813,3.8763834265815007e-07,0.021008145524795338,2.9747087923751248,7.483923430115353,2.430276881797518,0.0,13.466834217563305,112.7887137682348,82.20652235878995,1.1705188557084167,150.0,45.55370485731103,0.15288245729444702,0.07612975987050684,156.20000000000002,gm1_infantile
2.059322804097277,19.849878268929857,13.371181309181981,3.7196152217687834e-07,0.020257076591372106,2.9103381694917796,7.55988365128282,2.4170628510265653,0.0,13.469134506566462,114.41581347541813,82.75844908162647,1.1833728005769917,145.90879272455584,44.83858677912793,0.15136917503510758,0.0779408237627076,156.4,gm1_infantile
2.337925154387574,19.49198142262256,13.072361931592933,3.3898055893715566e-07,0.02056592606574658,2.8783256135435673,8.174528842000308,2.370472565868264,0.0,13.491389563925626,112.99630408492885,83.15853608409408,1.1954678139948887,145.53493253475108,45.38147303806324,0.1538843373607035,0.07893510512491646,156.60000000000002,gm1_infantile
2.4603116767923776,18.1855179362637,13.090113550426617,3.3395366670274184e-07,0.019633884231610776,2.8836067352599275,8.111479497769913,2.3017907465656395,0.0,13.481681611826158,116.11406590987895,83.54541753942823,1.211960628677846,145.36841148032437,44.288539872396676,0.1559385934861775,0.07772935274094828,156.8,gm1_infantile
1.8521505182919333,17.138154693013327,13.163440641112471,3.398614438740289e-07,0.01996421124624189,2.963090288734692,8.45739332384462,2.200696015945112,0.0,13.426978807071546,117.2437750167348,82.9121402445329,1.203684285080006,145.01158620954462,44.554590190545646,0.1505608724064311,0.07551949775147859,157.0,gm1_infantile
2.9032585963233526,18.13750789366689,13.151747064501146,3.231691256009255e-07,0.018943410576059583,3.010445374419317,8.214928958691743,2.16182606408113,0.0,13.383539177748547,115.87801660987131,82.7884234228225,1.1839038222567404,145.4519200762601,44.44454398359216,0.1579564392718496,0.07264634392301508,157.20000000000002,gm1_infantile
2.2833060618912278,18.351007564510322,12.587174114633731,3.174310808135012e-07,0.01919169993152972,3.011981117762049,8.455360365553766,2.067887719532319,0.0,13.427454117339863,117.44664729925685,83.53281599497278,1.2032857908782413,141.8434530311771,44.95898647855847,0.16146894852249508,0.0715360462478933,157.4,gm1_infantile
2.557866540710847,18.45364369063978,11.463574235151608,3.1507501548117073e-07,0.018803704416221558,3.0717901801084384,8.49611977352207,2.079551758542091,0.0,13.455388370038332,116.28497230903012,83.5025945886523,1.2111712876855758,141.25396077725114,44.79310688140079,0.16130266724844175,0.069804912864479,157.60000000000002,gm1_infantile
2.503756639332516,18.649544167496163,10.576794982133372,2.974098618793075e-07,0.0179936598838849,2.9788310752331895,8.499148792917818,2.1068780083875893,0.0,13.41555212055869,115.40666082498308,84.06548272263893,1.2097024081651608,142.93557697927002,45.41289444974788,0.16009566835287714,0.06692832709201448,157.8,gm1_infantile
1.8615484032475171,18.48953468257501,10.335595394153627,2.800955233258874e-07,0.01794527666340712,3.1076425030498815,8.315772661317732,2.1543073723334945,0.0,13.452601775693791,116.91299727351692,85.117824236524,1.2314943187714777,142.20991007500368,45.26252508539028,0.16603402771726705,0.06783853148181763,158.0,gm1_infantile
2.820260771208502,18.757301802119976,10.193564482000195,2.8331519609084356e-07,0.01803355365016386,3.008599586203714,8.29087851429203,2.1937693656851094,0.0,13.46962267631756,119.42087190786347,85.72784421077918,1.2310754504978367,144.53153713499697,46.679087297991344,0.16915239431324056,0.06810758422862256,158.20000000000002,gm1_infantile
2.237155038631608,19.014238984024253,10.336184713129777,3.00124029706229e-07,0.01765739336867222,3.067800639681477,8.199517371255052,2.1405174386154617,0.0,13.452861340204338,120.47741986053643,85.96745603190601,1.2136580430555208,147.49999117272512,47.39514631612102,0.1749371500141593,0.06842479706309544,158.4,gm1_infantile
2.3828313781435604,19.616279485866716,10.208614798658688,2.951918692658384e-07,0.01751312563219496,2.9849160144594755,8.158212888539143,2.1490117352325213,0.0,13.463506303057267,122.67511540173285,85.12802119578159,1.2075580279518479,146.0753801766987,46.89562933518924,0.17229149274802033,0.06807935619951841,158.60000000000002,gm1_infantile
2.5267109389371054,19.83689110097814,9.891840120932542,3.029427553137011e-07,0.017812439893174638,2.933592498456749,8.380510847915652,2.209481209965434,0.0,13.473987802581723,122.74696640649249,85.88886975363233,1.2101219076305578,145.49211601319976,45.66583832308781,0.17400479078807365,0.06746754695169731,158.8,gm1_infantile
1.9653263470364593,20.257905985453096,9.908675603969138,3.078380364843347e-07,0.017818515070370133,2.9387433309077577,8.296208501802344,2.350353827874571,0.0,13.463966363769659,120.84017217130966,86.86451580750625,1.2002938308592925,144.6492600147718,45.38271347972046,0.17391634593795097,0.06556274860755062,159.0,gm1_infantile
2.893080971791634,20.535097779706433,9.19538005612096,3.1088594860604177e-07,0.01837458049966315,2.9267198656504845,8.54161056716798,2.3658810513507413,0.0,13.449935378712778,117.1887161163282,86.90314315920804,1.227751929425221,145.76802408212114,45.103686375127886,0.17486767591170854,0.0669597019424246,159.20000000000002,gm1_infantile
2.2595382956075087,23.58504724690342,9.192849687258718,3.156740422626146e-07,0.018612214273126725,2.8869344919151203,8.3853599680933,2.449538020814643,0.0,13.459804095204833,114.78148979249256,87.80296730732222,1.2319829377437967,145.7123574669323,45.35737563096474,0.172942083835007,0.06603645538346342,159.4,gm1_infantile
2.3894356950300706,22.728246105564,10.414074003775546,3.194713987161591e-07,0.01813442075494605,2.99075887518765,8.246959396073958,2.4619809257069134,0.0,13.40034102053908,114.56360466528072,87.25954796850209,1.234901954720995,146.50123086482103,45.34413554211589,0.1721370422063563,0.06758645424566227,159.60000000000002,gm1_infantile
2.5164703500125287,22.560212217654644,10.705811326783147,3.3439688486228965e-07,0.0181275068776722,2.9598236257222696,7.777446122551543,2.361715576102692,0.0,13.396792494639906,113.86021461037626,87.80232768468738,1.2248690595071483,144.7900158981061,45.75218921245215,0.1771614231700526,0.06589001566036984,159.8,gm1_infantile
1.9269618388372307,20.18532751657608,10.232676452666691,3.203705750745011e-07,0.01851633399078094,2.9154522279793333,7.58686900177662,2.374668727858481,0.0,13.372992205024271,117.08509547336782,87.61966045623733,1.226194300326688,144.09108239556446,46.05524318413432,0.181782244903195,0.06834466793477549,160.0,gm1_infantile
2.9274780902376625,21.181981082205795,10.65454763446051,3.249892546849225e-07,0.018399640431389908,2.9023315561874563,7.780172308931783,2.45152374151592,0.0,13.378629782239846,117.0543898248961,84.90554435603651,1.1994899063605167,143.4073659604595,45.410894843126314,0.1847732156640773,0.06632781246156436,160.20000000000002,gm1_infantile
2.2585731810239396,20.605311991792778,11.422131315907384,3.1115184897660004e-07,0.018508522000672566,2.9092027963293283,7.959566765025311,2.5123445625930003,0.0,13.327679460764232,116.82826579002145,85.01940057191466,1.2038002695550118,142.0732066633493,46.14489471442547,0.18447375506767794,0.06493448350927962,160.4,gm1_infantile
2.3778671927086084,22.67482490384144,11.906987463674835,3.164876738038828e-07,0.018003809508599575,2.8703046801250234,7.7879254710133266,2.5171111965416704,0.0,13.312799856111946,116.3971834686287,84.25480645848951,1.2005613104661135,144.29661061265065,45.24818776771733,0.1855538158983158,0.06692877846739982,160.60000000000002,gm1_infantile
2.481798427518116,21.825625020863338,12.584387830688936,2.9887911651479355e-07,0.017918163771895385,2.8141153012691666,7.395927099487254,2.5019536207966935,0.0,13.31215291100928,118.29140943048864,86.51512857495189,1.2018104973990755,146.35181066645063,45.52528305586627,0.1836122010523579,0.06406680207298386,160.8,gm1_infantile
1.978771678047688,20.467434266270413,13.520359786277277,2.9837484519914633e-07,0.01745523030528273,2.826753737152095,7.852870819044062,2.609535156106515,0.0,13.290676812984646,118.58273921594204,86.45580374243877,1.2211333099286885,147.8610386671337,44.536570016877185,0.1851504238695534,0.06377031646940294,161.0,gm1_infantile
3.0010479318428853,20.522966181311254,14.336685292864328,3.0270859779424684e-07,0.01709086889195496,2.820625753124223,7.745568099552256,2.477241883015338,0.0,13.34531483984212,116.02123477956745,86.56062338819757,1.2198987544192785,148.47683024339605,44.00219125954059,0.17898465145225828,0.061793996457048174,161.20000000000002,gm1_infantile
2.4377414672302997,19.458654904013514,14.068079809092769,3.199664132505591e-07,0.016739933701259098,2.8348266015092625,7.9612221244459525,2.546017082574557,0.0,13.323744375269255,116.63431876992814,88.96230748129017,1.2072011022074116,147.53667053229438,44.28993417504308,0.18113525282049164,0.06270186212330672,161.4,gm1_infantile
2.4913157921272084,18.81925441541017,14.23521159769476,3.279911332953308e-07,0.016579761815396173,2.830485894975583,7.721234147680677,2.665910869189366,0.0,13.355592612277235,116.82007734644618,89.19062044558358,1.1829031021381435,143.38756284647147,45.078231904969186,0.18109896546211446,0.06295122161992293,161.60000000000002,gm1_infantile
2.5091012604962804,17.86974524811434,14.93792696710021,3.4212594496898394e-07,0.016280573208672613,2.8614673957845205,7.752221609536403,2.629627515641534,0.0,13.341764549433503,118.91904396420648,89.77412152962567,1.1825468274401505,146.1185286931448,45.28899382866479,0.1803557399310604,0.06488167460311989,161.8,gm1_infantile
1.9786809984215574,19.036569406675817,12.532286291053984,3.4034056883643284e-07,0.016288787557145634,2.856322963155051,7.861243964143115,2.619702035019552,0.0,13.333472625305825,121.46298465133096,90.84168273540095,1.1910508438897274,147.14756982053592,46.03172083902065,0.18417072398982187,0.06467450459277418,162.0,gm1_infantile
3.043637513696869,19.0389147468545,13.72107680408614,3.467986635021205e-07,0.015993292849076867,2.974550233550842,7.414788483007718,2.6451338341975954,0.0,13.389407070830606,121.9948716880311,90.00118522012315,1.1866214383486333,145.7968231278229,45.874304815581404,0.18246103782104608,0.06355379993905033,162.20000000000002,gm1_infantile
2.3978924081081225,19.487281404280342,13.154918562760477,3.195209490134516e-07,0.016036916059537824,2.999429399117267,7.548989164465413,2.642487457977732,0.0,13.418990924705543,126.57692511493556,93.94696537412432,1.158630415564363,141.63905209479748,45.901477522913815,0.18417164361507074,0.06340328241806444,162.4,gm1_infantile
2.54476008805883,19.103179746679874,12.812890535595509,3.066401352274651e-07,0.01589714344194362,3.0414318029074634,7.427269853664704,2.5787244326523373,0.0,13.412725283052408,128.5858381071588,92.90921227396292,1.140902606425647,142.32059845848488,46.18272555297994,0.18028195953370654,0.06529422559275679,162.60000000000002,gm1_infantile
2.7302067167641186,18.408220010730282,13.754748154443035,2.751536432706941e-07,0.016216712660603445,2.991375926238902,7.602669176879554,2.4749627592439336,0.0,13.388148706239527,128.3074729878626,95.33488367325761,1.139100321214204,146.51145027820257,45.97475141148433,0.18604239067966916,0.06291903354431116,162.8,gm1_infantile
2.0581616447859115,17.88728546569455,14.748562315632803,2.711856240726822e-07,0.015408297174773782,2.918536626570573,7.370637979675157,2.5191590700581807,0.0,13.378857492325023,127.45795100543134,96.36620082966627,1.1219017461697165,147.48929079736564,46.23639490124885,0.1845377991775259,0.06343926855006018,163.0,gm1_infantile
3.064425804686386,18.254994838141698,13.866960111909897,2.714976917048383e-07,0.015700579660048314,2.93184324842128,7.4868707279786735,2.4928011484881942,0.0,13.380508545774383,125.60475282984889,97.54053159451604,1.0977209802978998,148.10957387432128,46.02891019609288,0.18233297160149395,0.06364018967552999,163.20000000000002,gm1_infantile
2.347033983790871,18.838233854061844,13.91047134986883,2.598425946000809e-07,0.016110686082957133,2.9390980721050792,7.604401088814259,2.575056621575387,0.0,13.397565751329694,125.19803601446588,95.79262704414076,1.1010428876400211,150.0,46.279317673230985,0.16847105010961952,0.06484706528442728,163.4,gm1_infantile
2.517494103081659,18.44558395235327,14.559807961780347,2.6024713750617827e-07,0.01579716003265829,3.003177395366433,7.330677868050897,2.543552516016011,0.0,13.372558760115107,125.81330092665786,97.60098369012591,1.1198713198200334,150.0,45.26834363483108,0.16318804471728363,0.06504447844160095,163.60000000000002,gm1_infantile
2.5956737636339855,17.91800074691851,15.844625257129666,2.5571935483290073e-07,0.01592278602536994,3.053044852217327,7.32638138186542,2.693893017549967,0.0,13.354147435023963,124.33333543287748,99.77363720414131,1.132019681925306,148.96846885543357,44.78092604186217,0.1680054537189416,0.06552799316030453,163.8,gm1_infantile
2.0565383668449977,17.85604701383432,16.150090371974397,2.530697936276334e-07,0.015634456077666285,3.0414096554704932,7.068810507840071,2.6644053160619494,0.0,13.383446685556029,125.55765163607967,99.70172587585292,1.1557219191947001,150.0,45.65913542749672,0.17322096925226824,0.06529921939504836,164.0,gm1_infantile
3.076402800385339,18.50243908130443,15.269337076057889,2.3772427556002156e-07,0.01512037527787025,3.0317672538847362,6.996040426215266,2.5035455221717657,0.0,13.380284343858362,127.66743720639846,102.53046792556624,1.1625796282227787,148.66997076707864,46.08965768549034,0.1729189644043352,0.06490436300830739,164.20000000000002,gm1_infantile
2.3456513995157837,18.120410820912337,15.119121472752175,2.396372089864757e-07,0.015229882005059979,3.1286146593923783,7.123922523416773,2.5002129934425494,0.0,13.348979202698127,126.78887374007694,101.6649951006068,1.1230523926450693,146.7424618968059,47.12192239958579,0.17401101780192565,0.06431468509645151,164.4,gm1_infantile
2.488041820486482,16.256446704880847,15.277261446188131,2.457758889333264e-07,0.015123967236687599,3.027081778390748,7.020606125547471,2.5444812394015974,0.0,13.306410525763727,130.97773207342456,100.06406461767585,1.1192319704780094,144.80928121723576,46.49815101524057,0.17191938374673604,0.06519132253516022,164.60000000000002,gm1_infantile
2.6480576058156715,15.949072887144801,14.519259646910276,2.4482518743506816e-07,0.015232452749999292,3.0363492307044653,7.071956757942026,2.499102507841387,0.0,13.300707374540805,132.9522218862303,103.19933557184265,1.121934362486563,144.8861679003958,46.68724580786961,0.16907205959164326,0.06627015596156108,164.8,gm1_infantile
2.039435952028764,15.659619261723213,15.049485982146217,2.3981391132242015e-07,0.014840891781786027,3.051688427001507,7.11407674542768,2.534460674678146,0.0,13.297159973811189,132.18503311214218,103.29278358872344,1.1273878994669673,145.92019893960438,46.90485148733852,0.16839949264232326,0.06771692049004001,165.0,gm1_infantile
3.014976538453579,17.835087893192252,15.481117648171299,2.252652161227098e-07,0.014839416573607827,3.090238083973655,7.037156003117293,2.3961816880378293,0.0,13.31298879783184,129.18530067020444,101.39458450730419,1.1354532647752706,145.57280898268047,46.49657739240291,0.16621733783392464,0.06547747723726938,165.20000000000002,gm1_infantile
2.390519046365877,17.162754969281565,15.062767800727501,2.233082629524898e-07,0.014691441707094419,3.0476031361636315,6.658156840253193,2.3969332120003366,0.0,13.2972961881487,127.48742247039313,101.50747493014083,1.142608373522106,145.8590733131397,47.55886892721914,0.16853293918998746,0.06527402740962171,165.4,gm1_infantile
2.5409259124086967,17.18372830654085,15.038201962336657,2.2918056676738885e-07,0.014336946031976043,3.045021723945171,6.8958837435408515,2.399943982255976,0.0,13.246363398143282,123.75788646852563,104.4695808119611,1.1471769716471183,144.80807762311017,47.8072676178085,0.1646691208838803,0.06474583979691864,165.60000000000002,gm1_infantile
2.5625036953389766,15.935888565533341,13.63539779921614,2.1159972719382857e-07,0.01460716322780766,2.9878801587929353,7.00131301792059,2.4453014062426646,0.0,13.237224815133953,124.08878323692832,103.9751457140778,1.1656612892973561,148.5920946244874,48.770084957430875,0.156614792550907,0.0640696918668622,165.8,gm1_infantile
1.9484227432673762,16.383517367874852,12.582539352205556,1.9431858806099007e-07,0.014978152793829686,2.954434455872298,6.740895824614745,2.3605916956775617,0.0,13.212602503704591,124.60017671923272,102.70791326147788,1.1384790457033165,150.0,49.05123850647348,0.15514724872995003,0.06328172204059757,166.0,gm1_infantile
3.0412158946614083,16.815609069258112,13.24755452779309,1.8617308979488138e-07,0.014931476611228393,2.972172166006068,6.682869684994849,2.36081550906191,0.0,13.224100395970849,122.51718542448093,103.59135288055853,1.1432262832882851,149.64386659461067,49.36674116118188,0.15358789993166322,0.062296579420429876,166.20000000000002,gm1_infantile
2.4148172771820513,17.46833871579099,12.943332289068827,1.7830494474513585e-07,0.014807053944133874,2.939365373404364,7.001157095440551,2.3832925939502467,0.0,13.196250949588245,123.85281869824571,102.83487478983798,1.1331943208873336,150.0,49.64144289560816,0.14493585866847988,0.062034184130380206,166.4,gm1_infantile
2.526384260622465,17.11766525324748,13.054487426782229,1.633321215501908e-07,0.01383645527611245,2.8849775663460577,7.078680323465726,2.1896187995027345,0.0,13.139339719513655,123.55975797426446,105.66355823862952,1.1299435763537866,149.8339306096146,50.21987602148388,0.14472946520507438,0.061693765974276706,166.60000000000002,gm1_infantile
2.657244621731318,17.555892760367392,13.230213667793338,1.590397123310245e-07,0.013670996488849738,2.9291860458614676,7.042979458476899,2.3014560334521392,0.0,13.18123683944307,124.455390541447,104.38435696410991,1.1378349975343316,148.57517774457853,50.25638168678796,0.14288488123070736,0.061466678326533665,166.8,gm1_infantile
2.0766903517126094,18.063459663927617,12.592325360603454,1.4968445898904676e-07,0.013695921167295604,2.9436229009992263,6.9387776477554866,2.4180983551452035,0.0,13.162514831292718,123.362229336094,104.15388348262928,1.1328136832150146,150.0,50.938422026338486,0.14272235201855532,0.06236146761696425,167.0,gm1_infantile
3.112366529371466,17.995468321817338,12.864260607563644,1.497068509668267e-07,0.013787858469793537,2.8992473372214813,6.8428849656943305,2.398335965171488,0.0,13.11893337672999,124.59750392781119,104.72772582573711,1.1126826555695217,149.5667251315476,50.823686072398736,0.1430300246453396,0.06082610332038438,167.20000000000002,gm1_infantile
2.338869577399518,18.594128248052872,12.045130454260415,1.4527055051265932e-07,0.0136290966384265,2.8893422916394838,6.931269519074643,2.509777265635947,0.0,13.144377770970335,120.57521846615487,106.79152372336495,1.0828364234230898,150.0,50.57013842263968,0.14694197556792757,0.06227540307905653,167.4,gm1_infantile
2.4391793907887798,18.148683408797748,11.675475860828223,1.4632472301856072e-07,0.01344273112822399,2.8437673112805046,7.072754063314175,2.44350259329404,0.0,13.147230425268502,119.66329512828082,106.17166447844892,1.105795153075349,149.6322077448264,50.3392892724842,0.1460835759469806,0.06286651575615027,167.60000000000002,gm1_infantile
2.482363713882594,18.51341990468427,11.883443361307602,1.3414228324441708e-07,0.013935753076862283,2.9155475482252147,6.963173418033871,2.380681336593302,0.0,13.10508376334109,122.00020775782724,105.59010862461157,1.1304780902084186,148.02401804896027,50.27705801740461,0.14999883573318498,0.062367914297984425,167.8,gm1_infantile
1.9024470991327478,19.572319770597268,11.667544983329343,1.253675754123945e-07,0.013429387729848944,2.942554428471569,7.071182312013379,2.4592140522351316,0.0,13.062929842880289,118.32701050765804,109.81622466002453,1.1385970685163556,148.3525563196645,50.47911637930019,0.14498472742063356,0.06122466626701942,168.0,gm1_infantile
3.0170245010016483,20.06421341038625,11.383953434876291,1.173117176607401e-07,0.013218349101301732,2.9223598173466225,7.494768262418093,2.4422446938261477,0.0,13.060924287563635,118.8794406749825,108.02030960679971,1.1447656243836641,150.0,50.586036798872065,0.14214341790632498,0.0604607961700556,168.20000000000002,gm1_infantile
2.249403654700597,19.919364453644334,11.671911411819062,1.1110402777664215e-07,0.013747925297786507,2.960475254208658,7.143541951960031,2.3300444195675265,0.0,13.106656288395559,120.43867839608347,110.47812608427554,1.144923969784042,149.6264189307002,49.75890235351323,0.14298474199826644,0.060152556226066,168.4,gm1_infantile
2.3821514537610655,21.571843818148043,11.722382874943497,1.1414865745293215e-07,0.013209971066180295,3.102643637357042,7.088522311041843,2.3873566553778387,0.0,13.091793273990408,121.89278883788826,111.84959677632727,1.1339650576316571,148.28034990086164,49.80501519262118,0.1423413705724751,0.0620130882964884,168.60000000000002,gm1_infantile
2.532496372630015,21.311806292790063,12.19875010026389,1.036604597288019e-07,0.012973327267869688,3.1146884373118904,7.299339174015017,2.3873192768458016,0.0,13.116931557064818,121.21426733012824,111.70915590812189,1.1399994202975132,147.47379171719314,50.85441439565985,0.13858125655104134,0.06240767952075151,168.8,gm1_infantile
1.9673759308716177,20.818199031369154,12.041674438403218,1.0116458124732005e-07,0.013155884798153378,3.0829391292760815,7.069695475650137,2.4465625111993328,0.0,13.146230547594161,122.57566196170792,115.09385275707025,1.156930195244088,146.13721206028933,51.18764579406055,0.1365973883068653,0.06173110787081086,169.0,gm1_infantile
2.9295902016895585,20.26312852341049,12.465108329463277,9.87634170127867e-08,0.012780542265800962,2.9961593694544644,7.4805641715583615,2.447326768295492,0.0,13.159516290103603,126.34336924456301,116.11734130667934,1.1141702562512534,150.0,49.94344238838773,0.1357076838784902,0.06014137119342835,169.20000000000002,gm1_infantile
2.244734796364499,20.55246125295019,11.46396392429416,9.633223225464056e-08,0.013058321437077792,2.947550259884928,7.190832598127657,2.4267184690646157,0.0,13.141716941645786,124.44434772979349,116.9878521380396,1.1231813774462893,147.9292149986216,49.341063085317245,0.13586134539899838,0.05881374654735563,169.4,gm1_infantile
2.399362543092598,22.061038141318416,11.571211004764166,9.017868351580846e-08,0.013117817962062354,2.934592035157092,7.177964944607297,2.4581110388464174,0.0,13.142464552979378,124.45009996539574,120.32823206704549,1.1415132091065538,149.654608998341,49.445557479941634,0.13257975115812107,0.06027298787091022,169.60000000000002,gm1_infantile
2.515603831221676,21.19682263148751,11.616832045639203,8.518456018201061e-08,0.013375873715447628,2.9670468775511902,7.231744113655411,2.4521106962649983,0.0,13.079720531997147,122.22033301756021,119.18368118366895,1.1279221468970861,150.0,50.003954130076565,0.13194674074866808,0.06215819664807791,169.8,gm1_infantile
1.8688992404800047,20.903613086606402,11.738975309539072,8.675518483050036e-08,0.013350734800999853,2.9704302634176454,6.927088069178567,2.387274253913002,0.0,13.018869241141182,124.5584741978303,120.03656380366719,1.1167037446326749,148.3890647141563,51.306924813358975,0.1359262544695839,0.06194721272200949,170.0,gm1_infantile
2.921562787321502,19.92965115012542,11.947726336053883,8.283401701902249e-08,0.013270568120199923,3.0644663858307783,6.938160778400904,2.323778868145856,0.0,13.022277377284118,123.39996768844746,120.48347411391616,1.0928038443682775,149.83260144723377,50.59189048506959,0.13580735345153375,0.061435367093119274,170.20000000000002,gm1_infantile
2.4011265676550395,20.099233311024435,13.140380712001097,8.27412549523792e-08,0.013643883229143804,3.0491629407763567,7.014349520232421,2.4019151112978174,0.0,13.037455387855392,122.96953241384762,120.2750885025324,1.109719504471344,150.0,50.203547148217204,0.1333078355373803,0.060161302009567375,170.4,gm1_infantile
2.554156099236797,18.998902478505983,13.704663823796444,8.260115725315385e-08,0.013420610924212205,3.1318744593214234,6.748685987525027,2.4985430425394313,0.0,12.9768551627319,125.73693034155839,121.90265514539452,1.1033898747659743,148.13764058603866,49.17187445618478,0.14044972725109853,0.05888929619459729,170.60000000000002,gm1_infantile
2.554306781504813,19.21987087371829,12.768707848320453,7.798592976958031e-08,0.013665479950569196,3.154079686471506,6.68606974608207,2.460409744989112,0.0,12.97476430967809,124.56010527418552,121.00183236923392,1.0943357662814188,146.79051488622815,49.883668703818316,0.14261927595298557,0.05763272872607566,170.8,gm1_infantile
1.8746487507453449,18.994225132487504,14.124211276763464,7.350472770224063e-08,0.013558226045388111,3.1551981469643593,6.678145836184455,2.3968722085110548,0.0,12.987664037104208,126.08814109073336,122.00912597539599,1.10751294399627,150.0,50.797824139593686,0.1499519013385159,0.05918296702877912,171.0,gm1_infantile
2.8924458285648154,19.686186840788313,14.59810004949076,7.716147093768675e-08,0.013210560374272987,3.182896612466146,6.563881078384352,2.402905983828931,0.0,13.0013036762276,123.82521375164144,123.35868409673428,1.1104706655163303,150.0,52.15598974838503,0.14838361751144485,0.059595911764356795,171.20000000000002,gm1_infantile
2.27108156273906,19.89175474572499,16.140587426493024,7.56926892107478e-08,0.012987906303118572,3.2871631221234807,6.518626394358583,2.268954078571376,0.0,12.964821115488405,120.98061081572968,122.80018315583943,1.1092608097395793,150.0,52.604374935398425,0.1500445384095017,0.05837480387239393,171.4,gm1_infantile
2.4557779893404454,21.29877618789792,16.404956914164114,7.523181657763649e-08,0.012570611933259474,3.345546648232804,6.8273050315751895,2.261818721732316,0.0,12.959833990851735,120.42132919061372,122.24999235755115,1.1186504537621416,150.0,53.32196120032229,0.15100066954075986,0.05721608001580327,171.60000000000002,gm1_infantile
2.523370875272055,20.524419241582848,16.27134015627874,7.861341353597948e-08,0.013078695388820031,3.391688049100971,6.80506429276015,2.1477616733180955,0.0,12.936668938970763,123.20792617163245,119.6877081574885,1.1240076056488244,148.3618826037097,53.31646694992655,0.1529693199539022,0.058497401737380356,171.8,gm1_infantile
1.9150311784981775,21.277760993625385,15.784591729576647,7.763249348590296e-08,0.013319489959932275,3.4075083645622195,6.659697233137151,2.1136145695042425,0.0,12.904832333937538,121.76893363137742,120.70760287260855,1.1168857266781358,145.6239721466643,54.29282108272088,0.14895451032299625,0.05819540017942681,172.0,gm1_infantile
2.9246335036927844,20.688325586047988,15.19382759927419,7.798603881093234e-08,0.013295930729301813,3.4636057586499205,6.51286841428987,2.2254332817833764,0.0,12.858882255195644,124.78459734455382,121.52517485161316,1.1215175834889346,146.61155396699553,54.70784743303008,0.1496664945828631,0.05691101906989611,172.20000000000002,gm1_infantile
2.3430401905360445,21.405926090387876,16.22094319839573,8.140020486908014e-08,0.013338039411008628,3.383936653943414,6.795998180349381,2.1288909134656877,0.0,12.851213092690983,124.17137473630896,122.8231050708145,1.1246093783296642,147.77053362744365,54.108095460889906,0.14879353571757156,0.05590046436232949,172.4,gm1_infantile
2.454657890598993,21.10216604489849,17.62491102993925,7.891083517372834e-08,0.012662464821186452,3.4651725740158463,6.831178557358039,2.1074986729048515,0.0,12.823741716736041,127.55014889285158,122.95073758532847,1.0981824621286003,148.54976232682947,54.98888382351041,0.14902555199255615,0.05474630983335539,172.60000000000002,gm1_infantile
2.4960652550919695,19.957978721573625,18.825186275314245,7.702389422329844e-08,0.012142255004448129,3.484645280633765,6.788558289188207,2.059872756284124,0.0,12.792982540638336,129.5175417054036,123.40155477822701,1.104804930323554,149.17458123222013,55.22566298923696,0.1471806826683763,0.05445658784153754,172.8,gm1_infantile
1.9635726701977598,21.448831811018714,17.719848085431668,7.480653304600873e-08,0.012320663079799097,3.5994582885567663,7.048190962044161,1.9972994376206514,0.0,12.794372157296776,131.43137121645708,124.75426466698032,1.0857124076632194,150.0,55.96937052777063,0.14682462960123915,0.05411866795608384,173.0,gm1_infantile
2.9200636973120027,22.00808253604338,17.85150074963746,7.078058145673625e-08,0.012178859682533736,3.6047643971291348,6.834692758953064,1.980899513508617,0.0,12.832748249552978,131.53787333107545,122.96514888653941,1.0499391744936422,150.0,56.38047984996531,0.14722965229178656,0.05513570775148407,173.20000000000002,gm1_infantile
2.3423248275075537,22.1742324325144,17.624501619800427,6.822027852042746e-08,0.012242273901355856,3.6912644319671846,6.7232588397277615,2.046533253050707,0.0,12.843388050494028,135.92881814687132,125.76369995434146,1.0735273444569837,148.5531332162248,58.051885732904836,0.14666950709287258,0.0548164729467146,173.4,gm1_infantile
2.3541583780420323,22.377291831244587,16.77711817690362,6.776644299557324e-08,0.011876401076357785,3.8070315377771924,6.726867722341781,2.140912829350136,0.0,12.88766652972391,132.74106146355132,126.150123537193,1.0639033703566858,147.8330732376818,57.63298356447412,0.143412036863417,0.05325513320896521,173.60000000000002,gm1_infantile
2.4503314950918744,22.32172347258984,17.689916510645503,6.703636221087926e-08,0.012139759041507738,3.7026829755435013,6.536607623684788,2.1197510166368114,0.0,12.862583366936958,134.488064800241,125.2880442346548,1.0522322975699276,148.98454190807763,57.62144321839456,0.14146298575193852,0.05255820353991068,173.8,gm1_infantile
1.8050473471816906,21.681507773342926,18.568891921271472,6.6190013087047e-08,0.012351168085587363,3.732233500183597,6.347138626909738,1.978313587883369,0.0,12.843002624008323,133.2100883141519,126.98394055773093,1.0655751383803713,150.0,57.017809039624744,0.14632969369699755,0.05442480761903167,174.0,gm1_infantile
2.858067972720705,21.96010377262181,19.572535026590252,6.463613021982315e-08,0.012261065012809593,3.6856895952014166,5.883274694738466,1.9537503930922395,0.0,12.811869109123478,134.0379373125211,124.56726787848076,1.0765991043168772,150.0,56.698732027666125,0.14583562074832787,0.05295715269367288,174.20000000000002,gm1_infantile
2.2868256783464616,22.11140088811985,19.72337091224424,6.442500880452468e-08,0.012034092897570632,3.582129815599118,6.004701196293104,1.968540081556781,0.0,12.82330647791065,136.38703570922007,126.52268041120051,1.06789763355252,147.19601763033657,55.69317352665803,0.14453639193221662,0.054680051468369385,174.4,gm1_infantile
2.3854097814891446,21.22349634357514,19.105976229850135,6.18337117383429e-08,0.011979928028433532,3.4963781591996423,6.154520636846328,1.9462525498153764,0.0,12.789411383895283,139.38541495010347,128.9394632754173,1.0616087209046807,146.57880347178642,55.000718618281496,0.1413417939779892,0.05464009827294378,174.60000000000002,gm1_infantile
2.4983533181840767,19.332378136061877,21.083230187592022,5.9939114783288e-08,0.01194660305804163,3.452909213004019,6.085753061775307,1.9269273980101322,0.0,12.788706386785314,140.94459675953487,129.3600719176874,1.0714198943890614,146.71066748611986,55.16613285213089,0.1403043329162292,0.05584018354256542,174.8,gm1_infantile
1.9175344405508163,19.11484500220723,20.71719661708379,5.8422849807751875e-08,0.011903966012322733,3.4449408385894995,5.975324673846592,1.9688752264815323,0.0,12.83953229338678,139.84730958981368,130.54777225791653,1.0440538282312688,148.49557860310827,54.09243955007782,0.13697557326186607,0.05621596407553977,175.0,gm1_infantile
2.9264172685353795,18.1859911050562,20.089406682096776,5.8716787320275966e-08,0.011607647251982503,3.4371141539717716,5.906342057971588,2.0089370558830297,0.0,12.786660457712847,141.8659665058456,129.50536298797766,1.047270900043722,146.77056089456303,54.36068832700472,0.14474582084010026,0.05633499081062091,175.20000000000002,gm1_infantile
2.2604626777362347,18.028125685325698,18.626638695328165,6.058500575807666e-08,0.011639809797163605,3.3687246673879105,5.747748074135797,2.0013206040388862,0.0,12.753506184960223,144.03675012430676,129.37177950122108,1.0341739549708229,145.9939062199214,55.648056113170874,0.14003647695212487,0.05537895199020308,175.4,gm1_infantile
2.4509877560338946,18.170944121793063,17.834438932234526,6.141575754263473e-08,0.01185679752218667,3.384404668400729,5.681882428376624,1.9802350551899985,0.0,12.715860899779445,146.65237986967668,132.38236231615713,1.0309621851863495,146.82825502014225,56.532308369119285,0.1460187855085469,0.057299985873380165,175.60000000000002,gm1_infantile
2.453800227923006,17.829875169026163,18.121483990811754,5.902811786681849e-08,0.012288485680715494,3.4800625508128236,5.592554298338392,1.9791058267191979,0.0,12.710027812958385,146.22569339105118,134.10643303840172,1.0188030843610356,141.8972834689611,55.31670777934168,0.1424118591391892,0.056423747771773954,175.8,gm1_infantile
1.875888453755651,16.80314720334124,17.032717950221745,5.5835917322170644e-08,0.01193352589095779,3.44118295811488,5.530304010966091,2.013555728258891,0.0,12.699582830545191,145.17830124735585,135.58377245178156,1.0167095033582194,144.08439330844172,54.461348268673405,0.1419764688114974,0.05566114694916298,176.0,gm1_infantile
2.8705168604077,16.63106460517443,18.27914579199907,5.2963918536286566e-08,0.011848847152671257,3.3568898180680704,5.359009845440218,1.9695772782987138,0.0,12.687784918018966,144.7609444663604,132.6289283042367,1.0082801865250919,145.21342132938818,53.474720542767734,0.1405749780048333,0.055986406494970414,176.20000000000002,gm1_infantile
2.198156553739529,17.039585287850514,16.910460130858493,5.354111240982848e-08,0.011895804763066403,3.355900518145587,5.584544592663306,1.9631319110848569,0.0,12.72649930859447,148.40410173371657,131.4185163713019,1.0069722618593837,147.4012046081538,53.41950248698183,0.1421808427212216,0.05693102456081376,176.4,gm1_infantile
2.3275242949167474,17.373691415626848,16.790503282698765,5.011633729279324e-08,0.0115849149827022,3.3126029096689518,5.7741387130702195,2.0300400750616365,0.0,12.738743495134203,149.23736302571763,131.92958017475883,1.0127327170831142,148.47042765610416,52.42346178284569,0.1394115499515803,0.05559443053042987,176.60000000000002,gm1_infantile
2.5116052957507056,18.94595958925349,15.137236351731403,5.192796226684832e-08,0.011558166283278307,3.368894592051727,5.893522619201756,2.118841294422774,0.0,12.699678490654007,149.0315468495553,132.8649548004762,1.0100617569476484,149.90053254795959,52.382354821064176,0.13729371006912247,0.05421994158171025,176.8,gm1_infantile
1.887605929480339,19.098271184453743,13.854374634106765,4.938633444575147e-08,0.011004522620018237,3.3275954467474547,6.115218994685751,2.0447370634442565,0.0,12.780549486429463,151.97264911417236,133.12033122463447,1.021965262191287,147.28650170979225,51.29349438786852,0.13711281539497236,0.05466592815140687,177.0,gm1_infantile
2.9769001496311014,18.33131833539798,14.003590932955085,4.861022929781181e-08,0.010925469457795465,3.3189823245475756,5.999613676935959,2.072761655258164,0.0,12.767693375858979,153.33060877844767,134.98522238384618,1.031478625237424,145.3632932675444,51.37178536417837,0.1340763787988083,0.054743326445567876,177.20000000000002,gm1_infantile
2.2689555661337155,19.685430768812875,14.50859284429423,4.96145173946338e-08,0.01113899462858882,3.2986597279330336,5.9641206481919475,2.1802429075941294,0.0,12.728792165355513,154.0,135.25774046119642,1.0526662417962478,145.96877148163242,51.36736312407441,0.13846598661620274,0.0528515289103455,177.4,gm1_infantile
2.3792744164966426,18.638111105946283,13.176920311416328,5.0125497123019555e-08,0.010953680429051533,3.348334335417783,6.063086336304809,2.20707249678268,0.0,12.706771983539118,154.0,136.9472231545,1.0519888919634173,144.72533159415067,50.55707019035869,0.13882639581063286,0.052162176652600686,177.60000000000002,gm1_infantile
2.4887741129033065,18.321091003882636,12.956454502805697,4.958089396923104e-08,0.011043785467755002,3.4638601498600985,6.214283008919054,2.288166867446,0.0,12.661079527125551,153.95632814786336,138.53978615719535,1.0619058174071663,147.23504857920742,48.87850988940635,0.14249581297677427,0.052516763088069136,177.8,gm1_infantile
1.8077262671941983,18.99852801547106,13.093086096578983,4.920037967168432e-08,0.01124633249492766,3.486165750318368,5.971915817962682,2.237853790471265,0.0,12.679183600814497,154.0,136.25454414850876,1.0521527585610193,145.64529268001883,48.601296979656006,0.14353324244441576,0.051960639254463516,178.0,gm1_infantile
2.896022585347159,19.907550433651576,13.80418324080055,4.6218357626375235e-08,0.011552463959355977,3.5743303338867247,6.23992762887001,2.1928129667476997,0.0,12.651024295658278,151.72654795250594,136.28464261692557,1.0639917663927099,148.37517788053637,48.30641355357862,0.14312470482177522,0.05180222782377507,178.20000000000002,gm1_infantile
2.226459850277956,20.69550775822448,14.079853618574095,4.5464010122644375e-08,0.011596295064295947,3.6093145945725196,6.31843684334945,2.10487512548376,0.0,12.657965647371,150.83985005364227,136.72224415368575,1.068546526190818,150.0,47.655037435402654,0.1471455216796232,0.05179220324449656,178.4,gm1_infantile
2.3514361980438307,19.93302528392655,13.523657305477492,4.1748264526061666e-08,0.011723992086613962,3.7348373578061493,6.01357382945074,2.024241338855583,0.0,12.656389198719001,152.53700552085323,136.54334495480086,1.0598128132967668,149.696771192494,46.18089802331612,0.1431397276932266,0.05286526864820736,178.60000000000002,gm1_infantile
2.534942599419804,21.367619214295495,13.85208123952907,3.762108939200594e-08,0.011508876393739896,3.819502941688273,6.253804704848623,2.075615749196856,0.0,12.619181634352483,152.44599933749248,136.57848001088868,1.0817771924206698,150.0,46.221825466665074,0.14309327597396393,0.05330231443324306,178.8,gm1_infantile
1.9630020970893503,20.418458714443396,13.295805165957594,3.8706048664477724e-08,0.011045396563085388,3.9279816427608596,5.879226414315434,1.9999746240411196,0.0,12.618907349972483,149.76971307282886,137.37001858760607,1.081994927427425,149.73749616744448,45.866933784078824,0.1427000795836416,0.05257471378627609,179.0,gm1_infantile
3.0971945793611155,19.93511411804544,13.153297254698519,3.713475073186104e-08,0.011446049045381245,3.809252321373701,5.893698076916887,1.9491854122290495,0.0,12.595532929788575,150.41138741205518,135.79211755162405,1.0848998468968505,150.0,46.00392324936058,0.13785428137561292,0.051550179659179914,179.20000000000002,gm1_infantile
2.4004441321335417,19.586436344338715,13.313711338978974,3.6755941467323535e-08,0.011848886993787172,3.804018810807504,5.688068895340567,1.99449999420181,0.0,12.60179786767937,149.9158075829696,136.94091316471867,1.081068561625297,146.09180562638943,46.38434362934198,0.14036139777106282,0.053201322587886526,179.4,gm1_infantile
2.469773668310891,19.71985330779817,13.519419941810392,3.608127230274806e-08,0.011828999704525488,3.8015397313228534,5.712557037850829,2.0098860288111338,0.0,12.580220053546567,149.5724973266747,136.17369250754226,1.072160801839403,143.15043714305486,46.42920747051126,0.1415987731815777,0.052979221368574775,179.60000000000002,gm1_infantile
2.560849957097666,20.07232805234693,14.453687686782558,3.4771011933246926e-08,0.011472889536063853,3.790398808840406,5.998026195785063,1.9203244463030398,0.0,12.612551528561927,144.90509502306307,136.93414330166607,1.0801982753244526,142.8446454336381,46.05788038151746,0.1394629607906342,0.05255370763913604,179.8,gm1_infantile
1.9296876883497935,19.46525593542423,14.266409498709079,3.553895540705044e-08,0.011116808774501354,3.668675313985462,6.15767542849462,1.8983586843714284,0.0,12.6091315327278,145.3358604173787,135.9817936263116,1.086840856293974,141.2205812687334,45.90284560399364,0.1324531721947482,0.05391151100652127,180.0,gm1_infantile
2.95453070541383,19.982846066875585,14.598618070408273,3.5482344930253647e-08,0.011067630049156077,3.689390437180063,5.968107118793623,1.8437981852812644,0.0,12.589696183599775,148.16350655881925,136.67733000274075,1.0758225763051499,140.91124756129506,46.016546451322675,0.13199247585501864,0.05420031650630407,180.20000000000002,gm1_infantile
2.316297229708808,18.54544271683903,13.288926955681042,3.424986167568406e-08,0.01116017281487718,3.660651259266468,6.148426333854817,1.8530584023070238,0.0,12.621882391490553,150.278026594361,134.49591874028118,1.0754927923021886,143.4508444885068,46.21626006660377,0.13338022160110521,0.05250419695521374,180.4,gm1_infantile
2.5462602437624517,17.685327212711076,12.18963600173173,3.3087248764618934e-08,0.010518688028737986,3.5854994959587474,6.557996026270547,1.8502904181368975,0.0,12.622312411374853,148.4801472330627,136.07805431283012,1.0621909445957307,144.1645037386894,45.54092623034011,0.14109557650578938,0.05306058468265077,180.60000000000002,gm1_infantile
2.6111842336418754,17.391761886200996,11.938153046045944,3.149032230226578e-08,0.010290183617366493,3.6900412498901654,6.4162321549816586,1.7740868629408932,0.0,12.648239991619205,147.98706699462014,135.84265021458043,1.0786165239590886,142.84580131147362,45.96213048715566,0.13872281757039073,0.053708467933356145,180.8,gm1_infantile
1.9624317763834185,17.172082919937107,12.431363932981427,3.166979488480483e-08,0.010208456839232192,3.6541032460997003,6.6486231975184555,1.834283992359757,0.0,12.629498149177719,150.04667791986924,136.06288384031583,1.0756573629654127,143.26535665532478,46.202354082270574,0.13827040738115104,0.055132685313557944,181.0,gm1_infantile
3.043030590284749,17.549808195991808,13.245886663560803,3.1001264947427414e-08,0.010323867964585003,3.715416496042564,6.768293081159033,1.9024133534049585,0.0,12.68460503688053,148.96646559539798,135.7890306106033,1.0720295325810196,142.75107904053334,45.01646860990161,0.14231066315441523,0.053839832273976616,181.20000000000002,gm1_infantile
2.3905727148207836,16.352960407441575,13.629258952655182,2.9479013244811295e-08,0.010021087020339279,3.7233723888369084,6.554478541483881,1.875066471486214,0.0,12.70703054027101,147.34652146185053,134.0051671529632,1.0717843396795326,143.99078060721354,45.943869015363596,0.1386575714553262,0.05341749107714767,181.4,gm1_infantile
2.5648549341265374,18.17428264798837,13.007356732419776,2.807856414256077e-08,0.01006425784219952,3.6800884680846524,6.349909095717495,1.8925363909720183,0.0,12.669591758151206,150.35164392806712,132.99011940467736,1.0761778977409964,147.29499061276042,46.17634943170372,0.13746082181316882,0.054241293736845705,181.60000000000002,gm1_infantile
2.623670423495519,18.662566434998716,12.9217920880584,2.835540359092245e-08,0.009712612994037388,3.609015686868511,6.068497494141867,1.8972631931818993,0.0,12.649722216627158,148.13526021445946,135.6732915229697,1.0614000913960975,144.94942744100155,46.36103654318133,0.1424688513977133,0.054058977911402246,181.8,gm1_infantile
1.9923852737505279,19.96866381757206,13.486595801631337,2.8183569073866714e-08,0.009545685002277381,3.6337188086207037,5.839738816300931,1.879435647329875,0.0,12.68631890168963,149.01741461703529,132.21701515278923,1.0439358918776809,143.81041524884134,46.28421233049363,0.13825386523780334,0.05371999311841876,182.0,gm1_infantile
3.0900389161756308,20.201954908030356,13.680387922575399,2.6572421694232683e-08,0.009161688682669897,3.5498660142259255,5.58472287296462,1.896311188959947,0.0,12.658680176632702,149.319958781321,134.8672882277374,1.0713949599536599,145.49045545847116,46.20595300808309,0.14027634066782596,0.05532639680298135,182.20000000000002,gm1_infantile
2.2791326694740692,21.888697537396776,13.412018835451532,2.5500058406827177e-08,0.009050329214728266,3.5654122862718327,5.455190672883045,1.8992304313721184,0.0,12.664583673716928,150.0900890255456,134.29454245836024,1.081022486093927,147.73205625526725,46.8583187558468,0.14133991145314695,0.05645588230724814,182.4,gm1_infantile
2.4613348340833743,25.0536206069472,14.272075391353972,2.48738931353557e-08,0.008829248235877184,3.5438832782791043,5.451097718145815,1.941556684285936,0.0,12.69810483092452,147.32018203841983,131.39895852047223,1.0785973042831791,146.22738519900147,46.10185044791072,0.13905389041265848,0.0554571572476849,182.60000000000002,gm1_infantile
2.5554910380066937,23.965464463703146,14.090964891877631,2.4337103298383232e-08,0.008994234504421071,3.63349148831011,5.516899080873156,1.961476620960281,0.0,12.711490965158076,148.10693298006478,133.7779031036424,1.051185056621032,145.92836871850307,46.343087678321545,0.13868972348102998,0.05425986888894764,182.8,gm1_infantile
1.8696861109074308,24.811083753038588,13.760399585276984,2.2335828569571103e-08,0.009129930606661986,3.6584944505781145,5.527052755427324,1.9102047118054757,0.0,12.745803482205535,144.94342009622392,131.01518970189895,1.04200472441699,146.05143216750662,46.06551293165944,0.14041648654887276,0.055553656717062215,183.0,gm1_infantile
2.9282185157470577,25.186348010764497,14.097757653112431,2.186549665961672e-08,0.008830866014185037,3.5868036496472984,5.354648453770206,1.9068887504512841,0.0,12.704278950632826,145.10784003872553,129.50757978886548,1.0268279676215843,145.0095394431634,45.409331394122404,0.14204965399087283,0.05530081572926312,183.20000000000002,gm1_infantile
2.3456316178229706,24.41663834306024,14.011746491694268,2.2912433229751383e-08,0.008478654625862569,3.6652434154012323,5.644868653663918,1.95727457563325,0.0,12.744592678719618,144.50528767874798,128.31259083153859,1.0213308109117276,144.07743299773682,44.870086906444214,0.14532985119189315,0.05430795018914626,183.4,gm1_infantile
2.4654788003454113,22.326572971031208,14.182701695519402,2.1494668559951325e-08,0.008221767924062609,3.653041582547339,5.819567807306227,1.9747110124394234,0.0,12.740604112519126,143.88100633802404,129.71026440155936,1.0134246757558054,145.88876846254274,45.65627463524029,0.1423233327901654,0.053426994834292627,183.60000000000002,gm1_infantile
2.52818105927349,20.459321354064926,13.98427276482885,2.2058789889418044e-08,0.007996849582651873,3.7356578401667573,5.750757536729754,2.0815597860828094,0.0,12.736216228073594,142.16227396041006,128.5440384286708,1.0316261938493656,146.9987712454807,46.32357299224115,0.13790610168593526,0.054171375811722065,183.8,gm1_infantile
1.8677867710193705,18.9376867013803,14.191904569028594,2.1767334456367402e-08,0.007972407923566668,3.7787279874263344,5.880647810797498,2.12909218210336,0.0,12.77877748578782,145.83230875492944,127.94191544252294,1.0084323156261452,144.48053722484204,46.06745405129218,0.14397420874344938,0.05414729082105793,184.0,gm1_infantile
2.889485739840998,18.063186971308852,13.39178300322606,2.1993562674130958e-08,0.007922129363388406,3.91807262096842,5.955876043931923,2.1267605166986017,0.0,12.747352655655682,144.15266966269826,125.64258737195894,1.0205599319862717,143.93622922756046,46.690984468275545,0.14411578759258487,0.053749126267444367,184.20000000000002,gm1_infantile
2.1877592832526593,18.40160859233159,13.279855311303262,2.2244511881726065e-08,0.007762743358897605,3.956012240747035,6.175463276929119,2.0800009287885186,0.0,12.763377392352135,147.89675623417358,126.30562752904831,1.0297036342206656,144.06882451611202,46.23691761910011,0.13997786109397897,0.05524892617140119,184.4,gm1_infantile
2.298317159640502,19.042110761664745,13.559186186537119,2.2510832905837086e-08,0.007640922254784405,3.8948371687836736,6.164963653080466,2.007009764003605,0.0,12.818535215981996,146.34584908095135,124.66657171023057,1.0257843225942103,146.7126837734477,44.9427035185156,0.1433992457103865,0.054088086369589394,184.60000000000002,gm1_infantile
2.4447152013177105,18.255633602406395,14.857530281049954,2.212991163197967e-08,0.00748842451013229,3.8684420991939525,6.115313550851198,1.9798052174357592,0.0,12.818206538569768,143.6843048880988,124.1363269454748,1.0336741519763417,145.58846096932947,45.38584286722802,0.14320451871574263,0.053780154157530326,184.8,gm1_infantile
1.9248446020367473,16.58328682219704,14.393141684749848,2.2653754030812203e-08,0.007769303667777439,4.024441002952342,6.062458548433235,1.9719529630849169,0.0,12.854516922537169,144.31745957065908,125.72727783975417,1.0395562521389816,146.806242409989,44.86391290370441,0.14185766111248657,0.05311003473404928,185.0,gm1_infantile
2.9079433699310995,15.076462102742171,14.0748552587182,2.19559541330203e-08,0.0077545535652637524,4.059007414219994,6.015537822422579,1.913554524924023,0.0,12.879462516961807,144.1461854164711,125.03262590060167,1.036250915677152,145.5580968561442,44.58160379784825,0.13979223282791584,0.05272590095784246,185.20000000000002,gm1_infantile
2.3193154922442614,15.55581435525475,15.007631171122103,2.2458091672546917e-08,0.008068255093436076,4.094127689303238,6.026769740917161,1.8533116411334811,0.0,12.860290846698327,141.35692933662185,127.6559004640785,1.0183074631592708,146.6119923892492,44.09529698633207,0.14307053805939168,0.0541923184862881,185.4,gm1_infantile
2.4746458991509197,16.644625254149695,14.920659321309243,2.3844552172371994e-08,0.008169705189119693,4.022923040333755,5.951190292982551,1.817022234471564,0.0,12.812436281007306,142.13037300858872,125.33474335017505,0.9837430742797132,146.12586189090385,43.689497357100116,0.14004664345884532,0.05051782286975544,185.60000000000002,gm1_infantile
2.518412971744083,16.4998814206423,14.440436973925001,2.3666148647395847e-08,0.008393356963015448,4.054746120797315,6.048288423314558,1.8574209238727435,0.0,12.824734584419891,144.07537263769808,124.6397178874402,0.9729968032696249,147.3609028969291,42.87044952481336,0.13639395813289573,0.04972962840665632,185.8,gm1_infantile
1.940184274093997,16.716683365028192,15.070872007509365,2.239050754106542e-08,0.008176604213516316,4.087411063535703,5.839139482577188,1.803178542220924,0.0,12.832789324525468,147.11218229834662,122.9680545649703,0.9860931325847694,147.42868038484588,41.91119337217064,0.13341456994185671,0.04863796689740824,186.0,gm1_infantile
2.9564049648121196,16.9959918914925,16.30255067986374,2.079225713389119e-08,0.008053700282395113,4.016887565692141,5.575482536791843,1.7899488938844943,0.0,12.780559093685993,147.16232184086994,121.03729467258063,0.9858055900089024,150.0,42.22045361882308,0.1336733573188817,0.0480276690048715,186.20000000000002,gm1_infantile
2.3176057722261314,17.61816529349198,16.546998596038804,2.0271710113302867e-08,0.008058713898296748,3.9179922979078374,5.428344538276023,1.8121960600045797,0.0,12.78294669017088,150.12545316296575,121.91168867881524,0.9823537980647341,147.73728938617205,43.090112697294394,0.1357228306853768,0.04995959943190819,186.4,gm1_infantile
2.5607541095251367,16.394293883480998,15.533759639158193,1.7866345145796767e-08,0.008191651054665506,3.958950527911638,5.4302915503867855,1.7452497425825932,0.0,12.787939700621257,151.71224032844265,122.40344825305412,0.9908888782286321,147.67493557011295,43.82184174006158,0.13737606438148353,0.04861102826617095,186.60000000000002,gm1_infantile
2.7112495657772344,17.54518784600074,15.772402833196738,1.766316819832135e-08,0.008466279872537716,3.8396419548648724,5.600037009637594,1.7272663230187448,0.0,12.791094546765626,149.19893800010362,121.63398746486179,1.0042187667334195,147.44284309802688,43.49826489751874,0.13517915280282267,0.049275576300160016,186.8,gm1_infantile
2.169404318413752,15.67643430159336,17.803758972029954,1.7413090833402586e-08,0.008540854197227598,3.8046514919384684,5.585093989948206,1.7536916480381113,0.0,12.76778359996254,151.59472158247647,119.17223771290253,1.0098742941889345,146.89664148118368,42.98281789771797,0.1409962525055617,0.048196234255160356,187.0,gm1_infantile
3.090110621076806,15.507352222443489,17.026660465378495,1.704360764431967e-08,0.008534285366394626,3.8156160876113767,5.5506932920685665,1.7310227578247006,0.0,12.76430793564903,150.5860359705941,121.61329945899627,1.0079305374516305,149.25222275859724,43.73983630103314,0.1448265429042424,0.048909251946492364,187.20000000000002,gm1_infantile
2.4147211326156626,15.632551595923884,16.686138558266638,1.5408460444894036e-08,0.00863628886007517,3.8272537733952103,5.66358418856483,1.7411297415502511,0.0,12.724764676172793,148.24237315545216,117.68537358410565,1.0058140841619638,147.8890366087136,43.25353162590274,0.1456176761754967,0.04840774463913034,187.4,gm1_infantile
2.4433843633112775,17.948753026623656,16.516454040736452,1.4492900470389693e-08,0.008471199399211418,3.8103402380441773,5.615190314269219,1.8164630753334572,0.0,12.777374911326046,147.394519223751,118.41556932560907,1.0193988648218009,150.0,44.064114519185665,0.14443654455592284,0.04836412429948412,187.60000000000002,gm1_infantile
2.4095854636486704,17.72668528232395,17.260924529548948,1.4654870232258981e-08,0.00841883025378266,3.9228562318026876,5.543079755524756,1.7825757662700386,0.0,12.745057630053187,148.64360365248947,118.92791587909362,1.027409957460312,149.34030644295834,44.06907982072743,0.13727627166832332,0.04873482269348569,187.8,gm1_infantile
1.837336249536422,16.67893932902459,17.07067687893046,1.420572780577427e-08,0.008721734984741485,3.8438399423885787,5.566446819223784,1.7264875594670994,0.0,12.752662320066197,148.23073552584728,118.97022682984415,1.0314745557404095,148.52969991445752,44.634200477824585,0.13606195735857282,0.048590270297707176,188.0,gm1_infantile
2.906853880193159,16.768325430776436,17.440684256866867,1.4062684414069679e-08,0.008776619636375205,3.816426246960027,5.392267036325347,1.6754852326678062,0.0,12.802740045532692,143.90519749185114,120.9426140852719,1.0197027710507987,150.0,43.37169587867014,0.13507257954349508,0.050158023656848606,188.20000000000002,gm1_infantile
2.3222633235133645,16.568928423401168,15.85283807728021,1.3111148764841917e-08,0.009016175038213252,3.787608019684901,5.382980847641001,1.7135275664950727,0.0,12.814117113952179,143.1247579337618,121.46697259082723,1.0114513995656254,147.03955126861604,43.165859266172276,0.13674824592854734,0.050562608148719886,188.4,gm1_infantile
2.4508859199882624,17.37058115140054,15.615371380322282,1.2856267636475472e-08,0.008881650515702116,3.847908252964905,5.436907631584,1.7125354849325893,0.0,12.845528626686338,141.73374045642146,121.63001630626101,1.0435873303750511,148.81627481668312,44.15198801349532,0.13483612583581225,0.05174857381101091,188.60000000000002,gm1_infantile
2.5484566372040915,17.69845952433951,17.023194779196068,1.2452865756537566e-08,0.008847728391594499,3.781015652882799,5.567801241850049,1.7070493594939236,0.0,12.797935780869313,142.8171560062693,120.62929009611463,1.0533129291570915,148.96719162874214,43.874952804994464,0.13340303013427976,0.05073305609327055,188.8,gm1_infantile
1.9857008687969897,16.72730671571533,16.718125972772118,1.2340212708645048e-08,0.009135099872816316,3.7753099981521117,5.523458554773334,1.7428075676134709,0.0,12.76339208675206,142.1316077009914,119.52856420794018,1.0303927900534682,150.0,44.06818502578156,0.13355260791129842,0.04991205177773481,189.0,gm1_infantile
3.0081980969374826,17.108096900184712,16.404441063908234,1.2272991557606544e-08,0.008935114166514393,3.7768824011179536,5.692981145572252,1.8189207858907754,0.0,12.771257581528644,142.22658672223392,118.86140714271305,1.0053139043562218,147.48978846848928,44.00821182371565,0.13296078168250572,0.05147455268286038,189.20000000000002,gm1_infantile
2.4422723597072626,16.597331376598852,16.917830464886954,1.1801781184494859e-08,0.009034564412785771,3.8266398186805675,5.869487717585565,1.798570588633924,0.0,12.717599514278083,144.75578662687104,118.87355493812501,1.0050197795960454,143.69788820246487,43.8188347454182,0.13678364827694323,0.05094527131919539,189.4,gm1_infantile
2.5797296898295836,16.638698006540128,17.614821520951374,1.1629738655559457e-08,0.008809885121637738,3.8253586398843016,6.086161742706045,1.8243993295763887,0.0,12.781622675927428,147.04855818289246,120.2352694115813,1.0090125575256108,145.31656380668727,44.30979707646007,0.12999370766461382,0.051357384045874054,189.60000000000002,gm1_infantile
2.6356243719377512,16.237769190532834,17.314806186248664,1.0750474896028833e-08,0.008424116638852761,3.906431904287114,6.099602767815206,1.7050174444000221,0.0,12.806526542442567,146.5117371425814,122.30900594659457,1.0230052033409505,142.89111346938822,44.26291327437739,0.1284359227334838,0.049746228575977665,189.8,gm1_infantile
1.9194246641645907,15.613443255214438,16.678571070430067,1.0628707117618694e-08,0.008587308056001977,3.9372185738051426,6.149063706227918,1.7049858276938024,0.0,12.801990195309243,145.66328892732855,125.50511662101536,0.9910311050925742,139.55285582472465,44.52919061788221,0.12741755844159383,0.04813404048938502,190.0,gm1_infantile
2.9095866204569387,14.793189607942049,17.215122007753966,1.087091776959066e-08,0.008871408736980101,3.821645464273654,5.846357899776232,1.6517295282770823,0.0,12.813651239270142,145.84034196805675,125.92785966889633,0.9899514087578447,137.69440094599804,44.8741611076582,0.12663160989775116,0.046821997752027306,190.20000000000002,gm1_infantile
2.3152148970000157,14.6243347726237,17.21251645658952,1.0588225143931055e-08,0.009012291033021562,3.8317338000675796,5.67010693782796,1.6961111970352618,0.0,12.828022119995543,147.90078623430915,124.92589700120261,0.9986641747280138,134.77934597640572,44.83793258762217,0.12560235064730071,0.04832675499972927,190.4,gm1_infantile
2.435844859213616,15.15881150559577,15.727178502775736,1.0227758344540422e-08,0.00880504359511929,4.000115718212357,5.544582265401989,1.719953684150017,0.0,12.782221393613984,146.87174473835964,125.64308523991743,0.9995513934420397,130.9331552955659,44.53426213951059,0.12825102120090898,0.04892955998744309,190.60000000000002,gm1_infantile
2.602813461526751,14.430528935387892,16.530182302616858,9.99143925701907e-09,0.009086690375983099,3.994984997284436,5.2173110198807855,1.7648319809653945,0.0,12.771184953774224,144.0516361565447,128.44249842048066,0.992147327638484,133.99815000190327,44.31471106900995,0.12536018718570477,0.05035657573896788,190.8,gm1_infantile
1.97454512854026,14.493819396814713,15.443786415931498,9.613976973731403e-09,0.009135593916070366,3.897820864635702,5.139700427382606,1.739450447317821,0.0,12.813219632017706,143.4999253448866,127.28629196905969,1.0289877959514628,133.47513665544176,44.23979504390269,0.12411083720453203,0.05000682824845263,191.0,gm1_infantile
2.9996302483097073,15.206688249022143,15.594422261828159,9.799509614371956e-09,0.009312529369305189,3.9071681661077697,5.2128422425953564,1.802869662499278,0.0,12.884708078745282,142.54554765052202,126.71940867829318,1.011877348814877,131.63116373915244,44.860306821548605,0.13032375129726873,0.04933794931986569,191.20000000000002,gm1_infantile
2.3694087316604313,15.552825361615158,16.18913206419764,1.0414474460538367e-08,0.009595056153121919,3.885324026083636,5.2998204088264975,1.830548827063655,0.0,12.852881754545816,141.05910293791075,128.7189081577313,1.0285861752237158,131.53064913618937,45.05376447581788,0.13359860088028555,0.04745593461131813,191.4,gm1_infantile
2.4615674824595417,17.35563168195332,16.278685869334204,9.778351008346328e-09,0.009579473419857877,3.951893687119426,4.955143919970366,1.8311822831778666,0.0,12.805488307824485,141.25330427825878,128.5109199583841,1.0277533937294576,131.18354178420543,44.47590055062933,0.12905593215815406,0.04669346564244581,191.60000000000002,gm1_infantile
2.6028595492930773,17.562050318818027,16.14030113324445,9.202618583912057e-09,0.009459001694160018,3.999199255956082,5.050964284459465,1.7933958901342368,0.0,12.785891215873368,140.37978012434914,126.98445357167218,1.0215083942138312,132.89646936648487,44.49130858483828,0.13168657502864137,0.04511072034724059,191.8,gm1_infantile
1.9611500850751078,15.839338046463487,15.756467454406087,8.636964894297635e-09,0.009693680443854985,4.02344629504575,5.204306049214254,1.762099753400682,0.0,12.755574565217632,140.92244332324685,130.13763748779945,1.0266025878022322,132.48910378709604,44.41635745607061,0.1313309990120776,0.047168413629044934,192.0,gm1_infantile
3.0408604517557123,15.995367770986142,15.725673503740511,8.557044639503138e-09,0.009760212308685743,3.988539202038274,5.085575886396921,1.8060842754205506,0.0,12.782376200525675,144.10878732936658,131.07375200966666,1.0309246485014938,138.56092417323322,44.57777284001751,0.12790567967578043,0.04683798446395927,192.20000000000002,gm1_infantile
2.4846853768612216,15.071653195782256,15.101785357893117,8.775766328256197e-09,0.009659631678150742,3.9754773573226174,5.247710786202537,1.760395823063799,0.0,12.742452737361969,145.26459951886832,131.55186437653873,1.0207702247553792,136.65380543052171,44.45347329798608,0.13088510549523558,0.04593649311679288,192.4,gm1_infantile
2.5361339180104276,14.202741455410782,14.74924779747203,8.706989248429274e-09,0.01008625042327035,3.9858420044723615,5.242516254681853,1.8024396145916124,0.0,12.725717378204251,149.84230363274503,131.52927179130074,1.0234676464365062,137.90835259493537,44.697955732282026,0.13516468319168468,0.0453010643581881,192.60000000000002,gm1_infantile
2.656576268398301,14.429611399820967,15.295341443724322,8.441410465349096e-09,0.009964662504528418,4.033264198293592,5.295974647172388,1.7555019148542597,0.0,12.746292091312718,149.69634680972547,130.72609499368824,1.0279081206945124,139.36940033284404,43.78895751796966,0.1360356719286138,0.04593474129180884,192.8,gm1_infantile
1.883589282342701,14.70206637841572,15.650008676575904,8.468179138473776e-09,0.010102715735350381,4.004473155772481,5.139864588822653,1.668990400358033,0.0,12.766059525312935,152.06526214786487,129.48296657303058,1.0384076152981598,136.8140793513405,43.32155489392801,0.13614777166602288,0.046587973758986545,193.0,gm1_infantile
2.999135223951556,14.468144174491304,14.923508752832076,7.962307641883173e-09,0.009905587394721953,4.1615377152741075,5.2520259712877015,1.7350547230579743,0.0,12.765725226140425,153.49262539169692,128.63286359788256,1.0336758342325132,135.82041769390887,43.104606637702936,0.13602553822224994,0.04570632451915347,193.20000000000002,gm1_infantile
2.3648861905122867,14.87804022431041,14.688964462486807,7.497680156883587e-09,0.009886764877542862,4.1186928945608505,5.237253496185435,1.777225394334662,0.0,12.827630993265958,153.3315639538584,129.37327985076473,1.0224847032562616,138.16193320538338,43.07525692737836,0.134560236140176,0.045089051665232145,193.4,gm1_infantile
2.467506566024114,15.259674847475111,14.704639344407253,7.318435523456654e-09,0.009688719845018913,4.057077718717154,5.1593929976863375,1.7851003232328022,0.0,12.850224725662612,153.3174202540284,130.06661131762596,1.0194807670936767,135.20238366160967,42.9940116231954,0.1331671354411767,0.044021395362159446,193.60000000000002,gm1_infantile
2.5285147345397503,15.423166343058172,13.888676051944017,6.906971754000778e-09,0.009988693749543604,3.9372235890427993,5.135897955332978,1.7196987652063345,0.0,12.844255074903467,151.28839632763825,131.09612561930322,1.03751110766213,136.98513448202726,43.632797035395484,0.12885603046845828,0.043751376116189365,193.8,gm1_infantile
1.9489270762278166,16.218257637061424,14.960023747619573,7.1463290091029065e-09,0.010148483137856537,4.122095885182709,5.171503041965043,1.7220297083683789,0.0,12.81771207678357,151.42296853280712,128.1156249204691,1.0295584341680029,137.0116519857326,44.233340421985524,0.1318420742328056,0.04278815957171643,194.0,gm1_infantile
3.0693029849647417,16.264251482909525,15.04696112297856,6.4326815537042585e-09,0.009965619859432001,4.195006287872469,5.186525964276279,1.723370935613781,0.0,12.776126345108356,151.22351045571725,130.5881970699207,1.0439364668055713,137.0198745104454,45.20966789249363,0.12792100367028375,0.04183918146756581,194.20000000000002,gm1_infantile
2.5295248677078566,16.92021459431853,14.777704889789517,6.268327484152278e-09,0.009745138994871307,4.210498362341949,5.194402676832241,1.713847551879378,0.0,12.783404749712702,150.15050914114138,128.89500176038416,1.0609306885848557,141.30468293072272,46.43795777834565,0.12954107295339015,0.04156279718755055,194.4,gm1_infantile
2.602769848762343,17.303988048480146,14.45055811497193,6.616551844866768e-09,0.009270217470871749,4.182941760904458,5.28586480828539,1.6664062022218273,0.0,12.800097422725099,153.24206765541177,126.703858018584,1.0406201262760648,139.738890722352,45.5195177766741,0.12510562283293203,0.04063996627607062,194.60000000000002,gm1_infantile
2.7351674538127755,17.02958646451524,14.438176870251903,6.135210703544934e-09,0.00936307417746639,4.3203650428814,5.13585306832226,1.749657240118994,0.0,12.800292094820426,154.0,127.40196469711512,1.0660039529645318,140.9418478246066,45.8845360143278,0.12368301035492711,0.04138117769086412,194.8,gm1_infantile
2.0214708009879896,17.178345873990462,16.381054190138347,5.165675291972833e-09,0.00937222116893611,4.335880293958149,5.076364542612623,1.7146951664805172,0.0,12.79279320126361,154.0,126.6019984229332,1.0941734260668514,140.68429231233753,46.26841218866431,0.12160107363959147,0.042224544430124564,195.0,gm1_infantile
3.065271688441606,17.473462225482976,15.550202237692996,4.78280623720766e-09,0.009692420996438633,4.27147935086464,5.133009223912918,1.6475858820739946,0.0,12.772885653937827,152.00893003168798,125.43059614262232,1.0847414284572012,141.6696910880048,46.341818053594885,0.11841904258364384,0.04216819256049513,195.20000000000002,gm1_infantile
2.3185181910229895,18.192489733947987,16.07319172731982,4.660493612562715e-09,0.009710282277232673,4.401992224729672,5.085409329192759,1.60449654694588,0.0,12.740289459813903,151.5743828544751,124.46232699651837,1.073358508623624,141.40962385011835,46.934704907746635,0.12115070415645592,0.04302114172951231,195.4,gm1_infantile
2.4639372381470004,17.873650983635912,14.406058912441113,4.682456307296035e-09,0.009186717807513203,4.247434310160842,5.023955704039942,1.6115810319810902,0.0,12.783822349453292,152.51307906595994,124.08464195425564,1.0922441210981086,144.6259647361132,47.28615991554661,0.11883027182846324,0.04246474402730085,195.60000000000002,gm1_infantile
2.4784911544896713,17.79905112312658,13.72782447711263,4.454291123171487e-09,0.009201363122389786,4.093914357327302,4.848868580696038,1.6007885382080353,0.0,12.769424395910386,151.95277730206865,122.95360111485878,1.0699701656885727,143.79154720684193,47.17727446752905,0.11777340053169359,0.04254051806012361,195.8,gm1_infantile
1.9076800653148915,18.431540490714628,13.34599536341108,3.8183443494430084e-09,0.00942760627322157,4.117006350976645,4.757211514215467,1.6402243947570438,0.0,12.81860623472903,152.45905861034504,124.75590056803411,1.0517859121486053,143.92608421789916,46.99232314510004,0.11844649183999312,0.044070178535795104,196.0,gm1_infantile
2.9560828048403165,17.35865528727787,12.641845732855069,4.355716184545046e-09,0.009496472771379829,4.144820350925682,4.752187011389567,1.6703976344611058,0.0,12.829420993501817,150.06729932101615,124.19333938904535,1.0418804899738088,137.97677465190193,46.80158789409849,0.1158564686846714,0.043831485509263045,196.20000000000002,gm1_infantile
2.3130511509786085,19.161575803141485,12.840000446364675,4.370775531232543e-09,0.009561938373272646,4.204616307674878,4.849095837357988,1.6946656511439186,0.0,12.759707226692248,154.0,126.90919912584974,1.0440813820759158,135.61929355467902,47.59591194020352,0.1138457449558538,0.04432633220657795,196.4,gm1_infantile
2.376878320535751,21.476584916819203,12.100392321451176,4.289107148261245e-09,0.009078318248524632,4.196057248119695,4.815233490471635,1.7480134334030262,0.0,12.791948211089798,151.88471372329988,126.46201696651448,1.0395108112722862,136.76940536729091,47.85663067319982,0.11547687683397292,0.04455967316823182,196.60000000000002,gm1_infantile
2.526175215729859,20.291163273418498,12.452944187793337,4.798134264404439e-09,0.008705106940083956,4.227438092519711,4.931929318603998,1.810094967470744,0.0,12.794530117758077,152.75841409733513,125.2541620902539,1.0332416889872833,134.57995089698142,48.844765641442805,0.11641739377912384,0.043623312558700986,196.8,gm1_infantile
1.9359584968436894,21.487347645635978,13.11906346386846,4.363691239803698e-09,0.008079475049724493,4.251926045716775,4.827606942699697,1.815724995523917,0.0,12.826142328245119,154.0,127.38516019024239,1.0569159726576491,137.34362763809736,49.834850700281535,0.1160798831842735,0.04235128860229128,197.0,gm1_infantile
3.077316067526272,21.29730648538063,13.968760912146504,4.064962125447992e-09,0.008221158772963947,4.064487235271262,4.79130970406897,1.7808356056363506,0.0,12.856636393677885,151.7420944557629,128.5488841359657,1.0734233339866395,141.97097716277977,50.3252956428851,0.11466069207988074,0.0411319583060118,197.20000000000002,gm1_infantile
2.533487421535548,22.135506783124992,14.033143204887436,3.4255753141823874e-09,0.008016820845266639,4.105456789989198,4.876123636656032,1.6820520972681199,0.0,12.811336285607185,154.0,128.9369895647732,1.065816494050811,144.08256227599387,50.57828684305649,0.1178791093780193,0.04117546568172251,197.4,gm1_infantile
2.6176331061595213,21.640101877768373,14.295371590589978,3.996309182616801e-09,0.007893129709306232,4.148049840346938,4.788032806551697,1.6000091488517518,0.0,12.821663435970928,153.75892798396444,126.40204523531317,1.0692297725496305,144.80057618515823,49.99148054757565,0.11412854519728227,0.04091280947646697,197.60000000000002,gm1_infantile
2.7121770987378615,22.004263484891776,13.819542382608581,3.945577423491103e-09,0.008017710948304686,4.056616679684583,4.824444217235269,1.6803103093241774,0.0,12.854546815630219,154.0,126.05903607348966,1.0633122279631266,147.0201508773298,49.881911142421956,0.10805255329579395,0.040791682106494,197.8,gm1_infantile
2.0905769993358163,22.776488009760218,13.385701935517421,3.750924586178024e-09,0.00816069000874408,4.047086634087328,4.668023166157697,1.750738393919482,0.0,12.885661455214324,151.1299390763338,125.88869516467295,1.0697245257261023,147.03571793058595,49.1120420516943,0.1022251062233516,0.04217423392710041,198.0,gm1_infantile
3.0959765593689283,23.97510372944423,14.084851270166451,3.87439390867818e-09,0.008067580597958762,4.077488565934306,4.906214212969609,1.755771924820992,0.0,12.842240788703853,147.9047378230676,127.60312711852022,1.0571244778570756,150.0,50.019852095010734,0.10571772445150325,0.042984767704651025,198.20000000000002,gm1_infantile
2.356079397015719,21.83127068004964,15.196992464410236,3.27693904744244e-09,0.00832426755424665,4.121326332842585,4.922184251548167,1.7722497970818238,0.0,12.836140711958038,150.7719269138444,130.03767317976278,1.0584674619218333,148.96955466743296,50.91892546056588,0.10083566325734696,0.043380760060082554,198.4,gm1_infantile
2.51425657678568,20.70037864153907,15.926060857288222,3.178895589670428e-09,0.008187934579880955,4.187586200158564,4.795756584545301,1.7993079577944733,0.0,12.84405494531482,150.85998414644268,129.1237142457012,1.0630975402665488,148.98800695254153,51.65584596290469,0.10190963500536387,0.04378929778441395,198.60000000000002,gm1_infantile
2.611602626141017,20.071661241310498,15.715657609728247,3.1818179219130706e-09,0.008121457407691953,4.266178686340211,4.824435644433653,1.7892349569552357,0.0,12.87088426509451,149.68725793306132,127.35656136481695,1.0858281396368852,150.0,52.3457524352009,0.10275070681934188,0.04366473164862605,198.8,gm1_infantile
1.9692102777674187,20.85722012467189,16.52631233286736,3.0703649162840716e-09,0.008472039040506649,4.245531386769203,4.652578630249109,1.675855067831495,0.0,12.85869060560371,149.22580852794758,128.55912006470078,1.0841924688979105,150.0,52.382771127655005,0.10257973681599743,0.04307108144510531,199.0,gm1_infantile
3.055778033773311,18.988139032071423,16.73876247790497,2.920512916365618e-09,0.00858542333181489,4.238412867939991,4.675647919531826,1.6554803321837128,0.0,12.858470461438856,153.2269663488143,129.0574376293976,1.0833188394905697,149.88007553692657,52.786163429001654,0.1010385939229053,0.04317942125939513,199.20000000000002,gm1_infantile
2.3892367686676668,19.38008211950474,16.93965280857371,2.984389497837113e-09,0.008567174071017087,4.353514399855727,4.748650303755227,1.771308513327591,0.0,12.885781776746718,151.73095800861117,131.5323247127017,1.0719526150175536,150.0,52.6029212158504,0.1018685072107996,0.042921120769376556,199.4,gm1_infantile
2.458368553383648,19.00920599970341,18.08774818053316,3.071894647636307e-09,0.008287419209762299,4.433963202738806,4.6344905686519935,1.767300779693573,0.0,12.903262134705642,154.0,130.09864223053648,1.0795601704648288,150.0,52.15528342663813,0.09998553027103459,0.04261443080009327,199.60000000000002,gm1_infantile
2.570595220497813,17.56389059106801,18.434782267045996,2.5237100019820887e-09,0.008495333458080397,4.4690799206459,4.874962232090606,1.7504303818874,0.0,12.879948499345039,154.0,130.06990624147468,1.0955475302968238,148.31509424156957,53.59482989229072,0.10268109398776278,0.04238888659848311,199.8,gm1_infantile
2.0597483027703896,16.851176325167636,18.45511066433501,2.0297899894120554e-09,0.008817247142317457,4.3334658669973924,4.655825059965007,1.6718416461495622,0.0,12.907188011276762,154.0,131.88428426489912,1.0923959114684094,149.33879661839802,54.796031399410566,0.10191587327681,0.04163721672919479,200.0,gm1_infantile
3.0827053441851002,17.46282743580618,18.37881226862148,2.3461785236720718e-09,0.008740182971634052,4.337772784987498,4.707284388806055,1.664889923216809,0.0,12.91756789864089,153.35951971225057,132.8414190887499,1.1059622468523926,150.0,55.322496840675335,0.09836149705196616,0.0393510667412097,200.20000000000002,gm1_infantile
2.498297850047486,17.99646160961947,18.210450475324475,2.5308886690013194e-09,0.009087820202182373,4.4433408396764085,4.8292881364650615,1.6072258763110572,0.0,12.84853091586341,154.0,134.84919418205996,1.122357232960203,150.0,55.20157885455997,0.0969384466829718,0.0386036316839192,200.4,gm1_infantile
2.573908611268483,17.057342631892336,19.56403337917032,2.029038482533988e-09,0.009009242049908299,4.28649411701746,4.842232647128112,1.5932903187357164,0.0,12.821470733091743,153.99122654851277,133.87998321084746,1.1187003220876208,150.0,55.32304233377528,0.09791509203768398,0.038178231439044884,200.60000000000002,gm1_infantile
2.5957094213364384,17.06676950797489,21.680344527793334,1.854379968680787e-09,0.009044059678340707,4.2180847549339875,4.484314909890227,1.5583067200581333,0.0,12.838263261998119,154.0,133.27150426473935,1.0824484560191117,147.95754501498388,55.61181608805723,0.09824891676487602,0.03814311108674614,200.8,gm1_infantile
1.942818300158731,17.990076233652786,20.93721269528378,1.8940711892531134e-09,0.009045210182984998,4.185119293350845,4.403080118058572,1.5467744274301214,0.0,12.869949416712956,154.0,131.88886042158356,1.0606165476955562,150.0,56.28312293509651,0.0983624653537841,0.03780225297361426,201.0,gm1_infantile
2.9095329260718636,18.722546480435874,21.860004326870303,1.5928684902496117e-09,0.0088538419951834,4.27387643557837,4.3658461003370235,1.6354655110386473,0.0,12.85854014633437,154.0,131.22609644570542,1.0757725043757398,150.0,57.100182817760476,0.09858045129968193,0.037392704837840754,201.20000000000002,gm1_infantile
2.2769813645275754,18.35147556773891,23.112462224914925,1.9179636501559188e-09,0.008798112178355638,4.198315558436934,4.578954158056399,1.6260604801382827,0.0,12.902884524264257,152.93612534673574,130.68704752042572,1.0712823737844361,147.54621874350798,57.32864951901425,0.09672443611098272,0.03689292840421067,201.4,gm1_infantile
2.3792924857738846,17.720930798709453,21.985557956515013,1.9345076338763555e-09,0.008730163367303846,4.196738555908436,4.888650063955989,1.609089499583689,0.0,12.92334804062067,152.79769839539728,131.19058441712195,1.0705119075985328,148.13250872214257,56.864431110870356,0.09547560856959979,0.036881711139008753,201.60000000000002,gm1_infantile
2.3900040532621385,19.17728432433291,23.956572882170363,1.9223934220011236e-09,0.008823934557777432,4.273496790961987,4.7024266478329695,1.6459259540550957,0.0,12.989422969215385,152.40331178429213,132.82015567477157,1.0668906941453087,150.0,56.46188843912447,0.09781212292465544,0.03737688085785575,201.8,gm1_infantile
1.8388326642876818,19.351737535938305,22.97021482151132,1.145884208016689e-09,0.009000966685201358,4.230973891901574,4.839760631448625,1.638900151673654,0.0,13.012442743607803,147.43973040473418,133.93767834460522,1.060872412023929,150.0,56.900170618009376,0.09895156051979295,0.037124385256691816,202.0,gm1_infantile
2.855945411856952,18.723658457022726,20.9480385005877,8.74066271099827e-10,0.008672848587968922,4.118325738308397,4.83678722367559,1.6472585157501207,0.0,12.997644896403889,145.5905334062534,133.3834024153648,1.0481993657364026,150.0,55.73734736074747,0.10032528019464194,0.03663154809335295,202.20000000000002,gm1_infantile
2.260987062896769,19.674439198624366,21.057426570649625,1.118368415205438e-09,0.008244464435603857,4.077115794493583,4.984635353728422,1.6669754244672854,0.0,13.046982304362139,146.19743811218277,132.94911762565673,1.0339554543317668,149.217696253838,55.424507036300184,0.09880872600928214,0.03586196020735971,202.4,gm1_infantile
2.423118311197532,21.433549890288973,21.774036762447256,9.280863119259197e-10,0.008398482898917236,4.097482106582587,4.972005053621402,1.6584447614015942,0.0,13.065696736945922,146.48970237744578,131.67313572874428,1.0225095987998867,150.0,55.73704279438489,0.09792670308780402,0.03494075911289789,202.60000000000002,gm1_infantile
2.594626708210516,22.525826844413356,19.764210240593776,1.4385578321737125e-09,0.008323636274899838,4.1064539879384006,5.115227843967905,1.7280371205130187,0.0,13.072446551916805,143.827871991301,128.16242193750807,1.0339519799169374,150.0,55.12278581094571,0.0971477147495711,0.03448436069044745,202.8,gm1_infantile
1.938934537117115,23.720648524794395,19.88609821811579,1.2839596078927819e-09,0.00879758045577784,3.9974588655868137,5.172087507319029,1.6641051311133765,0.0,13.076497974554526,145.494626851612,127.74298748320874,1.0281203965567738,149.61148535900176,54.32399077106888,0.09834246233410501,0.03467862819892329,203.0,gm1_infantile
2.988097992786608,23.31798972105794,19.668131736820975,1.6964291528421726e-09,0.008963492737361063,4.095116020665971,5.213067544084768,1.731796898046288,0.0,13.070332178311961,147.86711118155696,129.22658556448536,1.0235101609607467,147.70016245622173,54.172898093412286,0.0966584245157157,0.03601883144163846,203.20000000000002,gm1_infantile
2.3884751396022734,22.29137248340793,18.720370134463142,1.367200897048926e-09,0.008814092478903104,4.0779396749843535,5.344734877840755,1.6719228972481155,0.0,13.042498135907486,145.1094237226607,132.21307192404544,1.0411348859981822,147.52301233347683,54.44873566542034,0.09735606320111041,0.03610511394076808,203.4,gm1_infantile
2.4313450198028743,19.340259818619955,17.98118464984842,2.0956347994548276e-09,0.009149900136238466,4.053913831403531,5.175536210016109,1.6852388227634696,0.0,13.059735777572284,140.29558597364465,137.9518183878404,1.0563037249411118,147.31651816177094,53.923247089036515,0.09934187392566293,0.03648296149477071,203.60000000000002,gm1_infantile
2.5371633491733805,19.744359031709102,17.79751994166324,2.169497309914173e-09,0.00926083233954252,4.073958972126694,5.204480546181636,1.7513278003441106,0.0,13.036162595709222,140.3877801259488,136.61208030832395,1.0498670891250828,150.0,53.81457927667872,0.09517109697335666,0.03611503939171946,203.8,gm1_infantile
1.9322311475437053,19.716925465765208,18.167730520397914,2.2704326308256507e-09,0.009192770545252324,3.983004989211547,5.126973473910317,1.7092771927684813,0.0,13.056032238001611,141.19278478682682,138.13853783796023,1.0436516598648957,150.0,54.302000569362875,0.09522962514280145,0.03658192417347198,204.0,gm1_infantile
2.9350698543638223,17.42092555243989,17.591492203704913,2.477356931461402e-09,0.00917020501978832,3.9684447690018736,5.012939966341928,1.6244610461425109,0.0,13.049670572388951,140.41997704573035,136.90340382200503,1.0606735890508556,150.0,53.59935592606286,0.09756069133746216,0.03643920887200064,204.20000000000002,gm1_infantile
2.2571762232337185,17.23498240583338,16.858819452057546,1.9716228310153248e-09,0.009291759881839926,3.948011391213136,5.112568167975193,1.659511524216813,0.0,12.9898117279542,138.83823668357329,137.96029041949322,1.0419065215204737,150.0,52.60895249973886,0.09741016152817877,0.03775052761746732,204.4,gm1_infantile
2.4392634733887726,15.56013010747828,17.40159854175162,2.6572055718675688e-09,0.009851579181607397,3.9768961070288324,4.9406715123426,1.697933997936702,0.0,12.984086411504125,140.84299413818582,136.41947438782742,1.0464786523470644,145.24557374194853,51.94683943170274,0.09721120443803627,0.03741972178895318,204.60000000000002,gm1_infantile
2.468255715622825,15.193532962936796,17.494028372528177,2.546256727481882e-09,0.009823142960937096,4.024505545475962,4.917770331517157,1.7683179843833694,0.0,13.039891206693921,143.00185550422108,135.777777658658,1.0417216279067485,145.84533995911616,52.37285541771556,0.09943639945419405,0.0362907028464208,204.8,gm1_infantile
1.9008408714729912,13.628926115783656,17.17819598813262,3.040587932277468e-09,0.009474948938563736,3.9061858491287142,4.965424808116481,1.823969458244089,0.0,12.984181059895105,139.84023635386583,135.9658675404837,1.0246493798614058,146.30634513367926,52.51611580406408,0.09816505686043973,0.03777026909832493,205.0,gm1_infantile
2.9654603648996107,14.541082941974436,17.69454478067559,2.9020462968745675e-09,0.00939357318093556,3.880709815869171,5.086524322596931,1.7811923829238745,0.0,12.962251769261012,140.28725690922792,135.55807154541694,1.0179730203640394,150.0,52.21245117789133,0.09731176923566341,0.03718845592927962,205.20000000000002,gm1_infantile
2.3227845129055944,14.648567586360606,16.63147435173519,2.6707637510324727e-09,0.009482586101549695,3.9479794791935245,5.109409961022095,1.7822420257289906,0.0,12.947405289820844,138.6093832835259,132.76701295478864,1.0079935697980427,150.0,51.92199551874782,0.09637672650408073,0.03686119817660434,205.4,gm1_infantile
2.5152237720468094,13.985466855425182,16.674808202919753,2.5659141263610566e-09,0.009456699083474355,3.960511947140172,5.130253288090452,1.815359443097033,0.0,12.99771439223115,138.74121226153113,129.7847855028384,1.0162235190408264,150.0,51.95186096469147,0.09563638807937158,0.03513535737244752,205.60000000000002,gm1_infantile
2.488764008056638,15.38609954302415,16.06263564348094,2.855370825988803e-09,0.009083608835280836,3.8823243636851683,5.233840850901971,1.797250490062362,0.0,12.997025735895605,138.40373682697543,128.63089987166953,0.999572678756276,150.0,53.062837947258004,0.09325995029315211,0.03425635149096101,205.8,gm1_infantile
1.8728822069220925,15.726536836303273,15.803883504446475,2.9567472367548495e-09,0.009035005804472376,3.8697835618771252,5.595685903985783,1.7712528913577539,0.0,13.038850394830083,139.39287247244215,125.37750843102448,0.9996686839698543,149.13981038536105,53.07965510759834,0.09089274080764054,0.03481860628759229,206.0,gm1_infantile
2.9606601870635267,16.66432000135168,15.42359543076823,2.5176700686583413e-09,0.009067936224319135,3.988662498095467,5.587849794777846,1.7989752094469524,0.0,13.023886229097554,140.67526768919603,125.23502879739715,1.004787262630091,150.0,53.330123878597526,0.09186195705943585,0.03413821037545418,206.20000000000002,gm1_infantile
2.256522394791119,16.735901960944993,15.332610032804869,2.2589308057095257e-09,0.009078395670012828,4.049249727320889,5.736390438463581,1.8593891272644654,0.0,12.989768043333575,140.1703038194915,125.40616401417502,1.00111760205807,149.0638623960267,53.114145879493606,0.09268634486585975,0.0331164947843256,206.4,gm1_infantile
2.520670008944707,16.718183520120583,15.99645324577801,1.984719371078548e-09,0.009157153652487728,4.051716972204857,5.81550975632271,1.8228156092339303,0.0,12.946209808455281,142.00975291063878,125.64180776056973,0.987035076265369,150.0,54.4501256110098,0.08831224933569158,0.03322693574819366,206.60000000000002,gm1_infantile
2.6401007975500814,17.13904260255753,17.022725058829725,2.433306713238855e-09,0.009172696575172444,4.215328834110336,5.898960448754251,1.7845652538503534,0.0,12.98196155481405,140.54218475868214,124.98817792796167,0.9834525956883936,150.0,54.30577005092514,0.08558458179262741,0.03408082811343431,206.8,gm1_infantile
1.9833733029166254,19.13129061981824,17.139352005932277,2.8509244422847587e-09,0.009264019867225163,4.3105900764388245,5.890184533807019,1.7653394134104414,0.0,13.05403419598899,140.0755665768684,126.36507267099505,0.9828344987849357,150.0,54.33386526404298,0.08139584838746299,0.03390700443467951,207.0,gm1_infantile
3.047726668488133,18.197196745724913,17.787620636558408,2.83429037862651e-09,0.0091850655176683,4.375806974166753,5.88582552778981,1.7502672600473397,0.0,13.059670206994014,137.06191912076733,125.75899665044498,0.9586976152021469,150.0,54.98834756118647,0.08297875382774755,0.03425857329643656,207.20000000000002,gm1_infantile
2.449240896882829,16.80745925513422,17.587574890397754,2.290455964647383e-09,0.009072728581853554,4.498837829275227,5.936734909230149,1.7424662123084944,0.0,13.030393333425241,137.46168856906448,127.68178904199432,0.9634413672701474,147.01459626537152,55.060157706794215,0.07935157940918505,0.03485837428154248,207.4,gm1_infantile
2.5080907432950132,15.747606469215512,18.100840760765312,2.4226615271530523e-09,0.009081439344112863,4.673150212379117,5.8922894079132995,1.664926410086031,0.0,13.021767424312777,139.87153254312832,128.19409126343638,0.9676875514006901,144.38415379011673,55.09977890757159,0.07910667672043488,0.03404659477152528,207.60000000000002,gm1_infantile
2.5780643936323844,16.175269653229705,17.914136619417512,1.8921580003580794e-09,0.008987531364944427,4.628439420654441,5.754231973542968,1.622989161149114,0.0,13.008358827699658,140.04166298980402,129.88981472917374,0.9704661199731853,147.36749584238424,55.937971578548336,0.08165389008001836,0.03508276804614272,207.8,gm1_infantile
2.051680864463186,15.260191628975365,18.27319579016521,2.3041961412037733e-09,0.009234890909500994,4.559330310616212,5.709764483589863,1.5945775026916882,0.0,12.967775779994167,138.646967169958,126.79740419660938,0.9715240503555049,150.0,55.89541100855819,0.08168786218936797,0.03549411044474538,208.0,gm1_infantile
3.0494699735569095,15.541213764918382,18.39629850833916,1.9447895499027936e-09,0.009176242569911822,4.614604915643157,5.72002325960061,1.6307115086813224,0.0,12.977804765935442,140.0983756091234,125.82191290954256,0.9624955764920516,149.92091825029445,54.938318689477086,0.0822846111545226,0.03631348646331497,208.20000000000002,gm1_infantile
2.3358559163996406,16.081502263436814,17.68869292654694,1.5408716975794166e-09,0.009568711175051274,4.5268511278012005,5.384012248694674,1.6065226024548407,0.0,12.996889788335912,143.95341279148798,124.55159941799313,0.9542879821506132,150.0,55.62968292460234,0.08361842524163618,0.03581369492760613,208.4,gm1_infantile
2.5191530596586755,16.797503921125777,17.676870760915996,1.2715486362471715e-09,0.009550900290911062,4.656725689815257,5.135510299203476,1.5533589089722355,0.0,12.984663586865642,143.9502536856453,126.20157180486217,0.9595688846899879,150.0,55.828802090080664,0.08464021401714927,0.0344694323304647,208.60000000000002,gm1_infantile
2.6599460991336916,16.091081568299973,17.184895035914522,1.3218347274483136e-09,0.009494218538305796,4.691744720847428,5.07234530983685,1.5244800956534335,0.0,13.0049460995386,144.56215743667005,127.41333210907163,0.9497482597992295,150.0,55.01129006019186,0.08469919901945704,0.03422793519231004,208.8,gm1_infantile
2.002990684865564,15.775783926357331,16.455499746729814,1.7388617419673596e-09,0.009201557878456208,4.769256145344046,5.083003169836764,1.4975660266874493,0.0,13.000062604336053,142.4672626985595,125.59368877140436,0.9573854913490932,150.0,55.184754965420964,0.08380512629806902,0.034061228315350946,209.0,gm1_infantile
3.003277850176888,14.312329229859074,16.36913683075105,1.8620674702655176e-09,0.009176372511025198,4.916693267382329,4.861307324006972,1.4623433997006794,0.0,13.006858097341683,138.9129500335915,126.648622265819,0.9597219675904817,145.96753750679153,55.092260317760456,0.08214882515427027,0.033696169361561175,209.20000000000002,gm1_infantile
2.260277454373417,14.833049516877864,17.54570542838769,1.8853329556224933e-09,0.008704986299884228,4.935788357415597,4.757045308970279,1.4088628374122978,0.0,13.032177880764106,137.72050322404047,123.91908320828229,0.9331852103810098,144.86241019944018,54.97168620562843,0.0810552962855808,0.03316407676894785,209.4,gm1_infantile
2.4310700851067217,15.238595590715693,17.51509524245858,2.126022353304626e-09,0.00854117768447734,4.833978401942686,4.617418024949921,1.3847877188592115,0.0,13.015996028119494,139.82980501617226,125.29713570757399,0.9389472579246297,145.31680652826216,56.0454149636286,0.07900619220410963,0.032434950493269436,209.60000000000002,gm1_infantile
2.593824927697563,15.315330831490174,16.82001057908149,2.257283611599011e-09,0.008421546932945737,4.7561607391336445,4.466123769769987,1.4081336614882347,0.0,13.059922413816173,139.3307487373488,124.81787996190273,0.956462293013441,147.4472643311518,56.144841899793576,0.07615028827317634,0.03183064904161157,209.8,gm1_infantile
1.9115640626151011,15.428091087216238,16.288123490261803,2.8271386921026716e-09,0.008095034736048126,4.652578108276754,4.478828713320727,1.4408551191829138,0.0,13.009047930564773,138.88499815582648,127.14658136450798,0.9801507228668509,146.81489872432203,56.00642172360383,0.07459841220117519,0.032264150852048284,210.0,gm1_infantile
3.0147961715740337,16.441408392622368,16.132354716989678,2.4601412278900575e-09,0.008062114749823079,4.763228173528396,4.426285023249761,1.386184648526805,0.0,13.000641146677587,135.58072776379666,127.57442346779399,0.98592210035917,150.0,55.00475479560936,0.0756890447507361,0.032947869912382965,210.20000000000002,gm1_infantile
2.39277740479393,15.707123470314434,15.276837829877989,2.416724129002262e-09,0.008044123900509908,4.709915559631091,4.57196796803565,1.3908944897286852,0.0,12.993836869893087,136.5186374586771,128.19140325230774,0.9893254402144863,150.0,54.182870229721765,0.07483484030453093,0.03408371036814498,210.4,gm1_infantile
2.3999062265717,15.686345894234345,16.042898703053954,2.8121222295553985e-09,0.008129549219182425,4.762159919763008,4.428363952324654,1.4674669270804392,0.0,12.960451938931262,137.28855098893763,127.3750910053478,0.9910661399862555,150.0,55.48885591050516,0.07542552637764492,0.0335922077697682,210.60000000000002,gm1_infantile
2.5448401316591243,15.03063197947725,16.590571346822852,2.752666758552534e-09,0.00816813648814593,4.606976329992044,4.158828265297165,1.409580946373572,0.0,12.926928996639113,138.69852252684134,126.31368400113689,0.9868216947519352,150.0,56.71873974543471,0.07627813384171986,0.03385996686852464,210.8,gm1_infantile
2.009622052701139,14.609880785456756,17.248594739332674,3.012135815531003e-09,0.008297574812650905,4.588526042394372,4.144935334934612,1.4007644153745118,0.0,12.900158600516608,139.43156898283226,125.96079959083774,0.9916407511706876,150.0,55.90569329174597,0.07430059237088932,0.033664356938408475,211.0,gm1_infantile
2.988314538132014,13.923666405818839,18.42214133906734,2.4280610301847283e-09,0.008646158397515995,4.60664915129229,4.291696555628398,1.4591504662272885,0.0,12.947894000160348,137.4671511217184,125.73116411975882,0.9794358284476251,146.79798669324887,55.40290795911303,0.07734034572151313,0.033511513370870556,211.20000000000002,gm1_infantile
2.4729045849165465,15.782673311259959,20.81806211076473,3.127432790198393e-09,0.009077339127456488,4.627872655252231,4.33125956544091,1.4780402969579054,0.0,12.951936500233604,138.91517217534764,124.9827791182446,0.9606366429673113,147.70457022995646,54.88335831209411,0.07618587437607555,0.033382896534591436,211.4,gm1_infantile
2.54323655500584,16.805805956653174,20.396826762994266,3.4830793835288146e-09,0.009080673033540416,4.614897326155408,4.347666990949589,1.4229874806128864,0.0,12.976262151257544,140.8219739098668,122.77278591076907,0.9404925584447026,146.828666209927,55.907553530141016,0.07642537589616533,0.03278860979330408,211.60000000000002,gm1_infantile
2.5358737715511803,16.23507229981522,19.493839931243006,3.741318034187606e-09,0.009250004824725839,4.523432392168703,4.435459765484442,1.4583414743208707,0.0,12.973538346314514,141.50740396101043,123.08425254517772,0.9185232349829073,147.2758233895661,56.377794672991456,0.07903404346867104,0.0322815594872705,211.8,gm1_infantile
1.8972116493308657,16.103247830731615,19.534705263472468,3.67941764324152e-09,0.009336529730292234,4.427862297168434,4.485547674004773,1.4404668131750142,0.0,13.022890047541283,138.9149445610901,122.66513974415534,0.9025254654616697,147.76478563564356,57.16526470740713,0.07919068518602604,0.03217784613842584,212.0,gm1_infantile
2.9946318221149384,16.314643923158062,20.04471671804316,3.848474043231994e-09,0.008715683213678696,4.416504166119628,4.3653283558524425,1.4306055410316036,0.0,13.011687243382685,142.5348177235581,120.41291119739874,0.889253294966422,149.46754911272035,56.88984785902595,0.07959296689687875,0.03207781178481365,212.20000000000002,gm1_infantile
2.3326929157126797,16.192240896852546,19.976430443560673,3.986310404784243e-09,0.008998953127694866,4.395229621439196,4.339284183527453,1.4343124094143402,0.0,13.031494996908664,138.9825811854254,117.36287266034033,0.8792502231706978,150.0,56.85124363665187,0.08036742219589149,0.03193203232481363,212.4,gm1_infantile
2.531232097274922,16.88760289324595,19.815199958278505,4.316225350819269e-09,0.008635027038647308,4.383295387450329,4.380438661212984,1.482154742571408,0.0,13.023615920255658,139.77886641193106,118.17237789089658,0.8932778352396251,150.0,56.79194945251673,0.08144182726652577,0.03176898788388991,212.60000000000002,gm1_infantile
2.616358704493857,17.651264591601922,19.56612802062422,4.3409893737200035e-09,0.008785937535844566,4.434245565484048,4.550464431958436,1.5926408914126415,0.0,13.009896198245338,140.78630362735765,118.97175386239316,0.90050999075262,150.0,55.510583073778655,0.08409381264995788,0.03309069420012271,212.8,gm1_infantile
2.0225459927451443,18.240914808972324,19.17290594303058,4.2362321094853274e-09,0.008886786696214436,4.4794143589139725,4.639277759097388,1.6064189877311275,0.0,13.03250800853312,138.9049455956252,120.35937518885878,0.9230056799846984,150.0,56.63111907300325,0.08222960240624971,0.03304752636136945,213.0,gm1_infantile
3.00387403328796,19.519397677675226,20.47453286087617,4.095684453953664e-09,0.009084771713908224,4.60820281590507,4.621982015014616,1.5930286316787903,0.0,13.007685022788909,139.15815437763453,123.9175696411746,0.9164200362088076,150.0,57.018467339494336,0.08177664327662001,0.033190776725541035,213.20000000000002,gm1_infantile
2.4692745310290056,20.14892107792411,20.96854849984418,4.6057296587687554e-09,0.008987560391540342,4.517095549095179,4.815788305531699,1.5694181467105106,0.0,12.98523808979305,139.932267698331,122.14675217633913,0.9167227664132251,148.87401385924073,56.337417217514314,0.08107360725518455,0.03151154058399005,213.4,gm1_infantile
2.4977578792572603,20.925717562136118,21.1306534852239,4.1255144240854595e-09,0.009060142783689681,4.441280062778555,4.8671552196873,1.5465979880633318,0.0,12.982302079136733,144.86367870554918,120.95343477297966,0.9191054765808014,150.0,55.60383408279315,0.0780855748068047,0.03107168140171226,213.60000000000002,gm1_infantile
2.6253829935447377,20.4392793156513,20.760555883088962,4.360810783695075e-09,0.008859752113035612,4.428958453932896,4.6336695421156575,1.5527531416805949,0.0,13.005124387652112,142.67842391720578,120.68927393675702,0.90311746647094,149.6777123395903,56.712393523640316,0.07738525214222246,0.030118575713551265,213.8,gm1_infantile
1.9563478005424413,18.68343942058183,19.439331155753568,4.4998343539499304e-09,0.008540207991631854,4.448545475983079,4.624413364520326,1.524021306387976,0.0,12.977592840365809,144.3295192386358,119.611290681858,0.8981978312184489,148.84024120359427,57.227062737139505,0.0781916650841194,0.02838681162155796,214.0,gm1_infantile
2.9935223372697344,16.86741621995544,18.990649965029817,4.351110963071386e-09,0.00843694603806694,4.483381787607838,4.705588582839132,1.4942618286392104,0.0,12.976257093947149,141.3969096359475,118.89847544791992,0.9143526972380903,146.04087041998253,56.95205704834104,0.07701849152010663,0.029671659052627215,214.20000000000002,gm1_infantile
2.3055955387783817,16.55915446580267,17.951518962101762,4.246954232460077e-09,0.008452211614975572,4.407591804894722,4.812012803237511,1.5120017076769432,0.0,12.966447508604242,141.89667892232669,118.61097467981389,0.9320442155006541,146.46123688783564,56.94539825811202,0.076091213820341,0.02931324641281585,214.4,gm1_infantile
2.4489041156601323,17.290521440582225,17.25127959593604,4.1868147232385096e-09,0.008451168952343095,4.430753290763903,4.57796572818663,1.4861060045180228,0.0,12.967109244988212,140.22746576662138,117.87657715091443,0.9168217410379218,145.861234778178,56.07972605210709,0.0772517163402058,0.029611394379498352,214.60000000000002,gm1_infantile
2.5537292186823475,17.003043204337057,15.631015922300135,3.9215283627808046e-09,0.008272581162647948,4.445164929838558,4.660591377563806,1.5161852607536748,0.0,12.9503494921868,139.1274268910401,119.58387618624387,0.9185332348791279,145.57202505592684,57.476467397418254,0.07811351157832588,0.029467527475282602,214.8,gm1_infantile
1.9026488131616084,18.272816911094196,15.699896475838575,3.830385782607362e-09,0.008363466580159937,4.51044333590549,4.731410991324104,1.5659784381419015,0.0,12.966136522797372,137.81543025518755,122.5738918354653,0.9030978197360661,146.3723008114576,56.43940402940545,0.0777970511045938,0.029075403698591906,215.0,gm1_infantile
2.947355427020398,18.453495264248197,14.994644306941215,3.7214894370526088e-09,0.008592617954550187,4.400480780358784,4.61039676693662,1.5993475391346255,0.0,12.970227984814114,139.7709527509451,121.31779176443816,0.8965078553787752,145.30641804458864,56.16510212958584,0.08001798303847053,0.027972950615392154,215.20000000000002,gm1_infantile
2.228652658844011,17.198208248848232,15.942104048228327,3.411632900418831e-09,0.008493562589767729,4.270108034412026,4.592426854319295,1.6367579173712383,0.0,12.966808225133875,136.9115837267727,120.83109390763774,0.8980912496429765,143.58189129842066,56.65063178734947,0.0814688478906851,0.02762823033025505,215.4,gm1_infantile
2.4146232928722724,17.041783613873864,16.699489411536348,4.1255456356987064e-09,0.008252293830212648,4.3243759037910445,4.783531563629434,1.5942452505607312,0.0,12.949525810838352,136.72393183276716,120.3018945656578,0.8956260215259876,145.41017322669603,55.21594343039627,0.07956192655455198,0.028029407037244495,215.60000000000002,gm1_infantile
2.5494744024888965,16.091029000857894,17.014038210049616,4.524098877331473e-09,0.008208179875835218,4.242083910933303,4.895960317633687,1.6721719206947459,0.0,12.950371080224686,138.7950753655136,120.53667812277924,0.874763401690178,146.4733704915459,54.48934925573365,0.0771847228275675,0.026950850030617274,215.8,gm1_infantile
2.0070513227232474,15.435512568840924,17.12831067546157,4.625270032342435e-09,0.008203049231191585,4.259785243634679,4.942310543538431,1.6697662744496846,0.0,12.925508022855345,138.64805175466157,120.38068585339963,0.8799048747854712,148.84438764290633,54.73804945073335,0.07565453706688638,0.025652934775043962,216.0,gm1_infantile
2.9866783159775583,14.322069556413282,16.417456247240676,4.600122748805393e-09,0.00818368032189692,4.3989009741470335,4.995590492366835,1.747627979785197,0.0,12.956634726916084,138.03097334326057,118.70603229724406,0.8746616925095176,148.99871528812616,54.274367446639666,0.07383998154135785,0.02587900691718022,216.20000000000002,gm1_infantile
2.2697923597409204,13.385848827696694,15.449067691472804,4.4048210998042945e-09,0.007969577745161507,4.375952768465612,5.04569982791792,1.7377181707989606,0.0,12.918620590732402,137.02055736976274,119.80723233942507,0.8851074809160175,149.88304510036525,55.153842620470215,0.07661446383269489,0.025586469178717257,216.4,gm1_infantile
2.4861175576210828,13.275136920537822,16.012092248407203,4.557023314985117e-09,0.007591172837660122,4.295966407194276,4.853328167741728,1.626318312654857,0.0,12.978228579383453,136.6032765967968,121.23773581834739,0.9028183424867683,150.0,55.12909174442698,0.07605177278652799,0.025881430895706575,216.60000000000002,gm1_infantile
2.622862770949964,13.732770936835363,16.143345322024743,4.427371062663357e-09,0.007293331932226178,4.360579278495818,4.686536187001288,1.6531209183356146,0.0,12.944883198199756,135.55117910526428,124.78369956070682,0.9017247137333572,147.7366477882105,55.71872690573275,0.07460607518296261,0.02477849433640855,216.8,gm1_infantile
2.0247033338132803,13.21186176736546,16.206036177144203,4.037075633292677e-09,0.007378580828889113,4.369929151553449,4.378913142636097,1.658134718731804,0.0,12.98566468929659,136.3334091389146,126.09333038741204,0.8929873509113185,146.3627210070485,55.6912541631636,0.07386603868765056,0.02551628975677365,217.0,gm1_infantile
3.027372485193795,12.405041089789803,15.432038884439384,4.294969307846083e-09,0.007319677706796186,4.347682520578567,4.542717125305527,1.6038609103941883,0.0,12.960631582720723,136.83533087633126,125.70596098391766,0.8743507404004713,148.56238925202197,55.80538666107774,0.07437250246699838,0.025741538820897865,217.20000000000002,gm1_infantile
2.280473329979143,12.869774231765287,15.890346273430692,4.6156372921108865e-09,0.007407572397152441,4.382763560299199,4.3616276534242555,1.605073324087571,0.0,12.997551554459843,138.98260450538424,124.14808680549038,0.8738073658722271,149.23815136416317,56.475247706035184,0.07149788319626534,0.02448548567832015,217.4,gm1_infantile
2.4194753920474326,11.335563883062262,15.819707249170554,4.719758737232351e-09,0.007583662003949077,4.329227254494911,4.419604426228153,1.630929970326664,0.0,13.023889462178566,139.54265876241124,123.18260947740511,0.8754346601156735,149.13567325577992,57.05803116331662,0.07079056478463196,0.02459598830514688,217.60000000000002,gm1_infantile
2.489770617627431,10.95270924454904,15.723171145277986,4.295272048441741e-09,0.007688405714155835,4.370415030214767,4.3689149894108645,1.6366413152327195,0.0,12.976958945215943,138.4743069477013,123.14075582808404,0.8815857126207753,149.61180440048545,57.743343123255904,0.06912339794107922,0.024375692771220474,217.8,gm1_infantile
1.986155276651847,10.076242533336764,15.184032610563328,3.822168693759016e-09,0.0076222109267714295,4.3316216453571705,4.480351803458187,1.639848886493465,0.0,12.959611274594533,138.5237295753385,124.40973010650154,0.9107633912272987,150.0,56.94772398563091,0.06885159876048615,0.02446094183198592,218.0,gm1_infantile
2.9820819034240555,10.457596659121789,13.491114247801873,3.926612882762098e-09,0.007509054596569517,4.318214401469346,4.694988276561758,1.5811285281880871,0.0,12.982346818278605,138.89009799918747,121.78282512883361,0.9272019033772737,149.74758109866545,56.532780801013814,0.06824872194128967,0.024239028065442397,218.20000000000002,gm1_infantile
2.2543833159084783,10.860152509039917,12.968348991680122,4.073581893991379e-09,0.007564552286635614,4.440723960688982,4.689245918908356,1.5618724817856937,0.0,13.045882317116781,140.17729353143864,120.70150419627029,0.9482036505597107,150.0,55.50553973192532,0.06698296639532939,0.02415368624365654,218.4,gm1_infantile
2.344410232064154,10.950506128492345,13.246458372521245,3.5089134446752985e-09,0.007582125950888892,4.529464403434194,4.749148494091216,1.5692465352258163,0.0,13.069848185433385,138.0240381720716,121.14277016065004,0.9479932974619549,150.0,55.06584163499121,0.06611913369102498,0.02347872611551614,218.60000000000002,gm1_infantile
2.489135398546412,10.86704106159664,12.597782397821284,3.15184358387477e-09,0.007641510449098799,4.435836379578139,4.613128644120359,1.6085714417910078,0.0,13.097506890265485,137.41167365976034,121.18729475156476,0.9493745337119767,150.0,56.03341606543706,0.06772569768436094,0.023138110895402436,218.8,gm1_infantile
1.838123143420666,11.512832052003212,13.26759140157831,3.507482102167842e-09,0.007611264109091627,4.4889675495735,4.725648269771919,1.616377109728868,0.0,13.100088350641714,136.0204290813387,120.12322048961003,0.9399436184308174,146.98839518287633,56.13133376337254,0.06754039465873175,0.02352334580341816,219.0,gm1_infantile
2.94509559869898,12.401416809596263,14.00093801634967,3.1536831777015053e-09,0.007339108512836882,4.55924204883794,4.902788459322661,1.6787372848998467,0.0,13.041435342215465,136.7489446369964,121.07060983834866,0.9553399711927201,150.0,56.810548306261026,0.06653570372225301,0.022975452485319497,219.20000000000002,gm1_infantile
2.339963323163807,12.12575469482955,14.818653193436115,2.514911425848009e-09,0.007401537281623222,4.580204908208821,4.844106795828048,1.6089034024907716,0.0,13.025653840976462,135.8660805449833,122.93644164999291,0.9446804157150779,150.0,55.82136298715855,0.06713174336638326,0.021841951055205686,219.4,gm1_infantile
2.5749275848584317,12.162753408496428,12.914070929544362,2.1918637964223817e-09,0.0072265745412625785,4.521641733558341,4.76607168503192,1.5641832030989495,0.0,12.99165639625546,137.43263259169956,124.9754042185305,0.9408288620431944,150.0,54.97546663018038,0.06711501021651599,0.02194320407603362,219.60000000000002,gm1_infantile
2.628633946793532,12.593495489858984,12.985161605423238,1.770978561227879e-09,0.0073912190159081,4.4997958329254635,4.97703043325805,1.5857474975946078,0.0,13.025550782016708,137.9060756563146,123.80564827871477,0.9314563662820804,150.0,55.075864888736355,0.06611281550335091,0.022344032923736924,219.8,gm1_infantile
2.0007067656177995,13.339959575538316,12.33075220882244,2.0905481276775628e-09,0.007443071029039277,4.592165214626975,5.080951955286188,1.5825230120518214,0.0,13.077293825175303,137.42147672396322,125.09478236033323,0.9262192353476307,146.4719654097329,54.17072766241448,0.06659447931613378,0.02268518426664914,220.0,gm1_infantile
3.034461326122895,14.19795591516394,12.486305198588196,1.7561611188907193e-09,0.007511006191552473,4.600921705538482,4.954759851553128,1.5983108668276396,0.0,13.059320297155645,137.14788257315996,127.52621453420929,0.9430099407610034,147.03221163125664,54.21035868036224,0.06437267564107332,0.02356192767271438,220.20000000000002,gm1_infantile
2.443618619671266,14.978367209952909,11.234369845619671,1.696760629599265e-09,0.007457763363202922,4.652217396031951,4.858814303825118,1.5791769268405045,0.0,13.036456329670795,136.15075829560698,127.88787422632389,0.9594589536347737,148.8229320442309,54.995995036407585,0.06434715092487993,0.02434978673333973,220.4,gm1_infantile
2.4481910786398866,16.738398521943363,12.378679843153451,1.7938938988780094e-09,0.007566147979194835,4.643701533089303,4.8044590044657465,1.5481627865134089,0.0,13.052378766686227,136.97904458102298,131.37146369910556,0.9599716855565629,146.05809262023945,56.21726892055504,0.06249749717023531,0.024033190269074314,220.60000000000002,gm1_infantile
2.5598685321505097,17.110905378592975,11.62234279743439,1.4725484559513035e-09,0.007287614461432537,4.690311373359108,4.934807099884064,1.4977477667030692,0.0,13.079279072148259,135.82893693354566,127.9444609163739,0.9454985218383694,145.08856117471038,57.38172306351963,0.062220143351227976,0.023484793126285673,220.8,gm1_infantile
1.9546592507775036,15.964775684713537,11.943123510452162,1.0892515402962237e-09,0.0071222401207485285,4.716547395151766,5.130369044254083,1.598723406874892,0.0,13.061547984577315,136.83211881537562,129.995900773577,0.9177209744370117,145.45581644513823,56.99279286143166,0.059488206011088895,0.022779823389307622,221.0,gm1_infantile
2.956427444398092,15.931928086738555,12.506619314037156,1.141252487429245e-09,0.007244472614068317,4.713417367874243,4.966419230723845,1.5737714115368258,0.0,13.091446451284453,136.6172770556859,128.40986123533688,0.9212873053038707,146.5867905528256,57.92961994966224,0.0584851154387186,0.022429422806214003,221.20000000000002,gm1_infantile
2.363609748945692,15.71118133957931,12.252295208361078,1.597550082192266e-09,0.006994996873552271,4.884618824798877,4.8340004332287965,1.598394250033502,0.0,13.099097990784617,136.1936966628778,129.92230970292616,0.9164092257036145,145.65383656583285,59.33873708135256,0.0584192453883374,0.022080876785747605,221.4,gm1_infantile
2.403240010687039,17.372147381023765,11.950853119026254,2.4311301123438567e-09,0.007027932314322263,4.8915379583903,4.799970497955675,1.664938811281252,0.0,13.10508293019421,135.76893850863183,129.57589301982622,0.9175504470810784,145.3287742036335,59.46557848447158,0.05828335652626049,0.021429600811057742,221.60000000000002,gm1_infantile
2.5313769289328114,18.01510338153435,11.711108267774831,3.112673718059197e-09,0.007211081875265395,4.960385703117872,4.856493239943305,1.6187210943272226,0.0,13.1508980676821,137.30946265827706,128.61363664188747,0.916353591412116,146.64759136799861,60.114062918317224,0.05807780712102161,0.02114822106627859,221.8,gm1_infantile
2.0157954696538147,16.97534726085764,11.297793697938951,2.586598351565187e-09,0.007029897236110596,5.066676886076664,4.960623313600204,1.5744952720609524,0.0,13.150293275320996,135.18556568335458,132.52575564287721,0.9326588468424596,147.53580629363748,59.401444428427176,0.05768292268038017,0.02081240391043356,222.0,gm1_infantile
3.0319374395313403,17.154468363804536,11.183930538662597,2.0382256653948467e-09,0.007343154457484315,5.082493510890288,4.932583181908238,1.519634764549996,0.0,13.147548173926298,134.66369853243634,133.81133721774975,0.9431380212937344,149.24255992695066,60.17088505327231,0.05995296846503927,0.020983784425997024,222.20000000000002,gm1_infantile
2.446006320261263,17.710720020112433,10.338988621018661,1.9084928311995602e-09,0.007170851852985916,5.0978062864231335,4.741690786181463,1.520653282446542,0.0,13.182683496163898,137.68622693162106,130.8510649865192,0.9270860922962468,150.0,60.9648365027983,0.06014733350164473,0.020988291719582386,222.4,gm1_infantile
2.5401849946714212,15.9236105504723,10.092599771060538,1.7943525200521099e-09,0.007026509800682975,5.038924852536682,5.015616145026292,1.4874648696500798,0.0,13.189538157795072,138.83227769285588,130.03803416978747,0.9418106369028185,150.0,59.89135438507715,0.059894548043135855,0.020896850714478946,222.60000000000002,gm1_infantile
2.6024779903861344,16.39669171547605,10.452448148383754,1.914488264239415e-09,0.007050098472924838,5.04092465274844,4.646934788681034,1.5095766784254916,0.0,13.160230096972928,139.40405845510563,131.19757437848506,0.9557629712656076,150.0,60.124930552725694,0.0610676258777928,0.020743171132231585,222.8,gm1_infantile
2.0026411037546485,15.889613063196267,11.053833837386426,1.350640869138114e-09,0.007150065812426027,5.03680263005361,4.723601162976567,1.46219965640529,0.0,13.161718284641367,140.26375093399466,129.38793139076492,0.9629060327147775,146.5034660140632,59.562302273044736,0.058860056559751295,0.02112014832533378,223.0,gm1_infantile
3.0355383158847062,16.20948896646424,11.844765789682008,1.1659194284699229e-09,0.007217803040910803,5.037026815413772,4.656331781914745,1.5090625546665477,0.0,13.148729993323892,141.88377008947373,129.96890314163397,0.9661026390534939,147.1801378503801,59.27270482392514,0.05422528159914149,0.021846438915871933,223.20000000000002,gm1_infantile
2.3265137187605434,16.129670501600906,11.750488359808166,8.39240561710643e-10,0.00722600508928949,5.027273943493793,4.516193158645403,1.4955850341208257,0.0,13.175742248890877,139.39089438422542,128.5964978898097,0.9744393392737954,146.10891130082985,58.53581373989997,0.05341956786667995,0.021785523810772863,223.4,gm1_infantile
2.4474584517566558,15.935566245418858,11.24525796004306,1.0720492298022254e-09,0.007412760406498258,4.852658361163007,4.298635113224977,1.5212855439028212,0.0,13.112865559246805,140.97009563870816,131.481179951005,0.9620759477053575,149.43039124941546,58.376385653192344,0.05370388923602638,0.021426409452634933,223.60000000000002,gm1_infantile
2.5997868755050852,16.681229121044357,12.179920845222238,1.6285793597104204e-09,0.007379739682449297,5.124502423294246,4.4708161085799185,1.536574334324939,0.0,13.067784777241707,138.30302142680256,129.8651165606455,0.9790673170974179,150.0,57.87882986802947,0.05344820295557088,0.02129238522789181,223.8,gm1_infantile
2.023435678143413,15.93882998297456,12.394657256061716,1.665125295768966e-09,0.007209628424863847,5.266300459130192,4.39525162280324,1.4619361098947166,0.0,13.069083234669096,139.11328932708884,127.84206063461897,0.9885465048294778,150.0,56.889396010721086,0.053780890636311286,0.020910971676978096,224.0,gm1_infantile
3.158690481188506,16.967350316445536,12.550314995318313,1.2094974605698026e-09,0.0070217757536595385,5.3310565154267735,4.190193680769134,1.3848582190409415,0.0,13.072688645036898,139.87141504635952,127.12009107994456,0.9994208797888973,148.44800990873247,57.35662929712489,0.05394528428104281,0.021183049034627796,224.20000000000002,gm1_infantile
2.551456794317991,16.68940986079018,12.202915318884378,6.773338857476966e-10,0.006682082149466072,5.308176237254366,4.1493069224227215,1.3350400583560853,0.0,13.117003081183482,141.56857384950382,125.01810763344274,0.991993637896248,149.43915132088927,56.861631214107874,0.05288380788869879,0.021012193583108428,224.4,gm1_infantile
2.6863924317348267,17.79677344523103,11.830415017665691,7.770965692245178e-10,0.006652725358943811,5.207201682248532,4.09650789943162,1.2965209618661362,0.0,13.1623217817408,140.82788757894102,123.97085611534682,1.0046751955818969,150.0,56.004896676814475,0.052615358451252724,0.020972923690245098,224.60000000000002,gm1_infantile
2.6800195216896476,18.175420926080328,11.526269063953801,5.21753980215182e-10,0.006609392676618514,5.064376679316096,3.875345325618507,1.3529379438827775,0.0,13.225008593911493,144.6427810578645,123.17063347019234,1.035235147210783,150.0,55.5126963343875,0.049572293137330255,0.021286529519380946,224.8,gm1_infantile
2.039343191355692,18.59273119560169,11.487810129034594,1.210100043197054e-10,0.006518493582482622,5.123000417746906,3.8801237553660015,1.359533136787868,0.0,13.227408288525302,142.5254870926128,124.73916259510582,1.023538839635761,149.5786341949603,57.14039822866593,0.049147218893653165,0.02106585618737478,225.0,gm1_infantile
3.072304402610359,16.74408641002801,12.238490416403765,4.732312984221403e-10,0.006567681223417588,4.816993298414067,3.8885507238584105,1.32789621850799,0.0,13.258279311517413,143.30243379771423,122.7793436842972,1.042744193614435,149.22794209184747,58.527145834791824,0.04935394668282317,0.021294029962383464,225.20000000000002,gm1_infantile
2.369777004883229,18.176367993691677,12.598495084016998,1.0485014565670629e-09,0.006565893651209668,4.807465597274545,4.012178180283657,1.420966003455546,0.0,13.262079473693309,139.80611716709018,124.16379471389625,1.0213963071692147,149.4745152450392,58.41659581351411,0.04772804365751051,0.021460061407645354,225.4,gm1_infantile
2.60228422844803,17.805584490491363,13.083077808164683,2.1463793344502796e-09,0.006665857052372339,4.746858139280323,4.083947943793535,1.4568171849448739,0.0,13.297832500032637,134.7513873686884,122.7845258768079,1.019159592720288,147.62748464427594,55.569384516829025,0.04687754518708178,0.02144607580452766,225.60000000000002,gm1_infantile
2.6316333123103344,16.870943007855914,13.129119580632198,2.196533239903131e-09,0.006568047262070874,4.859381779428639,4.132392931517089,1.4348469680314884,0.0,13.29120217991177,136.84421933425747,121.4774049568576,1.026122670365478,147.9994303657574,57.067654132601064,0.047208336003605335,0.021101774335314606,225.8,gm1_infantile
2.0443941328631285,17.611465064040555,12.895983047432146,1.7430618893498012e-09,0.006619330237054724,4.859383758522822,3.9924771806387667,1.4534734880586415,0.0,13.24593571369538,136.25558271677636,123.63180922602709,1.0415430262683267,150.0,57.260392330089324,0.04776026838367578,0.02113650137463778,226.0,gm1_infantile
2.9993697798959564,16.660870059806314,12.573460117013848,2.242232860812964e-09,0.0067524804173636375,4.760898119226202,4.040328780664458,1.4426632889065518,0.0,13.22977024357902,138.90821798631433,123.6406098244548,1.043128358871733,150.0,56.46172699503144,0.047794091385439386,0.021632717470250966,226.20000000000002,gm1_infantile
2.4462211845008293,15.775311897440933,11.75862715302954,2.1876931336493757e-09,0.006893335580631691,4.786212725401026,4.1624459781347385,1.4064801922214507,0.0,13.164665232758754,138.69078944120284,120.14282990658474,1.0605716448178546,150.0,56.55708285096222,0.04612311090048992,0.021803077363089538,226.4,gm1_infantile
2.6472629592778736,16.205760969825157,12.412366314478996,1.9445662497365253e-09,0.006731058923104036,4.774706093751115,3.987081672828454,1.5193035620013624,0.0,13.189909024484091,137.88345891296103,117.73014282214022,1.0795538451189244,147.92728952401507,56.81071387192632,0.046504872159346816,0.021827056405169045,226.60000000000002,gm1_infantile
2.6501563495520393,16.127713303045546,11.900353365888103,2.1807718580277075e-09,0.006789025776823874,4.7674407093161175,3.9798136607481718,1.603911937493151,0.0,13.144134826073188,137.7838960969106,117.37811053682282,1.093961387650898,149.3982192503999,56.82051592196804,0.04694911034069173,0.02205127081471441,226.8,gm1_infantile
2.142365516755472,16.40164105860701,11.561558463342129,2.1765823000579976e-09,0.006374276876004208,4.759221451863067,4.154893480756126,1.607732779320391,0.0,13.162934838268885,139.8908949788588,119.69974468354299,1.0988596949555771,148.94152368900814,55.07148027821749,0.047907486672937975,0.022294239958638752,227.0,gm1_infantile
3.1310213541764633,15.74685437726848,12.106589845364496,2.0101825938966435e-09,0.0063422818200562425,4.748999216377468,4.244055316955036,1.5373126671103525,0.0,13.141437710023071,138.6535234799066,121.17977749168426,1.082575956575145,150.0,55.14081918596202,0.046090802869692964,0.02297139010440736,227.20000000000002,gm1_infantile
2.4676435917829562,16.247658774738465,12.666836961491608,2.5429474437414165e-09,0.0063439003998416186,4.796250611117135,4.313966603232211,1.5179451386433949,0.0,13.147459061755319,141.29130324549564,122.17813214009664,1.0655783190730892,150.0,54.90645180771545,0.043905641114867874,0.023485987315520998,227.4,gm1_infantile
2.50811883504726,17.88886492906593,13.330984487503198,2.3827409294646088e-09,0.006382435508580513,5.003161062881001,4.443477752228927,1.5219393489152002,0.0,13.150620416887579,142.4366271890243,120.69691371461876,1.0403670746976512,149.5943095296846,54.92980529412699,0.044155562707407864,0.022737463637618055,227.60000000000002,gm1_infantile
2.6278038056472797,17.08077746352438,13.714911721699604,2.6624494549229777e-09,0.006299114466332615,4.911842238868741,4.60329384244208,1.5336755558697608,0.0,13.193575537662607,142.62926239960697,119.74376173566775,1.0249411699737614,149.5525098103043,55.49642322874352,0.04547411254266214,0.022735525332974814,227.8,gm1_infantile
2.0700455807539098,16.90861277914985,13.228673742177675,2.1546587615401536e-09,0.006201441688070812,4.7959510632939875,4.820010394317432,1.5305250549379008,0.0,13.244178523256908,140.19169552741954,119.57347822588493,1.0514300327591166,149.4383294075627,57.34074654315128,0.04620169102874174,0.02339510497259719,228.0,gm1_infantile
3.1314619756402284,16.823526853486428,12.93871651780416,2.0376080764562777e-09,0.006039739289942395,4.784727195855694,4.771667617825841,1.5911433260187944,0.0,13.314033994175556,136.23133422439065,117.68724215499407,1.044977678188409,150.0,57.241562203841795,0.044629868799060994,0.02325234965945186,228.20000000000002,gm1_infantile
2.363446646622053,15.74422903743482,14.14967088689252,1.8403457720844157e-09,0.0060375004496290895,4.771222829705843,4.699747529221454,1.5322141223888226,0.0,13.32377807996743,138.90771290473208,119.24765259441465,1.0266225684499237,150.0,57.593313865283,0.04393344388873167,0.023332245596110548,228.4,gm1_infantile
2.511006139506087,15.797884735261265,14.396050365954283,1.4830348314357446e-09,0.006286872930970081,4.603858653884287,4.738386991026447,1.536028516725303,0.0,13.30239062097842,141.15163575624612,119.12609546742557,1.009132586267702,147.9851554211991,57.673783274343386,0.04231728445022285,0.024275459850008785,228.60000000000002,gm1_infantile
2.652256286124157,17.465561147307834,15.479853119880248,1.2873313918932865e-09,0.006139132287244583,4.383259864445295,4.666481854173458,1.6104891912494892,0.0,13.29584867225115,140.14401629580362,119.77831300122743,1.0256526463749205,145.1431945454258,56.6240339621089,0.043676238766156145,0.024660967027424173,228.8,gm1_infantile
2.001035667675983,19.159819083744075,14.503012507991162,1.5861328552279418e-09,0.006103680738364278,4.42599732815027,4.385785136939194,1.5966494061415792,0.0,13.293666814887345,142.5669500575877,121.80759170999775,1.0115901736186472,146.95359611794944,55.86293564528506,0.0436542362022156,0.025009120280686758,229.0,gm1_infantile
2.979295102411206,19.816216362921697,14.189187696214676,1.317438926300505e-09,0.006174947548094235,4.3551500026285,4.3197701494454686,1.6415513861358457,0.0,13.250213488714907,144.24586147711068,121.18962720692923,0.9918194553706907,142.2812078298352,56.535264538048075,0.04274803417758159,0.02430647154212855,229.20000000000002,gm1_infantile
2.3734737433876694,20.699168957758125,13.734238820264085,1.6074230488909973e-09,0.006438954042091778,4.456303991704041,4.512955702012472,1.6516527084940504,0.0,13.248259649266299,145.12736789644046,119.20848702611538,0.9809082263280491,139.79354368645906,56.70232569965831,0.042754957920051656,0.023938425148853967,229.4,gm1_infantile
2.532131721680346,19.425226585833492,13.38808717158362,1.8364398363086588e-09,0.0065467075542064304,4.3881944355002265,4.564358986664595,1.604329215707878,0.0,13.25222328894559,146.24498067433655,119.76862772948782,0.983762192706731,138.00968341182104,56.98616356495506,0.04321349474090762,0.024294958489188147,229.60000000000002,gm1_infantile
2.5683095059769783,20.329708323570486,12.673819093671957,1.6143196395449697e-09,0.006478675393165693,4.2851695484895735,4.555678291345289,1.61788455557173,0.0,13.240234524557849,142.8725673071883,123.14380689387913,0.985864665425694,138.47618392078098,57.15039635428908,0.043729405706343226,0.024816864677167576,229.8,gm1_infantile
1.8643715005843555,21.71183370589366,13.494636333418129,1.5163090592561798e-09,0.006433963934160464,4.048991690515402,4.448248706009697,1.6518229958690016,0.0,13.261532195299132,142.759158809959,126.40811113327017,0.998622108581424,137.97739316594513,58.833881776372365,0.04259707872586409,0.02399759941409377,230.0,gm1_infantile
2.8950171561516513,20.562359832418878,13.378948089430141,1.7538098243681251e-09,0.006401732895598517,4.043803866642225,4.531221667318396,1.573632847775259,0.0,13.249812833155152,141.18592869463853,126.04886784187708,1.0171287542854919,138.07317096609788,57.77847677517101,0.04177714609274608,0.02491790344339958,230.20000000000002,gm1_infantile
2.367447719360735,21.194096770137783,12.555487784938242,1.7926891226383938e-09,0.006429686299023669,4.041032558078147,4.5313773195725595,1.596454571119828,0.0,13.215632486765646,143.83565312129602,127.5839386924389,1.0126574051208317,138.96011187216956,58.06464195880518,0.043953655154096355,0.025392649080559614,230.4,gm1_infantile
2.5282113007629907,21.070429493797945,12.43336711630282,2.2812988410501858e-09,0.006496822613564164,3.9768784617854087,4.659341898371195,1.6685299607344013,0.0,13.188105743968125,144.56511711593654,124.36264555565491,0.9883860117773671,138.6852863356905,58.43094372930369,0.04441107761889306,0.026290390347685235,230.60000000000002,gm1_infantile
2.6103974684439857,20.522793325565413,11.847933610547154,2.0706375244397876e-09,0.006572809384229293,4.026210363639363,4.7604978954870045,1.7197878294648248,0.0,13.190028927481757,147.2661462148935,123.19448222217717,0.9870655310680004,138.02335037393317,59.03628367786587,0.04333996676050967,0.026084430957788535,230.8,gm1_infantile
1.8782788541480893,21.090166496960137,12.65223108821466,2.3465623048139634e-09,0.006665393979621363,4.082488747093695,4.905587150485153,1.7619074730914048,0.0,13.170407769982766,146.88482012223182,123.35188265585226,0.9822396722458189,135.38654475542572,58.044315526147244,0.043491049075860724,0.02660094253277461,231.0,gm1_infantile
2.92344831322491,24.18855408601324,12.25645468425759,2.433312607956523e-09,0.006832288600744817,4.156333263142788,5.0235978380583415,1.8109461192262912,0.0,13.219174228139469,149.4505061643599,121.99041468344473,0.9860706723085574,132.8517482722419,59.22366791140916,0.04363730563815891,0.02739776104737978,231.20000000000002,gm1_infantile
2.2810032250864847,21.747440427023957,13.987890120269341,2.401946877073792e-09,0.006652153697102562,4.237547368639666,5.3175670600973906,1.7830721371675224,0.0,13.225915071443499,147.2442600742368,120.90949895918716,1.0094167789403259,132.87571414803787,58.53924341504793,0.04312640320087884,0.02804475564936559,231.4,gm1_infantile
2.3193780096742107,21.84847192348267,15.701265288985882,3.1601371599032343e-09,0.0067096904915328395,4.333516143437161,5.473237828335656,1.7529296137477433,0.0,13.27861889855404,144.78264725531636,121.89547922769631,1.013596529634494,133.3189228037317,58.530843890504634,0.04327881615964756,0.028224247087368006,231.60000000000002,gm1_infantile
2.505821670926824,22.225827497085817,15.614484449907783,2.7856125492996632e-09,0.0066106666652437154,4.348674996265752,5.301619318926725,1.7673577761756116,0.0,13.312317034777811,143.57092108888435,120.58840896681342,1.0283236760620817,133.80842323680676,58.35215577242129,0.04388852175064507,0.028625580711711077,231.8,gm1_infantile
1.8357453345795143,23.775767992791824,15.379897731741472,3.3772782190728257e-09,0.006388386563694903,4.368257700650396,5.2221331249651435,1.6412567754236422,0.0,13.254870391186973,143.03900477019013,122.43594493281047,1.020094322954291,132.45027680382503,58.96297312264892,0.043570866512753534,0.028347698694520158,232.0,gm1_infantile
2.943823669960278,21.98238373448208,15.160865728366126,3.609816123332475e-09,0.006187677827353054,4.503983148044351,5.145181055658355,1.672229135410909,0.0,13.25005929512288,142.15367150558515,122.40852400854463,1.0289848465704297,130.97036188168386,57.99717484229306,0.044967287737877656,0.02786588691606304,232.20000000000002,gm1_infantile
2.3270235543190676,21.678052077697522,15.111798754931034,4.062395398431886e-09,0.006149607392036903,4.469942613207633,5.0530018379436665,1.6241303149041266,0.0,13.23497180348223,145.39571456823856,123.62576943215514,1.0231496685875914,132.9755700924374,56.75764579698593,0.046294267503632205,0.028664949684306648,232.4,gm1_infantile
2.5721702830448185,22.70361092771945,15.461987157679527,4.447430719775731e-09,0.0060380190307998335,4.433062517075451,5.003414014065,1.6731471418178425,0.0,13.206233101850565,145.87919027922206,124.86177559703341,1.0125276297606436,134.43577077081548,57.79664135829679,0.04747292731383269,0.028871752549976506,232.60000000000002,gm1_infantile
2.633934948161197,24.751389252103166,15.538207457779787,4.6865446136187236e-09,0.006282542076705871,4.494456175192591,4.838894241707747,1.5977106105670063,0.0,13.22690411519452,146.77166543738463,128.65090647274673,1.0175347341344967,134.09782591171057,56.907674300711896,0.04865872237830419,0.028846906301223794,232.8,gm1_infantile
1.9152415775060911,24.561977933518463,14.974034194566098,4.422319484294213e-09,0.006256711247344169,4.416861093455061,4.753184924481906,1.5573177503987528,0.0,13.19682663606518,145.8398128105495,127.1435551345318,1.0245711638558457,134.71270162510964,57.81396748229434,0.05066926236282705,0.02926658697776125,233.0,gm1_infantile
2.9704891866634737,25.196068384443347,15.415042007497798,4.330829067734907e-09,0.006226018813317023,4.3315539867506105,4.858965224641852,1.5640242528688535,0.0,13.22356208415642,144.63970478663154,129.31937050652292,0.9889961739199667,138.4965171788521,56.76823857592875,0.05114308217494384,0.02952662148051586,233.20000000000002,gm1_infantile
2.3994599571564623,24.59040121292041,14.133759596701866,4.107511580348916e-09,0.006169121704714584,4.170465987213886,4.859922437688526,1.5315394950798984,0.0,13.215990277411619,148.51978600032646,128.90165876236037,0.9940353558397891,138.33190002920048,55.532768475348234,0.05081806788621955,0.03000690625949509,233.4,gm1_infantile
2.540445627555696,23.940611664603562,13.39498868946406,4.240744766152847e-09,0.006201040771581819,4.228846009871377,4.843453568118965,1.4989029926899846,0.0,13.215422734745927,151.32730054402046,128.97839403647916,0.9928576452807529,139.34002547337275,55.08224902682696,0.0499993524911944,0.02991936005232555,233.60000000000002,gm1_infantile
2.5632909843033462,23.429884365563186,14.7665882236964,4.5239723701304775e-09,0.006217545879741722,4.342764484011568,4.754095616619538,1.6420290548663814,0.0,13.274471679011421,154.0,126.00708310815554,1.0119738508820715,139.0367274307764,54.658403551957555,0.050500414097865716,0.029230855543135124,233.8,gm1_infantile
1.977716978536176,22.083956534092614,14.988544201608786,4.915601442236332e-09,0.006245090609734468,4.30968434277696,4.8306366210794405,1.5767951019371662,0.0,13.261407604082413,154.0,126.7292210874415,1.0184279621139405,139.213678405273,54.079558888922236,0.05211877733791562,0.028757285656312005,234.0,gm1_infantile
3.0172220492256456,21.683511766090504,15.436043942403348,4.585141025687846e-09,0.006367279668117399,4.412099612064307,4.963016816886133,1.5955284576054962,0.0,13.34505850210947,151.95094674604914,128.26883390062005,1.022137379006098,139.3240141437715,54.21246087319983,0.05143396972150183,0.02901271704421523,234.20000000000002,gm1_infantile
2.3808387687518726,24.981668800075447,16.234841684454207,4.660965160458935e-09,0.00642269228353494,4.554378612397786,4.809910782972995,1.5862691709246273,0.0,13.361442722406625,153.68442301003378,126.59555224393338,1.0410460860521416,138.21322340765312,53.961777856481575,0.05148009884412855,0.030044804894465718,234.4,gm1_infantile
2.4485322480145846,25.099173061335996,16.903435064683187,4.754960194614368e-09,0.006482929523132274,4.611303223525112,4.709388658081908,1.6469450787128561,0.0,13.35385860045667,154.0,125.56186851623539,1.0443329136279667,137.11154343715128,55.81533257678251,0.05411479407868449,0.029949254348256134,234.60000000000002,gm1_infantile
2.5738344953020893,24.842171693101196,16.720340963846457,4.6824539539917934e-09,0.006449494104412115,4.481960146613977,4.715027762327069,1.6117722452252345,0.0,13.351243647891819,153.24343282415495,127.07973375635153,1.0505666811082883,139.9415207336728,56.178337014091014,0.053778979959575146,0.03034375891959956,234.8,gm1_infantile
1.8453275563634248,27.574390666290657,17.004650799564,5.415062360772522e-09,0.006297929715832113,4.387798827110949,4.748952910875436,1.6133941920504675,0.0,13.356492106562396,151.94671446418332,124.60407623457701,1.0533716839284333,137.77758659400735,55.13987424645016,0.053226612841510514,0.030615516154207732,235.0,gm1_infantile
2.9818644450968526,28.594520368427105,18.264142027624963,5.525946120203499e-09,0.0063230380106681135,4.5835518895012415,4.5771610562659895,1.587968708801576,0.0,13.38290524222795,149.95903946475642,125.92460322699118,1.0604657393090458,139.5236775393657,55.72536183742049,0.054993075302623436,0.03055946858491944,235.20000000000002,gm1_infantile
2.3680834813794984,27.222078595251062,17.613180990941945,6.0633098021685604e-09,0.006182384344549855,4.630828588670518,4.627773778962022,1.6180621377711817,0.0,13.409300146057243,149.84499717607022,124.94960972428352,1.0555647866326126,141.70352120817557,56.26642445921159,0.05473616188698205,0.029768715207978587,235.4,gm1_infantile
2.428185505532326,27.99724561339509,16.74279894502457,5.880527689401617e-09,0.006537856874949438,4.663409307663792,4.697235301912455,1.5427012925699901,0.0,13.432881681013876,149.2815710383703,126.9694041825454,1.0562467655429544,148.8405022670498,55.90046617789015,0.05511472633334311,0.02922312691289518,235.60000000000002,gm1_infantile
2.591993280537529,28.458486075664975,16.263298190595737,5.666230253471089e-09,0.00672878067159666,4.771888254325684,4.5026569584026825,1.5151949824247402,0.0,13.43056178410697,149.85573362446107,128.93546113504635,1.0375527702689604,147.3512917732837,55.72390106318766,0.05664670194229076,0.029943467573648894,235.8,gm1_infantile
2.018537213470487,28.053105411575775,17.361013879714417,5.5146220132139004e-09,0.006802963765025499,4.853238651039315,4.704451535812019,1.5040938800029162,0.0,13.472221357847932,152.84723862375816,128.19772130822443,1.022308153588923,150.0,54.57489683368031,0.05456302985562501,0.029809999582957877,236.0,gm1_infantile
3.034246205049035,26.05656782427689,17.66920883327924,5.480843101891961e-09,0.006701367640803994,5.027064434898896,4.702024450445499,1.5311511289399247,0.0,13.42786243262271,153.78443743767835,131.4564726240114,1.0072322094740598,150.0,53.67442786327403,0.05359626716219597,0.029918259842275165,236.20000000000002,gm1_infantile
2.3390834009975934,24.121668791008915,16.728669596038642,4.718307425928971e-09,0.006744682132612794,5.074911453270905,4.699340110629559,1.4542387865776478,0.0,13.448798537855485,153.7865098981621,131.20084227311253,0.9971451718160874,150.0,54.85172960220488,0.05488205545909485,0.02972633517336764,236.4,gm1_infantile
2.4903996938640987,22.482853573531248,17.344101554627205,4.315611226001195e-09,0.006820922027830879,5.34537603691532,4.5482201371081565,1.5513826465574818,0.0,13.425971770692525,152.14104592528045,135.45109386902553,1.00243628680764,149.03720424488364,54.69744750053349,0.055315263068776384,0.029699797146654956,236.60000000000002,gm1_infantile
2.5963518255082474,24.55538832997275,16.493177623451917,4.444985545733159e-09,0.006780823844300307,5.29126223017437,4.5866456098828206,1.4226312085242383,0.0,13.432412170709474,151.85299989538538,133.025646997769,0.9781536264777291,150.0,55.03417038160746,0.055240883089979785,0.031172862228654157,236.8,gm1_infantile
2.0339156342195124,26.78015320331938,15.723850881390893,3.921059771378772e-09,0.006846214208053269,5.324029723717519,4.653139169746195,1.3336890332519546,0.0,13.46185626727038,153.7671826744574,132.31855518725393,0.9836253649590838,148.61942241449663,54.81280213429786,0.05386897800858517,0.030626302201232674,237.0,gm1_infantile
3.030371580137064,25.67722844127051,15.35461235145638,3.3832156153434353e-09,0.007123916617312788,5.269944015609735,4.5954051317035445,1.2680131188655317,0.0,13.466586123240882,152.841286910275,131.56685715901673,0.9937528713026003,143.02705996481217,54.205455072173905,0.05363043137815214,0.030515447939816465,237.20000000000002,gm1_infantile
2.54389613329214,25.047534200796424,16.18989702758797,4.001945365039631e-09,0.007201266843301834,5.200273333394316,4.355476919283086,1.3117351040686254,0.0,13.482733311223544,154.0,136.24199318047135,1.0035412048907586,141.1384078054608,54.240496642925955,0.05520508272721135,0.030325175390327898,237.4,gm1_infantile
2.7047560037686567,24.7127022746892,16.533039849434154,3.776592123081269e-09,0.007196396700686178,5.213653864587489,4.121779472793897,1.3049897625222404,0.0,13.470161900438542,152.35199429212145,138.1127898261963,1.0159632156504173,142.42082413315927,53.32362986273554,0.05498707924564754,0.02940474636932349,237.60000000000002,gm1_infantile
2.7309787833062327,25.385932394996974,17.363435573837467,3.851565167666215e-09,0.007371169997829292,5.231545113577934,4.072743555378811,1.3446624482569927,0.0,13.454079919143895,153.1214899980577,137.57260961733235,0.9874175369426144,143.4752840759839,52.4070996746817,0.055295609602812615,0.028392895584929558,237.8,gm1_infantile
2.0325893922198817,24.5877812610798,18.392665769355794,3.5661329081097015e-09,0.00716479061894147,5.259397816049397,4.027065993357377,1.3682607666427435,0.0,13.460122075965579,154.0,137.13711830609853,0.9885198752871787,140.51922017595493,51.81608538511783,0.05577039085456331,0.028165867628274964,238.0,gm1_infantile
3.068411214483817,24.827087895027486,17.36041310174483,3.8533950980473095e-09,0.0069380163411465095,5.181532544328897,4.029091975402987,1.4109085902884821,0.0,13.464264926610264,154.0,138.3584486945773,1.0029478127186995,139.9802438998918,52.532000992169316,0.057355639428704995,0.029293395458473127,238.20000000000002,gm1_infantile
2.4329098760434715,24.910383283124656,17.053541998932655,3.267521572035163e-09,0.006865542453236998,5.185603636901633,4.005769161697407,1.4143535435993253,0.0,13.458484393835628,154.0,140.2223825218199,1.0098383224957637,140.9393704695991,52.27986891790026,0.05504725244717941,0.02957437185211181,238.4,gm1_infantile
2.403790907768952,24.218353215587566,17.119940915479184,3.021749588879082e-09,0.007177803339880345,5.351220893702439,4.110460770908312,1.359902473876316,0.0,13.476821779049098,152.05218890328632,140.28279199074782,1.0214290619475803,140.03011624959117,52.38435533534466,0.05534027380060064,0.02883494065731033,238.60000000000002,gm1_infantile
2.4967404533492576,22.67832927559187,17.84845737551237,2.628310326892537e-09,0.007194285164980941,5.213247721285975,3.949222858686091,1.3005999296360031,0.0,13.481955463098622,152.7922148311332,136.985634011447,1.0174599312589234,138.85032069113853,52.766512815319466,0.05491268596477339,0.02876374708477555,238.8,gm1_infantile
1.8569775685487386,24.70163646588105,16.844279352215697,2.408425219625661e-09,0.007181039572839922,5.183501957864757,3.862660290838978,1.2454209371321994,0.0,13.452760980518203,154.0,141.21795489033045,1.015221717385309,136.48736913553694,53.295425834811866,0.05362489375785695,0.028393679462270806,239.0,gm1_infantile
2.880943953520035,23.675097448397025,16.64985498674825,1.906047733043808e-09,0.007038680539799048,5.272642242262763,3.87023302202203,1.2753295488107674,0.0,13.480999057957014,152.57628230934094,143.35989148296693,1.0158139294639665,135.7033649540189,52.11093470563364,0.056202666443091645,0.02888959275317513,239.20000000000002,gm1_infantile
2.3119861677563596,25.968412427850573,16.869604012768402,2.37683838774391e-09,0.006933846386529147,5.336215934924689,3.8075614017793584,1.2707477781618581,0.0,13.442544853698775,153.2440753287578,142.75216843509668,0.9875125738730599,135.117998731988,51.876776723120784,0.057184787292077446,0.029055017964899107,239.4,gm1_infantile
2.5175129628702413,26.383197442356472,16.557139259148997,2.278146584081848e-09,0.006850624265099351,5.376444172630916,3.817020891668459,1.2586332183744957,0.0,13.456111917344236,151.17808912341326,143.35314859655148,0.9653739003862252,137.38536178230407,52.25248106431426,0.05920357011734208,0.02831889688161138,239.60000000000002,gm1_infantile
2.6622288536026515,27.44878321536789,16.54267938206332,2.07044135677162e-09,0.006657298180874637,5.24199103088526,3.740302699025461,1.2276477674091502,0.0,13.410690141369262,151.47807215306867,144.18463335210956,0.968679600866947,138.44535460473725,52.92610966825659,0.05850875930467577,0.02835530657980647,239.8,gm1_infantile
2.0065324661831565,29.136820081018367,18.315075164308045,1.6120385161934854e-09,0.00633351749246858,5.28923141801403,3.8713473583183813,1.321412975548207,0.0,13.452309301153553,154.0,145.0,0.9789316415139446,136.31562378557973,52.92337549397107,0.05879604175071419,0.028272670080893965,240.0,gm1_infantile
3.0187876096250674,31.20954413580478,17.837180326994535,1.8489955509708745e-09,0.006351573632372627,5.202242219973387,3.755450363347796,1.25717434276763,0.0,13.45010433714179,152.28943036175613,141.38314722989304,0.9832699718495086,136.24047183836683,52.422252288030585,0.05743381399788737,0.028102406914917846,240.20000000000002,gm1_infantile
2.3924697271372732,30.318662522715336,17.11036254174439,1.7540370766831827e-09,0.006474809708186193,5.199645700077443,3.781439713487437,1.2650697454749027,0.0,13.422073889163691,148.92495720273993,143.63747050990153,0.9880601292222604,136.6339571794066,52.63581577886008,0.05776623400281629,0.027624986285070607,240.4,gm1_infantile
2.485281158818325,29.112766969396024,19.337246878504644,2.0828927873611167e-09,0.006471643598816442,5.321942543567251,3.9280533167681226,1.2378450965175305,0.0,13.421281962715087,150.15872255193992,143.19680563954202,0.9853979910858756,136.03147407856926,53.38615550738493,0.055826396548228276,0.027343332061928582,240.60000000000002,gm1_infantile
2.4727805614177356,27.169139875470492,19.71273524683978,2.1311886943202706e-09,0.0063989757571609384,5.423559348818404,4.0535371711569566,1.248258072991068,0.0,13.407405589984597,151.42880648387666,140.91260746954427,1.0080036472118692,138.37154559530342,52.53563540880854,0.054748972735240424,0.02758346410646054,240.8,gm1_infantile
1.8613850587679501,27.657014876527338,19.43940927426476,2.6707506498615427e-09,0.00637296885465009,5.656865303311561,4.07208667855765,1.206414704190179,0.0,13.440082635973978,152.1997517226339,142.13752498982777,0.9904260071636901,135.29402753163896,52.51098934669539,0.05636392573731268,0.027809604496486475,241.0,gm1_infantile
2.9827191100721024,29.22838057222583,19.518480519703775,3.046561856760488e-09,0.0065665531802394424,5.641803880335446,3.976159594761501,1.2116178727591271,0.0,13.448210679166525,153.67148000280014,142.40744874137957,0.9933543985008442,135.46246034325796,51.12778916060333,0.05839554007452072,0.027562526940616807,241.20000000000002,gm1_infantile
2.29225621979265,31.154935640971413,20.487885397336353,3.0594636513948755e-09,0.006652585649793698,5.51953096775248,3.9091725522721954,1.254307676687257,0.0,13.417920609095946,153.82110838496627,142.5959774473177,1.0003511957636728,133.22743968079118,49.41948499732388,0.0595041835668544,0.026884424839572603,241.4,gm1_infantile
2.3954286243930465,27.23693520187322,21.559156656136008,3.1008295801191853e-09,0.006670615628867139,5.542871740528448,3.6582830771575408,1.2144537367045773,0.0,13.395172695795516,153.24867496143713,143.06070236688151,1.0123107614757396,130.86585072368052,49.431157499819946,0.06034960501590914,0.026316777215088388,241.60000000000002,gm1_infantile
2.4945544543988563,27.5972045577786,21.55531902893102,3.2642719608659208e-09,0.006656405631055201,5.505333231059858,3.5318794318206077,1.2226136217661325,0.0,13.365166496069918,154.0,145.0,1.0016589482010205,129.86456762603817,48.94448530696271,0.058016121868347544,0.02750553091391485,241.8,gm1_infantile
1.8716468459239586,26.033403411120027,20.4906119713182,3.0387821482252923e-09,0.006525444049138849,5.642062561051381,3.4228070664662043,1.1732683339338357,0.0,13.36166225258979,153.52619659932725,145.0,1.0018595479338577,130.0581871094178,48.04966473006456,0.05578703822351778,0.0270595878382245,242.0,gm1_infantile
2.8731853624898394,26.010991586495805,18.898214671614554,2.796707410676995e-09,0.006472505878888777,5.6311766590783074,3.4735570774914755,1.1715502191984928,0.0,13.398595410822143,152.85649588796628,145.0,0.9957759295738383,130.30402132469914,47.98347962526161,0.055975339087432956,0.026788488052779884,242.20000000000002,gm1_infantile
2.256138902103614,28.034650767169946,19.843864684802885,3.1169931145377602e-09,0.0062536945298844425,5.506696951534299,3.507460042914615,1.209662730919249,0.0,13.37741048143579,154.0,145.0,1.0083312486959144,129.80750843501355,47.67331780019785,0.057074111084570604,0.02661352589416021,242.4,gm1_infantile
2.368434639947167,26.30475468844544,19.45297802058511,3.3583540150395933e-09,0.006019572749241072,5.562325502761331,3.4578924928196777,1.2107166046637898,0.0,13.370508022326495,153.39404055553595,144.12508598653838,0.9989507468472482,132.40177408046696,47.714049625811654,0.05680877054422879,0.026214455707033586,242.60000000000002,gm1_infantile
2.4628461988767874,25.103403497732952,20.158466019138505,3.00839870496215e-09,0.005699234123576711,5.561381692685248,3.4517483495825387,1.1969779832238001,0.0,13.288731918465148,154.0,145.0,0.9889118424454045,131.86572034406066,48.06257124315579,0.05738246346597316,0.025827378188060773,242.8,gm1_infantile
1.7850417076319927,27.86099314284062,21.01642280912844,2.979176208045078e-09,0.005697457012985097,5.616798638912769,3.5391547503590455,1.1391995626864313,0.0,13.274924746277696,153.65295673133522,145.0,0.9638516163235226,129.7654766971741,47.6480943770698,0.05747322537858327,0.02629418093326601,243.0,gm1_infantile
2.918520449189741,26.959519637328004,21.828627423157375,3.1586529435632582e-09,0.005742668885474555,5.607520515057231,3.499710951978104,1.1256371918426766,0.0,13.284932708268215,153.5283666840871,144.18088364972965,0.9710105363321507,129.69256373567555,47.09271361634795,0.05702392367071457,0.026762369169842083,243.20000000000002,gm1_infantile
2.2183690389931776,27.05029876562171,21.744928563727335,2.8101226789432968e-09,0.005680716777315206,5.445229646187278,3.511713908980956,1.1061771664074402,0.0,13.28190194426433,152.3431322970017,145.0,0.956146861925291,128.6741668885783,45.97823297308529,0.058611470130449386,0.027887448367111666,243.4,gm1_infantile
2.2888815327008474,25.532257896731323,21.788040040785702,2.5486340483664152e-09,0.005652597376759133,5.4270915482142135,3.5649607221798076,1.1139085260105983,0.0,13.248496334663454,151.49657921546128,141.64767297787247,0.9496479471423899,127.97045455347796,46.595616175729695,0.058423371034238426,0.02794349769658039,243.60000000000002,gm1_infantile
2.4227629870511356,22.48563853228558,19.866465203167163,2.3573954073805264e-09,0.005663892367121857,5.397663352397375,3.4923025507724845,1.1413870750505584,0.0,13.271295954653816,152.96965280881838,140.59516405800701,0.9477397340221597,128.73033429952508,46.89094724859127,0.06051202908869298,0.027905366348252116,243.8,gm1_infantile
1.9061600794339248,20.953744117179887,19.23179365544697,1.6394229228214931e-09,0.0056590160120234935,5.453915914319391,3.2890131797992526,1.180546888122894,0.0,13.287246846531147,150.52542561025385,142.05896765776842,0.9466161152559303,130.0361147603475,46.83974458509424,0.060914935979319226,0.028585603015565668,244.0,gm1_infantile
2.9355624735798966,21.042466852327397,20.2434274783904,1.5182811684963942e-09,0.0054943500158829905,5.513525210900234,3.4705121918924338,1.242835535751905,0.0,13.217482714748064,149.2471826903623,140.9434079299904,0.9459152459418442,133.2892310708021,46.193767397746235,0.06392979863917357,0.028321046800542402,244.20000000000002,gm1_infantile
2.247438277291637,21.995534086254168,20.974980390177727,1.6939568080238943e-09,0.0053772789950714325,5.556442374004494,3.3950043236170413,1.2136181937278328,0.0,13.192973358144604,151.37563050215115,139.85141077586957,0.9418177026077681,131.98225561041355,46.872068796021814,0.06286138312534216,0.029032296040326686,244.4,gm1_infantile
2.4467712535699198,21.283309438650498,20.88049656137668,1.4589002622929258e-09,0.005420443335673552,5.5302238697996815,3.38053369107938,1.2160301681377812,0.0,13.19043915354794,152.69756148466843,140.11045257789908,0.9526139761694863,131.58029153652288,46.61212598974415,0.06118919152478851,0.02874795864477836,244.60000000000002,gm1_infantile
2.6537894324014366,21.471709364716887,20.2043833540609,1.0682142900988924e-09,0.00520711959026005,5.441816139659739,3.4779726710361496,1.2042364629121507,0.0,13.165149150159047,154.0,139.95690420230238,0.9432765638573544,131.3034976496331,48.04108504837029,0.0627633525773908,0.029685765466928207,244.8,gm1_infantile
1.9156046643318725,21.203745179534984,19.519158057987713,1.1977212922149076e-09,0.00530984982277012,5.466877405918731,3.4223016810879505,1.1955050709647843,0.0,13.186067635162168,154.0,140.20033456482645,0.9426682065939221,132.0462605556741,48.52797189840029,0.06353228145144227,0.029678339476679666,245.0,gm1_infantile
2.9493143586671096,20.866131380284607,18.75367077866542,8.685315509815546e-10,0.00535226069105574,5.390769571743711,3.5303446651701194,1.208928738573753,0.0,13.204565017544754,154.0,139.30606228863874,0.9465988329399346,133.62406479243478,47.54967833722862,0.06587268565598976,0.03119726655707752,245.20000000000002,gm1_infantile
2.3709289970883844,21.769089742753337,19.17338059220457,6.769421757139348e-10,0.005316344642154189,5.477759099493877,3.4669113140719765,1.1928862613733235,0.0,13.223658863192746,152.2073989442563,138.8865275690345,0.9440144645039135,132.078374176125,46.043923007971834,0.06424981397137752,0.03135532908876355,245.4,gm1_infantile
2.5121662145148034,22.189291809377945,19.631272094417316,3.994690976962605e-10,0.00519476019057733,5.50768973171508,3.47408677584642,1.2382904774277717,0.0,13.261377109185716,151.25317874535114,140.89214404673203,0.9688659108202271,132.43756224372444,46.3847751210297,0.06280219755042332,0.0319637579996662,245.60000000000002,gm1_infantile
2.657776386568863,21.459862783371673,20.076601914660372,4.3230277105753163e-10,0.005218273773332192,5.581250387594127,3.5444036739142355,1.2339358561250804,0.0,13.294089960703678,150.1301216166703,140.88592181956943,0.9447079193083757,133.74067007728195,47.1821679228275,0.06232008642332819,0.03203375528627345,245.8,gm1_infantile
2.007513896309484,20.92855846884681,20.178801832147002,1.1783665113828763e-10,0.005168715240324473,5.484540307731334,3.6049133521901404,1.2376791821410362,0.0,13.294893110290818,149.68816136193533,143.0618784494126,0.9377965972107903,135.1404285722633,46.76458581735495,0.06334442490447151,0.032759837143771335,246.0,gm1_infantile
3.0705153355473773,22.43708296003706,20.32117937852439,5.922988715157209e-10,0.005337873118548481,5.368523388086936,3.5512267159412088,1.1895126604011563,0.0,13.249823535359335,146.1601965051301,140.96285030730428,0.9149440228419318,135.88306231620246,46.11749608116366,0.06087235185891976,0.03270277914078348,246.20000000000002,gm1_infantile
2.4010525031327252,20.25812293731518,19.59145875645964,4.892770554565202e-10,0.005272767192301907,5.330111047319154,3.6865651583946963,1.2806577864599067,0.0,13.210419242026475,145.71912066917582,141.32778177866987,0.913266801645228,137.24547485339087,47.53744700284973,0.0584682930302871,0.03230799949567529,246.4,gm1_infantile
2.5933076750973294,19.58993908399156,20.17424984340044,6.659905974204867e-10,0.0053982060253533895,5.508874689942627,3.729302648503314,1.2219455585618486,0.0,13.274854513439672,143.00056320083124,142.26901546969322,0.8819885556597911,135.01749518657584,48.13173247610878,0.05840363115970993,0.03201143211114525,246.60000000000002,gm1_infantile
2.6084065541618413,17.55746917659157,20.654311228184824,4.915548340602941e-10,0.0051946886917159105,5.504830047720088,3.773284314120874,1.2188240575075824,0.0,13.275687613909524,141.68209632268199,142.36637076564782,0.8898196558594887,137.1535708155435,48.66787140485447,0.05741756835930583,0.03244481931778519,246.8,gm1_infantile
2.01034907255173,16.926006521123,20.01097911536203,6.897660902462434e-10,0.005335010595966498,5.322272623649704,3.921169856454581,1.260877077386635,0.0,13.26824507927401,142.46272154547495,141.1416271184896,0.8867439360948024,134.70419140956258,47.564648248445764,0.06038048628149758,0.032464586692372385,247.0,gm1_infantile
3.0325735023453433,16.819178064884948,19.069784609967147,5.071788529168886e-10,0.005323226205742254,5.296797997852689,3.8214478230626043,1.2819301252114685,0.0,13.279608726521285,143.85000142786325,140.81564743694807,0.8839153591618027,137.66037678205748,46.991158478414924,0.05778799156757697,0.03284454494303929,247.20000000000002,gm1_infantile
2.328674880856117,16.00509992513503,19.652180139255083,3.818641023618966e-10,0.005152324019602255,5.476540067224403,3.657112732037022,1.281941955786141,0.0,13.287349322128781,142.64566827500104,142.3693298917176,0.88292156762434,140.41280049042138,46.74849505830641,0.055641867558657264,0.032993196861047666,247.4,gm1_infantile
2.4410366616710646,14.533575044233551,18.52142969254758,8.073208056498509e-11,0.005312737687123096,5.5392462960910684,3.6229831278223985,1.288157446171733,0.0,13.27027679672737,143.44773376027533,142.67906349546843,0.875658455690348,140.5620802483867,46.98951346057722,0.055524495668407586,0.033607846365880004,247.60000000000002,gm1_infantile
2.556969452038117,15.019855398721528,19.769798548811963,3.548851424683569e-10,0.005501003836769595,5.465912301449023,3.4742440580964016,1.270274216589503,0.0,13.313354423922386,141.31868823675535,142.52087922190773,0.8795395558774664,140.9716645324275,46.90899443958192,0.05586660747948059,0.034401492215029535,247.8,gm1_infantile
2.0332945676967964,15.140009982951515,18.809254628779357,9.830030088819827e-10,0.005346666065603138,5.63670726554746,3.6265446936617836,1.3156253240709186,0.0,13.250315493739185,139.4002662478028,143.10201683893388,0.8707329403285943,140.59527772063225,47.32408730364415,0.05554975137199139,0.03344892939169287,248.0,gm1_infantile
3.081495053977395,15.54422564088284,18.38124485779724,1.184789214448767e-09,0.005335318181336323,5.765267937832848,3.6336738522228362,1.3351924061677234,0.0,13.263630366860127,138.70400376442365,141.45389234947694,0.8834506193045376,142.50286118860095,46.09340915311789,0.0563408112625937,0.03386941606964159,248.20000000000002,gm1_infantile
2.358799250821526,15.042554743887136,16.92348360888437,9.907903122807886e-10,0.005291510609195107,5.840561219532488,3.6412963234762743,1.2565808364962316,0.0,13.255799499868367,137.02398662853284,138.46526527777408,0.8898128148775509,143.56967091500837,46.4701637267608,0.05532419721588563,0.03397191455560705,248.4,gm1_infantile
2.405610173617202,14.311186747608497,16.78542610581732,1.0038314953837975e-09,0.005079806734536565,5.723512048866939,3.584462454154975,1.2702393049240002,0.0,13.259668672773579,137.53142352874352,138.00540959414184,0.8918618141279153,141.20784350616046,46.092720118301486,0.05702259610113695,0.03510672588266167,248.60000000000002,gm1_infantile
2.5583653215675555,15.258108169669534,15.293856993986376,6.365545781799093e-10,0.005023003094694791,5.968672364975687,3.552262297838462,1.2805866646228514,0.0,13.269933424189873,137.5415086788271,135.80575758238763,0.8590251040970991,143.87458651442668,45.74422067000168,0.05458246377748953,0.035423193522078775,248.8,gm1_infantile
1.9691100581366296,15.97265690114004,15.968087375005137,2.841849389606594e-10,0.004904340744179887,5.926861221876332,3.6174949352719095,1.180166095317054,0.0,13.297322034528188,139.2486969490369,137.11275490684181,0.8703231543976812,138.87332466905505,46.77775490607422,0.05488339780663451,0.036466685569524315,249.0,gm1_infantile
2.9410242438147547,14.471504385635127,17.18305526249646,0.0,0.0048495267158209,5.975161325090193,3.6711200533198003,1.2159117277307065,0.0,13.26571126597262,140.62157088706894,138.4549724650334,0.8483015896521462,141.7710252765907,45.27129429309173,0.05606259836967218,0.03592255624192209,249.20000000000002,gm1_infantile
2.348259131523722,15.055219497709388,16.96919352672015,1.1040832830196779e-10,0.004819550906839514,6.044036006372068,3.8538269031211496,1.1570688881571682,0.0,13.253088358613377,139.75221285270786,137.75863728346084,0.8368444905732955,143.6546660918463,44.47459658926189,0.05652270676175073,0.036408828202075735,249.4,gm1_infantile
2.4857055195411264,15.495511723358115,17.540149942653724,6.339346068059532e-11,0.00476187107782557,6.088797178703869,3.845285706938725,1.183660807631571,0.0,13.247352359063111,137.8133656700485,138.80430959953185,0.8440970469120676,143.33160855319824,44.079338701128364,0.05717324884557614,0.03626971499707511,249.60000000000002,gm1_infantile
2.6539992844449705,17.09702719079434,18.17083979085796,8.473943575052041e-11,0.004939985420289627,6.106961835707083,3.719871126913525,1.1486727478708374,0.0,13.246865610448076,138.7245980130959,136.19632157532774,0.8380139554922318,143.94800462187905,44.500991041117096,0.05702943662427629,0.03643781642272587,249.8,gm1_infantile
1.9452155628126604,16.322210645753387,17.96848188787083,2.1826911176841584e-10,0.004944606649915647,6.006794455276555,3.6345074190641156,1.190704592092873,0.0,13.24175405710496,136.87708030882203,134.90791228242796,0.83710103189252,144.6853278452752,44.87760166329183,0.05741666543706484,0.03610676227717355,250.0,gm1_infantile
2.9518069229268504,18.134976091186342,17.36159285660742,0.0,0.004745727215231715,5.960985288394513,3.6880042686873287,1.1603466815117194,0.0,13.241240516758266,138.98601016148726,133.55550286567416,0.8278790535058288,145.06185856519727,45.20521728438972,0.05707682160789737,0.0363133763433444,250.20000000000002,gm1_infantile
2.3487869024112804,16.871153814827917,16.995925547180153,0.0,0.004675931817838944,5.9965988616215355,3.597722273090588,1.1010716681303439,0.0,13.209464825450311,139.96214562207092,135.02242856433665,0.8032287727520608,143.76061920197773,45.45482922319013,0.05519650727620729,0.03692363993982978,250.4,gm1_infantile
2.5251876358507537,16.70794245986304,16.295903649232176,0.0,0.004741945773345962,6.20723851349604,3.7457873168330553,1.1138712230599255,0.0,13.233931908007749,139.76767037563872,135.90314404386945,0.8057820881305284,144.14452095146723,46.12015933030231,0.05642093845668857,0.03646304661985153,250.60000000000002,gm1_infantile
2.5518598632181746,14.63941500343878,15.94140022205082,0.0,0.004766449586472532,6.161763215348426,3.6548858312802652,1.1429860551593376,0.0,13.230181506130558,143.01014775430554,137.26530014655282,0.8004557265681884,143.6307414095498,46.641601391089154,0.0565683815979868,0.03552940470236221,250.8,gm1_infantile
1.991661959664571,15.753960601868975,16.663048903996646,6.402754291641306e-10,0.00497183147584499,6.347228674412381,3.639497773583576,1.1355035943548366,0.0,13.230205340784755,144.0407622464068,137.35174032920983,0.7796474104003354,143.28453050423812,47.07608853258033,0.05517628700773232,0.03563133337920786,251.0,gm1_infantile
3.0285139647992545,16.672725612683063,17.849686059694694,4.3652659829459025e-10,0.004971172127100301,6.36326013937668,3.6372090225350333,1.140714524294552,0.0,13.16111918504306,144.87773057443607,138.25885615613845,0.7764357909679296,139.20519681629827,47.06471816211235,0.05420121980997775,0.03696356787136042,251.20000000000002,gm1_infantile
2.393488075195197,16.106659011206666,16.133149233275116,5.968120285203877e-10,0.005028030038144784,6.330203038644676,3.6248469135638577,1.113135511228285,0.0,13.190069361081289,141.75056168475632,135.69881997249195,0.7971405379648706,141.18466684063446,46.30153645143949,0.05222822719328777,0.03710454486950204,251.4,gm1_infantile
2.4430362738117135,15.84940276755027,15.985505722535288,4.881958673520355e-10,0.005134913061100303,6.5328744423944975,3.5180923151588996,1.0782034577030075,0.0,13.237979053279625,141.02204817038864,137.26591668307574,0.787384828397748,141.44247535380157,45.61567138353491,0.052142427230258255,0.03697683654787796,251.60000000000002,gm1_infantile
2.5744772545849046,17.466102162086134,15.594739526176873,0.0,0.005089936523088844,6.559162991298122,3.4758234838622704,1.0726461476134388,0.0,13.241713902269503,140.8631318700977,135.84736086381648,0.7682564849763827,142.28486066561416,45.79923633898873,0.05082408777824447,0.03690925286120594,251.8,gm1_infantile
1.9490135422278965,16.895925669308635,14.987034341559928,9.142825874171369e-11,0.005042668545499818,6.481366940979038,3.34090880948308,1.0693640070108041,0.0,13.247535860178768,140.4555829767727,136.42051405274395,0.7816597481509285,143.43608384049975,45.991774079789856,0.05145990303544695,0.036748160587196425,252.0,gm1_infantile
2.98483501272525,16.352847685503583,13.92472684179981,1.5564827144938892e-10,0.005060479499551309,6.439397292430307,3.4099970346416386,1.0562373358147523,0.0,13.226603647439621,137.62337513780793,137.04892884636138,0.7729794690617524,145.54969123596388,46.621925369146666,0.05030991020357243,0.03605931366583284,252.20000000000002,gm1_infantile
2.3706649716264616,17.35554360514662,12.688608034523819,1.9416270056802403e-10,0.004796412201744821,6.367930806794553,3.4832202909120946,1.161818808995054,0.0,13.18947329563365,136.7316436596135,137.17721347699214,0.7653001286043364,143.95031536882416,46.38471197247136,0.05066291469694818,0.03589291865856924,252.4,gm1_infantile
2.4397795091595076,16.701338572557358,12.479122742967458,0.0,0.004700785034036694,6.433185539651926,3.433013278758978,1.0980601391779246,0.0,13.201472392362918,134.27466821638157,136.51283760189068,0.7565325043892609,145.46704368175213,46.18398339221033,0.05048476206805352,0.0357111055337102,252.60000000000002,gm1_infantile
2.459143889239824,18.00184102545981,12.8682117862481,0.0,0.0047010170917006705,6.537694245056551,3.412391477746439,1.1522184339281898,0.0,13.197452847544959,133.2961678177704,134.72083310352332,0.7337418669509699,148.11916096964777,45.9962752387486,0.05138686217177373,0.03655078012507349,252.8,gm1_infantile
1.8109346485217626,17.0813499349355,13.944550632411513,0.0,0.004612142091726171,6.407830378216126,3.3664574532272122,1.182154555719891,0.0,13.20252087473769,136.23809940661945,137.27982101049517,0.7364702751452202,150.0,45.87541759127717,0.052566252714600144,0.036199863556186304,253.0,gm1_infantile
2.908819895443173,16.712320894643586,14.212908377330747,1.1567369979271573e-09,0.0046917502414339,6.454155002396897,3.2783253673859116,1.165347226399331,0.0,13.228434864918741,137.88135605459019,136.95554000810642,0.7525686948380556,150.0,45.999688329821076,0.05313437161880214,0.03569577104376173,253.20000000000002,gm1_infantile
2.2593796593885824,15.867337404437329,13.872615084124842,1.0398824197378852e-09,0.004500853561905182,6.512495948766089,3.3595407980522483,1.144353385654914,0.0,13.220655896949449,135.37992746920457,135.84695615535261,0.7667286896252551,145.35349795464785,45.53020158103605,0.054027359493426144,0.035109661565804154,253.4,gm1_infantile
2.3625183340969387,17.680170132711876,14.060118727905337,1.3440500322653512e-09,0.004531784905282737,6.5227123145462365,3.449064461443083,1.1880751017339024,0.0,13.219314411658209,135.3637838840844,135.07655895217454,0.7761300296948941,146.05171438119606,46.75505796235185,0.05526839904582683,0.03616748711370878,253.60000000000002,gm1_infantile
2.4173578298895624,16.88247398174456,13.600894595870388,1.824393596078854e-09,0.0044155769868387176,6.4054593167456435,3.3046636689949356,1.2471523700718097,0.0,13.234689367663895,133.3705256031044,136.8378133679381,0.7570616715473272,144.33877073013159,46.326997302186015,0.055432322313159525,0.03550079787523098,253.8,gm1_infantile
1.9216913000941676,17.330831073053364,13.17146255668683,2.1420813932775674e-09,0.004358150476416077,6.3296377189074,3.3773773250730867,1.1248295502592145,0.0,13.21330532337509,132.16848483985558,140.48719677183084,0.7510390984643465,146.4033536543828,46.531116492029035,0.05580103463224736,0.03527200731053602,254.0,gm1_infantile
2.9430747628786125,18.679561388052033,13.738573950186586,1.8950278487520987e-09,0.004238898266965936,6.255401333006405,3.4565440033076755,1.163480817986025,0.0,13.165325501589518,133.58729525507198,142.9638974556093,0.752217953659132,150.0,45.74315843655981,0.05655295222781652,0.03444622225449576,254.20000000000002,gm1_infantile
2.3735405943457257,19.339665095210908,14.912334586918265,2.007892142358534e-09,0.004182762372319631,6.192441799069407,3.4144810383574917,1.1404720115905813,0.0,13.202635797533741,131.00161055774154,143.0295134155353,0.7523072283391375,148.60861807273767,46.04551335173623,0.05831921411785938,0.03511035910208017,254.4,gm1_infantile
2.5608081469433888,18.509921187820602,14.938571081588972,1.6778132190715436e-09,0.004187439354311817,6.220839477458346,3.491916093693432,1.1820262100548564,0.0,13.176969232489004,128.72683112889513,144.02273938943597,0.7670949846701924,148.738998105402,45.14298374293439,0.0609857592110671,0.03546628040358331,254.60000000000002,gm1_infantile
2.6403266156743435,17.352840358775126,14.930551038961536,1.8675431000719297e-09,0.004217007480209488,6.137374065768069,3.4606587042087575,1.1483815084946183,0.0,13.203066233838642,127.91397012330229,141.77202381432468,0.7693449319734995,147.9379199806177,44.92540234738052,0.0593358455198777,0.03464247529946053,254.8,gm1_infantile
2.0169318110093384,17.12658139704065,16.644186998162628,2.0180266632766943e-09,0.004091884306830289,5.962997344864332,3.4839323066222705,1.137507477125925,0.0,13.211093240243038,124.64975532032004,139.84125376355212,0.7618214785781914,149.00107272686733,44.33130064789652,0.05942131027255589,0.03359305514783242,255.0,gm1_infantile
3.028676481326692,17.37585262748811,17.662683530329314,2.0328958385846435e-09,0.00400044714801132,6.116588881531434,3.458244248632379,1.1715587133820877,0.0,13.213477934544963,123.42313842488231,140.44696967587998,0.7696362962520549,148.19300091061092,44.04316916660043,0.05977900333720315,0.03295010388726533,255.20000000000002,gm1_infantile
2.267034848373553,17.81549011383403,17.4472957519037,1.9123219953545496e-09,0.004030327980114275,6.1813427052060375,3.4213599891351287,1.1248722845752528,0.0,13.230475416539974,123.76041297312888,139.41316886493175,0.7610038366076869,149.60835890891465,43.951948369094765,0.06067416911367571,0.03357594854379238,255.4,gm1_infantile
2.3915162290429945,18.683446960155393,17.442332123043702,1.9361377235705347e-09,0.003820774072979563,6.066816900135007,3.3169944378093636,1.1148553675352417,0.0,13.234771491316968,124.34560234839023,138.1387798171946,0.7675383004423447,150.0,43.784029987505704,0.0596590674670577,0.03303633415850861,255.60000000000002,gm1_infantile
2.5064633639685336,18.097828178332197,16.05251184009057,1.4106053176845378e-09,0.0038926900112755446,6.199607942264906,3.4665335487962308,1.1308405354806852,0.0,13.221517473299619,121.98988128926344,135.3365244370302,0.7696349389755002,150.0,44.99017078108162,0.0594284605996753,0.03201973189573599,255.8,gm1_infantile
1.898783911747969,17.79795667681379,15.640455073898973,1.463374336138361e-09,0.0037718699003078944,6.206090914305435,3.5032260880963855,1.1750078331337983,0.0,13.252094988968057,121.38259647717508,134.79615531262394,0.7830592116412908,147.4378364316999,44.783175899147096,0.06082785893232698,0.03184134442557025,256.0,gm1_infantile
2.9265472342846937,17.403239618063413,15.664909848219871,1.828472607768099e-09,0.0038345960982680586,6.199330446386658,3.5784178885125746,1.1728029752785984,0.0,13.221358607408337,124.36642662921038,135.20735214359726,0.7540140419511571,150.0,44.82274167986268,0.060169612585482465,0.03138543133651367,256.2,gm1_infantile
2.3193997663844312,16.672751618758184,15.19803368403238,1.5672131104113737e-09,0.0037933224804742468,6.134465476887631,3.6214059049901124,1.1693682664026053,0.0,13.23912520658557,124.31853243866924,133.38051574790074,0.7719727887359736,150.0,45.83948512217604,0.06145664845365373,0.03103699394118182,256.40000000000003,gm1_infantile
2.328526316481574,15.587170091031348,15.565827541345755,1.4568460417681634e-09,0.0037417558457478553,5.858840150337919,3.581477624461155,1.1300786402994918,0.0,13.264017373272932,122.7214056915215,131.73603802627613,0.7732979103211822,150.0,45.62468737326436,0.06338195219793624,0.030135565372050418,256.6,gm1_infantile
2.379553786860233,14.368816059970657,14.349742809676355,1.5071182562092829e-09,0.0036449378704073447,5.705450355477945,3.6087997773138447,1.176588500284254,0.0,13.289704613496374,121.33314567327506,132.2448889600109,0.7780128965802229,149.2200172905377,45.75872664948883,0.061504311032946984,0.029689787423999883,256.8,gm1_infantile
1.8290526749374028,15.640677815405622,15.007702312459118,1.687356731095077e-09,0.0036359485051067693,5.690549796185171,3.476598727232287,1.1701545175305212,0.0,13.306496511053242,123.00088177359162,133.5769229215587,0.7900582524028246,149.54136359513362,45.19179649534499,0.061310976081815204,0.029186963947989066,257.0,gm1_infantile
2.912759944927836,15.252942162484151,14.851854552101056,1.8796870419949183e-09,0.0035607423221628255,5.782345331616849,3.3755615878445475,1.2004647587693449,0.0,13.330836804151744,120.8666853421348,130.87712243159058,0.7975865484193532,148.93414090223848,45.17163527520112,0.06028886369971742,0.02976378205927292,257.2,gm1_infantile
2.29957626240421,15.595165162816267,14.000978972843523,1.993355941784961e-09,0.003467484957756183,5.7072888402947575,3.2834166048086915,1.2020993956084536,0.0,13.337296046265072,120.27400870206144,131.09102883154884,0.7981346355546547,149.24437467857337,45.314186035785504,0.05878088360435828,0.029809047534342888,257.40000000000003,gm1_infantile
2.3435588737261734,16.089568906445276,13.267780077075157,2.3843599922830615e-09,0.0032683391708581535,5.873556313133683,3.193940205472265,1.1770412111705677,0.0,13.355460720391257,119.94167378488537,132.69190170787743,0.789129588222914,148.62282280155722,45.165284848214164,0.05795828395072885,0.02852178206745967,257.6,gm1_infantile
2.4641606386814967,15.986515371892706,13.897795205260593,1.8906945001937923e-09,0.003208053466273713,5.993969087305493,3.272944619148814,1.2069796872027665,0.0,13.368840972115457,123.03331905403383,132.87256408013826,0.7779329584821866,150.0,44.85827719353528,0.05769789173353433,0.028733980521138937,257.8,gm1_infantile
1.8286269989650763,15.5804941880105,14.14954017816403,1.630194955135513e-09,0.003265004223113841,5.881589257943959,3.217222833365557,1.2647095313837609,0.0,13.367741542824417,126.24025087089433,132.8387519830307,0.7915558706568211,150.0,44.89018467009622,0.05741185567735461,0.027379374487945286,258.0,gm1_infantile
2.8723312061605597,15.68592784968141,14.232188868544709,2.6768803379082627e-09,0.0032717045126591615,5.94092040159248,3.365708369059632,1.266425117651809,0.0,13.365014203308661,125.74742502004536,133.6500238699758,0.7891679737325864,150.0,44.32267658115593,0.05748381810445738,0.028322404622567507,258.2,gm1_infantile
2.234916270043214,17.433881195333218,14.272008605662899,2.5754090379348933e-09,0.003266342445115214,5.9004401282332815,3.211210912929587,1.2754040102841784,0.0,13.37907886981594,126.76568541905786,133.33822880736435,0.800921914092474,150.0,44.52028822249389,0.05539012785639911,0.027964500012765958,258.40000000000003,gm1_infantile
2.4013508781078854,18.236514626762364,14.857202858253254,1.992261423432094e-09,0.00314631026235852,5.955016689594508,3.192724023679818,1.2848764119636866,0.0,13.375834080448966,126.80499920944743,134.21650413172426,0.789269449067181,146.2669796445476,44.6603368168897,0.05593369525758339,0.02857727989792574,258.6,gm1_infantile
2.490184847342507,18.954309310151196,15.160576629760444,2.4466814585212736e-09,0.003129044138281659,5.766073597531511,3.228195761699229,1.25846499357998,0.0,13.329770260373442,126.37260628571322,135.80260520221987,0.7875599376438375,145.86004767554996,45.85423713030027,0.05449746472853482,0.02935102313824808,258.8,gm1_infantile
1.9507549153322044,18.66525657535426,15.123218730655127,2.3550045620372477e-09,0.003128502064853074,5.697766558457654,3.241597420475596,1.2362572506658471,0.0,13.320211073797422,122.72960900377342,135.99048825037585,0.7815153509337768,142.44646223438573,45.671563823540964,0.05392442187869241,0.030173951348627617,259.0,gm1_infantile
2.9547400862372393,19.18397929692926,16.066521748514337,2.0633073764078812e-09,0.0031118850345679488,5.869423578084804,3.315669539703372,1.2493479074361513,0.0,13.340390826708347,122.77838711086379,132.6982749845867,0.7773853481600905,140.41444481344752,45.77330911360327,0.052720750848677084,0.03047144584564213,259.2,gm1_infantile
2.3148761404106044,17.970793429208644,15.678875856522831,2.2219661014896707e-09,0.003179566617889147,5.767925528115916,3.2453345324502565,1.2999702111826534,0.0,13.342819467185159,121.68030640468372,133.0995733985551,0.7949910756639352,141.1159974776862,46.464484913962245,0.05264809978220437,0.02975335062776203,259.40000000000003,gm1_infantile
2.408571110354146,16.861402224668055,15.777581149016484,2.6264737878145128e-09,0.0031775215309377265,5.7289240167897395,3.2230328117166938,1.2884463427292476,0.0,13.308725739556008,123.27703555884393,132.62112293371032,0.7912874904465889,141.0142754915366,46.94886113659571,0.05273688833188833,0.02923677687317347,259.6,gm1_infantile
2.4770649616020397,16.67747245818132,15.90783556303144,2.5330343530397705e-09,0.0031551841860019535,5.726418995436594,3.271582307968163,1.2434282373566916,0.0,13.294080822552841,123.60274013618785,129.02361141357227,0.7885144084867979,139.16783090337378,46.363935446228574,0.05556394256900934,0.02937459735286073,259.8,gm1_infantile
1.9521111426347013,17.472571226550897,16.529829847537602,2.3832009014991003e-09,0.003257145168257946,5.806552599769516,3.3197847237856983,1.2469076903755334,0.0,13.295334682910045,123.6409227693083,129.7124804309068,0.8066628120818697,137.16363872586578,47.11005185327836,0.0549952147272844,0.030194452738615932,260.0,gm1_infantile
2.9646491912772306,17.744897113544702,16.319740443234274,1.766493154826391e-09,0.003372417892513686,5.702046990136849,3.3560497271482013,1.1991666313173002,0.0,13.288944221635715,122.77062458394904,127.71938451228178,0.805648813142159,134.70177154374701,47.216451773779646,0.054727432806938626,0.02853955284083515,260.2,gm1_infantile
2.2849706209373495,18.27466945018247,15.481946394684984,1.884937477463789e-09,0.003390871122693586,5.592015635787077,3.388175594363521,1.2340252913918022,0.0,13.282530970479652,124.79371733067708,126.28823514160808,0.8100633852390581,133.01617110798682,47.141185882529804,0.05516645642945587,0.027021598359230445,260.40000000000003,gm1_infantile
2.393808730707506,18.620324778908408,15.597756308158441,1.6328795071550655e-09,0.003293742424301065,5.648301115821237,3.4002661434566854,1.2591220297064665,0.0,13.26895015048216,126.7080038753581,125.31888645854016,0.8225799548010859,135.6542257636171,47.83692005229285,0.05483286385847267,0.02858133037737827,260.6,gm1_infantile
2.5117718590042375,18.79385063061573,15.545732294129946,1.2044641426410105e-09,0.0033765076738055733,5.58366057232852,3.5195815447691285,1.2947572493866215,0.0,13.248136564369778,126.22727325789745,120.93462730028513,0.8206606941687945,137.36876382736668,47.70878001138048,0.054003218082691394,0.028366783346085434,260.8,gm1_infantile
1.9788293873467342,18.68846440442435,16.860200741500776,9.385829504156837e-10,0.003378598582512714,5.53353885710741,3.744778157660903,1.2909377438055452,0.0,13.235398580370155,128.94049397411095,121.17311308656271,0.8293400101544498,135.37620795187635,47.95687556881531,0.05261890421534559,0.02850579252882444,261.0,gm1_infantile
2.933404057480433,18.442352108087444,17.632399708170794,1.0695100923005561e-09,0.0032723034770438184,5.341873423453878,3.7880661017291932,1.337687497110442,0.0,13.297319543640539,129.01789498528646,118.07696751318335,0.8115479504108524,137.02889132349927,48.06384010965104,0.05428618860804064,0.027727647759023966,261.2,gm1_infantile
2.3034898088116034,18.502086607388343,17.41599903506005,8.585764839731805e-10,0.003231964767381124,5.351940091660023,3.821451789673977,1.3352981288323094,0.0,13.261349858944323,126.00837763661248,119.75299068722957,0.8009633483851079,136.5716278451556,47.69383753279689,0.053412864657017715,0.02681422828358831,261.40000000000003,gm1_infantile
2.405867820576685,19.080010198434373,17.317091343552807,9.729164282267005e-10,0.003182576456685109,5.4324607337935396,3.7677013035270916,1.2509338785632274,0.0,13.283826477149368,125.16711200180991,121.74501590852746,0.7915553769223658,138.04704800604082,48.8479478864191,0.053348810649635495,0.02665565396497748,261.6,gm1_infantile
2.5071140609659683,20.743927347857642,17.552923668773836,1.9493904119729684e-09,0.0031889853690625636,5.362583528062442,3.706944121913285,1.2603246848550873,0.0,13.269426204499728,124.513107893599,122.18216881969538,0.8121328015085902,138.38203834817125,47.624038185001645,0.05216175182259476,0.026789414035566814,261.8,gm1_infantile
1.9113209202927033,22.52233262097194,18.276468335647095,2.2358297726540414e-09,0.0031599864905576033,5.462428572539294,3.6302889005485883,1.3020353164226697,0.0,13.226233293683416,125.61480603703988,124.53833011061633,0.8073211072476725,141.5456076977732,46.60263020180051,0.05067925005971619,0.026678501794145448,262.0,gm1_infantile
2.9323794427122527,21.44453392553256,18.360021680274937,1.9780098296906536e-09,0.0031212934239207234,5.482947593089116,3.575496829486271,1.2870274584342778,0.0,13.190327834404798,127.01070208543258,127.46240015547791,0.818506266230266,142.3926209373248,46.23232297787181,0.05025312137270385,0.027293427829130867,262.2,gm1_infantile
2.1491474522767278,20.988181213921898,18.91819618488038,1.5378021760634224e-09,0.003137717893153942,5.5132309382802305,3.453481379944905,1.2813720397976966,0.0,13.20230937118062,128.25369469816576,128.17706501588597,0.8187948835610619,143.15693003252923,45.539193313643295,0.050117365893737664,0.026787862727575638,262.40000000000003,gm1_infantile
2.367898171147661,21.586175002430483,19.419858385191574,2.198341278056314e-09,0.0031013163068927597,5.452523186302922,3.447328767068532,1.2170179214799546,0.0,13.220360795990768,125.96698120658206,126.37073206427124,0.8171486513208636,142.5749099513056,46.116958048892464,0.05008432594656267,0.026290612399062496,262.6,gm1_infantile
2.535949414219835,22.287998162169117,18.14915909158151,2.2140480108183685e-09,0.0030389433737085885,5.373961369564309,3.6553364168179554,1.2312534884846933,0.0,13.222574872693402,127.55392847261875,125.22013827433219,0.8108680199866327,144.04705367785903,45.21935387290188,0.051105296004511615,0.025341127431833917,262.8,gm1_infantile
1.914111752203577,20.30643611942165,17.284383528088128,2.650459401593526e-09,0.003097830558127397,5.479208155800754,3.5308631768079786,1.2113070489354265,0.0,13.24344376816562,126.28735089654818,124.28752670958382,0.7982604322655539,147.4903471227235,44.96685631136337,0.05103761540442608,0.025366699448230248,263.0,gm1_infantile
2.998186395156463,19.078596951390537,18.162555989314882,2.151292232499427e-09,0.0031664661946338092,5.3069547360714315,3.5460034704813763,1.2808682550472175,0.0,13.255626014851703,124.6229752175997,123.10681508385099,0.8124051777993168,148.6134196722644,45.54292033956616,0.05101882529189608,0.025185595781893413,263.2,gm1_infantile
2.3967641703062568,19.39319539709718,17.91987700721004,1.628854091474964e-09,0.0032212699065460484,5.342420742238864,3.5238838099108385,1.3269648047976408,0.0,13.263137330666892,126.21589696180455,124.2577036889109,0.815253579123113,148.4176114297172,46.804529680331534,0.05008578911569871,0.025587700190656676,263.40000000000003,gm1_infantile
2.5013911500669344,19.785796140141848,18.845526616062642,1.44685822486207e-09,0.0032512213619910794,5.361322999743854,3.499479927222593,1.3631818229674932,0.0,13.249957603849145,128.19829473308332,122.91797941091274,0.8145377714411078,147.74612134527234,47.306952185516344,0.049450994475428896,0.026003507851705673,263.6,gm1_infantile
2.618836807789806,19.31633122180644,20.341348247878614,1.1294368141670454e-09,0.0031365827196921207,5.437474512313507,3.337335554099597,1.395972067133459,0.0,13.207448494754122,126.66902139628776,120.29464891894827,0.8183254161465449,145.32345483279903,47.652902684411515,0.04901617854043389,0.02570633647955777,263.8,gm1_infantile
2.0209801277307817,19.942136183492643,21.24339239401932,8.444786475089488e-10,0.0031211622327962218,5.369357961074445,3.395358683804769,1.32620341104318,0.0,13.194782885546648,127.26647648593298,120.34788442452289,0.8234237877309268,145.31154343846092,47.30849641224349,0.049127924626823166,0.025162432998396232,264.0,gm1_infantile
3.0573573981443705,19.468056604711315,21.25864733881688,8.441184930474321e-10,0.0032216726637870493,5.399580910817636,3.4403555482993218,1.282556936630367,0.0,13.186516151080578,124.78391630493986,120.08163389963094,0.8250753393464294,143.92117098004152,47.25975510547734,0.04895079454832699,0.025109443781798323,264.2,gm1_infantile
2.4754515422577104,18.201942869701686,23.088363635696954,7.502698951624978e-10,0.0032500494204110893,5.405357470819214,3.314455883405388,1.2374651252801123,0.0,13.21555277738237,122.59350781843118,118.75989679199719,0.8264060431404788,145.0407592091577,47.56770352016705,0.04778769501644986,0.02420691884074923,264.40000000000003,gm1_infantile
2.5956822365195196,19.639464292763552,22.455685121630044,3.4443401458383883e-10,0.0032051460411194627,5.437052377868373,3.333423578968603,1.283542363956353,0.0,13.220703901159453,119.5358402248937,117.71430158733754,0.8198442961300135,143.79317596325453,47.71479561788727,0.047919025452207366,0.02329738737576448,264.6,gm1_infantile
2.7041235988850114,19.61624746508935,22.592939222747493,5.74995483503e-10,0.0031370273850752054,5.554337378606297,3.357379861422508,1.3218663347060924,0.0,13.262992815546193,118.22197334793522,121.86331463648914,0.808953408785757,146.05032042297154,47.50792202894476,0.048595686516186294,0.023256832095553702,264.8,gm1_infantile
1.9906027630966818,16.87600056905321,25.039041319388026,5.250767427945322e-10,0.002924013064664936,5.577799331278669,3.4431391383274685,1.2631380314340144,0.0,13.262105962526478,120.27728516436562,122.07141616305002,0.8244950269057145,148.47657654770444,47.38771884575169,0.046821668116461546,0.02311973608629561,265.0,gm1_infantile
3.0319663260766525,16.864073572354993,25.38834935651638,8.063781107461902e-10,0.00294650110202783,5.543678190939789,3.4927387108758245,1.3170330666915808,0.0,13.276265933264058,123.39396593345415,120.2069194857223,0.8350393153873221,150.0,46.483963275751485,0.04747922511220364,0.02296019309557054,265.2,gm1_infantile
2.3664945130903448,16.720162613773375,26.54022545708099,6.856917308108142e-10,0.002903610837323553,5.492924851381017,3.457260614142227,1.2414015500984448,0.0,13.27946089182042,124.17655559256049,122.21309616496819,0.8370960996406237,149.22087745178143,45.88728006596039,0.04769729987398944,0.022880511318359328,265.40000000000003,gm1_infantile
2.4784262906122874,16.977372759826114,26.742392668325625,7.080755686031488e-10,0.0028802204260142588,5.408148511947339,3.4027198153777154,1.2539611404346955,0.0,13.239253159444969,126.23155599793688,120.72137265528819,0.8368636606968765,150.0,45.921278262983314,0.04503122746762498,0.02306168141895102,265.6,gm1_infantile
2.6425203055402533,17.744187543666747,23.901276064869517,1.6794836349221179e-09,0.002783855541656699,5.298324481655129,3.490621735701363,1.2546514650956646,0.0,13.222109379048751,128.605295429199,120.7050992381304,0.8188943798658724,150.0,46.08846070743483,0.04607763787384965,0.023339107642513804,265.8,gm1_infantile
2.1540732681291512,17.486628980692572,23.60340522454621,1.8824543786237744e-09,0.002753177668972162,5.368564814861594,3.248466386005416,1.2507776899134389,0.0,13.2176965499084,127.19113229594333,122.22886453722192,0.8129783295775384,150.0,46.09667763337877,0.0465030084740663,0.024077686773399554,266.0,gm1_infantile
3.1420086990165665,18.237023622967175,23.444795661793368,1.635563836048006e-09,0.0027327757820736734,5.334894167818133,3.34803556453727,1.2502549865685533,0.0,13.210840536750034,124.70967681537061,121.97016389113791,0.8125900705808551,150.0,46.9693526775494,0.04534603785727714,0.024165580611766303,266.2,gm1_infantile
2.4696404335564557,18.132583892914354,22.9815768710207,1.4394501109931512e-09,0.00283799257128275,5.2888520952052,3.4187243345629907,1.166820690986245,0.0,13.24557289867694,123.0678262107243,121.17968231903714,0.817149024462508,150.0,47.29176028330861,0.04496412672684837,0.02517227965950894,266.40000000000003,gm1_infantile
2.5245409538268313,20.925438866525514,24.016185080134154,1.692462423544812e-09,0.002760671086432559,5.369155472838939,3.5107751069790103,1.1275160531299238,0.0,13.255871332909711,122.96058068775075,120.38916589910654,0.8286876051810449,148.40469085767737,47.03007442371498,0.04422796286273381,0.025439071772030523,266.6,gm1_infantile
2.5077558419363637,20.282261718998708,21.994859353284646,1.509936635106969e-09,0.0027939332374076766,5.434204440300622,3.4566679818648267,1.1726280931842759,0.0,13.295978428496957,122.8594604867305,115.73113095476107,0.8381958238809549,147.67421653144905,46.884717488077136,0.04447246929288861,0.024619150828163114,266.8,gm1_infantile
1.9107794373168678,20.791994628335736,22.16081635758072,1.2359271448013396e-09,0.0028447164984820475,5.331481845768368,3.4211823632030978,1.1856994969179042,0.0,13.286033866293868,125.01477542136668,116.25035837268415,0.8384489499351563,148.3750546315277,47.37593716400597,0.044623164400127466,0.023621673163112335,267.0,gm1_infantile
2.9948659839783414,20.70774804363057,22.661964342977004,1.0207934225350475e-09,0.0027188025320744355,5.112132982315415,3.370601418825578,1.2217174611937835,0.0,13.294709063862715,123.36707466793143,115.0923590708326,0.8533625786542264,145.96966699186027,48.75662194022122,0.04644481467170789,0.024755778742840386,267.2,gm1_infantile
2.368005833771538,20.338870724847343,22.820454702183262,1.3129287718777383e-09,0.0026679720446470597,5.00620337106584,3.4034991555823497,1.218572433021643,0.0,13.276097423969578,123.63690519831167,116.68172750302277,0.8676649946699212,146.57192896039749,49.028941844011975,0.04530651003768319,0.025306824384620813,267.40000000000003,gm1_infantile
2.551881036455825,18.291580831674306,24.471274063295752,1.0091494964846346e-09,0.0026923433103228627,5.00704218630174,3.460866930751196,1.2407091996832005,0.0,13.291358311630013,123.27366035575302,114.70736077705158,0.8552116699365931,144.24258156810478,48.70425667713827,0.04570887069464204,0.024885206375893035,267.6,gm1_infantile
2.6799931534068206,18.175549429552195,23.836990643393474,9.300020502873427e-10,0.002766202987101148,4.879629000449404,3.668359362514015,1.2923463311651027,0.0,13.326265734588711,122.85329027081586,115.21022978796749,0.8486088088510915,146.32705446082733,48.26479792969996,0.04556383094376228,0.025244053792135922,267.8,gm1_infantile
2.1009974639954927,17.420855832280935,24.35064027239404,5.563544841603234e-10,0.0026246373640822647,4.808827023548218,3.790146089661693,1.307676939412635,0.0,13.327619163425863,123.0037461189904,116.23663978638514,0.8301776619432356,146.31757445320773,48.36761371140916,0.04410201708661341,0.024455407998465566,268.0,gm1_infantile
3.075202340693634,17.365349858294532,24.026992543230133,3.011240946834747e-10,0.0025786600088399396,4.769134184312438,3.8498921920319265,1.367462763664305,0.0,13.34589859848182,122.93336749090712,117.11795430764396,0.8433731866311256,145.0340506546974,49.0061161789039,0.04279348633132299,0.02450370239130657,268.2,gm1_infantile
2.3868072258289765,17.544622597759968,22.659690211708767,3.991494826394804e-10,0.002660789143279692,4.681170351911652,3.896714942765974,1.403346682110571,0.0,13.386257366181747,122.33991740836287,116.99173902951388,0.8320465198767454,145.4784168754405,49.0273299579967,0.04331988879339332,0.024135888120400472,268.40000000000003,gm1_infantile
2.4621954344554142,17.971223115558494,23.83841960924537,5.769047008683403e-10,0.0027616666534211083,4.7222638716813075,3.986309400834126,1.4339329018151132,0.0,13.423051097475739,120.68782802568073,118.31177857610261,0.834987911382149,145.2957463011072,47.89415408182298,0.041766395274074844,0.023918800391441834,268.6,gm1_infantile
2.4762723385585543,17.633565994805057,24.304451897117193,3.1420812367210516e-10,0.002755088430965983,4.627069802845054,4.035112266247326,1.4453217343987435,0.0,13.400200292102609,118.77585753763022,119.17622964741061,0.8367508091585033,145.3953228655318,47.83555758225207,0.0419855985051877,0.024082072435513104,268.8,gm1_infantile
1.8553814971037998,17.04838839230403,23.910180525063385,1.778515155603936e-10,0.002873253786616638,4.5898415222169175,4.085771268009213,1.458286787644236,0.0,13.375614692189156,121.06003841380631,118.99204058432662,0.8652911729401244,146.30028996966138,47.07735326590043,0.041716998786547395,0.02479140828020085,269.0,gm1_infantile
2.909045679052821,16.891102286173048,24.359307416797563,0.0,0.0028475351936222497,4.507393478843237,4.298313709939683,1.4065851054505654,0.0,13.389674204652907,121.15873286300133,117.05886330830614,0.8536191567803143,147.5207931790867,46.61444554418929,0.039746104492753634,0.024985311172783367,269.2,gm1_infantile
2.221000153861009,17.591551834525678,23.790903094437553,0.0,0.0028387612642184817,4.411086326375912,4.2066110975830915,1.4091081507053311,0.0,13.41076185226484,120.78057476632355,114.86116610588664,0.8472253193563033,147.90623648377115,46.365264799104416,0.04002453790064711,0.02528628462492253,269.40000000000003,gm1_infantile
2.494823102364669,18.66515669280744,21.798252334424134,0.0,0.0028098214950221865,4.4513633057779325,4.1268932164480665,1.4090220480239672,0.0,13.392411902956855,119.99055825603773,114.44182504619164,0.833951408415931,150.0,46.68993431413471,0.03866971951526141,0.025278851038467276,269.6,gm1_infantile
2.494584800057113,20.026929378725736,23.20077173908604,0.0,0.0027448191559157954,4.3933954614681525,4.112389231537207,1.4267430339945377,0.0,13.420757927685326,121.6891429428347,114.76707016354433,0.8212956343963359,148.63074850974095,46.7566612890446,0.0375688952561232,0.02542910134971857,269.8,gm1_infantile
1.94189758068254,20.550444322690105,23.49228480687725,0.0,0.002816209710191485,4.266616382977124,4.13371582532091,1.469135641397872,0.0,13.382163226998289,120.02748533170937,115.27217330050894,0.8272226254170675,146.61870950023348,47.03198913424288,0.03624356730350674,0.025764194505954414,270.0,gm1_infantile
2.933391172356733,20.439398175664827,23.165593464133426,4.374654171082415e-10,0.0028195295955539225,4.215966614289024,4.221742454377234,1.5736475962005159,0.0,13.380091765647974,118.81768127654658,114.38366070217415,0.8351593723578465,145.07626501101166,47.06096117147163,0.03735669306791168,0.02582831942326858,270.2,gm1_infantile
2.2257682237781724,22.972719280289184,24.835854003061023,5.594023491279669e-10,0.0028891258715731025,4.190773687866457,4.349913006562101,1.5554052771974092,0.0,13.457562634883828,116.72670118202889,114.90439489119355,0.8387223375423478,146.28157469029776,47.0315187305012,0.037217356906870655,0.025885656264595037,270.40000000000003,gm1_infantile
2.3999780932265105,22.753809362644233,24.541475598909678,1.223712265854905e-10,0.003009865447544436,4.226054223105337,4.403843451188693,1.5311192180649906,0.0,13.483163455550187,116.61520447725736,115.92770763262968,0.8240004056674207,149.540187727688,47.63097991467151,0.03707734458510472,0.026135065746831804,270.6,gm1_infantile
2.5484129798954718,21.00488093553626,26.237330314612937,2.435726568170257e-10,0.0029500586225760937,4.138846619449534,4.543197969737054,1.544560765053337,0.0,13.483664025194479,115.19595152537771,116.78081694336906,0.8222317897639155,149.67136432638156,49.19899448454077,0.03773303775858052,0.026659525067072313,270.8,gm1_infantile
2.097221313898047,21.360051411784795,26.06892731771012,0.0,0.002907819195178395,3.9850259768240384,4.651952518616756,1.4976809332531993,0.0,13.48206345399422,115.5388868788206,116.77167038932883,0.8381689080123239,150.0,49.19830403247236,0.036908594998678594,0.02719256926215351,271.0,gm1_infantile
3.0441924529458437,19.465194260954682,26.360901240417668,4.669621393383729e-10,0.0028692412852192742,4.009111591966614,4.619210552495386,1.5536095632062688,0.0,13.473837888758379,114.10040836714178,114.56855358743971,0.8492006865931396,147.90239865080508,49.46284641990335,0.03748392422217191,0.026865437692236552,271.2,gm1_infantile
2.3685855936256504,20.605430319880234,25.075320412160046,1.2038081361095588e-10,0.002842048308169241,4.096931172793029,4.841455088613652,1.5621418090054822,0.0,13.50563295916635,111.72296577498736,115.01251233702087,0.84916687778628,150.0,50.41455359697305,0.03662896154613012,0.026942614406008113,271.40000000000003,gm1_infantile
2.4544443239477256,20.173598146100076,25.49441385282769,0.0,0.0028423203129213236,4.1626925958451215,5.033011631664119,1.5812026864341635,0.0,13.471930856296883,114.28429130138973,115.84156855506777,0.8511009387242526,150.0,50.67246179152264,0.03719508660517445,0.027463680538893174,271.6,gm1_infantile
2.6396959820177015,20.36080907229137,27.266748831235358,3.8602441099052053e-10,0.002826421297944897,4.035280425468418,5.00720473380952,1.6454545917463175,0.0,13.474112084302437,114.68647693855146,117.3746091326858,0.8469903979823621,148.43271525594452,51.073761881407954,0.036509202286720784,0.026335202434780994,271.8,gm1_infantile
2.1176950807954933,21.3587433274451,29.303472784278554,6.752754293787175e-10,0.0028577356373330207,4.057151847315756,4.957488143171227,1.6578260056107745,0.0,13.441632589101602,114.32335910116804,119.48173796963357,0.8335555853105164,146.20997267025191,51.4912174210372,0.0361006640081277,0.026599400426632665,272.0,gm1_infantile
3.1523439523712997,21.721360024900715,28.090836345327915,1.1610301422084697e-09,0.0028934060561912936,4.054170386970842,4.92563392214839,1.6553882949961125,0.0,13.392391419440782,115.62816518061098,120.64463107272142,0.808733567995043,147.4065853316948,52.72790626573463,0.03513166232437189,0.026532365287977745,272.2,gm1_infantile
2.4492451078460262,23.765830731735676,29.184831194228995,8.090929173766884e-10,0.0029033283228930037,4.219686837252113,4.821909135168133,1.6390850398400507,0.0,13.373833676039075,118.53888143855148,119.92958256964896,0.7944709552766214,146.55735546792278,53.19579820590611,0.03444235861305541,0.026688908062343034,272.40000000000003,gm1_infantile
2.5767564692702543,22.090200503907244,28.124019277812717,8.602611235581833e-10,0.002936948174792012,4.174071087778206,4.806675872470427,1.5982902156794059,0.0,13.389074744949024,118.07757087583504,120.75125640277345,0.7906832384159931,147.64912800961278,53.53522776232217,0.03625055645031136,0.026465485203955738,272.6,gm1_infantile
2.6344980422889215,21.229667149235826,26.513311881395133,6.277129373752589e-10,0.0029684695490197035,4.22442796830886,4.820237142771778,1.5720256229800844,0.0,13.361352747365954,117.33172084498196,118.71864487845545,0.8058822793962946,150.0,52.163467803098946,0.03641554629911324,0.02660413854376732,272.8,gm1_infantile
2.015211590074156,20.49337950267045,27.441038224796877,7.07800929391429e-10,0.003025289083382094,4.163921852961649,4.617647796834039,1.5820268427280846,0.0,13.392597427109955,114.16792729542335,118.02710113147772,0.7997745237776909,149.50478872446112,52.35274432526886,0.03666912753703345,0.026964120764150057,273.0,gm1_infantile
3.0613985507082386,20.134226612629277,29.792030528592228,1.2479202277315847e-09,0.0029914000016372138,4.148665848905188,4.573908896144435,1.589659523118445,0.0,13.36867287754094,111.0454418133148,117.45162366738796,0.8118987717497537,149.3748021736656,52.29071603867734,0.036827064363389644,0.026343004511779265,273.2,gm1_infantile
2.3946823654086344,21.179971539024532,29.762945307806184,1.5687220657553397e-09,0.0030644391037895407,4.193100876164221,4.48340911069955,1.5617289115281427,0.0,13.377766902651647,111.47718794168348,116.15988066240418,0.8114613493984545,150.0,52.306860604568264,0.036330515321320096,0.026151264338756443,273.40000000000003,gm1_infantile
2.568968295914828,21.843321904787974,30.067930252956554,1.6597148642351749e-09,0.0029714227795621584,4.208504087602111,4.614080826438538,1.5400312684159294,0.0,13.393785536876178,112.8820061246868,116.29805156647889,0.8216900876993345,147.2536652789685,52.335796854544874,0.03684443707031481,0.02630241849440052,273.6,gm1_infantile
2.7004155457525796,21.565617315251348,28.93292426266516,1.102504493601895e-09,0.0029407128803723252,4.242489273441023,4.69384198359866,1.4753286358138578,0.0,13.364332636569172,112.85299247665702,115.47233058967771,0.8267453368387794,147.62588657564424,52.8195437327659,0.038323348235066584,0.026514463949741017,273.8,gm1_infantile
2.018365736823319,22.043924098254642,31.17990208223156,1.2804899345767176e-09,0.0029910577095777864,4.118111156314065,4.718881214194181,1.4706366259371555,0.0,13.363365034621076,113.1720243322551,114.56953331715644,0.8292188566928135,147.46700038554252,53.32322662655218,0.0384439460575797,0.026715018876146537,274.0,gm1_infantile
3.0741726965845286,22.500395072944013,30.73389632694821,6.739184488370989e-10,0.0030129022750715814,4.046475397685015,4.689293336967889,1.4967415539465938,0.0,13.418228923154933,111.93505171734611,112.62748099666773,0.8333322395842373,148.13254162473433,52.47182227804331,0.0383546816238914,0.02705096126738382,274.2,gm1_infantile
2.319257726024979,21.32090603993011,29.44853469420267,5.223215346901459e-10,0.003047213436087484,4.0179883996734915,4.690091501240442,1.6018337532617324,0.0,13.398348855934268,113.11620052307745,114.1979229031183,0.838508880378011,150.0,52.700759487440386,0.03662263743792621,0.027085982169964693,274.40000000000003,gm1_infantile
2.4175734220501335,22.83287980689486,30.345122874101126,4.0037506986529416e-11,0.0031276594792706246,4.081188275770015,4.650329070427656,1.5937713701889413,0.0,13.339111841313214,113.9475166952268,115.9490988926214,0.8380341427803712,150.0,52.77778704229152,0.03591555181503519,0.026576719607562558,274.6,gm1_infantile
2.560477699226042,21.910731374940994,27.95397487019257,1.9922470270522968e-11,0.0030786896019930694,3.989641959660541,4.654043553106895,1.6169620818632475,0.0,13.307046685867935,114.83641703513712,117.62987808385677,0.8637492408797882,150.0,52.07443517559368,0.03654253728987985,0.02670656789998036,274.8,gm1_infantile
1.8815325065059132,22.142389287560945,30.114780765161367,4.748635990630512e-10,0.0029966281885417463,3.9857900678231495,4.728031345842575,1.54133476298886,0.0,13.311349095518723,115.2413623080154,114.8188063321235,0.8686541063382232,150.0,51.92874766009324,0.03652108717512365,0.0270267342944614,275.0,gm1_infantile
2.944089534605466,20.004245108967485,28.518317636407875,2.6901702553891174e-10,0.002926766535827006,4.086913296348804,4.808230740211633,1.5049894934381192,0.0,13.344738326845153,114.391189674142,116.20022885087222,0.8852947060880068,150.0,52.061782193324696,0.03748638540658447,0.026689256700962335,275.2,gm1_infantile
2.4720238636663026,20.30168933909815,29.614453135106878,7.808185259846645e-11,0.002947194205004349,4.121871270520714,4.674133162581309,1.4788425040807525,0.0,13.377461668380263,111.76313460266086,115.6945889961952,0.9011597013960251,147.7130792691197,52.95162050482826,0.03647988931870052,0.026124413095710383,275.40000000000003,gm1_infantile
2.554935319921522,22.379986439571187,28.34815134575472,0.0,0.0028437273924197446,4.186172254612774,4.497230705680551,1.5393595887852094,0.0,13.376195383906685,112.36870823180448,114.51799563384739,0.9028682632316086,145.5514832224079,53.9215879976676,0.035580812666717525,0.026359209130888975,275.6,gm1_infantile
2.567614698612759,21.628995396616126,27.53650775250817,1.571499370121505e-09,0.0028307231062601715,4.120016253894224,4.4479372284959835,1.4760131939676644,0.0,13.431375158289974,113.03287018351104,115.97726081116471,0.8918821354812579,145.3498992277961,54.06836481635381,0.03493934331138761,0.02657278430005661,275.8,gm1_infantile
1.987644590516926,22.17303388741486,27.016545921134092,1.935594179930042e-09,0.002802433134286377,4.089376368308518,4.6420979474300035,1.4506451411087813,0.0,13.405034706979691,113.77534172363062,118.05094041721642,0.8841118636065519,149.12805253529532,54.086566434027645,0.034781514176534425,0.026049069755956923,276.0,gm1_infantile
3.094766810647778,21.762157754064024,25.14978822386055,2.9397113214943027e-09,0.002815300458194412,4.143278721438671,4.861082659464691,1.5013335885984693,0.0,13.40636156322212,115.05152363415068,118.0509061568696,0.8840473054912364,149.54446715006654,53.797762473047385,0.03510856165167734,0.026320037652584387,276.2,gm1_infantile
2.4754912226112165,22.52277883187912,27.242553924008874,3.255166169624441e-09,0.0027903187692542276,4.171962760034371,5.031856497578149,1.4795906586284304,0.0,13.38285825050308,116.59500073311776,118.11541376674198,0.8835673649239003,147.12771198770665,54.45629815875391,0.0340435748388633,0.025461365151715765,276.40000000000003,gm1_infantile
2.630720244823314,24.645834667431284,26.137788726421267,3.543819879240845e-09,0.0028286005414361265,4.160102794463191,5.171465603550241,1.4869596147033588,0.0,13.345090689118532,114.85512014593351,120.03640208958659,0.8902254906651179,147.0335144651562,55.86485514727365,0.035452703469322076,0.02569024225624556,276.6,gm1_infantile
2.599388890021881,24.31424144411047,24.96391639959377,3.4813756224698606e-09,0.002757978692030764,4.067006980401071,4.8143145872018005,1.5092568920552405,0.0,13.33523769509412,116.07637330476439,118.92824022446516,0.8774334126850771,147.08689640343022,55.238320297149535,0.03553133334807316,0.025081217744192752,276.8,gm1_infantile
1.9701414229877248,23.68283298148551,24.760717134537625,4.021934756765737e-09,0.002758607242810369,4.09898590948979,4.731559284213801,1.5388795306053173,0.0,13.33582198015622,117.23264152057779,118.18461929334882,0.8729976264586253,146.31717088403917,54.85845462298278,0.035599930582477284,0.024855882159666238,277.0,gm1_infantile
3.0599442119232143,27.04063631346129,23.94060847637484,4.025679431662501e-09,0.002811655085802622,4.074627889349786,4.609209013730838,1.6246906844139708,0.0,13.345028597245456,119.67280035670242,119.46594163726681,0.8726699216687507,144.60352636786865,54.491774935964386,0.03650247738808084,0.02521607794348672,277.2,gm1_infantile
2.379100446976185,29.54455888281233,23.679686660278303,4.29163781892457e-09,0.0028135736004621745,4.2130567253291975,4.722942792500021,1.6249220927753931,0.0,13.344269620542093,118.64032338296413,117.34599775829508,0.8765512074280497,143.77191251912163,54.097918804312705,0.03635874173785914,0.0252234495812078,277.40000000000003,gm1_infantile
2.4928536336576492,32.02717832593157,24.36652693106277,5.0043952523728395e-09,0.002774133130265901,4.267459051407074,4.667929071024387,1.5881544413682098,0.0,13.3210685178572,115.27195465354517,116.2925310595235,0.8533554092799163,142.15254051942324,53.476613074701696,0.036316475284098676,0.024071842964888058,277.6,gm1_infantile
2.6464356531726705,28.508134210175204,24.241003934870545,4.768838243973582e-09,0.002814013282477815,4.289279171902848,4.809244026838975,1.5623343270301104,0.0,13.333070197068409,117.01917889426261,117.64538342387233,0.857243406469476,142.80915461091678,53.45145314575756,0.03657987077586164,0.025171148878562866,277.8,gm1_infantile
1.9976361048668299,27.6437440097259,23.70029910148822,4.793755195655365e-09,0.0026717137067621215,4.273755274532181,4.898002316879109,1.5341556804457372,0.0,13.395805501929555,117.67833269270297,114.21918947539037,0.8413336774984344,142.53784362735175,52.87907695382906,0.03659307049597785,0.024983853974846357,278.0,gm1_infantile
3.066503312674172,25.65399900234942,23.410129538845005,4.755215635980116e-09,0.002680816534559168,4.2798397334295775,4.559763825762551,1.5399539685985684,0.0,13.421412586979217,118.96000445627604,114.65245281406523,0.8451390992839346,145.35767584017964,53.704742104511475,0.03674701468275049,0.026189088625567424,278.2,gm1_infantile
2.3540569307705232,23.937449042214762,23.28876758388993,4.50722945848089e-09,0.002525711969054964,4.224972244023457,4.605080243405264,1.5388646419804382,0.0,13.422380904552748,119.2860458447062,115.82018912108785,0.8381310114350701,147.26776142609603,52.92460259298854,0.03626337205067794,0.027179606583665163,278.40000000000003,gm1_infantile
2.420156154534816,22.879706619315552,21.872762750482,4.109479544916368e-09,0.00252280411935268,4.273516598023412,4.607890618711766,1.5315812810460123,0.0,13.400273017342942,116.96556617074316,117.02998527588421,0.847571288891452,147.37404675634718,53.24211979837668,0.036908990463192334,0.027216579058063108,278.6,gm1_infantile
2.6002398907440747,21.47428443585695,21.405417021494085,3.8412753399778346e-09,0.002548858207006627,4.160029435793953,4.794515274566384,1.562128450920444,0.0,13.39875589369465,116.24277227061751,118.12286524745073,0.8595965633749008,146.15388008859807,51.836156024963266,0.035359203829872704,0.027351467106681935,278.8,gm1_infantile
2.067947986413767,19.925524256889044,20.998089171174325,3.6190354050963844e-09,0.002649835126750359,4.326396696970286,4.849607579105781,1.6108436759598277,0.0,13.360150219063456,117.47783289251956,116.57193476173353,0.8578775888689668,148.59761061064722,51.900040274859485,0.036171920563106225,0.028132883740416833,279.0,gm1_infantile
2.98751099901338,17.571420969737574,21.944996182990764,3.979004825164863e-09,0.002653820759717991,4.3514989903957435,4.9434651538675345,1.6368966511663623,0.0,13.388435396925614,117.06853087454478,117.01120119645746,0.8602978953555203,147.07339107138705,51.39256983542465,0.03795289684579751,0.02755200039044255,279.2,gm1_infantile
2.36163137351806,18.231937130173172,21.6332714959199,4.1245697054487056e-09,0.002662136146861771,4.278917680653349,4.975484302630256,1.5908538600059434,0.0,13.400987238022765,116.11119702539533,117.60642724297723,0.8497673741527206,147.76996208890765,51.24655535576774,0.03718247614030126,0.027014889348956884,279.40000000000003,gm1_infantile
2.6112727895214904,18.27680579777195,20.98654459157216,3.809290570601551e-09,0.0026790170493148956,4.2250761582193554,4.798463739595377,1.583942273436845,0.0,13.388194873172026,114.87215292164932,117.04630837884581,0.8446370507783504,146.7522617583128,51.4469778674598,0.039006080698436967,0.0278071275630721,279.6,gm1_infantile
2.7846987396301066,17.731235029096855,22.40523680312883,3.792519838787208e-09,0.002727370635581592,4.254601281738657,4.748010706508065,1.6166478608806627,0.0,13.3350642368406,114.82718835275601,118.48085258435519,0.8480741320985937,147.86824019395556,50.94009386252122,0.03915272275145545,0.02772225732736618,279.8,gm1_infantile
2.10435734162408,17.156756824173872,23.07166203999557,3.819469634328197e-09,0.002730734087488971,4.408304392309867,4.799004172621908,1.6585076922676174,0.0,13.32423768218256,113.35346456273588,118.9181673181598,0.8185496106043478,148.59283502356604,51.16734080673332,0.03888509841591291,0.0276401940595301,280.0,gm1_infantile
3.0367689928957895,18.42189229433738,22.422852590972788,3.388383869622967e-09,0.0027525886213130425,4.41160661373337,4.71771010240706,1.603496293275939,0.0,13.364095327737235,114.2221825752912,118.91517690207749,0.8282471146512989,148.82709508859716,51.454044984668045,0.03893973232061423,0.027982339733305363,280.2,gm1_infantile
2.3442291010747893,17.41911100764947,23.097679135950596,3.877623065237373e-09,0.0026745055600512933,4.420319875318882,4.636186090221429,1.6211049258757522,0.0,13.463599495704429,113.91001574794277,121.44498917528098,0.8468311019356077,150.0,51.48878882095778,0.03894536407306543,0.027963625128473286,280.40000000000003,gm1_infantile
2.5261263530204277,16.604904737838403,22.634018400071422,3.6778535615932464e-09,0.0025618983727548087,4.483284940721519,4.750527760003277,1.5666288320859978,0.0,13.415704135490436,114.09673845272707,121.28504545570736,0.8479285552317052,150.0,51.44459923071923,0.038531792392057646,0.027870533198075722,280.6,gm1_infantile
2.6823349695612833,16.141777842972058,24.728920262260853,3.360904635068516e-09,0.0025647992383301104,4.523770668318336,4.675871467906852,1.6071382462204262,0.0,13.409256941951627,116.3644804840321,119.68988415982975,0.8415593378603534,150.0,52.0099203655433,0.03873392131425671,0.02776609988396882,280.8,gm1_infantile
2.0241873021632597,17.24936166738509,24.617010547940982,2.971801132451318e-09,0.0025011228285131263,4.642296396914423,4.54522757242063,1.5828404021137659,0.0,13.42521963591695,115.32773510423537,118.11995919589985,0.8629806854999932,148.0915775452496,51.63215747369616,0.03898060714641197,0.027605372954374298,281.0,gm1_infantile
3.0600481646693325,15.871376260528665,24.037327662391352,3.138519327858872e-09,0.0025288733761163217,4.589242535797558,4.382105200906624,1.5523003655601935,0.0,13.463526348508074,115.71585789753699,117.0747331977924,0.850674523394397,147.02113531990497,50.56994076986323,0.0393361666716325,0.027089149934754603,281.2,gm1_infantile
2.419394598111732,16.5173278187055,24.733943593342957,3.1418301372271366e-09,0.0025825551820398865,4.698782029520774,4.398129797589552,1.538678051296235,0.0,13.433523452774324,117.86610771367256,118.08653850538715,0.8584839731242717,146.04809951229825,51.69650347317815,0.039056806839503626,0.026583296726459985,281.40000000000003,gm1_infantile
2.492238375115161,18.000704994159914,23.165170137879958,2.796440041408933e-09,0.002744385816260709,4.772765985737055,4.282018288186008,1.4608574854522323,0.0,13.43613865633295,119.15690523429679,120.57124635088616,0.8367456338516475,143.6666485044588,51.62182618224846,0.04148930912212637,0.0270912209915582,281.6,gm1_infantile
2.5992742078811246,16.85026742689097,20.78692095614116,2.7272075467924663e-09,0.002726631042384085,4.744063689227914,4.218501136899205,1.4148932388666793,0.0,13.47764773535193,117.87672669184235,120.17314523407825,0.8361806543005005,145.2390779347546,51.04372706633377,0.04232378483704721,0.02671817382416563,281.8,gm1_infantile
1.9667281329323998,18.447587369894947,19.66544725516932,2.915073656451343e-09,0.0027769812953081763,4.76459795419334,4.20365282891019,1.499955727966597,0.0,13.483496162220193,117.47960122385776,120.46574903555442,0.8469658943067888,144.9002634922254,49.63104004665163,0.04272782897960777,0.026057896413615417,282.0,gm1_infantile
3.0231516484140304,18.3080450768204,20.345483967593267,2.5107368746905557e-09,0.0027321433710488247,4.729873610206343,4.041730259475091,1.5280167930687252,0.0,13.516317393092521,118.28593149454721,120.1928052118098,0.8507142818720558,145.71764788114058,49.38176234430806,0.04292813350987789,0.026464386096478252,282.2,gm1_infantile
2.3007070182840117,18.735192155188958,17.904867073352484,1.8356908757073831e-09,0.002755237858898432,4.688845846239427,3.971846981332121,1.5026585869101259,0.0,13.486167207865389,115.84561622053633,117.10966415513744,0.8590101550313766,145.088280685233,50.045964573724035,0.04242871166569623,0.026651745496262074,282.40000000000003,gm1_infantile
2.426459369694212,18.695222988928037,17.874113152795346,1.6087260351890345e-09,0.002668813836456338,4.747785457815249,4.187754648776618,1.5632227050488101,0.0,13.463772404890587,115.12952731473862,116.89011282433779,0.8582093913682269,143.3562646326112,49.07723989071021,0.04239120887592115,0.02460714613185977,282.6,gm1_infantile
2.522981357106643,17.7135416773104,18.403200057923776,1.9527218965831738e-09,0.0027221652457910545,4.712707010383546,4.074142064306462,1.50257680925426,0.0,13.414010400727557,117.44728063762163,116.42969742599088,0.8637499973128163,140.17719189736738,48.490228887578205,0.04053815238248344,0.025153780574716223,282.8,gm1_infantile
1.9091354652710069,18.26022484608329,18.310090344290533,2.052615632277537e-09,0.002690133651610984,4.689855115861373,4.090743428878912,1.508141091888828,0.0,13.49830168699426,120.26254682282428,113.74239909251162,0.8618491515406529,139.6383827750478,49.351504647075295,0.04017218607587824,0.02539411247168571,283.0,gm1_infantile
2.849337933880298,16.68925012638394,19.974157586998295,1.995203098228873e-09,0.002619310488332583,4.70456789071873,4.0041832333038,1.4864662569337608,0.0,13.474212900520396,119.71679347427184,115.53024093293142,0.8670171196926868,141.06495327160542,49.35223404839769,0.04083807361171225,0.02488047760937329,283.2,gm1_infantile
2.185537286989467,17.15808531711896,19.507702753307715,1.9151305042703306e-09,0.0025985827515936383,4.805532635449817,4.176655584802482,1.4513531849994992,0.0,13.452489911022234,118.41115041024884,116.88697445316876,0.8775331388974437,139.34503274212233,48.872979592968164,0.0394279861282505,0.02493331279246659,283.40000000000003,gm1_infantile
2.343207631246983,17.847858482311437,19.753281944201916,2.0711324062660896e-09,0.002499483816328171,4.746153920634705,4.285705864057369,1.4224290818662926,0.0,13.476514063585695,117.62932673423217,118.62223571360144,0.8769164095651127,139.05439960393176,49.7947394059235,0.038217515282969836,0.02572362412116099,283.6,gm1_infantile
2.4319260150236413,17.962346280821826,19.721646832577367,1.8483513111748814e-09,0.0024466293708696753,4.70905394876591,4.164831370279279,1.5019191280836937,0.0,13.511180276698859,119.3964389676159,119.2538695483244,0.8749711723483893,139.64449697863878,50.19441640684848,0.03822709545034834,0.024815106128344082,283.8,gm1_infantile
1.7521092717312743,19.448428446469737,17.354512227598253,1.8451526656218566e-09,0.002423409743129186,4.716901627192103,4.051333693338766,1.5023487419929489,0.0,13.59454923001609,119.73250038753339,121.4815572093228,0.8572454833496708,141.7938995324218,50.36136498320586,0.038381760504123945,0.024950713848495454,284.0,gm1_infantile
2.8953254530962838,19.495093462697,16.685384256459187,1.5634244966869658e-09,0.002457794193792142,4.749073296821344,3.921006447580201,1.5147892518604473,0.0,13.607572195052132,118.57176120057933,121.06916248892091,0.8507947021230565,144.92711781113252,50.64727831435726,0.03940232423871608,0.02659586441954715,284.2,gm1_infantile
2.269808704860385,21.138113918408635,16.122253746010546,2.0021835677711893e-09,0.0024033702203224787,4.741656487145904,4.0247279346945275,1.5311194801476804,0.0,13.580910325808865,119.67949158069105,120.51988672151138,0.8348004214599429,144.9875268564592,50.57900873711296,0.039479294329775844,0.026888369661586933,284.40000000000003,gm1_infantile
2.433183736140816,20.11035486369929,15.83628866124393,2.286483384934706e-09,0.002364141904942648,4.702402975735315,3.9033253225395876,1.515881921678296,0.0,13.520745797196115,118.0998724035556,118.29086285648106,0.8435862505196777,141.51332370235698,50.5384201272156,0.040038503167549776,0.026977042311434756,284.6,gm1_infantile
2.5097260440963725,20.379250309894875,16.57944680977078,2.1710074053801965e-09,0.0022386983194154636,4.794125495004414,4.002067162880194,1.50790167009237,0.0,13.511425732883273,116.85381791455835,116.42978590199394,0.8419301848795291,140.7151287644372,50.23363197360997,0.04062514893620932,0.027107005022051725,284.8,gm1_infantile
1.8804327664225906,19.610560581691107,16.220758848446536,2.0079953867757683e-09,0.0022586116506320645,4.699602482660733,4.195168802931742,1.5181341030043638,0.0,13.513700582742391,118.63490063703857,117.09664462467205,0.8371109954791479,140.81960059464646,50.368147598521446,0.041247447128119175,0.026237864951095,285.0,gm1_infantile
2.8994247690692543,21.206946200921276,16.212486775889236,2.5538681408723467e-09,0.0024048304231231066,4.6526375507665625,4.0848727732703605,1.4993805039230164,0.0,13.550884780504855,122.43700057068625,117.09526618337252,0.8425388010187688,139.70043481207102,48.71614414707102,0.04112674587281749,0.02554566220267432,285.2,gm1_infantile
2.3119022006444725,19.126022604545653,15.691679143349724,2.571286368215017e-09,0.002414716553148278,4.643009539568475,4.334283688736057,1.5639328998297315,0.0,13.599433873089415,125.4811583385748,116.95721039338528,0.842984974492846,139.83029382616527,48.31679088682156,0.04054468781313349,0.026287326258470807,285.40000000000003,gm1_infantile
2.464128375824573,18.463910483851844,15.027896026506975,2.2340153736822648e-09,0.0023956229312227465,4.713770991487007,4.250109644473912,1.5891124408583883,0.0,13.603472297097065,127.32275824788272,118.34482635728371,0.82718757652275,138.0355888498427,48.190241601203795,0.040786741315901716,0.02707782470069137,285.6,gm1_infantile
2.5606434055952705,20.17803520547302,14.537735928618535,1.973150334582687e-09,0.0023691227961640127,4.639531255755962,4.40351453193266,1.4524495932056103,0.0,13.638137555969141,126.88561909563943,120.1138968500442,0.8519145467324855,138.4178418710852,48.97445846629979,0.042970136132417715,0.02729767396347519,285.8,gm1_infantile
1.9440205511539048,21.090358894233272,15.361641577779242,1.8843640018811766e-09,0.002333560989955814,4.778507294322185,4.38343114684539,1.51636711104707,0.0,13.693659270288142,125.54551647686459,118.79928928988744,0.8616232081235551,136.5659409417734,49.07045742663795,0.04439605438185816,0.026204986768803687,286.0,gm1_infantile
2.9905626070171483,22.26493269510965,15.373811215777216,1.5073067995516144e-09,0.002309980721277588,4.701489170348964,4.387323035920599,1.4938659211022436,0.0,13.707632013128514,128.33602556187964,119.37512857870362,0.8770135066035789,139.73007542623583,48.70467916835289,0.04457878077233487,0.02593328753557485,286.2,gm1_infantile
2.241661928342302,22.627997400214795,14.725207981583589,1.6155993685066538e-09,0.0022211959310022367,4.710124669264633,4.209946821931031,1.5210653113164752,0.0,13.692319067443236,130.38141421319685,118.911973401732,0.8780027997676606,139.58285921422066,49.057770881470915,0.04553904884948891,0.02639875817262015,286.40000000000003,gm1_infantile
2.3647725409962517,23.911252469563188,14.220717152978814,1.297390773345461e-09,0.0022054173998317774,4.79334581037869,4.105050112429994,1.5523737941567248,0.0,13.678737829629114,132.3986342317819,117.69021953522073,0.9050112378353199,139.4778985304731,49.17547592817294,0.04704328386134268,0.02647855410552918,286.6,gm1_infantile
2.545270521316019,21.285682836230162,14.075052353953081,1.3698361252899689e-09,0.002250018976874706,4.853881104410021,4.210730399175579,1.579047399147702,0.0,13.613034446216137,135.05971418918116,116.42994692594061,0.9082693165796829,140.04304073336732,49.225221687321735,0.04579676435931308,0.025331208438520197,286.8,gm1_infantile
1.8786814889823948,22.12138051428452,13.26845313506057,1.0148699465702524e-09,0.0022615874609630583,4.75955298102691,4.162396381628463,1.5534586452205543,0.0,13.580888263173302,135.37895227327988,117.11274306669105,0.8922631758455497,140.67038739611925,48.77254494613194,0.045829380286726874,0.025720999177539946,287.0,gm1_infantile
2.915972015207591,22.937764931325102,13.865597917753785,1.3067158326574859e-09,0.00227245312641187,4.848361858862215,4.236738128914193,1.472311186195477,0.0,13.574168798362141,135.28292189514912,117.73257193625047,0.8822011900219416,144.7324159916618,48.72570119024339,0.045727018350997066,0.025314636605565644,287.2,gm1_infantile
2.217773732046796,22.67517047034856,14.003365149434002,1.19886515872971e-09,0.002348456011917582,4.831490614676131,4.23791468420601,1.5031819280617071,0.0,13.590243682486257,133.04405317242816,115.79670478169861,0.8831861699261377,144.48258550638442,48.22003169959957,0.045757568300701726,0.0254102384550867,287.40000000000003,gm1_infantile
2.334968206990247,21.811501316087472,14.249778008997922,8.100006875264658e-10,0.0023069696775951326,4.871950204780972,4.247246554029003,1.4756312395151099,0.0,13.55918259664472,132.88093084297788,119.04639413972185,0.8894615950959103,142.12250711894086,48.702135559604876,0.044893695543825385,0.02538445999123774,287.6,gm1_infantile
2.4283833004718414,24.11921948363474,13.627106677114329,8.470427993907975e-10,0.002262083234099633,4.930805401651895,4.2865607741790175,1.5208439246974927,0.0,13.53786639005645,138.25411395390404,119.98838664520194,0.8823917912453678,142.72747019967193,49.13650592180961,0.045400521147569164,0.025644517568972038,287.8,gm1_infantile
1.8993337993280508,25.02297874626764,13.276790827536308,1.8034044523760124e-09,0.002354251372383332,4.9959092559005,4.288298427239524,1.5037914563148873,0.0,13.531678747424158,134.30794811754262,122.5263417476721,0.8959177870522997,139.7623214231042,49.74537473554857,0.045299176419477755,0.025507232550083313,288.0,gm1_infantile
2.9600989175543315,22.407627818268573,13.459084210940645,1.757722715601844e-09,0.0023484846815943336,4.869068389768974,4.33153867052673,1.5281517226140744,0.0,13.52444135027366,139.30749764858072,121.05880315060507,0.904609714893919,140.44373207032012,51.122694489193584,0.04559968437805516,0.025829299517663863,288.2,gm1_infantile
2.349651092351058,21.088448854222758,13.066810078518978,1.5875908783156048e-09,0.0023893175139393153,4.883436964290034,4.306838066787135,1.5694738214301343,0.0,13.485006188796314,134.76571692862808,123.08378085581685,0.9028236349733169,142.49728696785024,51.058337993196915,0.04656126423524878,0.025732735862424062,288.40000000000003,gm1_infantile
2.491722426761182,21.223202302379782,13.366696452057912,2.2302597964025254e-09,0.002293951393862331,4.871478434572527,4.33191258555698,1.5452263431428166,0.0,13.468588906351588,137.6252946559005,123.00857292715237,0.9322237919670879,143.72139680317005,50.87109622496095,0.04704458613170841,0.025772197496577828,288.6,gm1_infantile
2.6539137044295193,19.794820885288164,12.428343640389832,2.2864290665816527e-09,0.0023274690895022953,4.890477331076391,4.410102009909402,1.5470170160769872,0.0,13.476758532635099,140.13123655665422,123.33408091701433,0.9152011043473778,143.2834205595294,51.26406201059501,0.04887431262085096,0.024645961176581598,288.8,gm1_infantile
2.0391564583989212,18.765845537040455,12.803545580202348,2.4291937518005053e-09,0.0023054751360805704,4.940096612635169,4.5388485367946805,1.520701270604725,0.0,13.519483339301367,141.74075502717315,124.31135484881143,0.9060628484724786,145.39682826098976,52.6979888626654,0.04864080453990426,0.024675845072729154,289.0,gm1_infantile
2.997291680402848,17.900833831405738,12.256510409155792,2.3978012262345895e-09,0.0022781759949860687,4.967137945586349,4.401244331977777,1.4961176167292098,0.0,13.524850719604268,138.70691284775515,124.60288072707105,0.9020065069810999,145.94599208627827,51.54682069167564,0.049257444482106845,0.024489246768243912,289.2,gm1_infantile
2.3588322517707216,16.26199056814267,11.64393071378986,2.18396705653253e-09,0.002339641480385065,5.0081696321752895,4.401745877083956,1.4473675306476024,0.0,13.532915739006276,140.06567731187067,124.99045610896968,0.9222628490454171,144.80878578473397,51.67980358428557,0.047325669042042405,0.024582929291790644,289.40000000000003,gm1_infantile
2.555837888627723,15.36705161953762,12.120039531608152,2.6840375997512707e-09,0.002293893277721381,5.044082999429069,4.575287161839948,1.4552979621523332,0.0,13.479037085880174,141.23542958314545,125.89760724254018,0.905176558670266,143.14616703864078,52.10853174266701,0.04690884605180912,0.02517958978128218,289.6,gm1_infantile
2.6445517271920984,15.472923961072134,12.021092090130944,2.709141872196597e-09,0.0023256988013004905,5.086311002495619,4.479994591478321,1.4974875329700241,0.0,13.490349774576403,141.4476379822778,126.77958600110583,0.8824615159495716,143.8175237417829,53.27428880079401,0.047043360883411295,0.025203773357214035,289.8,gm1_infantile
1.975518156929785,15.961086635023346,11.915373941578915,3.1361000004839118e-09,0.0022713364053128953,5.039097836625236,4.3718412290070665,1.5522602586715102,0.0,13.473523430044551,137.57339453922089,125.27120521617836,0.8880979820575708,145.0356907275305,52.812588740081736,0.046323968036815856,0.026250906506881118,290.0,gm1_infantile
3.11963389739353,16.897296354801142,12.788930076904045,3.745964761880607e-09,0.0023769431521203426,5.005734207636699,4.252194737114946,1.5995485191404504,0.0,13.442266664328752,135.78309994805903,125.08663811170905,0.864132211860899,142.47150093200838,52.37708003721819,0.045006185362108625,0.026857912375895448,290.2,gm1_infantile
2.4376590081634473,17.555267477343065,13.06820225327177,3.5749575023869064e-09,0.002419940655450555,5.040182738300454,4.212718339877926,1.4861191117379597,0.0,13.404105643654047,136.53828426395623,125.25563427739083,0.8480379381908167,143.17699707471223,52.517098647115446,0.0451106180253783,0.026921838264014664,290.40000000000003,gm1_infantile
2.501650262406688,18.08847308640106,12.688708826587282,3.1162819797858202e-09,0.0024464367499690753,5.1190710233834515,4.278540121760059,1.460630903024784,0.0,13.448287565803625,133.0613623894965,126.28048451184213,0.8719939837226682,143.67154750181848,52.727534012146435,0.04540260751089003,0.02701689718545327,290.6,gm1_infantile
2.720508529936354,17.250118746656717,12.191679640801956,2.913674014101792e-09,0.002533123339861091,5.060162239015815,4.310108798904689,1.487758829624181,0.0,13.478634615168081,135.68861750303006,126.83734143987337,0.8660686800595822,144.1602077866667,52.49219621386901,0.04794192629322332,0.026672467815095174,290.8,gm1_infantile
2.097777984794687,15.948629490378817,12.300371863689163,2.7280986402715905e-09,0.00256091913874135,5.117825935481875,4.4633721824453465,1.5253568134376227,0.0,13.449898409475706,134.25229640376648,127.38573235021835,0.8673867335598389,144.86203812794452,52.12162158549314,0.04940920024798152,0.02578453841280628,291.0,gm1_infantile
3.0623058392409566,15.00085930505061,12.187410671745393,3.12837575793815e-09,0.0025336103675873615,5.120839445190959,4.504561263991393,1.4805431591987492,0.0,13.45713935196787,132.29785987553544,126.62547116416282,0.8709571908906415,147.57392693404367,53.031718182986346,0.051677149764633334,0.026042870703770486,291.2,gm1_infantile
2.3654691911952503,15.124108816057156,12.107773198356005,2.8981260247977946e-09,0.0025446311157971014,5.154029999733198,4.320933678010727,1.505008307538489,0.0,13.450143509711381,134.42848062588328,127.69425048271751,0.8662063140381376,150.0,52.722236220286035,0.049308938112603645,0.026284455169859625,291.40000000000003,gm1_infantile
2.3899036183597824,14.492576616408966,12.43731082332287,2.65349870518565e-09,0.002567067416418851,5.042002952867262,4.396833192338581,1.410212130993212,0.0,13.435551933888158,137.28454942967585,126.29244669310616,0.8882799585915987,148.2575048844609,51.47255555569606,0.049255217409520775,0.026996089515166667,291.6,gm1_infantile
2.5432966086267537,15.480020203176208,12.858568865649612,2.2950629106103986e-09,0.002600527762566181,5.044134940038819,4.290682755335591,1.4208782860552702,0.0,13.477857371316084,136.39399616795046,125.3779637654819,0.8793532574730686,150.0,51.03973499559988,0.05060317678169567,0.026356321384310898,291.8,gm1_infantile
1.9625666439683958,15.754871063450064,13.560285981011925,2.640240987383387e-09,0.0025942417763980975,4.989689212352419,4.469559178422591,1.3966108491260572,0.0,13.421658169381693,133.52873531816334,126.41980932677114,0.9052802904074871,146.1232287676705,50.51754793866588,0.05060003022754171,0.027259274259367805,292.0,gm1_infantile
2.9528200712825736,16.192264632922367,13.367219414672546,3.6567695362093596e-09,0.002591614467725231,5.0153467551562185,4.449115913551722,1.3891269145944927,0.0,13.386616823237212,130.06029997232986,126.19853560518885,0.914534280040029,145.18113794711073,50.65709255302046,0.04913372366277482,0.02789011675847548,292.2,gm1_infantile
2.3538158158041536,16.32661687619617,13.442697230558382,3.096039892314612e-09,0.002503610296918398,4.998157026087764,4.480664874520512,1.4189345978941663,0.0,13.408645915460491,132.64718134299136,126.0822649919604,0.9175611379885011,144.97370182360362,50.583743913754155,0.04921967720375818,0.028947318237077736,292.40000000000003,gm1_infantile
2.521917847397091,17.05650543077276,13.147800855243919,2.7041502701204914e-09,0.002514872101605013,5.1043056293940845,4.660293793286772,1.3306203906384415,0.0,13.420852420721628,134.34809393530205,123.20743418841407,0.9138627531811183,146.78090055668252,49.805499670618445,0.04604227287765662,0.02913879445900403,292.6,gm1_infantile
2.5981553834399023,18.427457329984872,13.055881330332003,2.5914585238326633e-09,0.002543723328271684,5.193106193040105,4.5076964748074,1.3830346902102546,0.0,13.421046273009592,135.6290920568535,124.65357920085073,0.9169345007729242,144.85705467121534,48.58733960033167,0.04575517317852063,0.029751831136968523,292.8,gm1_infantile
2.0015279978204856,18.639767963721262,13.089305986566588,2.6239637197253853e-09,0.002476997679139295,5.259501174530461,4.555378514508994,1.3685718578387938,0.0,13.369328876030588,136.01838990504072,124.46875149192661,0.9316371449235082,144.67000179175506,49.177774589888834,0.04526346854047493,0.02824253636485119,293.0,gm1_infantile
3.0066259087142324,18.68053185514612,13.219485724113468,2.603136091998252e-09,0.002438578146950318,5.222530272647421,4.350426358692175,1.2950468717479366,0.0,13.34676898343487,138.06291741303923,120.91641259358921,0.9342282445185113,149.04572820667028,49.075744512987974,0.04516830394258034,0.02848726388874829,293.2,gm1_infantile
2.385447664938919,18.322504921684363,12.675356131488034,2.7665198738340555e-09,0.0023263904744886036,5.2942915662607115,4.264761337146007,1.314809465255542,0.0,13.389240662972156,138.5762551783863,120.44251330565288,0.928808363839486,148.92698484614442,50.69821175885528,0.04376532628597055,0.029159284206687244,293.40000000000003,gm1_infantile
2.5277788482945223,19.829417862047364,13.08376843971821,2.685033412284921e-09,0.002370169976843934,5.309394980190734,4.317091188218459,1.3772730585278965,0.0,13.376239664616756,137.43367564413148,121.22084268269654,0.916870358917287,148.40755418268847,50.056623903374295,0.044176052012401115,0.02864598310685432,293.6,gm1_infantile
2.533730533694338,18.59425992866018,12.824187355863808,2.437053339227852e-09,0.0023734608920212693,5.287373727832985,4.315414768672379,1.3860809776168295,0.0,13.318997037397706,135.4248392765753,122.17280098763439,0.9184780278050955,150.0,49.04532102718176,0.043618850386016185,0.028430373250097007,293.8,gm1_infantile
1.935778407913978,18.58225124548431,13.14474473101511,2.3176389832065816e-09,0.002437324103673832,5.443101409887396,4.1467098220868115,1.3796734610695318,0.0,13.336141112910221,134.7479618821487,122.63505910480679,0.8981809588016733,150.0,48.11286146699506,0.04402805742177702,0.02770362291341565,294.0,gm1_infantile
2.97381100832296,18.734813209502757,13.227903978675203,2.025044996462779e-09,0.0024155273520127685,5.5525011648749665,4.0625992233944626,1.3624267400805135,0.0,13.366305430870398,134.95362127250405,121.42715649093437,0.8972977528613933,149.68816198021972,49.04302658402389,0.043894341600590525,0.026834994087313525,294.2,gm1_infantile
2.3597484556155788,20.655220321683405,13.99449357043421,1.5936621926922174e-09,0.0023907902247570353,5.542543453225753,4.023053364604765,1.3554451685198472,0.0,13.338666568333903,136.75198701616998,119.65617917632922,0.8866615214950404,147.61050768209188,49.466561735949675,0.0439094440990714,0.02734596038789607,294.40000000000003,gm1_infantile
2.436691062043961,19.16630143949144,13.781330498814343,1.4552214818914288e-09,0.002391833741502554,5.371320439283883,4.040848520978737,1.3029050895283285,0.0,13.373419640850281,132.86177821124994,120.22508595107506,0.889500162005034,146.18254385670187,49.18811855223363,0.045035036574187226,0.02854758648413704,294.6,gm1_infantile
2.5949134144939316,21.120887618002683,13.394605556005262,9.244135703786769e-10,0.0023788557629616743,5.442443790919112,3.8262188972938915,1.2771819060896774,0.0,13.383785621913544,133.34073126912054,119.02990146391443,0.8907782972343578,144.14645890629814,48.92597892313921,0.04368719423419556,0.028425586961277356,294.8,gm1_infantile
1.92677578351213,21.802284518333362,13.470596562837866,7.626764090380896e-10,0.0024646564116805295,5.473031794325438,3.7926154636711185,1.2671379756001016,0.0,13.381512921346912,133.9628096193632,116.06360742316565,0.873702847801607,143.35416868959248,48.229987612355565,0.04364027537838356,0.02851545251002685,295.0,gm1_infantile
2.9546391710275732,22.181717867437857,13.228506651869221,6.659652567830877e-10,0.0023995078759450556,5.49407074698461,3.8055892994770377,1.2374825446702027,0.0,13.380080180108541,134.5369164213159,116.61902650404706,0.8644511691091215,145.03681374996978,48.5920360768091,0.0428501773435222,0.0277700387542753,295.2,gm1_infantile
2.2693288676257684,20.42190877894867,13.474412515826572,1.1007137702605665e-09,0.002466794726268255,5.3811654624385525,3.889244358373392,1.2583853208148479,0.0,13.369837910696381,133.80419513271784,118.58648856227988,0.8536133096834874,146.33443945136037,48.54319575001823,0.04140002926843898,0.02740384634074483,295.40000000000003,gm1_infantile
2.488113856988647,20.073666042004977,14.103758673091516,1.3654403932923646e-09,0.002431708902562299,5.252323275166197,3.7722500243026182,1.327064767727798,0.0,13.317803483289662,135.37841363139668,115.83039590894865,0.8435465142694388,146.68532954714706,50.23355196418361,0.042078628474686894,0.027084911934400758,295.6,gm1_infantile
2.5768543635648444,20.987584895986693,15.073648644311005,1.203416590728545e-09,0.002409515988020173,5.168380902879082,3.8664814075395872,1.3708108217724806,0.0,13.305692384893185,133.25468403188148,116.12472923620773,0.8291403273551561,144.29976948684072,51.010671754719326,0.041837748932297567,0.0270240010409479,295.8,gm1_infantile
1.9840811769871403,21.999575952736876,14.830529463776603,9.908589600029493e-10,0.0023782442311059684,5.262917378370178,3.878118630270159,1.358300856868418,0.0,13.359988825407935,133.45854189616708,115.76454493208819,0.8506684139840837,147.09877499566457,51.83901320599787,0.04128706814909549,0.02663934669214575,296.0,gm1_infantile
2.923734900670417,22.903850686997817,14.949928497890522,4.68754954123172e-10,0.0024329087540699984,5.22472730479061,3.8649248651224877,1.2999249977240837,0.0,13.374686433944461,133.4428007630088,115.1765298197863,0.8806095128713474,144.9303681458259,51.3473240058344,0.0418623376584338,0.026017657367924805,296.2,gm1_infantile
2.2180831420202045,24.235174587061568,15.446268413139277,5.82859296262015e-10,0.0024324805487861484,5.1539960069396695,3.852738649200804,1.3107046339346569,0.0,13.387127559299488,131.8622193759931,116.46424642821253,0.8602824598248439,144.50701978735958,50.57624743616139,0.040982850837424645,0.027139107789386573,296.40000000000003,gm1_infantile
2.2983854047446317,22.905792568661575,15.905676567090211,3.5227807349758565e-10,0.00243061831202298,5.281074509538691,3.9413945184986225,1.308323733368351,0.0,13.402719211607613,133.06705944892641,116.55468178548904,0.8639071473488216,145.41025808241707,50.526509787639014,0.040349081311337416,0.027568782844788153,296.6,gm1_infantile
2.446177683628906,20.264101957696802,15.385751158758048,1.234997553169344e-10,0.002409381225110155,5.389440784492981,4.28972354628206,1.229890359942798,0.0,13.404503266336093,132.8169801532537,117.46457196248477,0.8649896417823901,144.90273593171338,50.55933655015902,0.04077290350552606,0.027829562194512804,296.8,gm1_infantile
1.8701453359167335,19.527354266183178,17.45718306482058,1.9373310031952862e-10,0.0024405695427813386,5.333953558691601,4.252899718516559,1.256808037352232,0.0,13.382738130818332,131.58624719281258,116.5776054209011,0.8519304950382518,145.18635683134775,51.52891924830932,0.040809550442328785,0.027078706878119287,297.0,gm1_infantile
2.8742633038553755,18.93663583551603,16.3144733805619,2.4041448175528533e-10,0.0025051566057469727,5.272647102607813,4.20575715203058,1.2539909876923327,0.0,13.38811123088867,130.4982606352728,115.37780290151859,0.8330060557281198,145.50912802452237,52.280730469434296,0.0413776369329549,0.027972542421490068,297.2,gm1_infantile
2.207750399509551,19.841995796570494,15.478552335529542,4.571806180612588e-10,0.0025883052193008587,5.3132609076474795,4.3583258685381185,1.253192423585102,0.0,13.36042548981192,130.6414476535312,115.85671045547646,0.8328354731846483,144.78173474193187,51.94346755810242,0.041614738615934975,0.027847613218029938,297.40000000000003,gm1_infantile
2.306149411283864,17.777697128319186,15.068203733685458,1.107564489331424e-11,0.0025293970319243088,5.266533366014458,4.281619970194182,1.250039189291207,0.0,13.322502775020679,132.85974999311628,115.66381021148733,0.8250335095474254,146.12649750680362,51.63598607221951,0.04078689467340791,0.028959200607542725,297.6,gm1_infantile
2.3266456188332136,17.48456057338604,15.156382190108125,5.774682132314915e-10,0.0024962126104129253,5.516550071802509,4.326345324909106,1.1970943828592715,0.0,13.329263157502721,130.9090567232095,116.57705522294302,0.8196174866997106,143.99261978646427,50.980503999604984,0.0414891939634165,0.027652392683955553,297.8,gm1_infantile
1.8240075831632923,18.47479669502425,14.883196251475429,1.247913465920527e-10,0.0025168232151283674,5.461857394767584,4.07783344889955,1.2828950238027987,0.0,13.285157806883443,131.49123910677105,116.52871018746352,0.835586381634248,143.46233811522364,50.73920004374869,0.041717579624020736,0.027750883540128977,298.0,gm1_infantile
2.891229777774263,18.563818447572107,14.975183675325255,0.0,0.0025534243071658734,5.419967978602753,4.1300536986389655,1.3344986570572073,0.0,13.356479737551318,130.31830055652168,115.48897047881847,0.8410622005135753,144.52050000124825,50.80022875656125,0.042403637199391025,0.02788286722962484,298.2,gm1_infantile
2.4002995508830263,18.54339509365798,14.395155481160192,0.0,0.00256962494237306,5.460498703593382,4.11335667636241,1.2955379333673802,0.0,13.414154654724722,130.45240637919878,118.38891415143573,0.8502873378610215,149.0867835895825,51.13524742504522,0.04244773093784914,0.028387728688693274,298.40000000000003,gm1_infantile
2.485408523836919,18.88425974572572,15.276114731440947,2.721792067315465e-10,0.002556925869566497,5.4732406677455625,4.158437621485613,1.321776747878976,0.0,13.42403813309374,129.099717996677,117.39034164555117,0.8548761256585478,150.0,51.62957412860922,0.04172601513244431,0.028266122090089947,298.6,gm1_infantile
2.5088189627272417,17.46703081220184,15.311542926017264,8.062772691411291e-10,0.0025517715589132295,5.656370995071237,4.090173204292309,1.3131699188663721,0.0,13.413316894750942,127.14311423321331,115.03743062417985,0.8408048518336336,150.0,51.13026091017282,0.04117814672316126,0.028500663810808975,298.8,gm1_infantile
1.822016083616264,17.534260721528035,15.847828598576855,1.1151596876742593e-09,0.002570571747102517,5.643958357414243,3.9624875187100392,1.2907586683256165,0.0,13.4212076942825,127.05691010755893,115.97227446741276,0.840615227121327,150.0,50.97181418384773,0.04071499231899841,0.02911651807330809,299.0,gm1_infantile
2.8025827438792645,17.84082576945799,15.443078061528603,5.604313727568654e-10,0.002504236965014953,5.633167484258812,3.93006644472534,1.3029852291621453,0.0,13.374567937515762,127.79838743233418,117.17060788171983,0.8423457144130602,150.0,49.67855220617979,0.03974172126985782,0.02999290793950189,299.2,gm1_infantile
2.1788417518496788,20.135581073252858,14.534838235696697,1.2003332591766172e-09,0.002459630119527515,5.713554494948187,3.862816704902582,1.2916358178426153,0.0,13.355936374192712,129.27264684154738,116.80964267340605,0.843614081062379,144.94368005691453,49.47069330343697,0.04080063254284265,0.030434813917602707,299.40000000000003,gm1_infantile
2.383935630300003,20.028167961022085,15.697961724766538,1.22879518562751e-09,0.0024131397949030803,5.794300131281712,3.9282627901017815,1.2986994338629085,0.0,13.364044615942758,131.79905566212778,117.61758418798841,0.8262524727113001,143.92441669240281,49.04186200725515,0.04003588036544255,0.029003768933750066,299.6,gm1_infantile
2.5990393027810024,18.992161832944948,15.137747850554204,6.519102046356726e-10,0.0024500888786449055,5.777538424779018,3.838712643256181,1.2629727541681817,0.0,13.349407182653444,128.40600616979367,115.6523230495801,0.8107509636517092,144.66047478551852,49.676673285961556,0.04128880332262665,0.027936143965465083,299.8,gm1_infantile
2.012240123248255,18.335122955492043,17.23279052680135,1.1913663890059792e-09,0.002534689598388642,5.853801298649586,3.8417735630911607,1.2371373267504235,0.0,13.325244903254495,129.5651600946078,118.15887391009028,0.8062402962583598,143.46505498061543,48.714268291321744,0.0414318277910142,0.028689063164566195,300.0,gm1_infantile
3.083219743397554,19.609031071276636,17.461733709261722,1.1446825758059744e-09,0.002597633748848109,5.731307129372357,3.7445083307551457,1.2803284657711949,0.0,13.3239184049875,130.75332773908283,118.34383038663064,0.8181142879828557,146.63753554132947,49.0491920305668,0.04265615432658457,0.028073312670080203,300.2,gm1_infantile
2.3986874809847234,22.34868296371538,18.97421297873365,6.984280533506583e-10,0.0025858526217021364,5.738067350069383,3.7589021421934885,1.3043443536851171,0.0,13.324733410582922,132.81759288350855,119.43080207581673,0.8172255788493251,143.52443435690301,49.74305114254315,0.043151277334221416,0.028293500570210628,300.40000000000003,gm1_infantile
2.455288417371933,24.64317193288694,19.052202286258474,2.9441004870304034e-10,0.0025006571656087276,5.800798603778635,3.795071620352254,1.2564089147105642,0.0,13.344339788550142,133.13994061699557,118.36292490983452,0.8271787396916516,145.35197651042256,50.1395683672941,0.04226712161877568,0.0274382506717546,300.6,gm1_infantile
2.5545443492525606,25.66179636957312,19.960081497008137,4.5499679025175997e-10,0.0024649684541361533,5.710682232076771,3.7462571748121465,1.2341991159246022,0.0,13.329733091762678,132.50476485297338,121.72452401111808,0.8438207195107686,143.8368949918502,51.151917181713486,0.04113458534934839,0.027148312678735267,300.8,gm1_infantile
1.9239100587144349,25.303701652935754,20.51808923395048,4.20006687453772e-10,0.0024886079849387025,5.662646728392106,3.749016574917012,1.2247728418755806,0.0,13.343837641018382,132.74969167200507,120.60912353120055,0.8382235040702156,143.27040617946759,50.99457089926483,0.042701188658252856,0.028422196519839585,301.0,gm1_infantile
2.844024493741641,25.608476140234913,21.38428877564618,2.7264222802593555e-10,0.0025302126948216004,5.825545981812213,3.5806548400676097,1.2214714548128478,0.0,13.306656409233284,132.61767251151733,119.93341918169753,0.8493977569793435,145.7853340877524,51.11685265374117,0.04264540575093212,0.02732463545410419,301.2,gm1_infantile
2.319735590880592,24.941315758902,21.2003020612224,6.107940077423875e-10,0.002530663643791216,5.923805662358742,3.6117064439070328,1.2092650002811611,0.0,13.272991305200666,132.42645783206962,121.73978336396456,0.8383169778633749,144.5871372211471,50.52777889418468,0.0427056543558301,0.028170261308165728,301.40000000000003,gm1_infantile
2.4759140455867166,21.92541011528149,21.765569016814652,3.87978375721847e-10,0.0025488970906310682,5.900515574380592,3.4892393780748585,1.1861334268647306,0.0,13.281828572488266,130.93603563062712,119.96141404129443,0.8457017478524685,146.9543051421484,50.93555445843643,0.04200421976660591,0.027682300135722846,301.6,gm1_infantile
2.5285133472242585,22.857238993853958,20.828771291158578,6.819196765471955e-10,0.002574623110784111,6.02519702544965,3.567890777414977,1.1897450504751654,0.0,13.299662338258859,131.21951547556878,119.41148057499771,0.860377627879265,146.84442893106998,50.58639535582561,0.04298850749319171,0.0274075843585667,301.8,gm1_infantile
1.8898083980183673,21.353248685630653,19.98167783852339,3.750017532984234e-10,0.002599683134874454,5.908805487972687,3.3529605884156877,1.17938279527021,0.0,13.298879343612208,133.57593619588138,119.57682091388538,0.8769004608962544,146.89895636647452,51.28720835386443,0.042378644131317006,0.027448890806762653,302.0,gm1_infantile
2.8928019205050246,20.193379442723966,19.674968695574492,0.0,0.0025979146948550583,5.86948610795021,3.3770021487209547,1.1306871794238564,0.0,13.349158207766944,136.3362059377816,122.72050593459493,0.8762836327922183,146.39473692022665,51.63374738187484,0.04206811076779627,0.02637666299362009,302.2,gm1_infantile
2.3183414726087035,19.935041325249305,18.30093740969167,0.0,0.0025746070748100176,5.863438640661974,3.382988178059939,1.1828602172557423,0.0,13.34431717768136,134.79632077143987,124.84860146643403,0.8686173453791184,145.9120656692355,52.374553917823256,0.04324804769186629,0.027235868293958212,302.40000000000003,gm1_infantile
2.3626858801504538,20.339521920120706,18.4344599051561,0.0,0.002567500170747362,5.992519053975998,3.4870139842685894,1.209689164361057,0.0,13.41194062971612,134.13843156644984,122.20830304170127,0.8644914936065091,146.21867673289884,53.303768816812166,0.04266927135485398,0.027512086130094444,302.6,gm1_infantile
2.403228980999364,21.43165511459176,18.407549707034406,0.0,0.002681885340093113,6.100789127968908,3.372844195617161,1.187898352345943,0.0,13.47111489153675,135.8771054880061,119.2611140020226,0.8789935759045658,145.16986403433307,54.26036041246314,0.041899160228957094,0.027789559487514295,302.8,gm1_infantile
1.7930143588876082,20.868142052077552,18.870600375350836,0.0,0.0028165319998073326,5.982040088938048,3.265625996727353,1.189997918163573,0.0,13.461064639213982,133.99813770379507,117.84542803153818,0.8656972332765422,145.96865403614228,54.207214212873446,0.042216024504784885,0.02799220459412045,303.0,gm1_infantile
2.891629968753847,20.159519164673522,18.173745701232185,0.0,0.002801100620883624,6.001643995643569,3.217323252350201,1.1979895404881296,0.0,13.44751277716262,136.11121918266883,116.12488790552169,0.876892886897056,143.4284886658443,53.064598058345844,0.04074520693433777,0.028040400432060276,303.2,gm1_infantile
2.311528834566215,21.596884017360683,19.10668893885699,2.922803550959672e-10,0.002737582085951036,5.9045303894100964,3.3075459399667633,1.230000099811058,0.0,13.486176481893398,132.70892497657607,116.79282101076207,0.8745052110371996,143.2423480387523,53.08954845082877,0.039893876950658935,0.028296401058588074,303.40000000000003,gm1_infantile
2.4442615978280045,22.536394890696624,20.43998632490679,2.6841777679883246e-10,0.0026762889287701274,5.778120648385619,3.4746212233864826,1.2622151706345162,0.0,13.487678118421432,134.24146565379104,118.91191246467852,0.8661857586418014,143.50677614759982,52.310028786248296,0.03969966536609604,0.02926491940743243,303.6,gm1_infantile
2.6016210581662254,22.52913632740289,18.033586656832338,0.0,0.0026710500661300805,5.7485110489312286,3.472767393704626,1.244758449905497,0.0,13.487147518911014,134.0395346271891,117.84724496847316,0.8869312256504814,142.79810837413163,50.75766540413866,0.041235208505851155,0.028689798716485318,303.8,gm1_infantile
2.0307818358635377,21.574943746103564,18.4802041621527,0.0,0.00272011256272511,5.719314112204173,3.4188128483187983,1.2407332777161921,0.0,13.428789206542977,133.02998131792756,122.52486552305902,0.8644367938464204,143.47002280043904,50.60462178206951,0.042880704710997725,0.027959922133815863,304.0,gm1_infantile
3.0435254212308847,22.153903852983778,18.277530711709687,0.0,0.002707202369340385,5.680556102280326,3.405306671016128,1.2613356434645615,0.0,13.445065561934873,133.69270236611058,124.15583200059983,0.8787635799639957,143.12515913629898,51.176770311687825,0.04156980862883536,0.026561660629182863,304.2,gm1_infantile
2.506206451122496,21.718157219129964,18.45015630346945,0.0,0.0026198300362730177,5.601519880480393,3.485520488359967,1.230163166033478,0.0,13.422398638302283,135.86929782343154,125.64984543513638,0.8720777998084029,144.6525612171451,51.01905286754699,0.04117407745514474,0.026508478708549305,304.40000000000003,gm1_infantile
2.6253363724177614,20.565256480558695,18.818627931593934,1.228950613933065e-09,0.0026194451764700428,5.598151568711748,3.493778777698073,1.2457541827372876,0.0,13.473249051442908,137.7299488897301,124.60316962666512,0.8715387803455444,143.77486116004155,51.23531347129778,0.041148006903891275,0.026620593831504783,304.6,gm1_infantile
2.619860513606248,19.965556799564418,19.718050104931027,9.742391647565453e-10,0.0024580524795329265,5.576136918748558,3.7411175824482217,1.2689658400496968,0.0,13.471421504748923,139.04463493117186,121.73952388419691,0.8606835528515427,144.7496783195792,52.35321727308199,0.04066323585224418,0.02754583801583033,304.8,gm1_infantile
1.9479442560906748,16.613552536735735,20.252778809873636,1.1012658068933235e-09,0.0024884022437814675,5.639126343299245,3.7395289068557713,1.247200502526086,0.0,13.4572568586118,138.34702775599337,118.86235236190011,0.8459524332470308,144.63197990877913,50.808456275645995,0.038796515016747246,0.02731560997381779,305.0,gm1_infantile
2.9704024694562725,16.255716588424644,17.98282107625573,1.7148507550291214e-09,0.0023991945181084566,5.550149789247943,3.586602374135633,1.27936477773485,0.0,13.442721084824427,137.39177785651952,119.20112851425532,0.8311510296633724,145.57259035397243,50.447703997810116,0.039172204846652146,0.0275890895664566,305.2,gm1_infantile
2.2846504971891455,14.696194497759056,17.618085525926816,1.200377898379736e-09,0.002393220233770724,5.517784398873191,3.5391075111961947,1.225779717823741,0.0,13.428788378134428,141.8522688777779,119.30819200476134,0.8344532493427399,145.84438485526874,50.6927719490066,0.040062084356477436,0.028253472926881046,305.40000000000003,gm1_infantile
2.3322358846963254,15.428575408890747,17.82068631319922,1.134095634819844e-09,0.0024764492927232527,5.686558825445113,3.645331338500536,1.2163009224257806,0.0,13.451158225389763,144.49908363082884,116.15605840442574,0.8460755801896154,145.5403650162857,49.489727529472944,0.040403833109795985,0.028807889390688388,305.6,gm1_infantile
2.4385992939135757,14.606676374872196,19.05524492274661,8.392338630322136e-10,0.002530962599559815,5.527532683247265,3.6751123287907235,1.22908501076571,0.0,13.495836043718691,142.95534127520884,117.02923889369923,0.8299047066602245,143.07001072215277,49.12448417405467,0.040693932116089675,0.029881918268293617,305.8,gm1_infantile
1.957520758131179,14.411933945684028,19.077240668306338,1.1514486768593506e-09,0.002563892786100231,5.503759987880437,3.6775142980109576,1.2285234475788924,0.0,13.485233370510205,142.75733948479996,116.45039709628973,0.8167527788515871,144.9431971914204,49.48467208165047,0.042355504808795484,0.03010239538536459,306.0,gm1_infantile
2.9650940649990534,13.924619637222905,18.87218626353138,1.285869314875482e-09,0.002539005285287086,5.353889017233383,3.6019889745941986,1.233760906898456,0.0,13.44020100128536,143.29807666237582,116.85441326004025,0.8113081942710315,144.00471196763513,49.01552063261728,0.042403593406376096,0.030842794954672764,306.2,gm1_infantile
2.4002620034828706,13.319811627587843,18.464191465712865,6.631233607440486e-10,0.0025344209120337917,5.404571699143458,3.7780695406691747,1.1890458830191428,0.0,13.444231067403951,140.25034147297242,117.18174610658471,0.8177349957006056,141.75367321074134,49.12199748469367,0.04118410234967997,0.03177751847112045,306.40000000000003,gm1_infantile
2.5196553306075145,12.983092803961545,17.217395004875684,7.337686549161925e-10,0.0026017740630320464,5.3235167352349855,3.7285991144570745,1.1885724862390101,0.0,13.386673053143216,142.73262338726573,116.64644904748465,0.8164950470559678,141.32188302871526,49.298916592490194,0.04043456704432968,0.032509029424483124,306.6,gm1_infantile
2.661921832872808,12.460477397417261,17.516860305745404,5.345660148099422e-10,0.0025937221698893987,5.463830837875507,3.6752252825287606,1.249966660538325,0.0,13.380565169482203,143.47014377290373,117.09340599782753,0.8035099399804262,140.39297061130287,48.63045850592979,0.04010424573693449,0.033471364069189456,306.8,gm1_infantile
2.058526166663596,11.730695510433891,17.06004794742964,5.461403478725438e-10,0.0026262130622654502,5.393444135397186,3.561559965681891,1.2531756575414175,0.0,13.387292524134619,141.80658180496349,119.93874645175312,0.8020397830065304,140.9798330415137,48.22125637545987,0.04102851562138942,0.033870961037524225,307.0,gm1_infantile
3.0745337384282787,11.118668277173724,17.66783112329307,7.778564669986985e-10,0.0026753288286322885,5.389943169727017,3.583833812546232,1.2568962855197885,0.0,13.370763085331204,139.6036798482862,119.38897877051023,0.7959716746069022,143.60147737718793,47.37443040759797,0.04043456426098729,0.03398406151544636,307.20000000000005,gm1_infantile
2.491360206429933,11.87184868008147,18.712520873004944,8.284899523499114e-10,0.002651805461019266,5.465991662388371,3.4793368655346244,1.2080029597886717,0.0,13.376759238568882,141.46593664310907,118.082201226695,0.8094975221634425,145.10403391198517,47.3805777902011,0.040541762153055806,0.03421716871620153,307.40000000000003,gm1_infantile
2.5304804498702684,11.808338400648951,18.696508301838247,6.061355662717569e-10,0.0025548358210814017,5.487709189121724,3.5861112905658152,1.2567875369850634,0.0,13.40095732391597,143.39001417615813,118.2624378273525,0.7863685937574187,147.57704864318515,46.84202596179784,0.039448495745423535,0.03335151514225207,307.6,gm1_infantile
2.751957363228217,12.280059537916596,17.549671584767818,3.1447481982193026e-10,0.0025439363598245878,5.534035065578904,3.624812011038926,1.2245220977892988,0.0,13.382353798522203,145.4477264515691,118.40532149384178,0.7780820447697108,149.13243844019505,47.11159666060765,0.038952899974748,0.033869367145163434,307.8,gm1_infantile
2.1311072610328328,13.313305486789263,17.866552235700016,1.7009208590161424e-10,0.0024387778602960003,5.5452720341218615,3.664750846346049,1.2340018515824813,0.0,13.40238132011652,143.6999721009839,119.55282457678912,0.7957436388384651,148.80454990802892,47.41655837164643,0.03890359567194827,0.03423812230981755,308.0,gm1_infantile
3.120077469487853,13.005525900687836,16.92377596307326,8.333472051691454e-10,0.0024524458099478507,5.620957355784682,3.7031766553587278,1.2703301000262512,0.0,13.404572832775282,144.70608940933178,121.69452008393921,0.824384191298574,149.79906392395068,47.02360150239039,0.037799239075951466,0.03352023330596184,308.20000000000005,gm1_infantile
2.3839916207902583,11.403703703899676,16.207625016861826,1.0407105425229901e-09,0.002446161208150946,5.587638324328456,3.535784212662901,1.29752193121203,0.0,13.403883628374693,140.51737001407702,120.94085282973894,0.8285656987409115,149.91529527512,47.172196393927,0.038307420164365176,0.033605012406856684,308.40000000000003,gm1_infantile
2.531061501054243,11.064168689228461,15.116812681917539,1.1416086151037873e-09,0.002473376078154468,5.632419293985989,3.5670653688608454,1.2734155709449813,0.0,13.41495523783106,141.38927492746367,125.29201846684383,0.8177581340665515,150.0,46.41023842092436,0.03856241885588728,0.03268766185450004,308.6,gm1_infantile
2.6252996408321114,11.86545263097221,14.935774924536993,1.4621882177107597e-09,0.002439542914463349,5.422328090336307,3.6421943250226976,1.268484526475444,0.0,13.4023435420279,142.20035595570903,123.96631834136711,0.8212894130271745,150.0,47.74055360801497,0.03971528118309604,0.03277560434711707,308.8,gm1_infantile
2.011063049417115,11.808777940499725,14.449749493519972,1.7322155700391347e-09,0.002412457922332136,5.450892373164546,3.5735407951320757,1.3253373068783079,0.0,13.434686809638913,140.89832971525897,122.75348301764,0.835565418226302,148.9181088086058,46.771286056727774,0.03872249990416522,0.03337884797621345,309.0,gm1_infantile
3.058433725203344,11.405977527790307,13.88275988502149,1.915499251289382e-09,0.002474235657243944,5.4370523552564025,3.659641494775028,1.349754987577362,0.0,13.399710673300431,139.67960537552585,121.96454437608972,0.8443010282296082,148.59380809505174,46.99602252380964,0.03875029327567365,0.033348827849524934,309.20000000000005,gm1_infantile
2.398051909899022,12.349369366269235,13.136622032741574,1.7884749692597126e-09,0.002397397767604646,5.452019611692529,3.6650870031275358,1.3777048684031588,0.0,13.386117176139704,139.2627466702508,124.86153985465809,0.8260661698208565,147.52784634746837,47.04619594021065,0.038125089760046936,0.033685548205157186,309.40000000000003,gm1_infantile
2.5038326305982217,12.64818416594179,13.095176564484921,1.677700060326105e-09,0.002319009738425152,5.462066246256818,3.5211686977680547,1.334998000110135,0.0,13.421473399929114,143.76800745027683,124.18328738677755,0.815998243394611,148.75042961364014,48.268567801898,0.03937759359528332,0.03288325305783032,309.6,gm1_infantile
2.579366525458322,13.378321176675104,13.542473522254426,1.828550826392804e-09,0.0022860010204945806,5.51219626590416,3.653846687737455,1.2952529194279803,0.0,13.450974454280258,142.3719867686103,125.7726184027955,0.8244680228152166,150.0,49.322214715291274,0.03928869416136208,0.03309698250320795,309.8,gm1_infantile
1.8132935937708268,14.336244105143303,14.07531482016345,2.3036984256520943e-09,0.002228907095981293,5.600666358051144,3.774899080597618,1.2726502202800694,0.0,13.464606028552014,139.1992223872926,126.79757426278404,0.8154618373958002,146.83779998449515,49.58331992917673,0.039151726817739416,0.03412099496424351,310.0,gm1_infantile
2.8810664041048235,14.894790896525366,14.306972649419366,2.620569634539392e-09,0.0021756936566206535,5.613203855655015,3.753875388054139,1.2942418350594693,0.0,13.445828453214402,138.61621926632955,129.66524052828248,0.7965724704851035,148.43060384120275,50.4329168871306,0.03958222979719748,0.03562556891428154,310.20000000000005,gm1_infantile
2.317039601566592,15.352471911240361,13.925421761152284,2.687812008763374e-09,0.0021998635625856697,5.606062920112626,3.6737863652833913,1.2445510634795767,0.0,13.401092711936867,137.79110997559076,125.5290249964085,0.8050693614996605,150.0,50.499762720585075,0.04115571813131221,0.03668103265299404,310.40000000000003,gm1_infantile
2.4703018014882363,15.275896106669352,13.646300516677274,2.8150192234546775e-09,0.002183578131234767,5.653770603807781,3.7426799924305847,1.2440936598117005,0.0,13.393944226582667,137.88299774076287,123.92895652124349,0.8016488249593944,150.0,49.906545211140056,0.04147633983396473,0.03627502299928683,310.6,gm1_infantile
2.4424821568818373,15.790338218621441,13.254715024658585,2.848247186031326e-09,0.0022231569903876413,5.669962121776782,3.7700612871165253,1.2205379428264933,0.0,13.387963075080204,134.2877340293213,125.351450151252,0.8134162315944506,150.0,51.39677507782362,0.04211500074471186,0.0366595972343104,310.8,gm1_infantile
1.917341085191108,15.082381246617153,12.268748849482053,2.599040200790218e-09,0.0022781087645520116,5.595677202189177,3.807968365991757,1.2514200742257309,0.0,13.349468772820034,134.9733555477427,124.68037550962157,0.8316200206049168,150.0,51.14054847055017,0.04372441635171462,0.036907365789736496,311.0,gm1_infantile
2.882404728745696,14.957805071756576,13.18043938959742,2.241845977410575e-09,0.002264953339257888,5.453678237956147,3.683451935853953,1.2341152426584987,0.0,13.330725488234178,138.22180354478647,124.65759513056562,0.839772272007835,150.0,50.39618033520722,0.04282933225803403,0.03750954496894568,311.20000000000005,gm1_infantile
2.2163691180550766,15.672240192664365,14.156608029398672,1.7049338407852016e-09,0.0022373222025167663,5.42699881689675,3.654439050648301,1.2358322473418726,0.0,13.32997095479442,138.5785835602594,126.29993464031499,0.8388692656837008,150.0,50.011187159443374,0.041606554891446754,0.03721890979549283,311.40000000000003,gm1_infantile
2.391865516902549,16.398855976561844,15.048550737287819,1.7377562179284719e-09,0.0022658031892015813,5.554189696079127,3.6039716566496423,1.2491033659078716,0.0,13.355221617453013,139.58055775454264,127.85687791427046,0.8233737818740738,148.87656469758682,49.35171020767251,0.041912792400472,0.036877474767954214,311.6,gm1_infantile
2.5072610705962894,16.12853615733893,13.92086697188423,2.009057622737408e-09,0.002168651060300843,5.47488714552691,3.4959089035727673,1.2260938227858345,0.0,13.391853768319717,136.73305576917977,126.93426352456187,0.8036965375475269,147.85059935807223,49.4171688886197,0.04255224139112335,0.03513664668841107,311.8,gm1_infantile
1.9372699957997794,15.338675214885274,13.139843748039858,1.9583140437926027e-09,0.0021900594553534436,5.4577832113624245,3.437681761084173,1.2433794993432856,0.0,13.409652476899197,138.77675599019318,128.7004063216416,0.8030699289070669,150.0,48.762470310198616,0.04419501064496775,0.03430579421150361,312.0,gm1_infantile
2.881928422681577,16.440864074389555,12.689965619982843,1.9257641052908534e-09,0.002130853569616038,5.686219891142933,3.664941284156644,1.3150001852713853,0.0,13.438789165188378,138.72641734002423,130.6802311026052,0.7982589595951233,150.0,48.48215085864353,0.04376207409576187,0.03391714888427289,312.20000000000005,gm1_infantile
2.269027156867528,16.194564620792644,12.9706938832863,1.6867450635649387e-09,0.0021598095595221968,5.8352648881401015,3.6782546706357735,1.3806714913547882,0.0,13.502894505422962,138.6611689876414,127.82233478815537,0.790222852375353,148.96175125618973,47.88759801494132,0.04157571310502688,0.03467083487239024,312.40000000000003,gm1_infantile
2.3164237768912774,16.99840872556486,14.28699366775663,1.3570565335922098e-09,0.002169429138184016,5.786057570360588,3.7498134465680755,1.292057471730264,0.0,13.53648535763901,138.61915906439813,125.08961011403325,0.8029495593755825,146.57212480422402,47.962025846538104,0.042035638080912895,0.03473080645336858,312.6,gm1_infantile
2.5799968091483527,17.644979442517204,14.123355334913713,1.5134662057384393e-09,0.002170417380352748,5.782971630510418,3.752832725921077,1.2579791852592375,0.0,13.520888974627779,135.1865727780698,127.05431847249338,0.7962850348888819,147.04046377709898,47.49871204788911,0.04126859250947887,0.033900179024339845,312.8,gm1_infantile
2.0167625451590263,18.80381208992395,14.125401002450802,1.2588052978703558e-09,0.002080580401814579,5.858215710043875,3.664228933920725,1.212415325971347,0.0,13.510486696833958,132.52437539987835,124.75415889539158,0.7993346730993007,145.94029180644148,47.85039353919362,0.04131950126963892,0.03467130815577188,313.0,gm1_infantile
2.9910914690048656,18.88391849274181,14.54776228533571,9.767912139792366e-10,0.0021248399328624413,5.6784216790470055,3.5676692968183104,1.158700329053776,0.0,13.50551347701238,134.08500625824837,124.53187418300386,0.7923598768779841,143.1317362557736,47.101232912383345,0.04152211410769615,0.03532822034496998,313.20000000000005,gm1_infantile
2.311627769506324,20.192293156250283,13.945110588111328,7.618309645518393e-10,0.002101313308372965,5.828335002011884,3.59310616366107,1.1300619496285342,0.0,13.561070272681599,133.7040828892087,123.07999081406314,0.8011319192020186,147.16106476090388,47.667667046801355,0.03995727880931753,0.03589560632834409,313.40000000000003,gm1_infantile
2.462186569196734,19.04269277585777,14.824354650915135,8.505772068192151e-10,0.0021550767777261167,5.71090717937154,3.6296874688226466,1.1305824916517724,0.0,13.605633739827605,131.2389682993145,120.88166234108982,0.8108581024560992,147.320286544488,48.447332126999804,0.03916066818694365,0.03590226901198918,313.6,gm1_infantile
2.5937575247258473,19.18773012979566,13.683379141172653,2.2880195848691006e-09,0.00215617370038686,5.567967913460135,3.66045886157095,1.1751981183942581,0.0,13.633563493857727,130.94221308804782,118.16806549602506,0.8152920570783623,144.2960810430721,49.265198270980626,0.038444449865117455,0.03638126028926559,313.8,gm1_infantile
1.9341521058701074,18.635486339334605,13.23833359536992,2.481374757345339e-09,0.0021172607793905926,5.637569435385723,3.615728961943895,1.197934578882472,0.0,13.637946885206379,129.40910719303324,119.34290535869263,0.8117875110701953,145.5545396480773,49.272656387860195,0.03887369010697995,0.036013292773262144,314.0,gm1_infantile
2.931657795024414,18.897017339538635,12.986115733926043,2.9790130335635517e-09,0.002111467970133378,5.493193336184045,3.5741154304405645,1.186768673246906,0.0,13.661249844047742,129.38988364604177,119.85909769772097,0.810270365495984,147.4397184292376,49.63565233602546,0.039407574200136436,0.03582458574275794,314.20000000000005,gm1_infantile
2.253271522639149,19.60750463460032,13.969279067518169,3.3154422573426e-09,0.002178491012138041,5.501798711109928,3.516665747252504,1.1921252417994073,0.0,13.604183180472434,132.11522548363845,118.64876224558896,0.8309839725503464,147.48581790400078,50.13584350967471,0.041484717706583095,0.035526734560639095,314.40000000000003,gm1_infantile
2.3794503767147526,18.755500285364928,13.394991468162385,3.108970614227537e-09,0.0021423724169448576,5.372792824457927,3.534337870207036,1.2349854365271105,0.0,13.59893628058379,134.70744210192373,116.46317779663607,0.8522021477953852,146.34361610849507,50.28579728996995,0.042603285127988846,0.036773690392305304,314.6,gm1_infantile
2.51785013928061,17.986653952978063,12.969150092842424,2.8227293472875722e-09,0.0022256837095922847,5.328871661650419,3.6139281236928036,1.226776626155595,0.0,13.599432866799063,134.1868600133705,116.12855406421357,0.8348148965492826,146.3906875274137,51.35590266902254,0.041710745696254,0.03748373130622501,314.8,gm1_infantile
1.7267669980299671,17.197913758820633,11.93809544172793,3.2163511446263873e-09,0.0022603891170662636,5.223989549092709,3.6860725241461654,1.2990066501932185,0.0,13.586792685739962,130.3363428518145,114.7958818228188,0.8429303054141283,150.0,51.32812207832956,0.04106329680773257,0.039512801790191336,315.0,gm1_infantile
2.8236818688502554,15.932266899328038,11.91744987158543,3.5050410012354145e-09,0.002247228317466472,5.291596712565764,3.5791014670633228,1.271997670304045,0.0,13.577916372691096,131.0045335052932,115.84293443108692,0.8707917312671904,148.69366464042807,51.12209604314092,0.04033223329229619,0.04043997129357771,315.20000000000005,gm1_infantile
2.2848503634185917,15.649052920710934,13.082208054449772,3.167092066526488e-09,0.0022900264764087724,5.42377266252285,3.506703722372439,1.3168337935360728,0.0,13.602657959169736,129.16283935460285,116.78780191580636,0.8789525853549208,150.0,51.74691427295446,0.040300552886623424,0.0400583713458644,315.40000000000003,gm1_infantile
2.417057259050036,14.737583445992453,12.928974202854643,2.976592699581261e-09,0.0022402876431417635,5.25000125710071,3.437730499698627,1.2110946317129587,0.0,13.613321414398271,124.68559362996248,117.21649120187683,0.8766698075605155,147.82320387825771,51.45645921898817,0.04117672227304115,0.0391567188976786,315.6,gm1_infantile
2.525558747292122,15.068035526688847,12.41521697649482,3.2737693876613444e-09,0.0022510879469459905,5.219224220975832,3.736488756326474,1.285696591130339,0.0,13.601174195947525,128.98618665962414,115.73819660800001,0.8767379429218752,150.0,51.91800769617955,0.04183253785057975,0.039770187667315285,315.8,gm1_infantile
1.9215499079732985,14.504615596291439,12.635716940957588,3.043025981393317e-09,0.0022174220292257314,5.352309499436124,3.7390128044094744,1.370475888234885,0.0,13.596028846912914,125.96763560650183,119.13651034467972,0.8759755774455064,145.67235458433083,52.617896268419116,0.04170011904650535,0.03891229435858057,316.0,gm1_infantile
2.996357953012577,12.615737969011905,12.19503833430301,2.851429502883098e-09,0.0022506546963199686,5.563794922864407,3.7414342375219185,1.3796579349322564,0.0,13.59586694377723,126.86218512195394,117.22651381513575,0.8985275671679172,144.48020393379588,52.81229768980078,0.041839401445502696,0.0389491704469824,316.20000000000005,gm1_infantile
2.3145783376882845,13.018769043663402,13.11585130111015,3.7005934571073664e-09,0.0022322924363484646,5.5116344667440496,3.669647494277187,1.458876443075777,0.0,13.629502021181203,128.1506008240142,120.80735746416259,0.8945001862511907,142.55088627865456,54.14991730630506,0.0426075186770009,0.03931115246694248,316.40000000000003,gm1_infantile
2.524259027608145,13.4715454198599,13.974874451012232,3.693154369778407e-09,0.0022682805302150057,5.556225731820432,3.6571590431038996,1.4059325473078104,0.0,13.637288874626755,127.46119050422823,121.56311939540964,0.8983467753707673,143.1543276780373,54.31002175414696,0.041984216930053164,0.039026224413432224,316.6,gm1_infantile
2.5102050349588705,13.505020067690527,13.262443795369325,3.632440748506187e-09,0.00222269076775579,5.34854322633474,3.898531824354769,1.3616563711669056,0.0,13.620921530154328,130.4928536592085,119.74458847038755,0.8994303428137108,141.27930297278817,56.23565261360882,0.04166509119040765,0.039718382273656455,316.8,gm1_infantile
1.9338687763928126,13.600306447218756,13.486050470991076,4.055675883760058e-09,0.002246702901392288,5.356766164646915,3.957377987138388,1.426540399766801,0.0,13.564267692076392,128.66956432321632,118.16359899527731,0.8879426873437888,139.9000703779877,56.207503124282056,0.04181101203546521,0.039890844485908364,317.0,gm1_infantile
2.9339690645438123,14.338843012260899,13.720580519530866,4.5580584748290195e-09,0.0022800965996231993,5.316014187774172,4.0932929018128466,1.4112788340770013,0.0,13.585831180186466,128.5448735240807,118.38120279017664,0.8855276060499521,138.53221218040252,54.60321434600917,0.04108192540158136,0.04003045907304435,317.20000000000005,gm1_infantile
2.368221159242553,15.138981643434395,13.468876040471937,4.2093259376656604e-09,0.0022612538866991745,5.21679310764053,3.848121177793046,1.3346247806795026,0.0,13.642064824825443,129.94195562913976,118.34210868905934,0.8683227125900812,138.46389121254853,55.04958722111309,0.0417676554392737,0.0406132378570593,317.40000000000003,gm1_infantile
2.5491145998739815,16.832231697032096,13.172922143923705,5.227115838655364e-09,0.002151815714429509,5.1374660366238665,3.8913485384505364,1.363217990674543,0.0,13.626643126962556,133.92311556099747,117.53561833611553,0.8558891849053217,141.8718203427257,55.67482500390924,0.04271727371348348,0.04075233299232378,317.6,gm1_infantile
2.544399319903564,16.922343837514873,12.306987584102433,5.19015817751102e-09,0.002174339405093271,5.230151387079628,3.907635085186268,1.3982676011826416,0.0,13.655821716023667,135.20891430711407,116.33579821658054,0.861491643380975,144.17508244737704,55.725548580803576,0.041850970685795616,0.040875147511892154,317.8,gm1_infantile
1.9660551640776867,16.192368723755806,11.789510747840572,5.256450845796883e-09,0.0022054964699809907,5.4279128304906985,3.996311751356904,1.3477096543719596,0.0,13.687766854501954,131.68324417587172,114.79715076608836,0.8552222218504892,146.0075233452011,53.966715037472405,0.041653820492354644,0.041555674786946835,318.0,gm1_infantile
2.869097715954066,16.765448176725734,12.278603475851009,4.83733989310335e-09,0.00213998056045665,5.337275498652182,3.7094400241147207,1.331551691692997,0.0,13.650189786947196,133.4891936095587,115.01738497335093,0.8575130544704972,145.4150001354647,54.50631425807544,0.04278793623008375,0.04113847711043694,318.20000000000005,gm1_infantile
2.2960897481662728,17.55271319875872,12.531940934356827,5.357574513057987e-09,0.0020964044994594413,5.289773270504839,3.666448888907919,1.362496654369692,0.0,13.628662998078696,136.57106103186413,117.90517081003996,0.8530864655196019,142.96767692932215,55.88284362762985,0.043152606959707414,0.041487401190091706,318.40000000000003,gm1_infantile
2.4347911355278655,16.75160950307974,12.33523245097518,5.478704895426837e-09,0.002066619524043342,5.323545399419102,3.7102401418257025,1.3233196117479753,0.0,13.646471302098517,137.23567262550674,118.84082379257865,0.8322177383841339,142.2332521071031,54.74060306162015,0.04318401750647721,0.041750500544498324,318.6,gm1_infantile
2.5424737874915038,17.83493282266279,11.556523347751554,5.071071773630321e-09,0.0020770725977390116,5.341317386452673,3.616077345421296,1.3742808681866072,0.0,13.65915698389092,134.53998910892017,119.14785165169006,0.8355360894127054,141.92759385033145,55.734776148014916,0.042982954937463826,0.04372079703798108,318.8,gm1_infantile
1.9778778442717238,18.075901959307703,12.111798486069828,5.527075668893663e-09,0.002110421069518742,5.326523768808449,3.6007468867580346,1.3283862892402536,0.0,13.664172265398625,133.90777981827054,118.66625411332514,0.8466268788388781,141.9280829845328,57.16160134783749,0.04234690149022507,0.042739144803291704,319.0,gm1_infantile
2.9438872278984576,18.64404713189825,12.809923097854465,5.188439639345448e-09,0.002051839301237535,5.4668527198543995,3.5126077063257064,1.3717132610651315,0.0,13.676003066806107,135.92483007012927,119.47943307821502,0.8426997210854734,144.82511509513506,57.36963633446985,0.04589025896471421,0.04109899168161397,319.20000000000005,gm1_infantile
2.192630613617915,19.699559145759313,12.84209600876668,5.3562446137022406e-09,0.0019933436108274943,5.464555076364536,3.6015843765426934,1.3352918280056951,0.0,13.63412262262818,136.7068125229641,121.86942727940756,0.8281776447474577,142.52413068928826,58.277871772108945,0.04446466936039631,0.04183875946904792,319.40000000000003,gm1_infantile
2.3535060982824754,19.109563738698927,13.78664854741392,5.571858590634325e-09,0.0019973785817304457,5.250543664209191,3.7049138876153376,1.2911413968307686,0.0,13.634039449163303,140.28779406871854,121.50061240381791,0.8119635757944856,145.572733729099,58.829396100716714,0.04513731028055682,0.043213536155518754,319.6,gm1_infantile
2.565443064647782,18.11850934238737,12.986941707150466,5.750597421741881e-09,0.0019772016753715994,5.227037658028493,3.6313605054884786,1.3288647690497275,0.0,13.62899289340627,137.74127350853945,123.53310101278025,0.814435189578111,147.96746994980754,57.172010280721295,0.045100768325346,0.04248404410220618,319.8,gm1_infantile
1.9524920311521559,19.033390095046016,13.235831240722263,5.622757422944958e-09,0.0019693637576950382,5.075902776949685,3.5950138460389764,1.3804003126267919,0.0,13.663485228976562,139.32950507011682,125.03926639242641,0.8177630068721432,147.28742536033465,57.04203462652672,0.04565728643732158,0.04047117908446863,320.0,gm1_infantile
3.0344965880522534,18.34997662990554,13.231346678331928,5.4631364495765e-09,0.001959240727118985,4.951020720406526,3.6778625655069472,1.409593995159164,0.0,13.623493365429153,141.0603538303948,126.27232821376442,0.8208129859275012,146.13208139586766,57.57870312082021,0.04435051657274201,0.04030761459287401,320.20000000000005,gm1_infantile
2.2851570607241922,18.254594686550792,12.665915346989387,5.611371047405687e-09,0.0019699836038876493,4.8939266297104425,3.856491838408716,1.3821819190823446,0.0,13.604470373907635,142.51136946100596,127.40068464345225,0.8351125991224949,146.4871770941999,55.32198692662678,0.04383298011977179,0.04170376626138764,320.40000000000003,gm1_infantile
2.4045415952880047,16.384736352547183,12.968457647861621,5.670301704137847e-09,0.0019298384380257183,4.8655682499948805,3.8254998078751505,1.4224479405788872,0.0,13.568747008267936,142.52625141967283,126.18468903017163,0.8514348479021787,148.4445535571967,55.224696614845655,0.04382141629930193,0.042619084248242164,320.6,gm1_infantile
2.502468123933509,17.063070122470766,13.844810279796336,5.364595485043436e-09,0.0019939793307236875,4.978134387000501,3.9119924114328337,1.417475437325473,0.0,13.561025425505068,141.05145021548714,127.12281944317832,0.8395367494059001,147.95230468914363,54.977921575667935,0.04241283337741865,0.04320942847993802,320.8,gm1_infantile
1.8898279233130333,18.2923842631622,13.67448448184169,5.094182810993143e-09,0.0019455778737593812,4.974611650926341,3.952986563939952,1.4486714725097638,0.0,13.624363598793474,141.9565392486519,125.48234380543569,0.8272578651788718,149.2006356707827,54.226723520940524,0.04289293237193595,0.04404113586821268,321.0,gm1_infantile
2.971096299642441,17.292170869319147,14.264721713579194,5.089194236642588e-09,0.0019110438597514062,4.953408851509952,4.035665255953784,1.4182445241043085,0.0,13.6681684978339,143.83990120044103,125.65599426611644,0.8296410047598805,148.304049378904,53.85489340491177,0.041354862271973034,0.04424585304623099,321.20000000000005,gm1_infantile
2.3700320450607375,17.314493208782302,13.688828743568882,4.991254177403803e-09,0.001961118715095488,5.026598527793732,4.054771244619281,1.5014356271597529,0.0,13.653194264998445,143.3938666259303,126.86540119528462,0.8193223509412054,150.0,53.92763604257948,0.04161423241938621,0.04363666063593574,321.40000000000003,gm1_infantile
2.444194373979533,15.53077023740741,14.619158600855128,5.219625484108639e-09,0.0019825344202380364,5.050923855278033,3.826666080135022,1.4496345093904517,0.0,13.619914048612069,140.20234939200228,125.24486537562528,0.8196539781918974,150.0,54.58731904090914,0.04349223855527995,0.044268101897774144,321.6,gm1_infantile
2.532335111261415,17.142427433863574,13.541035869939284,4.404797318643511e-09,0.0019351892409363587,5.117681414755983,3.8806606812829676,1.3935510490286362,0.0,13.581850634216485,137.92907867975296,127.91442222898777,0.817850088528877,150.0,53.93579572473223,0.04388221582854473,0.04445000385921311,321.8,gm1_infantile
1.9755654754521648,17.379320264597382,14.14236252416099,4.498669947873392e-09,0.0018803192011038563,5.177930367153943,3.89767439281997,1.3646439817132499,0.0,13.609561558209741,137.08900797484438,127.34370742340792,0.8025074165037966,146.58457150751198,53.759801576747286,0.04457495681493997,0.04384015467854089,322.0,gm1_infantile
3.061049037256989,17.070763235697402,13.994492891501586,4.285856316249099e-09,0.0019140521002526012,5.082543931096637,3.9016510044879693,1.346375319823274,0.0,13.610325198786423,136.9360434179752,129.18407280737222,0.8021793718667407,147.87005375813433,53.88432735991949,0.045902971923827245,0.04350157461223721,322.20000000000005,gm1_infantile
2.3722492393558205,17.87960989126689,13.77398814168426,4.361176680248964e-09,0.0020085944869054563,4.987147265897204,4.092101858300981,1.3420349880043423,0.0,13.63091383462735,138.099332433614,128.949022189098,0.7993439173874541,146.62798964397936,53.88813447124289,0.04561861246524773,0.0436450322306047,322.40000000000003,gm1_infantile
2.413607819246945,17.846597816506016,14.575848389954107,4.603951816725953e-09,0.002001091366845194,5.213953336349393,4.04321380023074,1.3604106159822034,0.0,13.618310027990086,141.5026891295856,128.34519494658613,0.7830681574856123,148.54306747450474,54.16949982773873,0.046378818826218304,0.04331333940991627,322.6,gm1_infantile
2.4649302546760636,17.62875920938386,14.918479334529028,4.465676947378202e-09,0.0020100214269719676,5.156776352282152,4.083551191066024,1.3594156130679864,0.0,13.62226597036052,140.80772872484846,129.44073004753955,0.7921771004463924,149.7258517413356,52.992379602964526,0.04529236476454766,0.04265877674342625,322.8,gm1_infantile
1.8305529056095107,17.09839912413372,15.509170531662996,4.612639380181636e-09,0.0019825189750420345,5.204425856349865,4.113136045734736,1.3605904249722816,0.0,13.601831070031665,140.94753022108475,127.65433264728473,0.7814548648934343,147.19118605859845,52.29900450832243,0.04528237266856588,0.04232950627526071,323.0,gm1_infantile
2.8757829749101327,16.69137997132503,16.717045867888235,4.111038239001853e-09,0.001919709197924749,5.119028459447498,4.087805843824735,1.37674211361473,0.0,13.630286186912375,140.78252270908854,127.00751356718273,0.7986663738115077,141.98243978069456,52.348793958384036,0.04562555278840929,0.04409872240703366,323.20000000000005,gm1_infantile
2.147130139729146,16.414625389016546,15.615260213315745,3.4144306111721805e-09,0.001902791085947662,5.188631108024551,4.212145139925123,1.3529039546651296,0.0,13.623954718365496,141.87790135052927,129.02170786101794,0.7964397855167539,144.26205997512483,51.509311355053846,0.04620492410047867,0.04508641635373159,323.40000000000003,gm1_infantile
2.3613467846848857,15.356301476310476,15.382074428387732,3.4324451142245375e-09,0.0019136485032634815,5.191989702523337,4.348246018075663,1.3067530855515281,0.0,13.572328762262485,143.1010909456554,130.0120662977884,0.8328421792213583,146.46386081970954,51.7477731159939,0.0463723238575199,0.04472391733361427,323.6,gm1_infantile
2.485867263951809,15.615349870171753,13.981588205095802,3.4115189635680706e-09,0.0019098426654406643,5.350059727043544,4.287988920271582,1.2928976946513493,0.0,13.574279936013843,142.88128668015472,127.82454336285579,0.8306943088635685,145.52052819506747,51.60566389549344,0.0470406821098192,0.044010416210576414,323.8,gm1_infantile
1.8776929461355567,16.117969731522088,13.755491433817705,4.380955341253438e-09,0.0019123833827931664,5.224936477315632,4.143602087072489,1.2705555801391344,0.0,13.590283203554161,140.80751938435594,127.28752217379981,0.8430293803823071,144.70447519783372,52.08122577563414,0.04520517813177657,0.04360391448576501,324.0,gm1_infantile
2.8857814844394567,16.28080051804527,13.09407284232438,5.075568245574037e-09,0.001835437033207788,5.324788928684166,4.225794188694409,1.3057583796578547,0.0,13.646464290861333,145.59296647424642,126.9651104956082,0.844324990639239,143.83541194806233,51.27722622483135,0.045581316993657736,0.043805121155892225,324.20000000000005,gm1_infantile
2.1574919994934105,16.783925757326475,13.245747901696237,4.743735651165968e-09,0.001800485163381007,5.357764850583528,4.377327586218825,1.3302013826858048,0.0,13.620786880808776,144.80652746146725,128.03689702336624,0.8285132040272701,144.43960921874609,51.627707510168094,0.045446507977330804,0.04407587968169624,324.40000000000003,gm1_infantile
2.326885397425618,16.16828283658426,12.558455601955034,4.596479471485793e-09,0.0018461186488841334,5.449236315613165,4.278639605377548,1.3183328414326194,0.0,13.607098584835471,145.39038267120807,129.89550779708557,0.853557532220372,143.04109331550276,52.08918078638437,0.04590559798745609,0.043708564868235794,324.6,gm1_infantile
2.400013606346963,16.39684526989466,13.804209234617588,4.58141087206435e-09,0.0018060614333008215,5.426208385447664,4.097033746950187,1.3191803693801647,0.0,13.585735417834725,139.19997808669305,130.40349348025845,0.8471320436210946,141.81555534128412,51.56782465254848,0.04622204516810317,0.043268645540086643,324.8,gm1_infantile
1.8751852471092525,17.255473520739066,13.603741303326963,4.286787443438213e-09,0.0018035505658802172,5.404450357513228,3.8774240758746177,1.3867623179157118,0.0,13.571356995329719,135.71369187244184,130.11149694016615,0.8398283049186479,141.91447467948367,50.10119837246887,0.04563941945649077,0.04282984758208211,325.0,gm1_infantile
2.912660696756398,16.90170691212047,13.627982074737032,4.758824098472286e-09,0.0017752353083633388,5.309471311457855,3.7020063184932104,1.3493131365764532,0.0,13.60021845439606,135.59974712865414,131.78581176311866,0.8559162892140731,140.4906787856609,49.88299969364073,0.04692287409631778,0.04296923622260746,325.20000000000005,gm1_infantile
2.3141108248329996,17.95140521739321,14.168500442434466,4.792572722343688e-09,0.0018239851852310386,5.295513469895354,3.7857667731855993,1.3410734261990884,0.0,13.578618183670933,132.63415012377587,132.96871987915017,0.8436564113088747,138.61789398694054,50.75239102003681,0.04784886525092353,0.04259901499161514,325.40000000000003,gm1_infantile
2.2908633327416563,18.4047054853222,14.586115400435734,4.865094800727948e-09,0.0018355384164664124,5.270921408291274,3.7645452222427616,1.301717730663938,0.0,13.588077319778197,133.3103717733723,134.40211060928706,0.8273458283572739,135.79700310398258,50.50659232572434,0.04666932055945225,0.04273460951090207,325.6,gm1_infantile
2.3593013676483476,19.521383746248205,14.04927686536602,5.350948434438472e-09,0.0018493829632933022,5.1649554583282615,4.0057682829257875,1.3220239840979844,0.0,13.585790338332874,134.21819619421336,135.36622375971174,0.8173743379175706,135.65337092426032,50.59815087448618,0.047183399479156084,0.04326943969339536,325.8,gm1_infantile
1.802497914988839,18.843535471902573,13.70936524693032,4.815148766575246e-09,0.0018661916200881782,5.101075234978239,3.990789289178484,1.344510039537477,0.0,13.585314194327557,132.66554795025758,135.86633147967018,0.8136572768729143,135.74173707365662,51.40303974186941,0.04762043477539209,0.042678088384717906,326.0,gm1_infantile
2.8594893526181666,20.32793571283062,13.549458463137105,4.713069001898975e-09,0.0018861804882877328,5.113591876603544,3.96618095144879,1.3312845792903296,0.0,13.605012335550265,135.11084213172325,133.2311776900744,0.832901154263638,135.46259036541366,52.054208290311585,0.046741527758741123,0.041126578291312776,326.20000000000005,gm1_infantile
2.1568327698138017,19.934643411736946,13.93859173938888,4.609692556041581e-09,0.0018676398365440028,5.2097899988909875,3.9839195919883617,1.3576913055330997,0.0,13.604461679671696,133.91876671019045,134.1099136008879,0.8407918733126543,136.25721668227465,52.17065750553035,0.0482184110770972,0.04235337848532928,326.40000000000003,gm1_infantile
2.317953152987085,19.093246078335707,14.255039318517653,4.27071014702197e-09,0.0018970341016675927,5.242161852211969,4.283845465518332,1.4142665349881585,0.0,13.588382921437303,130.59237903666272,130.3327481071749,0.841610004064864,134.33733330692235,53.3383120058523,0.049381652760080066,0.042055430667202236,326.6,gm1_infantile
2.4290446759050237,20.57213930170324,15.406349358356437,3.843704621298008e-09,0.0018444915244824527,5.206675054490438,4.295747817015422,1.378548793459092,0.0,13.647465339397124,128.2340115985718,129.57924180494916,0.825601010938982,133.0901143033983,53.12932515771298,0.048481294273508974,0.042506003447405766,326.8,gm1_infantile
1.855001968601083,20.77929410961588,15.212620457821584,3.6687733252602597e-09,0.0018222452794067455,5.176263946595331,4.304258989232771,1.3018063515575606,0.0,13.620673265105237,127.74387551654007,126.91832011846923,0.8212654651144411,133.84568696007932,53.45845907737105,0.04711021758980698,0.042854560131136234,327.0,gm1_infantile
2.953250648411293,19.98603448233271,15.24035351366026,2.9073622073159924e-09,0.0017783162287492457,5.1940959059248675,4.378892923699575,1.2965497068673082,0.0,13.629930213670526,125.67368422502183,129.1610182031027,0.8072508831038379,134.69136337481805,52.79711894487608,0.04560292302232816,0.0437442606649769,327.20000000000005,gm1_infantile
2.29368055379874,21.92246889088208,14.569566953068833,2.3186507012787235e-09,0.001751787115324288,5.462258738953293,4.429557653403113,1.331626309413973,0.0,13.614854758330859,130.4618643231641,129.983652226876,0.810954266349985,136.73312075378988,51.90659777629545,0.0446192400337261,0.04346155947020327,327.40000000000003,gm1_infantile
2.4789704600805913,20.24897689020598,14.600229551923675,2.1678681067138273e-09,0.0016837570773489655,5.40502775332046,4.4128921533104455,1.2698400843958466,0.0,13.628804932864918,131.15130668325293,130.02227301841964,0.7987068294309518,135.78633487559244,52.16651733685213,0.043880111006748414,0.04360242498388235,327.6,gm1_infantile
2.5190063135661505,20.638110136946256,14.981138830801404,1.5877796064444888e-09,0.001679137204755355,5.252247232362086,4.124758446041109,1.2607489757337254,0.0,13.652148666661358,133.7032903321333,131.1121904832907,0.8005723066439461,137.6720182828905,51.72706057648307,0.0442519126610315,0.044721969083746545,327.8,gm1_infantile
1.954841462167762,21.949781331229016,15.13487557190233,2.2342575335659686e-09,0.001664200687126278,5.447491515946202,4.16697473539249,1.2700140075343134,0.0,13.627198126021671,132.0625989108053,130.9777520785167,0.7867554245344803,140.31573572594323,51.81203170978547,0.044228232935765666,0.04352735929504809,328.0,gm1_infantile
2.9478975337669415,19.22227036451438,16.32711658039854,1.7081082882731687e-09,0.0016079412376521476,5.579228275567447,4.1626256418096625,1.2809228475711585,0.0,13.655989137305943,132.31554109596274,128.31532448983404,0.7942393562610855,141.33479494552418,52.640537520913,0.04291700805891791,0.042780121422088,328.20000000000005,gm1_infantile
2.3326771299088893,18.299411027393415,14.654718202177268,1.7060856505937547e-09,0.0016336092070178684,5.558508613984107,4.158813837434384,1.2869546409272956,0.0,13.659834241545925,134.80703487279564,126.69456977691853,0.8020988906751935,139.32989111460134,52.08655298965881,0.043989611903168545,0.041596003416182976,328.40000000000003,gm1_infantile
2.4446236733158475,20.691501017461402,15.327145249383944,1.3886468779916341e-09,0.0016061283295000324,5.533849334135355,4.251301219846954,1.2489842537588205,0.0,13.681333155625786,131.86541530634898,125.18792887526983,0.800727922529719,139.4934364095679,51.14826646769082,0.04424621076396894,0.04207308668887504,328.6,gm1_infantile
2.5062911872723372,22.491275754007372,15.58315072796398,9.998256520468195e-10,0.001658566005517324,5.474524786109487,4.202980560956513,1.239477977283976,0.0,13.666302154700984,131.19962555888242,124.95580526643172,0.7949213750497588,141.73964481611176,50.302848181329956,0.04411605931344339,0.04211562302240402,328.8,gm1_infantile
1.898501895212108,23.518802840143387,14.6270096862447,1.1382234871892443e-09,0.0016059886419070885,5.417249748610403,3.996598540024869,1.2409031831166968,0.0,13.716149950004747,131.70456682091344,125.73212323724766,0.7828375870316566,143.36845879477855,51.43450157899203,0.044889620899311214,0.04085650098025701,329.0,gm1_infantile
2.918818964949903,23.32435785691785,14.36535078365375,2.324587425006895e-09,0.001581937559805961,5.405522273229608,3.9121129443697664,1.2667961757345647,0.0,13.71936443370618,131.39546681288297,123.96854966621133,0.7953865860000726,143.2985872264012,51.31511131131284,0.04250841114668883,0.04070000912630913,329.20000000000005,gm1_infantile
2.2585646391866843,21.032600275575245,15.12964193343296,2.0635820924590496e-09,0.0016436877344041933,5.536520876719598,3.8298287705936844,1.3266218064351782,0.0,13.701916692021213,129.66623979273095,120.47488609550298,0.7991375886938328,141.64617851078202,51.60827624720395,0.04188250075457891,0.03995627038802631,329.40000000000003,gm1_infantile
2.3727051310077165,19.44046989554262,14.78995545951081,1.741571083007e-09,0.0016361818915069338,5.539209246420396,3.7091845262176624,1.3514815058224727,0.0,13.747718086598793,130.17198320677855,120.63465104382738,0.7934666069316175,143.03451269870064,51.64010814652118,0.04260625230682256,0.04137624699182642,329.6,gm1_infantile
2.449346780763172,19.988775469328104,15.190113208781826,1.839083495165728e-09,0.0016134558149234258,5.490710441193909,3.6566112864512705,1.3085656463931847,0.0,13.744196804719389,128.93882325800467,121.389413494872,0.7936817503783141,143.56749209734008,51.45944128535047,0.042582344417680586,0.04110712122915081,329.8,gm1_infantile
1.9052804007424595,19.416654393241544,15.456194625802517,1.3568461865266755e-09,0.0016324933882280726,5.428407755628584,3.583265527242777,1.2622464773703088,0.0,13.729098487158854,131.64599564824803,120.3919533803302,0.7701437105280607,144.47853469798162,50.70511685543774,0.04327561634401778,0.04068120962205643,330.0,gm1_infantile
2.9319324396323467,20.509512348214464,15.875938474091939,9.079334122920776e-10,0.001585921506775704,5.250445177960109,3.8717518218250917,1.2426769912342588,0.0,13.712458904625638,129.83012095320362,120.47500801289907,0.7665958248071684,146.24199645619825,51.27445370358608,0.04261719839715121,0.03935221966971474,330.20000000000005,gm1_infantile
2.2171534663491297,18.13158408184306,15.682344005950261,8.202353797614747e-10,0.0015391718891812792,5.125889102072492,3.8771470373258996,1.246572391963715,0.0,13.70089515251445,130.34909038225277,119.61280580982209,0.7615432293910334,142.78811208250355,51.24978743818197,0.0426119856771102,0.03915728283880443,330.40000000000003,gm1_infantile
2.4662310844837347,18.201824315931386,15.521990358861839,9.331560212710016e-10,0.001607066483785361,5.1420867499258325,3.671895889499171,1.2931878631343445,0.0,13.641816270275276,133.43449241955284,122.06398313403508,0.7524242711794913,141.286233450214,51.37008200617939,0.04168692253328661,0.03900044429204066,330.6,gm1_infantile
2.5196371693125257,17.774118444255233,14.533411581950686,1.1887228577351136e-09,0.0016440769434983747,5.1258380454742865,3.7121370923737946,1.3344008995151104,0.0,13.694370014395497,131.16898683516558,123.52611705910415,0.7513898694086686,139.39387623748968,52.95169820179048,0.043881937939284535,0.03878110767543726,330.8,gm1_infantile
1.9407973388950468,17.311369317760562,14.30917663364737,7.732531590474741e-10,0.0015906974531494612,5.290720392527757,3.7523366671106952,1.348291676597691,0.0,13.699880307176716,128.62879995512827,122.29089372258113,0.7395274513708272,142.05934644677913,51.794259204095795,0.04264766472750678,0.03700795271054125,331.0,gm1_infantile
2.9323143189787735,16.766995808127753,14.920452296228703,6.163752461356387e-10,0.0015693998413026284,5.312036339920704,3.7324538046796834,1.4361493964261491,0.0,13.712251512298707,130.15286017742156,121.3218487100419,0.7412657688112,141.32098996584733,51.99285561269107,0.042654151927886054,0.036855639961578264,331.20000000000005,gm1_infantile
2.2200894472295274,18.62686420873548,15.256739244977318,1.3228931313540825e-10,0.0015480472656075126,5.15783157678698,3.8322240666989,1.406277265077372,0.0,13.686139046544682,129.68666870398786,122.65582558156105,0.75191159253816,143.15171004084897,50.9284245714456,0.042387046328478145,0.03702871123693819,331.40000000000003,gm1_infantile
2.3354760059201483,16.936712831104057,14.378210601557663,7.459803538246423e-10,0.0015007745611542555,5.155258755881837,3.839481235045622,1.389541597024948,0.0,13.71000248392448,129.83422899135036,121.67315605977818,0.7525395728123938,140.92653043186704,51.26603012798489,0.041657096542053164,0.03647967020484703,331.6,gm1_infantile
2.4862584452773864,16.540686537150002,14.115030759019518,1.1709503287892495e-09,0.0014620930573680847,5.1944915343745635,3.964549778603219,1.4297230772955758,0.0,13.690022371332608,128.41614429909924,123.05953929172449,0.7622002698419424,139.65814102794596,51.61055005352066,0.044183955506661085,0.03652915592603872,331.8,gm1_infantile
1.9421285776929658,18.012480672385546,15.74339795396254,1.1823550467361946e-09,0.0014974190010638411,5.114748161965086,3.97473971014238,1.396012149354248,0.0,13.640730512220017,129.2499555333239,123.84580474771887,0.7516451508513338,142.83186985170914,50.856254328102416,0.04434504011102711,0.036155454283952046,332.0,gm1_infantile
2.976215762351994,18.761089771965285,16.22990093151606,1.383202664360636e-09,0.0015106065132315563,4.992762764310356,4.10553375159118,1.3503500816916911,0.0,13.629711771527017,129.94588754011176,123.08266117265981,0.7501896299709511,146.17677593377806,49.991819260549505,0.04424854222588126,0.03523029221502467,332.20000000000005,gm1_infantile
2.3734497512389465,18.090896543946894,16.205034903227567,9.14485020244898e-10,0.001548442278581964,4.992622342763808,4.123200434651617,1.3931556303359838,0.0,13.61067398013724,130.3272206850994,120.24895714941573,0.7339574696329794,144.76693708608053,49.247569658481375,0.04381583822809913,0.035609594209783366,332.40000000000003,gm1_infantile
2.5282993648890644,19.878799781254084,16.120472445322314,8.875912147821063e-10,0.0015410001789130994,5.014644993210607,4.167956949216281,1.429627266206635,0.0,13.626183423830163,133.07750493041107,120.34071240089577,0.7282955408060475,144.09842615845042,49.19590612284646,0.04267434426870476,0.03508954585551927,332.6,gm1_infantile
2.5421905813415746,20.16839232211362,16.354927154451293,3.719093019344508e-10,0.0015120775181203506,5.174378639190527,4.232092726829113,1.4380750053503488,0.0,13.63463287910957,133.12331412812674,119.10956045534626,0.7238408103935297,143.39271596197446,48.24156787505965,0.04133993342319979,0.034898921537191215,332.8,gm1_infantile
1.8850040064054503,19.758732584947122,15.199732915256671,6.276999994979549e-10,0.001577630669306134,5.263473091829375,4.330124901488709,1.4390320384194242,0.0,13.636964262299788,131.5714821974642,120.26880679381672,0.7302612085080842,142.7107817609575,48.60553357272561,0.04061621835083049,0.03437624986130009,333.0,gm1_infantile
2.9611191403448576,20.009689273090547,15.045903700855755,4.3354989714524124e-10,0.0015771032333453806,5.086527631663834,4.1933137109804255,1.3639644798963475,0.0,13.669893270873576,132.4943394232581,119.49482887948794,0.7235413736034123,141.48415709766815,49.947820830200115,0.040592747715020146,0.03449647895902544,333.20000000000005,gm1_infantile
2.1802794977302176,18.781835003816155,15.030017149297027,1.9787978452601467e-10,0.0015750998365768986,5.0907134016376405,4.248045397255669,1.3029247382467068,0.0,13.666541206216138,131.42261278621802,119.04888777267608,0.7249326437881882,140.29295771369425,50.092175532091225,0.04100423407219099,0.03451293019698512,333.40000000000003,gm1_infantile
2.3768274334396073,16.599928560748932,14.6261016259624,4.998345806612775e-10,0.0015382570790913293,4.993716772935607,4.213240567939737,1.323632174123132,0.0,13.722688186244696,132.00721115709547,117.66709824126093,0.7113879265637699,141.28023781977197,49.48808151178611,0.04293921671786805,0.03481096233826279,333.6,gm1_infantile
2.5206761349192344,16.813198205319736,15.323106811791247,0.0,0.001490888040605419,5.0803263361862765,4.3818189256286155,1.3039446101038772,0.0,13.72752077171658,132.94579681758887,117.95500530415227,0.7112912138960891,138.0305048175514,49.25694202150909,0.04263214122187409,0.03435265371328276,333.8,gm1_infantile
1.810578096783636,17.363845909388058,15.856373812865584,0.0,0.00147836487146415,5.028645866484486,4.288184764488352,1.3422619267026128,0.0,13.760242368111204,134.91118476561454,117.7377219759976,0.7393415246153623,141.1639451968991,48.84208314565813,0.04266278359069422,0.03282735402893858,334.0,gm1_infantile
2.8727241476692575,18.84715085225971,17.8764926735825,0.0,0.0014831935575551007,5.076815994470229,4.500169700375128,1.3203841524375801,0.0,13.75018028780511,132.87401748175475,117.29561616855938,0.7316312917987923,142.17757966091202,47.79115434937469,0.04270778765970281,0.03328617212131601,334.20000000000005,gm1_infantile
2.3464360862622673,19.576381467057498,18.94701751068921,0.0,0.0014900210068647854,4.871737793038603,4.426207393178432,1.3443873726655,0.0,13.701558972976311,132.25283755740122,116.9575956461554,0.7277213597756379,143.77939185448773,47.67646809764982,0.042712334653604196,0.03289108608931583,334.40000000000003,gm1_infantile
2.5241786978791,20.71027953945279,18.57002532546721,1.4759127827117844e-09,0.0014583698427561567,4.953936976705733,4.282049142744219,1.3877039349934837,0.0,13.670288505460915,132.09639006249225,119.98185616278062,0.720276768596023,144.76068538755186,47.916156015056835,0.04258157303581567,0.03161030882486311,334.6,gm1_infantile
2.6498816689654667,20.621995312585582,19.430746565187984,1.4860381007211511e-09,0.001454275653982227,4.980645303339274,4.1468678177931855,1.4464868878957542,0.0,13.658902746227652,134.48225410760963,120.4299150091342,0.7184423622285607,145.76568712453533,48.34391378810767,0.04237882123872236,0.03223802902229448,334.8,gm1_infantile
1.9403549078066178,20.84366425979648,20.03117524270108,1.6501118600648348e-09,0.0013770451792417281,4.962896274375169,4.000984019728865,1.4778146453440344,0.0,13.694520622875746,132.370274999271,121.11087446943972,0.7189575670705325,150.0,49.135865121563135,0.04335772290611852,0.03370134574275383,335.0,gm1_infantile
2.982569269223031,20.512412360530806,19.72009076391856,1.6973050811340779e-09,0.0012885377812897774,4.956567339570266,4.029546701255947,1.4440703129547419,0.0,13.689624986991587,129.74915553742971,124.07373294720611,0.71692790936867,146.0788268967916,49.01859838510059,0.04414222381653197,0.03380103935978444,335.20000000000005,gm1_infantile
2.272735931527632,19.781558693358978,19.349715198376845,1.4731102508271742e-09,0.0012472812326036681,4.944041207309013,3.890380304294369,1.4635116901895722,0.0,13.658642910546947,128.59296826709172,123.41065129333218,0.7170902021092295,146.77552576359483,49.34323190245703,0.04448399175483177,0.03496237705666205,335.40000000000003,gm1_infantile
2.414720536756,18.327155427346337,17.882238817117273,2.099508632325302e-09,0.0012562756301328975,4.955755269429784,3.9592057164351693,1.448948741480888,0.0,13.646960864811648,130.51639321730582,122.5853846668461,0.7089260908053318,143.672633865873,49.20395081979837,0.04566731157616056,0.03457187235564739,335.6,gm1_infantile
2.446230821568508,18.561152597409663,17.25465057675774,2.6509313919525903e-09,0.0012814858732068319,4.837794744297962,3.958380109148681,1.4055577295494919,0.0,13.644947044149399,132.03922110756895,122.49384037224041,0.7045485586897067,139.68761781563987,48.784789878552054,0.04613630864754053,0.033515688546894615,335.8,gm1_infantile
1.9310074497399519,17.937571879548663,17.31535576941162,2.4308877918789643e-09,0.0012427756604224463,4.869686382046126,3.92703279517129,1.381102381020681,0.0,13.684444235384813,132.12607360123417,124.36889646392187,0.7110643232841621,142.00158555252906,48.43706694178876,0.04464323835011005,0.03405894040660806,336.0,gm1_infantile
2.96874645442428,17.358227826083404,17.793765214927106,2.4650675145413005e-09,0.0012553763885938419,4.775004866010969,4.063378111810248,1.3912250923119096,0.0,13.713796328665671,133.42384998484164,124.22193273676365,0.7184310990789353,144.34680797263445,48.85450476851156,0.04475024178617452,0.03457154449582123,336.20000000000005,gm1_infantile
2.287865653199882,18.92176929459475,16.37075313062412,2.3984877380080183e-09,0.0012386971163788293,4.714245874054456,4.120553869478081,1.3630063381845214,0.0,13.672088159447867,131.80217754083515,122.53009589517606,0.7209393326876191,146.5262127983638,49.22032107508851,0.046151898075955454,0.03390358452315931,336.40000000000003,gm1_infantile
2.457092784542663,18.518068490308874,16.485211975732106,2.749739621024847e-09,0.0011874468311006857,4.878923660155066,4.133217822097376,1.3334396186501423,0.0,13.674908541964522,130.6592301596495,119.2526853195408,0.7225006576151525,145.30436345740313,49.670512241874775,0.044963389725947565,0.0356277324161698,336.6,gm1_infantile
2.5800923125657285,18.66464877291285,16.88439716045674,2.092957602544625e-09,0.0011692782382793194,5.030496471576205,4.107753339730591,1.3549195809576926,0.0,13.719455945107955,130.31269922739048,117.31770061434716,0.7484192438143096,142.84488280241487,49.62214434510892,0.04402837372614132,0.0350376021703898,336.8,gm1_infantile
1.9011273786313534,18.10311348743017,17.5683187563453,1.4475595682713208e-09,0.001197738405215906,5.122689014206297,4.160137670124161,1.366493681391991,0.0,13.762883678491514,127.37926000649499,118.52390547945963,0.7411846305046519,144.64504434498863,49.23200476391827,0.04463519749921073,0.033810437887734864,337.0,gm1_infantile
2.8698245287301742,17.84687441891608,18.62224538797088,1.5768234349227532e-09,0.0012069027370869925,5.195356049823119,4.093540499001999,1.3849624577653372,0.0,13.752913677705772,127.15024452204264,117.71247640249865,0.7407275583846457,144.3515848331846,48.7850742046141,0.04439923519098021,0.033894377235157,337.20000000000005,gm1_infantile
2.17769081276917,18.313536032599668,18.06667658951964,1.5748562788633875e-09,0.0011839524816930525,5.287036144179284,4.1743360139309935,1.3298132692173323,0.0,13.797152548195413,125.6389906093288,116.4030507452576,0.7482208453132116,142.04341314341738,48.29893916379197,0.04330802125843997,0.03443190753781084,337.40000000000003,gm1_infantile
2.305983646141579,17.940319592528766,17.351630827169814,1.964880874358413e-09,0.0011563879074096637,5.148564262525088,3.9722690854991014,1.3480139173832815,0.0,13.835415502676405,123.63357987216094,116.10068069684958,0.7730290868733962,141.68138667259,47.95732117794241,0.04319476795694199,0.03480802082050314,337.6,gm1_infantile
2.463521029498393,17.299002984113205,16.796256151136628,1.7868811424792061e-09,0.001132749074928081,5.0292445482914205,4.168544350069022,1.3329105541838202,0.0,13.825236167718213,123.61044722459523,116.83877037354874,0.768207129524566,144.07853780696837,48.36701239263039,0.04291801684515338,0.034258569698805544,337.8,gm1_infantile
1.9334715358619294,17.14099068283825,15.783194580699828,2.115302609590265e-09,0.0011096871063391947,5.101322111530254,3.885794771656728,1.3327502768747768,0.0,13.825083713065814,124.71681307042341,115.49056848855379,0.7718997945785605,144.28836822170393,48.54698451849707,0.04482745627636426,0.03523829938467263,338.0,gm1_infantile
2.99953258265719,17.782849544870974,15.07662119601586,1.8777423075777793e-09,0.001067594071148346,4.979967956395788,3.8145554052420305,1.3425345109558524,0.0,13.823561801341148,124.56525748172953,113.8069169295883,0.7878879172961242,141.9487066934791,49.30128287483796,0.04252816062539484,0.03509111733351319,338.20000000000005,gm1_infantile
2.2666972028113093,17.24951194165509,16.305926483158807,1.6832703427741257e-09,0.0010370145100379504,5.016955453844696,3.821461070019301,1.3663221842342823,0.0,13.796532435316253,123.36235469380931,115.09717894087254,0.7855100624598624,140.17994497514525,49.42645599480746,0.042512209925923965,0.03550889017355914,338.40000000000003,gm1_infantile
2.3827743460777944,17.129602840378386,16.524828295763818,1.2866955408210941e-09,0.0010533608785003672,5.0117159422826685,3.744362043040806,1.3327770677247386,0.0,13.779257997877254,124.72905891188138,114.71663909480858,0.7887143456460373,138.8155703217061,49.42871863559431,0.043689473434269946,0.03535578663283979,338.6,gm1_infantile
2.4659668427217336,16.33391340238191,16.40980324738796,1.8123166733485808e-09,0.0010172558421296764,5.00054283274025,3.61931440208383,1.3330595584068412,0.0,13.730340500080061,124.09278673094317,115.22700027373897,0.7900915410238822,139.677808349212,48.80414164950662,0.043879534587408266,0.03484911679749934,338.8,gm1_infantile
1.9145269278804846,14.456461085700433,16.081954356255633,1.773784264235963e-09,0.0010440905223915876,5.001652034922779,3.6975238284012963,1.3624161317291488,0.0,13.718311661030237,121.88724028294635,112.84939035187706,0.7971514587085733,140.32190156979289,48.656655873994005,0.04321340239260351,0.034955294884659635,339.0,gm1_infantile
2.959594719196528,14.80335496732967,15.152774983455538,1.1806813025117692e-09,0.0010185432668826633,4.875557827391628,3.612437784241058,1.430138297363421,0.0,13.732418793772286,123.49694991108495,114.42135326646019,0.8000661024220617,143.05066116007805,49.8554515159362,0.042829114807209495,0.03527170844881492,339.20000000000005,gm1_infantile
2.4012399472431647,14.303420110960834,14.873265836054552,8.984327565202144e-10,0.001024767502680948,4.70631066939332,3.8311487742381907,1.454109478264657,0.0,13.659732167846702,121.8964809584907,116.79537522768969,0.7981829917937352,139.98807861087215,50.01968407595486,0.043392009422289185,0.03565792397760914,339.40000000000003,gm1_infantile
2.5012195144137506,15.272110707972795,14.295861386821343,1.0270284865226655e-09,0.001023510782935338,4.688820490711719,3.860492101077317,1.451243088642191,0.0,13.650486859657498,123.21869189804293,116.01569924948397,0.8153143767489593,139.1252755433081,50.65602933072494,0.044242948316473976,0.035754557338973925,339.6,gm1_infantile
2.5895323871658715,14.74405388087305,13.892463048975506,1.0242975014336309e-09,0.0010181284039390756,4.782823318740575,3.882345700894898,1.4499717840218027,0.0,13.66983652537098,124.24867638481682,117.60563005226457,0.8267668346068836,140.83359109606184,51.23650026599221,0.044754973713767944,0.03633470254991963,339.8,gm1_infantile
1.8642595145489143,13.991170774967806,13.053012016097197,1.4950594720285377e-09,0.0009961325135547686,4.723393165877841,3.9416569603769913,1.4109317484743837,0.0,13.604565094055427,122.40916241859206,117.97491156457845,0.8130356422569954,143.52883320446858,51.278424148838084,0.04580542561014679,0.03659008064447825,340.0,gm1_infantile
2.9119074832391387,13.228510443892151,13.537813250211306,1.586368225001786e-09,0.0010394150695433402,4.787539196972024,3.9607037196077655,1.446518899724555,0.0,13.63968303389352,124.71465455351432,117.77305817565065,0.7999412202812121,140.20885911646846,50.510363108790315,0.04510405430339904,0.03780471334369132,340.20000000000005,gm1_infantile
2.3799942866556503,14.133214931547021,14.201039602645835,1.2790891716122997e-09,0.0010003752342880522,4.695601902085074,3.8008080113702323,1.4139312578376657,0.0,13.64446142735167,125.04742771114519,116.7431555115505,0.8061570317936904,139.17571919400552,50.530234608920566,0.04390095233816172,0.0386981131253584,340.40000000000003,gm1_infantile
2.4942493461127335,14.72710057168008,13.348617652643743,1.2655330740957016e-09,0.0010090081496897647,4.520632140966813,3.996974073361488,1.3900435872404515,0.0,13.69880615679234,126.76427447082338,114.49013873202092,0.804353907805487,141.72555279114923,49.99254561328495,0.04345414467125499,0.038324833446824726,340.6,gm1_infantile
2.611935478219382,13.633579906215184,13.667261734875872,9.84595172100233e-10,0.001004464125241347,4.496317083552524,4.135402530200633,1.4322665960079533,0.0,13.728839118950443,125.51640290074644,116.66942625927625,0.8080815486986361,142.26356330332112,50.57987254856785,0.04236036261619712,0.03712224022587128,340.8,gm1_infantile
1.987197317304176,13.328756514817307,14.897051192462586,6.633831641133277e-10,0.0010010995463530952,4.505704622994522,4.334027132437582,1.4286530842898957,0.0,13.771404178424342,125.75470618175683,118.0012817289223,0.8176939263732184,144.4549170212045,50.33686869440177,0.04165868352502961,0.035464742680631635,341.0,gm1_infantile
2.9620899368324025,13.390981635008174,14.295179797601774,2.6024874525454777e-10,0.0009979742172229744,4.609228944269483,4.360037025239299,1.4168320566660948,0.0,13.747276938670606,128.37710027047146,117.63961303752481,0.8190307367347899,147.7123054951919,49.44616412669058,0.040602083176581955,0.03517103740935078,341.20000000000005,gm1_infantile
2.3082450154193936,15.63702088332618,13.61694922564424,0.0,0.0009730678198266557,4.622263137155319,4.438797855164532,1.4181255193369453,0.0,13.806892887559117,128.52862499069383,118.2024001707398,0.840161794250772,146.5194668660785,48.959701513123036,0.040090377758428844,0.03472292453742005,341.40000000000003,gm1_infantile
2.3465527432097626,15.757718167702091,13.702863578107575,0.0,0.0009743317636228452,4.63751043531551,4.298117432909071,1.4576713876153933,0.0,13.757362721946205,131.16669195328282,116.31253323983528,0.8274013132943951,147.10705273372187,49.33154953941936,0.04070711399094604,0.03512627051551964,341.6,gm1_infantile
2.4406168781553865,15.858415197458221,13.463575178430784,2.8824592594086724e-13,0.0009716834412470284,4.589630072266855,4.285188430306177,1.4048363647649593,0.0,13.766209809021872,127.24976886560938,117.61522429769595,0.8268499995895061,145.45682831533136,48.67539384458764,0.039997635411135705,0.03436684816946603,341.8,gm1_infantile
1.8124630449837575,17.395618331745172,13.652119156232288,9.300088737266006e-10,0.0009724709016512918,4.631351914013131,4.219510899841086,1.4329061935319778,0.0,13.785001100417816,127.26086526269299,118.22605453639933,0.8304370020736384,145.0625176550313,48.4317192815093,0.03931751698059499,0.03517404209371758,342.0,gm1_infantile
2.8608368791975924,17.55175423287324,13.551149529066818,1.2984431222167549e-09,0.0009260676463145875,4.650343325814992,4.116348099929294,1.4722772802054087,0.0,13.739196959684284,127.93415468698628,118.63579666312928,0.8278884533809198,145.05670247433713,48.55832255968031,0.04028228630615769,0.03489225643365507,342.20000000000005,gm1_infantile
2.3061120664145314,17.57139956299794,14.36030605438248,1.1398260720936817e-09,0.0009084367543620569,4.55373414354293,4.15909033781187,1.4550854353497613,0.0,13.712148699656053,126.84801851308687,119.61688913888082,0.8411880031658561,146.68401378994307,49.27396506641423,0.04012301722380666,0.034805495918331715,342.40000000000003,gm1_infantile
2.5430803704078655,19.181091514807193,14.802844753096416,1.5238313420301236e-09,0.0009221829084317729,4.450497278231516,4.203224125509487,1.5374698235361253,0.0,13.709890573483968,129.53886920856246,120.26117772986626,0.8497800136376252,147.6122519408315,49.65111860820033,0.04058966682652212,0.03579655426221543,342.6,gm1_infantile
2.699653874761039,18.663336613998627,15.041523193222993,1.971649987076978e-09,0.0009155548001992007,4.34155060016962,4.154801896622818,1.5135825659331354,0.0,13.686724627484512,131.42593338825145,119.86390863193272,0.864335482734568,145.5753393895186,49.43287118170846,0.040596632860031574,0.03641515383201152,342.8,gm1_infantile
2.1223032553203227,18.122372283377636,15.70625038285426,1.3869005031694296e-09,0.0009296757560393151,4.232807397686422,4.273244530082782,1.5835694929433783,0.0,13.636342480552166,130.71817840775586,121.07192337181844,0.872416230561799,146.31022109977806,48.01175816478939,0.041610922071156055,0.03751621711993252,343.0,gm1_infantile
3.1162381416443257,18.238217754965927,16.011620393904682,1.9318920419313547e-09,0.0009309478065787938,4.212620100799611,4.382201622795705,1.5978479625735469,0.0,13.582297756069366,131.7196824851769,123.03626095390541,0.8845523262410444,148.38006440718672,48.0008849760367,0.0416566264205003,0.03849102334326421,343.20000000000005,gm1_infantile
2.495639668703409,19.843133329549513,15.478517103484833,1.6296413069744145e-09,0.0009200940912764954,4.136405195674475,4.284519211100122,1.6305359777156982,0.0,13.589472325074983,132.4235727953884,120.68546888351479,0.8789295557727553,147.97760097692287,48.055423752233146,0.0402289331295685,0.03766178681711019,343.40000000000003,gm1_infantile
2.556763416326159,20.913932290127807,15.657251665889744,1.961823265482326e-09,0.0009136682684441038,4.130868573425008,4.417239542805729,1.635863450585426,0.0,13.5439718795253,131.43993242083704,122.09448219599884,0.8940828820637232,146.63327947706415,46.97370569042816,0.04098411494349147,0.03768206326287628,343.6,gm1_infantile
2.551582939287375,17.604045591400542,15.013750459664598,1.7284182396733982e-09,0.0008865596415475696,4.176710198924657,4.383677479659443,1.6483231879937645,0.0,13.547224951185767,131.31478986768164,121.9863397754972,0.902218603177957,147.89902206032937,46.37299376625161,0.04052034365983073,0.0370858100321217,343.8,gm1_infantile
1.923812090807493,19.408783058331665,15.39112123517097,1.6259455357280472e-09,0.0009078067730217549,4.185172018560345,4.257719582964435,1.7307747888389498,0.0,13.478751789427994,128.605775251826,123.8901460205482,0.8832376456589689,150.0,46.453394359802985,0.04108457085070193,0.036835886974259095,344.0,gm1_infantile
2.9802955071326815,19.550325556972524,15.353309364306776,1.2151439401433698e-09,0.0009112556166550196,4.045704862671192,4.4382713586769125,1.727856869093765,0.0,13.399807272758393,126.76807381663309,123.09184704534876,0.89134617560237,148.28703299310854,48.09818040009128,0.04075442498033824,0.03597126363498286,344.20000000000005,gm1_infantile
2.3189069416321653,18.597895920517974,14.554906553819059,1.551884603403726e-09,0.0009179007461736596,4.0778152245805765,4.66306341966794,1.7512452387558566,0.0,13.420755602371331,124.9639518689866,122.34642277751203,0.8909731940318573,148.1755647638345,46.979097544934824,0.03979398838887786,0.035916799274671604,344.40000000000003,gm1_infantile
2.415279864366014,19.669354139647023,15.419109910409704,1.1282006842559696e-09,0.00091522696449887,4.1894451504578045,4.694028630450244,1.7274000411404473,0.0,13.412227438332042,127.21771351586425,121.41742869958694,0.885462728832956,149.936246926805,47.06995720587005,0.03980455627171234,0.03437980659706284,344.6,gm1_infantile
2.500931465398192,20.50345075997362,14.882234596534984,1.3257296700277287e-09,0.0009168381331665935,4.168958584366239,4.896631974905096,1.6999049981890226,0.0,13.405595040072514,127.45090760376961,122.71889010599479,0.8682138853903842,150.0,47.14005224485981,0.04021468807427354,0.03623304208491514,344.8,gm1_infantile
1.8729552554132418,19.089895076550835,15.042510763123135,1.3809362639471362e-09,0.0009309846883145509,4.123406110559689,4.801602785796822,1.6286472977216755,0.0,13.392830403511033,127.34643682925326,126.20855657308141,0.8489181410649634,150.0,46.70993605538067,0.04032863220553478,0.03575095445383003,345.0,gm1_infantile
2.962875752450084,19.981323006687497,14.958457330381941,1.9157555104328476e-09,0.0009429860165059655,4.2218907320651216,4.823058963381695,1.6864555791742473,0.0,13.366510465642456,131.22035058525128,124.41702122016837,0.844322465826047,146.40116714081813,46.21139257346015,0.039354855396492694,0.03518302703077175,345.20000000000005,gm1_infantile
2.338032701582224,20.57101117862832,14.31594191027369,1.5794514990373018e-09,0.0009621018020865519,4.347022641895639,5.001845453880806,1.6090195771915552,0.0,13.421728385165752,128.34789884692546,126.275624749033,0.8471698675726592,145.95053003060337,46.307842839173965,0.0396619334696073,0.03607001803549658,345.40000000000003,gm1_infantile
2.519797440863695,18.82727926462997,13.956577390981671,1.5387989793597557e-09,0.0009924309708709386,4.13427206976179,4.903224535668057,1.5481540231849205,0.0,13.451042780325405,127.52633399006231,122.41742274559167,0.8455328953003194,150.0,45.22913757413828,0.04005185110521244,0.03732022233513441,345.6,gm1_infantile
2.5965670241949095,20.821217173094723,13.570028577003526,2.0684088526524253e-09,0.001015426612296642,4.1262785332913845,4.731382130532885,1.5418555378584695,0.0,13.468622515228926,128.43483547624388,122.59077940998662,0.8445090268392953,150.0,45.444787583536026,0.03947189269139724,0.037405629768988924,345.8,gm1_infantile
2.0956656144686545,21.42299182543588,13.414500322728767,1.977159379898681e-09,0.0010216868867753907,4.089734629891175,4.706361384405723,1.5791439075688933,0.0,13.492162183883257,127.82180246545775,124.07115024134679,0.8449870720082634,150.0,45.63340104847102,0.03756837468841635,0.03490584091880428,346.0,gm1_infantile
3.098862008780232,20.237711880798436,12.565432106328613,1.6300159473302356e-09,0.0010386871422503115,4.1105706199239345,4.851370726162276,1.6316441039611433,0.0,13.515306835998953,128.92344867781554,123.91480574924633,0.8460674457787268,150.0,45.20981298643149,0.038412775372675824,0.035314620254331054,346.20000000000005,gm1_infantile
2.421570231451122,21.98242346710691,11.955318759222347,1.3993564200146762e-09,0.0010185478221881258,4.1315159890833355,5.040992009451552,1.6119819998036815,0.0,13.494988328929272,129.63753169231353,123.95872391869644,0.8469779681156027,148.5859602506631,45.89663888258787,0.037603880744645345,0.03390991832663982,346.40000000000003,gm1_infantile
2.4647358761175795,23.57034434950292,12.799550307896927,7.896295215837453e-10,0.0010329206541556937,3.982192350457578,5.051912120311515,1.5875212401745227,0.0,13.511432358246754,131.43826273343444,123.50803149020366,0.8451674857868529,145.8065944913573,45.298324935581086,0.03832922396070848,0.034155509027166485,346.6,gm1_infantile
2.5632740920328754,24.99746296842119,12.245869817101402,9.994726294965529e-10,0.0010016550423446846,4.0836118422856655,5.155033775173357,1.6708013131063082,0.0,13.5772157911758,135.08824542724813,124.26370813749344,0.8591167645717741,145.41068922789322,44.568262248134694,0.038935071025095754,0.03342634418416101,346.8,gm1_infantile
2.0249671034477346,26.19142157256178,12.59568466682677,9.80162515587736e-10,0.001019800872239998,4.098359339472575,5.107798997773038,1.621995806241228,0.0,13.588039794822501,140.2384133753014,124.14249393153392,0.8629380912988891,146.24252362573048,44.99634021799161,0.038018638435515145,0.03333513198166999,347.0,gm1_infantile
3.0723252203960554,25.329103163969304,13.286787554800238,9.30258589852992e-10,0.0010246719474487462,4.178248746388219,5.08646420204904,1.5857844426295846,0.0,13.562673728408114,136.33830817060183,124.0038230863944,0.8655408703331386,148.4502318937854,44.3493228092811,0.038012353078644756,0.03415318787710822,347.20000000000005,gm1_infantile
2.3620282328433424,25.913416724646154,14.466081995642616,4.019057981728951e-10,0.0010265833003195708,4.260555681129089,5.037924829850187,1.6709970609712437,0.0,13.6161341189945,137.46627481459703,127.16339720551103,0.8692353164361183,145.93101254943036,44.01362505247578,0.03880621415497735,0.03489011423567859,347.40000000000003,gm1_infantile
2.463142664298877,28.228686309708646,14.412371121311661,5.08199380230644e-10,0.0010322377454443329,4.154703162237281,5.012137873941307,1.777967795666156,0.0,13.634874983306913,135.40749269142336,125.61347758070737,0.8530035254606481,147.97796056358877,43.54161529463519,0.03983828001628017,0.034443008963243905,347.6,gm1_infantile
2.5633666832991406,28.488750237417264,13.638611383278425,5.087805406348307e-10,0.0010359585135792662,4.23480047322672,4.889741276624546,1.7225960346234779,0.0,13.677697920568429,134.3975655642743,123.58428264888433,0.8496887095413295,146.16226516879917,43.81608169042987,0.038802292914641066,0.035165890091025026,347.8,gm1_infantile
1.9610559370227134,29.704913733049324,12.501569975159724,2.649530636948341e-12,0.0010619328889020327,4.175011002832281,4.711485824987186,1.703339231063431,0.0,13.672558268633844,135.31042049165328,124.17709176590473,0.8531361485892133,149.02200054212852,43.84810844431982,0.03868117700729078,0.03576750864435353,348.0,gm1_infantile
3.010329975999156,27.774438607869296,12.775545693150503,1.0766901031598174e-10,0.0010435765460630117,4.129361465459671,4.578538242583625,1.579115668750459,0.0,13.676142669252886,133.39902079541943,126.53265815566652,0.8415219952722522,150.0,44.13534373052398,0.040526424413102356,0.036165952808985095,348.20000000000005,gm1_infantile
2.258372531308118,29.141899978426228,14.052802686728805,0.0,0.0010541620433301856,4.187869812961761,4.609480847156526,1.5116260050617936,0.0,13.658076947589409,136.23540963766365,126.41528741699386,0.8372759473576117,148.9965934307582,44.36773622570304,0.04049081172528352,0.03549640515820353,348.40000000000003,gm1_infantile
2.414110242280349,27.84093318148205,12.7818708494846,2.0355943392591017e-10,0.0010632794077156326,4.197277784381674,4.597406265738051,1.546884584801088,0.0,13.638487497538,137.8745195880755,123.97186193913181,0.8395339248105775,149.2254702301083,45.00673501748028,0.039580300626733546,0.03482381474392157,348.6,gm1_infantile
2.4449515534316344,26.63471547400476,13.20065181321385,0.0,0.0010482820858846056,4.237822153639675,4.632136969704082,1.5833445292176376,0.0,13.635129923983586,137.97968496657154,123.73914601913442,0.8416010925036922,148.78408121437212,44.76772680634929,0.03858578619869489,0.03555595653453743,348.8,gm1_infantile
1.7927315334510605,26.535778721286263,14.544487225629343,4.077035592975382e-10,0.0010558345441342668,4.251143748254042,4.653929474175352,1.5666495642173746,0.0,13.65236182698384,138.75467118759417,125.09534908876024,0.8557796606476279,148.64656545340188,44.91959771310169,0.03689926200750869,0.03735929128808808,349.0,gm1_infantile
2.841548264321104,27.028586125299448,14.463337102739706,1.9058521337098167e-10,0.0010457666581123305,4.151763326035219,4.3832268462274655,1.63623140570655,0.0,13.624124418405703,139.64698655504802,126.52233808239824,0.8480554542079565,149.64932799834298,45.56632468144785,0.035652617156645916,0.03776994827238735,349.20000000000005,gm1_infantile
2.249166756676194,29.640078816958848,15.028449121363593,0.0,0.0010344422180506812,4.29913058986924,4.40903997248523,1.6754798256768626,0.0,13.656797768706014,141.82627704273608,126.51682533316958,0.8437751193003198,148.96141048396052,44.55587061925129,0.03565669009418039,0.03779986048774079,349.40000000000003,gm1_infantile
2.3530729747767167,26.40761054884702,15.413211577555783,6.208366115720073e-11,0.0010392145883141072,4.217838995449364,4.5027339497642345,1.6585905203348839,0.0,13.626754312033551,144.06770013608912,129.1388132550045,0.8453155230664066,149.94798156850612,45.0643083181874,0.034772030780891895,0.03735299187689712,349.6,gm1_infantile
2.4823944426429128,29.105916984238597,14.766760092174225,7.543346894318133e-10,0.001030317520481617,4.209539169665384,4.696765801908963,1.7515391950476604,0.0,13.661984173528257,142.32660910390982,128.2511701774836,0.8304064764379412,149.0869041162541,45.442636441691626,0.034863145925161355,0.03878576908955189,349.8,gm1_infantile
2.003994434122275,28.49999258020748,14.565497843139399,1.1752585616015016e-09,0.0010554763018043318,4.2371457123770275,4.8148817070051075,1.7605562745168668,0.0,13.624501199900877,142.2633286833546,127.93458152350208,0.8338861748097269,149.001544235948,44.4497865944122,0.03318097663826189,0.03939145738370973,350.0,gm1_infantile
2.9890883219052533,27.675148147946146,14.439043517148674,8.14249497364897e-10,0.0010290420212731859,4.309336284243347,4.7981060889858025,1.7699962479658482,0.0,13.633842287109111,143.83653853305725,127.9885873832946,0.8496256616352679,150.0,45.061603914486156,0.03242137541001913,0.039584271353975325,350.20000000000005,gm1_infantile
2.2178801480644816,29.589487312318962,14.258743714146261,5.743501169978e-10,0.0009936864650408014,4.300615429920524,4.771342173945695,1.8298019330224902,0.0,13.617854797693175,140.68474170343418,124.1565708081308,0.838188541487425,147.51710294249435,45.30813201859644,0.0322474989481323,0.039559628161040875,350.40000000000003,gm1_infantile
2.323413185733056,29.367231076130565,13.649886973048478,4.668969983954435e-10,0.0010080822246240078,4.266679501142202,4.8405872757184065,1.6946397036968204,0.0,13.627517217531949,142.71545296502964,123.79922042329586,0.8629176004664787,144.87291132345212,44.93094395880265,0.032279963627135,0.039932527038048726,350.6,gm1_infantile
2.420009721208208,27.307520598258364,14.315439685222152,4.416557553466864e-10,0.0009960595697992981,4.299039411160664,4.8343528931683215,1.6816826350322165,0.0,13.602214248478523,140.99187973867308,122.96887913129908,0.8634270527359859,141.479703868787,45.539862996591914,0.03222454955466247,0.03895243330158926,350.8,gm1_infantile
1.928984636189291,27.019607240787618,13.697790381316498,1.0885641805457903e-09,0.0010224598250713377,4.223833023903535,4.798282401284794,1.6528418767110573,0.0,13.61178730853566,142.63896743075247,124.09919773330174,0.8639122803588511,143.49492073549604,44.884787490636,0.033492721084708056,0.038246384110897286,351.0,gm1_infantile
2.9332788296768197,25.75649428556761,13.53033963190085,9.395739119190147e-10,0.0010128365768454271,4.227890386858499,4.714646406420918,1.6661398671882317,0.0,13.633793547197852,144.05623027712275,124.12855609901628,0.8565859713965844,144.30047202851983,44.389434789901784,0.033447193182849666,0.03807818442040945,351.20000000000005,gm1_infantile
2.473179877176922,23.919698119774853,12.211340733485253,6.532582895184053e-10,0.0009704243689788683,4.16753862149137,4.582538795498362,1.6293352707972424,0.0,13.662875017324955,143.98927707673235,125.97141238456183,0.8572634518051088,146.31065759871285,44.24789028939066,0.034589682130503,0.03844288048009783,351.40000000000003,gm1_infantile
2.521188400658523,24.492891057049974,12.421669536967354,5.053762458785016e-10,0.0009683859090828382,4.218239147018733,4.384067359135116,1.6336846330288577,0.0,13.670153327585279,141.85683845393478,122.06758763195621,0.8773138605352562,146.13494354756853,45.194454061137975,0.035135930640444846,0.03772786418482957,351.6,gm1_infantile
2.4633312875910747,23.65000066935612,12.60375574136285,6.047328663766897e-10,0.0009405143275029577,4.225969607366208,4.472984337494726,1.6914444688928647,0.0,13.683386448810515,142.4426620121173,123.55401761591077,0.8678110650149959,140.43026075085254,45.0858299194534,0.03487961915256742,0.03672587144565711,351.8,gm1_infantile
1.7911720943249407,22.704967572901904,12.716054288554156,5.624393413937748e-10,0.0008896839273267323,4.089794305886786,4.6680196900767,1.6832404785538977,0.0,13.64234575122091,142.4676560609874,122.97320603098976,0.8607849705666126,137.92410438944552,44.59875679267602,0.036376720792441794,0.03640288952531013,352.0,gm1_infantile
2.8887814609539517,22.133920728345807,12.690520675943214,2.846805884406517e-10,0.000913075439101789,4.111683824944861,4.623158479112722,1.67884016563362,0.0,13.555723382250708,143.0956947882049,123.90516791623837,0.8524867556944689,138.44418528116734,44.937509531854,0.03531066203795836,0.0370578189192037,352.20000000000005,gm1_infantile
2.281075645638898,21.86231832824119,12.888019132984748,4.995744822980639e-10,0.0009577075170558834,4.1512402073439105,4.779775857217446,1.7000374460463927,0.0,13.511054721961054,139.82979185974764,124.19930104022008,0.8604167100668249,133.97571153787086,44.971236987778354,0.035092514588086605,0.03764208315118313,352.40000000000003,gm1_infantile
2.439959948080684,19.638537442947463,12.405708049959756,1.778367925694543e-10,0.0009695925060043522,4.173527326517896,4.735015987918844,1.710747266574336,0.0,13.572815563723674,140.95554177506222,125.55496693766436,0.8767173190482604,136.06860494821876,45.025909508394236,0.03487241235655798,0.03870400433817976,352.6,gm1_infantile
2.5401418130639013,18.76289710617186,13.631524806240238,0.0,0.0009285914619659848,4.242602835765225,4.680911472809243,1.7320892692472964,0.0,13.53084808376294,140.917679086068,128.11399849715852,0.8849146877135496,135.98386376731253,46.52786281598446,0.03472344599583138,0.03900985470562878,352.8,gm1_infantile
2.026604684809269,19.726960432949177,14.488817688946902,0.0,0.0009504968661501172,4.249679852804571,4.618669616034758,1.729819142000234,0.0,13.58718237968507,141.6800507699033,126.80795369751513,0.8730142018941262,136.14100543384947,45.72429162013248,0.03409791507631026,0.038757898770168324,353.0,gm1_infantile
3.016718377458431,20.328469507459328,14.042916446019028,0.0,0.0009113035359954634,4.242514123018952,4.579188485684661,1.658316788594138,0.0,13.612078971183086,141.60556236335626,127.23773334435937,0.8700062913223701,134.11295488662876,46.393546015685445,0.034680144140781334,0.03704288702825661,353.20000000000005,gm1_infantile
2.374318018230888,20.697338250121692,13.894869796071672,9.678458598854285e-10,0.000948856950370807,4.208229882194086,4.591094495632476,1.645472215926751,0.0,13.58377587089502,142.60861611969295,130.6612921581993,0.8884045049269498,135.793597350389,44.94931653614276,0.03318986921569784,0.03789733418223999,353.40000000000003,gm1_infantile
2.5763590916762693,21.176153526753797,13.77227560995542,1.4838619448035553e-09,0.0009609480984747392,4.289009453094231,4.41053983159103,1.668934301354715,0.0,13.599500532021825,144.4671597441864,130.74772299924146,0.889706255878785,138.61743887719692,44.58296319976288,0.03255404905118898,0.03745592587049452,353.6,gm1_infantile
2.643673971285701,19.30538853755256,14.311193384502076,1.3511770772498551e-09,0.0009753827749868583,4.123697340154855,4.5654759212018865,1.7266561806079779,0.0,13.600107433545906,146.178985372453,133.01947802305534,0.8959248643247943,139.96364017129793,45.62233534986482,0.033043305743701915,0.036753824902780535,353.8,gm1_infantile
2.085790608075895,19.133610639711904,14.352193226696128,1.313490303304768e-09,0.0009925975361003828,4.24917150381457,4.6214519489419414,1.8057127071230825,0.0,13.642509277643033,146.58679767563333,132.16036173333302,0.9193968117305636,139.08743119358158,45.25629810404215,0.032057712035324246,0.03777298478160077,354.0,gm1_infantile
3.1520119518854375,19.368446356449805,13.748876333628468,1.2340552317068504e-09,0.0009816850532518647,4.165799663898263,4.59419485224662,1.7993478651148078,0.0,13.651104734688637,143.15144872431884,135.1902055690614,0.9143915073377734,140.9486544758634,45.405503363050435,0.032279247293014644,0.03679084423896575,354.20000000000005,gm1_infantile
2.4086452048447278,18.672635892788616,13.80309804574042,1.721278518534934e-09,0.0009870694138319268,4.09363607766594,4.6525125678607,1.7749161015078423,0.0,13.650327006604332,144.65624223688377,133.9021093671864,0.9100758999062337,143.03645346097625,45.72597144926395,0.033146867100362666,0.03795391738259915,354.40000000000003,gm1_infantile
2.4427451756351677,18.890800462459648,13.513348513950039,1.271602008287149e-09,0.0009656093660443012,4.066111959479684,4.66572224715558,1.7371304839457915,0.0,13.72490328053864,141.37110030190397,135.97519899873413,0.9098644794636136,142.4063165080264,44.53717722957167,0.033646275188360726,0.036712373241637695,354.6,gm1_infantile
2.5864490462791414,20.6646661837477,12.794807671520998,1.6805988564956068e-09,0.0009620549757864638,3.9111684118849928,4.570164231896751,1.7473969425140743,0.0,13.676169077378113,141.46904009972923,137.49533304298672,0.9221767190289116,141.83064643625264,44.83737799739734,0.03439082845310157,0.03738177577879428,354.8,gm1_infantile
2.0184467902225665,20.68658465898425,12.840151763827391,1.7065172313767277e-09,0.0009416762155038947,3.984465983687848,4.4687872969910964,1.73921152611966,0.0,13.690232101300772,142.75992971035686,140.27512813248183,0.9232601298079635,140.6848699392422,44.78642803750335,0.03407242460477005,0.03778113600343506,355.0,gm1_infantile
2.9819652345794,20.271957398719877,13.904173280938595,1.697842618850202e-09,0.0009157640118866516,3.9549182205867597,4.29270140669403,1.7469076436891664,0.0,13.653647627920627,140.03047750425125,139.04980293385685,0.93478278192378,144.15887909479522,45.09298662631718,0.0330337730370552,0.03772414439815048,355.20000000000005,gm1_infantile
2.4543052329068313,19.92895899565533,14.047292955909821,1.7118394435835312e-09,0.0008807643335470272,4.020789632345367,4.491690051831074,1.6645192534546436,0.0,13.623767103401999,141.4867389413253,137.65739293824103,0.9398293671709501,144.00985935003314,45.171257017691474,0.03333134676581044,0.03791636750388815,355.40000000000003,gm1_infantile
2.54855709168685,20.178166412751153,14.227088097886735,1.564232759464051e-09,0.0008685690914165,4.152854895066913,4.511379816233528,1.7460359954380829,0.0,13.648163813198561,144.95058251647035,137.04070744839962,0.9313546610243688,143.38574026291093,45.194375348734496,0.0335005145912589,0.03784401522618693,355.6,gm1_infantile
2.597378846645549,22.31369910099841,14.143365795103847,1.2835241578019185e-09,0.0008811574823185868,4.210568103991655,4.740990883671151,1.8292868601586247,0.0,13.639062557521394,141.32162892441386,135.33399633489492,0.9337911608517351,141.33790899331024,44.278220872149234,0.03347784391311735,0.03846863203183288,355.8,gm1_infantile
1.960405024129197,23.26186341844753,14.635822409390018,1.6830549848576119e-09,0.0009212770555209746,4.406313627744403,4.861180639350243,1.7748220580997862,0.0,13.686820990177171,139.67619121030822,137.99905330787385,0.9314227071735829,141.98556427443359,43.839494850424984,0.03242966683546822,0.03819049283022745,356.0,gm1_infantile
3.0434021930402486,22.091283000544458,15.833902786076138,1.4163141022852131e-09,0.0008956185802139984,4.42034453867452,4.939386414846107,1.744742469487746,0.0,13.73565901244963,139.89889421355304,137.13524858743102,0.9169692072944067,144.64545853473092,43.630108051246,0.032123214781019545,0.03906064312930296,356.20000000000005,gm1_infantile
2.522278582134986,22.34297169635369,15.776529422254619,1.3386179271770813e-09,0.0008827357798003447,4.38622979576013,4.867552692775261,1.7511556520241833,0.0,13.777163150619069,139.7246326446423,136.46816129270027,0.9324976959606741,144.8866873787911,43.59727953699647,0.03207852049470115,0.040323016657968516,356.40000000000003,gm1_infantile
2.618562614552759,23.728463686288194,15.659018065626396,1.708502648133215e-09,0.0008836881947568299,4.449951611909271,4.981670164981136,1.6724218637937058,0.0,13.806372806649785,141.87780084712512,138.7905808750487,0.9334166550484679,148.10977243035575,43.25582053594074,0.030955488588331043,0.04003250193871553,356.6,gm1_infantile
2.7453431401843797,22.197010839440345,14.747572013954597,1.1296040341129693e-09,0.000894594356534567,4.3300582134813475,5.022613915684932,1.6352565455566594,0.0,13.775264047285697,142.3067366819144,137.39580129546945,0.9329015237270198,149.09130844604815,43.65547753463364,0.03154274304949301,0.04013955391636784,356.8,gm1_infantile
2.0233908456860763,22.642947646302648,15.262262846816446,9.855469928301751e-10,0.0008850517426227109,4.520039353750092,4.832369864383775,1.6552195941816275,0.0,13.764446316962221,142.01932603468376,136.66363201572696,0.9325591821020721,150.0,43.58054865987346,0.033745491637303865,0.039694484556804535,357.0,gm1_infantile
3.0965894617153236,23.03756477772234,15.406781260258867,1.5649825055004778e-09,0.0008501906884628825,4.548313881128428,4.71625534253554,1.6126051499913905,0.0,13.73450377024181,138.94056575562138,137.3860482288114,0.9312285044739075,149.568479305336,44.068024741597235,0.03401572553317916,0.039418028920734385,357.20000000000005,gm1_infantile
2.6381446584023664,24.261094485738976,17.258657230369582,1.3490042550239266e-09,0.0008513376387816382,4.4424168781369,4.659112549597025,1.5713105735485688,0.0,13.712944341995057,138.55272521490895,134.73864088549126,0.9373982485478451,147.94735928050028,44.65379382232318,0.03260944563346094,0.0392708919845906,357.40000000000003,gm1_infantile
2.582632031571848,23.43378629071459,17.085649140324378,1.0752372913023945e-09,0.0008382503628856452,4.514155509423933,4.934816500901089,1.5825138024236256,0.0,13.714600752881545,137.94506578244537,136.3684970477183,0.940554877345517,145.03140747502314,45.353360391474304,0.03325197986435423,0.0405657302416354,357.6,gm1_infantile
2.617436804216341,23.633266204579048,16.23710783430695,9.7441130246854e-10,0.0008421618705186585,4.456816639914588,4.939146323629771,1.5787139724929395,0.0,13.757215080939089,137.56366321225377,136.6202128519462,0.9216756948081627,146.2426078223448,45.098179305044006,0.03389974287531826,0.039352546208851986,357.8,gm1_infantile
2.0152489167403083,20.84382082514797,16.75432438138474,8.288648233038971e-10,0.0008461366219422519,4.403091726337491,4.783407958747111,1.5570933652882943,0.0,13.774653483088375,138.17894773119426,134.92178031307492,0.9442925704069095,147.08833665145917,44.75830013564,0.03414981602842897,0.039538421082169976,358.0,gm1_infantile
3.0192334838475614,20.30408163177841,17.48938377676053,1.5562784265220351e-09,0.0008048958475496378,4.495015540318179,4.7752867182758205,1.5714528035131012,0.0,13.692815331027138,139.7485616055846,137.27532991302056,0.9351300717759994,144.55026307186282,45.790421235611774,0.03276138146266789,0.039870069267244325,358.20000000000005,gm1_infantile
2.430778302588167,20.750554568231774,17.88171345564516,1.3897412678259213e-09,0.0008098461977365124,4.432197000343128,4.678289024202405,1.5650124461270465,0.0,13.710186493310449,135.21919674407113,137.9513530777656,0.940378038826482,143.21757457943545,45.07091491085917,0.032393135423017055,0.04040380702416347,358.40000000000003,gm1_infantile
2.550586164758607,19.42605444484587,17.910105953459766,1.4106702594729443e-09,0.0008103902594980278,4.348517630948123,4.690664206265072,1.601482834137089,0.0,13.722498519789356,138.29507135918703,138.26675352740907,0.9293360632862468,141.82179700044648,45.21273070316932,0.03129886125121328,0.04008264376858574,358.6,gm1_infantile
2.6493524362329173,20.62922317821056,16.627115410616884,1.3708314767488486e-09,0.0008057105622420889,4.345420945116135,4.709594773421546,1.595967984581647,0.0,13.760414195441193,142.37932835517682,138.25085881577434,0.9238897635560904,140.2062207267513,44.93340847911701,0.03173567678986203,0.0408277980533673,358.8,gm1_infantile
2.054488371598327,19.827857097148502,16.12391900178119,2.17332225338122e-09,0.0007874363569685359,4.450883619997347,4.765225532033908,1.5655430728567237,0.0,13.738923399082324,143.2129997981979,136.57770424312534,0.9430541464139152,140.03785135062077,45.39346108552611,0.032110205430139815,0.04229370913433805,359.0,gm1_infantile
3.0369093675176617,19.765329539947405,15.121089395789204,2.134358426584343e-09,0.0008044185022240119,4.462133280793336,5.058066918674846,1.587965662167978,0.0,13.752623032760821,140.45908844827943,135.12943416386898,0.9272694216465452,140.29104421700146,45.390537799019825,0.03291794038861447,0.04215692046377507,359.20000000000005,gm1_infantile
2.307029841042771,21.512237516440567,13.26654597027958,2.072292566576726e-09,0.0008049234519467308,4.455044245184977,5.085913752865446,1.589793927469209,0.0,13.733806740514272,137.778001373913,135.05695174098264,0.9141609332569368,139.1480365409474,46.137272899115175,0.03401375425891691,0.04320483076249749,359.40000000000003,gm1_infantile
2.4876224202028387,21.39413726675397,13.987717082939877,2.1280218188600993e-09,0.0008373179340008626,4.376173205778301,5.1431533272274015,1.5390300581517853,0.0,13.680805930829216,135.6055339116936,132.7645690056906,0.916918557686462,140.0387910998544,47.709895997620265,0.033870971474005154,0.04391348668622494,359.6,gm1_infantile
2.5838696839320816,22.055114697079233,14.15771449493388,2.4820119112906067e-09,0.0008142821153702801,4.182550791425855,5.166867926898594,1.484226018579086,0.0,13.663740762040973,133.79115807763938,137.67935574054843,0.9164031076407795,139.8673707699211,48.215487843517934,0.03442124305658581,0.04500145287708481,359.8,gm1_infantile
1.8885496729519977,22.552894185012704,14.063733667093892,2.0952954509908257e-09,0.0008116979500620511,4.043242378028322,5.283673538665263,1.5168767218338737,0.0,13.65922747182582,133.5595981044139,139.80768152075888,0.902920433576177,139.37563048109354,48.09794943111173,0.033536869403476624,0.04511604235586007,360.0,gm1_infantile
2.9005379373862046,20.6131528864278,14.50389220035671,2.6464521926020163e-09,0.000809127576022942,4.029989823394815,5.260250025599978,1.5440497704828413,0.0,13.661792999374708,129.78250909293723,142.07454606266302,0.9146545809182764,140.7312129538694,46.375560595730796,0.033462338458793844,0.04598022651522482,360.20000000000005,gm1_infantile
2.2954550638424625,20.80787498041718,15.141478281244321,2.6157641630199272e-09,0.0008277586081364474,4.03586312040677,5.268299847208704,1.6236911915618675,0.0,13.628007410027998,129.87431779271952,143.19856777543086,0.9261276282389027,142.71903257720248,46.36272887668907,0.033262196048307054,0.04532842905031427,360.40000000000003,gm1_infantile
2.4417730831036164,18.894674436218857,15.186900657027481,3.753347782059089e-09,0.0007968733032275668,4.0414160134647,5.314460213195204,1.6694888922350195,0.0,13.643421388365432,129.03112200715964,140.47358057367575,0.9380029514033084,144.2063797491085,45.79531755367304,0.03278855834917096,0.04469802507641575,360.6,gm1_infantile
2.451980965455046,19.61432945042052,15.722584217465165,3.5385573827280373e-09,0.0007929856333988409,4.04394618096838,5.336629415796868,1.623754021100924,0.0,13.607299617085722,130.3043281264581,138.47921039016327,0.9216779053395485,144.3536394689842,45.79652669854642,0.03279401969399259,0.043768946059111094,360.8,gm1_infantile
1.8753600699263366,19.840521773135503,16.54694746038551,3.5112525904510087e-09,0.0007790584686965302,3.941936587823064,5.104738274344065,1.6592556783390697,0.0,13.57993381084579,130.83440348491885,138.15909567314964,0.930593097580592,146.24146071858266,44.45749967868374,0.03348889579650301,0.043971723895773064,361.0,gm1_infantile
2.8986886865576134,19.10028727325018,16.53367443146521,3.24199381598401e-09,0.0007595956462990092,3.886743439075953,4.978760413051039,1.7406152986993992,0.0,13.648209624392422,131.5682728171231,139.25899152747215,0.9174713248522638,146.00517051580425,44.53859788371109,0.032942763751103596,0.04347211032001441,361.20000000000005,gm1_infantile
2.296692587232205,19.57769304810997,15.5205415174861,3.2556881087623964e-09,0.0007658184823603126,3.840418753128586,4.920252722368556,1.7701150102664789,0.0,13.647966154371455,134.56283948199095,134.493802679732,0.9278309676437329,147.2679819750102,43.72495268138445,0.03325721579717544,0.044411972207812005,361.40000000000003,gm1_infantile
2.3702208489159213,18.72873549622275,15.527400880232035,3.5346674709549505e-09,0.0007533536192554974,3.832058775534302,4.881145135075541,1.7809483950108096,0.0,13.650891194152056,133.98468599788416,134.4478191387622,0.9180783858595362,145.5024216067689,44.47734700796462,0.03442553742185015,0.04262302822525528,361.6,gm1_infantile
2.516762879499585,19.534484624578287,14.676936133128736,3.2758626261502123e-09,0.0007404939881250547,3.9591945747106667,5.154810930517278,1.7457381286978806,0.0,13.674199036539605,135.0340528845751,136.72369343847348,0.9053545425035913,147.11677812649444,44.08048866972819,0.034834029594776536,0.0425440650283995,361.8,gm1_infantile
2.0226658716625874,19.932883278266612,14.486128534398278,3.2356651884594064e-09,0.0007356844172732199,3.872707429591836,5.442676831509444,1.8285731653243174,0.0,13.69530797246369,138.8654250612873,139.01896664627975,0.9018028882639477,147.13001501989785,43.115695929009675,0.03536721883449796,0.043699293558062735,362.0,gm1_infantile
3.090065625114048,20.506359568155187,14.745510179673316,2.8091106122977597e-09,0.000737835945972828,3.8237042994627566,5.520128358973614,1.789501626022628,0.0,13.735578622004876,139.617905106932,139.6347791910115,0.9132020646195688,150.0,43.09685911734337,0.035704923957036054,0.04515618006411417,362.20000000000005,gm1_infantile
2.4613219275451996,18.43055113953145,14.316196349289399,3.0075943448715903e-09,0.0007281274604075677,3.918018971584805,5.800996764766408,1.770807724379535,0.0,13.724180809282199,138.88036948797713,142.5424449995257,0.9008723439407872,150.0,43.950032858276046,0.036287478864774556,0.045552742665902014,362.40000000000003,gm1_infantile
2.5460175809276606,20.297254041250458,14.158566188943906,3.2801929867741605e-09,0.0007224531044904279,3.78543552022663,5.721260703835337,1.7692836014726543,0.0,13.70362324622591,140.09922601204605,143.9520997343294,0.8974272983966697,149.5408109673524,43.37459341718201,0.03641561864207541,0.046931181854658964,362.6,gm1_infantile
2.6989662742277676,19.55853453833556,15.523724620086263,3.063327635406046e-09,0.0007031570922553473,3.6888520905552404,5.546878113013689,1.8035323151057676,0.0,13.683962466359935,138.55848659244157,141.8593017423399,0.8871809762320249,150.0,44.47880067119063,0.03788689790386214,0.04760958275159521,362.8,gm1_infantile
2.022316161290866,18.832825405637728,16.04571371462107,2.8899167631835563e-09,0.0007066751296106531,3.8130656940836274,5.590987376069057,1.933886131083613,0.0,13.697351777314609,139.19223259204028,139.99349111931963,0.8973464332819724,150.0,45.85025008095102,0.038154395906141454,0.04558081593355424,363.0,gm1_infantile
3.054172939357791,19.447387800860305,15.832405716608108,2.883790869457757e-09,0.0006960741057380992,3.7984788650969064,5.734713334079673,1.9861759735250812,0.0,13.681391650643656,136.3041702414122,143.4882448344633,0.9082659914580635,146.19901591403683,45.84254945833098,0.03783019834552839,0.044770080337682164,363.20000000000005,gm1_infantile
2.4590520818116044,20.573449680729414,16.000272270649866,2.579311303026632e-09,0.0006833292963684038,3.796037883220644,5.643863391075597,1.9566119354314517,0.0,13.634249753102509,134.98323704722986,143.41411155332236,0.9278650085761824,148.05770760347548,45.87234450178459,0.03808960663105643,0.044622636479810275,363.40000000000003,gm1_infantile
2.6131501508323205,20.940169548430635,16.93924288830999,2.0598508234941036e-09,0.0006682178519734748,3.8093099407092184,5.705904036607903,2.062934746336997,0.0,13.63293465093884,134.90611341548706,143.86336634453147,0.9498997833967066,149.9903454445622,44.92767412553968,0.03933525238158268,0.04610466289589584,363.6,gm1_infantile
2.6856920342839654,19.105696493545707,16.802221488323763,2.1591573501482847e-09,0.0006804341250694684,3.6850813599298964,5.5653220415297575,2.0765651152930302,0.0,13.645758498051723,137.06511902153687,144.7345822329786,0.9623116819548985,150.0,45.25364686306561,0.038189363931024664,0.04680775767654589,363.8,gm1_infantile
1.9676211362827818,19.83776981136318,16.413267390323746,2.2196657692204915e-09,0.000663199959787384,3.6466942324015736,5.6264045089632395,2.0815223732152117,0.0,13.610404572714286,134.38785483227605,142.840716280064,0.9487710853854767,150.0,46.10908093943382,0.037264487477306825,0.04858397789464631,364.0,gm1_infantile
3.0480788224534785,17.985842427138465,15.641768391276308,1.629019685605084e-09,0.0006590986568690924,3.6424823744015495,5.636077364789223,1.93796200068847,0.0,13.618018140323924,135.5807597366755,139.01470417837325,0.9328481150983672,150.0,45.38881319252997,0.037170950124363465,0.04712160946555402,364.20000000000005,gm1_infantile
2.440029488384477,16.229645256348096,15.377008194279954,1.925961086796914e-09,0.0006653493615213524,3.607078304843977,5.541390470893887,1.9214975856402237,0.0,13.614666768251695,135.49156629874093,138.23923511175076,0.9457982373976781,148.0169585743119,44.39664866700649,0.03665578981196754,0.047203970516966114,364.40000000000003,gm1_infantile
2.532935827430821,16.1159284136222,14.534762040248998,1.5319936435092925e-09,0.0006552958668132196,3.5654264036747247,5.730923656599855,1.9379094090494384,0.0,13.64773708337647,136.36708418617025,135.7481474485431,0.9058663354250146,145.5673039465974,44.7903619638019,0.03731386541477494,0.04543555372856034,364.6,gm1_infantile
2.6469111707567285,16.699253124791237,15.406050526363385,1.8351154551416138e-09,0.0006726192252697315,3.591595446006958,5.818220720770362,1.9264579951119536,0.0,13.606829168836718,136.1718606596854,136.74495985021287,0.9237420844004837,144.80367867312123,45.411274722174824,0.03706827667717503,0.04640273616838164,364.8,gm1_infantile
1.9653085211628332,17.406989220692427,15.263699292967148,1.385875271547447e-09,0.0006674589359000057,3.6723303636776454,5.663906353153438,1.8545105624922238,0.0,13.555570432383524,139.11702244678042,139.60353183615425,0.9371594997750319,144.95642148256277,46.47056153965638,0.03811944287414043,0.04580558436966253,365.0,gm1_infantile
3.0534244370913557,16.4582079048279,15.07438760611385,8.168698937185827e-10,0.0006668036926280057,3.647750521663689,5.600523808717742,1.8556462733116867,0.0,13.556528683205924,141.5803804702187,137.62925881808545,0.948353409869983,145.56155156391176,46.733839787110846,0.03801007566171281,0.045029608374448714,365.20000000000005,gm1_infantile
2.4174174489564884,17.057064925963104,14.472103418654202,3.7113212521008464e-10,0.0006652429568062618,3.6921111564652525,5.768049346234271,1.9284566186104903,0.0,13.548247159226282,141.61322431642128,135.35819154336934,0.9399534316076754,145.63679304643372,46.5953219033987,0.03800540083442815,0.04362031109991361,365.40000000000003,gm1_infantile
2.4601310692270415,17.765040003796162,13.9035373263886,8.651239035159629e-11,0.0006638308640661299,3.6258895872012467,5.938073789807206,1.8602442929834542,0.0,13.525283069084326,141.94708413336573,134.4687588095104,0.9399024044908841,148.2280137704025,46.19646972151694,0.03733576391610749,0.04326849263716052,365.6,gm1_infantile
2.6364410575543165,17.646967315396296,14.68747605991305,0.0,0.0006789030794969858,3.6472859302638385,6.020520496102193,1.806202190090193,0.0,13.557384065981415,144.01125553260084,138.92140976422408,0.9216733717864705,149.3594856634668,45.596807035491786,0.03664114108810467,0.0427408758749241,365.8,gm1_infantile
2.02699551538729,17.038744506832426,14.677815019089286,2.779836005752266e-10,0.0006933571508310048,3.687619020344376,6.07431375771675,1.8215759289113207,0.0,13.57342913183478,142.02208793910046,139.14570813643687,0.9088769074378978,149.43642505534467,44.989740302066785,0.03623459436056337,0.04205590152204095,366.0,gm1_infantile
3.000260943001289,16.863856584874775,13.12695003971587,0.0,0.0007029830656336529,3.6921944031141876,5.9274565033338105,1.8855163611145895,0.0,13.555540797148298,140.57237893639552,142.75210303069653,0.9121896875811184,149.99457725400848,45.307598483799765,0.034685712453653254,0.041457910655982144,366.20000000000005,gm1_infantile
2.3771809867169904,16.964509352521052,14.483297137536265,0.0,0.000714977793379375,3.740663303342797,5.937988415467821,1.9094439900345566,0.0,13.495558814454496,141.2735325172534,143.56754328782415,0.9198013400125541,150.0,45.93548172169435,0.03394522856515973,0.04279904054040725,366.40000000000003,gm1_infantile
2.4390699140360548,16.844681571396595,14.889188052713035,0.0,0.000724014051270914,3.7125281662600567,5.931460358329352,1.8948399016726876,0.0,13.5633567959316,139.72904620468168,139.2221702620638,0.9102538891524724,150.0,45.73541970909063,0.03465355716829502,0.043705483708338634,366.6,gm1_infantile
2.520714434982312,15.388419539415706,14.002006515535866,0.0,0.0006960514881456493,3.68292237991091,6.139676916891238,1.9113561741293053,0.0,13.531523186473063,140.1146664213646,138.74145724241225,0.9135782662138024,150.0,46.32225330602926,0.03467840066785176,0.04416385841824639,366.8,gm1_infantile
1.8877424781858005,16.409183852508455,13.392778862043697,0.0,0.00071260632004596,3.646089336748317,5.890396937926824,1.8914916085341142,0.0,13.462686568520413,140.35021198107026,137.56886842614472,0.9119439721059385,149.4618694047277,46.95302046483811,0.03464481154137178,0.045127763018574955,367.0,gm1_infantile
2.9852288599187973,16.32849642957186,13.157835178680493,8.005054637039604e-11,0.0007187212277690724,3.5664263851201774,5.924349605217954,1.8886065934132377,0.0,13.441599876032313,139.21889682377042,139.91135382803714,0.9079708935626003,150.0,47.063075803275815,0.0337032319744158,0.04527437982480552,367.20000000000005,gm1_infantile
2.256838435144406,16.987956721580005,13.020132845244913,3.6709637621900923e-10,0.0007390745680089709,3.452326592440678,5.85754529226157,1.8469265415495952,0.0,13.428069779928881,136.83077222195107,144.1795324809826,0.8997545539689679,146.9158867851497,46.36431682918254,0.03373826322422437,0.04527427644168594,367.40000000000003,gm1_infantile
2.357778568565305,16.499874997770444,13.055164289508182,8.810473176521616e-10,0.0007414618661264504,3.4127837432433226,5.850150857861694,1.92257096818289,0.0,13.394641546327936,138.9476771209941,143.56476543169867,0.8811330946872293,143.51097084346065,47.23151239777888,0.03477945262037608,0.04465541458286938,367.6,gm1_infantile
2.4650982750357966,14.982015198435755,13.498945978399584,7.880292426260254e-10,0.0007130211909209277,3.4204463964488037,5.670598405247231,1.9789724465421612,0.0,13.404439641063716,137.78334478718213,139.07097232046956,0.8939218439394311,145.70307823230357,46.928335781632626,0.03491813457034162,0.045049335045000374,367.8,gm1_infantile
1.9002510446073422,16.491031011122097,13.694009440340963,5.873407875289588e-10,0.0007168460412473424,3.389354130795114,5.556784244282284,2.0604243885664792,0.0,13.348455412367061,136.5778119181638,140.49350172175954,0.8762097237752051,144.3830934186957,48.66153021154698,0.034584770109615755,0.04610695868138406,368.0,gm1_infantile
3.004575045279385,15.600373608357947,13.829377511423234,1.5186015925712847e-09,0.0007212030928553703,3.530934885000326,5.521215639856576,2.1662438856759074,0.0,13.33838400832313,137.81304419786593,140.28173990766285,0.8762091029196563,145.47254991615435,47.51612490146484,0.033897605631086423,0.046810692525354504,368.20000000000005,gm1_infantile
2.4171330426195285,16.050658097624,13.946745516901178,1.5946375443255321e-09,0.0007337494247908386,3.4368901394556484,5.488024125437031,2.132165223751535,0.0,13.2753112024607,135.56013334677462,140.249085580229,0.8890206757555821,144.8191877090269,47.118060427587146,0.03422720823300915,0.046420502684410836,368.40000000000003,gm1_infantile
2.569436838016579,15.875399238831532,13.221378297592189,2.10952464150471e-09,0.0007512117248794693,3.3736925441768877,5.603297773695556,2.0995346428290853,0.0,13.249043585402307,137.21661164528254,142.51435626250773,0.8786490876760422,145.1022346170667,47.91981317887745,0.03339522519543798,0.045683833961860994,368.6,gm1_infantile
2.6753647250806023,15.787919574687331,12.293908542688325,1.9224387590429476e-09,0.000777927925207784,3.495649033693488,5.567197064839419,2.048948827044746,0.0,13.302235699099395,138.83040879310408,145.0,0.891498513325274,142.6970026076648,47.33718547748898,0.032807176458580736,0.04510691628133681,368.8,gm1_infantile
1.993659976233676,15.389460054101855,12.64889252977901,1.897054714781619e-09,0.0007961291515388064,3.506439418322216,5.515848067464769,2.0583882817171943,0.0,13.233349224579678,140.08181220849679,145.0,0.893131192242321,142.12083873284328,46.51854268068201,0.03360358386508635,0.04556025452329632,369.0,gm1_infantile
3.023739378103886,15.330895907141217,12.363288209905452,1.466100579705051e-09,0.0007972569710301183,3.467799729209688,5.503573821403831,2.150749373887596,0.0,13.160665944129041,139.12215455095574,143.05183457727094,0.8922112042832424,139.60633642773223,46.81921828282364,0.03330932560688769,0.04503157352663159,369.20000000000005,gm1_infantile
2.3744724207764514,15.4245552448071,12.273710541015154,1.3129480406163497e-09,0.0007935065822039177,3.484205146745444,5.5933067665393965,2.200521314391112,0.0,13.167379297823945,143.80976063820722,142.96505719144056,0.8929839375017363,137.4426523886036,46.401386641573446,0.03315833312452296,0.04552586622067649,369.40000000000003,gm1_infantile
2.523662427129402,15.71783999881169,12.712717702836128,9.271549211885322e-10,0.000798856631443784,3.480047646694409,5.660347831752535,2.1526945159394164,0.0,13.131353701636025,144.45761714648478,143.91518143204084,0.8922072207266205,137.61137854305957,45.98491899444741,0.033461885060025745,0.04554103390448668,369.6,gm1_infantile
2.5817390521378543,16.508444206734783,13.067853658266744,4.4472766868401514e-10,0.000796339957721234,3.415921919797382,5.72322962799717,1.9594792640803145,0.0,13.151980583365253,144.26821995912593,141.673536068538,0.9167167468709955,139.9566548220047,45.689870159081394,0.03319494831047063,0.04352177692791989,369.8,gm1_infantile
1.9902722811947002,15.370299030280291,13.454187621850854,8.055873730184893e-10,0.000791705335939711,3.3466754082601233,5.962359452826132,1.980237523956885,0.0,13.124317976309088,144.66831458429127,141.2836078906936,0.901236424490865,142.66837391074196,46.813552907694046,0.033887715397081145,0.04433103914017213,370.0,gm1_infantile
3.088247056684035,14.478314714597813,12.783605802503239,5.87017460407721e-10,0.0007936310935398927,3.324453669317771,5.835025106637113,2.0033307957358186,0.0,13.14873612408999,144.7790963935188,137.71580450568828,0.9068037459094674,145.87691908075834,46.85973267174197,0.03457065016122083,0.04378781486262265,370.20000000000005,gm1_infantile
2.452664150397564,14.11001342026752,12.59464678138341,4.2868025781504215e-10,0.0007987626577796732,3.271104032061409,5.659484474435719,2.051648718899182,0.0,13.151747962559467,146.62634647030194,137.34699584441896,0.9111220685383791,145.32280055390157,46.72525857657917,0.03475992654155033,0.04601858679389445,370.40000000000003,gm1_infantile
2.5893990956559136,14.611946710683158,12.986026813184154,0.0,0.0008010890605801766,3.3201203454485793,5.743373372186205,2.069915438289241,0.0,13.138712403866853,145.01216111323123,139.2071454429084,0.9305952701767933,149.2686052726103,46.223843670446286,0.03416915584777556,0.04520651110585127,370.6,gm1_infantile
2.593926492982435,13.940218149984192,12.63822246493886,2.9780409134899154e-10,0.0007849291217372584,3.3785152080908656,6.014216700897178,2.097288277171466,0.0,13.098485109072607,143.9531521481023,139.56273484162887,0.9341362077400296,150.0,45.638991403142796,0.03368757451929759,0.0450744446961626,370.8,gm1_infantile
1.9421513766373542,13.296895099519338,12.314527356187572,1.4342515311398484e-10,0.0008074110057884739,3.3125975993815433,6.175326537122465,2.171815569981019,0.0,13.105804640834359,145.09700673070495,140.3349230643938,0.9358200512831379,148.7562660602462,46.07923092465929,0.03333392179004288,0.0450572021969998,371.0,gm1_infantile
2.979233480492464,13.923538176198985,13.359435481482967,0.0,0.0008049292662255165,3.221080053060417,6.45234178552376,2.171275249268354,0.0,13.107040358828229,145.31974561528247,138.96235323587183,0.9515817964243183,150.0,46.597561639114375,0.03275903776701058,0.04427756969437609,371.20000000000005,gm1_infantile
2.3229711149497785,14.73027202546762,13.582559669592737,0.0,0.0008136169222004712,3.1609887878591287,6.3545068470930435,2.1844725297827168,0.0,13.07853655262886,148.3990189237771,141.53491581208647,0.9820150195048257,150.0,47.03124180168748,0.032575132133721006,0.043886703637744474,371.40000000000003,gm1_infantile
2.4955485454269914,15.883058565770327,14.001269412476644,0.0,0.0008173150728482858,3.113276053899622,6.330745085027156,2.290212719368564,0.0,13.141818505055479,149.506213132625,140.64816443116194,0.9835621908407846,148.71135952839018,46.71449347178312,0.03255841909982158,0.04352027211159108,371.6,gm1_infantile
2.5294085159548474,15.731304458335474,13.149466955624396,0.0,0.0007907468742856357,3.2033633219335074,6.438776912022795,2.3221158680460503,0.0,13.156408842017928,151.88789107297893,141.4176082358313,1.006150703089881,148.72010516198932,47.11974503097404,0.033004901287113295,0.04257826513289437,371.8,gm1_infantile
1.9254589077850484,14.29865765027364,13.043232245165667,0.0,0.0007814157476856925,3.175611205530101,6.548116687615211,2.249487887498562,0.0,13.172817930151002,150.2552081923024,142.64678352577567,1.0201131193433093,149.55474090331177,46.51490047142564,0.03462614469322511,0.04314795226723784,372.0,gm1_infantile
2.9059361823013576,14.428096625571552,12.854179305572176,0.0,0.0007575153090974333,3.1742344998370036,6.42072439395421,2.2255911523417398,0.0,13.158489658111398,149.67234802680807,144.2179957612454,1.008420018512197,148.3472299141583,45.767724851229566,0.03392000104171326,0.04322860441024699,372.20000000000005,gm1_infantile
2.316686980944707,13.98071590892578,13.157308639556149,0.0,0.0007312385891681706,3.1796951771493265,6.657077961259099,2.1170949934226333,0.0,13.140242405908928,146.40131013017358,144.47497568020657,1.0201958545285255,147.88399871645083,45.99170370886946,0.035492477208080776,0.043383620452281876,372.40000000000003,gm1_infantile
2.6046953431723185,15.020286863463964,13.11532823570822,4.5743153010916e-11,0.0007229264045993873,3.1894413226325025,6.76614531090591,2.11204641302882,0.0,13.178826538462442,148.34310950261505,141.74255101049098,1.022928854596586,150.0,46.59652442373393,0.03486895385730179,0.04430238726021754,372.6,gm1_infantile
2.6647308117827184,15.420302341060177,12.541014043005937,0.0,0.0007073975598519824,3.2156768317850624,6.727599512192345,2.1669136512795757,0.0,13.168793582800912,147.50113500283487,137.63992733573943,1.0022690555307898,147.4152882657062,46.974636055255665,0.03454426967561805,0.043730906703882015,372.8,gm1_infantile
1.9874762069106444,14.870132114518766,13.050948780070124,0.0,0.0007202456175039278,3.0874339133589843,6.823906680915415,2.1464895800572146,0.0,13.208393286801472,146.74438530017554,138.55655372399985,0.9891247772939583,147.59142418198576,46.00976979540871,0.034425036333456185,0.044064568355362994,373.0,gm1_infantile
3.0557955447954317,14.19397565707132,12.698171094763667,0.0,0.000713105310728772,3.030285933491439,6.451790902609321,2.1104056931990147,0.0,13.20372268666851,147.85122980114377,140.13397355337318,0.9838842492344629,144.569416295316,46.29056415111711,0.03434281191717805,0.04376549067771156,373.20000000000005,gm1_infantile
2.473223114948827,14.742344242814111,12.715167010402789,0.0,0.0007237523347860987,2.988857995368726,6.349286376580886,2.1329724564751094,0.0,13.20208470242005,148.0549589807007,140.00374582797014,0.9799461058113055,147.90269527348053,46.90855488394285,0.034193779605857295,0.043811762206850846,373.40000000000003,gm1_infantile
2.641258084940573,14.351565244228754,12.137591131930403,2.047209811468941e-11,0.0007274058671595258,3.0108703352803605,6.5534255869754094,2.1280769282691603,0.0,13.184542062020125,149.22567475226077,138.28220325247645,0.955756793937413,148.25766245669925,46.580606737341526,0.03282461233463048,0.043839864890717686,373.6,gm1_infantile
2.668915031192767,15.810097816869664,12.154084374281314,1.8769990341384617e-10,0.0007240341989188734,2.9746066232799646,6.514507421326698,2.227330492447581,0.0,13.140431390343215,146.7524796948445,136.09014114696112,0.9704675817901606,144.92364245045647,47.10361975801722,0.033047259895145495,0.04393910137143253,373.8,gm1_infantile
2.0009520029651164,16.91879657053802,12.218581872073644,0.0,0.0007016114624934722,2.884170734805497,6.782311208344804,2.339384137315446,0.0,13.13593073470207,143.98674950469155,134.18842671168798,0.9586621872750907,144.91621604781034,48.01536358322043,0.034013881441300124,0.043416898154719934,374.0,gm1_infantile
2.918689582965239,15.788401696860666,12.912608106962239,2.2303726627973687e-11,0.0006930722405866691,2.858248350350883,6.697879490077871,2.2836286073703937,0.0,13.18620888148577,142.4349279995771,131.08190510596972,0.9620319528558148,144.6975950732558,48.444734279973204,0.03459626309768302,0.042251345679195085,374.20000000000005,gm1_infantile
2.3692756708172866,15.613979775161166,13.247060143512357,0.0,0.0007045704855895152,2.736026674996556,6.889772168310625,2.2610463237127427,0.0,13.222663654436102,140.9418465666066,129.4260593087624,0.9584559831115771,143.92052151170708,47.7882565958317,0.034603407012105104,0.04235774265789333,374.40000000000003,gm1_infantile
2.5096522926327998,14.95889204213179,12.663689726841397,0.0,0.0006977260256804401,2.7211782808750624,6.824532261540346,2.325058690810839,0.0,13.218754321668692,140.40326276374964,129.39370357466677,0.9752498771717295,141.4554235663482,46.303600284180824,0.03407156538256507,0.04123792582255824,374.6,gm1_infantile
2.4282831235306577,16.49121216193569,12.951080830121157,2.0317567311705448e-10,0.0006903211419523194,2.7379736333848617,6.820649020148549,2.414636171888238,0.0,13.21737732547046,140.5183617105228,131.98854079179836,0.9787953536160903,139.57593363026757,46.54294021858359,0.03437221947943378,0.041062474093445954,374.8,gm1_infantile
1.843382894987224,15.573843292952997,13.001733701193933,0.0,0.0006835271488800466,2.701601675160775,7.072343187755769,2.540097709399003,0.0,13.216943378923856,139.97575426262063,132.83288481274627,0.9813642088408562,138.92552739477208,46.630557681441786,0.03413296629218171,0.04250546121327407,375.0,gm1_infantile
2.864120483135932,15.700372255070228,13.27215812364748,1.0517916441467914e-10,0.0006760843394528826,2.7647625197693335,6.746700488177253,2.476479878399278,0.0,13.190660905935903,138.26785437530518,132.0201323455588,0.9724236935185268,140.1889627744772,47.228457877832305,0.03412627992783919,0.04347606736719724,375.20000000000005,gm1_infantile
2.155652882463452,15.879220168834978,14.061721766744324,4.494820646939243e-10,0.0006952731334837178,2.731842592429926,6.983257670219978,2.458439996367292,0.0,13.229085376067122,136.85314396453387,128.79332634084724,0.998125660144048,141.18407581771135,47.18689902220168,0.0339287061759638,0.04144138868453343,375.40000000000003,gm1_infantile
2.3327816356014317,15.400342470856044,14.039947694156,3.867157211203521e-10,0.000641788092045727,2.7521043335418702,7.074719145220127,2.4944088339807395,0.0,13.230235009626902,137.22707207974307,129.2954140604998,1.0057112841959726,141.78465348207394,48.39884445299904,0.03330871924738191,0.04105294359116741,375.6,gm1_infantile
2.5472453956494925,15.291518450114182,14.571465443015443,3.640544044068514e-10,0.0006357995378131557,2.7972770778004663,7.220725571552021,2.400953469221306,0.0,13.20053246818519,139.64208144406751,132.39916948431804,1.0324317679993709,142.53026361968543,48.12148489659277,0.03347676579257663,0.04015724543244595,375.8,gm1_infantile
2.0736905003427273,16.370349033929852,14.686544107122094,7.125616103167663e-10,0.0006261450293111094,2.7385361315237993,6.832547445784502,2.4197494139964886,0.0,13.21557236662159,139.7114391192254,133.26194394252897,1.0446086774677712,139.83220871518748,48.708279227954336,0.03310093358851542,0.040583502629980596,376.0,gm1_infantile
3.1194614063317823,17.23543749682898,14.709222451206317,6.991270696386837e-10,0.000636096135462061,2.6622043354896756,6.722194570537,2.419152698415839,0.0,13.207247975647178,139.1456416755158,133.43395027337527,1.0447142372435276,141.92463352267384,49.104353354301374,0.03297634545263554,0.04024055080827477,376.20000000000005,gm1_infantile
2.43374859395763,17.329219838704,16.41708358350661,2.345870500769213e-10,0.0006203542632670995,2.6079373553975786,6.85203063431733,2.4607164242546156,0.0,13.233441746611804,139.8843354908666,135.13965930982087,1.062748322858971,137.97473082058477,49.576689450080565,0.03196707301980027,0.04042432383035829,376.40000000000003,gm1_infantile
2.53001635229988,17.28472039988077,15.463452190615712,6.021792384567319e-10,0.0006000748847173917,2.6395951769367194,6.669452580954303,2.4825482867647617,0.0,13.303211226431845,136.92327343486025,133.87980836609967,1.0563361441599022,142.27406416592163,49.54789179169992,0.032674954696877076,0.04065464838790199,376.6,gm1_infantile
2.5401806931226867,15.647464934460428,14.980749369686981,1.6976810789688204e-09,0.0006009912052509474,2.686207010751384,6.505556849609561,2.47971305104238,0.0,13.270492685078365,136.86179839032187,132.3235498884653,1.069111452087298,143.081496459072,50.02102025622566,0.03324639333798296,0.040406437609918626,376.8,gm1_infantile
1.9888474011876645,15.215525927462217,15.316957758307524,1.0647621480205243e-09,0.0005884907460238494,2.796089108533433,6.7026658219669075,2.535424724293897,0.0,13.237764521996892,136.43347799337258,132.2229442649582,1.0977651119818703,145.09848465714785,50.109016967462615,0.033222800571569074,0.041055731621790575,377.0,gm1_infantile
2.9492756683704453,13.685614146988172,15.724986485338636,1.0078327911255524e-09,0.0005689767569448096,2.6893943461108476,6.923697056960584,2.492629381358468,0.0,13.229661535089981,136.42880683113918,131.1952559242547,1.0971239135859026,146.2799543691418,49.93845651811769,0.03290399563146008,0.041575054954746164,377.20000000000005,gm1_infantile
2.352561361873858,13.080552542102424,15.545649851372657,7.526919558080116e-10,0.0005667331738720446,2.7555251380701087,7.051100219630311,2.652145368579982,0.0,13.22444053819909,136.450791286787,131.4678725907462,1.102551006607851,144.37781025893418,49.7976271883189,0.032303500679570774,0.042500476840771954,377.40000000000003,gm1_infantile
2.3731795317918554,13.293384770672002,14.358032253397772,8.391082169189219e-10,0.0005592919739431345,2.663565630627948,7.273675801648475,2.459682945537127,0.0,13.24459780342309,139.05233850685275,128.6791561812415,1.0954659583334356,146.54336159561794,50.58842434389768,0.033171375602838095,0.04496081049863133,377.6,gm1_infantile
2.4611164960990246,13.657661012226981,14.011608723929124,3.0011705566110167e-10,0.0005557905354981929,2.566439000145756,7.221384906995572,2.386559582192007,0.0,13.221263173820082,135.80904486122523,130.20990711178493,1.0873469449573856,145.72265007132995,49.94161181821788,0.0339621620991056,0.04518724628177482,377.8,gm1_infantile
1.8376471310719127,12.427873262381107,15.566560931888565,1.1885785977377688e-09,0.0005716524550563849,2.5306988111188424,7.194916408564738,2.4565798615839647,0.0,13.191747806097469,138.55318372167778,130.1365033498535,1.0720702184646873,147.61313093733273,49.57366240277333,0.03241800395124212,0.044008562324435146,378.0,gm1_infantile
2.871085267752982,12.593860448360818,15.50228209579894,1.629620528742857e-09,0.0005662010935850747,2.506128727112637,7.51100811372326,2.5571090949933635,0.0,13.200067989156075,137.72174863700135,128.14435434913366,1.1052345370963204,146.5449379262227,49.78686101874489,0.03126742801383241,0.04469390844246806,378.20000000000005,gm1_infantile
2.1719887324419505,14.002645060186282,16.620161034825344,1.770260523798175e-09,0.000565251099843136,2.4941810673759415,7.559622246822749,2.610738316898928,0.0,13.228779035511291,136.0881509453505,130.82296219484166,1.0999228471202185,145.08854736138576,50.04537083760431,0.031498921393211615,0.04294594065486972,378.40000000000003,gm1_infantile
2.311867642054655,12.504263890561935,15.946350964332535,1.484172269794923e-09,0.0005666210348303488,2.4557805365803627,7.502053610485924,2.720788132828122,0.0,13.201268668503012,138.02124795629382,131.52241571701046,1.075555022814819,143.56501619429244,48.06833741910044,0.03165896285482324,0.0418801188522827,378.6,gm1_infantile
2.4483092218299136,14.462337769714297,16.92872408374424,1.1600841615160429e-09,0.0005515757642804915,2.5098209156738442,7.368547883439576,2.80410703281157,0.0,13.220924321845702,140.28265182904806,133.43368282958946,1.068758338859088,144.13543852070717,47.47822558857935,0.032516255052344976,0.04083315522811122,378.8,gm1_infantile
1.9001021474829047,15.448454986726446,16.38291119750309,8.506885240796209e-10,0.0005471426249566584,2.466603726962347,7.459814839855776,2.7255246729869618,0.0,13.23680476483452,141.49201045532232,132.92077393046097,1.046564377681223,146.4330177920993,47.21862441912982,0.033979281598866234,0.04067041993624926,379.0,gm1_infantile
2.9454137723356273,15.03027950293564,16.425112162572564,2.7857477820788156e-09,0.0005405644817488116,2.520158385641868,7.542797524357235,2.819527941208854,0.0,13.29419767614294,142.17816266532603,132.45428232591473,1.0606932065686288,146.7134407526047,46.523258634506895,0.03211361885277958,0.04232311070587031,379.20000000000005,gm1_infantile
2.29019084261443,14.70657354469224,15.888220295857511,3.2760893016921847e-09,0.0005323754090285296,2.545852503186372,7.5257609272706345,2.7136758511751085,0.0,13.32672770974215,140.92274483273843,132.40134729833719,1.063258008502712,147.59620644457382,47.79901604725969,0.031811732606853174,0.041968307116078366,379.40000000000003,gm1_infantile
2.415951809763285,14.019525350336476,14.572095567089194,3.234301183238359e-09,0.0005364267032047865,2.542413321586108,7.561869720710207,2.6480573249111363,0.0,13.331490533248086,141.8630982033137,132.99317833270536,1.0700118435693298,150.0,48.191209154615585,0.03208592805738516,0.040321671840020154,379.6,gm1_infantile
2.5780361475398625,13.878997196806301,14.508541218798177,2.7215750834530916e-09,0.0005598003997560165,2.4288722869766355,7.9221546706440975,2.689935958917943,0.0,13.392034034394353,142.88009457398,128.86573980275165,1.0650506024549524,150.0,49.333871099190766,0.031723534582628575,0.037964274840501966,379.8,gm1_infantile
2.04546482723336,14.374241594753725,13.015613193518734,2.7648149981745758e-09,0.0005630643777523888,2.4115197839318294,7.8015511512123235,2.66753897308896,0.0,13.40235920598436,144.4309439397019,125.22297941370893,1.0700417248565688,150.0,49.463477302642,0.03136843636412311,0.03914969367878913,380.0,gm1_infantile
3.1124899759900315,14.084541419187442,12.90884311940862,2.972072855694576e-09,0.0005770518958213521,2.3733066771605102,7.654505148465449,2.717592214072654,0.0,13.343895581101622,142.87529085132078,125.95096914900049,1.0939080547288158,148.5513492382537,49.39808791837563,0.03140933107090404,0.038545776702014575,380.20000000000005,gm1_infantile
2.381570357623725,14.556789614652844,12.17392874064445,2.624661880494635e-09,0.0005719913336943316,2.383815906819837,7.433886238010373,2.737646486984596,0.0,13.323195874202584,144.42662548889695,125.84768613774405,1.119937066260984,148.3801588935545,50.06108765700079,0.03190405314130929,0.038494798329517216,380.40000000000003,gm1_infantile
2.4253051636876606,14.525036629125598,11.859296587080918,2.347289935372708e-09,0.000571556841180984,2.3195691309218596,7.3587829366443955,2.692057807648491,0.0,13.300031023451291,143.09724732747276,126.09906931397197,1.1143403115096604,148.36486624876966,49.33194454158951,0.03124896439412432,0.04025202488557821,380.6,gm1_infantile
2.4900332829817997,13.035038994194188,12.023099864830936,2.029879770564078e-09,0.000572252708818623,2.312671134864306,7.5819378902387555,2.7275478571172194,0.0,13.333914480576798,138.93284249598784,123.89473676994956,1.103314342950173,144.9991163004449,49.03326388902948,0.030779547501456516,0.04109748941269104,380.8,gm1_infantile
1.8882149888429844,13.008061548273776,11.760724226464632,1.613188446355942e-09,0.0005813327434393574,2.3600786015224595,7.441950926994631,2.887619088031294,0.0,13.311196655619092,139.8646800248861,124.8555630933464,1.1035823135658338,144.3086959522903,49.82934855499962,0.030286514831745083,0.040992067058965326,381.0,gm1_infantile
3.003473882944954,12.106647384156375,11.46957995484621,1.9472505561629807e-09,0.0005857660844992799,2.3948650488862935,7.28504792463806,2.9266169290894952,0.0,13.378706898813146,141.43566222500118,124.84177309919465,1.1090495251417198,144.40615140494765,50.31439602909908,0.029646267061839093,0.042220390363442904,381.20000000000005,gm1_infantile
2.261292033235824,12.494977317822036,10.98957324091794,1.8878652022237565e-09,0.0005963607503072807,2.319293100628492,7.3580867938486065,2.8208855456576853,0.0,13.335325264997902,141.78052141922592,124.15536425497965,1.1213467106315063,146.8030537181899,50.335157461262675,0.030180169022118966,0.04350227632288798,381.40000000000003,gm1_infantile
2.3568117029785545,13.583193746749728,10.93063650021868,1.4957804114290827e-09,0.0005978195251740063,2.313045318166444,7.202842447875811,2.768597937551616,0.0,13.343334545708316,144.66330418039595,123.48624132046336,1.110550678001931,143.4986248028655,51.00657509187119,0.030392964154006708,0.043062882228328346,381.6,gm1_infantile
2.434118874294706,14.50240650266794,10.831466099566109,1.3624296734386855e-09,0.0005873018584938979,2.293008012076252,7.4367938057797325,2.702410649784388,0.0,13.371576193725916,144.52321982569973,125.26929075554402,1.1319822293826454,145.23824736818324,50.65099183285828,0.030302823960770716,0.04335281605005091,381.8,gm1_infantile
1.8252105313732885,14.174731215691404,10.574317670579944,2.500079752858933e-09,0.0005812565410831662,2.3340443879459296,7.383779552662393,2.87645459691576,0.0,13.37285942353947,141.03819170210667,127.17830013637217,1.1535988058075257,142.92073447750158,51.467809780943384,0.029344333510306856,0.043925249433986166,382.0,gm1_infantile
2.8710222017536737,15.171898137546716,10.705206111359141,2.776172579970728e-09,0.0005950963409270832,2.3186336551111153,7.493057646627482,2.8142875504354854,0.0,13.430307223764283,142.51470726680594,125.42439426703307,1.1800983912430076,143.66408636927176,52.053269992634654,0.029604195777126894,0.04429423803302815,382.20000000000005,gm1_infantile
2.12292769138443,16.225593819923184,9.712608249107497,3.0807093264691427e-09,0.0005938935968927819,2.350269033361494,7.636409651868976,2.925698565086239,0.0,13.438444223213933,143.32383911040336,128.64464739610528,1.1904833340940728,141.13771048397223,51.66733746676415,0.02993840361681179,0.04551392681123948,382.40000000000003,gm1_infantile
2.2638289799160445,18.229061844114288,9.877506602134565,3.1478635102296155e-09,0.0005749491625292646,2.394284184222636,7.647720636940321,2.8842801977666923,0.0,13.479757557884241,144.25201517320335,127.13219391824535,1.182758483439212,143.83897609903332,51.51174890604406,0.03025086159257122,0.046293838604485514,382.6,gm1_infantile
2.2384314955354574,19.408050871096336,9.639463489320397,2.9335354568661582e-09,0.0005926361310297581,2.4536232056148566,7.842338529352026,2.956033728469167,0.0,13.522629004792446,147.3236551649645,127.33507670637395,1.1717929785005436,143.34718100840897,51.60837616472272,0.030149152328097954,0.045210152126030204,382.8,gm1_infantile
1.7239401228706486,17.699784241599776,9.843313302943544,2.902640981224093e-09,0.0005916465698230697,2.4877749989700284,8.067222157972182,3.135772860430495,0.0,13.53077372496712,147.76314282660744,127.64449461243849,1.1527068333147983,141.10026024587344,51.62108535213826,0.02903993661202936,0.04482699110247739,383.0,gm1_infantile
2.7810161172232197,17.22604017202486,10.474043677563296,2.4580181256058027e-09,0.000600751119699647,2.4589468757886017,8.02358165992763,3.145299938741844,0.0,13.503493961991644,147.0425584309885,124.66113282373027,1.15929961137294,135.3780112364041,52.24792416395477,0.02937916488944166,0.04641478508671273,383.20000000000005,gm1_infantile
2.3189341421542347,18.152768234030983,10.27301128879937,3.2793634856246254e-09,0.0005823736964957576,2.3731464156916124,8.490198912913415,3.168054103162949,0.0,13.462327442382815,148.14874203199648,123.2434079297256,1.148756658979245,139.0490920069281,53.78106397436689,0.029411966192938493,0.04621103685902889,383.40000000000003,gm1_infantile
2.4940169672323496,17.528912825748353,9.41657046480926,2.3502062528963373e-09,0.0005789410170356935,2.407477792487085,8.54415949403098,3.2202271029477836,0.0,13.503812734214343,148.52950015375023,123.72784496097954,1.149114868302921,138.58859654112757,52.65801784397051,0.030128930531768235,0.045768562040375924,383.6,gm1_infantile
2.555288401955503,16.995208604520922,8.997802290078786,2.2420637937041803e-09,0.0005832045322874009,2.3738538050003264,8.82934866785519,3.161897460468421,0.0,13.545052035577521,148.9340240098101,125.19720365317741,1.163725220432285,136.8687914823472,52.29446320562668,0.030768246033751764,0.047638117618783234,383.8,gm1_infantile
1.9463212188485126,16.42974926928652,9.829183389945328,1.9523959038801284e-09,0.0005850317727589585,2.3523212138371505,8.930824321076887,3.069480039546572,0.0,13.525761233294057,150.27001993813238,125.49379707359633,1.1783816346866098,135.3926922432667,52.15375636030192,0.031134304554469982,0.048512473121911086,384.0,gm1_infantile
2.9128461303321123,16.605899519173068,9.567809470721885,2.230134655468009e-09,0.0006073902620569459,2.2415554464674634,8.8083929245309,3.09004064244835,0.0,13.55390605234365,150.4309005994459,124.62527794706904,1.1631468263022704,133.28705187594193,51.64253709905388,0.030675592917006167,0.04888049551920251,384.20000000000005,gm1_infantile
2.2698979663131365,16.120204356869035,9.247624120835072,1.9163569724792805e-09,0.0005971966852915251,2.208491380014121,9.032606895921036,3.2193042421273823,0.0,13.587565276001913,151.83726436639049,124.94217233620947,1.1883190945504787,133.01321660452717,51.9297520448527,0.030693910777434757,0.04888406655496821,384.40000000000003,gm1_infantile
2.432911327919697,16.12827656137573,9.54261238307618,1.617169437699792e-09,0.0005861920841939207,2.1787923536138165,9.005523199451298,3.3131589156914045,0.0,13.607097552209552,152.3739562534705,124.21728297607697,1.2103955273615778,134.36002219142898,51.93780610517504,0.030571527071602187,0.04893620516752996,384.6,gm1_infantile
2.4515521713955803,15.431790783351639,9.833293866524725,1.0757202488219039e-09,0.0005739830947983968,2.1603706027024323,9.80180648871163,3.372192073758699,0.0,13.582315717466448,153.10869938789037,121.33134373243067,1.2059887244336205,135.2894959745253,50.96618642840023,0.030774943943053103,0.04940942658654807,384.8,gm1_infantile
1.831083233556927,14.784937099237473,9.58932166985439,8.761740954807246e-10,0.0005674923938055783,2.1769948862591657,9.694741076078582,3.514569872547538,0.0,13.589185674640737,152.3921848572009,120.48530022992877,1.21214186898263,136.19264231016948,50.839614094248645,0.030438583120177904,0.04974967746769673,385.0,gm1_infantile
2.8900280785743533,14.260644947423195,9.69549043711999,6.002708707663943e-10,0.0005556225338009807,2.173608408650276,9.58112073631955,3.4227499810533226,0.0,13.576967459992064,154.0,121.5245126603092,1.1998120372032783,138.33386845686334,50.364381276744744,0.03174504431287631,0.04995056491268353,385.20000000000005,gm1_infantile
2.2980272137134747,14.440389883802208,9.853156616827196,4.4478579907511543e-10,0.0005418778704762953,2.1836629646670285,9.888624424828055,3.3021071158909243,0.0,13.594924181171399,153.08607801378477,120.80459195621395,1.2312209057964523,140.08129475935053,51.153782106416294,0.03149805629427678,0.05052328663827287,385.40000000000003,gm1_infantile
2.448888925889513,14.335589266008533,9.942539507626543,8.472520222663359e-10,0.0005593033822999719,2.1706390247876914,9.569360926205507,3.449109544406813,0.0,13.606795192854147,154.0,121.35828647964294,1.217108973561688,137.62375636448286,50.264660548207075,0.031432494524332076,0.049947072092803066,385.6,gm1_infantile
2.5139851199880514,14.317933333404099,10.36718548808759,5.885232780796071e-10,0.0005480509143300391,2.1488537702452106,9.849395734839236,3.426510887439128,0.0,13.653822942822671,154.0,122.42483470555005,1.2269080045250562,135.45141442648207,50.52736659951003,0.03140754201844404,0.05090192655314284,385.8,gm1_infantile
1.8893914879873017,14.552471899186909,10.67383736752589,1.4218312915697011e-09,0.0005652204496499047,2.1948955091874733,10.074192677448623,3.375866634738517,0.0,13.62995807301443,153.56065508047118,125.39585020361461,1.2367104465333902,135.86972009893248,50.78155319977091,0.031273172777477785,0.04845469800359724,386.0,gm1_infantile
2.8788359431828963,14.9878739508675,10.261831916537147,1.3083314208618855e-09,0.0005475178697317727,2.163668975873345,10.081421305565488,3.4464688973384647,0.0,13.607279873217779,154.0,123.03125876222856,1.2384020124090287,137.62844053888946,50.74731087032197,0.032138578184085435,0.049319951246322824,386.20000000000005,gm1_infantile
2.2698256022403376,14.920235097730115,10.061137670271195,8.137115008603621e-10,0.0005295640949736867,2.1993552613103278,10.516180439589693,3.3323819022775627,0.0,13.559151847244353,151.98120519580024,123.47562768171585,1.2306263875672916,134.1319104142873,51.94264441792867,0.032033086714820955,0.04806606819016382,386.40000000000003,gm1_infantile
2.4159473050483276,14.864840337794128,10.298917765414945,6.180497805764471e-10,0.0005310477961739924,2.233601638215217,10.139806467904348,3.262660173561912,0.0,13.542139524302913,151.80915967233062,122.71471272137995,1.2246908222345239,133.26698009286582,51.079520723707695,0.03229366563734212,0.04917171869332497,386.6,gm1_infantile
2.510934431513736,15.683087484364338,10.112707500926014,3.6334398376794516e-10,0.0005336901005507794,2.2474750276131763,10.106881793136218,3.3157766284032038,0.0,13.532633332495159,153.78205545751968,124.32889064434531,1.2392507550829417,135.13335325206577,50.8350477911632,0.031015197844109523,0.048837180531619756,386.8,gm1_infantile
1.9449673244686063,16.404170230771324,9.940400098445846,5.189432606136524e-12,0.0005211580564344855,2.2224426533126826,9.60226547826165,3.2548414678777333,0.0,13.529367203797099,153.08918133281787,123.20125085164307,1.2303921358856393,134.15207134444617,51.32967432175307,0.030946837970401132,0.052367452363689546,387.0,gm1_infantile
2.959322592754834,16.688619913750788,9.889078298814043,0.0,0.0005374681885650826,2.259132011434056,9.188325656239838,3.1637640305296952,0.0,13.513427840099233,150.01242882481918,123.41102050557076,1.2005147122486959,134.40321146069834,51.84405823629952,0.03148904705051079,0.05214454167276957,387.20000000000005,gm1_infantile
2.4170618137694566,17.08025907762117,10.364187394489912,0.0,0.0005537822999254119,2.2556397705489495,9.625196199547421,3.2829088190799243,0.0,13.525387967114641,149.65317036905614,122.082101010499,1.210979678008027,135.41494675909107,50.73754721308761,0.0313620466847342,0.053112520880763216,387.40000000000003,gm1_infantile
2.6018194589787123,17.728129694905522,9.773429216219968,0.0,0.0005471608347554685,2.309400424450484,9.486970205048868,3.3648414157072573,0.0,13.541201564873937,147.78159395589864,121.78801517447276,1.1935175517359913,138.0834622618581,50.278391528109424,0.030227417532133836,0.05116124494988184,387.6,gm1_infantile
2.6567008031677797,17.28267514095441,10.183585930981547,0.0,0.0005592868306278095,2.290107368407986,9.766402696647438,3.2508364620299472,0.0,13.515989934252225,145.57215649659102,119.80451786673515,1.2009392594272859,137.61048940994306,50.38764438844651,0.03052020506107471,0.04921626351321867,387.8,gm1_infantile
2.0538234887407123,16.212881568637506,10.023369701938725,0.0,0.000565155972523949,2.218606570313981,9.460264101485699,3.140029360949703,0.0,13.510873139683396,147.18708449330174,119.66721585234112,1.217374521180368,138.32786652248848,49.76558931224625,0.03000177141783678,0.05085592421006857,388.0,gm1_infantile
3.113569135885064,16.868850379931775,10.539211700247964,1.162542328711954e-10,0.0005670047599989199,2.2173006829550084,9.936233277029652,3.111418537094285,0.0,13.459058761094202,144.4029364005993,122.64384513306362,1.228312363755796,137.93471422346968,49.83353842911963,0.029039184951352194,0.05031886754045448,388.20000000000005,gm1_infantile
2.332724797995772,16.723195551183736,10.942880499420497,2.250877585259088e-10,0.0005851007837990318,2.225756110358168,9.307671471283104,3.2908151647892097,0.0,13.463635374383365,144.62574194107142,123.06045004631711,1.2298631820022163,138.05900267985828,48.973049421728675,0.030704455796213677,0.0510052054674596,388.40000000000003,gm1_infantile
2.459935047299558,18.424098550817888,10.493002520509412,5.152069129470338e-10,0.0005753958160163951,2.238540741345331,9.451334893680343,3.080591732195686,0.0,13.511177865826646,144.16175937341117,126.4286072788698,1.2524019267375606,137.655104232944,48.78964309262606,0.03179025482464599,0.053407451010967694,388.6,gm1_infantile
2.5381554839491782,19.943343481676568,11.10437812533439,9.62956827657418e-10,0.0005742532292676535,2.2084101009910797,9.216777557295261,2.9873557065600482,0.0,13.511204530914563,141.99099283984773,128.15160031964905,1.2449484712403727,136.46553812470378,50.181722494954556,0.03078909606677584,0.05363368221605054,388.8,gm1_infantile
1.8963698360141075,19.060410287686075,10.535623364559296,8.998659920639837e-10,0.000560700809721753,2.2285712769334385,9.24973053672156,2.988418243546737,0.0,13.554194117841966,143.43464394824213,126.99070776865287,1.2231291892054268,133.0616885563957,50.96724319753263,0.031354343274940105,0.0548480594237849,389.0,gm1_infantile
2.9317066819567614,19.702848778226883,11.161565671269456,7.919346027647497e-10,0.0005538454856605992,2.1866064476587526,9.396988407591484,3.0581332980050293,0.0,13.545140763396654,143.0464481389263,128.35501131654223,1.2015507262091218,131.1325856884249,50.24095089358499,0.031182005034697684,0.055179348384961094,389.20000000000005,gm1_infantile
2.225184777014091,20.679836598179172,12.042400601422285,8.699781940266388e-10,0.0005655712423732463,2.147775255418987,9.215351460920743,3.121794764675016,0.0,13.517809291894334,145.83844041689883,128.87381093545406,1.2139106363834413,129.98460508134085,51.39974656774483,0.031005459729559433,0.05639393383134981,389.40000000000003,gm1_infantile
2.346713191174119,20.687059370182972,12.469573631641493,1.7560778838723638e-09,0.0005576338801884758,2.152280214197458,9.416856344458443,3.0230498129890107,0.0,13.487437738543031,147.76265049104632,131.87551970330364,1.1999681249748644,127.91302064295691,52.477967658631094,0.03054835562766658,0.055868692276197056,389.6,gm1_infantile
2.545665243791017,22.01940001679878,13.111273212276311,1.1764648923180882e-09,0.0005397929690130367,2.1925652291326716,9.539379568717635,2.9871311563959555,0.0,13.520681907812854,150.8337365414791,131.85768521546834,1.1900316788102507,127.48524774848464,53.436630145319484,0.03139924424471979,0.05605407460820912,389.8,gm1_infantile
1.9054297973272167,23.180400932043472,14.21944373365712,6.917868701927689e-10,0.0005347006704227422,2.2350159751599716,9.582902912156426,2.9710497953738093,0.0,13.531589901457574,148.5697426887874,132.01335966813858,1.1969554718191784,126.70077228806463,52.88132038391559,0.030955303033658507,0.05479229435622908,390.0,gm1_infantile
2.980270655276918,21.668451962079114,14.455693830272391,4.880530578798928e-10,0.0005240515326497733,2.2871203473898487,9.558139545843947,2.933613356014119,0.0,13.541548599461604,150.23484298898003,134.28022720412827,1.1951782651968683,126.37687365068615,52.97718325582828,0.031003622969323023,0.05379781772249176,390.20000000000005,gm1_infantile
2.4303638470684334,21.642725679285462,14.877441531030774,5.769835524983732e-10,0.0005265790421461301,2.2429540343414276,9.55399975460973,3.1302461232662675,0.0,13.54599891336802,149.49874592059555,130.33855826768456,1.1880449563814814,126.31604654862986,52.75460858603051,0.030764662694506544,0.054496091372885365,390.40000000000003,gm1_infantile
2.4776526821097424,21.80005595629647,14.862487557143618,2.347817165117079e-10,0.0005444220623819989,2.269757416093917,9.360443253242728,3.168347929457439,0.0,13.525612401321506,152.1897642306839,130.9562522939207,1.1933252580844376,128.06551850330777,53.19242439319748,0.03051500627021019,0.05559268764167904,390.6,gm1_infantile
2.4755261018871857,20.87598881936955,14.860651026096106,3.8091541954150287e-10,0.0005381662211327989,2.195009182596607,8.899122800005925,3.148482636476557,0.0,13.497814552830304,149.99958818645626,131.19322342604738,1.215218632650716,128.35665265418604,54.14121104098793,0.030194337686847258,0.05608910974409357,390.8,gm1_infantile
1.9580758955609254,20.5722397466451,14.918265495504595,1.8375398016199077e-10,0.0005430563310713721,2.2273617232202287,9.03152195575217,3.1288430975751877,0.0,13.496049221664707,149.6162888256879,131.6062350886706,1.2180101660419287,131.14144478045264,53.63549495260373,0.02908365563494158,0.05461637626309796,391.0,gm1_infantile
2.9561357586330383,21.578320563045214,14.109163052457417,0.0,0.000545797710767591,2.2580798978667826,8.698535838921885,2.9803912503590375,0.0,13.515598069832162,149.90813529834028,130.2865011547397,1.2309534001454554,131.39936838505963,53.557961606030986,0.027989415311948318,0.05362695399339658,391.20000000000005,gm1_infantile
2.4451629521164056,21.137780929675937,13.598856433389974,0.0,0.0005449333622826349,2.290639572899196,8.892542137158271,2.9380935860604294,0.0,13.53993774068566,149.01841891095017,130.065469424898,1.2415702921489038,133.3500359692028,52.47801412717042,0.027972687888629933,0.05353416247667613,391.40000000000003,gm1_infantile
2.511651548320408,20.348599938668798,14.340945475725862,1.4558862113024503e-10,0.0005688914984978751,2.26395875138167,8.958663122762886,2.9755033192355325,0.0,13.580823159428574,149.21220802194028,128.17427080277162,1.2303105130231868,133.64291955624077,53.279049233316165,0.027021788414622983,0.05209653376546542,391.6,gm1_infantile
2.636044737731457,18.88025977626942,13.681364009380916,5.677537985496583e-10,0.0005636652871769063,2.248553714641665,9.326366659000623,2.9022467827205403,0.0,13.630083056314701,149.68574718190314,129.3565501488807,1.2258349736672263,133.483715039811,52.77966329814994,0.027156103375789952,0.0530201751361455,391.8,gm1_infantile
2.015634444375375,19.95211468620776,14.12165716109381,1.8682114485212664e-10,0.0005594483238456683,2.227216232668591,9.537236574654427,2.961254472023632,0.0,13.660703334851819,145.9896811230037,128.31801021275967,1.2180486006489004,133.9654941414098,53.175877761747394,0.027096401468513935,0.05142930432423612,392.0,gm1_infantile
3.045828797406951,19.896014958752694,13.265647623565238,1.8709224181340438e-11,0.0005617691507918309,2.2907506243322957,9.275736037720362,3.0426633231343425,0.0,13.62163876629401,143.65477906244652,129.3689231251804,1.2209732445466894,133.4255788115033,53.5051830394604,0.027062356454683318,0.051503405810460944,392.20000000000005,gm1_infantile
2.3605197432571656,18.844839623980192,14.373244687288963,5.808586014155888e-10,0.0005797115974456869,2.2653531040458836,9.12293098821191,3.010605237225658,0.0,13.62132642913847,142.64013553205163,130.00844879001488,1.2096193723731217,131.0581754446697,53.59838197541565,0.026693161538645382,0.05143440445773404,392.40000000000003,gm1_infantile
2.340883975523405,17.87759725744768,14.351017030799218,1.0903163841510445e-10,0.0005583504800768846,2.2635625033849562,9.320450832857789,2.9454929426392713,0.0,13.613741691496573,139.71424255284114,132.09322959264807,1.2074255754222867,130.8007797442585,53.86724438140129,0.025720473393626934,0.05245018415012819,392.6,gm1_infantile
2.519059542454921,17.9535776747143,14.634907731959045,0.0,0.000566859832498735,2.227100967474705,9.32720474243352,2.9615459845409395,0.0,13.646019820153528,143.92072956367898,131.89681918426814,1.215857884890904,129.44629301050205,54.617044390256936,0.02536888067290344,0.05621433977727687,392.8,gm1_infantile
1.8228263916968017,20.117220952924228,15.275238521319364,0.0,0.0005946129514028713,2.187008771919532,9.2702385106612,2.8768662178345665,0.0,13.644104904796698,145.5597232719907,136.2784914356767,1.2083327227878238,124.80159911147113,55.09010355909419,0.025003759058581224,0.058488422013740785,393.0,gm1_infantile
2.879516796504767,19.07947601471013,14.60820475767787,1.8368195098637693e-10,0.0005884375747645057,2.241786521801525,9.248386152471896,3.0182882541314466,0.0,13.590857219371681,147.2087022588737,135.41506440679754,1.205012740469696,123.18350444347489,54.28750512397353,0.025307747562202467,0.058403260838129384,393.20000000000005,gm1_infantile
2.1873112283133604,19.918401738815355,15.400992851923672,7.756716001808776e-11,0.0005992847378089958,2.1984899227651757,9.414869855045001,3.0394370730622846,0.0,13.653087256219024,147.68306994118467,134.3346072051105,1.2061788977041064,121.83619600256145,53.44858982714366,0.02500005136125445,0.05784645909198536,393.40000000000003,gm1_infantile
2.307771029373915,21.146916580160163,14.88320389873605,0.0,0.000581059274795905,2.14525052516504,9.698485913790607,3.070483189639398,0.0,13.683906586651952,147.03613047252682,137.00272441258764,1.1970103196763873,120.14025591922534,53.71774411709781,0.025027073930744693,0.05797183572177497,393.6,gm1_infantile
2.491251828258788,21.097223879691377,15.13917553138074,5.407314330524278e-10,0.0005820650579405377,2.160981609417097,9.357463485685235,3.4079931226211118,0.0,13.667106171679883,145.9314621592516,140.9107936246915,1.1885087405106656,120.93718139659374,53.31313138371399,0.024397736067967284,0.05865590147179806,393.8,gm1_infantile
1.8543219498773753,21.20280444397468,15.60643900891911,1.3800099425263548e-09,0.0005633954328972688,2.151722595750345,9.36193378265605,3.3838031374874262,0.0,13.661502544924206,141.09904467497785,140.50604521206623,1.1877448600196072,120.62767357818491,52.80271008871776,0.023634925182861775,0.0614959313056241,394.0,gm1_infantile
2.918099312006749,20.72247193114103,17.187111570417102,1.028293672835193e-09,0.0005686412153635996,2.1007739859746994,9.584884476531634,3.26100864406404,0.0,13.720993003180325,141.31496451782198,136.40401462296217,1.1894621558546405,121.488888987829,53.44805839321842,0.024375560344841885,0.06356436367220944,394.20000000000005,gm1_infantile
2.275547906806812,19.976713475792472,16.31343077499623,7.690204158378156e-10,0.0005723159666384018,2.047335007098396,9.376919811964116,3.306558110274321,0.0,13.732040551167813,139.8175372403118,136.90902080221997,1.1784580900384198,118.49741873548547,54.13850675993644,0.023946585393887755,0.06314606677291093,394.40000000000003,gm1_infantile
2.3788916682390497,20.43406338989427,16.532032672362316,9.013147381330094e-10,0.0005628941342596266,2.0422425851976933,9.534367402032789,3.448480684838083,0.0,13.700957510825269,140.36511513443708,136.5791938218136,1.1487196998987985,115.67666983653555,54.08798228498615,0.02390447256889949,0.06266580939263576,394.6,gm1_infantile
2.5397947991541114,19.306317191760975,15.516861552485327,5.662462350858526e-10,0.000552879103639435,2.036864434415534,9.37768579113231,3.243490978974175,0.0,13.704422896357656,138.29695636025136,132.92756536134502,1.1600236504133101,118.18953791071282,54.01742145600022,0.023996802588006294,0.06299008425399083,394.8,gm1_infantile
1.8029613745941513,20.18736386942356,16.383442167977996,1.3632056061024527e-09,0.0005451456590747153,1.9926709337225503,9.782961375714173,3.2995245248569214,0.0,13.684299870576414,138.8521097511048,131.04453902055863,1.1615179627490595,117.71557926947497,55.74078573540316,0.02424116033006169,0.05996659911452458,395.0,gm1_infantile
2.8657707542000583,20.35224517081411,16.01646666066263,9.496112710717985e-10,0.0005509398418670645,1.955574091716938,9.981153395066217,3.2195325197333133,0.0,13.713280510053284,139.81447573527896,131.08427718138935,1.1627231602708674,117.93076984382556,55.14314072530257,0.02338056239071661,0.06067251138364884,395.20000000000005,gm1_infantile
2.344049732738372,20.995337893081043,16.191502951203503,5.263670982114506e-10,0.0005595105878352559,1.9694111683873157,10.234177984950852,3.3363289677861276,0.0,13.67883292326848,137.461667917631,131.3271467335337,1.1501746589263826,116.27528141925649,56.04676958882177,0.022808516684584227,0.06059462058288063,395.40000000000003,gm1_infantile
2.3818806931468908,20.912157811893092,17.072592629834286,9.792802382312395e-10,0.0005703593575132347,1.963556415215883,10.576710152615838,3.3868909022866296,0.0,13.690205160047805,139.15855027485904,128.99100286682474,1.135723665776101,116.12728815931533,55.12547062268321,0.022137703821788982,0.05996464795544952,395.6,gm1_infantile
2.547987698006262,21.891539493412076,17.292141881914294,9.608683136149562e-10,0.0005951795988912194,1.9416301962739566,10.661766012071775,3.339201897160446,0.0,13.726217032029938,138.63673749992213,130.18681084719984,1.1338778369552678,118.16141828498421,54.38646853164936,0.02267377557913292,0.061113525439915196,395.8,gm1_infantile
1.8369584781369752,21.154248478384574,18.088937887705583,1.6336447397311704e-09,0.0006022485387968807,1.9248478316751578,10.40574978760368,3.403546362993164,0.0,13.714140692260294,138.26940667835197,131.71934389869367,1.1636546493506608,119.86250740353483,54.39005948551728,0.022173777200466507,0.061969376552444215,396.0,gm1_infantile
2.9613456844455985,22.066962071351348,18.204709859909286,1.3938881490438403e-09,0.0006043552668613344,1.9619673043158932,10.499964481803206,3.4016368796026115,0.0,13.793468722979231,136.67701465456545,129.97163007611906,1.1680426027554571,119.5890868990101,55.13853300252861,0.022656574603462834,0.060245433412842844,396.20000000000005,gm1_infantile
2.267326669302935,20.997494783822336,18.8198902389942,1.479773648120207e-09,0.0005967873549087103,1.966504421388978,10.203301114216675,3.335819971251286,0.0,13.797646456487753,136.99407961507814,128.2512181776276,1.176367360789813,121.35498505508308,54.37505052365675,0.02244324367231509,0.060878971609954244,396.40000000000003,gm1_infantile
2.407218229879455,19.346177920764713,18.373079843509785,1.244956997537894e-09,0.0005919812083878463,1.9589196415673449,10.666110285142356,3.3227872398179654,0.0,13.800147918301056,140.29974718429133,127.95331071224507,1.1711171733702423,120.9087594340291,54.79957268663986,0.022240358173273092,0.05878771404974589,396.6,gm1_infantile
2.4779299438415503,19.19773237165574,18.71319992960035,9.7583697735854e-10,0.0005855572740029221,1.9574543236322497,10.454958585804945,3.323865025559989,0.0,13.763272991784337,140.91995411210095,126.08483686565086,1.1561153582129813,119.88893664162954,55.80757268948181,0.021356014520413077,0.058120166819858474,396.8,gm1_infantile
1.8824643603156737,20.37674999729511,20.295036386613116,7.513124136568697e-10,0.0005901733371584958,1.9511208557156543,10.443659682966864,3.356839293293951,0.0,13.761489743237057,141.81439008197503,124.63314936235567,1.165020931230034,117.19657653312186,55.86850038800098,0.021960811035244682,0.05777663625806419,397.0,gm1_infantile
2.8855115787624586,18.66179880996947,20.512475823738168,1.0583300464662247e-09,0.0005869253134946382,1.9319956220715164,9.929902933716303,3.3703151562139335,0.0,13.741753345835459,144.9591743005299,121.65459918615407,1.1409950627776153,117.62921599680541,55.57101405786773,0.021660424209052478,0.058070179197686866,397.20000000000005,gm1_infantile
2.27587978901202,17.756971565598615,19.788861801325847,9.930330560597076e-10,0.000586627698498615,1.9457852982345683,9.814315074503869,3.405383362427889,0.0,13.742884099809508,144.7824452179903,121.27479696626634,1.1335267375421791,116.22167349635765,55.341018317599385,0.021833426326591646,0.05686701023770102,397.40000000000003,gm1_infantile
2.4102054020060946,17.523091128840115,21.237450077851204,1.1997460631333659e-09,0.0005934760405129613,1.9750905762259254,9.714511201955212,3.533097354731408,0.0,13.741202388804076,142.4659485398819,120.62890164604116,1.1089438081367202,115.90801151224514,54.907573597826556,0.02159298333834361,0.05507313329795666,397.6,gm1_infantile
2.5543058099038802,18.07610600078419,22.665181226134074,1.8623195144712035e-09,0.0005930303333307302,2.0085874467332907,9.818224460323195,3.471157388235526,0.0,13.760538875441902,150.52711124817048,122.54129913484518,1.1146494254419088,116.74146584090109,55.25307882195053,0.021503171159669585,0.05595565481076847,397.8,gm1_infantile
1.9330920549253825,17.12419063906249,22.889866320140577,2.0211352536828062e-09,0.0005885796680616979,2.0166894537279636,10.092995005677075,3.4418179578042536,0.0,13.7384212695597,150.0157997604691,125.096965760147,1.1136056576213307,117.38523053853557,55.00621817269598,0.02126076530031898,0.05480842437947083,398.0,gm1_infantile
2.9690394702930583,16.56310325019119,23.9322005210715,1.9079650891349467e-09,0.0005854924489541177,2.0071475504643996,10.197751938736284,3.558853034912468,0.0,13.746649133261945,146.89402106621395,127.16717796005202,1.113897059720161,115.13179724816138,54.06690953835154,0.021605681254648148,0.05274963845814571,398.20000000000005,gm1_infantile
2.3413140951564695,16.32673523784306,23.38027835480302,1.6075668501846626e-09,0.00057066230323747,1.9867260766395296,10.353427576418005,3.4948400001123767,0.0,13.738895775184396,148.11879891476244,127.87171926692157,1.1077722300566042,113.7554117974382,54.76253733165218,0.02116997101217995,0.05328913070227058,398.40000000000003,gm1_infantile
2.4653814112112693,15.944177839794849,23.500693610659585,2.0970879412637245e-09,0.0005762746071753713,1.9883490131902803,10.811666324585813,3.316441269987934,0.0,13.724325632310318,150.97635835867553,129.49115628447967,1.08457055646917,113.18257713132195,53.79364765884361,0.021105433225993352,0.054319483040710693,398.6,gm1_infantile
2.6123797532030104,16.231360705963798,22.71238845859129,1.987665755835708e-09,0.0005826973979847116,2.0705926222287077,10.451054226893973,3.4534354305302073,0.0,13.749212282269532,151.35039575970603,131.94140237409988,1.0915284315897695,112.29595889849678,54.118516341956465,0.021598662442459088,0.0542635796164419,398.8,gm1_infantile
1.8677306715841187,16.206071799781732,22.497667955640335,1.896763740771741e-09,0.0005738008873094135,2.1170518213533285,9.782657765498366,3.4289456993311216,0.0,13.813458299273861,151.31806310555535,132.7189883243245,1.0952757151583463,112.5494517820627,55.41143241763503,0.021022133612215454,0.05340395697414007,399.0,gm1_infantile
2.946804526640421,16.35377274372226,21.90602681629677,1.7971863007752776e-09,0.0005832082544383653,2.132322830056939,9.593134521096214,3.4130329793866205,0.0,13.827685445103636,150.66474152354638,130.57185652318594,1.1069876062056394,113.4978917035683,56.46609311455501,0.020367467072713412,0.05326477118576773,399.20000000000005,gm1_infantile
2.2907455501966125,16.146086709046003,20.16176489624453,1.3819488950294812e-09,0.0005842681601956037,2.1101463887448717,9.385928490424192,3.5092769337925422,0.0,13.82562963632709,147.65864901123305,131.261281068082,1.078131106967309,111.57504361952452,56.7685410470517,0.019703480460266914,0.05285830646210166,399.40000000000003,gm1_infantile
2.3505988462537006,16.198926936939404,20.962476491630675,1.1040583172934714e-09,0.0005815314230809201,2.0764186047390076,9.223718675640008,3.3922697177715193,0.0,13.78168913800897,147.01476958538447,131.97516449484843,1.0932782690058904,112.35756300146296,56.700238892876385,0.01941238990995957,0.05390868060850214,399.6,gm1_infantile
2.42566133461795,15.491941919365146,22.00768762455155,1.158772941732467e-09,0.000584226924360647,2.0956433751200647,9.23596299845471,3.240401215237092,0.0,13.780817139501963,145.34480052095128,130.04762191005798,1.094486913585786,110.44144148759113,56.57853577301032,0.01925671847330197,0.0537095208868765,399.8,gm1_infantile
1.866156581266315,16.07595438242826,21.008131723848038,1.4316013514095533e-09,0.0005788852063100612,2.1592498546874674,9.119379349309504,3.0902647349101904,0.0,13.793628754235565,147.7284752524602,130.5816050672635,1.131227157369142,110.2865684392888,57.36611889192502,0.018990753548256974,0.05424787224106977,400.0,gm1_infantile
2.942353373384478,16.73249076652009,21.484732087950125,6.664654725479169e-10,0.0005755366665018042,2.1338880046223143,9.049991340874127,3.0626802464754164,0.0,13.799568063001136,146.73778672207698,128.02957272861906,1.1562084981965046,109.46790322071455,57.25017930816388,0.019880277912868685,0.05344480051713027,400.20000000000005,gm1_infantile
2.2844244707218855,17.064169569528566,19.73265983262712,1.6186353830154423e-10,0.0005669259487885734,2.1136870596572264,9.112269105976187,2.9848622085007963,0.0,13.732868719273993,146.61531216851964,128.64953854413088,1.1626931186515925,109.364475336419,56.73027578711393,0.019752693233743138,0.05488455750607627,400.40000000000003,gm1_infantile
2.3901148040541282,17.955051051200343,20.559594062563843,0.0,0.0005628942920977651,2.0738348914396165,8.789626709513776,3.0662291255870215,0.0,13.740652326195917,144.51197608479364,129.01069999398305,1.1438147060734274,109.61076428156282,56.21616432615499,0.020180042247022238,0.05438392360864814,400.6,gm1_infantile
2.5132143870647816,18.148125720995044,20.283591818099204,0.0,0.0005643385681175648,2.037712718053917,8.942698941234278,3.15049333529048,0.0,13.72946548092491,144.8754531538025,128.3767912691043,1.1435831592106385,108.00383166476314,57.25597487103246,0.021029110823079147,0.05347838605500257,400.8,gm1_infantile
1.955305788209725,19.608352696919493,19.240283647222032,0.0,0.0005814052015794862,2.0342763747050343,8.877960950593028,3.164149481276861,0.0,13.820312593525502,143.87104436642778,128.935474318577,1.1652556738519373,110.01393767970522,58.089105201025745,0.020784794351438693,0.0532415161518287,401.0,gm1_infantile
2.8888165747562096,19.35062651737831,19.142684615139384,2.3657677249235734e-10,0.0006027452502410894,2.0572774892194245,9.203076342835253,3.1740258906078744,0.0,13.820345664894967,146.11709271067664,130.3263157781137,1.1729615822412325,107.88109344742735,58.92908595916921,0.02091679195604475,0.05402949057797813,401.20000000000005,gm1_infantile
2.2821562366575394,19.880839391993025,20.159532937836868,1.2312390620526885e-11,0.0006065192746470006,2.025767721027257,9.393791375173686,3.2025172709253487,0.0,13.822929528700362,145.0248483824274,129.65654496339806,1.1800081476731934,108.40222755404409,57.40845502527385,0.021046090171851137,0.05360844706650927,401.40000000000003,gm1_infantile
2.3977634116128996,18.595733565765258,19.970846038386657,0.0,0.0006214592398001938,1.9603234841292905,9.1958436730819,3.121492132557255,0.0,13.85892629565738,146.0299310424422,127.75564364671159,1.1747124751608975,107.35632143242326,57.78522214286579,0.020790604960627054,0.05188627609700577,401.6,gm1_infantile
2.5381891625005633,19.844948046078137,19.639108421429032,0.0,0.0005982386122180654,1.8865372013712391,8.816325144134574,3.1429887599401227,0.0,13.875552283642127,145.66194053856964,129.44997541442842,1.190208948152548,107.0130192572282,56.99537168542526,0.019874536139755858,0.053522640981692376,401.8,gm1_infantile
1.8767814914689505,18.248188450008872,19.620958137337468,0.0,0.0005974222277566997,1.8723965561153102,9.135899502202777,3.249553447584252,0.0,13.881641175756634,144.0144221362657,127.64322173533766,1.1835223638071923,110.02552847807546,56.791255875440974,0.019903849242779555,0.05531566512666152,402.0,gm1_infantile
2.9326338340599207,17.379516763375047,20.10182126387984,0.0,0.0005987580254071983,1.8867924789449413,9.103590826680707,3.292974932487725,0.0,13.861894639876208,146.60832291441017,126.6211287653312,1.214316925822875,108.86338500305203,56.478876235240705,0.020543996946198118,0.05721175672219829,402.20000000000005,gm1_infantile
2.3492818916234133,16.4945566251642,19.969994044897664,0.0,0.0005848647684131098,1.9075635811383556,9.000463732996673,3.2003560974488514,0.0,13.914758895539762,145.6240346573955,125.78090045941981,1.1992517044891025,110.98115684322411,55.43088444361572,0.01995441341014717,0.05674235629909464,402.40000000000003,gm1_infantile
2.468673897714964,17.091958255518247,19.152544336297392,6.411555435440774e-10,0.0005736981038147988,1.870537473891299,8.822859662890028,3.160112729365063,0.0,13.937829339726438,143.7021646053467,125.54863595930199,1.1844505552712563,109.3400590342538,56.25240124733113,0.020639773172400594,0.05831660923555832,402.6,gm1_infantile
2.480625585136221,15.91995204234595,20.738521927771934,4.765457378729902e-10,0.0005538947172763426,1.9042083105856293,8.941966682691405,3.2459998238425016,0.0,13.927350786929747,145.57132710586285,124.4646708735861,1.2060720137663725,107.52223223988757,56.156651773158146,0.021368705822269317,0.05677483189784047,402.8,gm1_infantile
1.9010816519057172,16.479502562946102,20.56265280456932,3.168592716185739e-10,0.0005407934004661891,1.907996534466828,9.002854693470104,3.1429873480603625,0.0,13.898725002631222,142.86359015840134,123.46865700550693,1.1933296983952337,107.2613291454147,55.21789789954026,0.021537915682347374,0.05849640279335049,403.0,gm1_infantile
2.944885930709806,15.166615489048839,19.4980797793261,3.283640935521064e-10,0.0005152326987747199,1.8634253782675547,8.696392589930804,3.182366700458446,0.0,13.859277928836686,144.46851875786223,122.53566955856155,1.1740651665943724,109.64868267604436,56.83451582544685,0.02169083932278054,0.058911888958659585,403.20000000000005,gm1_infantile
2.3085337982848713,15.213679804656149,19.55643516460823,5.284742894052009e-10,0.0005325626073109,1.843183879786636,8.83480270552375,3.2101367470067905,0.0,13.933544875004193,146.5599732404992,123.8524995536652,1.1903677217799895,111.62315478877424,58.69216854675323,0.020842005720632197,0.059645954536839685,403.40000000000003,gm1_infantile
2.309450397262675,16.046320526358752,19.80318464864034,2.766393940738437e-10,0.0004994524320598768,1.8398314999337133,8.994658535186987,3.240368228931893,0.0,13.905318724830973,146.47475223143087,122.51990917510327,1.2052306456136315,111.5863666844313,57.32898454303505,0.020879709015659317,0.0601391028275371,403.6,gm1_infantile
2.5246047972287,16.875474300100308,18.794488141550534,8.469377425044665e-10,0.0004820902948008481,1.8378739644477071,9.27863569241666,3.4023802756421824,0.0,13.944697633093144,146.22344628239793,123.4723771148159,1.2106507497930568,110.60999259234686,57.22485340953373,0.021690931884833,0.060951911813740274,403.8,gm1_infantile
2.03832260824813,15.947565956980363,18.298901742856916,9.243905507937728e-10,0.0004881103589076916,1.8311401680012651,9.572692003351653,3.49575429234837,0.0,13.967896949138407,148.3620744386212,123.9571544103464,1.1828920460891876,110.28519483057656,57.54720449066094,0.02122819035299093,0.062153072473342605,404.0,gm1_infantile
3.078173876186023,16.016455351939367,18.12865510278364,9.11975621253109e-10,0.0004859915950905894,1.7866074678034833,9.546872664771382,3.516368362049535,0.0,13.989214119628473,151.33084668616624,121.63410911345629,1.179197738212529,113.4822608432488,56.96022449711707,0.020823282877364492,0.061712011146828526,404.20000000000005,gm1_infantile
2.5477368935805527,15.612418103230437,18.40866981792551,9.785258847880433e-10,0.0004634209147447762,1.7832775610056577,9.501862911647608,3.600818451693155,0.0,13.978125754838757,150.62989266356763,125.80689658555234,1.1700797115841979,111.51884063079615,58.00888814705683,0.02075477119678273,0.06204014041407924,404.40000000000003,gm1_infantile
2.750881398524464,14.549681423107282,18.052485825888127,5.49071360901861e-10,0.0004649377104337671,1.7628922264769473,9.304582028340162,3.6842937658285186,0.0,13.938744938612954,148.2434067895872,126.14217578247714,1.1462951487129571,111.93213673366886,59.04270201960634,0.02102177352427044,0.061117006121650684,404.6,gm1_infantile
2.791843075377871,13.748593396722208,17.952412690315104,3.632025787560612e-10,0.0004522818606063025,1.7798890513034602,8.93452410331468,3.577879637211454,0.0,13.922706364469057,150.85986060706912,127.4073455905472,1.1502656128558089,112.08683678937368,59.01108614766746,0.021631027036572388,0.058622550966049555,404.8,gm1_infantile
2.171006954005687,13.556135954377801,18.134225032816058,4.895815448174084e-10,0.00045783600694199644,1.8282595800891195,8.7337289278228,3.691585296921929,0.0,13.908053074059502,154.0,128.59299165206858,1.1461246648916004,113.60485764759066,58.95249056538368,0.021375760897048547,0.05777257886017615,405.0,gm1_infantile
3.160291512327573,13.174428198715319,18.023900249944457,7.827806560323714e-10,0.00045702296763082916,1.8912165110724133,8.856057197865104,3.8240587326727566,0.0,13.955256917507496,154.0,125.57028167465488,1.1523855472152447,113.50320094828501,59.018808019564155,0.02114035373119447,0.0570148178147664,405.20000000000005,gm1_infantile
2.3913363443347087,13.514852173755516,18.549935643268785,5.409493224823836e-10,0.00045173582777628267,1.86483517990951,8.72446947701556,3.7726934504811203,0.0,13.994233443845673,151.54280028433416,125.5102022061399,1.1727206106459849,111.80087396802658,60.00841825694594,0.02088809666628577,0.05786973255389445,405.40000000000003,gm1_infantile
2.4901254270487887,13.956730993668655,19.682094900643893,4.228466437877645e-10,0.0004599938684470322,1.8711321218253265,8.652993505335271,3.739147282943286,0.0,13.9498098976791,152.4751624078404,126.61260594160545,1.1874916120877277,114.04945418414333,60.75513351441666,0.02056310975982006,0.057306930740238085,405.6,gm1_infantile
2.623947621188003,14.365948811198628,19.39122723348464,8.578979177411988e-11,0.0004526124493293969,1.8878556701397136,8.320108004076756,3.49209253635037,0.0,13.932865247661177,153.42902369602675,129.3065963164301,1.173274611450853,111.59625417606975,60.50100523326772,0.020206181086306004,0.05721496590156594,405.8,gm1_infantile
2.026624454760169,14.747451802015568,19.17503313396596,4.701873136949512e-10,0.00045752771231078213,1.8788284292759232,8.583087439402192,3.3520558365859845,0.0,13.933243101785786,150.96584756154292,128.5676036932336,1.191577715780573,110.54078038023513,60.80702684757306,0.02056344457371708,0.05718684667616496,406.0,gm1_infantile
2.996959713874434,14.689512731744522,17.764033643303595,2.3655026398860235e-10,0.0004443957985802184,1.8743565521789822,8.407134874485514,3.376900095799726,0.0,13.970231152308898,148.46292805669827,127.40683320420685,1.2070574288430773,111.6817674234231,60.277753515632455,0.02029650105756233,0.05723278238834888,406.20000000000005,gm1_infantile
2.2236552993959204,15.297624064834597,18.447161193788393,3.79497095720532e-11,0.0004286281245366561,1.9194281796655668,8.581617532605417,3.461012409201487,0.0,13.928821449262193,149.29886901092442,129.16094668317203,1.1905946069383735,111.61482112393531,58.9805402818461,0.01993667399447135,0.05684537356916694,406.40000000000003,gm1_infantile
2.3987991751042768,13.679266894438989,19.363909104993525,0.0,0.0004393919382639522,1.940612381617935,8.886007399362972,3.6555916524129284,0.0,13.932727181679432,147.33298249732812,128.9679140639713,1.2038252383762218,113.40825907631978,58.656845632009286,0.019363640531713477,0.056879588482104164,406.6,gm1_infantile
2.4621479895568203,13.36531058463381,19.68237511775451,1.2483766047018763e-10,0.00044579708831333294,1.925952347316678,9.214973868860987,3.6338079760012314,0.0,13.898223077310412,143.27317589967706,126.27587118584012,1.2088498575872624,112.12232143699032,57.355683801354566,0.019141064389520412,0.05717748383232133,406.8,gm1_infantile
1.8948969885934723,13.472373909216884,19.339490427822078,0.0,0.0004502662158447226,1.9168992808827872,9.269149985294662,3.7171428413807024,0.0,13.89216642882737,142.67589605837662,125.70144160252586,1.1780578489125173,113.87524384468077,56.81574474121495,0.019469023562837657,0.05717131646564913,407.0,gm1_infantile
2.995565604689536,13.868165950879092,19.86827766324877,0.0,0.0004355967427639152,1.9190084895970945,8.87849680947866,3.645841636791663,0.0,13.865795311884353,143.8531822834429,126.5908787150148,1.1772560825126177,114.44565483671705,56.3919000418705,0.020512070164445752,0.057497846840090135,407.20000000000005,gm1_infantile
2.3036538260758412,14.755771588871486,20.717706149540366,0.0,0.0004201474797715966,1.8746025407834204,8.80848367100859,3.620851626076685,0.0,13.85252170806619,143.48006476927318,127.1344018947857,1.1887134733650937,115.14183421205915,57.75269365948282,0.020975598256054447,0.05772421375247089,407.40000000000003,gm1_infantile
2.3856920152190635,14.283976960674371,19.14818949821731,0.0,0.00042148646187146365,1.901881507774351,8.96922951096745,3.7131293265134384,0.0,13.820401171211925,142.51543186899488,127.10228787391462,1.1793031866185362,114.83437081373066,57.9696070235952,0.020872401611640955,0.05766463601046411,407.6,gm1_infantile
2.4477078161937866,14.758223652379053,19.272021800348586,0.0,0.0004076830606517878,1.9412525288898046,9.490302473808871,3.7152317029561615,0.0,13.852461537508367,143.45071183552645,126.73198970555595,1.1965048181679336,113.66717863098845,57.416942370098106,0.020997494052744092,0.057752216995176284,407.8,gm1_infantile
1.8960965828864087,15.812008079150589,17.73722307408984,0.0,0.00042364914297504425,1.9176371263927614,9.369495281096116,3.469609715625563,0.0,13.87014590570725,144.59780147030634,124.97246170701062,1.1979476113172705,114.09063276838789,57.44142602156328,0.020444107382209035,0.057792111378555826,408.0,gm1_infantile
2.9023715346556718,14.23043792385314,18.115525174815087,0.0,0.00042749281224777926,1.896419110101128,9.603680242694027,3.5692212768466023,0.0,13.895098179003055,145.37080873135815,122.6746873288065,1.1978690586227434,112.0132073449991,56.79805976229886,0.02131304718440586,0.05642515316499376,408.20000000000005,gm1_infantile
2.1240800807395845,15.049786069755829,17.358395185577265,2.485201870953957e-10,0.0004146369911376288,1.8791132940377384,9.985650261736408,3.4409661976347192,0.0,13.903839426137454,143.99624704687653,123.07235321725634,1.1998065175195105,112.90618911566023,58.206059040371485,0.022579835998466486,0.05695416496017503,408.40000000000003,gm1_infantile
2.293472689250175,15.40728256561194,17.002128478860385,0.0,0.00041244304518114384,1.9129440784883416,9.660753753105103,3.364618823005356,0.0,13.915107553300556,148.68868042926758,121.73995144866493,1.202993705994855,112.9944937448949,57.95234510276286,0.022506580188361647,0.05630620536332125,408.6,gm1_infantile
2.5723837121031923,16.058676831834152,16.50154188638814,4.491065786214732e-10,0.00041306430055566606,1.9119909263099975,9.680561938997467,3.3582248871996927,0.0,13.86281570593087,149.43796002118523,121.4285856498601,1.2188519695086677,111.73771478834128,57.087092690678446,0.022851564564872154,0.05587709002647107,408.8,gm1_infantile
2.005383706674154,16.14086713520836,17.819129962819154,6.824039661789329e-10,0.000415110713682665,1.9366189726294794,9.678063003542942,3.2316355630067664,0.0,13.922820209260843,144.92116101943992,122.19820824167415,1.1955252311010611,111.7932749930914,57.13364528564376,0.02318657434731263,0.05608224809023883,409.0,gm1_infantile
3.0821606138669426,17.121782188219246,17.498078242420362,1.0719559942898745e-09,0.00041045337313102464,1.9169252174098617,9.428159559282815,3.370721827040303,0.0,13.847323871750143,146.0022165243421,121.49088425700783,1.1923451966383822,111.5367218212976,56.86172245136781,0.024593416861842268,0.05814784457811745,409.20000000000005,gm1_infantile
2.457287944501845,17.470784095816335,18.27215330386007,1.0799950746279247e-09,0.00041626529692535206,1.9331839314422081,9.534592501453364,3.470411995764183,0.0,13.848822347499949,144.11512618589822,120.09395454305334,1.154241031758191,112.31435065798726,57.40912880136068,0.025143826651467516,0.05667167234886038,409.40000000000003,gm1_infantile
2.5761545570534543,17.459468571016316,18.737674804682506,7.89666703609189e-10,0.00041137772733519163,1.8772320576520103,9.415925716607596,3.4697821994344658,0.0,13.796402572905341,143.15619427302354,120.36009754648394,1.178111550326581,111.1390182559175,57.77218650642507,0.02477512808495042,0.05605071527271085,409.6,gm1_infantile
2.5921113780397196,16.5237338353859,18.182193841810296,1.153970911823105e-09,0.0004027432696184204,1.8440211480188178,9.547523677155493,3.4776429938183044,0.0,13.803929820820901,141.26078030080197,118.92119975276682,1.1956582901554906,111.01005054532554,58.21921813829812,0.025408374017473843,0.057062503270787324,409.8,gm1_infantile
1.8924999763811543,16.468058063319365,18.88114659246045,1.2759513977333727e-09,0.00040269153426200204,1.7878863576204387,9.47347994430702,3.497752915300396,0.0,13.828137745287515,141.0763117533374,115.81011064369436,1.188437044663648,110.66850184904908,58.09890632142551,0.026172132405204045,0.05774605895339955,410.0,gm1_infantile
2.876959727848678,15.112779545358107,18.467111279429417,1.2444060279638965e-09,0.0004100151380972876,1.8413006607488203,10.033337641440257,3.4759595730307193,0.0,13.840993593527989,139.06584416804438,112.92380200313262,1.1927625625374862,108.5482234062147,57.42054455200925,0.02571709995943629,0.05796918422878913,410.20000000000005,gm1_infantile
2.3363864154866,15.275161043724845,17.817651052740676,6.463198998552898e-10,0.00041249659293282143,1.8393856558108104,9.949079510118159,3.5999480476562424,0.0,13.819501736258161,138.6566522447875,112.09531286788318,1.2034667890684623,109.3220074503208,58.220163280309734,0.025951316892312292,0.05775957668442396,410.40000000000003,gm1_infantile
2.442323504081633,15.687484318493269,17.48091149365418,5.855095591656493e-10,0.00041547144698133123,1.841101453379664,10.100626810339719,3.528202883477605,0.0,13.785035429243829,139.5249818974626,111.3891162669041,1.2228674122943364,110.71775046362603,58.199566195568515,0.026812402967209964,0.05745802388474651,410.6,gm1_infantile
2.5891149757665306,15.129774951494062,17.63496622211293,2.3100448335272572e-10,0.00041388663179591943,1.836563245639936,10.405156198921613,3.4764359360578716,0.0,13.742189270949188,140.00706929818506,111.84411008437321,1.2334028569917792,110.03979635329691,58.369728725266526,0.026417416705272537,0.0598553311060219,410.8,gm1_infantile
1.9318942727045474,15.100341426452525,16.936011948970613,0.0,0.00039936397855368493,1.8558928888735842,10.271019365225843,3.4192807335579194,0.0,13.751236501199058,140.09115952774562,111.90634602860393,1.2224913399207664,110.77189796851866,57.833692228672476,0.026401078702799213,0.059606377940713384,411.0,gm1_infantile
2.8922272207611432,16.78896477932625,17.214344151697663,2.550840144263246e-12,0.00040069676774766517,1.9223689016786623,10.644449800740787,3.47182456233975,0.0,13.734009089681672,136.78592853733628,111.37855801779324,1.235033968974804,111.80444570607855,58.29630484427261,0.02604074143092874,0.060283369442281194,411.20000000000005,gm1_infantile
2.3182159168053085,14.999421348832632,17.31958923542015,9.60205008587696e-10,0.00039639083741406625,1.8345742231263973,10.438000354125604,3.310383047991821,0.0,13.696160235853222,138.56142463743464,112.57695652630913,1.2421249391305853,113.75038655532613,57.83641466007336,0.026026573678811955,0.0632512640849681,411.40000000000003,gm1_infantile
2.4767418722016576,15.514174811115996,16.55836644426048,7.3773578619953e-10,0.0003859160972471883,1.887623912531995,10.063060283833838,3.425792240734227,0.0,13.646836215406342,140.75071492343503,112.20799091180777,1.2218826640491416,114.37647297021492,57.18425457087736,0.025850564680339094,0.062474185827331025,411.6,gm1_infantile
2.5184300956045265,14.60793854276552,17.01797702897536,7.809379303451045e-10,0.000386531860650724,1.8723486005382368,10.134616185787172,3.3742847489286136,0.0,13.698817333939681,142.4712981966253,111.39133323348527,1.1991637488167175,111.86922533542743,56.685011088873416,0.025856236653372576,0.06257474187352734,411.8,gm1_infantile
1.9230657894616947,14.96323188771218,16.069096099887002,1.38515200430959e-09,0.0003831868408727098,1.87925639779695,10.01437968181181,3.4243755572796224,0.0,13.668237825415568,140.38814274426034,110.13308195500171,1.1955549376234995,111.1731796659756,55.88637040939237,0.025770869300768783,0.06473211409677321,412.0,gm1_infantile
2.950651213770483,14.84109611367771,16.178411208069274,1.5604310060738514e-09,0.00039350521598735603,1.8842975486297724,10.07712800303037,3.3527766340375864,0.0,13.642143613910154,138.79063325994895,110.44879786982455,1.2222802891911577,112.3503887462725,55.848778991166725,0.025154940614121154,0.06690540115208335,412.20000000000005,gm1_infantile
2.305079926407985,14.780782206109782,16.43972781207728,1.3340085186388632e-09,0.000385262903564439,1.8591849078653802,9.959628273898252,3.2769724908863935,0.0,13.67152042645117,140.0899976399179,109.26587473490734,1.2385036262635427,112.90072554137218,55.59738233881326,0.024419819104709348,0.06734851004160025,412.40000000000003,gm1_infantile
2.534376931164633,14.832412075886044,17.03544712847586,1.1839309566844022e-09,0.00039164876719299205,1.8511347958862163,9.406498693089057,3.248863772805356,0.0,13.704349192014394,139.8448233209663,109.34054580645656,1.2303171895633207,115.36646099637476,56.71977148274348,0.023999910777125762,0.06503343453570536,412.6,gm1_infantile
2.5100816182930625,15.407452207589518,16.966655484781576,8.578887122593438e-10,0.0003923721715588598,1.8078378981289194,9.700248010650101,3.252856785258292,0.0,13.692798713350012,139.13763245472686,109.90761603358368,1.251318155431142,117.16680893789531,56.828565614673074,0.023847193545284716,0.06414407572961252,412.8,gm1_infantile
1.811084421185376,15.45471244908433,16.177032032810324,1.306418580998155e-09,0.00038894748589196864,1.8292432620490668,9.664532123971325,3.2382365378108204,0.0,13.70099386886042,139.78733265283512,109.79572261595676,1.266230185360236,118.2320379134942,55.17983445686621,0.02365818030261128,0.06554927215441872,413.0,gm1_infantile
2.8311873902113076,14.031445205688124,15.946365759669243,1.4290787333188162e-09,0.00038331022611877175,1.8690632657137753,10.243072401329732,3.1191450974107364,0.0,13.63095664156889,141.07678488816535,108.82661789594917,1.2596150894998632,120.11229880231718,54.1986299087541,0.022785616663157517,0.06222787039171513,413.20000000000005,gm1_infantile
2.299624169513415,15.005231177924177,15.58057612886233,9.702750580831878e-10,0.00038889695536120384,1.960452531317056,10.235536197041377,3.0697716203567174,0.0,13.596175695400017,140.42346707008863,105.07489964165379,1.2558797548668468,118.1113367907834,55.11914737158503,0.022243928170131527,0.06325763844259233,413.40000000000003,gm1_infantile
2.42668936599726,15.135617764522028,15.825828450398864,8.665592454871797e-10,0.0003816516476015385,1.9290319547577695,10.41339402604122,2.958844091837405,0.0,13.599878012719154,139.83092899385403,105.49828246793383,1.2470802384390822,117.89467523245615,54.2822528368186,0.022382746440466575,0.06308092363752822,413.6,gm1_infantile
2.5388051578437736,16.43978247871456,15.139537418610793,7.389571471337125e-10,0.0003661966811823569,1.9450096560235932,10.444745517610654,3.0170704805198683,0.0,13.582000483011072,144.63604590689133,105.59706030917717,1.253356033363595,116.1677062162912,54.92774858195686,0.022272169350102743,0.06364722940590722,413.8,gm1_infantile
1.9819211944379511,16.378393556028765,14.6133392101775,1.731159910312123e-10,0.00036148368830646625,1.918276814790206,10.162997934060607,3.1875019499747794,0.0,13.526235856015179,144.9590666131535,104.49102833541433,1.2607662596184528,115.00077138443588,54.52640647988902,0.02270826687810764,0.06475771253881861,414.0,gm1_infantile
3.069822943562221,16.105565666872916,13.633055711318988,4.893458563495581e-10,0.0003675187238550262,1.9368446321059833,10.015973109358763,3.136213657862137,0.0,13.499155856501526,144.38446580473018,108.69202229493385,1.298539773078316,116.30500778483183,54.040171095997344,0.022294771926341495,0.06573503633664737,414.20000000000005,gm1_infantile
2.5038296048179247,15.81410092250303,13.321303010412194,4.4675031055693137e-10,0.00035471955195472463,1.887190398557405,9.764245995465236,3.226357153828662,0.0,13.533214622155429,141.0839910454562,106.54018642925253,1.3074756262762666,115.0231241052906,53.461766152714596,0.022756645933702038,0.0648588221046911,414.40000000000003,gm1_infantile
2.562937467708581,15.641015669974454,13.17551237740317,6.482662629206864e-10,0.00034374435916157753,1.877786534210118,10.155945816078908,3.459803289306343,0.0,13.542930474001675,140.76356549941198,106.43910332240903,1.2947402147890148,116.26543348457112,53.96994516572055,0.024026816528524588,0.0629036051885521,414.6,gm1_infantile
2.533912370099039,17.515788132506092,13.111915201809456,4.2031699634430587e-10,0.0003437333887149036,1.828503991551119,10.328022591694534,3.475257718756706,0.0,13.568603477323329,142.59090221500432,106.75160741495493,1.3240520881558515,117.22999418870495,53.5836713741418,0.023543270943240994,0.06186598293226722,414.8,gm1_infantile
1.9600449106949487,16.296838125732695,13.217091637514153,9.373406272079319e-11,0.0003327758409366151,1.7902314972749382,10.395585568180648,3.5771026971160462,0.0,13.505458565171091,148.7858161569617,108.4003801286649,1.3418087017635945,119.86818235486793,53.65005115772074,0.023420677942453852,0.06370552462145185,415.0,gm1_infantile
3.045195212364803,16.754580615271237,13.730411817114359,0.0,0.00032945120409472097,1.8427413558550993,10.70262826973293,3.46622367236408,0.0,13.551770408254278,149.704748392814,108.69499796281993,1.3467151413483045,119.76460392345284,53.273689350830544,0.022936797585009498,0.06509459546488883,415.20000000000005,gm1_infantile
2.396858473423027,17.521277910014255,14.046672945390483,5.670045774737152e-10,0.0003314172998868586,1.8670932629514954,10.804308092538808,3.4058865989228937,0.0,13.569353419283445,151.07574917579555,110.86347014468257,1.3393477528397888,120.16731149240898,53.18262572184939,0.023734687722342815,0.0655769884334069,415.40000000000003,gm1_infantile
2.527248668618891,17.450488381428208,13.891063193599738,1.0690031196817151e-10,0.00032079416269750885,1.8700296392543638,10.86228518154398,3.4502662348126747,0.0,13.571868359968207,150.36950868540578,110.57936792585059,1.3446366254306659,119.59681017259966,53.949046589451164,0.023676596280092756,0.06587869044244928,415.6,gm1_infantile
2.559287514482225,18.467368685835982,14.801939762357538,0.0,0.00032231932534785977,1.863365220295037,10.985217479294896,3.515542732797591,0.0,13.594631180858359,152.631415796979,112.44002407560421,1.328562599377364,119.59103144317183,53.55878069665808,0.022632310582419934,0.06490223059738325,415.8,gm1_infantile
1.8844522000521227,18.76930035664286,13.745735712723452,0.0,0.00031722728903887324,1.886185065420105,11.867635807085446,3.55985852234972,0.0,13.573697346910938,153.97665042928048,110.45134297406662,1.3492290603576267,120.073427388909,53.468961794852945,0.021746033535146748,0.06618402953677788,416.0,gm1_infantile
2.895926342193235,18.741537153398735,13.673809816758846,0.0,0.0003142469443886142,1.8426998729978772,11.6582689177193,3.611741229434404,0.0,13.572838126631934,152.1476523971588,109.52586933155179,1.338039181287893,116.72369980085814,53.521809240607794,0.02090329774671375,0.06622786988484376,416.20000000000005,gm1_infantile
2.174269886986149,17.591398440277565,14.11469749497372,0.0,0.0002999461320206347,1.8213523285081168,11.756988343636793,3.5653349105394847,0.0,13.579942306546876,152.23264744981503,108.10704395749546,1.3394094009182942,116.3288257071628,54.77423635782454,0.020809369445208434,0.06635898280918352,416.40000000000003,gm1_infantile
2.34950820451647,17.20498721335819,13.65221513366328,1.1402021653997206e-10,0.0003018262928228136,1.8874811846956312,12.010206554793834,3.658683924757203,0.0,13.558690830865084,149.6783926388461,106.69299807314776,1.3528466175856737,118.62177959798562,55.311230214598105,0.020686191332007036,0.0688242949176147,416.6,gm1_infantile
2.4467804459729794,16.13966490846993,13.797253076764415,6.1658231910393e-10,0.00029490241562501335,1.827653308550428,12.013229951069542,3.736042504765361,0.0,13.588050142769243,146.96264506240973,107.77480466806443,1.3178559594580024,116.3489829009312,55.76499336973129,0.02121083684129347,0.06873841246358567,416.8,gm1_infantile
1.9948266892334543,15.295215797538837,13.132825781600696,4.371223365435365e-10,0.0002913514006403193,1.8339023456034342,11.782609354337852,3.7971951431875306,0.0,13.636853490774044,146.01373624956017,108.29604254952862,1.3297432986800817,116.39151073527881,55.5977206655063,0.020208033555444163,0.06879497494210883,417.0,gm1_infantile
3.0383426023462654,15.19799881435209,12.641385952680636,0.0,0.0002930797017555608,1.8319349693826423,12.2464020079652,3.651197770037191,0.0,13.596315661356154,148.05493452182088,110.14303059234426,1.3655285164935294,117.26318119088928,56.181139246095675,0.020361719218267904,0.06961043323048657,417.20000000000005,gm1_infantile
2.3787702143139766,15.875825029216797,13.88197067426704,1.729764197645233e-11,0.0002919914827384652,1.835371489284422,12.198437333188814,3.689542630582859,0.0,13.63083391885866,150.15379943343123,113.41736168117458,1.3659277633053182,117.76789666675714,56.35674485583489,0.020408131642404913,0.07131887602621508,417.40000000000003,gm1_infantile
2.4073462367742358,16.285098099903657,15.126957281705034,5.594383078549307e-10,0.0002990163693485301,1.860123062353023,12.001957429744358,3.6226031559249976,0.0,13.595871891921368,152.0747460030111,115.6927823446263,1.3747312355363839,119.09403413092953,56.567502420430216,0.02062455542076393,0.06794819515270174,417.6,gm1_infantile
2.5309139931179017,15.92563496310548,15.021720094302866,5.675076866082344e-10,0.00029299917965039217,1.8215943182571137,11.757084270423332,3.489683234809992,0.0,13.56465598865708,149.16895141304533,116.53148800057728,1.358924139486566,116.1989254010384,56.25138079895507,0.020072316419396018,0.07013034282144666,417.8,gm1_infantile
1.931717336355978,14.76320784364739,15.32516609984,5.222413910808475e-10,0.00029019482396793356,1.8705690066217429,11.466485296970674,3.612509856474136,0.0,13.5637940163886,147.68176277462527,115.47467184169216,1.3518953501627602,113.32720775609184,56.502499566041806,0.02007993632522885,0.06774782251586783,418.0,gm1_infantile
2.992372485895311,15.923866560497546,14.75573412980326,2.0571716522710205e-10,0.0002962763229077904,1.8810142681750068,11.435030481542434,3.6960639698265756,0.0,13.606883826591334,147.66055161723818,116.15369605206767,1.372771800028632,109.74227754545831,57.356766281789525,0.019810381678706603,0.06843871765826577,418.20000000000005,gm1_infantile
2.453929265522747,15.802742842567318,14.382946059201235,1.179235587218098e-10,0.00028555203720147774,1.9533404067490323,11.432969017737564,3.8583064160764318,0.0,13.607612362249325,149.55512665577461,114.46389006465301,1.3715441602488938,111.18108512544033,57.17747083462574,0.019554136627457256,0.07009525245689692,418.40000000000003,gm1_infantile
2.627398093172643,17.212333719685184,13.888722401366548,0.0,0.0002813432150391217,1.975326713448043,11.065360992938473,3.7095900574585134,0.0,13.578788326968104,151.3444355194341,115.74895835028758,1.3631963472831763,110.99131421514384,55.247531022562285,0.01931227516251568,0.0719989387389158,418.6,gm1_infantile
2.6512022086961013,16.252041201733803,14.752377625853576,0.0,0.00029004193449216,2.076651812394399,11.03804449854059,3.8150417533839422,0.0,13.526572209378742,149.7323289684341,117.05501740949484,1.3637127763868058,110.81747146810574,54.29208229668784,0.019215010252246992,0.07089503396321328,418.8,gm1_infantile
1.9614491299251582,15.45507945649965,14.812277600687553,0.0,0.00028876699043210144,2.0084682269054954,11.165402907730911,3.787881095657573,0.0,13.53115403972789,151.62430640071477,114.82660181634519,1.3651771513086604,109.01342077562217,54.352908142824255,0.019062016831123265,0.07078154492023239,419.0,gm1_infantile
3.023808329996098,16.092076720410287,15.461374728546753,0.0,0.0002921158175398496,2.0233644822225245,11.043674540786453,3.7630533597032505,0.0,13.573119896567276,153.27730656313946,114.3366343650388,1.3581645847814072,110.5413674360991,55.33553891868921,0.01915522836864019,0.07175766620085156,419.20000000000005,gm1_infantile
2.4537859268582385,16.08305523377792,15.426105754198804,1.2529909983352488e-10,0.00028808558773494246,2.08236218285864,10.902495143014193,3.730561002731717,0.0,13.51642644771002,153.71114941100163,113.35602544538004,1.3585684612107816,108.88028407406112,55.053587997957806,0.019123890782744242,0.07206616989304976,419.40000000000003,gm1_infantile
2.5988381141209738,14.227515841645213,15.247299865448205,0.0,0.00028644745558899725,2.080022927402731,10.641635540311468,3.533007399239378,0.0,13.486105819184537,154.0,111.97404165029373,1.3715153153980097,108.93092127340292,55.05850878133425,0.018976939698767105,0.07133854980624338,419.6,gm1_infantile
2.645897516316194,15.272710761389735,14.105732593278217,0.0,0.0002920780903365051,2.1072263006276364,11.02424357211559,3.503070276667995,0.0,13.452435850948941,153.37020160741844,113.16052978408723,1.367025375544534,108.57688069133805,55.34637464960473,0.018947132527678857,0.07056471530758143,419.8,gm1_infantile
1.9529527700758837,16.155207001098322,14.71147624101571,0.0,0.0002882191246807888,2.1289653673784783,10.665551815377963,3.514826667415573,0.0,13.415582220995006,154.0,112.67995543884335,1.3768294163538772,107.09132067773119,56.50373044295815,0.01974866169521687,0.068160614002178,420.0,gm1_infantile
2.9726163997072814,17.26594161731074,14.338183964026795,9.315687064767386e-11,0.00027636819440747924,2.095616449947567,10.734250625416736,3.430352487055408,0.0,13.369892980588462,154.0,110.712342184041,1.405629258924811,106.26122210931294,57.10194664507074,0.020017880687369802,0.066604635275373,420.20000000000005,gm1_infantile
2.287474603446426,16.936608510874166,14.060405232989236,0.0,0.00027851251782636823,2.0665047419989486,10.689008908199884,3.510547012517003,0.0,13.351030507337278,154.0,111.74778635228145,1.3923263081127684,105.67641310605886,57.859088644289834,0.020325504089735262,0.06433489863146767,420.40000000000003,gm1_infantile
2.3719912112424666,17.539843890900663,13.31195552953713,2.654505106926408e-10,0.00028964531277825896,2.0769943515635614,10.42538643019793,3.5107305853873547,0.0,13.353683288899305,154.0,110.59396625757478,1.3789662946096157,107.11298067005383,57.291398383491114,0.019139440772256194,0.06382859174558646,420.6,gm1_infantile
2.5037776824441367,18.519334975319047,14.336075157989372,2.265253883890885e-10,0.0002927113770526472,2.0781195724222954,10.534726110263225,3.476916330344485,0.0,13.331605309235883,154.0,107.14463217420302,1.389718464974481,107.7116599111283,57.56225371036361,0.0185979962899939,0.061411809147747326,420.8,gm1_infantile
1.9377120535628356,19.853059216614326,14.478011432170435,4.872707374319296e-10,0.00028848405646473847,2.0871694843422404,10.887625322810049,3.4321191316820636,0.0,13.282667183964005,152.72480623589115,107.98279378572754,1.425731111635423,107.86786100454671,56.75296255371097,0.019355591245752608,0.06117479162639094,421.0,gm1_infantile
2.997228283335578,19.294645407983225,14.598079851041591,2.319352948869974e-10,0.0003021889827243363,2.1287969149850516,11.398784442267655,3.347431451741288,0.0,13.273670153087394,154.0,107.56664591600972,1.4458337746786152,106.53093533630162,56.11217192337768,0.01927866914840339,0.06406493215878366,421.20000000000005,gm1_infantile
2.4188422672783414,17.31509085969115,15.050372662195624,0.0,0.0002963343616049452,2.1448718291256634,11.783178015950629,3.459842594472884,0.0,13.283633671809792,154.0,105.3695140313236,1.481341126381705,105.63312907469383,56.29820919943335,0.019023737705235466,0.06236349563870492,421.40000000000003,gm1_infantile
2.5477499255452662,17.513174220917413,14.928603242714825,0.0,0.00030535873330200173,2.2272163984127387,12.111562895923493,3.4587029980094774,0.0,13.30197632531595,154.0,106.5244737055787,1.4582127097715167,107.0004983946391,57.47876522316829,0.018568697643399308,0.06326051470583118,421.6,gm1_infantile
2.574760361513927,17.411849395515983,14.266196417973154,0.0,0.0003017282061942526,2.240109573152341,12.293347922800825,3.5330585320842167,0.0,13.312385310951004,151.733907768081,106.42710753919968,1.458386632872225,105.8453498042017,57.895387544339876,0.018463558773004717,0.06341328836459817,421.8,gm1_infantile
2.0289606903234914,17.020015997714115,14.794570494130328,5.854612360189109e-10,0.0003099113166912521,2.2289653536800316,11.85633269878006,3.4172937120942937,0.0,13.332522437474275,153.2598545717381,106.65649589009075,1.4310186174661554,105.49666094404805,58.95955408005502,0.01867662056094496,0.06446721159387395,422.0,gm1_infantile
3.19317044616324,17.228476417661902,13.385121306929419,1.9257190134472976e-10,0.00031071888200654585,2.2260902205668964,11.70245672440006,3.367516084122725,0.0,13.343371427308798,154.0,109.2245629044473,1.4636069962721625,104.3212785307564,58.92140912199989,0.018505208050050192,0.06525898018581237,422.20000000000005,gm1_infantile
2.487165423507952,17.153799747751034,14.282698590926616,1.602635305977957e-10,0.0003102623404942538,2.2389715438906714,11.830718711827423,3.403921840146514,0.0,13.304767815503372,154.0,109.12842347639283,1.4570177897850638,105.5618722693118,59.93323998608006,0.018221547711835297,0.0676989892984752,422.40000000000003,gm1_infantile
2.4962173405196344,17.69954320499656,13.69403873201034,0.0,0.00030936081952713773,2.2193436854732207,10.857856011317189,3.425805501975513,0.0,13.299677625750236,153.49181229555057,108.6387832296594,1.4232663051406507,103.18966539290037,60.55674675247241,0.01862073984377482,0.06853787464672491,422.6,gm1_infantile
2.6026938014232406,18.434767080681464,14.139892446588991,0.0,0.0003095887397511526,2.203923455664742,10.729537610325748,3.500185631818693,0.0,13.229783594279565,152.95565292756675,108.24680480522514,1.4451845221036463,101.38084311653716,58.14793026426361,0.018925009588581704,0.06995800646822836,422.8,gm1_infantile
1.8769642313775055,18.287450984469885,15.1447163044912,0.0,0.0003089733192618273,2.2203385050857163,10.288263709867511,3.408701807018255,0.0,13.224619526931495,151.33146759185618,108.60447610578981,1.4570119822603351,103.47373584701094,59.97712481474563,0.01897174094710504,0.06939155058231884,423.0,gm1_infantile
2.9063982308191147,17.200129803370494,15.420702347257706,0.0,0.0003112600601096987,2.1798715477131094,10.135211567159356,3.414286767118363,0.0,13.167657781963042,151.2976786784999,107.49831303560384,1.479648795093496,105.00911480809256,58.14202296152899,0.019273326522333403,0.06992583233467489,423.20000000000005,gm1_infantile
2.1803431498290036,18.111173989199774,14.498071489266191,4.2974395755781135e-10,0.0003054722349318869,2.1178188103366415,10.718893070370061,3.2467173632947213,0.0,13.1494153946563,150.3727503172804,108.56733111972463,1.4801069921103691,106.59819278513443,58.4141706323495,0.01852366485677289,0.07071790957743511,423.40000000000003,gm1_infantile
2.3528841435401673,17.415000825539487,15.89019452375866,5.978909984271785e-10,0.0003106742372284757,2.151566511478012,10.58095397361439,3.3042766992228847,0.0,13.132751521774647,147.9294241414918,108.65279818496937,1.4912496823160912,106.76854353428196,58.251609227397225,0.018494521059448932,0.07019176555505156,423.6,gm1_infantile
2.5554626820558544,17.632112134903107,15.47362336542544,8.346015368863233e-11,0.00030798691346490723,2.1258616537165658,10.382964168000356,3.37549332254606,0.0,13.083142745268205,149.1736754077831,106.42313046881512,1.5044847243002237,106.24152061603627,58.30038898153933,0.018443830834922462,0.06988642108205936,423.8,gm1_infantile
1.9548356459712715,17.705513922990168,16.765061260353367,1.0100726659800846e-10,0.00030838499736183205,2.095482383642512,10.48132115664606,3.268198968029309,0.0,13.039496127295134,147.50063359396395,104.17880070566268,1.5122543169191265,105.78928604176537,58.820015254928734,0.018005580216772624,0.07064897476779587,424.0,gm1_infantile
3.006729749292201,17.782617922508823,16.693440276710334,8.513798198583422e-11,0.00030085844219532255,2.052030600488065,10.62511105014595,3.2331731207169456,0.0,13.084503637339669,146.61144823767208,103.40377268680369,1.504985388682867,105.99257758377699,59.28516535754026,0.01795485356692946,0.07393516265772812,424.20000000000005,gm1_infantile
2.3798441952964864,18.629967971454075,16.575230870804976,4.4684654172263486e-10,0.00029820201102696256,2.0249919126300115,10.880540191461819,3.2361175946600005,0.0,13.112968540156183,146.90144268557145,103.2564047568771,1.4936535646562985,107.65348268125739,58.990569993036196,0.017895132733139387,0.07433382539885738,424.40000000000003,gm1_infantile
2.508122246173509,19.60187863135102,16.456844140730627,9.869771786171586e-10,0.0002952805606768326,2.0349787405824307,10.81725437825655,3.4351495271834334,0.0,13.105046308210067,147.14293167868612,102.94557600524173,1.4995408745867687,109.57115813362796,59.085039099510425,0.017929927125629828,0.07387630976135988,424.6,gm1_infantile
2.562313695874056,19.62882839349722,16.42272084084057,1.4097524642327938e-09,0.0002877610525735057,2.085120143068029,10.765641062869683,3.4391518669722725,0.0,13.121228660475174,145.27322898409471,103.52206754081962,1.5046103784489697,109.21311023328722,57.44794957825177,0.01877791952836914,0.0720782576282127,424.8,gm1_infantile
1.9637147683653668,18.810331115991886,17.172447951619475,1.2049989200423908e-09,0.0002817401575930094,2.103890615039591,10.385358060882195,3.3828175630244393,0.0,13.16521861544223,143.43138831153402,102.73709494151854,1.5111017775037325,106.45451782151339,58.48795190743793,0.018321812515623297,0.07130146850703169,425.0,gm1_infantile
2.999452930581554,18.70403201176766,16.367462369875398,1.8994092399963832e-09,0.0002647867711260485,2.058523636436983,10.19990632322183,3.280217848519503,0.0,13.116194053733626,146.4891458312421,102.41828326295149,1.4830467199062825,103.64207826598096,58.29925330315948,0.017996362967543537,0.071605072936161,425.20000000000005,gm1_infantile
2.3158201629695623,19.742269626870492,16.20500010831682,1.6795046827372565e-09,0.00026948660792445865,2.0634492595890994,10.426654240055324,3.385681941097321,0.0,13.117020747943684,148.17376925482512,99.1684626599068,1.4805816315818983,103.48332146192259,58.57321717306841,0.017637423308553075,0.07330572506201183,425.40000000000003,gm1_infantile
2.406495322810226,19.14254232787077,15.702108817657336,2.103169397766288e-09,0.0002560668659071766,2.1269241895053392,10.848969932842037,3.3261316322420336,0.0,13.120541776378479,151.50609423032262,100.51193215146436,1.5243494542434721,101.49213703135663,58.703295427217384,0.016931944829750033,0.0723838268263228,425.6,gm1_infantile
2.637369449698904,19.546612995637428,16.38134900879242,2.2196890739812947e-09,0.00025757086264924613,2.1035147375175436,10.61414574036082,3.266164566590927,0.0,13.117839902541938,151.9907540898589,99.75125423468153,1.520831177414921,102.38402466424327,59.38323955872281,0.01644742566428531,0.07103324897955103,425.8,gm1_infantile
2.0498420442017533,20.12731092546592,17.357155097043005,2.6584731465419756e-09,0.00027076008949844207,2.0889677661082118,11.056509527538054,3.1836194933615967,0.0,13.1308888744269,153.0944014683093,101.15631809036466,1.4926534546008385,101.08481777978172,59.451657871685434,0.01653907098316934,0.07434389338806971,426.0,gm1_infantile
3.0103553714418783,21.677005811215896,17.09720325606027,2.479475032603892e-09,0.00026861923959502475,2.0739886844064563,11.165405489734713,3.1557091024285127,0.0,13.12273248157961,154.0,99.33800340812967,1.5037809585340784,102.8692906535326,60.61968038608728,0.016628271180735166,0.07132674831077536,426.20000000000005,gm1_infantile
2.398080127552233,22.79352716529055,16.56315585676148,2.3747679008423124e-09,0.00027039808579944256,2.1378431758915997,11.052621683299737,3.2436838268249546,0.0,13.128290391085185,154.0,98.306723824456,1.5078332952030713,103.06624627372172,59.377576820067794,0.017056528311842126,0.07258672111616596,426.40000000000003,gm1_infantile
2.5086984156612617,22.27551899621215,16.59690705234043,2.5636191918800668e-09,0.00026956892911369617,2.108818411692477,10.854702154704084,3.2362277202131997,0.0,13.137783619151579,152.35638403643375,97.13302350885971,1.5730414453407588,105.95153099926375,59.46853211179071,0.017346876309204968,0.0741869101554406,426.6,gm1_infantile
2.5866891499745917,22.455045571363204,16.423563748970974,2.9724953938720574e-09,0.00027618370813378473,2.1649290831572645,10.902847879674836,3.428843140041681,0.0,13.197758265046822,151.40517013574765,95.53508812206398,1.6153155145309266,107.04343608416238,59.859976956131156,0.017169641334891534,0.07272066846586837,426.8,gm1_infantile
1.9235286601195216,22.471138229869027,16.34340488622495,2.2742308687452107e-09,0.0002856681148551046,2.145036693843136,11.226040854860535,3.333932454671412,0.0,13.226186469378423,153.1062269730235,95.27737211325496,1.6249048441213176,108.1704274331307,59.715505009661264,0.016709835452344803,0.07163621523692844,427.0,gm1_infantile
2.941192443692152,22.21505154726658,17.581377956348604,2.5453033241823966e-09,0.00027928881455075414,2.2130239326081833,11.147878317063615,3.377834222637367,0.0,13.212520900537172,154.0,94.24495599593948,1.6246075710018735,108.99903887835508,58.876360676662834,0.016022398371453327,0.07302964658419706,427.20000000000005,gm1_infantile
2.495969259934911,22.700931624481573,18.088620092866567,2.169102471661904e-09,0.0002874309256779592,2.194370290320865,11.428566713613835,3.3974015784750633,0.0,13.229763940188382,154.0,94.69501140705985,1.6442255990067036,108.09145024307719,58.666231146147034,0.016522054990647232,0.07323628030443716,427.40000000000003,gm1_infantile
2.563127368569287,23.823705586435512,18.762818716359163,1.6780482952667785e-09,0.0002909390347945641,2.19600786142181,11.566128510309014,3.3620438062837184,0.0,13.17541134338644,152.14819106972413,95.72865527128211,1.7013449446920799,108.77613582748552,58.10251510542087,0.016536113380836128,0.07171133961145164,427.6,gm1_infantile
2.7049024934490573,23.69158103432519,19.65749843132682,1.5500209962909741e-09,0.0002972265468274275,2.129424614991551,11.481726302385278,3.3766733494484686,0.0,13.185710720780937,152.84274070811819,97.17165214732944,1.7135142417731175,109.4985524867683,58.77346827265,0.01600731729416671,0.0704401240801699,427.8,gm1_infantile
1.9738842823768574,24.241571813632163,19.98386808915949,2.05042080272071e-09,0.0002983097792132523,2.101910328991371,11.449131059126188,3.1836726366557877,0.0,13.116393319474263,153.50876311234808,96.88714018061411,1.7084704491951643,108.27241271999279,58.227028145268555,0.016222301753335777,0.06814098310358416,428.0,gm1_infantile
3.018138067391846,22.885420847113082,18.50031403990221,2.4609961006406564e-09,0.0003060399234915512,2.078232138768148,11.21513907660325,3.1592870934524657,0.0,13.097521172563244,154.0,99.69880745946753,1.698445985571172,109.90482003228402,58.48420297257579,0.015591726905670528,0.06803265728242437,428.20000000000005,gm1_infantile
2.349974085700372,24.683590955744123,19.763269114323297,2.520784363950509e-09,0.0003131615823720439,2.069348842807654,11.512250005226566,3.1747701360083003,0.0,13.132400651381431,154.0,98.78188374795188,1.6870914882316193,111.14387747270725,59.169269262707054,0.015613169779059981,0.06748826317947165,428.40000000000003,gm1_infantile
2.4804108863855485,24.055410486884327,19.5032757841704,3.24017952594476e-09,0.00030851877434449714,2.08480894043815,11.499642826943074,3.0755186123573734,0.0,13.129723380003039,150.0044733922734,101.30913943790878,1.6772171879592717,110.60150020400634,60.12513555380721,0.015530222407936167,0.06840749756708238,428.6,gm1_infantile
2.537871897684273,23.89829036321695,20.339016430249842,2.8573799590568666e-09,0.0003108697680804945,1.9931670966201456,11.834248968887616,3.0422967383726007,0.0,13.126552460658205,148.05786516805153,99.95610926546547,1.6873053542881693,111.56965044954879,59.38833497720991,0.015685524155101088,0.06919482865894834,428.8,gm1_infantile
1.9080977866470288,22.10042139549744,20.247945592549996,2.9074129288258465e-09,0.0003091396872846011,1.968824587104762,11.928062353583142,3.1747868688853047,0.0,13.117512951292538,153.61756981552256,100.41114984503373,1.6573394931531857,110.95995972504171,58.7643596225144,0.015785441854096482,0.06960040402477337,429.0,gm1_infantile
2.9187475063816084,24.144789843049846,20.227905702534002,2.6646943670094506e-09,0.00029950002516554355,1.9342675043328759,11.483541854314574,3.176460520136778,0.0,13.140233508031926,152.40548395089044,101.6110864464248,1.667012478280736,112.02741689448737,59.454219639923075,0.01647041165384718,0.06821902061697502,429.20000000000005,gm1_infantile
2.340308319979522,24.539012683039225,21.165048736212437,2.6235604674969356e-09,0.00030620650888770075,1.8868808959349939,11.153216250463915,3.1514124056477764,0.0,13.141299975499685,150.8924982166984,100.32587140753729,1.651155606129112,109.57964300662519,59.20065126588641,0.016413035078651664,0.0688239219718726,429.40000000000003,gm1_infantile
2.471737728360285,26.759265004360188,21.880771954628276,2.82005698750957e-09,0.00030741245108239145,1.9019071921678306,11.084553708922643,3.1904172907109594,0.0,13.138945915163093,148.21916291830843,101.32524760193445,1.6696071105388037,109.9043895402717,57.70444266326684,0.016856295895309594,0.06910683740772405,429.6,gm1_infantile
2.545748388733762,28.22157618709474,19.953197784479254,2.777314210099072e-09,0.00030241106955891705,1.9501774676818735,11.150686025416592,3.1399568481730946,0.0,13.066603590198646,149.24238517649638,99.67795225741091,1.658079841448496,109.64802360756616,58.39635435431966,0.01767054348996217,0.06633954491964457,429.8,gm1_infantile
1.960987061213865,31.41807607751966,19.507271372561366,2.4768981474417936e-09,0.00030272555920208085,1.976104779995843,11.334612435511229,3.134856234743306,0.0,13.104820616219047,147.70512188689383,97.21110172039023,1.624813374344381,108.91019082300583,59.55757166944405,0.017168659657140626,0.06856636397903039,430.0,gm1_infantile
3.0440334144538106,31.239487644937586,17.55952706662902,2.0106494838654858e-09,0.0002971808784346021,2.034942814988122,11.13559234950172,3.093149660173438,0.0,13.063287137571818,147.6682242648711,96.24540658220056,1.6833498544083207,107.69164618816473,61.09506027694388,0.016699086597563022,0.06889888886600636,430.20000000000005,gm1_infantile
2.4140029395348455,31.138310580646376,17.82818054762743,2.267609282933342e-09,0.00029870430406086303,2.025263462068517,10.909033195413494,3.1023645037252914,0.0,13.057217699632456,147.83130314619763,94.5191158301401,1.6586957551611037,109.02918861938463,59.247434233609205,0.017115639755969046,0.06797128088301506,430.40000000000003,gm1_infantile
2.610776412579778,32.7906214966456,17.763701296659992,2.11221429455013e-09,0.0003082661580592957,2.0685569927238348,11.181796263320301,3.221827863017822,0.0,13.062919317668339,146.32263103108983,93.19807399966888,1.6609129757535888,108.54637747769904,59.09214981370151,0.016888001719060092,0.06602043854861096,430.6,gm1_infantile
2.7694072605948694,32.588142305377744,16.891245680635578,2.1027709138322904e-09,0.00031762143331068944,2.1009462700663044,10.989061133811768,3.183076948786127,0.0,13.040962474656276,145.04852186605333,91.46613151147044,1.6495011476325168,109.17818763723061,58.742171819963296,0.016933493969373197,0.06838939540888878,430.8,gm1_infantile
2.221387491842748,32.028037061271796,17.82770762139669,1.968546991776443e-09,0.00031282547278372203,2.0558982624180424,10.979922692185479,3.2821000611824123,0.0,13.032299952252616,144.42015660713204,91.86182258471906,1.6537744820358555,110.09934645348154,60.2350027049431,0.016570242082666685,0.06691747042109115,431.0,gm1_infantile
3.196053760622639,34.08997464939679,16.915923285466246,2.015997210120931e-09,0.0003100907958121826,2.0841683107159175,11.140127827983584,3.28561092769815,0.0,13.01283789147243,146.004315804614,93.67518291503526,1.6545230447119776,109.61837086861004,60.09048671488434,0.016829376645064547,0.06678505854477679,431.20000000000005,gm1_infantile
2.4106714579954867,35.47317610215743,16.48251109894488,2.098664254493129e-09,0.0002961019117467534,2.084771532672929,11.082520388886797,3.113472838175815,0.0,12.980537631660244,146.18926914762386,93.24500545426986,1.6204398141302907,108.21782965878653,59.290238993701095,0.01716648865433145,0.06797523397145018,431.40000000000003,gm1_infantile
2.637642594555404,33.90258091423392,16.426746381741342,2.072049687453969e-09,0.00029250061105157935,2.0596989297050876,11.065496404534528,3.188857646422885,0.0,12.963647857279264,143.48189905755652,93.13988450838026,1.628534278710346,109.98550045979671,58.92274240577856,0.017169869786943914,0.06539560301281444,431.6,gm1_infantile
2.6386214306182474,33.76911007038389,15.76315015220811,2.4865969733077745e-09,0.0002947016141003119,2.0232741506308276,10.608249583993599,3.1399653535400227,0.0,12.928126335826988,140.82848886806374,92.93841347327631,1.6432817761184242,109.0623266472843,59.2535186742894,0.017007018343319576,0.06622888940723298,431.8,gm1_infantile
1.9600196391950093,33.77227195638457,16.169865131998378,2.9427590356585766e-09,0.00029715412751979913,2.0292395473227915,10.20352257608708,3.1205578978789874,0.0,12.904088855928029,140.89780195409227,93.32376625724153,1.6481298509425328,111.0442062804599,59.61589203121969,0.01650938377959744,0.06646041604312587,432.0,gm1_infantile
3.0109375394285163,35.490134221993806,16.368016412182687,2.806737326890447e-09,0.000303146531123033,2.0323965383448632,9.795301357899508,2.9970198433610515,0.0,12.854444639480176,140.62179677381866,94.52019955296882,1.6081938881807993,109.55597049938474,58.60232306550825,0.017151701670037,0.06945792781514358,432.20000000000005,gm1_infantile
2.3055895925268017,36.1230444810928,16.939426167077567,2.6252174890882608e-09,0.0002910315460818615,2.114617958869743,9.366074161106479,3.050588850281847,0.0,12.883163192684846,142.26770687030807,93.36876236241811,1.5900932624977384,107.42073340247185,58.73513680451039,0.01738910731203865,0.06870287536561011,432.40000000000003,gm1_infantile
2.4240251099578134,39.360194492113095,18.005355850339587,3.071130825364319e-09,0.0002755699571053752,2.1318922173707247,9.464833599280261,2.9669482146854853,0.0,12.876582240746677,139.76339567278998,92.46293513514891,1.5790554973914999,108.39329745936669,58.15975331178159,0.01717809492690879,0.07022282078085461,432.6,gm1_infantile
2.4328455474636166,39.114889663798664,18.70812194627044,3.137345943249443e-09,0.00027132682258810317,2.088080034580936,9.881676710650925,2.9204698745479365,0.0,12.876874183106708,138.42868996452162,93.8682820512623,1.572255494133942,110.26402541905206,58.49227783007941,0.0169920577293693,0.07192054649775384,432.8,gm1_infantile
1.8145286831589407,37.732179844479695,19.514888341171336,3.131996842992099e-09,0.00026611721340565796,2.0279315196381313,9.887997669179136,2.8945281337369697,0.0,12.864468822890379,137.15225330183145,93.61763890078122,1.5696549499507118,111.42122726757951,58.80521776972975,0.01776931120843437,0.07207324872415091,433.0,gm1_infantile
2.8475235779269763,36.60162445016885,20.317796350844866,3.424188827978599e-09,0.0002730884736204215,1.9879229352155414,10.255498853106406,2.9307216187815666,0.0,12.85831886687094,139.45329474456673,94.27733269407099,1.5434399936008407,109.74450738944236,57.81964585245722,0.017442088225576177,0.0721228933818885,433.20000000000005,gm1_infantile
2.159655425547166,35.224446047261,21.880267638895575,3.960026110578064e-09,0.00028155988869948804,1.92173684247509,10.738841239928677,2.9776610452944445,0.0,12.887646687085871,140.82128709383386,92.02289299758185,1.530166069105143,109.31866741457137,56.7795394566286,0.01779716067515833,0.07440548884831975,433.40000000000003,gm1_infantile
2.325227860257338,35.15694044629655,22.036328747809954,3.894921434504599e-09,0.0002874880171642026,1.858691151975846,10.882566892142775,3.019333438138721,0.0,12.872859438679997,144.36580828790764,90.47957903704058,1.5263085176029014,111.83868011625218,55.80705377242304,0.017577615101659685,0.07439820590889161,433.6,gm1_infantile
2.4730806521635653,34.40570446137149,21.332259204335795,3.958655364610025e-09,0.0002856202469883648,1.8764798987912474,11.167692999308741,2.946831663171316,0.0,12.86524248941323,145.99852647657,91.16229532778803,1.5645297231853816,111.92976334832979,55.496687726802236,0.017338731503598343,0.07261521467013271,433.8,gm1_infantile
1.9253368559433761,31.8845268073821,22.272891013408394,3.778726097823845e-09,0.00027336727621630563,1.9239038576840968,10.200607799603988,2.992021647307542,0.0,12.798784693336502,146.88426806488542,90.4273323029299,1.5588254540831574,114.04854279954094,55.59508983245019,0.017165459317904662,0.07226314039498867,434.0,gm1_infantile
3.036791146060914,32.00963177347222,21.484762909649408,3.5103454240955146e-09,0.00026502777482086224,1.905145908603148,10.673263401248017,3.0167334907378653,0.0,12.810835354251424,146.12791123655694,91.19665000544967,1.5531831944719747,116.36179356749848,54.91171912478768,0.016686511929299267,0.07371857576275136,434.20000000000005,gm1_infantile
2.241252150268525,31.36121231355684,22.36999018510868,2.719802631160847e-09,0.0002642848114240039,1.8515746599538234,10.168853621505916,2.9719237051578373,0.0,12.790342629053187,148.3327837964102,91.37999823135885,1.5425278300804914,114.40046622783957,55.07154436502984,0.017435913477289525,0.07249198420336139,434.40000000000003,gm1_infantile
2.3585776137735883,29.133787261402738,23.64523101307672,2.9900167775500988e-09,0.00026053751248609087,1.8286839699095832,9.95563157904905,2.999262073977862,0.0,12.791242520933318,150.926775451851,90.58039210140977,1.4951097281831267,118.53691788788154,55.22418253590546,0.0177038942627632,0.07115096061894734,434.6,gm1_infantile
2.4060983952248716,28.983723863392854,21.599129641015065,2.810661071056965e-09,0.000265454113249391,1.840321519132591,10.074548897436566,3.1909081996284945,0.0,12.73660013722421,150.62393553824734,93.0300857299564,1.4889654192994226,121.58189854707051,55.98107582300594,0.01750411891157099,0.06937835380396816,434.8,gm1_infantile
1.8477119437459302,30.642676891332698,20.154119273834585,2.771156417673994e-09,0.000252485381756464,1.8260972364137529,9.687268994409242,3.2723209806918816,0.0,12.769337026229156,149.53560076509115,92.31966838942103,1.4571063875346253,122.25102238857404,56.34204652787846,0.01783746213374845,0.07032979234700798,435.0,gm1_infantile
2.9164859825806,31.08154285423315,20.90261976089994,3.0325555758080355e-09,0.00024293535985655144,1.8080004272457393,9.348459779379066,3.3325953243737665,0.0,12.794668693869731,148.32707229992917,93.0231587101212,1.4642318540042032,122.65813494053009,55.35415949671142,0.01833058467205939,0.06842803354730051,435.20000000000005,gm1_infantile
2.259034617311371,32.37196198981575,20.65444314251274,2.9750671649700944e-09,0.00024255351207356064,1.807124429799261,9.466167971537823,3.3781738347950623,0.0,12.76878677732954,145.2838787877853,94.34967843154259,1.4851725227996806,123.23420296301278,55.59190235451951,0.01791901176978374,0.06472700346403915,435.40000000000003,gm1_infantile
2.388713986272291,28.716238197366245,20.962113847541996,3.3930216788516834e-09,0.000238203986636251,1.7862130931549345,9.299307934358508,3.405088337342105,0.0,12.73943454614602,147.09533606625467,97.90166360800339,1.5092376458487144,123.06783026458803,55.49237601261371,0.0176750547644235,0.06389089064600054,435.6,gm1_infantile
2.551486047487775,29.920065692075855,19.933769612258814,3.4350216822972423e-09,0.00024318348191640436,1.7721670103237996,9.341963493727922,3.492372459379996,0.0,12.751376031162897,147.6122899474725,98.4726992399984,1.5037011195043324,121.25030026137387,54.33778284650679,0.017873170680896788,0.06397892406386436,435.8,gm1_infantile
1.965934857235387,28.228450054203922,20.125565918272613,3.3710206295123567e-09,0.00024920436433953716,1.796504683852425,9.258611489035243,3.55996704343559,0.0,12.676803032735977,151.08225032317478,98.0355924055104,1.5249656924783912,120.20050402145786,53.74933541677536,0.017616797109928486,0.06427457457989434,436.0,gm1_infantile
2.9974111534366275,28.53817490171246,19.73736154189227,3.294283835498452e-09,0.00024349110726854312,1.8414293426886414,9.035536394833098,3.4914817241809377,0.0,12.744415795123583,152.64267224548976,96.97918753269579,1.5418331852655967,121.0655085974648,53.94645182029957,0.017854368456506692,0.06429097530313037,436.20000000000005,gm1_infantile
2.3558059171540155,26.003846266351697,21.125320204737587,3.0480461096528235e-09,0.00023581325496692298,1.821902579068774,9.022093563706223,3.426063456679169,0.0,12.771921235152549,148.67481936282545,96.37660234435842,1.5324264206041474,120.81885926885523,55.194128618213966,0.01749329746716114,0.06650917793145529,436.40000000000003,gm1_infantile
2.4670738360013496,27.99011079467996,20.802792757875586,2.8124641938521304e-09,0.0002346917482199213,1.8615071678323216,9.158653446689788,3.4601911535669245,0.0,12.746534662152179,149.35584189161594,95.63291563380483,1.5628140118510954,121.5303754562477,55.702943194623735,0.016675345072393842,0.06749904529423467,436.6,gm1_infantile
2.5495187439884663,25.572286315286508,20.918218558479257,2.2387399330487503e-09,0.00023692284301210666,1.9067878015996258,8.814460997916271,3.4631948006980715,0.0,12.689667018098389,151.2087755666692,96.50849856160958,1.6054254149460465,122.37530938288099,55.041279776552656,0.01683163298873823,0.06939556800106454,436.8,gm1_infantile
1.911955087010906,26.522147390650595,18.79649591149074,2.7521821853409788e-09,0.0002401941510437486,1.818781098229321,8.995149650448651,3.2811255355144775,0.0,12.708658973860604,150.93063024889562,98.2194869762169,1.6059766639895283,122.34963579022894,55.85255322002581,0.01666811299908648,0.06928401505708329,437.0,gm1_infantile
2.9532072523157598,26.01229476200754,19.85092298378942,2.441805224025087e-09,0.00023475525923424639,1.7815239455139864,8.6012127642657,3.449077772415811,0.0,12.701594574753747,154.0,98.09331675135535,1.6164991253935481,120.06269224247961,56.90099777815442,0.016586295276053674,0.06765200510984366,437.20000000000005,gm1_infantile
2.244227246141688,28.29659209634859,19.346275580261594,2.032787208279932e-09,0.00023149527831530325,1.7800189727564426,8.764259446429309,3.5130293884958173,0.0,12.719701880709346,153.4236421025485,100.91716079097677,1.6053764838301259,122.28980481363128,56.43206308299369,0.016028820902400473,0.06510644533133132,437.40000000000003,gm1_infantile
2.4052961218255016,29.714024503591304,18.455435946654486,1.668030928365912e-09,0.00023251882621906487,1.7770340116064232,8.751152990498408,3.4127518741994485,0.0,12.737999997500848,154.0,101.00466061253397,1.5823068736550436,122.82427746323158,56.60235444606882,0.015529901315243925,0.06459976150207059,437.6,gm1_infantile
2.5321466492601257,29.17164639852545,17.049259821867505,1.3805301240411531e-09,0.00022788443753683606,1.7920120969297586,9.510461254742966,3.4552130137359476,0.0,12.733142514324243,154.0,102.08626135446107,1.608551520135746,125.15200382426669,56.99952298596277,0.015495599426756414,0.06671058355335867,437.8,gm1_infantile
1.9055213393368304,28.878437132666186,17.036250113285337,7.526581408390382e-10,0.00023348851833451375,1.8108448165136037,9.024673060505837,3.5767271606974433,0.0,12.761033179411688,154.0,100.29335466326293,1.6085763646619315,123.65684225176284,56.058054142930324,0.01576496263640558,0.06722750076901024,438.0,gm1_infantile
3.0086313153491324,27.776714046688227,16.483383623215065,9.271973359573327e-10,0.00022818414900761447,1.7978313995774367,9.267831248231015,3.5776463103880847,0.0,12.720784507900142,154.0,99.85357932991528,1.6213766853504907,124.48062655854747,56.87474542370188,0.015647587968528522,0.066636583302077,438.20000000000005,gm1_infantile
2.2792260391168018,26.741721641616117,16.89245023710009,5.937376011295266e-10,0.00022883132221775593,1.8426784564988796,9.268003079273837,3.470290811131581,0.0,12.68009574893946,154.0,100.0225344345531,1.6049703911692155,123.55781031185295,55.96644797694185,0.015971067440853984,0.06936067965866828,438.40000000000003,gm1_infantile
2.341707110446404,27.928967262647397,16.825877861917345,1.0733179502476115e-09,0.00021866780579050382,1.8470371383176336,9.266100536206372,3.5500881613166384,0.0,12.680441499601782,153.76731401314817,102.19866179368879,1.6005513562028897,125.01891862784781,56.43065036308443,0.01625660245541213,0.06773221799326647,438.6,gm1_infantile
2.501367926885086,28.060609952183153,16.1033385759653,9.174058330278311e-10,0.00022924425075490827,1.8310726695908186,9.273503382853539,3.603062396936999,0.0,12.684139270639625,152.83109275674707,102.80435592581864,1.5985828054713036,128.34917008084432,56.45387604975583,0.0161401659520035,0.06923849072339139,438.8,gm1_infantile
1.8251400895118006,30.37210409545315,15.581456752131729,1.351395724587515e-09,0.0002358582356949852,1.8108667201878454,9.271416110555146,3.6019823561634823,0.0,12.655577943394857,152.59821551919603,102.42297433682293,1.5734944357049363,126.55625691168787,56.53938247269861,0.016144691209943673,0.06799343005424845,439.0,gm1_infantile
2.8859205805681927,28.769718543112628,16.764795100935014,1.2387573907271676e-09,0.0002407152264814278,1.7538575744672091,9.462715577085866,3.6745158999994714,0.0,12.640053509752907,152.27536334187317,103.49820191366649,1.5477661639126163,127.75128935200317,56.76933430246351,0.016015420654970972,0.06759165901060367,439.20000000000005,gm1_infantile
2.263626190433765,31.150238934674142,17.198502904379463,8.692069127427376e-10,0.00023736058707419114,1.7154116823718863,9.106190311957478,3.5764826876150044,0.0,12.675827551898449,154.0,101.9503420173316,1.5312206160290585,126.13795980148561,54.82410817554305,0.015920411066694246,0.06874598560662329,439.40000000000003,gm1_infantile
2.39199064490039,28.60579524153145,16.775201829584034,6.75866787987405e-10,0.00024047499406078702,1.7069514791672258,9.394223047031446,3.597795547567217,0.0,12.648922191436466,152.57561717240128,100.29244809858612,1.5437671019999069,125.63411078698331,52.236728287386505,0.016057732646599987,0.07018792189679088,439.6,gm1_infantile
2.459227381918455,28.96292546526445,16.785107734314348,1.267603685221655e-10,0.0002501837476875304,1.697872827637975,9.569172663590374,3.5678053587612815,0.0,12.653210852253093,150.4484117580993,102.64673345266094,1.561308064424767,126.49746959683941,52.142982683973194,0.015751550805423908,0.07174987494299508,439.8,gm1_infantile
1.903531555497116,27.961231951955742,16.165522448076278,0.0,0.0002492803601909858,1.6874496706363036,9.997879838229023,3.698039134682336,0.0,12.650631207892854,148.14158801406836,104.1608581614306,1.5601227810445077,127.51228673320585,52.97863345213521,0.01551913887391951,0.07035891622323899,440.0,gm1_infantile
3.050220556633226,28.397250065897484,16.135304415847372,4.779884451182036e-10,0.000246508592108356,1.6944650874558669,9.954800804847826,3.722440887528088,0.0,12.62909548768481,148.63517130614395,103.31042632792078,1.5722648570990192,126.96891790269795,51.772561128314535,0.015702143700543687,0.0712956759594119,440.20000000000005,gm1_infantile
2.542034588353286,28.173714328421447,16.449469816840452,5.896477542640918e-10,0.00025114571536268227,1.7208612718810599,10.14860016503818,3.741936546357712,0.0,12.626704860418934,146.09469111998462,101.2913962835599,1.5660363662027437,127.15383830399423,53.52548533970033,0.01562569874659898,0.07129551201171574,440.40000000000003,gm1_infantile
2.5933713853535134,28.778827592880827,16.823230519811815,3.1073354537676836e-10,0.00024446243784931706,1.7056084529821347,10.015283217843972,3.7342980060087276,0.0,12.612277905664069,148.99189416889195,102.92659820422469,1.5611299086088029,125.50300546755571,53.50428182009534,0.015544878302604342,0.07112100636144657,440.6,gm1_infantile
2.6322693962032737,26.84967354895165,17.018672108739523,1.2243511705202404e-10,0.00024199583983691892,1.7055950331788505,10.097547297633058,3.7594878460073926,0.0,12.622154990337492,147.57059161406227,101.47769623721446,1.542582662440206,124.35827196360074,52.58812457869321,0.014933625211608782,0.07185186038945922,440.8,gm1_infantile
2.0772585137671467,27.382333204518726,16.771773142715727,0.0,0.00024200823333027287,1.6543647717004026,10.171198721434694,3.6949310172492535,0.0,12.663726750138286,145.11764816074032,101.04048317451455,1.5400106583727262,123.57113742819915,52.92095372510761,0.014655598573051333,0.0723929906152155,441.0,gm1_infantile
3.089077601928035,25.018380825222465,17.08685075153864,0.0,0.00023475407518014243,1.6601696711233478,10.167696709512136,3.7627642289088086,0.0,12.62306961380055,146.58923250289666,101.47147497018179,1.528194488669907,123.33772223206309,53.47252788330145,0.014519212124623291,0.07582240454684193,441.20000000000005,gm1_infantile
2.5186641210140124,25.045505011787014,16.984271661892777,0.0,0.00023062455802164345,1.6610086028698083,10.461935412461415,3.6520024575631003,0.0,12.649163549362106,147.73530252794765,101.33806102461288,1.5394247126712917,125.50014379952194,53.431197733446005,0.014495136572929885,0.07944494645550317,441.40000000000003,gm1_infantile
2.6158578266124843,23.480496149495757,17.734868511775822,9.014277300875567e-11,0.0002262892366722747,1.6255845979220642,10.623628555020039,3.678726623081363,0.0,12.646376764428606,147.4472072651711,101.29679705550524,1.5498524926003185,122.55134233850274,52.64045648170937,0.01430646163816173,0.08175268147971138,441.6,gm1_infantile
2.8144955799506244,23.311731837170914,17.784779258275176,0.0,0.0002299503500547302,1.6357919065602702,10.79922498501183,3.592445850172016,0.0,12.689163472265754,148.04359186357382,102.69547932307027,1.5511968005463532,123.90121369147403,51.72907718106922,0.013566289918401385,0.07937942365783035,441.8,gm1_infantile
2.089337694486408,22.391792306961644,18.15291470226848,0.0,0.0002288257215162155,1.598595259335205,10.522869153095408,3.636440303989805,0.0,12.689007504019665,149.13933560368028,105.01767225431736,1.5510141808191893,126.939251036399,52.019285578784036,0.013747447332352676,0.08118762444436516,442.0,gm1_infantile
3.1173043058448253,21.20342384914215,19.028119900078583,0.0,0.00022940206917967633,1.599536496130432,10.95400062570944,3.716901587350821,0.0,12.748208376448886,150.8253437317939,104.27542980085865,1.527883088270098,128.53229773419423,51.31924409283164,0.01396576401332379,0.08306673615959993,442.20000000000005,gm1_infantile
2.390462254288091,20.38438381828576,18.551199774996803,0.0,0.00022960772456162419,1.607330070514873,11.254769605253752,3.6675730113815237,0.0,12.71979807588218,152.53257142644946,102.2484294660105,1.560850195095482,127.59412595361266,51.74252673797287,0.014148725638152755,0.0806552532060385,442.40000000000003,gm1_infantile
2.5461499878893457,19.67284026365141,18.21314633986143,0.0,0.00023706689972407587,1.5711725299469799,11.459747067807973,3.643474127255071,0.0,12.785707974758747,151.2402045532398,102.47842886517508,1.5530729264173355,129.34739941568398,51.57754893613534,0.01440718158375415,0.07985678241372167,442.6,gm1_infantile
2.7503202343171695,17.43105124739701,18.43023705384301,0.0,0.00023581175491193385,1.5764232914172376,11.555670022036846,3.71095088795133,0.0,12.835520936939414,145.7301009864255,105.08408784126551,1.6077513823831433,126.29380941922985,51.6187148645607,0.014824240913139813,0.08143030632417902,442.8,gm1_infantile
2.1958951703032237,17.83335022265207,16.67792363852251,5.116901489079895e-10,0.00023818416878893387,1.6154910244212242,11.16238185584512,3.6308474049766146,0.0,12.873550423917662,148.93506722488476,104.09412399471528,1.599084228756911,131.219640676527,51.24517645914746,0.015017370235296352,0.08052657397172977,443.0,gm1_infantile
3.187800147907336,16.942992698651025,15.975708057846816,3.1291911840238543e-10,0.00023428578717335578,1.6038450387982095,11.403258297512783,3.862903044377491,0.0,12.844838104355635,148.96092518006185,102.94486134729179,1.5644001821508011,133.0533128357262,51.30998150595872,0.015044577045589825,0.07704703197929508,443.20000000000005,gm1_infantile
2.44757437957113,15.853116014395702,15.8724747986764,2.914490402556137e-10,0.0002339910200730492,1.5820193135049645,11.224885761363591,3.8708051564021964,0.0,12.827923705995701,147.1060296284603,101.75172133445942,1.5508988962602397,132.1832705880102,50.56870614758923,0.01486252328078746,0.07912555281537538,443.40000000000003,gm1_infantile
2.5284191942918315,14.866826463196508,14.238699161359568,1.0940631115006655e-09,0.00023903364217497236,1.5872949083633336,11.672259644936867,3.9575585206670634,0.0,12.792110703833991,150.93554101169414,101.19380497621805,1.543367888397714,132.18645490220777,50.617963806397434,0.015022227787388449,0.07986014278387649,443.6,gm1_infantile
2.5734966603047904,14.963727936766512,14.504121024621451,8.010183217149486e-10,0.0002458751293343714,1.583900167906789,12.265134699857818,3.840341919998224,0.0,12.766380074182118,149.65486990769836,102.46848894271113,1.5390792418293047,136.8105450193729,50.982930252277846,0.01475747154826223,0.08071025809629567,443.8,gm1_infantile
1.9429228152104656,15.729896634703321,14.222775422562849,8.760140425086455e-10,0.00024592355814845833,1.5832974333674852,12.674431764081177,3.6963667634843516,0.0,12.746092458282112,146.97541678583016,101.35857911610152,1.5268066441002526,136.29247786040503,51.22458876368507,0.014905270980292921,0.0798909901203909,444.0,gm1_infantile
3.0422329283225875,15.348306595362065,12.975205848557321,6.776387841130379e-10,0.00024513786526412335,1.4904988944118174,13.141100349156941,3.736556511402003,0.0,12.71847027102099,148.49999434400505,102.60587967471785,1.5141229996627028,133.75244362160953,51.32399146597895,0.014977861769287098,0.08082365515690115,444.20000000000005,gm1_infantile
2.340323485656684,15.409708189776252,12.953027320527095,1.004905476908006e-09,0.0002514908399967551,1.5311292017677516,13.67467278492834,3.989638297189843,0.0,12.701434328236367,151.59532426288806,100.75820983481331,1.5638314695319189,131.9284833204178,51.94777937389149,0.015436640415384202,0.08157347501432627,444.40000000000003,gm1_infantile
2.358162654360358,14.662119370013038,13.129659492420869,1.1729305585951578e-09,0.00024941858939637096,1.5304226890451014,13.184047731651567,4.223613828521988,0.0,12.723570051154812,154.0,99.24552212818782,1.567002825155259,132.35129396555203,51.77457185897968,0.01572631592414573,0.08028019269855062,444.6,gm1_infantile
2.479448903134551,14.417999463084088,14.511041612708276,8.801903631487733e-10,0.00025254786647381863,1.5776767618971062,12.91576656190804,4.255178999206585,0.0,12.666143533349073,152.3727356598492,98.5292959744532,1.55676417113856,131.74800047820833,51.78591011253248,0.015276688413695977,0.08082994729488277,444.8,gm1_infantile
1.9532658397895275,15.565969793849234,14.23937256189232,1.1683644382333883e-09,0.0002476581238244685,1.565199552883718,13.09666100742927,4.222043070789118,0.0,12.689480281653912,150.6810360870283,97.88951491383885,1.5794059296898106,132.63873015790116,51.91547235835015,0.014749644504374097,0.07867022982232764,445.0,gm1_infantile
2.9974580423236676,16.03739326889844,14.33357064095885,9.314515267134176e-10,0.00024381599897461932,1.5684936900316035,12.705019424994559,4.243272673395103,0.0,12.659362070570591,151.0414586724691,98.70439519262287,1.5869480761691823,130.6016647346006,50.635142443982815,0.014714691615231737,0.07531771006080891,445.20000000000005,gm1_infantile
2.408340825915741,15.267967089093986,15.777827487685245,5.626017284484789e-10,0.0002453168284191445,1.5452477725926406,12.700024337290772,4.2724810408465865,0.0,12.687969747601684,152.52075424513794,100.13231530617232,1.574111325549492,131.68584621347054,50.41587266848091,0.015010621462510133,0.0754338835764645,445.40000000000003,gm1_infantile
2.5483106871400847,15.552002041767325,16.2007957620512,2.3937361787755026e-10,0.00023580311756411586,1.5701516140128793,13.220132437502404,4.2659847635945125,0.0,12.641543037909003,151.24640249731382,100.28168468178562,1.5382675144807934,128.94477025358435,50.535505897462045,0.014775895136393637,0.07477255103528921,445.6,gm1_infantile
2.5979663774677304,14.581564747885567,15.914985704608803,1.6536667951482596e-10,0.00023174850648069613,1.5534200211901095,13.175957215198322,4.361938381022419,0.0,12.58692369287207,148.84065152215715,101.58363906670358,1.5247012600343304,128.74274666190726,51.86958997745382,0.01495380460258553,0.07118873858364859,445.8,gm1_infantile
2.06042118293276,14.803841985535025,16.036594963675746,2.1257267087387573e-10,0.00023554497136668324,1.5485806926825503,12.697966080947335,4.397620095709146,0.0,12.637872595754297,148.12648827948163,101.54959532896606,1.5115873703334364,129.27941949280068,52.19344218816307,0.014695850993610957,0.07183918793922452,446.0,gm1_infantile
3.0645612236911486,14.716073171504755,15.364823900053214,1.3148546591923507e-09,0.00024085598981675986,1.5662627130562174,13.1392186368068,4.42867670816307,0.0,12.563118202022649,145.73393717730113,104.57822757393147,1.536046466287015,129.5769808227711,51.105876067687674,0.01487378718858922,0.07131885224450787,446.20000000000005,gm1_infantile
2.4435550071947243,14.058014611196331,14.908726823855963,1.5928462715502594e-09,0.0002504387769433721,1.5452750133475166,12.82640493735701,4.543017805274004,0.0,12.529505840443345,146.2747770354785,107.57538252790026,1.519197702002516,128.8829571544114,51.19206994279636,0.014684881190404293,0.06848234626164004,446.40000000000003,gm1_infantile
2.5856420261537396,14.286456425889963,15.030558541948004,1.468659032715207e-09,0.0002579915407545879,1.5288237794472905,12.513818396052084,4.738152142634295,0.0,12.524915732890639,146.1444059636464,107.43152537454303,1.4886205390824034,126.79779433184335,51.863754869183744,0.015114768686385695,0.0677747625844138,446.6,gm1_infantile
2.5961275608508534,13.092715200077151,15.553022069242767,1.794812130844308e-09,0.00024118957854664603,1.4614426980303599,12.626773893589641,4.748044893142999,0.0,12.52371116653641,145.67870954651485,107.49041863508195,1.4716847817528949,126.73285187048775,51.40341211121479,0.014827857797576732,0.0649337808862017,446.8,gm1_infantile
1.9635597870821346,13.820605096856532,15.160290937127778,1.5986562789329375e-09,0.0002470319200281937,1.4861091196635139,13.308619922843707,5.033273669065024,0.0,12.491066137777992,144.68388701116496,108.33658291621968,1.5016612142125452,124.90816382426672,51.58841489759687,0.0145348938543719,0.06465337375024584,447.0,gm1_infantile
2.980765042199062,14.103926056315,16.462527736506654,1.7033445111754194e-09,0.00024361914840843985,1.46796774296789,13.294658702735653,4.879983410983483,0.0,12.423618739017,144.2987544149378,108.16091879156978,1.4794644290584336,124.2283542277837,52.37719885650833,0.014895755653134739,0.0638196969810397,447.20000000000005,gm1_infantile
2.366785120643375,13.215253462382947,16.074087644891076,1.7138098293690198e-09,0.0002510437096283999,1.4972551220262518,13.424304736431882,4.737368555448745,0.0,12.413889578564776,145.1954467670068,107.99895221920353,1.5207357107674275,123.17546388240181,53.02962805115197,0.014834448341571707,0.06457036039085529,447.40000000000003,gm1_infantile
2.5703932957378854,11.972412529077307,15.846020175540403,1.3496919972263215e-09,0.00025249138212023056,1.513458083264586,13.29960360900757,4.651794580593509,0.0,12.378318580460851,145.86815695533753,106.83847972594722,1.5366306130095952,120.98622998226257,52.62949859114476,0.014554994039587469,0.06407388060217949,447.6,gm1_infantile
2.718113823818286,12.711804063001303,15.30584664018054,1.1123434638493669e-09,0.00025646615617881755,1.4798267967653966,13.351173374568916,4.560632756611255,0.0,12.400455432549446,144.58369328912798,108.26581599923408,1.5833509584395564,121.95362670157903,52.57373399926775,0.014904713413409725,0.062437994257246665,447.8,gm1_infantile
2.1604305143292657,12.396494515504948,16.692452460065148,8.039590446583978e-10,0.00025919896083077696,1.4367505377728653,13.329028600465156,4.429989942785724,0.0,12.433648427149073,142.24675206655397,107.21958451860716,1.5658911269835203,123.80561789283595,53.3001248167788,0.015301564471883215,0.061284448639968,448.0,gm1_infantile
3.20360185323399,11.96756323176281,15.91862811359426,5.039622543656672e-10,0.0002542871348833266,1.432138626452348,13.094726448189624,4.472475423986083,0.0,12.439713310750406,140.21657538767136,106.27710118555443,1.5531686925508918,125.33935782943787,53.663014089632625,0.015211620946621044,0.06024819694418942,448.20000000000005,gm1_infantile
2.557561966906337,13.488781117283263,15.692455159657138,2.080365536253529e-11,0.0002492411383619557,1.4442780659763077,13.01357453276941,4.385384777167713,0.0,12.441983811050816,137.40333704434659,106.24591177878077,1.555881000426303,124.53447390089515,52.91680917011927,0.015528742665001531,0.058416564435638155,448.40000000000003,gm1_infantile
2.6379447159656557,14.157121237577174,15.642027575200249,4.938492993496399e-10,0.00024193439966286006,1.4217363463406654,12.92671663412584,4.808943014031002,0.0,12.461055031202589,138.6670596247186,106.37733943708876,1.5787524807816808,121.4034478426749,53.11623882078731,0.015644187711812228,0.0597013500077009,448.6,gm1_infantile
2.6218240572008544,13.484684198780203,14.800394870478948,6.2357467674939e-10,0.0002438264246655306,1.3955498077027533,13.690275639868034,4.839300128327288,0.0,12.454990731038313,140.457820096299,106.95196002376754,1.6200359933605057,119.40962620413165,52.02786149860908,0.015353199628992708,0.060382299925479964,448.8,gm1_infantile
1.9682760266167048,14.577661348645394,14.407013819179427,1.0081735207378902e-09,0.00023830282490233068,1.4231933329551754,14.273790729425283,4.765830685487323,0.0,12.462168640880092,141.47642566252927,108.82510726986071,1.6419108322840077,120.20943779523252,52.49874982585722,0.014890048933848028,0.0602640407379653,449.0,gm1_infantile
2.9435489163982043,14.535311789389334,15.04779093194608,9.20519559018754e-10,0.00022431274392982906,1.3945462259093266,14.54564375699887,4.696737921390946,0.0,12.42829323297171,142.24018452339718,109.46866677591936,1.659760622139207,119.13062681558364,53.05489009534693,0.015367545661377486,0.05721638217936273,449.20000000000005,gm1_infantile
2.306819684823411,13.368671578020042,14.36241584859717,5.96976364154069e-10,0.00022302636800446713,1.4018368689526075,14.949626676903478,4.739168590996721,0.0,12.398077704879736,144.3051930668815,104.7430686535014,1.694450641158009,121.27773095926693,53.59319489803321,0.016118876538741306,0.054895385125085905,449.40000000000003,gm1_infantile
2.4781007119616025,13.545952034070885,14.395662565601539,1.9049441899512788e-10,0.00022405611714397685,1.4084478191043466,14.71099500311336,4.736649942417988,0.0,12.386841974407336,146.20317257639485,106.15059019772505,1.7121253187306351,122.81492765670626,54.297202758522765,0.015853202769935484,0.055256457510497736,449.6,gm1_infantile
2.6286234573422744,12.689489122499658,13.410266941909903,0.0,0.0002143368220607706,1.3800678166471687,14.544891873034075,4.937573547715312,0.0,12.344634323277896,146.54754710899616,105.89893461377281,1.6942328371025137,121.80664973618107,55.076742988374704,0.015326505488059687,0.05317893009112819,449.8,gm1_infantile
2.026001696338281,12.443092788807341,14.262305641065403,0.0,0.0002129453730838864,1.3975402774921577,13.964358180755733,4.9822036453091725,0.0,12.372732504911355,145.29802938726843,106.16671914327421,1.6862782127542713,122.44191048308076,54.884931852447366,0.015383025376009678,0.05524908884402878,450.0,gm1_infantile
3.0223737787999023,12.767379102353614,15.651747956942645,8.520573260341523e-11,0.0002007652038327588,1.37884513312837,13.585556974771844,5.097126339092792,0.0,12.401912681452634,146.5168063323658,107.05177656256387,1.6590031972861026,123.23226159417064,55.89474903657396,0.01485954071007909,0.05480098718182903,450.20000000000005,gm1_infantile
2.387349203636736,13.084058966995787,16.51082688564931,3.1397742871230355e-10,0.0002017432763415453,1.3970551802282047,13.943147295720529,5.085535259386771,0.0,12.42912683697822,145.0801418266757,106.9612289028769,1.6338604960495586,124.39931632166329,56.816863154562945,0.014519295260709103,0.054555451280995086,450.40000000000003,gm1_infantile
2.473238520750136,13.973005945901951,17.392432035682447,8.650486540446322e-11,0.00018742315177982098,1.4240336196690349,14.017210832422608,5.069186798087748,0.0,12.418734381477517,143.88114806001522,106.46634639099805,1.6451113101438626,125.8230609317789,58.06181140644807,0.014618978686637626,0.054322329993006,450.6,gm1_infantile
2.6134718908538064,13.367103159133832,18.32767757977084,9.912722628908538e-11,0.00018567063478221958,1.397419375772516,14.29843518981307,5.000535185353104,0.0,12.372134061838333,143.07202985047883,105.67462425526296,1.6547104647002886,125.31692546964365,56.016348815855345,0.014451790770837232,0.05252756707185134,450.8,gm1_infantile
1.9266752344935985,14.261144745754033,16.748256435058035,1.4404267484326285e-10,0.00018278764040178145,1.3779270859424886,13.967930446490522,5.021796632910658,0.0,12.324221588149657,145.32835561843237,104.0239223889099,1.663726566076103,123.2904979146951,55.66204336589881,0.014012667406364608,0.05185533242667576,451.0,gm1_infantile
2.951186176199439,13.389314615970871,16.808501985576008,2.4900047786725995e-10,0.00019340564975747787,1.3989448563796028,14.477315174605815,4.7744769271342316,0.0,12.315762604809661,148.87562860858756,107.55549969645473,1.648829039284775,122.27552133545817,56.060809995445695,0.0139202196225132,0.051602183395901405,451.20000000000005,gm1_infantile
2.3514117903662766,15.700833366879255,17.618035128306335,1.0719473991056848e-09,0.00018477281696789184,1.4240088376852462,14.153384408489158,4.991936299492426,0.0,12.332125111203597,147.4062845679555,106.87300010764108,1.6403372804342884,123.4915962458351,56.35484832412645,0.014338686663308817,0.0534404286356146,451.40000000000003,gm1_infantile
2.427396650378848,16.12954413734019,17.817300748505453,9.557072210389426e-10,0.00018791955244411036,1.4344144725225347,13.975545152225898,4.947295482139021,0.0,12.311802328224775,147.2507515431698,105.04613497116283,1.651163443668904,125.79656779194612,56.38128467310894,0.014613810307336285,0.05357053163712522,451.6,gm1_infantile
2.4743045976879845,17.98582621860399,15.826402954416267,8.7482857300367e-10,0.00018391918881943735,1.4734006956505088,14.096634011607703,5.272796246386496,0.0,12.290597141086119,143.9244933875414,106.63918746165896,1.6330388688482012,125.0365946582385,57.30609099363,0.01492993695792703,0.05278927943192108,451.8,gm1_infantile
1.8561836712916935,16.339478276048716,14.37946639380319,1.1025491614561936e-09,0.00018676721561508604,1.480623582884461,14.199238422985777,5.120453342578863,0.0,12.241388837084529,143.0500476622675,106.88961002589514,1.6332754911136358,124.98937078090898,56.89263856578056,0.015078739804868187,0.051318970005882585,452.0,gm1_infantile
2.9003017030780165,16.614334853151632,14.113600569290861,1.0224668917192162e-09,0.00018687567558832416,1.4325095268840513,13.610002779094401,5.098862683613336,0.0,12.226121827704597,144.1771902939129,105.50120819366064,1.5814717867864718,127.75644955796446,57.809660177311244,0.015454601891806334,0.049995395535639336,452.20000000000005,gm1_infantile
2.265541100519938,15.616914374779512,14.037028507276087,8.209144135164053e-10,0.00018163092488287394,1.4433450354710862,13.580912666908308,5.313874808052968,0.0,12.156389671587196,140.74084726075952,108.53017612859132,1.5745663672989425,128.10487850128823,57.79956739067365,0.0159177605156292,0.04785683977959531,452.40000000000003,gm1_infantile
2.474523882374019,16.706613706329698,13.980553587260571,8.98008849545685e-10,0.00017936010084978516,1.3983834342455876,13.85697378172375,5.305040293736894,0.0,12.169233179218462,139.64471941426513,110.7406873362756,1.575438397632139,128.97553886417916,57.57133426488949,0.01626085744316366,0.047918280121164704,452.6,gm1_infantile
2.5602482641833224,17.82894587156863,12.912424240355621,7.194863274170356e-10,0.00017615757574777923,1.4057271328087622,14.043740988087714,5.2712580544782135,0.0,12.168305471264972,140.29672767230878,110.48202762455506,1.5998681048427101,129.96394055340906,57.56935042925961,0.015394328511092924,0.047634895685089086,452.8,gm1_infantile
1.9827972974985448,17.54631417987335,13.11633917241611,5.628516978637937e-10,0.00017632708638218149,1.4393515531583068,14.408743524156845,5.062551004393211,0.0,12.1800792713353,142.5543600838545,108.05510485808091,1.5960431674957545,134.08893061108859,57.34554066862715,0.016254408825318332,0.04671596817138566,453.0,gm1_infantile
2.9739897231481534,16.771513100589775,12.40196025787216,6.468582581268967e-11,0.00017470754787630893,1.441002699911777,14.177837337099469,4.975839659132111,0.0,12.206299880881323,142.09343549255482,108.69523017672813,1.5619694948539835,134.4798489255825,57.28173360868795,0.01608310501861446,0.04670147127340916,453.20000000000005,gm1_infantile
2.3179863615231766,15.730674976227839,13.386666446772052,3.973250058706689e-10,0.00017245665500613907,1.3942483882547867,13.32672182568101,5.23613526922375,0.0,12.226867933731041,140.3311427901758,108.26147338583162,1.5573917275896414,134.81950349142147,57.335310577425,0.015719351877994808,0.045688874543638715,453.40000000000003,gm1_infantile
2.4418069290720394,14.322131019116386,12.865534029191847,2.711264285295118e-10,0.00017326338801148413,1.4302461648461913,13.245012701953716,5.216589954302036,0.0,12.235750097007013,138.67154873338467,107.82658330499315,1.568336700237441,135.65392997802675,56.21226980686526,0.01596907146949711,0.04560146650716678,453.6,gm1_infantile
2.6102656576111274,15.56172466316596,13.767732400362004,0.0,0.00017409260000539193,1.3884030329075032,13.796952273125104,5.391929531842626,0.0,12.223863287007344,139.736636238972,107.04572881379094,1.5694081660033894,135.38215033648447,54.71431532343023,0.01564738145758688,0.047928188474343034,453.8,gm1_infantile
1.9794165131094525,15.765085719472985,13.709076496575866,0.0,0.000173493322349022,1.37630496742732,13.052102775712767,5.471777742165272,0.0,12.191808735986983,139.00926254814937,109.23610679021924,1.5541663887968353,135.9791552669996,57.97777421542206,0.01583564656385498,0.047951946404751304,454.0,gm1_infantile
3.03930543132948,16.369452768229227,13.262444075090087,0.0,0.00017507531996366343,1.3927319437711343,13.047810883985404,5.681260387070327,0.0,12.212667388085702,138.5380555007027,106.2232993203106,1.551586276016796,132.55683444363808,56.15501485562474,0.016031513538970543,0.04917532880507743,454.20000000000005,gm1_infantile
2.2464923158236596,16.274415381662063,13.23380394686603,0.0,0.00016901781686616416,1.4242382993605758,12.679974862128642,5.336914552948864,0.0,12.225544342213512,138.09167789041277,105.14823874979821,1.5636194893107882,133.05586028175543,54.432765731088885,0.01618274060049776,0.0504399912267183,454.40000000000003,gm1_infantile
2.3855329026197554,16.04058332246929,14.382467427431283,0.0,0.00016767456075055437,1.4305804747586015,12.794826157650396,5.25926373784591,0.0,12.268235015128191,139.64733270580794,105.0644107499762,1.5464311665673276,131.66571635962163,55.127379315298235,0.015580710314917345,0.05317060441696446,454.6,gm1_infantile
2.495647832497488,14.907226201136032,14.439108745623866,0.0,0.00016539838768244336,1.3902766766274328,12.80185545274692,4.930311900228708,0.0,12.245284787404117,138.75421999349768,104.01464038804046,1.5480499893601893,133.16009612715814,55.388140430540176,0.016005546078918607,0.05252561643412506,454.8,gm1_infantile
1.9155769714998991,15.270205020813991,15.112084049899218,0.0,0.00016763860800190678,1.3670250797383745,12.707408507287164,4.878138567961386,0.0,12.215281770064202,137.04979344055607,103.14057163824845,1.550096795390139,131.4007336525574,55.57698371403592,0.015842630667066756,0.053249114917624275,455.0,gm1_infantile
2.9540910730397454,16.7143077814004,15.092190844225504,0.0,0.0001661304799626329,1.3654740899561573,12.507979797762182,5.083068508232955,0.0,12.19741100975513,137.43904790082166,101.91736204173552,1.571432041516542,132.6651961948009,55.66604027175853,0.01601858946944434,0.05260182995032679,455.20000000000005,gm1_infantile
2.2138288890290307,16.530493688592962,14.69077804725975,0.0,0.0001615412019362581,1.3336942631007074,12.272159491381867,5.256642117794159,0.0,12.223483854598312,138.4351653021397,103.43520330441933,1.5729834518502948,135.29200917940764,54.7452116132618,0.015958956700121738,0.051355178805250624,455.40000000000003,gm1_infantile
2.4292170801405035,16.866539535787837,15.4324326869157,0.0,0.00015869319879377667,1.2898196780119295,12.521679159167137,5.181993381325336,0.0,12.224074060157642,134.57948239607228,101.17717567364264,1.5758095738351234,136.02359237823342,53.13659899938846,0.01589392337126824,0.050146470782038884,455.6,gm1_infantile
2.470974634595866,16.278779625238847,15.444307510171088,0.0,0.0001511274479869045,1.2905794525126062,12.536888270072199,5.0523513063032635,0.0,12.214294501093969,134.7118781826033,100.86467591758945,1.5805374664478133,135.8081813831375,53.72574340431625,0.01643197996782968,0.05007709077619393,455.8,gm1_infantile
1.8445381240778442,15.094262574077424,15.809103399156305,0.0,0.0001586264654048088,1.3544239517783716,12.597242708246428,4.839199281351428,0.0,12.271476310880997,132.41349545816223,103.49019959095808,1.5430108375655254,133.05886214609262,53.94806643219172,0.01677341851148271,0.049950398736439576,456.0,gm1_infantile
2.916050897705715,15.94945146006713,16.567497856925158,0.0,0.00015491919728469,1.3781861817760706,12.862421214560083,4.922318080988893,0.0,12.28872087160106,130.55543101585943,103.85536986404213,1.5465216797376011,133.16887352025876,54.514695775731795,0.01635802397965225,0.050659989756761455,456.20000000000005,gm1_infantile
2.2838698837873506,15.413499540969907,15.486275916460881,8.400072471868946e-10,0.0001540203941481944,1.367411913337662,12.567249585597445,5.0609892857466265,0.0,12.310956044991551,130.53059832921062,104.9291319390661,1.5306140734529279,133.45914711355076,54.47088131064877,0.016419799157229988,0.04859473538042419,456.40000000000003,gm1_infantile
2.517588635257896,16.822806820715535,14.600131609406274,9.858011123401275e-10,0.00014832979828133345,1.3674584058500538,11.957743834583358,5.00995532789831,0.0,12.34256317195949,133.5670307800228,107.35500385229446,1.555809541461496,133.50468953436823,54.75149788190456,0.01652484611575608,0.04727832297886758,456.6,gm1_infantile
2.6630084222659653,17.46898733594431,15.040084850410809,4.1742993305430085e-10,0.00014920866674177996,1.3902903957838473,12.082936721337873,4.937481245225505,0.0,12.302768126392678,133.9134241489425,107.02967488922332,1.5516972508778029,136.16911939698716,53.83172884640017,0.016361003223371053,0.04905379972636491,456.8,gm1_infantile
2.00602367253453,17.55292158088179,14.875789266784992,6.288244707926174e-10,0.00014187561319222762,1.383194875506703,12.219129667362715,4.799930001288932,0.0,12.32414347155076,134.79614763755595,109.62970861516949,1.5437197961991456,136.97063754963838,54.17540423685375,0.01623880655090218,0.050261472258742765,457.0,gm1_infantile
3.033080866990709,16.34245186008201,15.343636235992884,3.8857763568615043e-10,0.00014025243756093277,1.3750009549050304,12.579699989533783,4.9456366331583,0.0,12.31789202151387,131.2094514541775,108.59821203211898,1.5253267351492226,137.42614919676492,54.09498586563908,0.015876172563915863,0.05038082659424721,457.20000000000005,gm1_infantile
2.366851489406259,14.400937013284647,16.039278559218726,7.432757592285357e-10,0.00013891220446244273,1.3816573598301225,12.577535017040287,4.732418798419243,0.0,12.338283446318028,132.9550518138764,108.19405030291182,1.5497745310078872,134.80181743536136,53.91475895460803,0.016105810571741715,0.04962695899355505,457.40000000000003,gm1_infantile
2.5318447388591765,14.701390158353732,16.03874637075961,4.388258926482255e-10,0.00013958357705460498,1.4282040615140201,12.73953253975635,4.810303790081257,0.0,12.306472701443251,132.79099053296773,107.96861303041103,1.5072817734682167,136.12944836838707,53.24332647973717,0.016316739969022498,0.04874101349729853,457.6,gm1_infantile
2.726754424225991,14.57096226798427,17.331575300109677,3.054870487316536e-10,0.00013882356243221926,1.466688777381193,12.514444802452187,4.807397466050565,0.0,12.317312331389006,132.94054603427512,107.84644955900694,1.5256563280892772,136.34603788328602,53.9392325167825,0.016424187133131367,0.04940384631988622,457.8,gm1_infantile
2.1429655562745054,14.466078751827867,18.022817018167093,1.803751716723073e-10,0.00013395373742328966,1.4559100795267157,12.349881512499747,4.8347629588018215,0.0,12.320557592422052,134.8340708654501,110.03462493474942,1.5325807924120676,138.2444758200943,53.80947783255928,0.01582373238007063,0.048066559403364566,458.0,gm1_infantile
3.1147941457513797,15.118862637172255,17.656510899496187,6.267637004366667e-10,0.00013898311734536,1.4308275693253267,13.155371951460364,4.604701046511179,0.0,12.31935683622869,134.47804559775804,110.03367158486586,1.5171348362365542,140.94432070992966,53.31105120791128,0.01559017619794825,0.04655673277574223,458.20000000000005,gm1_infantile
2.383044019443511,14.759316492719465,16.876481055246895,4.883572492999854e-10,0.00013497125091424604,1.4701492049952247,13.167142032874175,4.651976131758553,0.0,12.374986724719697,136.1956723770104,109.67770309309536,1.496548525536287,141.45421118779043,54.07706575943483,0.015605202477249667,0.04657600230503382,458.40000000000003,gm1_infantile
2.5068603349989895,13.41060105488419,16.818441341036657,7.101280646510248e-10,0.00013425982540966395,1.4978621301488844,13.638798760477075,4.580198111045523,0.0,12.375891468856665,132.59842156707592,109.41487720986177,1.4770803720545729,141.58110997769123,54.572349737371916,0.015494870615284028,0.04559937571939039,458.6,gm1_infantile
2.602670518998389,15.411443400764941,15.064411567837176,7.17563977355586e-10,0.00013206663700814983,1.4843320270471276,13.634712779927945,4.528289428272754,0.0,12.368923678279362,128.88190497587786,111.32399787818436,1.5007456128883805,140.30901878974336,54.60440204359551,0.015888143949633646,0.046617317894764115,458.8,gm1_infantile
2.058895453250387,15.800463502685854,15.494645829760007,1.2691192857597105e-09,0.00013049549595863248,1.4939251356664172,12.916989450080019,4.342079008100463,0.0,12.386709738648904,128.30285135890435,110.43093504157366,1.4946194392451007,140.55088431713813,52.93115457702696,0.016019196875801386,0.0466023655714589,459.0,gm1_infantile
3.0717021106010565,15.649828030824338,14.464764533762603,8.592341699019585e-10,0.00013446210764764157,1.4746836618211916,13.262491567014957,4.230482614498027,0.0,12.374231222088055,127.90015856650888,109.94013263548375,1.5248764762772542,144.11310733939186,53.10255057519607,0.01583652078896367,0.045189081413053236,459.20000000000005,gm1_infantile
2.306253115335277,17.076761896162495,13.473139050738,6.315618299216109e-10,0.00013435842139976453,1.4055343007413548,12.886373400876241,4.109158637776049,0.0,12.381112529377836,129.76883117682902,108.97761938341749,1.5163611267053891,143.7415891449697,52.53339421441843,0.015950061968673972,0.04559749940283528,459.40000000000003,gm1_infantile
2.301036036129897,17.629731235136827,13.54217868425963,6.508006431464771e-10,0.0001373780543611715,1.3593162509744974,12.556272606294247,4.154841060684861,0.0,12.374975785993986,131.3354633529182,109.56927162138739,1.5191503893716982,143.14464864431696,52.236697090108514,0.015742494457528514,0.045783627868642415,459.6,gm1_infantile
2.3547321922581785,19.006475484982488,13.106120671772324,7.921846491991721e-10,0.00013704129145331959,1.329595590520706,13.118525878611608,4.336258387963072,0.0,12.37266172833219,131.77858877401025,106.57270203216738,1.4778686769411653,141.39994782876272,51.32970844653696,0.015344566799023067,0.04441125554650288,459.8,gm1_infantile
1.7838943862232752,18.0212626757147,13.82517190147151,7.776581165317344e-10,0.00013891453412598679,1.2881506938887464,13.01287858009977,4.4057464930165535,0.0,12.354477090015749,130.96611752339345,106.02600843103919,1.4736542847905543,145.4169065616926,51.554786807619905,0.015324269200926008,0.043132154017768626,460.0,gm1_infantile
2.8027510799644135,17.63702413286942,14.545655872007842,6.281542166669913e-10,0.00013783946693919383,1.2692947788383884,12.544770460045022,4.513260728487977,0.0,12.36652706550898,131.30540016268571,104.67411294211738,1.4799728532385759,142.74500846961874,51.71347174865867,0.015268820005289518,0.044598523810812904,460.20000000000005,gm1_infantile
2.1426408242219726,16.469090383942874,14.251749146842785,7.922503902063024e-10,0.0001289002839403464,1.2875180864252618,12.61577696277623,4.427540752837871,0.0,12.345773352912449,129.22795547062591,101.99995422724868,1.4964345494775342,141.51354002117952,51.44996402263546,0.015526157275688618,0.04460765177858914,460.40000000000003,gm1_infantile
2.2394005263946406,17.02005616013686,15.182316172734641,9.073401901125403e-10,0.0001258833580623723,1.2522046249868828,12.449422459989135,4.492875816471603,0.0,12.324550555480956,128.18218891905468,103.42808507089926,1.4894651609861518,144.65007958808286,51.35629360262241,0.01590244531596259,0.04494445372529211,460.6,gm1_infantile
2.4220057371650645,16.809346474568656,15.044519176320442,9.848678064342207e-10,0.00012761504545966943,1.262250849879537,12.018952329850753,4.5778068341970855,0.0,12.309238786600616,129.04448941884593,105.82619815128407,1.4867275382189626,148.35324875100645,50.61486226591289,0.016311186856283914,0.04533237923579827,460.8,gm1_infantile
1.8527623769155037,18.097311304333964,14.559392513662308,1.4611553271697085e-09,0.0001264796393134318,1.246023173688236,11.75393727812159,4.82306399087641,0.0,12.295810505901056,130.0635092758419,106.01603431780511,1.481576182655357,150.0,50.20387021122952,0.015495219985304176,0.04554912773527966,461.0,gm1_infantile
2.9064378915136366,17.36486121407864,13.97291310277152,9.344285150703606e-10,0.0001249204389935064,1.224875768055877,12.230609329141384,4.925669860925943,0.0,12.309914042793897,129.9406886910704,105.64206427647645,1.4824507149954498,150.0,50.653158324722305,0.015357779740345062,0.04642100051047721,461.20000000000005,gm1_infantile
2.3315030846548757,17.68009345507191,13.752698734661346,7.190555503919641e-10,0.00012142242460135874,1.2270651956004144,12.196054262410174,4.903470207039605,0.0,12.356165728958576,130.6562922357749,105.50128105379875,1.4841162029018702,150.0,50.92907212125349,0.015390391825491631,0.04664788680216152,461.40000000000003,gm1_infantile
2.3830091971899723,17.997807022518575,13.22292777330527,7.906114610953372e-10,0.000118926690417069,1.238332097052636,12.311170232498483,4.791768842551514,0.0,12.416985020393907,126.79156076669295,105.7454286683983,1.4661508441900832,150.0,51.500525337548964,0.015420353637794272,0.047565861211121385,461.6,gm1_infantile
2.5084931153446313,17.945672278214168,12.895572865496284,5.887737921726784e-10,0.00011719359463531028,1.2367550379355272,11.86301824505734,4.96867651900512,0.0,12.404710867327893,128.88262012708435,105.56358002699174,1.4564377632228607,149.02813066052994,51.568048239404554,0.015139418629149507,0.04816520641845154,461.8,gm1_infantile
1.8781917333916212,16.91011124630233,12.915025419379981,2.946275330832913e-10,0.00011584092970288376,1.2337425832905022,11.618820788289549,5.199575982713818,0.0,12.386967759544342,128.9174647061629,106.47658372008308,1.462673537146523,150.0,51.41123435934649,0.0155136696084502,0.04669884655780713,462.0,gm1_infantile
2.874053603949807,18.38118139426443,12.673424006265067,0.0,0.00011522505533301152,1.2601646222614102,11.565033115382928,5.212307687114025,0.0,12.373709895035821,130.72111780058347,105.36837866000019,1.4400520901086484,148.2401922051518,51.00112979990329,0.015746764405563024,0.04704824370606049,462.20000000000005,gm1_infantile
2.287671952198097,18.437290980873176,12.375245121349296,0.0,0.00011585463007036764,1.2946616044656518,11.454029502858967,5.083791678162925,0.0,12.39645997170346,130.71142179250407,106.16719951406898,1.4324348321877172,149.2817434246731,50.81508216790836,0.015177202705128096,0.04797995425715629,462.40000000000003,gm1_infantile
2.421146097957125,18.038527476916315,12.590763638650296,0.0,0.00011648344752110306,1.2790416180544388,11.578587580183598,5.254351845662552,0.0,12.391292835941963,130.60402826711112,102.59335107706583,1.4188091267238734,149.423592447961,50.30793714723468,0.01470003132729637,0.048447652685840406,462.6,gm1_infantile
2.5961618261793955,17.30021377465675,13.135712002807285,2.289363572292225e-10,0.00011347191095899705,1.260622706045574,12.32456561027026,5.103985449683446,0.0,12.445600262073494,129.67871414676335,104.49126509781996,1.4017108038780606,149.50470308892972,51.05944189503626,0.014514561137292823,0.048505127062141405,462.8,gm1_infantile
2.017331842767992,16.490852735614382,14.525730299784964,6.001870296429272e-10,0.00011208674365016366,1.2534869584233141,13.127808491808075,5.0731684974498705,0.0,12.477257985918554,127.33323329927532,104.39407225130313,1.4056895857457095,147.90017958904966,50.008298832748864,0.014504794926833476,0.049206518410775495,463.0,gm1_infantile
2.998302526657799,15.399936622037426,15.310094461576439,7.300473771100515e-10,0.00011070725035766146,1.2724555714850216,13.343442295978223,5.340062962122918,0.0,12.438260261490514,126.28945743980317,103.55409091833234,1.413937474229182,147.106449727097,49.271996453190795,0.014664939502418942,0.05026774674626407,463.20000000000005,gm1_infantile
2.3381338799585873,15.732025929618777,14.556938118364203,4.808410364147812e-10,0.0001090508957284818,1.2833421623194134,13.55135542858712,5.286501354682759,0.0,12.383370286548653,129.12353065011166,100.71275310326091,1.4242399051383774,146.9949701977174,49.11398264432044,0.014629693450105615,0.049475450729983106,463.40000000000003,gm1_infantile
2.4957166356033746,14.672413101044746,14.698215302276665,1.9339125095111613e-10,0.00010755136059806303,1.2722962840906156,13.601401676004535,5.354466030132483,0.0,12.408952863804734,131.02030870821432,101.15423261056992,1.4395164920422763,150.0,48.2094539697631,0.01495347841466403,0.051162256892243706,463.6,gm1_infantile
2.605373528406024,16.325512984705384,15.806884549130018,1.1914145266504329e-11,0.00010646974934757805,1.2825267954064985,13.487039906272951,5.752381603995299,0.0,12.409965033794,128.62928633019925,101.51823588739964,1.4189215414703276,150.0,46.63983102917263,0.015390090666614502,0.05062576925774823,463.8,gm1_infantile
1.884062714378299,16.3604766250543,15.720580146891322,0.0,0.00010935268840171552,1.2893830735942078,13.885452384226506,5.676975042915204,0.0,12.373429008456961,129.15132222484425,100.51205298701117,1.4464748175772812,149.95284630576901,47.08451423801888,0.015446420873951199,0.05265884975448041,464.0,gm1_infantile
2.8628606059640402,16.16164528738615,14.965399201225807,0.0,0.00010641026137435665,1.3147516626004567,13.96913059258803,5.609735022784483,0.0,12.376344783290808,130.29315074872605,100.9726149640455,1.4590613315036074,148.85287211032337,47.77681313366988,0.014999109487028225,0.052502580938441616,464.20000000000005,gm1_infantile
2.313192868610718,16.133209990416415,14.60377076571052,1.089903015245084e-09,0.00010938695836505835,1.3161020625704982,13.69783051670204,5.27762967256607,0.0,12.411147982923291,131.0608715901911,98.7063380104886,1.4640504754442978,147.69512641244245,47.90390976994087,0.015631750073760744,0.05338254611735213,464.40000000000003,gm1_infantile
2.472377052304743,16.08633991126606,14.811453234977243,7.797472171169114e-10,0.00011028785246989685,1.3095592346378855,13.494960602339724,5.382881935748173,0.0,12.395763429551831,132.2149423276679,100.37157168278576,1.4751573444606707,146.18687568197325,47.894054397803856,0.0156991519994747,0.05522192344540678,464.6,gm1_infantile
2.6147407395264364,16.934310366092717,14.781766701455963,3.892172878281653e-10,0.0001064061920234783,1.3005085767809628,13.853295785786823,5.293524898171309,0.0,12.37347718784921,131.14929251562975,102.31131333199978,1.4921809937391264,145.4112524963223,47.38626955297581,0.016000907780826506,0.05625696514276046,464.8,gm1_infantile
2.0255107812029376,16.801876074455134,14.024074630773196,3.115557455950581e-10,0.00010935580001308128,1.277520399440078,13.966868468083927,5.5218897358626595,0.0,12.369672122281267,128.86302433122708,103.1907712998743,1.4791253835715434,142.23678437422086,46.808890217140366,0.016040078572139425,0.054245486948239226,465.0,gm1_infantile
2.9731217946191904,17.22396488492369,13.947249114684729,0.0,0.00010810827788368002,1.3159100885425328,14.558396743525906,5.48983862149548,0.0,12.372741133622263,125.90614089576539,100.53904443651523,1.4630511613450756,139.10102685790451,47.00706937540861,0.015808386370628,0.05470705763687825,465.20000000000005,gm1_infantile
2.355324921103245,17.96320396887581,13.359873191648328,1.3751102695917306e-10,0.00010536378047695344,1.3307458936692775,15.119370001246466,5.573646947323884,0.0,12.388153058073236,123.43480244760498,98.22043954379531,1.4740615388281548,141.42400693766538,46.26331208702164,0.015778611558857826,0.05518926897455376,465.40000000000003,gm1_infantile
2.4422537435542373,17.57685569217784,13.748253733091543,1.1000847141208099e-10,0.00010518150517340848,1.3055225638201295,15.164799759571006,5.4828634403181535,0.0,12.372886102486545,123.49399754749913,97.11510722682775,1.4759994926641682,140.58437981579684,45.71784316997517,0.015070999514457516,0.056313104153211224,465.6,gm1_infantile
2.581532738687867,16.803325822580568,14.169408019365015,0.0,0.00010401461929802943,1.291176468251934,15.115966715053426,5.5586751906989225,0.0,12.363214606796186,124.83164966864315,97.22904411880982,1.4661047051167615,140.890787170559,46.36244545691973,0.015397546581598425,0.05461086528118734,465.8,gm1_infantile
1.8901172987740327,17.75245458731308,13.952413597410091,0.0,0.00010188877805464252,1.279099094151094,15.057806511926774,5.651455415388756,0.0,12.38882626771269,125.4024598690876,95.59769478269469,1.4617242864669733,141.67703747507622,46.416107753155835,0.015494344964692593,0.053841077235332706,466.0,gm1_infantile
2.9556424920878475,17.22845151890984,15.625133910142656,0.0,0.0001077879091917378,1.255572514469765,15.654601653993154,5.753571046257548,0.0,12.40516536257475,124.65917683888634,95.98652215270107,1.4665881504045992,140.85694065596516,46.17643161548567,0.015578434054618104,0.052707561500506865,466.20000000000005,gm1_infantile
2.2559166481990305,18.22496006579084,15.856451567141269,0.0,0.0001049388186172901,1.2066053566342196,16.102177191055798,5.831357811270784,0.0,12.422919867847035,128.11138652952826,94.05778939274371,1.4565541400193547,137.7803548653988,46.79757525126762,0.01551038180746122,0.05218527305360867,466.40000000000003,gm1_infantile
2.4103733249698567,17.60494750427828,15.52005206661917,3.91336505178418e-11,0.0001030710434224962,1.1947082168760292,16.100545704349543,5.823938009587569,0.0,12.438852107312856,125.6250907925342,95.8862035191712,1.4599765579024804,137.01974562147888,46.26090174605367,0.016181127775091474,0.054957012058260035,466.6,gm1_infantile
2.6188964467984897,17.68720423569366,15.702122724141192,6.500254546941185e-10,0.00010207961764599721,1.2045006267483627,16.27031375478617,6.1143533271551265,0.0,12.43473526548701,128.29530359953023,95.91085297318685,1.4516173758014776,136.3494182885819,46.38185984747879,0.015863571343597928,0.05426705483210039,466.8,gm1_infantile
1.9078678612825868,16.9313258255365,15.805417218450367,1.0143948026174072e-09,0.00010375344929280319,1.2119588723492927,15.679539220810181,5.936743554158775,0.0,12.46125579397608,127.40452668321583,94.38424475449486,1.4824024759240928,134.86965938395082,45.714187485674,0.01590912555665758,0.054149499922130806,467.0,gm1_infantile
2.924319468585996,16.819029195968557,15.08086059316863,7.62961980280798e-10,0.00010322872238567201,1.1667759799312472,16.16084665985094,5.692553554396169,0.0,12.488875070016155,128.45047757604368,94.52920822187049,1.4509069773933079,133.6449684326419,45.6134555355168,0.015822765582953816,0.05549248917727852,467.20000000000005,gm1_infantile
2.4221191188511395,17.47934882373751,14.660904094476733,1.2114229886926268e-09,0.00010143809696764276,1.11150434255622,15.709382803129525,5.341213559603558,0.0,12.483616315513725,125.79261089315187,93.48329805254558,1.4258648998903398,133.28364959617696,45.12615821980357,0.01614892994086456,0.055645330568045555,467.40000000000003,gm1_infantile
2.6136197425209944,17.029031342001407,16.099301459309856,1.1334458825536456e-09,9.981540407500625e-05,1.1587181238010418,15.069755281250862,5.298119776752077,0.0,12.432126884076004,122.41203119424014,94.29056159829784,1.4035016753663203,132.68874937390387,45.703434303530734,0.016281175224186942,0.05610446672519774,467.6,gm1_infantile
2.7425329009087336,18.592419597042646,15.132917277736237,1.2386732583298403e-09,9.878547963236174e-05,1.1538917008921639,14.576537270170393,5.245478503020253,0.0,12.47167048397033,120.61054771692275,91.35275193610468,1.4061653749665433,130.34042295788623,45.64967630694561,0.01648726592303103,0.05592062547654052,467.8,gm1_infantile
2.0586430589951012,18.43860082460003,15.69437146984309,8.161562349816627e-10,9.998791293209163e-05,1.1315642148775817,14.936330312297686,5.062141942865917,0.0,12.468549254597384,120.85480601432853,92.5741536873943,1.3935419132817395,130.17807863900182,45.86782225014258,0.016340691288920857,0.056765530921457426,468.0,gm1_infantile
3.07532614924822,17.742578196959723,16.56019213243437,9.558510029543588e-10,9.769690934816287e-05,1.1126821850555826,14.96772698464333,5.16750896092679,0.0,12.445970067456757,120.00537150050026,90.83992438111844,1.377518684138987,130.29697286646345,45.59902771348731,0.016155077249352442,0.054983121476234395,468.20000000000005,gm1_infantile
2.3888846814568754,16.469734215884724,17.588449918169452,1.689513499072357e-09,9.625351346061025e-05,1.088858848646,15.436216807638587,5.290601958543501,0.0,12.505418938377352,116.8702424962419,92.30043017268189,1.376536973712976,131.1358256814766,46.10956188158205,0.01638714079589392,0.05616920731004784,468.40000000000003,gm1_infantile
2.470154282902341,15.65487602446493,18.396860952791915,1.332219909634008e-09,9.993410762883191e-05,1.0723895010461943,15.394230627611872,5.300038084449949,0.0,12.462199581996018,118.4017151158716,90.22708803813349,1.4270870136823068,130.83785121911205,45.50723460166976,0.01650535142474636,0.05310337448744797,468.6,gm1_infantile
2.5432781001025426,15.534571238287134,17.19002253008429,1.0486544736013034e-09,0.00010297762628998114,1.0742870028507387,15.67856124276571,5.227213879438564,0.0,12.45520353190456,114.6458806797504,88.94557509706289,1.4062995560953273,127.1745933802979,45.93785714103938,0.016420511766173835,0.05231705172989853,468.8,gm1_infantile
1.9720243708507461,14.290724233433071,16.02810170524099,1.4409899453644943e-09,0.0001079272596291679,1.085898800724636,15.994264042603412,5.190874357008635,0.0,12.46125450189819,116.87643050725988,89.49576803796077,1.4276003707864742,125.50637067639728,46.35038916499419,0.01613932095762184,0.05242648771755289,469.0,gm1_infantile
3.021621154833148,13.875904216125203,15.161748325739481,1.5011233192235909e-09,0.00010714382647928856,1.0869103522025867,16.388338728131092,5.423042963570042,0.0,12.475805040233663,116.18649047989331,89.11926437103499,1.4392635669794254,124.79182293366867,46.6603134813657,0.015811771332359996,0.054682152413089165,469.20000000000005,gm1_infantile
2.3758443286831064,14.183313485426961,14.701054578566362,2.2666485481979244e-09,0.00010372791229506949,1.071665215263236,16.871953878432333,5.493739392661378,0.0,12.460243842047245,115.82887379882794,89.28134320133893,1.4724325860791736,125.70845227734473,47.33305028831258,0.0156238193078353,0.05525913236558856,469.40000000000003,gm1_infantile
2.40882426061603,14.391294662780108,14.66347916221044,2.93498395232262e-09,0.00010696271180610131,1.0650770227320678,16.606910197406318,5.415419008816149,0.0,12.496285317447683,116.56930731662894,89.94254965062007,1.491263816553844,123.93521066735609,46.90983458030593,0.015771879422762106,0.05424718803437951,469.6,gm1_infantile
2.4342245606656427,13.648021544782049,15.262022629118867,2.719248647108771e-09,0.00010704969846818384,1.043962430829139,16.88578050039641,5.419411106340989,0.0,12.482658065348518,117.4505006266624,89.34526776395154,1.4922899652254202,123.38467286337585,46.95302779587438,0.01583553854535334,0.05359339209980012,469.8,gm1_infantile
1.844222117547386,13.884919376193247,15.466902241435823,2.6101120441719505e-09,0.00010449248507617227,1.0439936253055364,17.300670932924035,5.2755904247204315,0.0,12.463907196850226,117.23065626432798,86.7873253097988,1.5065455178702045,122.98285909078365,45.52180845986149,0.015411070009656124,0.053178276276135666,470.0,gm1_infantile
2.825533893746578,14.599077459081732,15.450438849828577,2.78332448940122e-09,0.00010167175299153547,1.0501239140094438,17.095821228412262,5.302355970102585,0.0,12.461674184781552,118.59268716738082,86.99247760527454,1.4998440690083739,124.28340327251564,46.20215730354566,0.015407022084542197,0.0547350991185989,470.20000000000005,gm1_infantile
2.198916490631758,14.648354566209283,15.324879054358252,2.6544013393293964e-09,0.0001005361254154474,1.0351744221034263,16.74701137667768,5.36911797516787,0.0,12.484102298688063,119.29086292073073,88.5055832373447,1.5028759781769239,122.54183125700985,46.01558365152749,0.015351872571589945,0.054054212874659335,470.40000000000003,gm1_infantile
2.3857676071694,15.421617367322986,14.060236855146178,2.5216399076474526e-09,9.379432798546506e-05,1.0319034487069563,16.81511751861928,5.6825004962627945,0.0,12.509875381675421,117.83867263890085,87.34386986000612,1.4836297798656344,124.98038812379231,45.48726500802402,0.015185939549448838,0.052921008611069006,470.6,gm1_infantile
2.4313449632093875,15.727951105158068,14.091240112835244,1.7716903208830903e-09,9.070492340722706e-05,1.0350641216636913,16.901408047032714,5.660285751940846,0.0,12.469293171434998,116.98110556502333,87.9938828224322,1.4735846930105019,125.39563345302234,44.82560493043817,0.014874964593805065,0.05079864269875422,470.8,gm1_infantile
1.7392699674277616,15.359411479964677,14.31833215619592,1.656799996353755e-09,9.27032934248659e-05,1.026272827940219,16.083063734057983,5.751674698750463,0.0,12.472522934130273,113.53244633291753,87.7093304378356,1.4904126757064569,126.26442290531273,44.71023869775339,0.014824789504581291,0.050183831116530825,471.0,gm1_infantile
2.805881383862598,15.784239501672259,13.770961596372377,1.3656535987703142e-09,8.909288570582819e-05,1.0366898066328394,16.080491810617797,5.595731508423601,0.0,12.469424564273767,112.4214792570287,88.74096253753103,1.4853227231457882,123.42637726659139,45.29151497388097,0.014498237204350837,0.05356957026112401,471.20000000000005,gm1_infantile
2.167615675333458,14.229894167930192,14.809578911436057,1.2503361953354488e-09,8.911655719674608e-05,1.0412034621373938,15.614932218308367,5.314991036495694,0.0,12.424119185941295,114.9379021376321,89.34274612564307,1.4905248950541603,122.46306677433336,46.715590739952724,0.014225821378622033,0.052659056234137115,471.40000000000003,gm1_infantile
2.361988172762276,13.710530012371477,14.003118036549854,1.133028204413998e-09,9.001113884729829e-05,1.0742059205936518,16.62647202651803,5.112775336683632,0.0,12.395072121741551,113.51916735207767,88.67283829360885,1.4802102151114853,120.53782079606529,45.27668169898171,0.014644767162262503,0.053610511741078,471.6,gm1_infantile
2.475875852371226,13.060471878017132,14.659149713095799,1.0118740745755447e-09,8.837693449414383e-05,1.0404906681194166,16.953054441118486,5.119755216344875,0.0,12.398055136581647,114.51704596507123,88.91180643392576,1.4758269543647848,121.274859907106,45.86029691177186,0.015110249406313602,0.05216909811183227,471.8,gm1_infantile
1.9418536470505157,12.088127695220253,15.163983289118503,7.235867348325292e-10,8.957934313090106e-05,1.0661222044244152,17.145424659750404,5.1788137231977265,0.0,12.384737103648282,116.35189252918482,88.82119885958052,1.4362176010109071,122.63217642638055,46.40578343615944,0.015091175496168846,0.051203069768698116,472.0,gm1_infantile
2.9216325475188727,11.63888298243,15.119440982394543,2.0194801169011304e-10,9.0052800722877e-05,1.065911999180483,17.843218839647925,5.3318705247428735,0.0,12.337720883501857,115.16778787737702,90.52205337423463,1.444863929738542,123.5259571793652,46.044398794745995,0.015222042698308375,0.04943853481411809,472.20000000000005,gm1_infantile
2.348499006182711,11.203374962881002,13.653988155120288,1.270553080755522e-09,8.994210133742443e-05,1.0663823762069713,17.051478751672207,5.467953221092099,0.0,12.331946363922574,116.64646432955023,91.99025903646141,1.4580022705327924,119.8904220917598,45.368595301848345,0.015773154406690543,0.04947791947676704,472.40000000000003,gm1_infantile
2.4737786414208442,10.871129810039676,13.115886446295116,1.691146872163264e-09,9.262402833639004e-05,1.0801214751011805,17.408728346751804,5.603145498918681,0.0,12.29852255007193,114.53532212691388,93.6592095432851,1.460187673434814,120.58131008748585,45.53000296029207,0.015830515945448567,0.049809211548656605,472.6,gm1_infantile
2.6032652418809428,10.623895566326173,13.682091673369053,1.3735218742205301e-09,9.272768318578261e-05,1.0559051430715052,17.423619495324015,5.537626981855997,0.0,12.3184862345782,114.75262978594324,96.18430204699264,1.478620790710352,120.13181183545485,45.50968611362674,0.015929547495060207,0.050547682870826484,472.8,gm1_infantile
1.9083089856430546,11.220550359968987,12.793679985533439,1.5040622555786365e-09,9.464266215040503e-05,1.0600095387540476,16.46923418746045,5.320354888262349,0.0,12.250805699702617,115.79105957756887,97.4844855289303,1.504060483210935,119.6614450621996,45.81054696685666,0.015968651117895395,0.0488574476449073,473.0,gm1_infantile
2.977926869898669,12.152757874919871,13.066890695626823,1.259964535258788e-09,9.581933943549569e-05,1.0833405172490904,17.1135691646186,5.523650755183723,0.0,12.26144346001893,116.89067789704114,98.87072205869305,1.51707746578252,122.10033513493083,44.732090306680924,0.016133708686638156,0.049332391308249936,473.20000000000005,gm1_infantile
2.390250524509663,13.452588414437834,12.444709515599103,1.837325540386033e-09,9.717401362227765e-05,1.0781194923955186,16.799130431039607,5.589406963093084,0.0,12.270525624230128,116.00292440693676,99.69843243198427,1.5112430056859907,124.02186109888049,45.80577521257839,0.01580729457839494,0.04934684733126981,473.40000000000003,gm1_infantile
2.5534570797860416,13.741774997646713,11.65181116992086,2.0983486974524404e-09,9.54536912713895e-05,1.080400482194129,16.465828033985442,5.7457933458142545,0.0,12.29498009071884,115.76317747890172,99.07057501121992,1.5220793830146762,122.14890458328132,46.955384348623426,0.015837856097908932,0.04867430853572995,473.6,gm1_infantile
2.602223722995012,13.864817968619166,12.150873094200447,1.726992397692804e-09,9.426414726976587e-05,1.0778555197401722,17.27966199995815,5.930656334327592,0.0,12.295556720455469,118.10543305992891,100.78472863522721,1.5387536698961226,123.34067183470599,46.60881691586773,0.0164633171172897,0.04835726118349683,473.8,gm1_infantile
2.0111330991740033,14.494999012821019,11.384610022002144,1.634527292021403e-09,9.429319518713455e-05,1.074090087693712,17.361371537860585,6.190700389743539,0.0,12.260446727821824,117.26521305896823,101.806977639319,1.5585163991545876,124.25272806950831,47.21033040998132,0.01652117130999885,0.04774974453661981,474.0,gm1_infantile
2.9819370965997503,13.520674733772942,11.264493700598587,1.866517318467778e-09,9.439330766007896e-05,1.072961723763925,16.979276116824018,6.6405072296699705,0.0,12.263477927700158,118.94212427641482,101.873049180978,1.543919128252789,125.50804227681368,46.394871569374914,0.017140459401115953,0.048002048254833694,474.20000000000005,gm1_infantile
2.315731056429906,12.735511076776527,10.674414562810652,1.773458168398915e-09,9.807171770244816e-05,1.075872322177083,17.249650981072296,6.69223102004778,0.0,12.251104178204317,121.54781209471776,101.33778191105513,1.531691336536899,125.26752818760868,46.3710278783377,0.01731902216368954,0.0455221358967864,474.40000000000003,gm1_infantile
2.4519853570593697,12.424158719469789,10.309158050262598,1.2961211637388841e-09,9.685819948734734e-05,1.0644281576561365,17.16041791341186,6.384958171637996,0.0,12.229161604975522,118.98180840683011,100.60480817419973,1.5182068632984513,125.23175234460051,46.05183427652055,0.016728180928501972,0.04457920815990572,474.6,gm1_infantile
2.4549885308345987,13.333565810755186,10.903484661832149,1.82583466710556e-09,9.517749096053003e-05,1.0878919569130805,17.463486317734258,6.2473540240973575,0.0,12.224184499695781,119.22522349083553,101.10663698683675,1.520641509658707,124.54111539870726,46.92493873192995,0.016648416853222506,0.044362389622961775,474.8,gm1_infantile
1.8546016111285304,13.353798059224104,10.241378202984501,1.4277703014268099e-09,0.0001001209969568224,1.0546948757190764,17.688538577869696,6.305791434764729,0.0,12.233939189055242,122.37059129924529,101.44316430804078,1.5507448604125245,126.19143225812957,47.93230242440311,0.016620581116273896,0.04471241052202213,475.0,gm1_infantile
2.8898205146045086,13.444640287198936,10.34332601333482,8.02348580754664e-10,9.937554637440213e-05,1.0701095772593314,17.166903564073845,6.1501488286425845,0.0,12.270461604149107,121.41990497246421,101.68828435841,1.5514365800522625,128.08694466210707,47.61294577516748,0.016443451452715835,0.04602620883294509,475.20000000000005,gm1_infantile
2.1984882042738954,13.274565358053723,10.407011434482042,1.4148023876872537e-09,9.633659768945798e-05,1.055048983135745,17.554306161527343,6.287450441902619,0.0,12.266983388659655,121.70198259815346,99.66100383076625,1.5557934263893813,130.53912316922936,46.800862570178474,0.016121086595408243,0.04557138661917206,475.40000000000003,gm1_infantile
2.3388866292683637,14.700230310787532,9.978297245318227,9.92085344769421e-10,9.760250828127652e-05,1.0413931939071581,18.038807630487085,6.263758746472968,0.0,12.223776202545132,122.5153067937313,99.96504040659612,1.5527544642088802,128.26306928782844,46.964251024595065,0.016348309124986533,0.044985648542665235,475.6,gm1_infantile
2.4353056853004227,15.370060759032349,10.814134879566533,1.2993510508931708e-09,9.768978840713387e-05,1.0353799343804548,18.1320798225964,6.06084903354827,0.0,12.254149515449479,122.64191936386484,99.14059182144497,1.5402291879593326,128.08293371668034,46.21908858870148,0.015983152602575393,0.04650686250692735,475.8,gm1_infantile
1.7957783607295486,14.753774943027741,10.989593675713417,1.0736317402216944e-09,9.746842656874212e-05,1.0499858642899615,17.49866530731298,6.21093042098168,0.0,12.246037491808195,125.90528734534712,97.30500060136661,1.5549469194571033,129.91054073317088,45.82654698911285,0.015710714216662303,0.04607637260805549,476.0,gm1_infantile
2.8329045894460494,14.72719370461343,11.45045150486181,8.687689898259989e-10,9.90989551428674e-05,1.075114459513431,17.81250410483273,6.312570378295471,0.0,12.174147954944498,126.94761443066581,98.36839457979379,1.5623225464588897,131.373410412082,45.52172895463202,0.015858960526656078,0.04756985382147533,476.20000000000005,gm1_infantile
2.261833628552987,15.9611829610711,12.160658279743897,4.445344361935298e-10,0.00010028425638541271,1.061460863871304,17.38357027835094,6.26371286820101,0.0,12.159079589324916,124.03709987940235,96.49748551228639,1.5745386187388661,129.90649971880035,44.32322924789768,0.015333218719334067,0.047697937855873326,476.40000000000003,gm1_infantile
2.443134689266923,15.564079036428025,12.524809416422864,7.518575895402685e-10,9.811604086296658e-05,1.057612103878544,17.209474282847875,6.358962786361574,0.0,12.125866246206268,124.18320153147438,97.96680046189266,1.5875019486250321,131.54242368379917,44.91029058639241,0.015313571885254505,0.047015008804748994,476.6,gm1_infantile
2.494054203069653,14.326349174701898,13.194099413796774,5.603546257076669e-10,9.403017716100168e-05,1.079685390308661,17.36039985433687,6.52520767547812,0.0,12.104103459283243,124.98547126026666,98.68144817295426,1.58362999604841,133.74141679449838,45.51838426348728,0.01547411144865237,0.04581337381298712,476.8,gm1_infantile
1.827396653015771,15.361474036775022,11.900848931910732,4.5224365709128974e-10,9.39393921941393e-05,1.0687117823733363,17.437382462301844,6.5807274725297775,0.0,12.127710522929807,126.02359714085074,98.4604450277464,1.5681759765853323,133.43132056881706,46.85790863520299,0.01517980520559177,0.047360411433823336,477.0,gm1_infantile
2.814085629135996,14.578411841329611,11.61530261793914,7.756952491115527e-10,9.36565073749571e-05,1.0924934927232353,17.383394072633312,6.556572677586876,0.0,12.182514879944094,124.19531928934599,97.80817252368689,1.5498837017154203,134.314001543572,46.17290301437824,0.015777113327616648,0.04739634414229055,477.20000000000005,gm1_infantile
2.2311235178129505,15.081222481117893,11.594694974294763,7.394434001848045e-10,9.343609048579783e-05,1.1010955893276022,17.09843630667876,6.36462659714088,0.0,12.182188531083439,120.95990059178135,97.20618917270991,1.5841832518201995,133.87677985178232,45.874762188235074,0.015223452868195793,0.04674874573074672,477.40000000000003,gm1_infantile
2.3227321468335114,15.433295391511757,11.622796732983879,5.379103670546439e-10,9.14600691973883e-05,1.1299741850895035,16.87531312639444,6.234376900465081,0.0,12.179105775882908,121.82222643799432,98.44884910651382,1.6043860234505136,138.16740217872885,44.8755411463424,0.015268354329970823,0.046158865084955224,477.6,gm1_infantile
2.5563579220493766,15.587471737703718,10.625772288192783,6.297200947491727e-10,9.161869961683121e-05,1.1437607885955086,16.6425415090197,6.276787862846975,0.0,12.16056206429494,122.46229036582437,98.67116284288082,1.6288193197192375,138.05498956844272,45.275578859824435,0.014827694875412063,0.04757232086235183,477.8,gm1_infantile
1.8994749334772267,16.408800071899513,10.79624207026676,6.021000156223166e-10,9.280025569270103e-05,1.0991441647228155,16.484261150153817,6.387377738452533,0.0,12.159626124827776,118.60099644481082,98.27279399689535,1.6289720596581152,139.96545207411498,45.3383120018016,0.014377428408784003,0.048558469099764065,478.0,gm1_infantile
2.96345144547273,15.692314366275943,11.208535338381447,3.4867595424455585e-10,9.178912011151988e-05,1.087163429963893,16.462317959346787,6.534643538709202,0.0,12.18941059427048,118.96888421539387,97.77886303559184,1.631075303364417,138.09284221649423,44.38975163443054,0.014065072875071917,0.046493117154106145,478.20000000000005,gm1_infantile
2.2302585622896594,14.514349709499179,11.867926253699263,0.0,9.131440264344991e-05,1.1075231774907328,16.95977462399344,6.467314125993948,0.0,12.194047573610167,122.47164006661069,98.34165737409211,1.647450552672833,142.18729568983926,44.592517010198065,0.01439942832818999,0.04694374373386304,478.40000000000003,gm1_infantile
2.4025959076790695,13.803111375397776,11.2641991130868,0.0,9.274485402902844e-05,1.1225690121860463,17.674319469069452,6.445416886280561,0.0,12.208560604495364,122.36751952474407,97.93750777830758,1.6164567259040918,141.71033614994673,44.566464028417926,0.01473727320988445,0.04820669800254539,478.6,gm1_infantile
2.5181473202875595,15.492342353235442,11.342396195518248,3.7383196804503486e-10,9.214338308014008e-05,1.0982609528304084,17.55213648837815,6.683849106732562,0.0,12.195557540727465,122.4358748362805,97.44797104845473,1.6441816047043343,145.15862256154463,44.606180595482876,0.01488365532279742,0.049215223263850805,478.8,gm1_infantile
1.9206041519293957,14.824792524441662,11.156810917802073,4.600481552671629e-10,9.256675675643281e-05,1.061994230522991,17.43744939451524,6.525199749163918,0.0,12.17625690818405,121.75163276558824,96.82229413683626,1.6632907367865082,146.8548091846479,44.938556151601404,0.015223307743320058,0.05054202305319807,479.0,gm1_infantile
2.87904057922205,15.247543223247048,10.983760284753037,3.759121036115889e-11,9.151391491990976e-05,1.0743881506976378,18.238046345967433,6.2863866572813425,0.0,12.229618613861323,124.84681915110009,92.46059117946817,1.7142218975161347,148.5436024792858,43.603602435042156,0.014931017365292034,0.0519305506429377,479.20000000000005,gm1_infantile
2.2776920801340315,14.910771290304897,11.041900349354185,1.8716927447535874e-10,8.994729234431721e-05,1.070332807958461,18.768113553929485,6.171573218189356,0.0,12.211927760679636,123.42387956403002,91.74483537489124,1.6761877093874002,148.7900787301236,44.154162698994504,0.014629233062061792,0.05112461259627632,479.40000000000003,gm1_infantile
2.405892464004724,14.213449542172324,11.553947099061247,0.0,8.851350525364446e-05,1.0542180897685332,19.35868793913991,6.143034625511109,0.0,12.221316959144515,125.41919961126811,91.37963299601165,1.6566073588613497,148.49808471424984,43.79149413743905,0.01395752144986894,0.052242834082412384,479.6,gm1_infantile
2.51457300303352,13.75369450311077,11.732955988320887,0.0,9.097159219750082e-05,1.0608238241027264,19.34623148472119,6.272746986526498,0.0,12.226066738271479,127.55071775264557,89.99111965976259,1.639203734261274,147.43809529248975,43.67056600966563,0.014292088944893163,0.05056162169732664,479.8,gm1_infantile
1.9101109133691998,13.45517478046625,12.625517014753996,3.0221082622008493e-10,9.107180332639859e-05,1.0777884568162293,18.739171903439278,6.628188341599467,0.0,12.260202837402845,128.54187696080015,90.34756224674862,1.6678967396643727,149.2021330869799,43.773211688011976,0.014126190679048647,0.05064795710075006,480.0,gm1_infantile
2.9428543564681164,13.704266162825025,13.146456742458508,4.133897791032833e-10,9.10620035327529e-05,1.0636472877237488,18.970878119041085,6.311433743322058,0.0,12.2765581670833,130.1199281662872,90.35932650679578,1.6739027876605659,149.7183534592855,44.21455277948083,0.01403128979701503,0.049493924138624114,480.20000000000005,gm1_infantile
2.3284749530305726,15.415392920983278,12.536670224959051,2.9610227857538567e-10,8.989191289364815e-05,1.1089816349057655,18.55473298411301,6.282402091052785,0.0,12.241896889106666,127.88906921041122,91.086848295943,1.6914193976210796,148.36713776947704,45.095763162392274,0.013311658956046694,0.04806891688628892,480.40000000000003,gm1_infantile
2.4114542904916205,15.420531417874951,12.267747602101155,1.5637223419015312e-10,9.04901467206081e-05,1.1366390311489984,19.018243488690526,6.280032822582601,0.0,12.271808297900327,131.21301134315559,91.9071344119249,1.6815622254832154,148.66618338892619,45.48215778731964,0.013117844677267862,0.04895814811839398,480.6,gm1_infantile
2.531316082977,16.442965340135956,11.733373701415461,0.0,8.931434857333328e-05,1.1354461696629667,18.16143820432655,6.159331566656466,0.0,12.286174526308102,131.49734856446065,90.6508385856589,1.7111801997294784,147.62072540246257,45.57246531536949,0.013208731775508934,0.049094713860548665,480.8,gm1_infantile
2.010335476324039,16.976468899396508,11.943152655906587,0.0,8.980150019075057e-05,1.1295133357269602,18.31498354196378,6.092883535306336,0.0,12.260757223968866,131.05939865493846,90.28159963321366,1.7546930840912285,149.3886726695819,45.52260350954707,0.013054928701116228,0.049723145448064464,481.0,gm1_infantile
3.112592157822596,17.612909924146813,11.096980204384415,2.924985237039205e-10,9.153312668716777e-05,1.1731500748966828,18.252504647577695,6.110284576490519,0.0,12.239554121142735,129.6058088058074,90.80671544885652,1.7195017001671924,146.5523872966726,46.055704916656424,0.01317204628611038,0.05108000445806573,481.20000000000005,gm1_infantile
2.464253109627687,17.719661093732324,11.833852515533474,8.234794819789307e-11,9.046439941184937e-05,1.1700423043246901,18.521500407468054,6.083047820248988,0.0,12.231984688500516,129.60427303934148,90.9881810130677,1.7099620627010708,147.3509029534189,45.10133488042515,0.013265795827763245,0.0531153317757259,481.40000000000003,gm1_infantile
2.5239462262376247,17.737912998769925,11.762264894134743,0.0,8.802341532471052e-05,1.2106950194005075,18.753575097974313,5.9586699484969285,0.0,12.233391738083936,125.94265505448642,92.32330393474243,1.699081178490694,147.91793294549979,45.399590011483596,0.013525733957497028,0.05364800909972759,481.6,gm1_infantile
2.6447934019058135,18.709257814342795,11.65090968331483,1.001925613134403e-09,8.83466046855074e-05,1.2082465649529728,18.353599780285634,5.906098794746915,0.0,12.235723037847713,129.1424954582636,91.88139552868623,1.7154108867027924,145.50064342274982,46.78152157299298,0.013139456987825702,0.056137843151915494,481.8,gm1_infantile
2.0026827666388733,16.56775542013361,12.46452348061564,9.463765609715222e-10,8.707991665697676e-05,1.2203264503150755,18.71272859915327,5.956807491960771,0.0,12.242359413710572,130.333903490167,91.28134012563137,1.733804477781746,144.30568589806694,46.108087531725126,0.013049780366043519,0.05573391733215643,482.0,gm1_infantile
3.0595486414760353,15.234552088405163,13.100281851683581,6.639661899045254e-10,8.20425455496312e-05,1.1923710619955965,18.571823321048363,6.004184815726709,0.0,12.209017921586799,129.03738865638786,89.87518999888395,1.74035929365388,143.9497536753652,46.519104342032094,0.0125144380194212,0.05501402573543117,482.20000000000005,gm1_infantile
2.533491086913832,15.93689840865139,12.887472863590562,2.948168044135747e-10,8.375123407422882e-05,1.2236793020822019,18.03276640632274,5.815860923477467,0.0,12.218910860969423,129.93451806533258,92.17042786050654,1.7184172803181739,143.84378916915963,46.999495542554264,0.012686981232580656,0.05416524675141495,482.40000000000003,gm1_infantile
2.5755319641340004,15.587483634706402,13.889622795862904,0.0,8.279015100537803e-05,1.2389023055543633,17.53921882248625,5.838842662050395,0.0,12.223899382850021,130.08591166233217,92.4141594934694,1.6991070045253986,144.10629629912486,47.00106467146234,0.01303266614467172,0.05488654435049686,482.6,gm1_infantile
2.559598511498266,14.967995013865908,13.455562567762694,2.6192722401494596e-12,8.212580751453385e-05,1.2331668660440414,18.942997550022785,5.7333218644485235,0.0,12.219597117729016,126.40130511755241,92.69321710901247,1.7254782228578467,145.15959962645158,47.189089123296085,0.01301058550865063,0.05422530157312842,482.8,gm1_infantile
1.9977866637269572,14.700240467629472,13.017865537200496,9.626664784910602e-11,8.122756828055995e-05,1.2598611366938286,19.18065058353563,5.598494562272294,0.0,12.203659489509143,130.504113875063,92.43856517205298,1.7436483990583873,142.45596669295028,46.533693290291055,0.012926931825914683,0.0562703240309994,483.0,gm1_infantile
2.957024530184215,14.181565271532513,13.502646979054772,7.623027417524602e-10,8.168069458068419e-05,1.2732336883421174,18.708780543734445,5.389538202365425,0.0,12.179575788952874,130.9629184946141,90.98092968820174,1.7498316410217474,141.6893921105994,46.21181936621809,0.013156522887125302,0.05501760822591841,483.20000000000005,gm1_infantile
2.4101068634707485,15.011676815572498,12.839779582524045,1.2045231352482037e-09,7.933451602235699e-05,1.301069426713472,18.864774597305228,5.160937632842468,0.0,12.168277517179042,132.56011773415244,90.81998208769402,1.7454734375593024,141.60632368691248,45.020775878742434,0.013371955441141906,0.05663273725171364,483.40000000000003,gm1_infantile
2.558933726685077,14.717590662918585,12.303882265396187,8.005897110241606e-10,7.701266258835377e-05,1.3528222295795127,18.800892968474017,5.292570053295477,0.0,12.171884651034711,130.97495360925865,91.50344173768306,1.7204597014775547,142.6003169321757,44.4330460991752,0.013212403106365905,0.05602165709612308,483.6,gm1_infantile
2.710383281351479,13.002134105258694,13.625032129147803,4.726006427870839e-10,7.647322508234195e-05,1.3607677544018517,18.926091551719747,5.3984242903419295,0.0,12.227178271183142,132.3429605819055,91.41008751871038,1.7078624071653101,141.34490531804605,45.24729248896321,0.013711709078734051,0.05723489081987854,483.8,gm1_infantile
1.8755381384605885,11.70069489555739,13.510100335240818,3.4057774476033565e-10,7.618227053106592e-05,1.3894565972605233,19.494050537752177,5.395655573218721,0.0,12.193341916293175,132.53450306201046,91.97377283383456,1.6803666471876912,142.4583151543518,44.2292799109518,0.012888938464204129,0.056065870127679156,484.0,gm1_infantile
2.9794416028740263,12.739190674540122,12.442824815611122,0.0,7.716577086678e-05,1.3763951205330165,20.144215347646504,5.4696142342415,0.0,12.170679476124615,133.39994398513358,94.54698853521715,1.6838139721814571,142.22608635305403,44.00888285491451,0.012406821374148606,0.05464632701116166,484.20000000000005,gm1_infantile
2.271861225979894,11.896527086016542,11.53359464730387,0.0,7.549942283287741e-05,1.3910100967996653,19.88943419943541,5.390199684014991,0.0,12.21645671727868,137.6002996090084,94.77472418171995,1.6777212073508339,141.29289164338283,44.39756785003051,0.01233592347089254,0.054402759418103394,484.40000000000003,gm1_infantile
2.4065977776630825,11.422377455709565,10.321360387995004,0.0,7.767918853737241e-05,1.4244194509747197,20.31678062845406,5.289747196935233,0.0,12.260641276032523,135.66847501692504,94.86922636465675,1.716429142616255,141.38787245125062,44.25976376248544,0.012632544081948438,0.054433422673981456,484.6,gm1_infantile
2.523926468258123,12.539986081612463,9.167683070259436,7.262354554072536e-11,7.602938915510018e-05,1.4169669128891786,20.27800831249878,5.167315284326497,0.0,12.270934978675067,136.10042292361322,95.0570336286839,1.7136224283439625,141.06643861132585,44.34412247954621,0.012341026220658824,0.05594428384646657,484.8,gm1_infantile
1.9137384816745333,12.40705260884473,9.348173604063243,0.0,7.784816124266443e-05,1.437634123063495,20.236934140786666,5.285531962136636,0.0,12.239032475157948,137.79435118933893,92.70919309262467,1.6346165241174033,142.25840592854632,44.64564824219778,0.012417963461482615,0.05765093154335637,485.0,gm1_infantile
2.9489389977604796,12.173719918889692,9.695127827724164,0.0,7.7103924281015e-05,1.4418955759686682,20.31827837790686,5.210831538053789,0.0,12.208146307825054,136.39920242753888,95.05158779583176,1.6291560852155311,142.48183795820586,43.79695060164415,0.013122464530891113,0.05649068485228791,485.20000000000005,gm1_infantile
2.2310430076990966,12.369567794274262,9.307509985201591,7.510520596033033e-11,7.421406069006222e-05,1.4692834956180394,20.73183598633907,5.169951605227261,0.0,12.185718671882176,136.57179874883843,93.56711550159234,1.6067869434994515,144.36303741032435,43.927156564662994,0.013129481849970143,0.0571016861307511,485.40000000000003,gm1_infantile
2.371816804383122,12.411916207325174,9.507583542885481,3.40805304897563e-10,7.47298454917658e-05,1.5058780314731774,20.619479353744325,4.959508637892843,0.0,12.178768191215974,135.22800991897589,94.51768108435107,1.6152185747333263,141.76320876164058,44.36268050359388,0.013662034357184067,0.05745654231995892,485.6,gm1_infantile
2.4733739867307185,11.459569095081537,10.422899297993668,1.0162706639237846e-10,7.209652121063771e-05,1.5065136289142702,21.0453911523325,5.106174271928077,0.0,12.175811357153856,135.29167628593038,95.81606151748795,1.6283664956522388,142.1532095527482,44.94725765473892,0.013221824836153076,0.057939595942666004,485.8,gm1_infantile
1.8927541624623943,11.592945567875969,10.259089024215744,8.458830490230108e-11,7.087675631997238e-05,1.5794433813036055,21.672070566924237,5.223783244117251,0.0,12.149504815495595,134.97015992715794,96.01158942569488,1.5971989779457059,142.94391983151604,45.63887804358476,0.012547906044834042,0.0567241216088915,486.0,gm1_infantile
2.9867328517330916,11.868763970699334,9.829518272751885,3.1646778799858406e-10,6.964004495255194e-05,1.5703285480528657,20.817135250586578,5.16549324312408,0.0,12.136265952385099,136.2079961605737,95.99984718048715,1.6206190390627926,141.93769504333136,46.632394065069306,0.012712650527905659,0.05697501625364873,486.20000000000005,gm1_infantile
2.3550161890347066,11.830047952267776,9.57971616535984,3.438639376797623e-10,6.750242972040655e-05,1.551070057810372,20.126578686232808,5.192686016522383,0.0,12.17044720057129,135.65672577623806,95.01729962092233,1.5890033135873984,142.337604136063,47.54191324923035,0.012663130189363277,0.05694923584341056,486.40000000000003,gm1_infantile
2.4738359835574886,12.117805573392149,10.003343124924047,1.194826108081539e-09,6.797188184233286e-05,1.5643884665775998,19.852397985642213,5.128304922704102,0.0,12.160213139772782,135.95018912652768,95.87067670246736,1.5906266850665873,141.68118425016434,47.64613085866929,0.012366032154091744,0.05792172162031597,486.6,gm1_infantile
2.541681951474134,11.531566156258634,10.19276728836145,1.3125281888057063e-09,6.638857259209389e-05,1.5794830604262413,20.04798670990573,5.35844220327245,0.0,12.15846106801009,134.90788283096822,96.55996920897991,1.590745397394656,143.45519673775323,47.39292027532858,0.012469639642273506,0.057553776275135395,486.8,gm1_infantile
1.8298071536715113,12.101775556043133,9.387873646510105,1.1797152236570806e-09,6.589320949597717e-05,1.576775417913642,19.9159932971363,5.2928259558067285,0.0,12.155231779668723,139.78953951748068,96.16878610201965,1.5650365594268034,140.64390745638505,47.83771504037351,0.01200594749924644,0.055957627859737215,487.0,gm1_infantile
2.8316778543232006,12.411170705994989,9.962598211164797,8.106938172950734e-10,6.623795417294039e-05,1.501709590922563,19.372585293806868,5.3161290372783085,0.0,12.182005942569585,135.7082546857342,95.27737674039749,1.5749068152484056,141.3677473128526,48.19323104183658,0.012035032583440993,0.05448569784445866,487.20000000000005,gm1_infantile
2.1695181502503624,14.254833350447011,9.406322628477069,3.5103088912948925e-10,6.697111145496527e-05,1.4712205811678414,20.220674232360402,5.672876268379636,0.0,12.190164176337893,132.48768690929387,96.65511732834749,1.5288242984209606,138.72599208869187,48.291156328864034,0.01215649880108257,0.05265069366648047,487.40000000000003,gm1_infantile
2.307071368465896,13.04878435073606,9.324426292992642,3.401760569908395e-11,6.574128507238953e-05,1.486230089879526,20.260129230308713,5.694438176205813,0.0,12.209447732457441,132.49944314012205,96.06454242940525,1.5414596516343797,137.82490594053013,48.098863946638346,0.01242326474553078,0.05375479993619478,487.6,gm1_infantile
2.4224538022444837,13.74965025636094,8.830774345833449,0.0,6.436601214456241e-05,1.483915160527761,20.54252187272163,5.7101428991659855,0.0,12.21292727796614,132.2905186835049,97.67196568038256,1.5105698616039236,136.48904627569112,48.386495015537086,0.012827256627494286,0.053284370179477396,487.8,gm1_infantile
1.8276887964965018,12.905418804014284,8.675742718570314,2.2148610951556598e-10,6.640561798612039e-05,1.4738922852423124,19.981433984472236,5.651861471786488,0.0,12.246441528010351,130.19910166905203,98.12664030974437,1.5175990401730701,137.54134826379854,48.572994480889506,0.01279942758437354,0.05374163057994711,488.0,gm1_infantile
2.9190508558795516,14.189802688915618,8.299302781517126,0.0,6.386617935014223e-05,1.4246100182680987,19.242814713015047,5.392627582557684,0.0,12.269604939671522,131.38153375619882,97.35171170443508,1.507674872402803,141.19313963494895,48.98172565793159,0.01282041600889292,0.05383150935828313,488.20000000000005,gm1_infantile
2.265983580983083,15.957258759186821,8.312415979941097,0.0,6.128349359596947e-05,1.406309768556769,18.895841284285,5.4343193220245665,0.0,12.270654419196818,130.395728223767,95.96460428644549,1.4859359943004282,140.73054186759398,49.06747266993453,0.012736406764304771,0.052781893358025814,488.40000000000003,gm1_infantile
2.3995514597833445,15.652840025580005,8.05942190928522,0.0,6.355401404188373e-05,1.4004190210151064,18.12110376972251,5.625204447382608,0.0,12.309746993235796,130.404573782236,95.00333099354724,1.4696033591378939,142.76698048238194,50.15367718648138,0.012448571679273455,0.049836040711105506,488.6,gm1_infantile
2.5070391643973085,14.917584454616467,7.934360757592718,0.0,6.386905449524772e-05,1.3789091179207722,18.1624484627263,5.567579270139997,0.0,12.324479839493513,129.70054573458927,93.4503051109193,1.4568421893170167,143.0104125021001,50.198073077559044,0.012601489196846984,0.05027269890418724,488.8,gm1_infantile
1.8412265293610266,12.791278267515803,8.089435087755017,1.8721432996568038e-10,6.330914346345359e-05,1.393244150033692,17.663594304664286,5.487494373897218,0.0,12.343433917200972,128.21154300698316,96.11532605391724,1.44869833498747,144.399757068237,49.88281686234444,0.012955936978445964,0.05170205325220575,489.0,gm1_infantile
2.881623869838266,12.966165607810046,8.619662512447766,2.3398770059574357e-10,6.175008719482609e-05,1.3928939070113546,17.30219975771354,5.4825466549409185,0.0,12.35345019667362,125.26311074653911,94.72036483032564,1.4349982658022873,143.93456946820564,48.895548304080094,0.012673623604527772,0.052555268511686,489.20000000000005,gm1_infantile
2.314755845690977,11.516118110813458,8.440427961087742,7.250588194181539e-10,6.202298459133722e-05,1.4009716150568778,17.56331440695165,5.315005943705303,0.0,12.366209892893222,125.5468706055351,94.2658843697455,1.4357926626943867,141.59695867121664,49.31859115359962,0.012245118634413934,0.05154968858077887,489.40000000000003,gm1_infantile
2.479133253429113,11.820848019719865,8.274389033114623,2.204424985455522e-10,6.169544796406628e-05,1.3831602900446767,17.779199130180846,5.22375135329962,0.0,12.32772833056186,124.93221955152869,94.44949340356938,1.4152350451016722,140.02368513029998,49.862482632958205,0.01252541239178603,0.05181583955488296,489.6,gm1_infantile
2.5527048620667676,11.580310521810446,8.503524817024811,4.4909778778848835e-11,6.271566709419473e-05,1.4053524225138647,17.965605959559646,5.147663780921018,0.0,12.282224513365293,124.9490197562436,94.38806882100829,1.3911947630483323,144.4010673788294,50.25048446866535,0.012264296455021133,0.054196252033155916,489.8,gm1_infantile
1.9125821988890561,12.27843123689575,8.551234029331498,0.0,6.197839101971117e-05,1.4397825095123884,18.368448203570747,5.123269412998295,0.0,12.290311782783485,122.98190078449112,95.11878230496112,1.3798751291179854,143.07181431204685,49.83503588036922,0.012520006710870443,0.05204123193846343,490.0,gm1_infantile
2.980929729194254,12.523563239337422,8.55309581198098,0.0,6.239285505713219e-05,1.426321122995558,18.099805604335753,5.117803853950432,0.0,12.248528883884708,123.92382926349286,94.98274808532683,1.3776950002993498,140.02919098098255,48.68949119678762,0.012587609130337504,0.05053054045619135,490.20000000000005,gm1_infantile
2.400331371616612,12.086934873433442,8.801863894906605,0.0,6.12631865229048e-05,1.401063898391961,18.27690929734929,5.206416276725489,0.0,12.264456266423709,124.05394528800996,93.34381247545438,1.3866652876421546,139.33764907784766,47.03094998956287,0.01245002431371463,0.04860032654973075,490.40000000000003,gm1_infantile
2.4434010609232786,12.050503389866272,8.789533857003764,0.0,6.172941819537872e-05,1.3961304047346401,18.03790639348296,5.201015209364096,0.0,12.205351451833383,126.34429304381082,92.62334080774154,1.374236281257044,138.4595000024104,46.5008149827295,0.012135991628458194,0.0494783786548526,490.6,gm1_infantile
2.5500481926477208,11.00805589345098,9.075243709269122,1.4293344147476014e-10,5.9451886717102925e-05,1.3985684930864268,18.316651623121796,4.972098635247255,0.0,12.186665997165989,127.36594904659292,91.52075187143167,1.395665666931451,137.88328564888974,46.14700554227935,0.011914443782633004,0.05040295788517575,490.8,gm1_infantile
1.8978193770323528,11.842678896947412,9.145135704401977,0.0,5.923376419226555e-05,1.3976534491129267,17.599476848617215,4.978160130182536,0.0,12.217172977251321,129.32740580640302,94.5545015387298,1.3976166635523666,138.79024313460593,45.802842415266085,0.012400433420670376,0.049356003493489585,491.0,gm1_infantile
3.0175576179882038,13.01039111411398,8.830487086550958,3.7550197363056776e-10,5.959005263544182e-05,1.3853190644135662,17.520924946238416,5.018293158737891,0.0,12.257785256351712,130.40939344518526,93.62856101170286,1.413561112476884,135.44823013089098,45.597015373869496,0.01229252816002963,0.05003615612699697,491.20000000000005,gm1_infantile
2.481492697412685,13.383291328608605,8.727436890485349,8.47856418860764e-11,6.045985805193762e-05,1.378436236112165,17.279357358496828,5.153532398656846,0.0,12.231242375149813,127.89984526434887,93.55288117411494,1.3939783973917876,133.0366889591635,44.99680624041486,0.012556129986900305,0.050716678390535695,491.40000000000003,gm1_infantile
2.710360525060771,13.028414685984746,9.312558129995505,2.1112806508926464e-10,5.9455390466183454e-05,1.3727622936791577,17.023862515989222,5.187410794033194,0.0,12.22089094007374,129.45681058669942,95.20906017189844,1.4242172481564597,130.86019038899062,45.00158608197645,0.012728880267871641,0.049446069765623775,491.6,gm1_infantile
2.6659250120355327,13.168171315869229,9.166151597125372,8.28156985345467e-11,5.857937060392754e-05,1.4247907046276918,16.823451565199417,5.2649209278574824,0.0,12.174553296017145,132.11422119493153,96.05440222092263,1.4290742288400724,132.64074746608924,45.00719188252411,0.012953971166435027,0.047363314835263216,491.8,gm1_infantile
2.075938505252052,13.442752674400428,9.280084691483696,0.0,5.804447227026572e-05,1.4163968235263202,16.313348043373026,5.293281494557887,0.0,12.135648932756775,133.06168994755933,95.55793612595782,1.4204841616493085,132.68347637709178,45.09596169414766,0.012978660410117134,0.04613114273305171,492.0,gm1_infantile
3.124437963354154,13.516662946127369,9.564748945959858,4.649639241600512e-10,5.535789039721207e-05,1.4304067804235077,16.254400474895515,5.417214361296362,0.0,12.160784106896095,131.26339027608927,96.11978388950415,1.4276403568898142,132.31535895601698,44.50996861600001,0.012843128165468226,0.04704457442560545,492.20000000000005,gm1_infantile
2.5465167139967186,15.236099089871164,9.820631925560907,4.84926836232518e-10,5.568110964400365e-05,1.4785167279900562,16.491380861997655,5.393983732157785,0.0,12.156166178279063,132.02476778528967,95.19976471888282,1.4173301036085217,132.11435523922825,44.27744316585718,0.012986892005091125,0.04770953763823084,492.40000000000003,gm1_infantile
2.6346476295550287,15.69662084810425,9.933640581698224,0.0,5.436463666131449e-05,1.4951750598600895,16.10803943469003,5.4720511650959605,0.0,12.148678168006743,131.05890108429688,95.26129260775521,1.4180361993304968,133.1507717397391,42.94601472472498,0.012746470229767987,0.046591709923260324,492.6,gm1_infantile
2.5424252104690006,15.343410146689296,9.358565166058758,0.0,5.3543644261251314e-05,1.5051743825023465,15.988635226965789,5.171836938401917,0.0,12.214319628369482,133.04285841742197,96.18355816587089,1.4158073978340617,132.1943785843899,42.6673362008725,0.012786777659289537,0.045374459769509976,492.8,gm1_infantile
1.9454875464014774,14.855685571934092,8.74664656584889,0.0,5.483506334317022e-05,1.5067323366196037,14.527849204010428,5.0432339941164654,0.0,12.20589851866974,134.05294725983768,95.72304425762132,1.420772181656112,132.18105724052558,42.343288428720896,0.012922661278529255,0.04690741142586607,493.0,gm1_infantile
2.990922625687864,14.879999355231513,8.508437247931514,3.280003766647635e-10,5.397896722460955e-05,1.5197226995240587,14.863753521635934,5.153712139801721,0.0,12.232125893522353,131.8803814552458,94.67584682422446,1.3962827266127489,129.57706486388815,43.264213089710054,0.012612048654749247,0.04569152849151012,493.20000000000005,gm1_infantile
2.335672708446607,14.44919453921555,9.506001166977809,1.6387828872669916e-10,5.428956206269955e-05,1.4964548338890105,14.238241241397835,5.018181414910397,0.0,12.212037103970015,129.15629857658683,94.90178744314295,1.3915271008832202,126.86405940056848,43.36768451040949,0.01280067692191505,0.04688373519018406,493.40000000000003,gm1_infantile
2.336482405574582,13.92981474360806,8.993211383017881,0.0,5.577063752315398e-05,1.4749318273260532,14.102777170922481,4.885054446646235,0.0,12.149124245050574,128.28356789126158,93.85723415079754,1.3614072391620602,128.70428815465496,42.372632061245845,0.012641257018300314,0.04675212401224514,493.6,gm1_infantile
2.421173815002349,12.74543136123245,8.981319723149628,0.0,5.65511704226001e-05,1.486463128855891,14.91543977753359,4.893203120057819,0.0,12.139103881931563,131.3547820038356,93.922947550434,1.3614302839627643,129.57888692239524,42.05302156341117,0.012472598006846278,0.04727089887606929,493.8,gm1_infantile
1.880776053634955,13.267763694842131,8.976640961558275,3.743141135562343e-11,5.753834487300341e-05,1.4554849087867774,14.94598760719288,4.516338949207873,0.0,12.117606197806417,130.1078892489089,93.82269739338092,1.3746430366993092,133.7386142361148,41.23261755833009,0.01221008327599691,0.04746369138128208,494.0,gm1_infantile
2.8946387459861684,13.856523628638056,8.949683014899199,3.39523300164231e-10,5.697498856128846e-05,1.4676103440443733,14.606311091534835,4.782790048436986,0.0,12.098171297307577,127.73597749930619,94.88721454663866,1.386508741601166,131.47973765509363,41.83794745489289,0.011993607436939276,0.04782679150195861,494.20000000000005,gm1_infantile
2.306803178708446,13.843479235461038,9.376369763331413,2.179664286737616e-10,5.716603218445058e-05,1.4582774918648842,13.937775898795199,4.770087785999327,0.0,12.135621843626355,125.51306400103725,96.50946141347754,1.3849530765227005,132.12065746319033,41.11814709429597,0.011884319914446679,0.04707117110043837,494.40000000000003,gm1_infantile
2.5485732662460583,13.390458871491552,9.914057484478004,6.541251163141674e-10,5.839792898434626e-05,1.4407386694664301,14.695381595312277,5.039571953204301,0.0,12.12272626477442,124.17481025176318,97.16749966279787,1.3879653759825779,132.36286978240707,40.43190859580252,0.011866565584019408,0.04824118069936763,494.6,gm1_infantile
2.6680916117209312,13.211439256423958,9.87986476533178,1.8866514718558847e-10,5.728750864831445e-05,1.429881832488274,14.994776276025343,4.93273714464915,0.0,12.143009490748968,123.58088016355339,96.1225030047544,1.405021430134395,133.09400860492775,40.37286257396651,0.011747252310095595,0.04860175274847168,494.8,gm1_infantile
2.060741385196144,13.505739206997365,9.944110801660448,0.0,5.634800128312665e-05,1.42338429682874,14.655669897111036,4.790295563788454,0.0,12.169632015302408,120.30231642195903,95.66337735227602,1.411945393361514,134.93103550091368,41.413120110809864,0.011653515001965754,0.050741759434789306,495.0,gm1_infantile
3.082781037105671,14.120878174842781,9.497479798266113,1.1137002343726974e-10,5.725463751625704e-05,1.403809783087836,13.720944698102251,4.819307246140276,0.0,12.205993150833224,119.56056904630587,94.80785225830192,1.3916863343693842,133.69348071674048,42.97076156235212,0.011221401541771052,0.049196136169199434,495.20000000000005,gm1_infantile
2.4054552739297788,15.895794433968488,9.862145755813366,7.545671550035733e-10,5.65204647239361e-05,1.3672563197055008,13.645331820716562,4.816652560814904,0.0,12.199879519952365,120.63890285495036,93.95262264777803,1.3764290918309041,131.45209037414074,43.13216668460025,0.011222946031281697,0.05035984736868111,495.40000000000003,gm1_infantile
2.597132376341512,14.903841529874274,9.948297984073788,6.035193549574518e-10,5.4371456589187904e-05,1.352358599964048,14.331561854328308,4.7565306366436,0.0,12.198185119785125,122.24550692765523,93.61534013196999,1.3809540114160113,127.39251735749873,43.507019818243364,0.011253548716961279,0.05131313032061105,495.6,gm1_infantile
2.5519103250323583,14.74005098019524,10.435807226967952,3.4710130807563184e-10,5.420248990112826e-05,1.3404538672589406,14.27003704846769,4.936113465866881,0.0,12.196539413709928,122.77197751821325,94.84683494183987,1.38088579071321,128.9853556539729,43.51593818995541,0.011258564852789085,0.05135274661434384,495.8,gm1_infantile
1.977801794722872,15.248538289840674,9.959518751203943,3.56275119671118e-10,5.4631378674598554e-05,1.373948526065539,13.978339156931295,5.025213274005014,0.0,12.201498505286736,121.12531725830134,94.87189047512136,1.3890388306461219,127.23370203182667,44.410749046924,0.010851402654241263,0.05191988509138559,496.0,gm1_infantile
2.894186692807051,14.979994783803658,10.232661590572166,5.720528972226871e-10,5.427062793963852e-05,1.3659503766699124,14.281591862818205,5.159584811767035,0.0,12.166057043653575,120.92029082084318,92.16499421417328,1.3658529277222928,125.96765861646367,44.966272145196136,0.010711144345861026,0.05153105821270762,496.20000000000005,gm1_infantile
2.2853936126184875,14.585783887606812,9.402881305745032,2.644559784551471e-10,5.38936810149678e-05,1.3753901918486129,14.28448112613059,5.218881818314954,0.0,12.196305425581798,121.32060872331257,90.82000124631173,1.3454626676318029,123.97140931298159,44.35731533668959,0.010711094024295606,0.053697769557929945,496.40000000000003,gm1_infantile
2.432122085083007,14.54145080877374,9.874634937775333,0.0,5.4935021536188226e-05,1.3973116031160788,14.389144809227567,5.512590061757705,0.0,12.197268932849928,121.20681075734498,90.34944076865169,1.345430048142251,123.74918139573207,44.20491065934732,0.01063608259402289,0.05222871014975976,496.6,gm1_infantile
2.50203751177377,13.40246220747423,10.102228414006627,0.0,5.455117088186238e-05,1.4175273852810815,14.129873406458122,5.373398519620809,0.0,12.224928151506079,122.31576764316927,92.03214064894884,1.3765503111284452,122.99797714935228,43.8230968289252,0.010193924943389169,0.050907389239282404,496.8,gm1_infantile
1.8841336644322177,12.108043903594004,9.635720841741259,0.0,5.542003058202692e-05,1.3973367063009436,14.248866001790766,5.617796319137109,0.0,12.254372292998339,123.05795475822029,93.66284499035332,1.3965153409112876,121.86668362827454,43.86367621849865,0.009843720187248483,0.05026222870641438,497.0,gm1_infantile
2.9287367457947755,12.327402859344192,9.973797374525585,6.626872423546663e-10,5.46473830021641e-05,1.424160194246412,14.42662278493602,5.382445488369288,0.0,12.257272280474794,121.79701736890324,92.41255457867796,1.3784737717670343,120.94218138979254,43.39714248929214,0.01009634479470671,0.04753023206872583,497.20000000000005,gm1_infantile
2.299457170995453,12.909350858648557,9.540253177891833,5.048452405808224e-10,5.399870541946561e-05,1.4201044422245042,14.745830537098366,5.432890085215355,0.0,12.215831684309416,122.18490129059911,91.65481587147437,1.3707062418579783,121.27492274016453,43.18580450894527,0.010143326401158007,0.0502261251121546,497.40000000000003,gm1_infantile
2.4674869814772493,13.953634995091134,9.774793995310255,4.579230407093607e-10,5.4408148223783614e-05,1.430163337218808,15.145400354465156,5.407205009530307,0.0,12.175519740723189,123.05959698877703,90.3350440770449,1.3854069434181062,123.43982896362688,43.100216225548834,0.010399186162997414,0.050465122459396064,497.6,gm1_infantile
2.561037848753012,14.088326875996293,9.45021062116792,9.98868822439012e-11,5.2213538012964105e-05,1.409394469014616,16.078451833777518,5.159139379864237,0.0,12.15333312743277,121.92610475919915,90.72066968010257,1.3759777830719502,123.06914559878052,42.654178867665784,0.010266085644851375,0.050344922835273274,497.8,gm1_infantile
1.9393768245421399,15.759273660995937,9.48346901282214,0.0,4.915773580606155e-05,1.4133524018911756,15.26989604284724,5.224101950787262,0.0,12.174762418094048,121.010038319654,90.8099015760362,1.3905326432805205,121.50011264413926,43.04883878626837,0.010373539559346868,0.05014054253217532,498.0,gm1_infantile
3.0391375763091037,16.114177282951616,8.884253104553162,3.5228407564539186e-10,4.823074453355689e-05,1.4315565085996529,15.433366563218298,4.849256922412782,0.0,12.168455700813332,120.38748488720664,90.35340185214531,1.4072490157765478,119.97261662103602,43.73921453070258,0.010003885599029292,0.05042059110016949,498.20000000000005,gm1_infantile
2.4289843511968283,16.897815271839374,9.06901954265907,2.0943429850362665e-10,4.74362717024359e-05,1.398455729539681,15.185655725119656,4.732429088708176,0.0,12.21735893159777,117.76596943325168,91.78671525605048,1.3858555746978347,118.31411327571219,43.173806747647596,0.0097362455273542,0.0514189205235934,498.40000000000003,gm1_infantile
2.5625271261078524,16.66275815652564,10.35794832385085,1.3495007470723613e-10,4.729822364004278e-05,1.3793055760963795,14.912153744110245,4.6872915315335835,0.0,12.23269640588989,119.95710694702855,90.96085828303187,1.3988599615860242,118.7790531414259,43.468128202718816,0.009528291157136996,0.05018457674370973,498.6,gm1_infantile
2.662892808733763,17.474837471672984,10.154305307151342,3.096718308275165e-10,4.838270035651849e-05,1.3683502507437928,14.407112689383167,4.550916216813256,0.0,12.220227374402588,120.02433490482304,90.99538592368823,1.3957443382610846,119.84024552561249,43.06762290840412,0.009780300129571437,0.05119794763385658,498.8,gm1_infantile
2.0765684836397176,16.87410888956911,10.206186093244291,5.310438755406097e-10,4.796127971201319e-05,1.3492889600815319,14.202005575315656,4.50593264596454,0.0,12.298637284976152,117.04616697127443,89.85909969964685,1.40899353643672,118.71660151178301,42.90746417896484,0.009845293493189041,0.0523397647695686,499.0,gm1_infantile
3.061049462304102,17.636559994514982,9.549418211713128,2.622928732861104e-10,4.829105315923764e-05,1.3957146406598182,13.928174156984948,4.41572249869596,0.0,12.29982315866057,116.05708940164916,88.45886076432271,1.401342051952572,119.51955115126628,42.75933978845149,0.010084535950638171,0.05212592883383891,499.20000000000005,gm1_infantile
2.4341338673425654,17.98307090553139,9.505828377738759,5.351234595906757e-10,4.678925857807908e-05,1.3798530763829342,13.859481035768676,4.5052071828522555,0.0,12.277146765480682,114.71925671776883,88.61305374543602,1.3746461632037856,121.11931213359912,42.67501433131317,0.009801757494326989,0.05070345892863987,499.40000000000003,gm1_infantile
2.5513760798461966,18.202982845110643,9.321682589001073,4.1966697289246175e-10,4.542390579839487e-05,1.3714238877560236,14.511214883466657,4.811264788221395,0.0,12.288731419058578,115.47149585887614,86.65026064452854,1.355735354788955,117.37713364879144,42.977143433664644,0.010215540116904117,0.05187309815288457,499.6,gm1_infantile
2.6258820237194507,18.06691579332176,9.32384446223002,7.976004468760172e-10,4.5450432374836835e-05,1.3708882004748455,14.16530981649384,4.9113905555044814,0.0,12.299367845537741,117.1732052678208,84.83441554636265,1.3526456554069013,116.66520404732147,42.716293694708284,0.009940793700595668,0.050981699486614865,499.8,gm1_infantile
1.9326310155354411,18.861993037405238,9.627112215172048,8.326895132301612e-10,4.3341077808418065e-05,1.4174572966569599,14.097961605539105,5.1616968498662,0.0,12.292721491337646,120.56583048533454,85.55105970026595,1.3508052797300942,116.03816569773946,43.35584348009243,0.009800065242842194,0.05049850540755209,500.0,gm1_infantile
2.9387250154546565,17.923863715001644,9.487008657674805,1.5859180382281911e-09,4.414436635340554e-05,1.4213176655638897,13.965599468257327,5.0712785536178115,0.0,12.341716883923244,121.16020795921636,86.4828093010953,1.356581049417626,114.66125605987214,43.45697698423292,0.009545268651589606,0.05181333580109887,500.20000000000005,gm1_infantile
2.250968034766415,17.428716591444715,9.974366196394044,1.2811966939933093e-09,4.374107180097666e-05,1.3536921322192121,13.921638352404914,5.144112999989288,0.0,12.35688324009957,121.25440045668682,87.82137381469751,1.3453711988547727,114.29155775946724,42.64959389289056,0.009504334467637036,0.05127289563966322,500.40000000000003,gm1_infantile
2.4439571170854983,16.777915665549198,9.89622935863981,9.84815423897144e-10,4.358176424136535e-05,1.4006675210550394,12.772927503082816,5.138647030052986,0.0,12.342395980487026,122.23197536786401,89.2793133577325,1.3427969283578334,113.28838927955309,43.23253806012708,0.009588984049221738,0.05114766906995668,500.6,gm1_infantile
2.5753625689169786,17.648857671100995,9.968678844070705,1.0148242008941526e-09,4.390868142929425e-05,1.3870396779180718,13.302132290845218,4.988810757309207,0.0,12.363318388253715,120.62787096759948,90.38822578775218,1.3484844261893678,115.32593713092358,43.63148484594155,0.009532743307855406,0.051359601821136774,500.8,gm1_infantile
1.973405825086614,19.65196869972806,10.121050038094676,8.816969487985087e-10,4.353058372676481e-05,1.3896479851204304,13.007355989820255,4.941814831873262,0.0,12.33869594925823,122.05887239466753,90.47548329845208,1.3373964837104013,115.08659216696732,43.52806543102974,0.009522707021035184,0.04960409267902327,501.0,gm1_infantile
2.947762390286453,17.985981056964295,9.879954709870459,5.735249388926347e-10,4.235023665472877e-05,1.4067152579559266,13.776428419254252,5.058758533432676,0.0,12.344218793265092,122.066942730133,89.79495776533166,1.363702564694653,118.22217821319568,42.71888533549123,0.009813073957850752,0.04890090049636561,501.20000000000005,gm1_infantile
2.289376117055717,18.30841739335848,10.712829348746896,6.028283708851542e-10,4.256264492404241e-05,1.426272598343319,14.240043699473777,5.123220223217475,0.0,12.327448794094401,119.37618029794204,92.07854955378298,1.3469562794796404,117.35949603970595,42.57336576842997,0.00968121836239957,0.0480620541944312,501.40000000000003,gm1_infantile
2.4481479853207575,18.685537777156956,11.12125785111464,7.450298418265433e-10,4.19870399110026e-05,1.4135416068223228,14.736149771459022,5.035010999929054,0.0,12.35281966642002,119.47417156461933,91.5102567980472,1.3401727955498135,119.13069869743032,42.95402943119398,0.009710944558557597,0.04677453410546403,501.6,gm1_infantile
2.558131267681188,18.399998745894763,10.780398929556034,4.728631508173446e-10,4.2467283751164036e-05,1.4432460012776607,14.374280608811059,4.901969577222825,0.0,12.341244275757443,120.49082159152962,91.04684748186362,1.352814744074076,116.93248484562518,43.31478973649276,0.009244124432039395,0.047703304816671135,501.8,gm1_infantile
1.9429172521226798,18.79815506582084,11.002731931768142,0.0,4.360457359403533e-05,1.4497898068280834,14.721492086600687,4.79276754103216,0.0,12.304871774428866,120.8554886250791,89.96341557960478,1.4487993196794833,117.87862049638277,44.136673166173836,0.009172046583614452,0.04808078872893164,502.0,gm1_infantile
3.0118956465868956,17.566644350267783,10.786832171380052,3.444622777974699e-10,4.320716575469485e-05,1.42839651301907,14.513841215349599,4.638813563845089,0.0,12.258015173606061,121.0513181844162,90.83792454217087,1.500033801206732,117.80216522866148,43.42343087826798,0.009145746703098786,0.04879204416478465,502.20000000000005,gm1_infantile
2.425520815454359,18.545269679413472,11.153886299971617,3.0769856979321733e-10,4.3741267736450374e-05,1.3963316024975412,13.8060375688954,4.924041686194574,0.0,12.272382121445368,116.70749693495905,92.79723934750531,1.5246798767763046,115.33996706035961,43.28008667741939,0.00917994703523907,0.04738154289796056,502.40000000000003,gm1_infantile
2.5543823193890103,19.54177897041754,11.416092689138086,0.0,4.255311948196575e-05,1.3911987718936165,13.79590373699868,4.896917280746174,0.0,12.222700351477448,118.1144714297016,93.63172101974816,1.5365648343911706,116.00098787156935,43.157198185003615,0.009035697911930696,0.04626598083492668,502.6,gm1_infantile
2.7152747050998878,19.441689917790164,10.714879109992669,0.0,4.043527542794607e-05,1.3953634780548303,13.931764054571245,4.8316893616214465,0.0,12.237806555701061,118.1159024309626,91.27241649628975,1.5626907985849614,114.53755053016872,42.44297514728462,0.00929421870452131,0.04732663177634319,502.8,gm1_infantile
2.038840872392511,18.134198284739128,10.422262189813152,0.0,4.137801735402728e-05,1.4260200695067398,14.074427121157893,4.927794830880413,0.0,12.21367006399324,115.89476083394636,91.72282781683884,1.5826155679270228,113.75358300139173,43.16975779693465,0.009193811877283945,0.047365710155786354,503.0,gm1_infantile
3.034989231490349,19.236343162054137,10.766554948326677,0.0,4.1273097940210896e-05,1.3939269119184443,13.324285219694934,4.8559434637560805,0.0,12.227913110871729,115.78340888908534,91.20214906838726,1.5219762522948284,114.56758449592476,43.33434758489126,0.009342121399365749,0.047344922410520976,503.20000000000005,gm1_infantile
2.451715567943989,18.703817386790845,10.874953186616002,2.5748732009196213e-11,4.171118596548525e-05,1.4023087156513283,13.594200157873027,4.900639611215282,0.0,12.252305550411299,113.354195893703,90.48990416677859,1.5560145431472883,113.5362542680303,43.330524140712264,0.0096156700637937,0.04716196617943057,503.40000000000003,gm1_infantile
2.5023416349084844,19.87137571001878,10.846912988156628,0.0,3.972774295685006e-05,1.3970680613759154,13.932977511916683,4.848436239532935,0.0,12.238873757693149,112.57482736203589,90.23897678740842,1.5461973614125437,116.10440295264566,43.54823203944977,0.009227311470355578,0.04718796564125289,503.6,gm1_infantile
2.583853553630772,21.08439328730186,10.912155837050816,0.0,4.124834542250911e-05,1.3685692467352863,14.313783037000356,4.865888195522555,0.0,12.22087431362259,114.80067726755877,90.8608698740974,1.5597458500875123,117.489010046621,43.789112982764145,0.008990391485344293,0.04550921630928373,503.8,gm1_infantile
2.0548917654842698,21.196942147807306,11.118654099092163,7.900421460802004e-10,4.0103020285870686e-05,1.3062064982027375,13.712247069885347,4.811342710399049,0.0,12.25868754060134,116.25264922823827,87.84524711437226,1.6204987583776067,116.8226185517189,44.55602280317651,0.009080762105534807,0.0454669356077386,504.0,gm1_infantile
3.046374232565269,19.734265858606022,10.660764219344186,6.512566110002815e-10,3.870707617810072e-05,1.343392314560682,13.860224783903334,5.120845903978678,0.0,12.242235526991653,117.3080560316341,87.59749722778612,1.6426881055821874,119.07171421940842,45.25447871310496,0.009341763640134206,0.04625807134387238,504.20000000000005,gm1_infantile
2.344365020996589,20.991640612116633,11.141681681142924,3.765989359411803e-10,3.8120017645894566e-05,1.3392360504209686,14.378448194837668,5.140236141951362,0.0,12.237604170868801,116.88500059128273,86.30046413802518,1.6609345873401185,117.42471626865851,45.32924570061169,0.009235883997601245,0.04700902215114581,504.40000000000003,gm1_infantile
2.448211074141153,19.719391794820172,11.803937727190494,5.2611289193829686e-11,3.8090087786706645e-05,1.3681443435753815,14.183434650418905,5.12761974552392,0.0,12.240926354255215,116.91036854267199,87.43582610414526,1.6476908397776764,119.42412962154877,46.34897507821184,0.009268388075613922,0.04613649447415353,504.6,gm1_infantile
2.5427130163357288,19.482830741062884,12.883971952250128,0.0,3.912417039066353e-05,1.3688885484817392,14.278434253544946,5.072764092620351,0.0,12.265028036381684,115.9072509204141,88.6309295049279,1.6803606684325727,118.44870862061923,47.13540786006735,0.00946747581492671,0.04699353943222996,504.8,gm1_infantile
1.8972411547526784,19.283725485775765,12.882758533251943,9.637232378316472e-10,3.894909021484676e-05,1.3624087239248217,13.915830246867783,4.936535764351796,0.0,12.274665917077328,113.85533514255201,87.90162950556913,1.639237910706359,120.67161953346934,47.22870667921876,0.0095122709827038,0.04581284766664208,505.0,gm1_infantile
2.9873684186345613,20.70205933729385,12.984816556903,7.221705169576639e-10,3.92675032800725e-05,1.3784611876738342,14.327132554640762,5.030596711545892,0.0,12.255393685156484,115.405699013302,87.42848633449043,1.585548555185557,119.88630383258462,46.90464571114183,0.009542429631986479,0.046631289790345164,505.20000000000005,gm1_infantile
2.3496140560199437,23.030712980743186,12.777829807529953,1.8428499499167285e-10,3.934547557160423e-05,1.3630834321830372,13.981498995808717,4.985309559880345,0.0,12.236366434380532,117.93110404438998,87.63699983063631,1.5807663413467763,122.45172979525901,46.74597247798288,0.009262245731071936,0.045219792240094474,505.40000000000003,gm1_infantile
2.465859773689542,20.860941650815963,12.282028282402255,0.0,4.018673254731522e-05,1.3929801985858503,14.312064780141517,4.986869581990888,0.0,12.246721742182075,120.9165528391832,87.86468866371634,1.5719335711582312,122.14592397422274,46.60659073441701,0.009355912519618101,0.044406779616854325,505.6,gm1_infantile
2.580868953432214,21.36985696580802,12.59237599420829,0.0,3.988184643425357e-05,1.3779171089289306,14.347988541542287,4.894751275370434,0.0,12.251565090014106,118.44144889977825,86.37354106132022,1.5984325299284745,121.81006616120546,46.39160155975968,0.009574095779836714,0.04421001759454526,505.8,gm1_infantile
1.8940881709046014,19.98681434088117,13.073229942454175,9.256798799405928e-10,4.0468088721846946e-05,1.3665624239758438,14.32775957596755,4.906568308048225,0.0,12.251932386775518,119.5048148096756,88.51766670670871,1.622770742739338,124.96321971853122,47.47839831963828,0.009855948427515844,0.04418956748492782,506.0,gm1_infantile
2.9497290862757715,18.052905547816998,13.224074253488103,1.064734283132541e-09,4.004051050029056e-05,1.327438498858056,15.018256918680393,4.966257845588266,0.0,12.27200628740799,121.84534528873309,89.96887195924252,1.6087130907864644,124.05341225109503,47.23086263238686,0.009623262274531056,0.04592178023555959,506.20000000000005,gm1_infantile
2.310899374612712,18.559356231037537,12.483656950168347,1.3147580739545185e-09,3.950543185684303e-05,1.3557952658747954,14.806953535482661,5.157467824231593,0.0,12.258957807231132,124.2955363355968,91.41926550125365,1.6202062059912528,122.3499417277249,47.766094063773984,0.00961598325923455,0.04592432458684504,506.40000000000003,gm1_infantile
2.444463614436509,18.436188863141382,12.068176622729876,8.072944636768127e-10,3.7845924818406305e-05,1.3611095203519252,13.936936059282788,5.251680367640689,0.0,12.25038649384736,126.12406526593824,91.15203366321956,1.63005062439373,119.13001430472707,46.37436290542621,0.009544036800683742,0.046312447652830914,506.6,gm1_infantile
2.5946082781591824,18.198447473772877,12.27033911357811,1.0467059581645381e-09,3.757712548993406e-05,1.3735049665712407,13.606726774950294,5.009537996819117,0.0,12.271351749026921,125.02510856808989,92.00373659029925,1.608387792871391,118.17218791108682,46.55430178072157,0.009381340586622818,0.04575107508232519,506.8,gm1_infantile
1.825656337866008,19.012292591922638,12.261813175867319,6.79368452709274e-10,3.898883149195145e-05,1.352264044751928,13.509995898899575,4.881246641837655,0.0,12.310481323943929,127.3872330642654,93.70390677610166,1.5962808519742668,120.82984841330017,46.460684340165464,0.009042358880658442,0.045268870806979764,507.0,gm1_infantile
2.8964307953202,18.15821728168331,12.418809998931563,8.110843026224884e-10,3.918275988032854e-05,1.366253337538139,13.54422608637032,4.800151915755674,0.0,12.307782075973082,126.5643905276841,93.60041604212239,1.553430755207795,118.35307517205045,46.80844725819117,0.008697531362413876,0.045029445175079674,507.20000000000005,gm1_infantile
2.2143089982539363,17.34670894047891,12.517092998419002,7.398159724265262e-10,3.949778978841785e-05,1.337617287410973,13.320160507106333,4.962239616504189,0.0,12.317578925699165,125.82067627419455,94.22020825096179,1.503518019861117,120.16985591069746,46.550760849736726,0.008438615464439119,0.04392511655942518,507.40000000000003,gm1_infantile
2.3542482153418463,17.170786916018034,12.624671170308382,3.2415001283534964e-10,4.010684304975182e-05,1.3232192227923225,13.22445923677835,4.942575504001547,0.0,12.316368090644456,125.00463822548838,93.85495689605526,1.5298067627262955,121.84433348638596,46.808239479990156,0.008447873373645262,0.046210249942118364,507.6,gm1_infantile
2.4981012084833214,17.299142984683584,12.531826024081123,3.8894614881719076e-10,3.72983434062746e-05,1.3458477652347958,12.895339723750178,4.863047439403649,0.0,12.295826641773592,124.53238728073613,95.02468071847215,1.5578791979625455,125.00906332959279,46.8998791614942,0.008387744936853372,0.04697433288837725,507.8,gm1_infantile
1.8519984306949886,16.411739599214272,12.354407741509617,3.0450627269194913e-10,3.545587249879022e-05,1.3698148742718328,13.09604203724297,4.9835473294860835,0.0,12.277277994119835,123.44504993837457,94.80829683011909,1.5583127303209385,126.41362280166717,46.9891071672565,0.008231125021234235,0.04927919896560509,508.0,gm1_infantile
2.892124285041454,15.51496840997575,11.367650453593923,2.6679932848154244e-10,3.5857070505969883e-05,1.3401339125074554,13.422927364441827,4.996522114260773,0.0,12.294190618805251,123.11789383946007,93.43047471491982,1.5794954343577488,127.94825128986055,46.29774453200495,0.008266934102625021,0.04945200966725228,508.20000000000005,gm1_infantile
2.259955739911313,15.212353840419727,11.312408453531766,5.891776009526821e-10,3.603423420977031e-05,1.2927238841271242,12.782035751869376,4.764350604029175,0.0,12.27317138122769,122.47996102640153,93.39363342745071,1.579801937225651,127.78651176545301,47.04302051632512,0.007944341464009578,0.04977080095701027,508.40000000000003,gm1_infantile
2.4186329663786768,14.217928264738125,11.600088441767879,6.546340105219878e-10,3.584626164054559e-05,1.2361001993667533,13.25746222794418,4.830836956476688,0.0,12.180194197113616,121.71245464623476,91.65723751677797,1.608646266369104,125.82163399541514,48.01239092378858,0.008097677901893707,0.049965548142259425,508.6,gm1_infantile
2.5846743826734966,13.582557415595378,11.191511302182743,9.609417061779977e-10,3.494853356898921e-05,1.2052897442631791,13.287025137402084,4.7629898718292205,0.0,12.20105592157322,120.87233975379644,90.47813585714877,1.6171993238537254,127.75927802618584,48.222609779521676,0.007909228980583811,0.048333746526238175,508.8,gm1_infantile
1.9432692285395832,13.934971046054972,10.937555738373122,1.3017023522626478e-09,3.521441290450006e-05,1.2086420545717125,13.62253135862572,4.646364073031897,0.0,12.17243397587851,121.59262497567462,89.28746947374692,1.6202715818531033,127.38014969275272,48.633951804188506,0.007682765411083443,0.048773767813374544,509.0,gm1_infantile
2.9265162358610053,13.209673712477949,10.863403399483644,1.721844213355518e-09,3.4408309851386715e-05,1.169029316419275,13.426311152463535,4.663521235872588,0.0,12.182734426264965,120.46286367754452,89.16666441768913,1.6560433197220832,126.87491342877895,48.50505518949379,0.007596283774695047,0.04948765646840693,509.20000000000005,gm1_infantile
2.25629454592505,14.043593653004878,11.372261916887117,1.8809644489048057e-09,3.409002367276254e-05,1.1384140197319674,13.507859817076765,4.653438564914193,0.0,12.175941334061049,121.33108282012171,88.47090240974488,1.6269786427769712,125.15503116004146,49.637976736696125,0.007673108526360631,0.0483872878110479,509.40000000000003,gm1_infantile
2.4651298577724816,13.902737395735237,12.57434852865276,1.90239123438252e-09,3.43789700800194e-05,1.1539148023176022,14.224379926166366,4.677751791433595,0.0,12.158695698838905,120.82689465379212,88.52760738151994,1.648693615422172,124.50756405358479,50.76526181016308,0.007886941460926585,0.04837939461996889,509.6,gm1_infantile
2.505140890145957,14.759340652122248,11.39497140677847,2.1113497053060928e-09,3.360541379070378e-05,1.1784370809926874,13.845907116599319,4.665951456300014,0.0,12.174789561720486,119.90332948417904,88.18088453399197,1.6712047907171301,126.1119437627957,50.537365280567705,0.007762986896504242,0.04687031688983441,509.8,gm1_infantile
1.9188511894710083,15.483474893057082,11.473343407655012,1.7303975848194375e-09,3.48318918241468e-05,1.133211181477312,14.32282046649682,4.76227769164107,0.0,12.153114094377804,119.75327808958454,88.57780294005057,1.6703514432276418,123.02027202944842,51.723914825509546,0.007859338992341543,0.046857423516747855,510.0,gm1_infantile
2.9581371212398753,16.869335002304226,11.114505644219951,1.3442762199064928e-09,3.535226408787773e-05,1.1409765981541715,14.08912970182006,4.976581332044647,0.0,12.128462970664838,120.6318449033721,89.02912810543903,1.669636146135819,123.57189470258311,52.1674734105826,0.008004096026389355,0.046920831409803965,510.20000000000005,gm1_infantile
2.2966520872486296,17.176708301011246,11.782516009720371,1.5118750754000604e-09,3.4944697698213185e-05,1.140448212555572,14.886549289749677,5.13718104212123,0.0,12.159156650545366,119.84197377972191,89.46784688178978,1.7134090552484889,124.57424618572445,53.31963661927177,0.007971250093154745,0.04637465481338864,510.40000000000003,gm1_infantile
2.4901765874457906,15.520700966160348,11.924829222895541,1.8506629238072242e-09,3.523850421968738e-05,1.0967039222983037,14.491109879182446,5.169662338795304,0.0,12.172869633734951,119.92091324508537,90.392311289445,1.7244466883438512,124.26821243738999,53.70621283249048,0.007838882631526418,0.04699107993364759,510.6,gm1_infantile
2.53013497900689,15.97229821377369,12.177049344141265,1.6722400418346272e-09,3.5592627173101235e-05,1.1257860070420818,14.255024113169558,5.360275356651938,0.0,12.166955574252821,121.29807359426125,90.1228359585922,1.7548331432660966,119.68949746959116,54.75647712543688,0.007628846321392008,0.04703642427503588,510.8,gm1_infantile
1.8779616692700607,17.341099150952033,12.058795496894225,1.4151197318349414e-09,3.634406589413943e-05,1.138982933721472,14.278289398279227,5.257191756996715,0.0,12.20142098080258,122.06245796327863,90.37394086360572,1.7672327790988538,116.53279360328797,54.513379523859385,0.007561162692016037,0.04803060483524409,511.0,gm1_infantile
2.8621374117143237,18.206104898996838,13.1076946059269,8.579289453657221e-10,3.6203156343508986e-05,1.1475278717427957,14.762778983435728,5.001408625164207,0.0,12.19517991180293,121.67911168018311,92.95868131937596,1.762772374666896,117.18782158006965,54.42122700369517,0.007585189349239308,0.04857742603390551,511.20000000000005,gm1_infantile
2.2993064362494517,17.495391081439557,13.228076583357971,8.449021965771622e-10,3.4739751442642025e-05,1.1264250998784944,15.24780216969685,4.990848511076071,0.0,12.221196004023433,122.5014786975365,94.89672982109698,1.7817777093114637,117.42524576805806,53.39460503586303,0.00768195370762379,0.050067310452632255,511.40000000000003,gm1_infantile
2.4015578519953364,15.8061300143782,12.620453889328903,1.5900173750012125e-09,3.465447235547609e-05,1.1545445650571884,15.378742094241153,4.981089929852866,0.0,12.210769884229288,122.1684681584512,95.51396034173457,1.7754621608067742,118.60054722492828,53.71528668058816,0.00774866064398571,0.049329195375902635,511.6,gm1_infantile
2.4219052343701595,15.131021092708988,12.195634635361376,1.6235664462487822e-09,3.3881359159613125e-05,1.1229656111772517,15.02599138531986,5.085076989093617,0.0,12.196669639791267,121.59594698117532,96.33313164193412,1.779938588627091,120.44396585781405,53.60073782542536,0.007588643452542858,0.050490356834386324,511.8,gm1_infantile
1.8245651034370933,14.543903055893441,12.677382054435355,2.150384584425207e-09,3.387649565408823e-05,1.1012938045400578,15.790933490914604,5.191123149634224,0.0,12.185382830408889,123.53195719364031,94.93648681362615,1.752056453825392,123.47137322559608,52.98358240296785,0.007736296684864292,0.05201763024251881,512.0,gm1_infantile
2.8908414079093947,13.810957009625085,12.995517371532012,2.629806035557288e-09,3.399297105147106e-05,1.085023364055484,16.042747020878778,5.053963620630385,0.0,12.178063398045103,123.70128748862294,93.44526073484823,1.7588274924429042,124.24685907440505,52.833073078758744,0.007354688564764789,0.05208470199461386,512.2,gm1_infantile
2.3830652212551877,14.335066849561292,12.93320259996053,2.4188403824388646e-09,3.429003249859165e-05,1.08743750358266,16.4705619401038,4.97054963977422,0.0,12.165237058021686,124.38351803017791,91.06813432398388,1.7505025325910908,125.05627212428446,53.33675020128594,0.0073332630305793295,0.049574721652782476,512.4,gm1_infantile
2.52989357508928,15.665464854119532,12.400269726756594,2.19257045257351e-09,3.476831808811842e-05,1.1021517068016902,17.07312729095403,5.175179325818809,0.0,12.151930029892737,125.49477834684254,90.99917656658967,1.760075220165937,124.73567300947475,53.026179226843524,0.007277345061270371,0.04829474601346194,512.6,gm1_infantile
2.56642539979836,15.654404094803443,12.364827458245287,2.328462009744311e-09,3.4399582497132404e-05,1.134062988299594,17.740274214719342,5.159487578463368,0.0,12.18465729770019,124.47980195903658,90.12813515299514,1.7918638023960463,125.79979359175705,53.79722961571548,0.007312619131288131,0.04796961779444329,512.8000000000001,gm1_infantile
1.8753123416118238,15.82261425158438,13.057306920828935,2.7381749719091774e-09,3.508689493040262e-05,1.1484788863881266,18.892235716853783,4.995977116851276,0.0,12.158886996609127,127.16769056150513,89.50350407333978,1.8167857399200003,124.94461482769725,54.099825927681316,0.007278579701163856,0.047904518335752315,513.0,gm1_infantile
2.9348445323513213,16.531110636412517,12.968595501124232,2.993099885251119e-09,3.576150540039157e-05,1.1382543957004752,19.906993248891663,5.148119050892282,0.0,12.175319006659311,129.01095435775346,90.25788934021966,1.8220158594136302,119.20017351295185,53.39932061923523,0.007373624349077814,0.046808446622297,513.2,gm1_infantile
2.3307176114910826,17.435983774522548,12.898167118569898,2.3422502242921786e-09,3.5025261766396297e-05,1.1506234710064236,20.607517039384387,4.913439335674376,0.0,12.135158132091771,129.21743660633769,90.10874561237057,1.8809414467616759,118.27629144582839,54.15583672078721,0.007525408307021635,0.04655581207932365,513.4,gm1_infantile
2.4619045964461352,17.38496761432602,12.494903494173458,1.986075717142761e-09,3.455692584952687e-05,1.125755456543026,20.33085509214853,4.943887805618309,0.0,12.146930442310897,128.92829305863307,89.22574088614161,1.8916147601019078,119.47914479732454,53.80066201492368,0.007345082987954564,0.04604472930819571,513.6,gm1_infantile
2.545391095357934,18.46185627735306,12.918492877972273,1.9097306110368517e-09,3.590998726448528e-05,1.1234224183614976,21.13275758185277,5.16978938318352,0.0,12.15538345331228,129.17849794201837,89.27459398885878,1.913253316983458,118.15187571417603,53.60935892100787,0.0076075804228450915,0.04664274338071965,513.8000000000001,gm1_infantile
1.9900672555089443,17.250734326153196,12.713908073891828,1.958102782976842e-09,3.572410444487594e-05,1.0974311833953398,21.566889357304316,5.368717291599497,0.0,12.176757393356912,132.7895154210139,91.16252272228324,1.9069049742500628,116.35307428314638,53.77403260707909,0.008000327100661953,0.048010240576645935,514.0,gm1_infantile
3.007715797077147,18.642146490189273,13.415669201047209,1.3214697996651913e-09,3.6430414771991616e-05,1.0981520637861937,21.073595670564668,5.424643967201729,0.0,12.154880348192115,132.60359761884075,90.79473413220897,1.927323158806193,115.82626719786342,52.55976526240887,0.007902814194171437,0.04695469206216286,514.2,gm1_infantile
2.2663956666614227,19.909506239327513,13.937969788582366,9.438151255260863e-10,3.525622804040063e-05,1.0945350448264792,20.34760793212189,5.426980109884854,0.0,12.162885357264793,133.23860417709048,89.88567735490871,1.9289851428465217,117.77891760810762,51.10494351711923,0.0079429415553957,0.04568458119857124,514.4,gm1_infantile
2.479097207131842,20.659876067661692,14.481714877821984,6.007000044361896e-10,3.531500253165605e-05,1.1003221935722305,19.117321798899486,5.4851883909651695,0.0,12.12421440968435,134.3445443863025,90.0450528693571,1.9649053023911955,117.06325520809729,51.2360820314118,0.007986053709787116,0.042858671521516976,514.6,gm1_infantile
2.5488503962583917,20.63475223384288,13.082867484903367,7.940056072454666e-10,3.523279417662953e-05,1.1003417823134052,19.53466908809307,5.455608843576589,0.0,12.14741729211308,134.4667484588472,87.88454814264263,1.965863655907658,117.10378001694505,51.86764324045881,0.007907167831108801,0.0418867394941353,514.8000000000001,gm1_infantile
1.8828650358587757,22.183932056168743,13.342865785611666,1.3345930796500554e-09,3.631415579095471e-05,1.084253550105438,19.150214252326105,5.472984277529229,0.0,12.109133652855506,135.31150241388568,88.40710600663776,1.9359980256304656,115.3430390075704,52.18402384757506,0.008264540355808507,0.041567550865748176,515.0,gm1_infantile
2.9404746005833995,21.179843150322288,13.6035126768081,1.052754663222077e-09,3.5950186027794677e-05,1.1312726721374167,19.259287835594066,5.2865569301476745,0.0,12.139478484121005,136.55902395700812,88.2402464286332,1.9121592821093274,113.91617477543305,52.05623548436462,0.008178578885364034,0.041008345490487215,515.2,gm1_infantile
2.3820730393644256,22.206342365826064,14.48275533465638,7.248921844757742e-10,3.506482791619027e-05,1.1312560265989318,19.506754078676146,5.333349256730323,0.0,12.18230741597821,136.17749368729446,89.24660343189198,1.9252854323537867,114.02261350827175,52.5958578909836,0.008021083096100182,0.04008635379472952,515.4,gm1_infantile
2.5178879497049786,20.149093469525056,14.901851618022947,3.230200303881855e-10,3.61261771911153e-05,1.121692069815866,20.305443365754698,5.334776466768479,0.0,12.205644143882767,136.73330239900244,89.2097025109295,1.9145876359574432,113.3807115334441,54.288923862836015,0.007708327167955415,0.03898091106700198,515.6,gm1_infantile
2.6650319033052945,21.28050037628519,14.321371112620007,0.0,3.701505894649828e-05,1.0993368204051477,20.048539286274735,5.381255936129593,0.0,12.230625834713805,136.7872313834927,88.20251835755096,1.8941192664517044,115.33252415181438,54.08244116707591,0.007797766850340944,0.03893133531078367,515.8000000000001,gm1_infantile
1.9235744111319686,22.046803413793018,15.0924243929842,8.124196876155306e-10,3.53180983714721e-05,1.0374629272247204,20.42101709674485,5.332609007256344,0.0,12.233291813224195,135.9769774009772,86.74862382195208,1.892050306781377,116.16095983073048,54.20655612132872,0.007812256430762653,0.039278443892878274,516.0,gm1_infantile
2.8860944421858754,21.708682774125876,15.31651272315458,6.047399912786501e-10,3.4519047778202536e-05,1.022273118066245,20.30219189524326,5.518482664561354,0.0,12.269272429082733,133.1647184798266,85.70554620429604,1.9091244632666127,118.14080314801966,53.504493580767814,0.007826899979655216,0.03825573180921671,516.2,gm1_infantile
2.2776619894178025,20.902483637657795,15.488518897841619,1.880646670470382e-10,3.313424712359731e-05,1.0790987478851708,20.389108950686953,5.89023501155853,0.0,12.224205686238653,133.82699194993248,84.27483625831422,1.9018268645969147,115.11368195578943,52.3857675138113,0.007661255246176967,0.03775162016982284,516.4,gm1_infantile
2.417371667047638,19.60549383106864,15.61380078187812,6.088882290201054e-10,3.3196976419207666e-05,1.0763243533692266,20.59975735056363,5.678419216441595,0.0,12.191238220424548,136.66296637632215,85.20273599792071,1.9161531303131125,115.99076920564987,52.388385897995974,0.007510617018301843,0.036925400010690355,516.6,gm1_infantile
2.618055808460554,19.61846846726922,14.841191907190888,7.33633676287829e-10,3.331139686108678e-05,1.0685390644331516,20.128768063313995,5.814466553107603,0.0,12.199755759968012,136.80275164581226,84.3626245231009,1.9285252328058762,114.94891431101466,51.50556349488789,0.007685264403048741,0.03604610620668866,516.8000000000001,gm1_infantile
1.881695815469058,20.98724075972128,13.739304606875079,5.240019243597371e-10,3.23637430445164e-05,1.0533505894764144,21.400796799874747,5.818077515553769,0.0,12.221064427057337,135.62756757702064,85.63950629666627,1.9382331741578793,116.06319061367313,51.01474253803739,0.0077447822581285354,0.036001104512433,517.0,gm1_infantile
2.9737878591122056,20.131745510707198,15.122497131000207,5.77162256042459e-10,3.213571305101723e-05,1.0473749207920682,21.41779325662296,5.747085228685429,0.0,12.2204638524027,139.21929410972248,85.18996087350263,1.9350592037680596,115.32655171454768,52.319485219795546,0.007481162354665058,0.03603881392342647,517.2,gm1_infantile
2.3472736219619397,18.94888301221592,17.030097678549254,2.2313212013357257e-10,3.2023241215088046e-05,1.077987862901143,21.22123022457842,5.797376074896473,0.0,12.218733040079794,141.2472300734192,84.75713791478199,1.867378557043929,115.21611084483449,52.367796777931055,0.007497222323971818,0.035853608843544334,517.4,gm1_infantile
2.4234456449056343,18.61646722327655,18.354388282204525,1.3936171715712906e-10,3.2358080451812066e-05,1.0567843559929266,21.057110578679012,5.655864688619827,0.0,12.176025177623846,141.9446229364374,85.19607250411417,1.874591264210485,111.59413258797761,50.96974107832669,0.007500130026885121,0.035083575983817415,517.6,gm1_infantile
2.491561003299828,18.142683958599658,17.388236590265112,0.0,3.222052015332997e-05,1.0199485506738957,20.78193391747466,5.577653052205915,0.0,12.240919027458075,140.07067004013888,85.7102417711341,1.8804860528616993,112.39656322300567,50.833775145010534,0.0077290228136218915,0.035588518246231673,517.8000000000001,gm1_infantile
1.9336582426879854,16.78986466057085,17.359703348593744,0.0,3.146877800411326e-05,1.00720996981769,20.784045875148777,5.685019013203213,0.0,12.26625436684719,140.60741597542878,85.81895896765828,1.8727760059031275,111.97532634476553,50.314656548744026,0.007638066121903231,0.03583388328424286,518.0,gm1_infantile
3.03287905376784,16.557379227689648,16.60879024747717,3.4289592873475243e-10,2.9957554326313683e-05,1.0248224002192212,20.03910115683238,5.822434658187257,0.0,12.2747834954398,144.57348511493012,84.90338529423825,1.8483674104789378,112.04463952470635,51.367236674380464,0.007651666701714746,0.03583207331792372,518.2,gm1_infantile
2.382771432231207,15.820143919600127,16.624952843521864,1.4078927264537596e-10,3.072921609820224e-05,1.0381741281442725,19.38814974073508,5.804553102459843,0.0,12.24759663948078,142.4633681513014,84.4257694204724,1.8575615230717748,113.56875021055437,51.53556747079859,0.008067464619306497,0.03525635821276498,518.4,gm1_infantile
2.535022972541558,14.929300169682648,17.730154556204326,6.78364151208141e-10,3.109140328658707e-05,1.0050348817259753,19.812170356474837,5.7018597748839825,0.0,12.207548228194888,142.95937481975415,84.07541829218876,1.8387858651114937,114.4238233468193,51.507623362188845,0.008012545781338625,0.035805346853747186,518.6,gm1_infantile
2.7211407295379186,15.23782966258366,16.16466418555133,1.9754759653845734e-10,3.100722088119328e-05,1.0223041146804224,19.940435576937467,5.8156815864355105,0.0,12.233564043415239,144.11857482850405,82.98138346064029,1.8506454549223779,112.01931768063,51.825749948718155,0.007944186132814777,0.03589668707189315,518.8000000000001,gm1_infantile
2.0884955585920872,15.579169750816593,17.086446666382063,1.4152909137792784e-10,3.100670355137484e-05,1.0455334367209037,21.033941539917134,5.841312696981225,0.0,12.220643220317601,144.96233360107348,82.8070618844436,1.8083529662510684,113.67381270373481,52.40208137585579,0.008132732700629228,0.03695415181285476,519.0,gm1_infantile
3.0916886712940155,15.770456358302036,17.717198567303583,0.0,3.063150830108944e-05,1.0430030051261499,21.579350464374702,5.775793262176639,0.0,12.208597232045703,145.8481991661023,82.78476659264535,1.7742840186940765,111.72682255014976,52.502032861687184,0.008145513123866506,0.03693819878305894,519.2,gm1_infantile
2.383593698999333,16.623418374296424,17.841225551458074,6.299989688216174e-11,3.075607535311988e-05,1.071815184624476,21.0014601859231,5.731815193875613,0.0,12.242704152860924,145.084155426623,81.96268468609793,1.7727712476329283,111.84186001993284,53.35488211357157,0.008058445021804833,0.03633601577153701,519.4,gm1_infantile
2.4478745611513038,16.319629832210918,19.84986659484611,1.4381063586533838e-10,3.103956683573455e-05,1.0703588948002296,21.084168572184442,5.869332963825811,0.0,12.251990745582908,145.08883170700986,81.63329015310883,1.7837817255699409,111.92930669945179,54.903354687396934,0.008231968329073212,0.035754188466333124,519.6,gm1_infantile
2.4815271350278634,16.004106679014473,18.687884628874777,0.0,3.0241999468270076e-05,1.062673033676061,20.903546424341865,5.895506817393241,0.0,12.227020463040194,147.44602177084099,82.13363459171546,1.771627532897468,110.56784683456168,53.8268130317419,0.007934895064684692,0.036563932067003986,519.8000000000001,gm1_infantile
1.9394424498880516,15.55329247732533,19.669320591993376,1.8100565978223372e-10,3.0251229779925368e-05,1.077743758306457,21.261218428374782,5.926397626683414,0.0,12.22381493727449,144.26165082026566,81.31222763836459,1.8158672791348796,109.31432883887702,52.50493875347551,0.008079172485885739,0.036729417114533584,520.0,gm1_infantile
2.982791508828326,15.37247231522343,20.250307146679816,8.101072140830138e-10,2.9771992952740562e-05,1.088551264112608,21.89978472434785,5.833435992860906,0.0,12.254059084027102,141.8553394516345,83.12994725971046,1.7877189572137275,108.28645585140904,52.99212306549136,0.00825145084223917,0.036772031215318635,520.2,gm1_infantile
2.291514575060008,15.329941040244249,19.65162441837007,1.0747939114088871e-09,2.9376496183680604e-05,1.0744538373648949,21.020524632036317,5.740163345035794,0.0,12.222848537743648,138.5626128369753,84.28510885526758,1.7646123219112193,106.38333587548821,54.1210823199194,0.008391094751917233,0.037586337171409544,520.4,gm1_infantile
2.4519504516635253,16.47587927374342,20.20205539574271,8.757809506162831e-10,2.8560382031536964e-05,1.048606407966593,20.93896207973161,5.582754730695613,0.0,12.21841189331421,141.18604103998922,82.64580252998218,1.7662437739747436,104.60235080993628,53.71541828204183,0.008548613682216176,0.036840691185148544,520.6,gm1_infantile
2.5334060549806146,16.627367824097306,20.614633686361366,6.159829448713753e-10,2.9255531670771337e-05,1.0388651007139553,21.220699981082333,5.578078797828975,0.0,12.273656486587399,140.64675857472412,82.68217374947918,1.7570646023678493,103.77867818832054,53.212282882421306,0.008525928915900854,0.036167551147342394,520.8000000000001,gm1_infantile
1.8841346983793419,14.081922981788901,21.690984142542916,1.2996612858238155e-09,2.9558681401917093e-05,1.021347588727922,20.51867103073111,5.37430912573962,0.0,12.30815520304528,140.9466768401396,83.69244363339074,1.7687095847732677,102.70899227526483,53.93833404414907,0.00868903630398091,0.035337455910105446,521.0,gm1_infantile
2.961815524777075,13.963435417760804,21.104930627972312,1.3694852320727223e-09,2.967178147709566e-05,1.0363411509667022,20.07864994905771,5.494909296470676,0.0,12.302959614728275,140.71721655849038,84.83836160930463,1.7700626683859766,102.34989150805079,54.977677211690654,0.008586652021258488,0.034930068085557486,521.2,gm1_infantile
2.195623087119182,14.016422468026981,19.91752389200783,1.2062728632249007e-09,2.9705327353286396e-05,1.0150319418137381,19.66655211871217,5.293609653277039,0.0,12.276727238298665,144.80924093300877,86.6152943071678,1.803274376105839,100.5926069468197,54.840382105093774,0.008339540801782322,0.03636244771228285,521.4,gm1_infantile
2.3942459564042675,13.299996411349156,19.968298279115952,7.132540000200426e-10,2.9488575632345575e-05,1.0104751380729438,20.10802254858074,5.484491380365231,0.0,12.27030337687103,138.62583545131196,88.49180021230633,1.7883859468440064,100.74164843839436,56.5216952143055,0.008101202441995657,0.03634161259702387,521.6,gm1_infantile
2.530710495868016,14.219480400257295,19.669570468956543,1.1428204398021151e-09,2.9090463955913206e-05,1.0189798189580184,20.37321830226448,5.510588683827037,0.0,12.246055103846766,138.06168004807864,87.01436774837562,1.7788844414622988,102.3013117195069,56.82845877593915,0.008139064941098784,0.035027438441364675,521.8000000000001,gm1_infantile
1.9422055496644657,14.28565104807007,19.879499924928236,1.6640428009954772e-09,2.8702063539219056e-05,1.0118773152867289,20.914416326980067,5.458729536235775,0.0,12.191229004864345,137.48602651069538,88.59267234963175,1.7879898523509186,103.54605648526093,57.548041758782915,0.008370130091562141,0.034719845273046404,522.0,gm1_infantile
3.012977684027761,16.105128578268737,19.582711960672423,1.1843152834769978e-09,2.8200798751047256e-05,1.0190369512763404,20.027888862965547,5.3889738506781715,0.0,12.19394984604652,140.8346298946603,89.4512262965475,1.7625276449138174,109.05372352091354,57.51807609275211,0.008042809240185005,0.033886635938615635,522.2,gm1_infantile
2.287406870112611,15.133164542075479,19.816558817769184,5.347756751120885e-10,2.870715804595212e-05,1.032636601084419,19.824012531989645,5.566408384070628,0.0,12.17072990757524,141.85935053112786,89.23574808231466,1.7489890095753444,108.85628023799538,58.52773958759066,0.008258316919219898,0.03417552484140468,522.4,gm1_infantile
2.4046896676765375,15.59770534722834,18.81586023700422,9.648365203502078e-10,2.9201730454436524e-05,1.0675586231745597,19.439288670012093,5.459492145568424,0.0,12.163008020549514,143.75458272722787,90.86438875044851,1.7906055595319228,108.91321720403947,59.20200553234342,0.00814493878167468,0.0343060811128811,522.6,gm1_infantile
2.509025428037358,15.549600255094703,20.20428043350571,5.150139018383023e-10,2.9074383935971628e-05,1.0671625362718302,19.812021229447062,5.330228687318627,0.0,12.14654189155149,139.4554119830455,92.32778863773501,1.7564395650523221,106.57235431975283,59.93562370268147,0.008065970903609177,0.03404052810317913,522.8000000000001,gm1_infantile
1.891826484405793,16.540010951624655,19.458685433355125,6.753945203674489e-10,2.821838479258467e-05,1.0720616006358494,20.319753032681326,5.567943010804806,0.0,12.138212833883344,142.4738502699214,93.50832646666775,1.7527645634259326,106.56618148063289,60.14805834560606,0.00798094715767095,0.03442385223868607,523.0,gm1_infantile
2.954212283510394,15.48784761668718,18.830885291797276,4.474729614096917e-10,2.7937694920613363e-05,1.0758188489334422,20.43097438309917,5.481699542809598,0.0,12.138076958715148,145.28317439692276,95.36142957730246,1.7290434482907193,105.85646530852996,59.78448618094244,0.008019211071626921,0.034951438498454855,523.2,gm1_infantile
2.3212377754821296,15.193449612413886,20.061089118262935,2.2920837959350667e-10,2.828623317424302e-05,1.0736623328228208,20.406337700469162,5.607394336233808,0.0,12.146084621397106,144.30672200785565,97.29830921471124,1.7416757570401162,106.0918732426539,60.58814291702484,0.00805926550835229,0.03688773129912872,523.4,gm1_infantile
2.4485964428497957,16.200594981144846,20.20429090851874,3.295027784867672e-10,2.7937933009928337e-05,1.0653659918970195,20.688134896619317,5.494399988650054,0.0,12.146226835479858,146.70506624058123,97.42297527110853,1.744258681842127,104.58743660461484,61.95260302734172,0.00824322806114541,0.0378688169901025,523.6,gm1_infantile
2.4670108605240544,16.543702865328715,19.136785926812927,5.7253275470958e-10,2.802088813948118e-05,1.0738410600976573,20.29966913952115,5.367471339469523,0.0,12.154316216756689,146.19478604683303,97.77307637602875,1.721550982266105,104.57629493268183,63.08783215889868,0.008286276788989992,0.03816497100217105,523.8000000000001,gm1_infantile
1.8979600095379516,16.119443391215054,20.388028358212157,6.320134577075022e-10,2.8013054108947348e-05,1.0856451197540167,20.831917594366075,5.222928272948032,0.0,12.21494203801062,149.4468198072794,97.65189446586422,1.739640141456512,104.11848464475423,63.34807249157052,0.00818325912242611,0.037721493151449854,524.0,gm1_infantile
2.9130567657505146,17.565880340776825,19.709508608334623,1.0462372015604957e-09,2.7624921312954243e-05,1.073605732533433,21.044103260557254,5.078076756132099,0.0,12.210949594324275,148.30429059115176,96.67314177702622,1.7872912078967653,104.07396962948415,63.242179718291844,0.008326252415772178,0.036978699032915265,524.2,gm1_infantile
2.355071042254506,17.615774212060483,18.338130558076898,7.897992255474336e-10,2.6839318749707047e-05,1.0737050468711138,20.5975382432982,5.00327071759746,0.0,12.21187450594829,150.69007709140175,98.21646324533302,1.789556403315248,104.77575839578266,62.01868036423987,0.008438225755046515,0.03728106959415009,524.4,gm1_infantile
2.5249835824759588,17.292650831938637,17.95005719744191,6.098977251537235e-10,2.760002904524137e-05,1.077689042211324,19.797778641517148,5.145051934437013,0.0,12.241251844954272,151.7339763113188,99.88152902627304,1.8154514820347472,106.10004469350675,62.93435494689429,0.008574536634474626,0.03666804491467559,524.6,gm1_infantile
2.5395486769253646,16.54729648151785,18.4047788357334,5.358931413199065e-11,2.7473233877704275e-05,1.071113213857173,20.484705701411595,5.17539757331728,0.0,12.277051740532327,151.49429750500764,99.55548954512332,1.8041787865283163,106.49978232253522,62.615945423861326,0.008492720581872226,0.03783794408719708,524.8000000000001,gm1_infantile
1.9335222611318121,16.190545359651892,17.43053320882896,6.197200542617509e-11,2.7014760327710517e-05,1.0626127525642461,20.03552664137488,5.248033602281546,0.0,12.288076410273906,150.33474365963838,100.53047593865021,1.8166639595085043,106.63768922644375,63.292906912161435,0.008774537162365799,0.038886728267478646,525.0,gm1_infantile
2.9091826569626345,15.594610422434728,16.90636277350266,2.512059658388111e-10,2.6586328118187086e-05,1.0505275877021572,19.67423090338958,5.3360112972756575,0.0,12.254553729981817,149.25170348841797,98.01730405375862,1.7599676000382811,107.32067584601194,63.520691064293466,0.008788793476601156,0.04025035357125944,525.2,gm1_infantile
2.1703384021399623,14.08924978917436,15.928538019678609,0.0,2.611120667130452e-05,1.0600746139299042,19.874971254108264,5.5303465427807526,0.0,12.243211484279511,148.15539684458747,98.61025493233917,1.7252662505568994,102.82491452226787,63.812586506900075,0.008815288471334528,0.04164532125872235,525.4,gm1_infantile
2.3679155939585383,14.358440995686747,15.552102375804148,0.0,2.5837116892288024e-05,1.0768501558117503,20.163121428243432,5.705264023314285,0.0,12.218334319477885,150.43938386847984,100.05123526778556,1.730794634669211,103.60114072692124,64.20016789135381,0.00870371254464083,0.04136013896259559,525.6,gm1_infantile
2.4362822492893206,14.220522899115053,16.148077744282133,2.8217683824721957e-10,2.605196731097193e-05,1.0939733939859546,19.994528786347207,5.549857822951424,0.0,12.215937076150595,151.76182826560057,100.75268622098787,1.7555437782419907,100.84323436390673,63.47212130451248,0.008666469313753512,0.041762452326857144,525.8000000000001,gm1_infantile
1.9690550664022821,13.578377670008674,15.484299762521784,7.208360066617931e-11,2.5510546410904016e-05,1.075188395040869,20.041283159880084,5.722347431642978,0.0,12.192201122270326,151.31256229750605,99.37043097440343,1.779750060997448,102.87477175301755,62.086928138874995,0.008691569304275368,0.04099824774889353,526.0,gm1_infantile
2.9947935270087926,13.523834718388764,14.429358773711536,5.325214122739971e-10,2.5315734101404753e-05,1.0646804182660445,20.13539004357831,5.611287618161228,0.0,12.14193959754481,146.55168913894488,98.09982786495652,1.767915504086208,100.48666675854078,61.638219956615984,0.00856900532998381,0.0408988394914813,526.2,gm1_infantile
2.3837573022834264,15.039009809027467,14.585616911714391,1.6688565610810354e-10,2.558824520517851e-05,1.09019970115457,19.57721064835298,5.486124219951183,0.0,12.126349871168598,147.25370062493528,100.08837118426712,1.79014091033866,101.02668471106288,61.642199330111346,0.00862517198350769,0.04126995234515737,526.4,gm1_infantile
2.5664748805198174,15.064344471437108,14.666133231409667,0.0,2.5544463935514867e-05,1.0836826638630517,19.000351984372333,5.649010032293979,0.0,12.125062216061565,147.87883777073588,101.26580412620173,1.7874073428940094,101.30407787172521,61.42917118098869,0.008500538184558953,0.04171079656877603,526.6,gm1_infantile
2.6643945789782117,15.907496881309251,14.57079910481059,0.0,2.6076422545963465e-05,1.0680111886017303,18.673083009993032,5.594046566097603,0.0,12.118890552503267,149.0769228958396,100.68884336442596,1.8205357349873659,103.07129150799031,62.13354127734936,0.00812167782148944,0.04302567099339562,526.8000000000001,gm1_infantile
2.011503034534615,17.476072476950378,14.112574490918703,0.0,2.6017911391211586e-05,1.048829482099921,17.944194995539643,5.278279610742864,0.0,12.07348508977586,145.76076407956262,101.47554593600661,1.7867051921486208,100.8760686282762,59.74787470282585,0.008156840913545776,0.041963364957946225,527.0,gm1_infantile
3.053419865008683,17.29088259764094,14.148587867744286,0.0,2.5747381094256344e-05,1.0306963413651136,17.652474696715117,5.181690336831309,0.0,12.062523924476587,141.36658335008033,101.8366581805359,1.7684456560420398,100.83093113264319,59.506247254506995,0.008414916466150434,0.041560919641772796,527.2,gm1_infantile
2.4431161589587442,18.067170606237145,13.286704374413851,5.42597923358615e-12,2.5205065671972336e-05,1.007203111596902,17.193039763845675,5.363046994147857,0.0,12.040550812805744,141.75909049849574,102.26798748052335,1.757009363632255,102.76573699527732,61.26111571055994,0.008284370734822646,0.04316039976970571,527.4,gm1_infantile
2.5114129682290063,17.10307475349677,13.225894659687755,3.0054973049955257e-10,2.5039273050516424e-05,1.0191515742561368,17.421099987790534,5.625518479637592,0.0,12.081558178273557,140.11491947279478,101.99320162424982,1.7582406755250821,101.59458028851286,60.40689565279553,0.008336916835333283,0.04376192404261216,527.6,gm1_infantile
2.5993133124353376,18.09989872260111,12.589875976999128,9.992461623639402e-11,2.4280978067590674e-05,1.0202403462147942,17.76514649880547,5.879006218230751,0.0,12.091351582358675,142.8266583323486,100.63691398630446,1.7305270948001006,99.61178758139977,60.886522201783556,0.008184112182346248,0.04418631013391785,527.8000000000001,gm1_infantile
1.9636174622051212,19.914592762199238,13.08539678284287,0.0,2.4014321924075644e-05,1.033259221952728,17.372761734278,6.103642772396703,0.0,12.112969871093807,142.4264253145826,99.94066849801358,1.7160097464856918,101.97115627175269,60.615334725000466,0.008748969401847075,0.04429022389382993,528.0,gm1_infantile
2.9508909440194984,18.08624341118379,13.89900697505328,0.0,2.4358086277396126e-05,1.0755932638779473,17.798130043694208,6.1773464894965295,0.0,12.13449671958272,140.0128201783692,101.754551723561,1.7163536966835586,104.10894137328808,60.999642040188725,0.00896559136681631,0.044021866563671255,528.2,gm1_infantile
2.2105733129225333,18.698625774049336,14.522664624975661,0.0,2.4144083160926917e-05,1.0322919954905796,17.80717959379765,5.9734917654133834,0.0,12.14331474139088,140.03674608223028,103.58512017705975,1.7231280478015942,104.38210873415589,61.23236926359396,0.008829436715842862,0.0449623747964461,528.4,gm1_infantile
2.319591021405972,19.01560202060511,15.334299468242797,0.0,2.3327622816581046e-05,1.0117041200916248,18.79339602273994,5.898191329141383,0.0,12.15299334262387,135.00117390430043,102.26870550718905,1.7574915761625167,103.04751961065641,60.9864920625162,0.00886792561158525,0.04521243801173312,528.6,gm1_infantile
2.4197872032379544,19.483685825121142,16.33916152926469,0.0,2.2977156258492616e-05,1.008343152261632,19.2318882737803,5.932528802914265,0.0,12.110688843772325,132.97003861572205,102.5370256716968,1.7466618425940277,102.57393220700911,60.90479831105692,0.009324560927228389,0.04466485420257486,528.8000000000001,gm1_infantile
1.9159645712652995,20.816469013145394,16.89812684481796,0.0,2.2950092861482493e-05,0.9998747427124479,20.370879565348243,6.023811501941373,0.0,12.158849030181502,132.35583521366556,103.30151903861405,1.7645250937232446,103.0532021872595,60.7871201750765,0.009479933050859826,0.04399327036933599,529.0,gm1_infantile
2.999994994284233,20.27073183848253,17.91510412894185,3.803919532910193e-10,2.3136184622901497e-05,0.9968321788181418,21.033805757691617,6.1384835123432415,0.0,12.136363805790852,132.66989295903483,103.69003729399284,1.7826000710188763,105.21305557795867,61.237033865399894,0.009027155886987954,0.04414197021767304,529.2,gm1_infantile
2.4289666389528515,20.400647026035752,18.009975511735483,1.469707236888354e-10,2.3534143419150988e-05,0.9891266562915417,21.4076570312239,6.223388703655585,0.0,12.149235054532493,133.0415122104911,105.48115109845683,1.8000162625836202,106.67552205798373,60.580321520145596,0.008841622740555966,0.044157600150665714,529.4,gm1_infantile
2.5713936488377636,20.87854788145419,17.346352798891505,3.9804805371777586e-10,2.3106049949567433e-05,0.9997049910097058,21.60567290880247,6.197393471161885,0.0,12.15258028710147,133.19916944407348,104.0044191281188,1.8157019436893604,108.3197249926766,61.25415343967605,0.00888432568454703,0.04366924099232791,529.6,gm1_infantile
2.6459750144328793,20.631073162062226,17.40639598210687,7.165927347756909e-10,2.2952111056963267e-05,0.9659604715432687,22.101162681435262,6.27529295763821,0.0,12.120436265622894,131.73040665752714,103.00919393239127,1.8024822173510686,107.57887297464117,60.25827303745694,0.009302156680650283,0.0451148103944914,529.8000000000001,gm1_infantile
2.0280512201569945,20.5165681225756,18.841855490767873,1.3867795074717092e-09,2.2477970387918347e-05,0.9688569799941357,22.026176569942752,6.247195095203113,0.0,12.117842000892377,132.11425167892523,103.30744245713049,1.8387750807209358,106.38829659760879,61.01664786478039,0.00906040015927778,0.0453070364273441,530.0,gm1_infantile
3.0847118519391317,20.957346006414504,18.485455873830166,1.4162829089918746e-09,2.3228274692701398e-05,0.9572574074225696,22.39126403222803,6.425070583340465,0.0,12.164682743470216,135.8499294252822,104.83310751638646,1.8669594364179514,103.92367704266115,59.913393015376755,0.009023011362569382,0.04459803146055553,530.2,gm1_infantile
2.454135991023543,18.00453931047845,18.934535846372196,1.2789880621392667e-09,2.2849866085980868e-05,0.9890874077362848,22.234784816631365,6.161743183373636,0.0,12.174808971065154,135.5258583143731,108.18580471570642,1.8730550832822452,105.33318662439154,60.14662875673873,0.009262793560844796,0.04422249511226629,530.4,gm1_infantile
2.491806986135648,18.732997823925615,19.03478599547657,1.5174404174675314e-09,2.2439840193932843e-05,0.9962027215446106,21.31854572072527,6.095249474349699,0.0,12.188044398593734,134.6472689697712,106.19854694667644,1.859472178571858,106.16492460456658,60.22454329330917,0.00908900500347794,0.04501373515135465,530.6,gm1_infantile
2.6668330970339507,19.626674526565417,17.03136948190248,1.5296742349447132e-09,2.2273433153373787e-05,0.9591496227405266,20.62074640210817,6.24082977095882,0.0,12.189967945346755,133.48192376183954,107.74422572026465,1.8297377925917415,104.88731541787027,59.94014956902537,0.008763848220058075,0.04408782805635797,530.8000000000001,gm1_infantile
2.091503814787628,18.715990385304714,17.57958924430187,1.6987832997971706e-09,2.2095057491414815e-05,0.9337397150392256,20.719306581622412,5.919138960873984,0.0,12.196326055935584,135.05118215391258,107.51156554804126,1.8159175405390564,103.904310903771,59.53776429601354,0.008867379967041676,0.044388052875806334,531.0,gm1_infantile
3.0840241151474888,19.231758760442055,17.484225518799313,1.2139292744665228e-09,2.1459415714706158e-05,0.9425042954500367,20.039999797397797,5.902525730327658,0.0,12.167902613822761,132.05569154021302,105.81591960734758,1.7736090281203856,104.74235654531869,59.83077310221197,0.008698175706518723,0.04300506445772818,531.2,gm1_infantile
2.4916180480106,19.749318529408498,16.924919471378733,1.633956466297286e-09,2.143435806658086e-05,0.9465421567086688,19.566633742020493,5.709515087001708,0.0,12.224436534602381,130.6038869508705,105.89893281689557,1.7860426037744257,104.6921963626066,59.68061078260724,0.008644419421118953,0.04342394553839991,531.4,gm1_infantile
2.5206880650801198,19.206327224795224,15.220343572381331,1.028844868250166e-09,2.0730172050821723e-05,0.9597595686057088,19.511956672208008,5.8696531301053145,0.0,12.231273191597568,128.9730617522023,105.99578250177245,1.7935194181148786,107.80893912953765,59.37838663137118,0.008767747572562844,0.043258264315758695,531.6,gm1_infantile
2.560755721380019,20.060313351172166,16.5514776966974,1.0423871436227635e-09,2.0327884601506202e-05,0.9664531446700879,19.7487989265297,6.274243846369624,0.0,12.205491105561116,131.21933578859085,107.09499411036225,1.8174300297317385,108.42052136025362,60.162502236516396,0.00883491334239496,0.04296751939302241,531.8000000000001,gm1_infantile
1.9545533191931648,19.85716638787952,16.77445403675349,9.872444867240065e-10,2.0099014478100093e-05,0.9619455515433238,19.82481475607373,6.000779950972973,0.0,12.214715964087498,130.16079435021058,107.93638792262966,1.8061675613444874,107.64789294467946,60.43785310992802,0.009102262296796476,0.043192175177571145,532.0,gm1_infantile
2.9473898118377364,19.290682562627516,17.38004558010737,1.0569858903771439e-09,2.0449444011187833e-05,0.9673711565041929,20.31666354870577,6.367423180508909,0.0,12.280364232077753,131.82361440726228,111.79076611613887,1.7836724444118637,108.16891098540586,60.53828776788605,0.009263467650311602,0.04360292902892811,532.2,gm1_infantile
2.3300038486608265,20.14153068919142,17.221420063130992,8.051354936292904e-10,2.05708508442083e-05,0.9570715881018116,20.312489152905016,6.138062081410556,0.0,12.254614078244424,131.77641605267604,110.15035672751468,1.7844959667410303,109.44777827137088,60.026887185593154,0.009051403743447591,0.0443259301609735,532.4,gm1_infantile
2.503228076081564,20.47855637376067,16.81620819213679,5.238162182540084e-10,2.0331522976537763e-05,0.9546865958239059,19.462958983079332,6.0053139897303085,0.0,12.260023640963219,133.97320268442598,111.64172654901014,1.7783597844723213,108.96927910655111,60.78305371874556,0.00918596926873072,0.04526890817172277,532.6,gm1_infantile
2.5860044945893934,20.532633180247185,16.59529657627187,4.295453662049944e-10,1.993579782462158e-05,0.9520320592353875,19.466516816137847,5.967296637990868,0.0,12.22114815584648,134.58159460827574,110.24611350664294,1.7596230035594491,107.82025854303703,61.13791544962075,0.008713358060812668,0.0453924949072857,532.8000000000001,gm1_infantile
1.9686688413778235,19.402695413958686,16.709407049064318,1.639878806677179e-11,1.983157575305776e-05,0.9295899284260694,20.65573137126995,6.14549640984768,0.0,12.194798568425528,134.08260343725578,109.88011631704255,1.7668467220451318,108.36329451438166,61.290881192444246,0.008760781221968049,0.04517279132100458,533.0,gm1_infantile
3.0068629055414937,18.57212515157397,15.8812609112457,8.317005558771432e-10,1.9932626781271438e-05,0.958767453612867,20.58060216726235,6.591715476899969,0.0,12.225812712331978,134.13751911983644,110.10289389357784,1.7656833886801928,107.60782265986235,62.06974075602606,0.008739412401524833,0.04597199762025746,533.2,gm1_infantile
2.412898537590733,20.093836337409392,16.136619174454257,3.5525473267422117e-10,1.970571573160131e-05,0.9569444305238827,20.65608414835118,6.836381398491562,0.0,12.221576642399734,138.58233992898963,109.56925423132495,1.7607888568223489,106.0090932639309,60.749244767313044,0.008492261162506176,0.046977452899150306,533.4,gm1_infantile
2.558478015144503,19.052446746170975,16.190874997628374,6.137337153300293e-10,1.874636833184481e-05,0.9863647394321492,21.314793822287932,6.981787537578719,0.0,12.165637281159787,138.15828913570232,111.41638026062748,1.7620965317156143,107.04530679256304,61.910744530176714,0.00860789578927826,0.0466582264613245,533.6,gm1_infantile
2.6618854987225915,17.37296057626406,16.505162135620694,8.406323043919418e-10,1.8730085590986022e-05,1.0056345159750053,21.51715439743023,6.9877730149911725,0.0,12.139335201136015,140.7508247382998,113.37524678930455,1.7835239847939088,106.43957213634307,62.160957992089656,0.008435185481759982,0.04602649108987488,533.8000000000001,gm1_infantile
2.0315249025194047,16.597628936115054,16.239122072602527,4.419174306212289e-10,1.8925944931554192e-05,1.0340149372783878,22.852088421255587,6.7677885226088526,0.0,12.137705661188035,142.2926748530329,113.2106897863204,1.810607458824404,107.34578844987173,60.7608759269746,0.008448299031741976,0.044834849998590026,534.0,gm1_infantile
3.0190843101865745,16.258786146720187,16.766662279325114,3.9881158183832154e-10,1.8696769587300305e-05,1.0741930164021987,22.371226563120235,6.81517339489456,0.0,12.1450322302431,140.7771196888044,111.92269028948202,1.829295704688678,109.00301764999017,60.77823602238659,0.008204522778696067,0.0449094468943542,534.2,gm1_infantile
2.4725495410008205,15.635190735795248,16.482769286582275,3.8839989466126243e-10,1.9125310391105502e-05,1.0646278971796554,22.712801932673514,7.053185406941227,0.0,12.112203767295945,140.80009608285567,113.55578720442793,1.8407467260093162,110.71937623392374,59.46373892540089,0.00827030383644748,0.042198650926266186,534.4,gm1_infantile
2.6442145755881694,16.8101898505743,16.18721098233615,0.0,1.9002017374612734e-05,1.086746718804245,23.01516563083162,7.382580836542671,0.0,12.17004239545394,137.22348717090367,112.5490831990468,1.8122034432203615,111.94913905127387,58.5658844818124,0.008460759564110727,0.04291180214517138,534.6,gm1_infantile
2.71105193600955,16.84888655362712,15.41944544171787,2.2182176919405685e-10,1.875103026485005e-05,1.1022573166261151,23.990369690004627,7.266332677853398,0.0,12.177714187429169,138.52313168574238,110.70348920776364,1.7986243042774135,111.02114979399931,59.69294638171714,0.008394788954756005,0.04357307917896238,534.8000000000001,gm1_infantile
2.062604244584627,16.67245523812773,14.429780738953887,0.0,1.8572195895052446e-05,1.0971631290716397,23.438151589637606,7.24240209723526,0.0,12.220938042676673,138.68515749491596,110.86839918795789,1.816242538335036,111.44995967009628,60.232793521960126,0.008439236009561332,0.04367770432365146,535.0,gm1_infantile
3.0359705040609213,16.966022902549206,13.024014243556104,5.379874232785668e-11,1.7673320530471917e-05,1.1017498417873357,22.819086338828523,7.437910858976385,0.0,12.22199829837476,139.53356338656707,109.64643405093908,1.8454727746499242,112.5304412519842,59.79893713816774,0.008231664040545417,0.04326856320904142,535.2,gm1_infantile
2.366331704378504,16.115165936692325,12.764073414835048,0.0,1.7518466146064972e-05,1.0963587440801326,23.094636656283058,7.369212825548411,0.0,12.228526039473415,139.16948619095524,110.64662972541514,1.7791028538811569,111.95261717367814,59.316272367393246,0.008235214621052955,0.04261378232401026,535.4,gm1_infantile
2.5119822264038767,16.752913144738823,11.989574939038414,1.9157743134001874e-11,1.6949439116796784e-05,1.104252055877734,22.780256857957237,7.1432299309286735,0.0,12.225730516628172,137.02501432975242,108.45315930617413,1.7842939392310957,113.38252094155142,59.60639272731232,0.007957461862573052,0.04243892726184739,535.6,gm1_infantile
2.631930454318886,16.635687646026916,12.1957854918405,0.0,1.673223124428988e-05,1.089735632569779,23.13582132425386,7.216989670500904,0.0,12.246108992895714,134.43779284962602,108.19734607931262,1.7528650600691065,111.6324209642876,58.49847717799509,0.007823803522266876,0.042986588509033544,535.8000000000001,gm1_infantile
1.9963237178515671,16.15640294473932,12.122707861699723,0.0,1.687642826535136e-05,1.0452525021528825,22.678372402889945,7.14508007142554,0.0,12.252379388314758,134.36774114508816,110.32629559345672,1.8018235565592893,111.60825580186939,58.398683953558006,0.007778372520681852,0.042358313924911475,536.0,gm1_infantile
3.0295889746778837,17.2160058109896,10.859794814271586,0.0,1.7375801127807405e-05,1.0511506379487496,22.938398321057903,6.806700412453849,0.0,12.279782127109447,134.7411877651124,109.34487226774243,1.8133867297922208,110.02388928125835,57.46818695307048,0.007901704273154363,0.04336449116146016,536.2,gm1_infantile
2.318893375086645,16.265142571837593,10.518355380819045,9.213528605715108e-12,1.6855508943163987e-05,1.0740704503947172,22.658332174368567,6.855415138467379,0.0,12.295552668351917,135.96219443758025,106.89849896041287,1.7976571291444319,109.76070277549717,57.04763277797053,0.008039492387040874,0.04274377720626851,536.4,gm1_infantile
2.4840816124466922,16.670665081963524,10.531995998132853,2.522261571951173e-10,1.6214193884643425e-05,1.0713616377895807,22.192889490985042,6.808417491181282,0.0,12.296925319649427,135.9900829176535,107.09240430079778,1.8026925185445697,110.58084750656721,56.07704848053193,0.008113559720574488,0.04127762666851197,536.6,gm1_infantile
2.421849275241679,18.526262156695793,10.172684952173565,3.531648383229147e-11,1.5483651683888105e-05,1.0611827122379154,22.326810062925595,6.8289103831381,0.0,12.28445572897246,136.67468699019923,107.42983083384897,1.8065059553680791,111.68286176187837,55.98380133696178,0.008351888628349182,0.04096462349631538,536.8000000000001,gm1_infantile
1.8792253565720711,19.189969009548822,9.583584199415492,1.4073584024307328e-10,1.5197800548443986e-05,1.0407174066453289,22.087897542557695,6.837682126203359,0.0,12.28491781436405,136.2820031689127,108.92932177459431,1.7919454164450204,113.44084204238517,56.26414186608277,0.00832690598646757,0.04210491761689648,537.0,gm1_infantile
3.0062977773206105,18.76395226908073,9.435106946159346,2.389453090966878e-10,1.465731177987218e-05,1.0153078275018816,22.906000913984546,6.93008673062538,0.0,12.371062731495227,133.78243491496644,109.82657934998659,1.7738053046406212,116.13296384317925,55.85272728412866,0.008255405774639247,0.040392233295084394,537.2,gm1_infantile
2.4943493985824845,18.18489461879737,9.797744917000296,1.7146191398491693e-10,1.4415396879070418e-05,0.9742367778415036,22.79321589025979,6.870034369424996,0.0,12.43027583870655,134.9543494807444,111.0845011191723,1.7676867059262047,114.03614305092701,55.633400756217085,0.008102418955279824,0.040304645372721735,537.4,gm1_infantile
2.552611522079017,16.56965394244821,10.501330133826508,5.464684810196043e-11,1.4248142637897836e-05,0.9538145059549501,22.55084805013825,6.718035236359516,0.0,12.43451982303193,134.10701559759653,112.18364150881015,1.7605129784006106,114.14783996852333,55.68829559542748,0.008154264145924522,0.03951139016341883,537.6,gm1_infantile
2.676116471360298,15.568309080454561,10.593408933768512,0.0,1.4149176822859228e-05,0.9678127517056493,22.94672064288355,6.928822917412787,0.0,12.45953787211308,132.86645009716491,111.4696832631917,1.7650770064472792,115.38938513441296,55.271108204669346,0.008263706474534753,0.03967470750347672,537.8000000000001,gm1_infantile
2.054736472267318,14.943327886624179,10.457964653860175,0.0,1.4196225058511804e-05,0.952591432470912,22.208656992105894,6.545817516706622,0.0,12.485587980074126,129.33863573119683,111.55929289165441,1.7575659889644148,117.21693100456623,55.10733074273031,0.008346584729745359,0.03925761373993563,538.0,gm1_infantile
3.025793338365973,15.537053030172972,11.008912282367033,0.0,1.4503176780009898e-05,0.9348067047121119,20.926274621851427,6.573994769378951,0.0,12.443061644462473,125.96229749315204,110.79644211932712,1.7443204624269173,119.30727408695834,55.10892847723037,0.008466079020086741,0.039400918397254306,538.2,gm1_infantile
2.4738972506187364,14.957606038921856,10.997307992637793,0.0,1.4707061495272592e-05,0.952326137472054,21.513763484144288,6.580765791521822,0.0,12.440377948332689,124.8519737458127,112.15287789790084,1.736040699651121,118.49586774312293,56.7324971876203,0.008599757219883462,0.04031890525117485,538.4,gm1_infantile
2.536316589801877,14.152858424521503,11.552555719988092,6.123186368658433e-10,1.4227565866973114e-05,0.9422228270283084,21.066346573888577,6.689444503954873,0.0,12.42985683844842,124.26870350143619,109.2212620219806,1.715603264870477,120.82665803831614,57.094794972508986,0.00876043288802222,0.039948722487520065,538.6,gm1_infantile
2.596461526666429,14.25995350841456,11.70282637311112,1.148547518052733e-09,1.3954687472355514e-05,0.9385874938387904,20.70660737023155,6.36480427635478,0.0,12.478240751765057,125.58931808015933,109.54006432863893,1.7606124425138339,121.46979071159647,57.69764548196929,0.008768436793850897,0.040170015235246014,538.8000000000001,gm1_infantile
1.9662763395477925,15.013529688203425,11.125074066341883,1.227743443208933e-09,1.3631750992785478e-05,0.9458792811255515,22.170688829848753,6.521379472680829,0.0,12.50316648572858,121.76360435447233,109.32637201585435,1.7727842305747754,118.00649246501122,57.46051851251785,0.008733239712995984,0.03903684085465801,539.0,gm1_infantile
2.9477396316612645,16.077173707886544,9.50160635013592,1.2499795219097307e-09,1.3933118524442268e-05,0.9441129916320259,23.089393900557244,6.474669276731197,0.0,12.502621378121809,121.19032046702844,108.47121805341409,1.7699495006859682,116.6708992236261,56.80124612448365,0.008497289514540627,0.03936115385810286,539.2,gm1_infantile
2.2414877428541122,15.149559162628124,9.147616180220325,1.2474324643938704e-09,1.40840256395651e-05,0.9555743773239941,23.27909220427466,6.603398658965468,0.0,12.515083509568766,121.95850051148004,107.39684605463894,1.7460689649223762,118.72462273932504,56.88250588898084,0.008680421386719634,0.038363605905711744,539.4,gm1_infantile
2.3676752406597332,14.064943262896607,9.495859597205337,9.686201416926788e-10,1.385070681002006e-05,0.9882771896695274,23.74842980604381,6.746504398759868,0.0,12.462927215416276,123.60597249960297,104.20279203052453,1.7359283076458762,117.34803543377369,56.166159843063475,0.008575780518085002,0.03742839915475235,539.6,gm1_infantile
2.4202715925761216,14.314025406822072,10.002674916787665,4.5537201625741145e-10,1.3852550004080368e-05,0.9965450840583474,24.059279799551405,6.714567615975249,0.0,12.483804962162566,124.21053575764762,101.58373257850039,1.7322685937709064,117.35639746981147,55.33622343562204,0.008509984210196934,0.03780276161818317,539.8000000000001,gm1_infantile
1.7957633123589598,14.553515544032576,9.603272419797136,3.693289873220197e-11,1.3985674877187093e-05,1.016328336970139,23.320481607417364,6.8941122485565725,0.0,12.421889358682925,121.88831609524102,102.41857301763758,1.6964038837940252,116.30860830934155,55.26741346250773,0.008576571932913581,0.037919522717561646,540.0,gm1_infantile
2.9244539449823215,13.853330822683224,9.697296093402034,1.4717828244385424e-10,1.4150809513926251e-05,1.0342274339466035,23.068964702845214,7.007030636703992,0.0,12.419451930169517,122.7696053972507,103.76949959196745,1.7110274975589812,116.3805082891522,55.20041236711456,0.00866322225632771,0.039781411988650775,540.2,gm1_infantile
2.3453252232590236,14.316175851224004,9.153643490949218,0.0,1.3988497032823338e-05,1.0497634246835388,22.510753696199636,7.108379891200387,0.0,12.429033105274288,122.47254721834796,102.94180776636549,1.690247754697,117.27224000154163,55.13582198885347,0.008437621119456841,0.03993877538436329,540.4,gm1_infantile
2.653199960511588,14.203713846611864,9.91564332777169,0.0,1.3844700742088933e-05,1.066385778954801,22.53986715179641,6.9575687643142,0.0,12.456161928236144,126.10710499949587,104.42653980889952,1.6803273787659443,116.83716990834866,54.96182680940641,0.008256653996027858,0.03975861954241484,540.6,gm1_infantile
2.684508330570534,13.428300037896422,10.327773725208242,9.79340804662367e-11,1.3588860566192733e-05,1.0677272225713665,21.97259850697768,6.8264841822724955,0.0,12.469008531762551,125.29152762889646,104.86363028326406,1.6801268038895238,115.21981725370897,54.83186700934684,0.008318280515119555,0.03999001165925958,540.8000000000001,gm1_infantile
1.9411966506593457,13.691538836443426,10.341642071696775,0.0,1.3287799223168247e-05,1.075672621986759,22.821316645926146,6.50932553224249,0.0,12.416410484418194,127.71610233463663,104.52721366165196,1.6655640974450354,115.71316296975152,54.12218513300432,0.008396134403314364,0.03983734319734196,541.0,gm1_infantile
2.812522935035142,13.091688889551362,10.43840652253769,3.903428647287724e-10,1.3330187006264494e-05,1.0945811043631954,22.277725475625854,6.629136883532687,0.0,12.370931407393464,129.65853484238178,104.98754716520038,1.6608117410076282,115.19286701133633,53.37033471916333,0.008496561198650871,0.04006550435300105,541.2,gm1_infantile
2.240766733068672,13.327677028828713,10.52552375761281,2.1762688615702884e-10,1.35983645920442e-05,1.1049941083584542,22.38000530560403,6.584139198593999,0.0,12.315875414792446,129.05914299879433,106.79022408206724,1.6466547776562228,114.11693687935058,52.67839199345613,0.008235874399325247,0.03921298512117683,541.4,gm1_infantile
2.401366474317994,13.036879569404878,10.269259711546397,0.0,1.3612828047255954e-05,1.1112065184472866,21.2774448874265,6.429180141236088,0.0,12.327691442427453,129.3242193472391,107.9724471660299,1.6172766267542689,114.70942136135234,54.150680386993514,0.008226190620467541,0.03924948564258509,541.6,gm1_infantile
2.537416422979689,12.758697416264015,9.838157637249893,0.0,1.3060816993133335e-05,1.117566934367011,21.613974646459326,6.143974937226159,0.0,12.321448272100517,131.9577969704822,109.8808585621697,1.6373116001248416,116.5409778672168,53.88264410035185,0.008255689771416974,0.03898735540068039,541.8000000000001,gm1_infantile
1.8731780039676014,12.948679713785026,9.802826076909136,0.0,1.2988018953056484e-05,1.117238692392724,22.1390220837035,6.049406292388192,0.0,12.339865205197215,133.51709862888302,110.39972746820801,1.6140091081726753,116.28031773018385,54.086818798959726,0.008042302788539245,0.03828569627842715,542.0,gm1_infantile
2.9130512626587,13.788280708080585,9.90891405850428,0.0,1.2874383977679714e-05,1.1024659178300633,21.88940975488026,6.1744022780188645,0.0,12.375923873327975,137.52376211386255,110.62922434280667,1.5977784758234699,118.05511120245386,54.28572288853912,0.007930230700812831,0.037422526123774245,542.2,gm1_infantile
2.2539286470339426,14.10821629979696,10.337437484933513,4.2845902979312077e-11,1.2951062746734166e-05,1.0943974069535398,22.402217023768582,6.143671383135102,0.0,12.35759407517961,138.26336317980554,113.91344225715275,1.6220959005771922,119.17639803556649,54.49838667350071,0.007921813192290949,0.03723804522649413,542.4,gm1_infantile
2.3692251093839847,13.02653377682837,10.65597656457852,0.0,1.3086032807879263e-05,1.0868667273203712,21.832014529507653,6.38602455834002,0.0,12.33892278091454,137.20962808621198,114.12051283420413,1.6105283061844669,121.46419984361157,53.50008681237909,0.00866077474446872,0.0363277950546198,542.6,gm1_infantile
2.6467224637043367,13.905774452528917,10.585848943169959,2.0368580105853977e-11,1.292005615219044e-05,1.0921623100983775,21.41450468110363,6.502722228440206,0.0,12.311374071120502,138.00589858789058,114.65880956660757,1.596920659493524,120.68428301792055,53.86846642690849,0.008855149092947654,0.03617430061472436,542.8000000000001,gm1_infantile
2.0678212357064436,14.924567498432191,11.226389701580759,1.1623963512268446e-10,1.2607256251691947e-05,1.1082360415421515,21.320906887330565,6.577913561608328,0.0,12.294586014015579,136.71872801910308,112.6152751800681,1.5862729836495633,118.9432802237728,54.27706713055205,0.008626933028888282,0.03559889961193587,543.0,gm1_infantile
3.067207830569799,16.41816349368088,10.89446103933775,0.0,1.2189278823998681e-05,1.0898114615398227,20.95683647483722,6.972661162006516,0.0,12.285652113529869,140.17282637145905,111.67622370110085,1.579416329515449,118.12485933652601,55.02610240033242,0.008594084831302773,0.036781615609231925,543.2,gm1_infantile
2.427274998444246,17.364376386317538,10.101856708019772,0.0,1.1691784963783014e-05,1.0800153110666784,20.134301663561644,7.168813706679003,0.0,12.302291705500313,139.24635822073384,112.90287529891053,1.5403152119175272,117.98010480637952,55.390100902611955,0.008687951452577012,0.036482662141787754,543.4,gm1_infantile
2.437972974321742,18.29451377025133,10.029781776065404,0.0,1.223667179681482e-05,1.0804177036052542,19.90453652675545,7.013301407402732,0.0,12.279454401503404,140.20427219548324,114.56388816738873,1.5407615209435146,119.48622632331607,55.330647449823104,0.008535925568519965,0.035111721289569076,543.6,gm1_infantile
2.552227734920952,18.521476954597908,10.607750739525109,3.0273344695023245e-10,1.2763413980515566e-05,1.0677952043813146,20.1488869311814,6.8485382006446605,0.0,12.253753773242298,141.92839586191965,113.41383208644793,1.5589534153882054,121.36053649086644,54.180953938417886,0.008263503682097448,0.0352597887668949,543.8000000000001,gm1_infantile
1.947718655396337,18.184992862500263,10.499897169167527,0.0,1.28040091158996e-05,1.0480966168076016,20.399205318660375,6.7185348611175,0.0,12.286835956410624,143.74329041318444,111.88570692542743,1.543011174225806,122.54676054541054,53.1453161748155,0.008517995029832618,0.03532950570941417,544.0,gm1_infantile
2.9507929833597486,18.034151423877777,11.269415775235982,0.0,1.3046801303309974e-05,1.0693224100461245,20.279509137959415,6.693777178266266,0.0,12.306729223743435,142.3180321845412,111.84501879617758,1.543335262064233,123.57206706225841,55.08802014971719,0.00836024745577828,0.035354764153854336,544.2,gm1_infantile
2.259146097548158,17.61799825868888,10.823665091817093,0.0,1.334099613413464e-05,1.0747165693221536,20.375672285750042,6.519423917479235,0.0,12.274672032234061,142.25037391105272,112.32931402574208,1.5344401620663517,122.22580306403395,54.71827459418988,0.008495199187342262,0.03547741665408562,544.4,gm1_infantile
2.3216092677720574,18.237104761429908,11.177120067865037,5.178156640710628e-12,1.378423864404424e-05,1.0737275021185906,20.65570161233488,6.5919246833792915,0.0,12.268280398719124,141.01051471973472,113.78697726880473,1.5558529191108068,124.24390186453442,55.01861272742371,0.008168716127057819,0.03557059054186174,544.6,gm1_infantile
2.4505263583766084,19.39559791555702,11.809905084891373,1.8434526677840134e-10,1.3101515644776037e-05,1.0565547914991686,20.49143189308129,6.517044577328911,0.0,12.308677594108985,142.48280153966158,112.3705882971905,1.540853474376993,122.62069816824788,54.92558991289943,0.008298856500184476,0.03630829012972431,544.8000000000001,gm1_infantile
1.8425814478818132,19.270394199918787,12.826621101786335,0.0,1.3234066184609114e-05,1.0651867833763045,20.373610070747308,6.506533308171224,0.0,12.300296298381712,141.2507930881154,111.28121996960719,1.582197417233904,121.80346856537759,55.067718007685684,0.008427233144067797,0.036098883472940976,545.0,gm1_infantile
2.8974099915803415,19.586560569705963,12.41431343339998,0.0,1.2963385051914283e-05,1.0971901525160626,20.100913293188853,6.517276175920336,0.0,12.336989668609974,140.66943069475698,110.58762713387557,1.5814456065637308,125.8898576105041,55.387869957802764,0.00837883013893319,0.033809003979853924,545.2,gm1_infantile
2.3573445284376486,18.862689832801834,12.03519340279013,0.0,1.3339913053225519e-05,1.0949035284735562,19.329706880716593,6.460502860971793,0.0,12.346634499429122,139.9376275601662,108.27086968533489,1.5816434034702076,125.68842793857337,54.45591903963697,0.008000844919169896,0.03398785392747835,545.4,gm1_infantile
2.461185370101166,18.55122286921055,12.522931126046382,0.0,1.3301218211420213e-05,1.106499576647175,19.28634512135733,6.203383440323984,0.0,12.333898996485335,137.00295036643266,108.80444980987032,1.5836667795741424,124.50425052119235,55.17628003591803,0.007890055726158826,0.03509551167484094,545.6,gm1_infantile
2.5400640067006304,17.563105737402882,12.072972364587951,0.0,1.2930110305996531e-05,1.1078755053340121,19.125628791165767,6.126669758006026,0.0,12.361361222891803,136.0207616719741,109.06575715943002,1.595029618987995,122.4028045834332,55.5572527311691,0.008017522337829404,0.03582506200932876,545.8000000000001,gm1_infantile
1.868942210827325,16.595878910334,12.090916264402772,0.0,1.2880742679847642e-05,1.0993346829611486,19.271232753676916,5.719730433374245,0.0,12.401834210296895,135.0317569785301,109.35379466422597,1.6332204017627194,122.3717823081625,55.77646498217059,0.008336507990017977,0.03745593478586934,546.0,gm1_infantile
2.872157891628296,16.11260460121502,12.607237062881097,1.296691518043727e-10,1.3030960463531803e-05,1.0474868129611337,18.3377028753129,6.0240641737818,0.0,12.411366010483233,132.81910334439777,108.73677818152883,1.6473730246870277,120.03498640229493,55.24138462640636,0.008388074086288609,0.037913815726316635,546.2,gm1_infantile
2.2157798032876257,17.085400487317344,13.149984585751497,0.0,1.3461593069577037e-05,1.0681349525974766,18.52742290008852,6.021713233648948,0.0,12.425907709419576,132.35629446642184,111.09403165146193,1.6032695897718379,118.8862353939473,55.56669747294625,0.008359485514892715,0.03847176315835409,546.4,gm1_infantile
2.300356474698128,16.79091412145743,13.846301301340349,0.0,1.3332192543680837e-05,1.056570105547706,18.782756381079604,6.098230102273792,0.0,12.417577089341279,132.49402284489372,110.8328495680848,1.6045085823243372,121.15897188878928,54.66873793002039,0.008404837729754132,0.037629468181302674,546.6,gm1_infantile
2.5353878524412092,16.837488401423915,13.057206554073776,0.0,1.2847696926595494e-05,1.0432238735811001,19.16612693143144,6.334875417125751,0.0,12.414385978547827,133.5341004990881,112.02552199609322,1.6556480125291024,120.09395504496956,55.78177448535383,0.008183250056809825,0.038595898401732734,546.8000000000001,gm1_infantile
1.892640530832083,16.24118997245896,12.89137369446539,0.0,1.2916075724570018e-05,1.0649269226789952,18.182162504648627,6.308297783447173,0.0,12.439256633924995,136.1194821967324,111.743468173015,1.641825027379645,117.43581950642978,57.24946365026798,0.008409789427768013,0.036885650344548986,547.0,gm1_infantile
2.961910635218802,15.198695034037351,12.591687717920944,0.0,1.2296254394966835e-05,1.0626096626700918,19.213525192954684,6.152074382235501,0.0,12.468169230852988,137.45345973754976,114.75877598314887,1.6647166329917178,120.24669724124402,56.35945142060924,0.008532250194378647,0.03811416305633035,547.2,gm1_infantile
2.2666762978040373,12.770163941805352,11.8726791123603,0.0,1.2399261806784478e-05,1.050437948051595,19.279442769285776,6.0617215847331885,0.0,12.466042512545139,136.2956719420101,116.00443469041339,1.6974173565078852,118.3257613444402,56.51181164395267,0.008244724894607577,0.03660965931395302,547.4,gm1_infantile
2.460192332404062,14.3037347763147,11.638040677824817,8.070030414118602e-10,1.2168150008930255e-05,1.0446144272593676,20.232222075183003,5.934044702829533,0.0,12.456057599181024,134.99040260421748,115.18567945994003,1.6501963567105122,120.27086628242574,56.670819741417155,0.008198983786578047,0.03600837801248156,547.6,gm1_infantile
2.571276271256194,15.070744597429192,11.478536156095357,1.129666592996528e-09,1.2191526355738953e-05,1.041458480924739,20.788966739230123,5.881876633215198,0.0,12.454298750347903,135.06474835723202,114.81465472502812,1.6785034010482567,120.99638432604874,56.569838070717665,0.008179574344837116,0.036035567123408864,547.8000000000001,gm1_infantile
1.9852729238269573,15.183374304844499,11.405382166840978,6.720188618637524e-10,1.194776310742186e-05,1.0452234018530788,20.940726989057747,5.684415161361885,0.0,12.428153068269223,137.56972258649014,115.17485817177082,1.6898167985711643,120.7990526102054,56.08327565726946,0.008080153078684243,0.03639696242843368,548.0,gm1_infantile
2.9928319852277956,15.545498421683202,11.489374944286533,7.047709768605259e-10,1.1989937962325617e-05,1.0340145416317104,20.809145536338157,5.866953227325654,0.0,12.453410801585827,132.51834492554485,113.98164419419868,1.693928479635983,118.94475797017019,55.21706562820864,0.00798672150287468,0.036640893730565526,548.2,gm1_infantile
2.3824694250897407,15.382766778865742,11.280362020570324,3.691960788713329e-10,1.2075714029782056e-05,1.040778546235095,21.371150923731612,5.922521375201793,0.0,12.443418993747773,134.06937315484598,111.33294469361334,1.6935345705980367,119.32093567358251,56.71370917847307,0.007862168280014072,0.03650288312259773,548.4,gm1_infantile
2.5866217918055385,14.925606104302487,11.855046087543347,4.475384343917022e-10,1.1964866047248965e-05,1.04780831385114,21.3233582618442,6.323026701167783,0.0,12.43528205576844,133.62812480655666,111.11428281210884,1.719766616479642,118.52667209537356,57.075495709216185,0.007885324241481056,0.037155378512357874,548.6,gm1_infantile
2.6421976968290144,15.264972301317593,11.7804903370719,8.327954504770473e-11,1.234947917627986e-05,1.0321907000014015,21.083536541038722,6.184956540811911,0.0,12.421713569790578,136.3885462410662,111.89542259894797,1.7147060647347485,117.013145066169,56.97546994529977,0.0079598552571797,0.03707828144163416,548.8000000000001,gm1_infantile
2.00045260606836,14.531043784878937,13.022709096479893,0.0,1.1923264801461138e-05,1.0111248359578962,20.933579589915755,6.5338902330168365,0.0,12.411028026694604,137.9455151008804,113.26107863098242,1.7313498534332803,117.25711367477248,56.122677106758296,0.007809445176700735,0.03574379877894571,549.0,gm1_infantile
3.0058843200660403,14.179433310328584,12.663622945628681,4.090338552402307e-11,1.1698663367415514e-05,1.0036209432364418,20.713005454189645,6.530458890925553,0.0,12.373491516720158,138.77972496805796,113.63826663733339,1.7425074447450386,117.39231642854429,56.38419842765173,0.007719673088081701,0.03606240724278199,549.2,gm1_infantile
2.428688909570679,13.998695302579327,12.3540249939479,2.2703473569821278e-10,1.1504919231056037e-05,0.9894337502472903,21.00850233696944,6.461033645692009,0.0,12.360320711997934,137.25129900629284,113.60468996932318,1.7540886092336356,117.82155653140967,56.78091125818402,0.007607456561683413,0.0369518230944585,549.4,gm1_infantile
2.441902587404015,13.502765865697146,12.3282347517818,0.0,1.1376629127105525e-05,0.9708642291156865,20.95288260102706,6.556057601420934,0.0,12.33577312171058,136.3974392631536,115.27260283723992,1.7814261853764088,116.9875168355681,57.15535975603922,0.00758726724615423,0.03798924086136489,549.6,gm1_infantile
2.550651981786846,13.454605761010566,13.183750381623122,0.0,1.1409770340513445e-05,0.9935472332440367,21.401255764003007,6.438295358463352,0.0,12.296705538512951,139.13094538247918,113.50167296190139,1.7998419956526548,114.69075794456646,59.13421299069606,0.007344185130115491,0.03798550756018485,549.8000000000001,gm1_infantile
2.0092458717100183,13.07994595818237,13.434551771588906,0.0,1.1460748103759635e-05,1.0115785153612387,21.205895783464854,6.714003149289902,0.0,12.350121117060223,137.57180689914662,112.5018091203633,1.79531017382865,112.77575213126082,59.84960024913126,0.007315262082831511,0.03698461777614276,550.0,gm1_infantile
2.9859316657322985,12.509411412891316,13.89840617884794,1.1294099764369074e-10,1.1378117651387002e-05,1.0036121116110108,21.114459602183206,7.034090570317461,0.0,12.373547739100163,136.95975322544527,115.04702991804118,1.7671988287224827,113.9516769240407,59.21628790982945,0.007669845664085237,0.03752700438540351,550.2,gm1_infantile
2.2240239964649797,12.144743703414647,14.200166099365521,3.095229640172408e-10,1.147908930073444e-05,1.0050549609453467,20.98185483061667,7.218536872402092,0.0,12.374747823335548,135.8206560489755,113.94192318921883,1.7575712240625667,112.77422402496347,59.63057646506771,0.007403655728116327,0.03785104082430217,550.4,gm1_infantile
2.3433230469683437,12.26689160105129,13.945875375451465,7.61548693406708e-11,1.1745914966626825e-05,0.997031505652438,21.42963520421877,7.324287693905441,0.0,12.339711555342399,134.223296367211,115.88658943047402,1.770497776831683,112.93183638506365,59.15292863294548,0.007679298816703653,0.03708370152329036,550.6,gm1_infantile
2.4726057087943705,12.723621982838715,13.017393602749062,0.0,1.1576437706548819e-05,1.011163759705057,21.223571879967214,7.011117912707549,0.0,12.318288682538142,131.57249566688782,117.05559263137188,1.791022021507596,112.88776142671632,58.920662653364154,0.007790465614422082,0.03762992758187518,550.8000000000001,gm1_infantile
1.8259335415350704,12.28813993082799,13.337038297630665,3.748160172429131e-11,1.1685754477435394e-05,0.9937398991165287,20.84527499228511,7.0764175326786765,0.0,12.276216633267882,130.41957050556906,116.69967649627678,1.8334131088662449,111.57264099934983,58.84906656635766,0.008136989739518943,0.036681654349619036,551.0,gm1_infantile
2.9104529100980967,11.842104892998208,13.460247572450001,1.1567711673554477e-09,1.184475402408876e-05,0.9950927683943623,20.378747424605635,7.022081456761816,0.0,12.23618660817491,126.76858770532498,115.37253574411773,1.8335000423288963,113.21252053219897,58.24659347251136,0.008153666594115216,0.035274332508100116,551.2,gm1_infantile
2.2266461627501966,10.63888329403931,14.73922940168506,1.1493508549623399e-09,1.1838584544832757e-05,1.0033275509490784,21.87676092835741,6.9214200606424505,0.0,12.290760533501253,124.72858122117533,117.36885286828976,1.8325411630367652,113.81638598623564,57.11465836594416,0.008621944402818008,0.03493711369670433,551.4,gm1_infantile
2.341987993486707,11.109906477087545,14.118644219928173,1.2306217770249143e-09,1.145918452014213e-05,1.004598495901904,21.555827883572086,6.757392872277399,0.0,12.314854279829305,124.18908830368495,117.04423187660052,1.8438960055529456,115.51230561601042,56.396050981992786,0.008645235148386856,0.03419703781609408,551.6,gm1_infantile
2.453365340569789,11.92279746922237,12.544002811651323,8.660234880151859e-10,1.1351376912851448e-05,1.0101217298604934,22.310818330847763,6.446258203790729,0.0,12.328926493051894,123.83677529569322,114.72553239857963,1.8305392044693605,117.04523480132787,56.40349108102601,0.008590947083378566,0.033426355994834324,551.8000000000001,gm1_infantile
1.9058989698853077,11.978734337676007,12.309246750631953,7.497323344905389e-10,1.1140545190206741e-05,0.9941572681854044,21.447546145176325,6.348320929141979,0.0,12.342046328577398,122.7826217084281,114.09465055666537,1.830434072756071,115.71836995696901,55.5086826881852,0.00861438086192687,0.03483300938393758,552.0,gm1_infantile
2.9832224668206377,12.866890805998505,11.521130774988967,6.033112417638063e-10,1.1043991052034157e-05,1.0185523871589568,22.033205288035017,6.339183135159046,0.0,12.309829701964604,123.88179284356814,113.57678724958204,1.8286085528855287,116.60559107655793,56.349052247568736,0.008446328936153527,0.03526033373084174,552.2,gm1_infantile
2.442988156811262,14.116440687435608,11.202528532059828,6.372851623658498e-10,1.1184016260053572e-05,1.017549928728988,21.91954071209438,6.065928702752281,0.0,12.290428284815146,121.85439350846751,113.71859322041526,1.8507725782964184,115.88119657184684,54.6952701436826,0.008405041505632056,0.03544001251827509,552.4,gm1_infantile
2.5522991058476987,13.65473632263042,10.606618077078535,9.268727271897172e-10,1.1224798581034685e-05,1.0038552203082274,21.09134790842858,6.1321155029647505,0.0,12.300673485923042,122.17219426616296,116.90597746825314,1.8494895564108182,118.96671515015498,54.749779372807,0.008261765308511658,0.03457625802431198,552.6,gm1_infantile
2.5744810457490623,14.08231115122145,10.666969441280578,4.0130462306910576e-10,1.1436079664609741e-05,1.0293841256293543,20.131570842018757,6.332798770352199,0.0,12.25109496840695,121.4649040941766,115.5469218742757,1.8745325091475875,118.22227332853267,54.41111819387802,0.008321411555268466,0.03576681371948075,552.8000000000001,gm1_infantile
1.9537379141467373,13.831418946556854,10.539483254218716,5.91786096304043e-10,1.105208962371148e-05,1.0276920487253576,19.69891800434866,6.14547660902533,0.0,12.236719639028761,123.29890756700637,112.4841863275231,1.8886846061705935,117.12101633527885,53.63606255227255,0.008366965521929717,0.03679278686183073,553.0,gm1_infantile
3.046924666767885,14.025093679454159,10.511637480530831,6.64851740367552e-10,1.1634214473882941e-05,1.0209278065386627,20.3850053896752,6.073168275714825,0.0,12.28494092858369,123.35899420298296,112.8022781240906,1.9029693464541901,115.65559600940779,53.32050198422831,0.008228924742511278,0.03702847308602246,553.2,gm1_infantile
2.4070361041065094,13.77852567861097,11.518843299267585,5.766877934494237e-10,1.1611546112744054e-05,1.0443678763858824,19.978909672019295,6.019315630203108,0.0,12.244195231355276,123.02084414881077,115.92598971621575,1.9505556136683457,116.99131591940223,54.173445520469855,0.008301740841344702,0.03663404813550038,553.4,gm1_infantile
2.603773056645765,13.173412114940685,12.002139282953044,3.3460196674149873e-10,1.1446216360364165e-05,1.053061035472932,21.15992386431021,6.278423294245485,0.0,12.245641237807249,124.37684209782327,118.03972110881097,1.9049516485395903,116.72405111265888,53.410595633969216,0.008242613108861376,0.03557966408175817,553.6,gm1_infantile
2.560120796296265,12.413600912358456,11.65281544859544,4.952099944927908e-10,1.1191155746291027e-05,1.0354599562603193,21.41825154080228,6.333024378109415,0.0,12.270986116073113,122.73169136618944,116.94866736595053,1.9242901632610143,115.2782764832649,53.17837450607443,0.007914887415546997,0.03451797859564469,553.8000000000001,gm1_infantile
2.019483687415288,12.680007632890293,11.266319581957527,2.609630789108905e-10,1.1581070759179513e-05,1.021980601326926,21.72861934492751,6.492113736258057,0.0,12.247380125773999,120.50783041614588,115.1974562445447,1.9433793755122148,118.33917194001454,53.72816145368335,0.007781264763429204,0.035410745446641696,554.0,gm1_infantile
3.009264387950813,12.161112322665794,11.05563148354273,5.004683634421788e-12,1.1351517039795466e-05,1.0431847762368736,21.468246400118005,6.227409026109822,0.0,12.220988915421303,119.09148711248858,116.25762570413532,1.9246239326189711,117.5437354463982,53.7569118536152,0.00771414046888107,0.03503535495640028,554.2,gm1_infantile
2.1998170784965176,12.301369850192762,11.83128289461322,1.9153728204875686e-10,1.1208360693085614e-05,1.0505952796523217,21.867315700696448,6.10262530600316,0.0,12.22517108638827,118.6684556746728,118.73482485440181,1.8720452714796851,115.6327086555301,54.21988802517437,0.007813980063031046,0.03631245741758482,554.4,gm1_infantile
2.2480792438643564,12.966511108835386,11.119167143277561,2.8448320396034977e-10,1.1144444273122331e-05,1.0652655550657935,21.750387933620075,6.287228497561474,0.0,12.222669839790752,119.05355873232342,121.40007900144913,1.8934584143939577,115.88954274384554,54.68362009404277,0.007988527103752106,0.03657973306442493,554.6,gm1_infantile
2.341965498546227,13.482474414431072,11.071598417363152,9.599836581074995e-11,1.0903122404166596e-05,1.0749159453353916,22.070539931005577,6.1326082346137785,0.0,12.274203606737991,120.51470133133665,121.49990638075788,1.9091039006775388,115.1048423181364,54.551715697518475,0.00797443288205121,0.03733859446203171,554.8000000000001,gm1_infantile
1.7077870462863094,12.838084864082214,10.462150776778914,3.817172546176033e-10,1.0832210138540326e-05,1.0559717400457722,21.94877483190917,6.039888933449353,0.0,12.30856771448084,120.34750603716766,123.56863279972634,1.8724021647201121,115.83184596316084,53.501121117461544,0.008404500402152501,0.03588337309233815,555.0,gm1_infantile
2.8634866501866254,12.787741444036373,10.36078543663656,5.425150016379977e-10,1.0561356632419826e-05,1.0694797684584827,22.482360527889774,6.06432701321563,0.0,12.361514576351171,121.47524981884442,122.23084182746754,1.891701538202513,114.93801653512843,52.97784468954815,0.00848252750346555,0.03504496485543008,555.2,gm1_infantile
2.2455594897094433,13.45887053428324,11.269153906144597,7.211996951219914e-10,1.0175035994070236e-05,1.0432044985431608,23.5543787350884,5.9796512420853905,0.0,12.333494626501357,122.84553463224236,122.37206332727919,1.9083769464718152,114.83270365773352,52.201108325389924,0.008131260817956988,0.03436027948570891,555.4,gm1_infantile
2.3971260201681956,12.686460620133268,11.749065124426737,3.477603140803838e-10,9.76288498504695e-06,1.041823282401077,24.03513312182199,6.251027349350253,0.0,12.372542896857464,123.21050384299677,121.31084824040572,1.926074451082118,116.88182789947525,51.042840221170714,0.008035031088217352,0.03390828102743433,555.6,gm1_infantile
2.5399392179412734,13.832142791367938,11.727949330535202,1.7713863263257408e-10,9.819105284864025e-06,1.0360755146697578,22.661735564836793,6.349885907956235,0.0,12.402004896652826,121.37172704140656,122.25950163837364,1.9661748602651665,120.84877885599411,51.38099203230192,0.00819570452363346,0.033128424762292816,555.8000000000001,gm1_infantile
1.8680392063959048,14.689083188694411,10.677163744782575,1.6641628354551867e-10,1.0096505112432525e-05,1.047995370870952,23.10803124347463,6.349443611454239,0.0,12.46162544842698,123.46141670708577,123.60929122799433,1.9667753614830914,119.81590712339502,52.13848446463904,0.008121256234085808,0.03315200975065039,556.0,gm1_infantile
2.941171238713136,14.79173120720548,11.464479553520391,0.0,1.0068810582041495e-05,1.0874570987597167,23.674292598645945,6.323388305051743,0.0,12.460014911152586,125.9716946633166,124.92961650351634,1.9438536192493576,120.11710312765165,52.43686023419143,0.008188475372376313,0.033354347249555584,556.2,gm1_infantile
2.338984055609486,15.282645263364646,11.100286929252718,0.0,9.968956378008653e-06,1.0878752382296262,23.486628107775633,6.508387661922412,0.0,12.411499032509724,129.39302571957944,123.51674398274912,1.9725436515617325,121.02350047314026,51.8928652599926,0.008145780519404502,0.033109715030531554,556.4,gm1_infantile
2.480696172314869,14.680883118889733,11.03568117158702,0.0,1.017522370141413e-05,1.0784644747820504,22.855784265219903,6.3997061587464,0.0,12.3621503153496,131.5276962583489,123.50290681079507,1.9836461805576993,121.29702916954297,51.43600879724004,0.007932759740023913,0.0325604232325683,556.6,gm1_infantile
2.487510083285954,15.020742447738302,10.965884846954605,0.0,9.992675396298822e-06,1.0896976625288028,23.65509931923769,6.177753486721869,0.0,12.335379927385008,128.58319570199276,126.4026303928304,1.9557159912935291,123.7166794853121,50.986834952504466,0.007863130343317397,0.03158989780697863,556.8000000000001,gm1_infantile
1.9632770648135516,16.020943012829825,10.667313849467916,0.0,1.009924165052446e-05,1.0791215231831368,24.50933084262026,6.164168316791437,0.0,12.291520702211153,126.41376064606126,127.35146479301251,1.9616027751305718,124.98167271092822,50.6126488219506,0.007562191361182939,0.03120810829174704,557.0,gm1_infantile
3.0791370475312188,15.125678892268919,10.703765715185066,0.0,9.939601216465826e-06,1.069752953608788,24.69130819964007,6.120352542673235,0.0,12.273010400622669,126.11830568687373,125.60464963707638,1.9390459037385332,126.5739811431625,50.20094784526274,0.0076199769879752,0.031052110792842917,557.2,gm1_infantile
2.3229072447825794,15.027394365557036,10.875162683609489,7.504200508297721e-10,9.727203762012678e-06,1.0667291793084634,25.26479189390925,6.344398547461833,0.0,12.268459538137858,128.06479669725653,126.41719092388384,1.9660026903794579,128.46479919685143,50.58777949236622,0.007627369366517722,0.03055712757010303,557.4,gm1_infantile
2.437118173770151,14.90365202639513,11.497458191923954,7.35190476585545e-10,9.726370937967504e-06,1.0465449037932004,26.04877222804954,6.216766287169972,0.0,12.304157196956231,129.63832481203994,124.92957501071011,1.9374868983701745,127.98985939082526,50.208952183509666,0.0073640810759554465,0.03001468314969658,557.6,gm1_infantile
2.3913792046517375,15.692391228825421,11.93930340330286,1.286736953376488e-09,9.762171345172635e-06,1.0368332440368906,26.721883718383083,6.113565697667616,0.0,12.299830371126735,130.38653846050727,123.52377071054468,1.9104440576495159,127.1510424071025,50.49954337565307,0.007323642203035557,0.03180482346251207,557.8000000000001,gm1_infantile
1.810907604306816,16.351872038896186,11.197312623162182,1.436146880986541e-09,9.62029311912369e-06,1.035303650240699,27.898270115608888,6.072617839323353,0.0,12.267907863750343,130.71589813190073,123.67115110444202,1.912623097453666,124.85461792904965,51.90220856162182,0.0075509603118655705,0.03186426185091082,558.0,gm1_infantile
2.811322910727146,17.673961063020663,11.826386335211513,1.3976376699109175e-09,9.840754588816042e-06,1.0248320201541705,27.111995619703514,6.122815128607536,0.0,12.237216652572926,131.69789965676696,124.02005976492977,1.877692859838441,124.06025554253776,50.98408438500051,0.007451967250890895,0.031407674591378006,558.2,gm1_infantile
2.2660225166322476,17.561513245155954,11.755987158249953,1.188127141889494e-09,9.427615127132576e-06,1.021686466511215,27.405110572562073,6.1840223809294415,0.0,12.257242266036396,135.6582076863522,122.10498825676173,1.8840693970377769,124.530326639907,50.7748940735561,0.007330591266447432,0.03172695094715079,558.4,gm1_infantile
2.427051726969183,16.524926157709682,10.905940223143423,9.455832659542926e-10,9.246665556177205e-06,1.0314236447982805,26.67066557002775,6.175505976174101,0.0,12.214516996753934,134.267387910262,121.64853836680797,1.8638897122841773,124.65763233017675,49.63910980424541,0.007278972475196574,0.03154963831934466,558.6,gm1_infantile
2.4515831089308104,16.720474277473798,9.957867429298437,6.459386503357422e-10,9.371634420127318e-06,0.9898379456198747,27.102504502570355,6.006233764121644,0.0,12.252719237177686,133.15263580280256,124.26611502340256,1.856780781586617,124.4057540949967,50.217835003381225,0.007351724086244407,0.031625421098344424,558.8000000000001,gm1_infantile
1.838645076033229,15.374354244992126,9.403968843805186,1.1480765407872926e-09,9.694706767951563e-06,0.9908397808819286,25.80877897364124,5.9272787253597645,0.0,12.237225827551825,131.58928892513893,125.08316137524393,1.8636920193498305,126.95553119677608,49.96855411893806,0.007368201448039855,0.03212067228818663,559.0,gm1_infantile
2.9354282986668245,14.29377894230928,9.653232077834216,1.121058805070081e-09,9.719380210141218e-06,0.9905959725633849,27.010856574343332,5.836882275954008,0.0,12.214506607160498,131.09252170078466,125.52069346571565,1.853012992215496,128.5531570182908,49.97956396369835,0.007335799867994172,0.031145737221427515,559.2,gm1_infantile
2.4192117705317426,14.42152279663298,10.429651800221121,8.390848481532012e-10,9.860283396358171e-06,0.9793848550403088,28.32923331002226,6.068722416532929,0.0,12.194454048132075,134.50512171741798,128.94279700345834,1.8443564320765753,128.69587965187685,50.61810437923555,0.007002962653820309,0.03192130265142716,559.4,gm1_infantile
2.5789454345808958,14.049242852854972,9.480019231691273,8.831607312850403e-10,9.571602284947505e-06,0.9506707668094143,28.56176652263315,6.329741451767498,0.0,12.226538430957353,135.70920957110982,126.52300933761629,1.8315572001085818,130.43380673458142,50.2481834969144,0.007116684525936792,0.0315963858501357,559.6,gm1_infantile
2.6862158696863534,14.475283722557904,9.418639119009569,1.0786655328611453e-09,9.079823932706639e-06,0.9311433809511656,28.173696373214316,6.572375349241963,0.0,12.225314995120726,136.27914824768615,126.88196102824688,1.830208205292735,129.20011410128345,50.09413716921388,0.0072575187194429515,0.031080668602284766,559.8000000000001,gm1_infantile
1.915603890858824,14.948614997174268,10.125212349771536,6.853617308143308e-10,9.32172513002275e-06,0.938643106185357,27.294873079058277,6.483806144080223,0.0,12.229661522861983,135.93351360371028,128.71398891889072,1.8523553142307985,126.40051620141176,49.16219073940184,0.007341596816894646,0.030691894059920847,560.0,gm1_infantile
2.9439375930000184,15.32973495726337,10.566287451102784,2.625555458835027e-10,8.830545296009646e-06,0.9355257698208824,26.66452429747388,6.529798261617443,0.0,12.202741518822506,139.78089568995767,128.67539029992545,1.8391530226830022,126.43943518021536,49.52945500318847,0.007222010051838035,0.03229336248539983,560.2,gm1_infantile
2.205186848336903,14.315906327087168,9.877926008584796,1.9424487389701602e-10,8.886900618935844e-06,0.9287814352936365,27.00119784360567,6.64218710373396,0.0,12.214134688517131,139.38509201481693,127.90333809260966,1.8279904145197468,126.70163782287531,50.36037500175875,0.007013817974529972,0.0319145057659153,560.4,gm1_infantile
2.368365943652249,15.744365707332605,10.107834582498922,0.0,8.667435709341664e-06,0.9440745525176466,26.774202847291825,6.4568302973845455,0.0,12.22227979606035,137.14246333205438,125.55758204809024,1.7767987721628196,125.51193915390213,50.578236141214056,0.0071503372466830434,0.03218570220394213,560.6,gm1_infantile
2.4162067585612794,15.50920144063505,10.8391371659785,0.0,8.780894623161056e-06,0.9537955070154895,27.31961362927433,6.566179924139472,0.0,12.18158126164467,139.94318926075553,122.4915379385852,1.7856835888325129,125.30259721566935,50.16625615247178,0.006980068427448692,0.03255000409493103,560.8000000000001,gm1_infantile
1.8807179184435112,15.445953787589184,10.736040648689327,4.995492130262929e-10,8.661165110867736e-06,0.9518191640593701,27.148118010808453,7.039777042846592,0.0,12.203975412941135,136.76317175506261,120.87600950535641,1.7796278275720185,124.95725202227634,49.99431177160036,0.006948899794846836,0.032018201559913056,561.0,gm1_infantile
2.979836183058845,14.553755783683613,11.137311945745653,6.965152000754064e-10,8.442738909733018e-06,0.9443417401127224,27.12782168805347,7.3647842565550965,0.0,12.302986369233025,138.16631538459055,121.38680442628419,1.8022475774214133,121.98542391366948,50.799654748334994,0.0067307970812207,0.03261328126425131,561.2,gm1_infantile
2.291764533213355,14.11206155145579,12.059180552608133,5.823649517143347e-10,8.122772084336512e-06,0.9597071992907494,26.23799067061928,7.625563632185459,0.0,12.26771605850442,139.67722108677484,122.188934326087,1.7529167815428544,121.77182053881255,51.0135899253087,0.0067519843908487595,0.032444610275564605,561.4,gm1_infantile
2.4646026122196654,14.595419473256646,12.040843677865888,4.247252931473997e-10,8.115204336332166e-06,0.9481352397029201,25.514748344389137,7.36565078345973,0.0,12.243933728026255,139.3564155281309,124.33838607180944,1.7495626714809083,121.89145181824374,50.866342575327415,0.006936961074920322,0.03363554846890399,561.6,gm1_infantile
2.5316758435031383,15.242043012956817,13.196568149612794,2.247314305613012e-11,8.26056057956445e-06,0.9178111570220175,25.5394386511507,7.321163401279014,0.0,12.273515772465398,139.60882066186545,122.74485970730393,1.7588755894970802,123.27000953463644,49.683284492280364,0.006450223845594929,0.03356867786528383,561.8000000000001,gm1_infantile
1.8816437853356685,16.43781221897984,12.936484622921054,7.482089839682242e-11,8.190988483026341e-06,0.891561325515873,25.574999009386797,7.057501606047988,0.0,12.24315418992074,137.37656408061582,122.34449182527975,1.7513198201188198,123.62081972833928,48.65960640147539,0.006399543763218504,0.033174090000270454,562.0,gm1_infantile
2.9341054746981032,16.548678027631155,13.02069125201046,0.0,8.16070113154044e-06,0.8822335107287332,26.521006362782853,7.092319089526354,0.0,12.207862467574364,136.26793184932797,122.71530372476,1.7513140485004701,123.3467338296847,47.54692431703379,0.00626974508076851,0.032935961306765536,562.2,gm1_infantile
2.376139923143369,15.055222933343071,12.420438614359064,0.0,8.185614327717569e-06,0.899985902254207,26.797079399631613,7.218087758926026,0.0,12.217676541664115,134.8410857335301,122.75753207183051,1.765047859287709,122.7386954830249,48.09619239962916,0.006232777629350047,0.0331035253471212,562.4,gm1_infantile
2.592807410135771,15.496135652414463,11.987452467136102,0.0,8.312193960113959e-06,0.9157384632894452,26.77816878652124,6.933472387940095,0.0,12.22234051632951,135.88179260025544,124.36820207482866,1.7192988455698683,124.0619364388775,49.04675220283338,0.005894125319699524,0.0330648488482189,562.6,gm1_infantile
2.6991252755138113,14.429034907103068,11.723007239322014,1.56511342127187e-10,8.180277653031871e-06,0.908589646131358,26.938416692682054,6.733853927655358,0.0,12.234873516114694,137.60767559194744,124.9765401302682,1.7529059485411858,124.63783939912588,50.29425854369037,0.005889573812323822,0.033217501704000854,562.8000000000001,gm1_infantile
2.0764273737884276,14.068629085096598,11.306083029567208,0.0,8.044492515517649e-06,0.9416662717062979,28.29063632033915,6.7019292445787375,0.0,12.17600556484741,135.76099621594625,123.56645752523752,1.7443468334627696,123.56023462147068,50.45130567167936,0.00597929582539318,0.032646452312406087,563.0,gm1_infantile
3.1413880332201227,14.333151987702454,11.751297747462836,0.0,8.109201412090322e-06,0.9480947596125858,29.39344666548275,6.839885973754529,0.0,12.161337069313266,137.9459282271052,121.41404817818025,1.7326329082022929,123.90892361737203,49.68826510522885,0.005843718274748177,0.03194558117450328,563.2,gm1_infantile
2.4804342618571797,14.422536197273077,12.248391525329716,8.351641294242962e-10,8.123923230400209e-06,0.9382160258505928,29.63004130827735,6.687034305038384,0.0,12.228205196834672,137.5515720518139,121.85881359296926,1.7305686660416628,123.11033634367327,50.02407529303344,0.005666892780029882,0.031793559863491715,563.4,gm1_infantile
2.4953024806376227,15.742378313040371,12.767526583121413,5.159462707350034e-10,7.759277486771436e-06,0.9452528022726366,29.539912731146778,7.1204953448453665,0.0,12.245309335692047,136.56119838547167,121.38067083617769,1.7393427089981837,123.58112863079725,49.56417797543954,0.00548396290346543,0.03316056774984313,563.6,gm1_infantile
2.5826300441864793,16.141484585624685,12.269357667286446,1.0489768993307795e-09,7.908861688869134e-06,0.9450244296010567,29.646936017736348,7.1691352410003395,0.0,12.260319548957694,137.23909922629392,121.04489502289583,1.7139457711217727,123.42077701545908,50.0802743783213,0.005554697757966304,0.034113186065106445,563.8000000000001,gm1_infantile
2.046676184025983,16.80073897499342,12.379684378898185,1.0952748216035513e-09,7.7743372101474e-06,0.9573726808822786,30.659107710081464,7.365375782833899,0.0,12.253447961326637,136.5685882201677,120.73677894487106,1.6990524874274298,123.75885215910168,48.24911703869695,0.005475713020537105,0.03412939984363024,564.0,gm1_infantile
3.1686864631285965,16.714375386739505,12.422004882595328,7.554358544567407e-10,8.045979148575611e-06,0.9422670465808991,32.29485895535717,7.199722633843822,0.0,12.251618870842176,135.52988397041958,122.33572897464195,1.7314534735302378,123.33349603681812,48.253426795828425,0.0054131366406814695,0.03426499399862017,564.2,gm1_infantile
2.397850965028859,14.614508995189139,11.44255096827959,5.990652673111855e-10,7.821608725306945e-06,0.9390291221623466,31.75616111810384,7.056619972219588,0.0,12.277868840330138,135.9477050110522,124.87866614731408,1.7355748566697504,120.09550961614725,47.602215680720896,0.005414942194656257,0.0344149307134096,564.4,gm1_infantile
2.475493410945835,14.053133408712375,11.131693216799624,4.717063175083296e-10,7.779806386252256e-06,0.9195131886129815,31.88261128642596,7.10439056223382,0.0,12.258636655527567,137.16535343042477,127.05684042910225,1.7268800636633304,118.98513169329529,47.923216957068036,0.005262908206809668,0.0334104592350175,564.6,gm1_infantile
2.5300349060460046,14.37098719168774,10.694209320970426,3.907704551069853e-10,7.405052932459077e-06,0.9284949076285364,33.06552127399712,6.940689360273862,0.0,12.252659093568429,137.34000867060982,126.57271240903465,1.7217193936796458,117.56333857265167,47.246886460609716,0.0053820663090118105,0.03214454620633082,564.8000000000001,gm1_infantile
1.9224594091843104,14.403636497746156,10.6851735109588,5.844376125986175e-10,7.312452874976498e-06,0.9381843007335312,34.78083136165057,6.926193778012793,0.0,12.248478575780444,136.8766947127869,127.19318592833639,1.6781193307009645,117.98534996666221,47.004357527368605,0.005467459744763748,0.031740313951696,565.0,gm1_infantile
2.994296697647804,13.240194439454658,10.708121546247392,2.2048511600833723e-10,7.202005383439188e-06,0.9837165913424745,33.782448607569236,6.868737125955453,0.0,12.239797747829725,136.5842151015124,125.88060235696145,1.7160504791247468,119.73608978986323,46.435755877259844,0.005555946296963515,0.03136809082971088,565.2,gm1_infantile
2.2607935956218754,12.953401593426982,10.10936699736679,5.45114691762347e-10,7.0316463996515335e-06,1.005360439847981,33.772921608488694,6.794592996411206,0.0,12.287584452476327,136.59433607422582,124.97260682083379,1.7374349387580257,120.58646497343892,45.85135836408995,0.005544125878286602,0.030092181504270094,565.4,gm1_infantile
2.400887149200451,13.24498471919164,10.31136788140621,1.7560919812538462e-10,6.886603120792492e-06,1.008519126803959,34.77698022967909,6.809902744085244,0.0,12.313994645857441,136.82572338597612,125.21688177409658,1.7575242150468555,120.33567888752106,45.310243116065045,0.005512548707226764,0.030818237269163173,565.6,gm1_infantile
2.6127672687534074,12.498082745554656,11.092234539796841,0.0,6.860488121271974e-06,1.0383408016424314,34.230958877698356,6.756111795384971,0.0,12.314760452370502,137.3931605824613,124.01152302441159,1.7933144216898365,119.0416359651576,45.64585256438252,0.0055034459331000304,0.03165487649274554,565.8000000000001,gm1_infantile
1.939826056736453,13.048833373835079,12.314348385815462,0.0,6.694567528595307e-06,1.0764115265130387,33.92870178975081,6.76424482360676,0.0,12.360118279354941,134.44741818149788,126.0351697474328,1.7590267941630924,116.48291215978321,45.01533676096464,0.005475381228633193,0.031120075189608652,566.0,gm1_infantile
2.936550117303542,12.424799506635004,11.754669187726584,0.0,6.7013655345626014e-06,1.0628330646140627,31.38623983208846,6.729353491142857,0.0,12.352136675684129,132.20700786714323,127.24674024623329,1.7278865081309538,115.91834818471474,45.03503832093113,0.005596807156911494,0.031492032394482235,566.2,gm1_infantile
2.3137954565920817,13.292060515261756,11.095487898917707,6.610314354989831e-10,6.229336850999759e-06,1.0889355258149838,30.533899036541055,6.777865428437861,0.0,12.367361880362166,132.89140304945042,128.67634357953492,1.6951200350206805,113.80614907866682,45.23233782416762,0.005559565331568198,0.031239471027515148,566.4,gm1_infantile
2.507794630288469,14.212927738165078,10.623069811174096,7.534715813561392e-10,5.988783139565712e-06,1.0570132389473585,29.66096474890836,6.738849242456242,0.0,12.379567922077621,132.88775932382111,130.55410163318308,1.708864022004239,112.18398777391229,45.81450156159613,0.005440959365736718,0.031495427863583475,566.6,gm1_infantile
2.5627774138729666,15.341138231580505,10.987914446817996,4.5599351870899503e-10,5.911870359922841e-06,1.1192562477742027,28.55865526349966,6.593879416846169,0.0,12.347249894056578,131.04101027201358,130.2974666564177,1.7211661601694808,109.76796684943021,45.537328787989146,0.005331804352119248,0.030648829532935812,566.8000000000001,gm1_infantile
2.0060917079048752,14.782340644540517,10.362938622626688,7.465470667033163e-10,6.0544699819907665e-06,1.1225704955547302,27.714286957202134,6.516758362200919,0.0,12.345608497789321,132.3422043141355,130.1915136120353,1.722089122797386,108.99292014041198,45.976577215649286,0.005363920193992081,0.02938278380751027,567.0,gm1_infantile
2.941840302746328,14.482378976269159,10.85608071214459,1.1708059246812161e-09,6.132917904738022e-06,1.118104730192109,28.708432108522967,6.3685690328537135,0.0,12.306167283357416,131.76236615787496,128.63376293907197,1.758972176892766,110.95408433695391,46.045144192466374,0.005408173729038269,0.028957648888560675,567.2,gm1_infantile
2.139984069855525,14.064806137252077,11.236327653133714,1.257921208293549e-09,6.053335319339984e-06,1.1315597963946005,28.21403766820513,6.161739521304118,0.0,12.289066153693367,133.62302720049667,125.17474245011488,1.7463617501076583,111.81833274189839,46.38039419997805,0.005369353060197938,0.029113894969664555,567.4,gm1_infantile
2.317509874715202,12.999795895503333,11.044321459241116,1.2636581383505726e-09,6.096531258885676e-06,1.128789577610701,27.665308803340622,5.937166983507728,0.0,12.306467279258367,135.4325766911661,123.32873007388054,1.750023294104123,110.75404846794423,46.43712777934601,0.005717617890973838,0.029677557698040754,567.6,gm1_infantile
2.406835047747822,12.908937913786131,10.836552253925172,1.230632747030444e-09,5.866427107187655e-06,1.1338892337225752,26.016212446686037,5.68304517904379,0.0,12.29626693294544,138.06914835334604,121.95183152935064,1.7021670466829348,109.17838066118352,48.16963863469777,0.0055272666315464465,0.03084871539868507,567.8000000000001,gm1_infantile
1.848565750523411,13.096960657064274,10.45371730041784,8.716778110485479e-10,5.915972318431718e-06,1.159489218022451,26.060469677040814,5.817275811553459,0.0,12.355885024520584,138.52248070101456,125.28416226421794,1.6813275722848677,109.09616274600845,48.887781107829426,0.005532433509759155,0.031175534595134936,568.0,gm1_infantile
2.860506546434754,12.798660994573858,10.042771428703631,7.585945105255881e-10,5.865969627215252e-06,1.147055411675789,26.400970155232812,5.66002060233052,0.0,12.339825370359526,142.59328173735318,126.09746073181364,1.6634304664611628,109.73739806112256,48.81762865921495,0.005568169748452908,0.031762819743312215,568.2,gm1_infantile
2.2527276644492837,13.080210060771591,10.728431923197842,8.898209342463049e-10,5.866660216491296e-06,1.146418832233317,25.899212945218576,5.494429417243135,0.0,12.374822481038976,143.408275627051,127.0090850244939,1.6449932759013668,108.84585998019108,48.003324429779276,0.005524684243477266,0.0324354634508111,568.4,gm1_infantile
2.361592295638511,13.095324892682882,11.052099463533347,1.332125719885941e-09,5.6296540215918885e-06,1.1351747527741183,25.294392941865542,5.395144724061979,0.0,12.320772691563855,142.6935909683567,127.01693520775598,1.6234899086638377,108.13195257484612,48.037308930804166,0.005527098733326526,0.031237665743629014,568.6,gm1_infantile
2.516421599706435,13.704345637108972,10.662903380845117,1.990707210116861e-09,5.663417235165743e-06,1.1400316649795748,25.681257600497414,5.283955360968722,0.0,12.33752216687465,141.16658363666326,126.36554566001732,1.63816780449298,108.57176759589719,48.072101738954245,0.0055224239531713555,0.031082956371638867,568.8000000000001,gm1_infantile
1.9616157821131155,15.428463957191155,10.801734367739368,2.426784897390689e-09,5.584337484621274e-06,1.1247306642108137,25.05463924600816,5.198071340210919,0.0,12.36171435501264,143.07792186437123,125.45402917122203,1.6324888277911738,108.55655510371064,48.244444453989765,0.005582946107724896,0.030774145234925342,569.0,gm1_infantile
2.9775996516751895,16.522962430539213,10.703425846125507,2.150770113045779e-09,5.549962161167915e-06,1.1248413583099746,23.969866739166,5.1877302218073496,0.0,12.41696800890798,142.05523550299839,126.6989693206733,1.637940480489887,110.24489693614137,47.86602123378869,0.005709825535844377,0.03172177429040619,569.2,gm1_infantile
2.427022000641745,17.940680580461688,10.859923582633794,2.2937194951435247e-09,5.474574302539734e-06,1.079527830231646,24.085824699394898,5.217397231049904,0.0,12.440644634663718,140.0387151515038,130.6853321706846,1.6479803324969566,108.33922519594854,47.15903304008848,0.005425724028788677,0.03223476929866252,569.4,gm1_infantile
2.500445083894347,17.09550039434282,10.645589605675694,2.110933963694941e-09,5.522256951160033e-06,1.0468186928666952,23.373995187468214,5.343889557601262,0.0,12.456573326928867,139.10163962876823,133.41072179229116,1.6542167665427314,110.11660363668284,47.51276167041725,0.005484150181394744,0.031663155562838434,569.6,gm1_infantile
2.650769343282241,17.282043476188804,10.281463890608068,1.4148114714318734e-09,5.516119133935013e-06,1.0740653552059323,22.81109556989859,5.273311381405422,0.0,12.487004394612995,135.7092413456037,132.1784181931252,1.6337646364965517,110.91672111504869,47.44549065543334,0.005429496644137365,0.031502675797396136,569.8000000000001,gm1_infantile
2.062171343641151,18.36455390432841,10.859427486990498,1.5596577592813717e-09,5.666029972784233e-06,1.0549103165022424,23.0480664625788,5.6768827813933385,0.0,12.47181561693109,133.84793759054082,132.62241679143452,1.667310904214422,111.6861234889163,47.33129981925955,0.005483955762641716,0.031266183460132387,570.0,gm1_infantile
3.0717491038695885,18.84185908884981,11.848154214365655,1.6537960443730826e-09,5.669616027646593e-06,1.0926421734850438,21.870679013084892,5.7044658765485625,0.0,12.464888063872767,134.95302852311534,134.3076010239524,1.6573144866790652,112.6531070399193,46.78910019992602,0.00531686760220458,0.03128294055305444,570.2,gm1_infantile
2.3858407324056765,20.46025844336809,13.114534525641448,1.3757489462681676e-09,5.420531883348221e-06,1.0648199292035407,21.38766774761475,5.7635512684861565,0.0,12.429579333322458,138.24356769028947,135.4343440874187,1.6983922266773532,109.9246033334092,47.62154165274331,0.005287238985792624,0.030977209813305054,570.4,gm1_infantile
2.4988804581121706,19.56894290703499,13.115431940788849,1.6795840630664572e-09,5.164802446716123e-06,1.0923358535293342,21.632637520912,5.774458401728792,0.0,12.439415414584685,137.3564032333515,133.9600732198293,1.7342771984024785,107.7356221397224,47.519247994341605,0.00511124531439994,0.03128441138065124,570.6,gm1_infantile
2.5780417839024614,18.21501976185286,12.6787101470046,1.6209214110407331e-09,5.1758996905848045e-06,1.0537126165432866,21.228785504781985,5.819281208345054,0.0,12.462501784351357,136.5285614479386,135.6957304654393,1.727998434461154,103.30278431317356,48.470482164025036,0.0051523390203217345,0.03138339878283461,570.8000000000001,gm1_infantile
1.9604636477696646,18.48639653901771,12.726972838313692,1.446057806862107e-09,5.078885134504743e-06,1.053787309215501,20.760914625694756,5.672673071096418,0.0,12.489560845083707,135.08330581729152,134.48897691168173,1.690369334161678,101.49745345062863,47.66617651052515,0.005254234599891923,0.030155604270774468,571.0,gm1_infantile
3.0057282652888175,18.063580776083203,13.125291890720273,1.847763414171916e-09,5.0539178224246046e-06,1.0740117337476502,21.679227599135835,5.91825485690664,0.0,12.434399388101534,134.86862694147288,134.73555423904634,1.6481176417909842,101.59268715793696,46.07250082973846,0.005427185284293921,0.030447591540659548,571.2,gm1_infantile
2.296182549239524,18.253381705060168,13.299608213257123,1.953791597453487e-09,5.040308832199974e-06,1.0909274077565574,20.96312976150764,5.914600443998214,0.0,12.424343583297352,135.32138259629582,132.87347904384376,1.6981387416380886,101.99662038176267,45.33068075056515,0.0055489294181870095,0.02969371619834277,571.4,gm1_infantile
2.4648418330685185,19.206388246442373,14.585449509254628,1.960260046720098e-09,5.024418613237552e-06,1.0506822008308476,20.722689331253818,5.814222025912629,0.0,12.409623557296321,136.77255851537046,131.8104587392482,1.7102699620170767,101.8536081944474,44.98628041813802,0.005448629934842394,0.02981764591030856,571.6,gm1_infantile
2.6343040329914515,18.39139766322129,14.625295502535407,2.0657169032477444e-09,5.000862286087152e-06,1.0167633636611935,21.02259889817796,5.608929837185729,0.0,12.373193339626727,136.47998637064802,130.0485164288407,1.6790105680258511,102.38393385666929,45.00419692666715,0.00552948171925944,0.02930391736558554,571.8000000000001,gm1_infantile
1.9989925917679963,19.18292920957066,13.779511498872607,1.7666570106004205e-09,5.091881664288365e-06,1.0158118303101036,20.978374090192137,5.648147751951377,0.0,12.37224899063632,136.56318919834476,129.9529011695668,1.6447041045263278,103.07860942282944,44.545204418099146,0.0053631994928495285,0.028151126737915377,572.0,gm1_infantile
2.9471703194872503,16.815825212152898,13.195528170406071,1.5433188154154254e-09,5.1925281234471185e-06,1.015621371240422,21.166582633013512,5.890830754160263,0.0,12.382810872240821,137.14063126507205,131.3306554395818,1.6074576885864817,102.28611318774524,44.02825280316961,0.005198926246543449,0.029614978171536577,572.2,gm1_infantile
2.269098745858996,17.768711549332107,13.613065166861817,1.0390261367121728e-09,5.109863379835874e-06,1.0154079320566631,21.436258424745393,5.9775075219289056,0.0,12.407765914629273,138.35150454062114,132.97813231308564,1.6390377137051548,101.43695157670517,43.14316996000141,0.005117204940898034,0.028688224698340706,572.4,gm1_infantile
2.359560684302113,17.791461009293826,13.284742701756542,1.212549916083627e-09,5.1229664802573806e-06,1.020755481851927,20.758355751049766,5.866903763298795,0.0,12.42325676276883,141.95715626056176,133.2235514394682,1.6468842179510834,100.7225510924865,43.05965664781134,0.005253641614517288,0.028716384818164676,572.6,gm1_infantile
2.5115818003515837,19.02086642020334,13.9697877003577,1.145004145842033e-09,5.1133452806503135e-06,1.0124191950856207,21.0870699183476,5.835992398691496,0.0,12.451853655323688,138.76021513430106,129.8706665866871,1.6477755451909448,101.6414904529553,43.2677684472552,0.005101515309242101,0.02926977113114339,572.8000000000001,gm1_infantile
2.018953905814365,18.092046698337356,13.547612265549475,1.0733991971788405e-09,5.07726851633032e-06,1.0331408166946685,21.291876268931556,5.826360302033532,0.0,12.409113546624612,141.3229151234262,130.90234895205296,1.6476858130152015,101.79494309520166,43.246495101864774,0.004892631287121007,0.028323645637575952,573.0,gm1_infantile
3.0207340762096733,17.744165775819837,13.554501199460972,1.769557966866515e-09,5.023298398764851e-06,1.0178218769138556,21.35473526034568,5.643951675706018,0.0,12.38873847780421,141.7327484560705,130.5184337367556,1.6463792033972793,102.66149736242667,43.715943452016226,0.005109129460960216,0.02873705744710114,573.2,gm1_infantile
2.3455545178117907,17.23324662801984,13.772059689146946,2.2949861704561635e-09,5.099073056362367e-06,1.0036325143601865,21.653675672151333,5.72343525008174,0.0,12.396812185512516,142.21404036945987,128.3987241894862,1.66586141453133,100.76465054340309,43.807847535804214,0.005035119259397885,0.028317739469632144,573.4,gm1_infantile
2.4977297211139637,17.191029093578123,12.363496469924987,2.147454739914649e-09,5.033344958368996e-06,1.025181165986314,20.98175241861232,6.070113652130298,0.0,12.388828651220933,141.39115426719954,127.24067117563487,1.6748530543542361,99.7132782794687,43.77785746246333,0.004902957954785369,0.028742937719217352,573.6,gm1_infantile
2.5920674394000423,16.753662532065096,12.259868318879336,1.8373300478598756e-09,5.0473629262099224e-06,1.0011105006615482,21.542152835634475,6.12266794459122,0.0,12.404841035233172,142.11127197959982,125.40921645245216,1.7061759010753776,96.44613802377226,44.46156962843364,0.00487409278868477,0.02935645305413196,573.8000000000001,gm1_infantile
2.055477262916533,16.395813505840977,12.075074672758268,1.878531440022907e-09,4.899609283894059e-06,0.993900525029122,21.349658152719176,5.959487165728376,0.0,12.425467554943074,143.38948610840058,125.05544614138796,1.7092086927493737,96.08305346327202,43.45956001803654,0.004753597800171257,0.029961896061846682,574.0,gm1_infantile
3.1134459955353693,15.58163461094417,12.713692110608916,1.4231363586446795e-09,4.822478413916999e-06,0.9905059413220434,21.248086263001053,5.8894558568878335,0.0,12.446779867295055,140.58785508216295,125.21182880038097,1.733097252437861,95.58302018949247,43.18223335420569,0.004653344969938435,0.03130059019623808,574.2,gm1_infantile
2.5381837625600454,15.504821294153654,13.38231463463099,1.1714406318310077e-09,4.78524885898387e-06,0.9706096096911547,20.278389878286575,5.840934221156577,0.0,12.458377982475643,141.8073482967011,124.94965372986871,1.7116929251581203,94.77561876943608,44.15539258091396,0.004708818508164775,0.032279425001406424,574.4,gm1_infantile
2.716181000180019,15.022370079552484,13.839435812186483,8.130320845068899e-10,4.876767555908395e-06,0.983812571329516,19.23934303294372,5.952967704181756,0.0,12.448618308611398,140.52860671445177,126.42431244066255,1.6977778899356868,93.19718339654149,43.71719770738403,0.004675709530746342,0.0325430022314723,574.6,gm1_infantile
2.8221554923173273,15.550426294199644,14.136987065244254,1.0304723841949616e-09,4.945995251907711e-06,1.0008703956576255,20.666655398117268,6.120203422714298,0.0,12.435395294788322,141.0925434559156,128.3372338250817,1.6719886463903166,94.82834418274388,43.507121896014674,0.004641023019578809,0.03289075052964695,574.8000000000001,gm1_infantile
2.1124126775840755,16.051705136474563,13.362291648479523,1.3070159566289335e-09,4.946708284756517e-06,0.9994817797969296,20.875379841124865,6.140562346402469,0.0,12.429353468996359,140.52147989701834,125.26593607359989,1.7046995079611817,93.39834145275435,44.500534511770375,0.0046055200317243125,0.033763850594405655,575.0,gm1_infantile
