A_gut,plasma,brain_drug,T4_sys,T4_entry,E_expr,gm2_brain,gm2_liver,inflammation,damage,bayley_motor_composite,bayley_cognitive_composite,seizures_week,respiratory,quality_of_life,anti_capsid_humoral,anti_capsid_cellular,time_days,disease
0.0,0.0,0.0,0.0,0.0,0.02,890.0,156.0,0.3,0.0,65.0,68.0,3.2,75.0,55.0,0.0,0.0,0.0,pompe
1.4960335564783378,0.0,2.919296772525829e-10,3.291250299802558e-10,0.0,0.01951967757863102,892.058201733056,153.82734764589793,0.3420476343209981,0.09526210056257307,65.70290977558632,68.67797337811216,3.2023204509753733,76.00452362560488,55.2287849775755,0.0,6.085461051551792e-11,0.2,pompe
1.1719318847978546,0.3051908459610038,1.6109350043301312e-10,1.9393305148303187e-10,0.0,0.01993184119523353,887.3625625597241,151.23814212123594,0.3812966834319962,0.1911312493720084,65.9454431395011,69.0218554268688,3.220359186661489,78.0759641689429,54.8053575392347,0.0,0.0,0.4,pompe
1.5915679216196588,0.5534153056826542,0.007324580309664337,0.0,0.0,0.02014536199312666,904.2425172238296,152.65348535025961,0.41673926095021335,0.286123402812636,65.96304496862882,69.18672961603352,3.2575910419662906,78.15694911264401,55.18129978321663,0.0,4.183190144065013e-11,0.6000000000000001,pompe
1.9167529951697397,0.818579814356598,0.020275520990424754,0.0,0.0,0.02002644160395606,940.2085352341177,148.32825616541115,0.4681890367585011,0.38338638780313206,65.58155296407932,69.2976930776955,3.2824447106255135,78.74976273926059,55.63968626924887,0.0,0.0,0.8,pompe
1.4947008236102228,1.1747427390821257,0.03816916414746742,0.0,0.0,0.020185445450860665,942.6899198137519,150.32709716429545,0.5089920970798375,0.48915388399556037,66.05007188050229,68.97013109714742,3.3016040441911,77.88852421146296,55.22761596983825,0.0,0.0,1.0,pompe
2.6479969719622787,1.4124476136793167,0.06520107892741155,1.2278866388627117e-10,7.983215864675507e-11,0.02040708719938046,939.0772933182723,147.83354626959394,0.5531571603020033,0.5935188535322121,64.6940101581863,67.7173198790152,3.2565893194168125,78.14643231811108,54.41613007106529,0.0,3.0771613345830015e-10,1.2000000000000002,pompe
2.057858333326213,1.9640247108410531,0.0944131022507883,0.0,0.0,0.02026342640883218,959.373671931084,140.3702572223309,0.6028240664750331,0.6994049672341582,64.0997679434524,66.37967089803021,3.258877432376715,77.43154478607025,54.440278260210064,0.0,7.049676695727893e-10,1.4000000000000001,pompe
2.2374130125841085,2.2154834799083476,0.13938287589387371,1.780591305101351e-11,3.2510835285827206e-10,0.02054827297042929,967.4400861852247,145.2975850129041,0.6327183115220052,0.8081319110278048,63.229708033892734,66.00013775952327,3.1983640552714596,77.93302520561892,54.12574234482574,0.0,4.780983309811056e-10,1.6,pompe
2.400548707456654,2.7023539686277336,0.20123572640456736,1.5393073572679663e-09,3.959797361952528e-10,0.020167347901920277,912.4932445355764,145.60093763938252,0.667486940429718,0.9187790647461093,62.63797937595467,65.84324697456529,3.2439210811737316,77.93249961416828,53.855894194722374,0.0,1.488881561391507e-10,1.8,pompe
1.79917705620467,3.097216769986874,0.2763934393466845,1.511179507922609e-09,6.317591642741149e-10,0.019967991355796737,882.8873836780343,141.1320978670176,0.6972817508115562,1.023637361486477,61.8793192616813,66.55616804447904,3.2040770867750585,78.75598574332867,53.979591129910766,0.0,1.1606824237451538e-10,2.0,pompe
2.836808525561786,3.4396352955213185,0.33659175147576026,1.0607123616403683e-09,3.7743886407783243e-10,0.020009899838363744,920.1048891717701,141.03867449766668,0.7328112557937894,1.1189029134801924,62.903972071135605,66.71942962136248,3.1859210302467997,79.77722643039729,54.133142395569116,3.8170959323595956e-10,1.345234058263664e-10,2.2,pompe
2.1457102583123926,3.664494921244715,0.43447721154500246,1.7729793562584934e-09,3.2432161923466686e-10,0.019853332358909074,955.8214701963922,136.2114437615817,0.7588739960578844,1.2226371637458415,62.49855121667111,66.68071363655311,3.1785125110067747,79.97217370622491,55.001128498890736,3.7918932592944454e-10,2.6488435196646274e-10,2.4000000000000004,pompe
2.2190314152476023,3.9750787189870866,0.49288091437536813,1.3154434868489458e-09,1.4221803580157646e-10,0.019715303040389785,978.4434540473189,130.7999944111802,0.8031211210391066,1.3306308428276241,62.152780209127926,67.54979591490235,3.201159700629325,81.2464022197482,54.715669986978426,2.1334671313576875e-10,1.922388552229372e-10,2.6,pompe
2.382908270935848,4.33813421510393,0.5496806605372987,1.2706239339287227e-09,1.8477009581994339e-10,0.020603568927411872,1027.7488880759304,127.24602289243437,0.8434152870595029,1.4402107641198296,61.59195607736136,67.80022759722789,3.2528481793647073,80.27205146922934,54.061657788404005,0.0,1.322323253161325e-10,2.8000000000000003,pompe
1.7558001004220531,4.563660407186113,0.6156230216739674,1.159024405322059e-09,0.0,0.02004949198554663,1086.8170611486412,122.36847540737564,0.8727259059086375,1.5700048304033227,63.97140833570923,66.70608186665118,3.235972628292409,80.45480976972345,55.15107417525073,0.0,5.469030794997973e-11,3.0,pompe
2.8607868801512786,4.883366846512407,0.6957975240521296,1.0314179462029497e-09,0.0,0.019944335637823312,1077.6087011200682,122.62654090813804,0.9170635431534785,1.7073967434708548,64.76885012053623,66.81123116774721,3.2505449155947903,80.31636935920517,54.963103001668856,0.0,1.0347737121895952e-10,3.2,pompe
2.234319621995373,5.8900026851487235,0.8421091162724631,1.0939588372179302e-09,0.0,0.019531592374275906,1111.1551090209236,122.98461643509484,0.9807204866375415,1.8347287097812561,65.49887132887281,67.18544014729338,3.201656195879211,79.61613206332834,54.966453996596144,0.0,1.5692306729109872e-11,3.4000000000000004,pompe
2.3772995929194205,6.07814933811467,0.9631289430399388,1.6645217304849371e-09,0.0,0.01942961277451462,1114.9044862417265,123.45186741137599,1.0289062683619425,1.968349058664513,65.70384429545727,68.72520163325305,3.1359270537363617,80.34889580879853,54.52623213691718,0.0,0.0,3.6,pompe
2.473374884775363,6.807684061723663,1.1045708802797765,2.3246065987445082e-09,2.9290903180052564e-10,0.01956352429849503,1166.7614124398237,124.39595233669978,1.1042879908662795,2.108700697775783,65.67780253237594,68.04602801225558,3.1777190352067333,78.88913532615415,54.90010791219212,0.0,2.719932762237214e-10,3.8000000000000003,pompe
1.9223452457386412,7.792372148366878,1.2704022197900071,1.7515424795391791e-09,2.797735584385955e-10,0.01913823172260668,1148.9894403361577,129.01331569656458,1.1804796103005815,2.2575831908999993,64.70600721764266,68.03852784700678,3.1259009387713466,77.9819976578931,54.91953840149707,2.706654363608469e-10,3.9374811386988107e-10,4.0,pompe
2.8605674818317053,8.063877599092535,1.4221357981191491,1.8308065704680875e-09,7.013717887287376e-10,0.018425896260735385,1129.2924717036638,130.4975627450815,1.1972964636658978,2.4138163904713053,64.94592837168183,68.7782901239376,3.1019934979995023,78.64531061043323,55.494446801019784,3.0177396335225727e-10,4.235087209304989e-10,4.2,pompe
2.2577140695242526,8.025147424934167,1.5622308017345474,1.7018166508763892e-09,7.849402260608057e-10,0.01874009492275194,1096.1009690126534,129.4676268994429,1.293360695199815,2.554667118203521,64.15179118563428,68.92596510100296,3.137432756958304,78.46418448405879,56.27084043560061,4.911102274507274e-10,6.061241110331272e-10,4.4,pompe
2.428385244010294,9.295144282015835,1.6921373025233213,1.0609256886739164e-09,1.2002852469050621e-09,0.018568672038669274,1097.7844759052248,133.51373465290783,1.2993999065138715,2.6859387382228186,62.71001609595119,68.15588290972399,3.1558725401213996,78.83072205104571,56.2508885752344,2.0430357867823983e-10,1.9957160335906405e-10,4.6000000000000005,pompe
2.5328529713270727,9.26172000095619,1.8978854811944499,1.258123524915102e-09,1.2186966006265822e-09,0.01880443470358908,1103.0583739323981,134.80053898241312,1.3307125136222748,2.8236175811371655,62.80330688830844,68.87260168373285,3.139014568222271,79.19449486904556,55.82178965198803,1.5903139972434074e-10,3.795302894881501e-10,4.800000000000001,pompe
1.8152929917681988,8.86168914155022,1.9396997297805847,6.216983195656053e-10,1.0661782235032086e-09,0.019039543171185246,1093.1458538756817,134.8775901513803,1.4152899471365707,2.9718844393056503,62.67221311848951,70.09521020659963,3.1427660067470518,78.11776997822338,55.15131985938426,0.0,1.7790725565551658e-10,5.0,pompe
2.860728254432855,9.340754544435569,2.2472630384555075,1.7178391188847924e-10,1.1373829230586794e-09,0.018669530498593198,1105.6686272157956,133.76248905803635,1.4084777151443115,3.116114670672275,62.09324197239233,69.55237775943694,3.0978276722379454,77.25006746628421,55.24450786986131,0.0,2.309607558677223e-10,5.2,pompe
2.2637366868782447,10.313548758484032,2.36758981817337,0.0,1.3765874466974908e-09,0.018540606473625106,1137.7099725385408,134.51460825449686,1.4555174881982136,3.259088503294496,63.66987918528916,71.47631577732707,3.100834152594701,77.23377910842356,55.82323463014534,0.0,2.8492845249165106e-10,5.4,pompe
2.403504828295878,10.623088625975518,2.4551253847433188,0.0,9.674289636653109e-10,0.01815529686988546,1122.1962633143287,132.82127040692075,1.573669466696466,3.4142002450608606,62.776934944939256,71.76455439224279,3.084049789519238,76.75242244312051,55.73508811294906,1.2854154231534922e-10,1.8891995442511065e-10,5.6000000000000005,pompe
2.5688525619250657,10.145090955451368,2.634666730642108,1.2972381683155193e-09,9.89685508991221e-10,0.018608697279145894,1123.3944107961656,134.28561022018224,1.6226964990766553,3.5570714087102355,62.05109812925087,72.13336040420802,3.0492283539079126,77.25836512626769,56.325791624484125,1.9247172114427538e-10,1.0335800056932334e-10,5.800000000000001,pompe
1.979216686340235,10.181271257233316,2.909011894440451,7.296135090111126e-10,9.040653437092519e-10,0.017939306691250708,1077.6659277167282,138.65164035747466,1.7061012298893272,3.6958597133031295,60.743078066940825,69.27381904950583,3.0274933780055635,79.62271503165427,56.426226887049324,5.5306067128573476e-11,1.898840716787913e-10,6.0,pompe
2.9318663121621302,10.102321277190846,3.0761533413481033,6.192321587770994e-10,1.076668426998155e-09,0.018032427464964768,1095.7061584963458,135.42995686108316,1.786004656357741,3.844870412081401,59.89315710349332,68.41321066103727,3.0827946677232396,79.22817546044104,57.26944839169785,0.0,5.44815906071158e-10,6.2,pompe
2.303171479276042,10.522899308610498,3.446037657439629,4.205542947300087e-10,8.66697471355544e-10,0.017870400827379583,1107.5830933350148,129.2078314372295,1.8578324666999753,3.979530006257045,60.76162182029579,66.21256308757378,3.0506542088847626,77.26470398608616,56.405137061779065,3.6962991321661494e-11,4.821267170580087e-10,6.4,pompe
2.421762076399522,10.572210955536173,3.6232470895625806,5.1574553306052006e-11,1.0138246280640922e-09,0.018065743292064722,1117.5520219472237,130.56302841885326,1.9167092190907566,4.139485153300848,60.62614886465707,65.90746305746757,3.0203869417061817,76.01913317748811,55.24176793922311,0.0,4.426498768030317e-10,6.6000000000000005,pompe
2.5430382998187855,10.763213637658541,3.6427381914710097,3.6036099747981507e-10,1.16454872221694e-09,0.017996278270747144,1096.5861239596031,131.8945902959995,1.9716213839502608,4.270015527919424,60.506919001267676,66.10746367426279,2.9847488357274234,76.03493004057955,53.949332436433586,3.2253231534462164e-10,7.369272111328693e-10,6.800000000000001,pompe
1.9190769591770418,11.155746974374907,3.41669039221683,0.0,1.0789091314517088e-09,0.017636563108161883,1116.2994135025758,138.53484198344478,1.964690893894285,4.401853369340345,60.634881158063074,67.51923832387149,2.93701849574038,76.11440974818937,55.064288281705366,8.410121093824898e-13,4.679465953761131e-10,7.0,pompe
2.935960617529955,10.888283951455131,3.704931725623162,2.619637264264026e-11,7.275301126667927e-10,0.01778240195984662,1097.5806826755581,142.6679945352275,1.9835847948594159,4.539344048143903,61.01269428040007,68.17776130967441,2.9558410973112386,74.23416845812272,55.239208591628774,0.0,4.982917018257477e-10,7.2,pompe
2.2056689796122857,11.409040035989085,3.7201630554291754,0.0,8.722878632569907e-10,0.0178417717671258,1078.1357522650212,147.60160288858992,2.0083593096025862,4.679713233249252,61.16767425095186,67.5755459861198,2.9755801274270333,73.53878198158037,54.71028676527422,3.2905758735709695e-10,2.684580592343248e-10,7.4,pompe
2.2449077852821326,12.52901674874684,4.326966175297677,0.0,5.044920996703753e-10,0.017725229148769145,1068.421486910471,146.0699484881327,2.00108029093854,4.8219824577714725,61.53345017957861,66.19800539639338,3.0044994562007967,75.43239142014,54.61414008829858,2.343051309677448e-10,2.13390192146456e-10,7.6000000000000005,pompe
2.4215996599555645,11.483891908124926,4.525454444011002,0.0,9.760217971837588e-10,0.01765248175076265,1115.8604933731144,141.03947047867769,2.068651756185352,4.959667614772375,60.752512122191774,66.32291233783779,3.05447369588213,74.93772410683273,53.1663548690507,2.0693503303780472e-10,7.597914960232135e-12,7.800000000000001,pompe
1.8226662391778403,11.568765474945241,4.3287469092258615,0.0,1.060720842236192e-09,0.017470656157770718,1040.1494899938923,143.32385246026817,2.126232924955874,5.095616862163302,59.62419301080744,67.03765272884796,3.0692206876789463,77.19912115793635,53.25068850610493,2.7587615119847396e-10,0.0,8.0,pompe
2.914396780281047,11.972875168414188,4.721306722843397,0.0,9.40017190274081e-10,0.017304212216006316,1061.0747850785328,148.462464077756,2.1416568509677587,5.219609040014111,59.81610312245055,66.78205438557406,3.1089839219043105,74.7296706016496,52.44682796254711,9.491805431069599e-11,0.0,8.200000000000001,pompe
2.2191446038303946,11.619598429829267,4.820024271221533,4.1346313932650656e-10,8.579612621147575e-10,0.016970879956277257,1058.021984580089,151.90590473369016,2.1343297891823565,5.3420351053896855,60.205379939895366,66.54957116607446,3.136177710224162,74.5529482566185,52.72963484976214,0.0,0.0,8.4,pompe
2.3605046134859875,10.976364133370081,4.624236013895839,6.158040949222989e-10,7.590948257480827e-10,0.01664651173680734,1053.8693485976828,155.74246863856882,2.066923007265233,5.456602402017251,59.40230273127656,67.83327309144893,3.147997591277663,75.16268513981593,51.71481074518605,0.0,8.171881963326701e-11,8.6,pompe
2.4814053184736227,11.443702460446897,4.705669545058646,6.427194212974234e-10,7.744296389422554e-10,0.016863192489259597,1075.5231624327992,148.25075025380127,2.0046698238298784,5.6002857640228845,60.297465107426554,66.87388020671025,3.0702666012455184,75.09840542364773,52.154443244774264,4.615133507084852e-10,1.802753086218373e-10,8.8,pompe
1.8660306014435863,11.057435947003205,4.836853120210024,4.632431978783474e-10,5.528275408656877e-10,0.01747579031209071,1126.8097783394649,152.0466252023804,2.005516163776998,5.74665314744568,60.75451070753659,67.2375981206989,3.1224840324777134,75.57416459284461,52.46276226058573,5.920171207032841e-10,2.357854261574501e-10,9.0,pompe
2.8408119464292336,11.143645971662533,4.833475171540636,3.599357057860053e-11,9.77953456239724e-10,0.01800730227722007,1167.067211946748,152.2584240366725,2.113580323524398,5.89271382066496,60.855551175729644,66.22300566562842,3.1391441284588906,75.45816262027019,51.3405230629832,5.572177948402584e-10,1.9403452624042642e-10,9.200000000000001,pompe
2.3418406178848805,11.923770611082682,4.953559619037354,6.417185392392117e-11,9.59408621909347e-10,0.01792417022913451,1131.9782912173948,150.80679172957426,2.1279464195023015,6.030432174713009,61.20947701581879,66.53865160863006,3.0646743773314324,75.1513596956304,51.822138801029936,7.999568669394308e-10,4.2615392322002373e-10,9.4,pompe
2.4661916372148966,11.501079246795676,4.8519155261567235,1.2964983450655432e-10,1.0197469772141501e-09,0.018323884744485507,1164.2801246048207,149.4514555287955,2.1153620558944586,6.173308697880886,61.32178292805739,66.32481325035116,3.0413371078529217,75.23092027951581,51.26218948039478,6.466934232957187e-10,4.744468989943569e-10,9.600000000000001,pompe
2.536554628659838,11.797294253324248,5.037175168255955,0.0,8.907768232071653e-10,0.018783029292386802,1126.863636366077,140.39726857442272,2.0781689256349676,6.327320493022295,61.28041831405321,66.1870921023163,3.0917536855174577,72.40042364918959,51.326731084071525,1.0347350317977251e-09,2.3037895949849904e-10,9.8,pompe
1.9070188112050277,11.480125506449369,4.966718081840506,0.0,1.2323519849126448e-09,0.019391881245999092,1115.1600639468936,147.04319961994975,2.125610808740582,6.498229721744066,61.13712270555504,66.2707669936961,3.1071080684316614,75.39305974123263,51.70757331568861,8.660045155969538e-10,4.467683318616162e-10,10.0,pompe
2.9295241675122976,11.213878064007659,5.294190206291038,0.0,1.2710019508927978e-09,0.019377470776899216,1123.7130758294738,147.94575791558012,2.0797267545598155,6.651721687873501,60.27088595056555,64.96778930587766,3.104730964752205,75.30364131671762,51.01844023429991,1.0472916357339705e-09,1.6829904382993174e-10,10.200000000000001,pompe
2.2662233125998004,11.117152061474556,5.388184714038864,4.074649802700854e-11,1.0408579546159828e-09,0.019610910607681227,1124.027685041586,139.83090440972674,2.036050150412912,6.796952962425825,60.029964556044334,64.84793752501466,3.1036371183700258,75.35661786092409,51.46376062699399,8.074295150450941e-10,0.0,10.4,pompe
2.351976629278735,11.408692329758738,5.796304920068207,0.0,6.040884966899375e-10,0.019002762485620835,1097.595064531896,137.04273130431756,2.0634099843653138,6.9429261673929785,59.71789078356882,65.73784574756243,3.075691198671893,74.31429418553128,51.586190691215954,5.006018920545446e-10,6.761913601265296e-11,10.600000000000001,pompe
2.477247954473097,11.445871287783447,6.316760730639712,0.0,1.1434895328108285e-09,0.018907409691684196,1059.100835825585,136.6163507581182,2.0573230405051066,7.071416793832406,59.97659475236575,66.19798911124927,3.0503773665737275,75.13898843562916,52.18377047641676,8.497579470414429e-10,1.6891898284288168e-10,10.8,pompe
1.9600869657865136,10.501899487571183,6.306473726441798,0.0,1.1440231622548323e-09,0.018696337365534714,1052.9479047818954,143.00827277346391,2.0887641423065264,7.210400581679265,59.72868142302587,66.23243421221436,3.0510314415343665,75.42761309695446,52.79383812640251,1.2638485602948205e-09,2.1724320082162664e-10,11.0,pompe
3.0112191212937978,9.95140797137663,6.338283093129878,3.289934196984052e-10,1.3276182191939133e-09,0.0187486726961226,1076.862848036659,144.15571202799,2.183903446172859,7.3463343888005035,59.38403440558124,66.49861677394063,2.9338353710154226,75.65083080503679,50.05824665024453,9.19493549493401e-10,3.000207452204854e-10,11.200000000000001,pompe
2.387152191568623,9.660457708576594,6.181994134117416,8.683117016002901e-10,1.203604282024069e-09,0.01949738527842424,1075.3239492011014,144.98233308799072,2.303927223185139,7.484724258403157,58.53193542887915,66.36721145471516,2.933553373236796,74.10835920554426,49.683238357018034,7.461718575252713e-10,5.051164442576391e-10,11.4,pompe
2.500426762479137,9.707098914521245,6.192917181309611,8.682215440876816e-10,1.334265016128463e-09,0.01913245635365985,1044.2106843595668,148.5746374649918,2.321068024462614,7.597215391518614,58.82609836111629,66.7478284942973,2.8750391362701144,74.17503327397279,49.97402512857791,8.127553909434122e-10,6.333552782856536e-10,11.600000000000001,pompe
2.507351566138205,10.094849537946848,6.150662002025241,6.273099375128782e-10,1.5294719443614689e-09,0.01962643462241892,1094.292119506643,153.1028887167768,2.350504123215433,7.733185161977245,59.37781618217814,66.82223141667396,2.8815605954464383,74.84182010794336,49.73118091858633,6.427317754794848e-10,5.220158674807886e-10,11.8,pompe
1.9420753496124805,10.298946059634954,6.296559950113339,8.179803528456113e-10,1.4330158102789553e-09,0.019874245067795344,1103.9486096216351,147.2607774579614,2.4671664052796607,7.864578703782538,58.01508977063746,65.85751540770264,2.8437849952309553,74.72579276949891,49.34663623232251,5.508354483232495e-10,6.475168538778301e-10,12.0,pompe
2.986340858052975,10.556082144269768,6.465002754271268,9.807156287043985e-10,1.025820598705873e-09,0.019725360274361912,1039.7072495111645,146.60971456297784,2.506243503107906,8.02519584975273,58.893572757683856,66.00494011681243,2.8264137028743956,75.04449304068994,48.79776446445215,5.311360592447574e-10,8.695027011300805e-10,12.200000000000001,pompe
2.298912016304042,11.30853446330223,6.716753051747678,6.118873341875948e-10,1.2499994217839704e-09,0.019953801391135194,1041.1570883238319,142.85384881805763,2.49128713895317,8.144988827886861,59.266984229403235,65.13175964523866,2.8448155613724375,73.64346950679803,48.466047750795965,5.351724773055799e-10,1.5421334129025094e-09,12.4,pompe
2.3618270723768036,12.359434826740857,6.82509935701528,6.923511404584079e-10,1.259085585472461e-09,0.020093354984407112,1035.4692289321515,147.78607097391733,2.4989587533336106,8.295328865665118,58.69842846337406,65.04895271678478,2.805843879805913,73.94014699919398,49.217893917960396,4.976886266440601e-10,1.4835855371803525e-09,12.600000000000001,pompe
2.4212005381502864,12.309633977456068,6.441297981859903,3.398524160158467e-10,1.2942338942617635e-09,0.02055309631880822,1115.0729486327598,144.6761008612452,2.61277010261396,8.42841866188686,58.52336188291495,65.39761165524943,2.8100593461806374,73.89483180093755,48.748986543459154,2.138013546879298e-10,1.1628817440631971e-09,12.8,pompe
1.8764541171281726,12.242126135989237,6.367626178457549,2.714233585177542e-10,1.463777393069022e-09,0.020599100889316904,1094.0400332080376,148.74673035127566,2.7455318385696628,8.582457077116516,59.23748923986476,66.46554719962417,2.8548409528895,74.33948196306929,48.94373338152748,3.169093249638259e-10,9.2320205934866e-10,13.0,pompe
2.951301408259859,11.38855204322965,6.241784026196276,7.765837020913731e-10,1.6440365347634706e-09,0.02113401920225534,1084.5677950903334,143.40862505017,2.7663169926795663,8.725183444382193,59.24201779574406,67.45067174717288,2.8426168259860987,74.52566303666237,48.099914951642596,4.032199697019205e-10,9.006311592696594e-10,13.200000000000001,pompe
2.260236914889934,11.49667758522438,6.270414681619119,6.035161860754555e-10,2.075369453518774e-09,0.021075840874430405,1075.9899851815624,134.8100277928007,2.7459618361021887,8.858964341276884,58.64109993524506,68.67667935481765,2.8379814855409093,75.65984428605915,47.9442680951539,3.9328062142555736e-10,8.582555038757575e-10,13.4,pompe
2.402346513842036,12.712989349173988,5.735221994995632,6.653991833765725e-11,1.9443614321439492e-09,0.02106038376108222,1094.6159677674939,135.86697580592786,2.7562543917984605,9.016326522539925,59.40136830782392,68.8074736595326,2.8765488000232025,75.76740175397373,47.389621262072666,5.447300547211249e-10,8.612189060656137e-10,13.600000000000001,pompe
2.5101888092028055,13.852505873730792,5.268375385323366,0.0,1.6772059958065337e-09,0.02090305401245195,1085.64031054548,129.80951542076855,2.7317831540575264,9.13988263041676,61.33315305732807,70.45152267550034,2.8621442956927328,75.2256385906155,46.472005029772966,1.9085099869421817e-10,8.128791686364284e-10,13.8,pompe
1.853054074764263,13.86807966138138,5.0739836452947,0.0,1.689154726619313e-09,0.02101967404992329,1096.3716663626037,124.68389221084527,2.8195531838058097,9.262591097986988,61.789271435327926,70.39804335684818,2.8113111510720787,74.73821979659998,46.5115371678359,3.186345104798073e-10,7.588834823042245e-10,14.0,pompe
2.968448465431716,14.58154434407198,5.191619510707634,2.4038343304975684e-10,2.155353750865869e-09,0.021748885462469066,1059.3186277621207,121.06923299100353,2.9499592342616308,9.382065276368927,60.633906741128655,69.89704497943555,2.829045799675444,74.46751219787744,45.918348594785535,1.6035943188243991e-10,5.893812155203776e-10,14.200000000000001,pompe
2.2645273402398045,16.624407921711235,5.450170909702707,5.386774252903047e-10,2.031431315587008e-09,0.02165505463575798,1037.7942584582033,112.24420046927636,2.8907690831948263,9.478371965588709,58.76736021877438,68.7430215460347,2.8815060985701804,74.26207241722243,46.53375730536414,2.4006975305511074e-10,7.577690915568778e-10,14.4,pompe
2.3602556192538895,17.037445845871186,5.860711692770809,2.7780032919850586e-10,2.1464331712747327e-09,0.021853983254424343,1021.2165584287836,108.4871419724509,2.844036809497021,9.609994793006566,58.969397212535384,67.976803157413,2.883939418210619,74.67592807883152,46.73226775100011,6.30580993552818e-10,1.06198032737099e-09,14.600000000000001,pompe
2.4258847879498355,18.592711315499812,5.950412268368163,6.513863722268433e-10,2.1447899202625497e-09,0.02167174519834197,971.5318465125476,107.59923004882724,2.7741950262264243,9.757180441344103,60.124444408970284,67.21663978101364,2.8970352799441725,73.79636339126463,46.15004857717255,8.01417256403767e-10,1.0325750002252725e-09,14.8,pompe
1.9405898324155977,18.02735507442551,6.484050993928975,6.085148740463866e-10,2.317694022640756e-09,0.021477559251677936,969.0062269209751,106.88560118729292,2.7463442315460287,9.887933566120264,60.589349421430065,67.71867272826782,2.9587002859496785,75.1009194582276,45.73107013798952,8.710714803366799e-10,8.8125584390694e-10,15.0,pompe
2.9714104013235993,17.286990491252354,7.202500976234128,6.697138388696813e-10,2.2566988049967614e-09,0.021919712064015145,912.9788149856231,100.889251521209,2.8191143494257855,10.005004175357893,60.72946666500274,66.48769008259225,2.9587154061399974,76.99611422128027,46.05385816457599,8.929978762099179e-10,7.661950063253452e-10,15.200000000000001,pompe
2.298481558200366,15.491535326972684,7.4775767411880025,9.392192350753528e-10,1.9198135543901748e-09,0.02164012373223089,883.9577034975439,97.99208347464393,2.8396734943800386,10.063151854809393,61.16763541086763,67.129994663613,2.9496967812963506,74.32438902291,45.255345180191036,1.1897287651776637e-09,3.162671313604685e-10,15.4,pompe
2.413419229812576,14.530365308497297,7.891463456076632,6.42190147880568e-10,2.0028346290731556e-09,0.021838630767530794,927.5448176421952,97.17125960172778,2.8777866950982545,10.128697347659216,62.08617378051274,66.41338807123277,2.9285790324707963,74.16840106782603,44.13269425483557,1.2273967063682552e-09,5.342684545251806e-10,15.600000000000001,pompe
2.5343894813169277,13.388843618771684,7.951983420962934,8.647771367103177e-10,1.6141393374427088e-09,0.021401104696517174,948.4715988172006,97.59553421061725,2.922259850660152,10.278598330939081,62.40776009030759,66.96880313184639,3.038140355833384,73.81636648307722,43.4836757409538,1.312741349573048e-09,6.153330328568992e-10,15.8,pompe
1.897151105577708,12.77413165345042,8.890666025297012,9.055240204243211e-10,1.4471333704478927e-09,0.021733368920753927,944.5026786318649,96.64868506954974,2.978617664874024,10.360918726047474,62.63246127858565,68.6748598180646,3.057655923905527,73.30372115323686,43.01235669142269,1.2100178596080488e-09,5.376631272540552e-10,16.0,pompe
2.9214346544669145,13.417035037943984,8.259213651091544,1.1775558270401034e-09,1.352525577249258e-09,0.02185882384711451,915.1791220926085,99.87335631898976,3.0809669753938667,10.494460851464295,61.30037588078621,69.40403553674844,3.07464103197305,71.60421850619691,42.82378595221846,1.278070049339942e-09,6.470557657147684e-10,16.2,pompe
2.298215934156443,13.813871839119749,8.887419916124873,1.617635456987405e-09,8.536072817357858e-10,0.021713337719516303,910.0253384891854,94.97558883873023,3.101957370825139,10.629429256890145,60.34654399448753,69.67716705385929,3.037321703608419,70.83697745703329,43.507267487402665,1.1472147947828708e-09,7.329622529936567e-10,16.400000000000002,pompe
2.336859695061062,15.310830194064815,9.186199380252265,1.4785081517298594e-09,9.815819347430294e-10,0.0211510723500016,938.2471928823588,93.88865215734408,3.101491750984694,10.722381868464364,59.81544275852909,70.28808716069449,3.0482235860104696,71.33909989714415,43.325588684788514,1.2489784377328345e-09,6.202465502463336e-10,16.6,pompe
2.579779665001876,14.084312648302506,9.80151026125591,1.973088682583509e-09,7.980035687779234e-10,0.021990352759424125,962.4638380468932,96.11251376020532,3.119750307951997,10.827448193548515,59.58698133251559,70.6143102984263,3.1064611251461516,71.38597829799234,42.623202365611846,1.430116873481648e-09,8.242191040990759e-10,16.8,pompe
1.9993506895610311,14.757849426367821,9.717648610593848,1.5928723459617202e-09,6.181986616183218e-10,0.02133456907552923,967.3595507888763,95.61562772230776,3.1075247121605347,10.871277185755797,58.53845454631364,71.64033837052962,3.078916262879128,71.60147243541152,41.662381682176225,1.7732232392378752e-09,7.690966524109204e-10,17.0,pompe
3.0280490806391476,16.67307165302845,10.451960834408403,1.4117460356762181e-09,4.85990023879734e-10,0.021189496158107477,979.4321370403119,95.07038054793075,3.0991179402947675,11.023105730531395,58.39340330542832,73.83831355943161,3.08287367014587,73.20445722953001,41.693537092583426,1.9883604969436732e-09,5.96333644227711e-10,17.2,pompe
2.3103580550118137,17.19768048192224,11.00039320398093,1.3498297615882274e-09,2.2971091718990542e-10,0.020659116217613942,941.3564358896493,90.39432584409627,3.1267459263262167,11.169369903095864,58.328064905662714,71.58114248857463,3.0751779669110233,72.90214799560235,42.71328832896002,1.6763187162559898e-09,4.887693565062645e-10,17.400000000000002,pompe
2.5300412813418705,17.564412293750863,11.3527393059463,1.314337613427653e-09,2.9648921722314627e-10,0.020927968140356003,919.9303405664691,92.32176892992783,3.0482107348693077,11.288509627318929,58.41354513027352,70.94548799961319,3.074479250917445,72.16045028507885,41.930229832405544,1.5833852774619865e-09,2.480042059415477e-10,17.6,pompe
2.6254606040541097,16.494187382937913,11.789582923185263,8.820008806273567e-10,1.674651673260347e-10,0.02067465274381571,952.0687520559289,92.89395263244691,3.048473056892318,11.407595858980217,56.730570618575676,70.85978961395708,3.158216033611454,72.1603910118638,41.79834782033113,1.6945016533195655e-09,4.4422720668043787e-10,17.8,pompe
1.8813692968719717,15.108154468015886,11.931362992978965,5.755419511175021e-10,4.887923418803505e-10,0.020537880620494553,902.6981405462914,89.5293517734273,2.884457072015101,11.514541436823459,56.53934076440204,70.41296790326975,3.2039922635870717,73.19686030493851,41.53331292462442,1.267986228877344e-09,5.671174008695045e-10,18.0,pompe
2.948912225892817,15.290573064075906,12.459284572712333,1.6897522690899825e-10,1.018792490322211e-09,0.02016801771873733,919.9113809120926,85.34434509086529,2.839651045163596,11.656361587554176,56.29453440341722,71.16757602123054,3.213648205313632,72.96285145285364,42.13177571119104,1.1965655105524501e-09,2.2381259416134666e-10,18.2,pompe
2.2549996836691895,15.892488239604369,12.662345628072545,0.0,8.431131096255808e-10,0.019939204886629005,909.773343567977,82.06965890219617,2.8166110880795077,11.743447660967995,56.83402192545211,71.89912174830727,3.2067669716254614,72.44763761995799,42.04001467565789,1.0088968771723694e-09,0.0,18.400000000000002,pompe
2.3512649386208286,15.342745626059017,12.009524469563074,0.0,9.912221663839621e-10,0.01936134311157867,909.2485314877522,81.43812460538804,2.8540053361022126,11.847093668765073,55.687996961954724,70.64466917583228,3.2074769256516467,73.32617835898303,40.63916078652685,1.0657406305229225e-09,2.7773656099729423e-10,18.6,pompe
2.463275901706682,15.82042650457412,11.633785555436138,0.0,6.654940123057413e-10,0.018547181914964843,931.4090310621448,79.17606550253052,2.8405901333658896,11.914375746086737,54.60076209820943,70.43619311458897,3.1756808023588836,73.56618958306228,40.721833734884214,1.1182751928378791e-09,3.088763444501838e-10,18.8,pompe
1.961233389544928,14.964185594219817,11.624282107081608,4.233545484651706e-10,9.605682568849826e-10,0.018063041409097137,922.4547941142189,82.0022437800037,2.8909019524308452,12.027935966921182,54.40221377044702,70.03104864467393,3.187633264063151,73.18010185831754,40.533406004398394,1.1140580757879178e-09,1.445671556059567e-10,19.0,pompe
3.009555734569805,17.437039328815086,10.736002518142223,4.726819765594673e-10,7.812697913043886e-10,0.018232633638829827,922.4491219093582,83.55494718418292,2.984376436089983,12.139776535345751,55.196248318169566,67.82068929343491,3.2559586321202483,73.41512443620678,40.95939558485164,8.543608772660302e-10,0.0,19.200000000000003,pompe
2.3634003757871227,17.501602898332813,10.958444969509504,8.615659932669114e-10,4.42001702861899e-10,0.01853490534387352,921.5019657242182,82.94691051696574,2.903528589764402,12.26028718837719,53.39571451003597,68.37636214472293,3.1905944264625514,73.3324730344849,40.72782564453371,1.1270566199576513e-09,0.0,19.400000000000002,pompe
2.44413446280424,16.979509224942458,11.680336857785266,9.88890302201127e-10,3.430607647407196e-10,0.01843826309950941,882.4140229716593,83.66852901896955,2.8079189931667905,12.387408583041928,53.45354730661472,70.56287335777834,3.1434073237903064,73.09680549315172,41.5571139456031,1.4033104139274518e-09,0.0,19.6,pompe
2.5541362603144173,16.964160330133733,11.8739658333463,6.844090821594146e-10,3.087820094325887e-10,0.017900390247744563,884.5542181486293,84.52615021124824,2.807156137991786,12.441235951285236,54.13255357310142,70.86511162797753,3.112784602925712,72.69450427195954,40.56029764423627,1.1746908959263916e-09,0.0,19.8,pompe
2.0129486601755677,16.39829999872745,12.257845755079687,4.3130442007149575e-10,3.4773950028872716e-10,0.01783738996861212,904.4479877470005,83.15356253939619,2.7238432382131528,12.501757619091284,53.71024596876229,69.64305761009877,3.130002298760993,72.1156971893201,41.708609434803094,8.288157638199149e-10,2.2392992368262946e-11,20.0,pompe
2.975241377397045,15.885297233204795,12.349181278434374,0.0,3.808822901627719e-10,0.018437195069740283,892.3896499735698,83.57932870941227,2.803329174773685,12.599893270291046,53.257563503708376,67.50775126715361,3.156970387497674,71.88025760510632,40.97659756977444,8.327752087631391e-10,0.0,20.200000000000003,pompe
2.2925453389780386,16.53924339035596,11.630573112458386,3.8089854350620206e-10,9.066479907207592e-11,0.018201607796020845,938.529533978085,85.98444284804685,2.8238030970034544,12.673885622993668,52.84690438118545,67.53805588549167,3.1583240693876333,71.6697268162723,40.79347104441954,7.608463728980612e-10,0.0,20.400000000000002,pompe
2.4003760457626337,17.337014894259994,10.977024942824665,2.430009367468432e-10,0.0,0.01821981938130787,927.5965401052846,89.27816022975034,2.8746872927752594,12.7464945295169,53.29281459097323,66.80360762966325,3.133727814876367,71.84324176022446,40.35975337590633,9.547228352590997e-10,0.0,20.6,pompe
2.4756283018113185,16.697276844164683,10.778661303259073,6.442398551551814e-10,1.2840375636227695e-10,0.018767559977541315,984.5892742340187,86.62973872846072,2.896495612999965,12.820658507189048,52.70576040542397,66.2069330109325,3.089504632051072,70.70840216110297,40.11801379289191,6.930485741546138e-10,1.8115139846399185e-10,20.8,pompe
1.8318982875987662,19.4003477522123,10.629869846800139,5.921643318513478e-10,0.0,0.01933043447002386,1013.310188030663,87.13747164755333,2.8331406702887727,12.945783780883247,51.88717079022232,67.48577070426921,3.123398989131567,70.66811090919037,38.66534311015796,4.72228356689988e-10,3.221346070932193e-10,21.0,pompe
2.938174738099592,20.365758513008373,10.036078996718162,6.288431126477769e-10,2.349638564759987e-10,0.0187462971662454,1011.7283262870669,87.58989009698347,2.840143066459142,13.01697820880152,51.63271633342451,67.15403402779654,3.1171585754948956,70.00092320738993,38.2793805440528,4.381553172497753e-10,4.0099114759022346e-10,21.200000000000003,pompe
2.279398980434638,19.89178833993099,10.255275347455605,9.991554273286972e-11,3.289274784251874e-10,0.018727487044056242,1011.4483607907973,89.68576742506424,2.744728420173731,13.084048082090526,51.79555782626032,67.11240874532741,3.1242866310602944,69.43686699229843,38.466841426053,6.442632392004998e-10,4.904258439759666e-10,21.400000000000002,pompe
2.4034576461170003,17.61953976130245,10.77362771931509,5.663440831419417e-10,4.5832478615117986e-10,0.0184165161876523,1028.5413348320794,91.56630704481793,2.8688689620275447,13.18258783667979,51.61058741949763,67.75352106342625,3.1266537497784723,68.27529553501043,38.52539511943901,7.571742283655755e-10,4.854702850741584e-10,21.6,pompe
2.5227911301056585,17.327663343000903,11.5983093803011,2.1956288963278944e-10,3.155823429422631e-10,0.018401841981019844,1051.6821994664763,87.72483956873818,2.8131126321278987,13.250469725910685,51.60614419432633,66.70789086353533,3.110512916141128,68.75863539861004,38.038952457403944,7.862263087852048e-10,3.963931622412494e-10,21.8,pompe
1.9562125636392775,17.762452644270134,11.301278072113314,9.22143989008375e-11,5.525778940876841e-10,0.018513511120690967,1011.5352963636493,89.08101088335185,2.775407043975325,13.424713729792515,52.29300054196193,66.9337345105812,3.117128766036555,68.43494013059937,38.23250587856903,6.817080531304935e-10,4.257487231659417e-10,22.0,pompe
3.0207782285492466,17.091750282848608,11.070099276308259,0.0,3.167783689246072e-10,0.017899496186240267,1030.1714159971787,93.29644773506399,2.8915569551011293,13.500207655015998,52.77414156592526,68.18831856526992,3.0980889615165523,68.40473684758705,37.06138286310513,7.190883308257109e-10,1.917963088661764e-10,22.200000000000003,pompe
2.3756043950388306,15.814734324473743,11.409143270483902,3.6972178169588953e-10,1.3072118190341352e-10,0.017521379968416503,970.8889284617655,92.37638717400277,2.881133394497822,13.581643374818263,53.06402521524824,67.74012028441298,3.0538270432422037,67.77154646492663,37.44760884504651,8.378263908307334e-10,1.384976753902667e-10,22.400000000000002,pompe
2.522919660036001,14.865971990947894,11.451541681782805,3.517074725418786e-10,1.0094980039869052e-11,0.01764099357563021,949.4992024805615,93.40136794827085,2.938192585211529,13.60963626198657,53.885172463552735,64.99029598963212,3.0290934137532712,68.59627448525046,37.13672424893653,5.380106698477441e-10,0.0,22.6,pompe
2.6603194736857145,13.478828075541458,12.046112125536999,2.605528563983984e-10,0.0,0.01744041531861454,922.7153903560499,95.33916293796689,3.005345967105048,13.669551295014445,53.55779696729165,64.21218534698613,3.082668942071601,67.25007159114674,37.794094498447734,5.049798608016949e-10,0.0,22.8,pompe
1.9825163204263645,13.053039969865079,11.32908473614511,2.2576407679592844e-10,0.0,0.016756118468796866,912.2008432678035,90.55706776863768,2.970485329724863,13.748700163679516,52.90038905622244,65.93125910702645,3.085230627147177,67.36776340086041,36.75089603261173,3.4374365685242356e-10,2.4427077560934757e-11,23.0,pompe
2.9573527832263737,13.719616706763423,10.698194635579412,6.141910387014308e-11,0.0,0.01678880034266039,895.5272471580885,89.67394978289666,2.9696036668317713,13.83087529186595,53.213434034538935,66.11029646358267,3.0817846723269775,66.8766885226982,36.99682872361011,2.6698339113558896e-10,0.0,23.200000000000003,pompe
2.3208332269806395,15.215962493127737,10.073764208159444,3.1669367860988144e-10,0.0,0.016837503314363466,933.088600234747,90.64277172858688,2.994253370779604,13.91494881940591,53.201961330968345,65.85448954224377,3.0496991013971417,66.51898965065193,36.94552404565945,8.468372616079836e-11,0.0,23.400000000000002,pompe
2.3786758381203006,15.548428993830239,10.375331236479905,3.597760376567631e-10,2.179078593058364e-10,0.01684726445379334,941.7842525693163,91.16325564617705,3.004909555432853,14.00739746265844,54.77225531982417,65.4244099291316,3.023011048105196,66.80548564519655,36.92084489181557,0.0,2.577006639540231e-10,23.6,pompe
2.4871282172427986,14.661067547769855,10.993115305289239,6.385263429909891e-10,0.0,0.017374638113856908,957.3859342132073,90.90974319331819,3.131101271460952,14.123101399451198,54.71160392210184,64.81648497528528,3.047299542715961,67.12929322947726,36.7784823177313,0.0,2.624910912929781e-10,23.8,pompe
1.8870391449709802,13.714184765585474,10.30442520339473,1.1418724585375123e-09,0.0,0.017421339626632917,943.9472477837686,93.92732511214322,3.1142571869554594,14.258027128796584,54.38126126465324,64.8860832996832,3.078016986873714,66.60530463896934,37.12443829947465,0.0,3.0563017680120746e-10,24.0,pompe
2.9690443631396826,14.17954391231685,11.235125423714928,2.0354103527411233e-09,0.0,0.017096913375263756,959.6248010648959,94.93310100258222,3.137924118945171,14.333629312860728,54.905227463768,63.799123758394465,3.1265052334322907,69.10368091026469,37.15693809438381,1.1525756735338949e-10,1.7679974557206087e-10,24.200000000000003,pompe
2.2050373190461197,13.907725573848287,10.69143974274879,5.46196788188686e-09,4.58719409676163e-10,0.017163586078554133,968.2086651844794,93.87649133637959,3.143430998551079,14.47911783825641,54.84084972900886,64.22813123688533,3.1182589819075024,68.66808981034423,36.31157664261754,0.0,9.585864933612808e-11,24.400000000000002,pompe
2.3630041415349856,13.011663509513133,10.677319567002261,1.7714593157322486e-08,1.3153936348281314e-10,0.016867864613484947,977.588231444161,94.59770207849265,3.08187712122638,14.600513622803506,55.557963707107604,64.87330588531138,3.114289263305806,68.12013205787933,35.85910632554163,9.346830640952862e-11,1.1871587172630767e-10,24.6,pompe
2.5137171797764504,13.196060527503732,11.056723650317592,5.452082363239486e-08,5.094434644390721e-10,0.01711591924922192,955.4315043414261,89.8533817774173,3.210107469648815,14.72691034459199,54.25147185290554,64.22546160003009,3.1467487579032314,67.74817834766023,35.46827557679556,4.523734955118555e-10,0.0,24.8,pompe
1.866656258191709,13.464496504465309,11.225425242637185,1.614839401532028e-07,1.3611734641695289e-09,0.01715982606956667,966.8287378716796,89.01178762814068,3.2311180503126202,14.844289171858309,54.37037054075993,64.86666821080401,3.1701143440208854,67.67681399645538,34.941631255248616,5.091777490012533e-10,0.0,25.0,pompe
2.922306405823005,15.130974668365823,10.940722075075774,4.576300200160915e-07,3.5350523330869954e-09,0.01717289027471713,1028.1214834349214,87.9024709534981,3.271969119128136,14.933954308598286,54.076178893478556,65.05415360209318,3.2060116500014804,67.85424506996661,35.3953166934494,6.613753866987709e-10,0.0,25.200000000000003,pompe
2.4693085409932056,15.592611199049315,10.618335803964653,1.2283033139067196e-06,8.800895202684504e-09,0.01744595470057607,1016.7161637004483,88.00549120079556,3.290199737168954,15.08689557982301,53.4281770645271,64.09218997926672,3.2151534772088204,68.28046026856275,35.41010963686845,1.0337298961029876e-09,3.6328335218645983e-10,25.400000000000002,pompe
2.5202658027924025,15.192071284884573,10.224599687809874,3.2871753951204475e-06,2.3645267712191698e-08,0.017618455840127355,1049.938026184402,94.70051669272748,3.188508485172822,15.188253047653,52.953798426258196,63.33716736198516,3.16842787553829,67.88300400197177,34.693324799297756,2.594278241912873e-09,9.532866622995943e-10,25.6,pompe
2.62696010546626,15.663635034575272,10.551694356418897,8.157626374975474e-06,6.413897552303655e-08,0.0176749980921583,997.3290712723357,91.92229687068726,3.0927960971863517,15.32152676424875,52.834751607253835,62.914660457579615,3.2547667376316882,68.25834695883844,34.89232093805409,6.4188042076730265e-09,2.3447423226349163e-09,25.8,pompe
1.9993180411907976,15.869166387186272,9.760911420388052,1.970909729272225e-05,1.6177807987738653e-07,0.017589554165886468,974.472306268284,90.36295065666886,3.1024182754575444,15.44660665930038,53.23310484165466,63.80895651647675,3.2411157445599765,67.7214449199764,34.956414777768465,1.658582163109158e-08,6.255407355076533e-09,26.0,pompe
3.050663110752966,16.64768547500725,10.419317354312426,4.732277346995473e-05,3.9449577769087054e-07,0.017576476172554943,973.5003054794182,89.90784966065527,3.0774040538755885,15.512794921381603,53.26561398149591,63.12768331678107,3.244118343049446,66.88957389437287,34.30286165716512,4.093365411347732e-08,1.5999456164213357e-08,26.200000000000003,pompe
2.424566247259641,18.82863858330417,10.625871607810218,0.00010546917549506461,9.513013499607603e-07,0.01715909838262999,1014.4549380304876,87.49118311500276,3.0261332527049154,15.628606662327678,53.167342123955706,62.342748112647826,3.2301146693022242,67.89205291336107,33.794976502467236,9.795110440988112e-08,3.9669555765131675e-08,26.400000000000002,pompe
2.5538406061523835,18.127762926064477,10.023104968764068,0.0002226894191115387,2.2117241819466464e-06,0.01750371022246617,985.2633252763403,87.10107139166952,3.0963089983982335,15.670864664571203,53.87641647423584,61.338339431102014,3.24386718953608,67.99591104376755,34.15339945156207,2.2931301405390722e-07,8.972248772629753e-08,26.6,pompe
2.5807923854068906,18.225700878589407,10.060436949069604,0.0004679292857227956,4.913974195001049e-06,0.01767815839218506,978.3203968659435,82.70783834322991,3.085679107611735,15.805016251281755,53.05762182849554,61.83930824820225,3.282887626333181,67.99444744424986,32.64002529281709,4.984113230549732e-07,2.039219286791698e-07,26.8,pompe
1.930732219918798,16.353766011966872,10.75708888304589,0.0009343766504133845,1.0631122057748901e-05,0.017749027059702844,989.1537299840106,83.37793301096276,3.1543576864177547,16.003849991962323,53.72032222193823,60.52008164558444,3.301625281550391,68.92750108386163,33.03879286323821,1.0737288902210641e-06,4.41557316555383e-07,27.0,pompe
3.003375753434888,18.662968739658826,10.4613558374735,0.0017827839794327723,2.1725810110236075e-05,0.01757778889542828,964.5036891458299,77.2759524528997,3.144216236490587,16.137514661035244,53.33030063015741,62.09324491922318,3.301108616835887,70.00912702819976,33.02107466960816,2.255113012430913e-06,9.093697685739298e-07,27.200000000000003,pompe
2.442199035074775,18.7577254671322,10.819648086476017,0.0033490309691542987,4.288678379214644e-05,0.017690907260930186,1022.815128859267,76.63250030100612,3.192016203461957,16.298453086913643,54.11827263459684,62.0803940827034,3.1961342212655746,70.3717306351773,31.91872864934691,4.551619016780017e-06,1.802364359504179e-06,27.400000000000002,pompe
2.5956019431207107,17.793768344523304,10.20929196593057,0.006021191842771923,8.285881528446574e-05,0.01752393998192217,1023.7520130693125,82.45426522051928,3.2753403095261735,16.463988808647407,54.697157553715584,63.302281223667904,3.1875281021603943,68.32345055645119,31.708824015428636,8.815109146523616e-06,3.4379613768211074e-06,27.6,pompe
2.646726652354576,17.128350468684925,11.028674083479089,0.010527391638557535,0.00015597046761850556,0.017713056521237714,1021.3426133260958,82.75504772168989,3.2122551550751948,16.511285336293092,54.767692503773695,63.55241801050413,3.239250201145755,69.65422958934376,32.25537475255656,1.615754682392988e-05,6.430113540387765e-06,27.8,pompe
2.040752907735877,19.63117617462715,11.852036576030912,0.017814023122209064,0.0002802684937304508,0.01743773980566273,1041.8044407731813,80.20190880485889,3.217986147942655,16.634031866943456,55.91064859229157,63.224461149412605,3.134248260958872,69.99606321076945,31.823667387602733,2.9393139646782386e-05,1.1713574093689992e-05,28.0,pompe
3.0340439672085777,20.29650754174913,11.171141644122361,0.027882448433255016,0.0004971007213147282,0.017265709561004424,996.3599782183098,81.53092985347718,3.3243671094420164,16.763443057531674,54.41445186531738,63.80070361856866,3.0651402160122907,70.15063103950317,31.31813663146263,5.107182558567424e-05,2.0585155377718264e-05,28.200000000000003,pompe
2.3597582407286546,19.600988886017493,11.609933505363296,0.0425998070935692,0.0008404131513975384,0.017399108063985425,976.5561265328582,79.52577369378587,3.2233959139116566,16.896550152931347,54.11764711549141,61.77560918583367,3.043525525944518,69.17776802738523,31.860429960626302,8.449489030739272e-05,3.4089425877855264e-05,28.400000000000002,pompe
2.537061227957878,20.96048923894613,11.340088718657174,0.06286707912752239,0.0013592376481312111,0.01677993613111381,927.7178966957973,78.81470431847177,3.355326681029775,16.99813543606975,54.153642175284524,62.70062715004635,3.131238800574557,68.5224489286517,31.724265345503248,0.0001422942469108051,5.4704888820143994e-05,28.6,pompe
2.671431172615905,19.717950331820827,11.543685052781505,0.09084600940385541,0.002077956661226342,0.016644374843193404,933.456439341459,80.84333990917897,3.3579106632477047,17.109334450297844,54.532728820169936,61.86448746530307,3.1624068351230057,69.16847770328478,32.7234218504955,0.00022164836719850748,8.643918365594331e-05,28.8,pompe
2.077271166606053,20.54370995119033,11.386128429047291,0.1263257328144697,0.0031821306883215,0.016648668126323932,922.0475183074212,80.91091876135798,3.446311479976107,17.195903822285405,53.16239951165241,60.272123003307925,3.1091748128699113,67.84508105950992,32.52315313368487,0.0003326366748815321,0.00013192754120779865,29.0,pompe
3.038595838635545,19.855278164443515,12.219545389526754,0.174887377349205,0.004680468562543008,0.016901836691832463,910.2364819541118,81.49873186555945,3.502441300866519,17.26861756408799,53.154991507081434,58.633595412686795,3.1180940048384365,68.43530220435112,32.26954539800596,0.0005099386873973662,0.00019493407578292688,29.200000000000003,pompe
2.390436469435158,19.82956890589386,12.262578946394855,0.22815317172701652,0.006759848414663772,0.017741172992675518,943.3752627403159,81.35616185902015,3.5758142893641205,17.34686667031275,53.67063467673903,58.02323943207306,3.1640721307878703,70.38685574955805,32.086150068421965,0.0007128736943896336,0.0002837719285265316,29.400000000000002,pompe
2.5678265587696614,20.30803483819706,12.495612436312577,0.29801611981921194,0.00952264156924237,0.018977512549988883,965.7233985275378,84.60874586658882,3.6159676954192133,17.49411458817473,53.41442530560891,57.54443542825713,3.237083355880164,70.46820391996152,32.304644016811686,0.0010138536661210733,0.00040007186900569466,29.6,pompe
2.636470995212048,21.835876955385768,12.909773267992945,0.3472364285484255,0.012975940805759489,0.02078929085394463,958.9307436758658,80.44646537219506,3.7852948408660145,17.637473902306308,53.329810575414,57.2471150264902,3.2837012337450786,69.83086477958085,32.67537003093549,0.0014192475405827255,0.0005600673154926983,29.8,pompe
2.0129736045442894,21.50001925402782,13.651440340077174,0.4070040391889387,0.016567207386347246,0.0226548879964682,974.0533663084818,81.35607803444334,3.8304980585166555,17.740458767846736,53.86210760878826,57.20158945516373,3.2612770557818656,69.41691515567668,33.44091142178228,0.001829984648164366,0.0007531033234104211,30.0,pompe
2.951229894112689,21.12964130921526,14.410879564529361,0.4351871294608519,0.03438884665468713,0.02459331899481684,919.4322672335246,83.06076510443931,3.96673839367322,17.918403409337195,54.08583104720789,57.22651526961997,3.3189891469376938,70.87907931986514,33.81793173042792,0.002341403945245053,0.000977413205216227,30.200000000000003,pompe
2.338397130797062,19.13712895470092,14.776920482601467,0.5403810228407606,0.039772115754503665,0.029613643757283963,922.77732740309,82.72550855892528,4.005247580589252,17.99382455400401,53.35378996181706,58.196516087810835,3.379368785074873,69.82150315089048,34.123054959006964,0.0029898225205250437,0.0012474958908621997,30.400000000000002,pompe
2.4857246653459826,20.086135245163504,14.83289197592703,0.6297661296456732,0.04609190492524856,0.03498834866864426,901.1817493748435,87.48091756339548,4.051896891703194,18.131358369982063,52.18082631015799,57.54479580263933,3.434243687508875,69.97476108309337,33.11998234679673,0.0038584468001669997,0.0015537248103307305,30.6,pompe
2.653145677861263,19.89166951370738,14.991552725878023,0.709298242008253,0.05216853841354133,0.04021111574976521,895.2941514586346,89.21405117589019,3.934844188312152,18.16845173452778,52.73126315621296,57.069866207856066,3.414110017317538,68.14028959585717,32.68559749817111,0.004785572162413698,0.001960203668600613,30.8,pompe
1.9716900731451155,21.680529579751916,14.552284421262826,0.7340856726850579,0.06180976120375784,0.046966788170670536,880.9901836238265,88.5895818536475,4.057982458809182,18.331297006767482,52.12490658569541,57.02728108377415,3.41619790760949,67.14237938357086,32.528915473801334,0.005830134392375962,0.002431861458371857,31.0,pompe
3.0479770625296605,21.04344350339551,14.48292219261864,0.7835525781250343,0.06897196105185674,0.05528135377804591,877.8044543569827,86.0639689570753,3.971758159612939,18.491271592076746,51.98644042392148,58.2861303553742,3.3906066039016642,67.31087138517265,33.458272015111454,0.006802363807994589,0.002778457559724109,31.200000000000003,pompe
2.4717026171488223,20.11302198620103,14.525589029733068,0.7884447901565614,0.07780339184872817,0.06306031380914708,872.466435598518,86.87728981301122,3.8833965835575106,18.562097810859463,51.71609094109902,57.16638707144341,3.3693737031811573,67.3243361092295,33.14398247378754,0.007953784115222134,0.0032594127650972223,31.400000000000002,pompe
2.5268391633902936,20.768109069802623,15.52077780649845,0.7876054784826668,0.08699487434455898,0.07260622921417796,879.9597192077991,90.3564542142655,3.928302556025228,18.587140745605907,52.00453368867356,58.10942939095134,3.357351906570428,68.13725753418178,32.70440059999642,0.008923416763301871,0.003767595038473664,31.6,pompe
2.5074049132012046,20.390915567698695,16.45698059548148,0.7400464846245643,0.09274283876257754,0.0822376028463808,877.3268592686471,89.17573742741932,4.053578251596004,18.726940236935413,52.32254211346457,58.210384104728874,3.3730633352756922,67.25707144906798,32.95035104049856,0.009965774726250841,0.004349967199476485,31.8,pompe
1.9737088367474314,20.522368712247452,16.307018146067378,0.7498240795312728,0.09460011073955192,0.09434724586263071,873.5137562792187,88.75531614382679,4.116764279408024,18.8236228444353,51.49826193712124,58.08711315379252,3.3738771181869307,67.26993099220519,32.88867036784148,0.011424137719922463,0.004742465911234138,32.0,pompe
3.003328348604416,21.778011956529483,15.078099611977335,0.7485580385160624,0.10104487188335354,0.10559147692165131,851.413535678438,88.04726524384446,4.287281331133768,18.86965191836996,50.669865538696236,57.068713434637075,3.450599763813382,66.76473018827335,32.74427578033096,0.01255959238303975,0.005147243742991004,32.2,pompe
2.3330817055853563,24.79198077139115,16.101261756664737,0.7162955633660395,0.11008856710570904,0.11668522288877423,810.6987332293379,90.18728178982732,4.393728363179515,19.00893528570359,50.32821461950268,56.931062165947615,3.4825263857669375,67.03423102636165,32.4393299875247,0.013370953325463843,0.005673260432532295,32.4,pompe
2.514468720622232,22.969819552150046,16.66365138361024,0.7131910613403754,0.11905488287522115,0.13228279575714133,794.7117846479556,86.0191332996191,4.330105546525767,19.133927055284534,49.94172889159586,56.393654459437215,3.3952023347682396,68.55303985109985,32.66949676210943,0.014855564253659624,0.0063084091076498275,32.6,pompe
2.627936314276976,22.488414030753802,16.576760283959604,0.6890307258311906,0.1332244336540629,0.1484521137191378,783.881545274913,86.78845684326024,4.220669623689913,19.282239447814092,49.48048966983846,56.76563000530154,3.4412177257465055,68.8282316495043,32.57881230093137,0.016137988378052626,0.006823286981658651,32.800000000000004,pompe
1.9642271373657854,21.80880044586345,17.73576480083836,0.6724443310592895,0.13741756734371996,0.16366606595835922,806.3777856637406,88.04164843201471,4.26115453451002,19.352585156621572,49.84420536949485,56.268269286311316,3.4259252210488946,69.65196975534205,32.831454906437784,0.017089030533960176,0.007227023238973484,33.0,pompe
2.9931352830582023,23.669039916257212,16.255082678465005,0.6649400015891723,0.13954116326299815,0.1788746377558547,797.4647291732631,86.68608942899628,4.199239995359839,19.438921568891473,49.4676862395309,55.166956916248665,3.4585776464769955,70.27521246694324,33.07216693968342,0.017805393327096894,0.007806621524599048,33.2,pompe
2.386672095931014,22.286977376962273,16.32590192849763,0.6477108032193618,0.15158699874684897,0.20240890919450863,761.5968196079166,92.3219333433702,4.102734238761318,19.56571113752056,50.09765547249856,55.0,3.4778181899326968,70.0898502717577,33.18527621987626,0.01918935497050314,0.008548254949702976,33.4,pompe
2.5022410558505226,21.899966193181957,17.17455427373888,0.6469967896913678,0.15994081872269275,0.21871073014084527,739.5495195537198,90.4825518766301,4.032025135328568,19.676884498889194,50.737039610145224,55.0,3.541166358596437,71.31362440910247,33.159622992857386,0.02015380700992555,0.009394417546888306,33.6,pompe
2.5826000101356823,21.90029297271336,16.908882814300974,0.6123244341052793,0.16051459412252034,0.2408757235309038,723.2121299599639,97.77323329034857,3.9194275748402254,19.69383221258758,51.06196938942807,56.135111194898506,3.5396433515590644,71.78741502783303,32.215529242971115,0.02119306963074793,0.00972287300888667,33.800000000000004,pompe
1.856334830245423,21.90534213163284,15.299370976686879,0.5703600333478653,0.16398298294944855,0.25698496837590185,730.0110900586859,98.03471301994898,3.9820912089243676,19.79569288636996,51.824641439138,56.125889979049234,3.5493032033788223,72.20855863426672,32.1466158702367,0.02230566217976682,0.010186040595320498,34.0,pompe
2.8727581811584795,22.120568056247667,15.286627919206866,0.5442199470908132,0.1664989162811207,0.2715150151341247,748.4824467843406,97.6881556824384,3.8897141302129623,19.90169831180492,51.40846334701037,55.06902328903523,3.593285596496251,71.61535322182691,31.840822588014564,0.023586489511420804,0.01096959801725574,34.2,pompe
2.250918809105082,20.65719208996937,15.719973318618257,0.5226694789746511,0.17831172714012614,0.2917986376604662,703.928405183361,98.06601851159564,4.048810641065883,20.045643003671305,52.660553596282796,55.0,3.6321558209640057,70.85174496662975,31.80809318691734,0.02415955469682794,0.011322977888747596,34.4,pompe
2.361295653036701,21.513558933823344,16.301426053284043,0.516161655127939,0.17730722332273582,0.3118449695520847,689.0493101496587,99.79210173621766,4.1369714764301495,20.15814411970446,52.09830090785613,55.0,3.5412910216768725,72.15621752701001,31.508803857439535,0.02501110579983549,0.012264740320395833,34.6,pompe
2.5466740003140274,21.374513187327217,16.099913285010263,0.5021671055471859,0.1824510760296642,0.3423611301580444,695.9903114335814,101.12438796904287,4.223994324245209,20.167782292034456,52.59951800697601,55.0,3.418372823937571,70.06364891094495,30.954072053286993,0.026549082618546837,0.012808042412463421,34.800000000000004,pompe
1.946678275445375,23.603978686605526,15.225977396833754,0.49043250792297904,0.1877451978214358,0.3598520194047558,695.5616810426756,96.20202297743774,4.336214023359957,20.20092164065899,54.02147322370855,55.0,3.460957077466463,69.96459684523836,30.81629237867062,0.027441929549758243,0.013354891819970138,35.0,pompe
2.9889137706953757,22.308533851939014,15.23555961586603,0.46886920755382133,0.20152612444931733,0.3818197721571255,724.0329027068741,95.0689801149547,4.337184056549008,20.205315309077385,53.661470528104445,55.15062345371239,3.53009787642513,70.12678229135653,31.269242762980817,0.029078907333906105,0.014364337790283097,35.2,pompe
2.333937166735704,25.28539979997338,14.971524621921949,0.4457034724439942,0.19967911318955392,0.4222031630174074,739.0723318715366,93.58363766192161,4.438266857058305,20.306097875747323,55.0601664510966,55.0,3.511675459888841,69.64310515115297,30.325875874046513,0.031040049304509043,0.014802301964312335,35.4,pompe
2.4970677905911183,28.39104348282603,14.879611885846503,0.42907819350432674,0.20353703084786628,0.45345344748159033,726.7914674178328,91.3569803121727,4.522738728353484,20.396193794482187,53.52922803257758,55.0,3.57705026356364,69.97392743568946,29.894867912681992,0.032144324016418376,0.015316669736874474,35.6,pompe
2.6234997479784563,26.03002136926863,14.550653525950638,0.4237045983565764,0.2062154759704624,0.48217202174295226,702.0828672420618,91.57917102096667,4.610453780034313,20.489015303743553,53.59429259309841,55.0,3.5305184130360705,69.8644259334079,30.283672847208592,0.033272879948164455,0.015522343175788414,35.800000000000004,pompe
1.965808282550558,26.04653679221547,14.483278881745766,0.42166440898588575,0.2116952768923294,0.5141516642250867,728.3223194711933,93.37402124281071,4.4876271996604205,20.513500421280586,53.50463668824292,55.0,3.470402072974081,69.41773378495978,29.969214773208485,0.03399085753607739,0.015921868827154288,36.0,pompe
3.042039840936415,25.92604643572698,16.348924845931737,0.4148323823519553,0.21330985861230647,0.5389525907461571,732.1684076774932,93.73465658778906,4.676808295419007,20.54560283618048,54.09001395703275,55.148563314886864,3.391560840923387,70.10629476577596,30.36221893504032,0.03457591374805659,0.016434466368152118,36.2,pompe
2.263144868380348,24.0623620058382,17.248553180153646,0.3987111616137225,0.21098995487348055,0.5660096820426221,720.7471950135591,91.78464586701597,4.728534181584786,20.5642876651538,53.399758294428686,55.25736433695455,3.4298121144532767,71.24605011840572,29.969887635627263,0.0365347626095313,0.016663109171854252,36.4,pompe
2.498667038983051,22.375683022922885,18.34654625389021,0.3805649576670442,0.2234736371975511,0.596467928231481,700.1319440535324,89.7287644074584,4.783553741229016,20.682554443827833,53.31471433715254,55.28489107299808,3.458330846367917,71.33681313124346,29.333286433853047,0.03706854252569496,0.01725359960221754,36.6,pompe
2.6521305383429814,24.239205462314033,18.965558528476155,0.37601259664301795,0.22974082758448164,0.6151726652730468,696.0396396587074,86.98017275361211,4.620495480588273,20.76377627631707,53.41351846606963,55.794479147101335,3.4768408212260713,71.54071167551575,29.434770110589458,0.03825028486093904,0.017926421187508212,36.800000000000004,pompe
1.9735651556947529,24.536505773153053,19.534769480894195,0.358733443003269,0.23240252686023444,0.6347726726111541,685.0444695267424,83.62301251248776,4.722745843474487,20.877957989930525,53.76558020017576,57.28714098881295,3.460874151776807,74.48287413207784,29.226253143546458,0.0397008806595452,0.018287105900698243,37.0,pompe
3.011948903689307,25.326734398808455,19.41880146272209,0.3742723564322177,0.2358634264448066,0.6644920444113028,667.3128930457723,83.81912677115618,4.675831756545619,20.912228643945074,53.17249362221863,59.372121884105546,3.441489486063298,73.00340005245553,28.83581671866817,0.04087189476469604,0.019026896715981928,37.2,pompe
2.392978424823093,26.11416328879378,18.872716060038414,0.37052827366588637,0.23360849392532934,0.6840636514755667,649.8731026292043,80.41217955977268,4.754145180501731,21.00345953746238,53.840320229747554,59.39576861987662,3.4703118935306922,71.2750829174865,29.055329551879375,0.04227779063094734,0.019822029257381888,37.4,pompe
2.523425924702184,24.46515098033361,17.692388655638474,0.35296732867349295,0.2388802981836327,0.7190902953810189,625.2756516253181,77.57692376707865,4.641032325378557,21.042357784208875,52.829234014627545,58.267975657548625,3.4247375073903084,71.34827649018351,28.481549028473662,0.04339409528093749,0.020816648383794656,37.6,pompe
2.52972238776975,23.96980859177472,18.560483361837544,0.3398785188637033,0.2379340314516716,0.7611769175306137,619.0148772204304,79.17751418068933,4.647580990248622,21.076758234708272,53.13825086148184,58.52020699310971,3.464522216058895,70.82424201388099,28.382459268239003,0.044556047606719835,0.02166528384326406,37.800000000000004,pompe
1.8659528912484105,25.107864691856875,18.95149621396202,0.31669116653850216,0.24643652556000736,0.8188417539268171,634.7053094255348,81.4718172435868,4.617028201755719,21.047884534865975,51.8064608992042,58.72349241171712,3.4291969365636708,69.96809511445751,28.244146983312213,0.04637233973595401,0.02148223115748286,38.0,pompe
2.8950563001514533,26.847742245928263,18.077154818857032,0.3196663465363129,0.245492994142997,0.8542014138133002,652.4007548565496,82.22865811458416,4.673580535432735,21.04611878434711,52.55841172445504,58.05814206295787,3.43314941547722,70.22623553705179,28.314698034136512,0.04792115566350811,0.021592742696742988,38.2,pompe
2.1805069425042736,27.90792585233718,18.311968284281967,0.32598609701809966,0.2469916550642486,0.8600347141390813,668.1941830634348,80.49809827502314,4.672123330723646,21.071686917553127,53.699708424361255,57.38296378003372,3.409428561671737,70.34192659719663,27.7886567030372,0.049468941725452915,0.022896806409162567,38.400000000000006,pompe
2.3177971604940955,28.100430837688762,16.300902947416084,0.31830256140344354,0.2470514065009996,0.8746994729590845,686.480569075156,78.897195175497,4.61771264342464,21.113093013460347,52.300850069757175,56.52177898303882,3.445575922972831,68.39012964095875,27.392381041857206,0.05022838344074387,0.024321910046290827,38.6,pompe
2.486057600673235,26.882919585158028,17.44871403814426,0.30292661921962155,0.2544006247735316,0.8807788493571667,705.1053926016054,77.16272849874288,4.479377719327594,21.165562679781182,52.46591116916894,56.152077826739394,3.4628869258845074,67.8763949119704,27.510882324564953,0.051915850228483794,0.02479799876715919,38.800000000000004,pompe
1.865689162988246,26.78985477600729,17.987656701521693,0.3193863975171151,0.2613191708729977,0.9241754666870954,764.4718933967368,77.37302450204521,4.497751567706975,21.265073985097025,51.729917326245776,55.821846056302064,3.430923024574927,68.48730911115942,27.335730089989095,0.053269160189126016,0.025921032066736637,39.0,pompe
2.9498473860236905,26.123858994987938,17.542104593457438,0.3255530887262957,0.26748140867623377,0.9264292988107881,756.395147648499,76.80880782359066,4.5513055139054375,21.38646700065805,51.8997564136016,56.260530642417955,3.4253334294455553,67.87890163567147,27.12980413962942,0.05452437365712129,0.026430326718652444,39.2,pompe
2.186448366595118,25.379486518317805,17.669421098951897,0.3150903053227825,0.2676107044795038,0.9636594873230219,733.1542909466866,72.62662538233106,4.489290188828983,21.499601932503726,53.059845774261305,56.85227342615182,3.3500031542184194,67.68057344900048,27.113949366519506,0.05599959479970261,0.027292019911520703,39.400000000000006,pompe
2.30171852546368,25.143826730218663,18.066037725132404,0.3175697228876382,0.2643417487110419,0.9866356448179425,680.2553239768124,70.55564537630924,4.408244558952982,21.52242951727833,53.144856722137696,56.810004090072944,3.2417659110912727,67.89923508419315,26.669012971739985,0.0578525054806007,0.02705590843145001,39.6,pompe
2.4352096142946547,24.47272374059583,18.355989598292464,0.3119719768387572,0.26439122814953675,0.988309618282225,652.2958247416824,68.5994354682249,4.374165059985384,21.554222516703646,53.55914817966123,56.60474395330266,3.1923845423587984,67.68145211654374,26.642473706591385,0.05949937442321793,0.028747575734275492,39.800000000000004,pompe
1.8153210588950666,24.13436680918232,18.7274395987195,0.3048235522444621,0.2629489372738133,0.9896946272368148,641.9521171898259,65.81966628511375,4.172877748104268,21.57129215775363,52.77696613176707,57.06063215180015,3.2108445325034056,66.90789165605798,26.442276587282837,0.05829130454506198,0.028957684447170413,40.0,pompe
2.8914913732642646,24.870054330259872,18.138446742900058,0.30977956919852606,0.25564120984809807,0.996076814210007,652.8508830560346,68.04623492384329,4.184491072647374,21.62225926096763,51.21363765083948,55.54420091901142,3.208916586828006,66.63572389500773,25.94636645794132,0.05958058022473736,0.029552537578989888,40.2,pompe
2.3255705582441735,24.890536205543153,19.19685028466677,0.3030314257771452,0.2565318448399038,1.0425857065739481,634.4648165070183,72.55060433960188,4.186041873216252,21.695794512410057,51.55023980144382,56.97416596593626,3.2356924878370954,65.26452523981989,26.335028882946755,0.060305318338825346,0.030133639991713607,40.400000000000006,pompe
2.3862204018007405,25.32790144406662,18.648054947727978,0.2974341304229458,0.2563902362044572,1.1063129763322765,667.6343882380403,71.69850761581156,4.155883066350584,21.729124128920443,52.294009627611004,56.73679243313361,3.209559366267013,66.19135398873412,26.03945443753053,0.06142469627463754,0.029594490933686622,40.6,pompe
2.5357346862094654,27.824486603364182,19.2890126701398,0.3068354682133804,0.2530211675799484,1.1378530367490816,649.3386717666873,70.28155719849326,4.195069101886726,21.792083770625144,51.2824133480909,55.75705975693383,3.142630151804551,66.68879842367893,26.665582100458042,0.06448389325241571,0.028871966441624434,40.800000000000004,pompe
2.0097029366950143,28.930400539433233,18.071878752772925,0.29676081609121974,0.2608339810614015,1.175433520340042,625.3294750180783,70.45610367889479,3.963567468382316,21.83565831843715,52.0455885785299,55.78877296839209,3.1139354885015362,67.55376521566134,26.90915232509354,0.06754670337319897,0.02994781576939254,41.0,pompe
3.0720880555439294,29.61636166630004,18.42185427592519,0.2911782713363683,0.26084137513263544,1.1771793807722084,607.9395305233747,68.9101571363936,3.9491575302953548,21.955284609933507,51.98754476961052,56.56681149241812,3.151648839578934,67.41388893253114,27.016297631457054,0.06833282314520202,0.03135784642217005,41.2,pompe
2.4450613774778187,27.5058887791819,18.695122247692513,0.3024465332101114,0.26112378230130223,1.2135814422829874,615.3839256603932,66.02761756186314,3.9570417360879007,21.93261731492419,51.5243829297207,57.410857706877685,3.1588287805829505,67.21337582543154,27.06977565188513,0.06938492380360496,0.03187338369791656,41.400000000000006,pompe
2.5787491266108447,26.11574833213865,18.809469316535967,0.29243439115848735,0.2534572734169537,1.2205248148222037,640.2438981225928,65.73788933562979,3.804407919312576,21.904363571180212,51.420170764024405,58.646104357513686,3.1427967480692325,68.48011641357138,27.08883439624414,0.0712735786896286,0.03144717984930815,41.6,pompe
2.698765360243845,25.38585206218761,19.59318589935832,0.2776107950555223,0.2558624753456772,1.254131145196633,635.9527549330545,65.47930080343059,3.748420518950273,21.92442277173802,52.51337203222024,59.491710592736645,3.1028224036216767,69.07096253911918,26.711106999688624,0.07051763825103874,0.03267825027525114,41.800000000000004,pompe
1.9508325053468143,26.465766355502886,19.374865114254863,0.2694153105041294,0.2594730490730976,1.2931985149675003,620.3322823420465,65.75007508258629,3.7242234362691775,21.91378798099436,52.36304521872781,60.61841654968565,3.1654616142627803,69.80721837710487,26.180325252028663,0.072397736632219,0.03379648420023121,42.0,pompe
3.010092195660743,27.201665550666704,19.726736069226458,0.2628012654958835,0.2571234525758984,1.2761601847327302,624.3413249410874,65.04160322284817,3.7356321331179947,21.896029331943748,52.787980741869994,62.32684498790568,3.1603287179449957,69.82196729206088,26.183662625243347,0.07686231737828943,0.033522342922157056,42.2,pompe
2.367679373162248,25.85019457187961,19.291378646684908,0.25657022433010335,0.26609933193319385,1.3439029131828577,630.2269054880247,63.374589085918515,3.914716996678859,21.923614808514525,52.3531348536363,60.86948309416479,3.2117052322510564,70.8044456931159,26.94135037949297,0.07557887663756381,0.035117505381419944,42.400000000000006,pompe
2.4875001399726093,26.6949594760538,17.94453216020121,0.26477261544208386,0.2718160315146961,1.3694998624247259,639.4891878517363,61.05102111037813,3.8275159474720297,21.950950911761304,51.037844803530085,61.5917461798084,3.2545308203870356,70.21218332959401,26.95895976281594,0.07622996047023803,0.035868991848863184,42.6,pompe
2.5401500059178512,25.15466278913823,18.893086976125748,0.25836330282273795,0.2854046937792418,1.3976196745549414,622.0163528699801,62.088046203890556,3.846854189932603,22.038378675203035,51.834868626102605,61.06703002554135,3.2396986743553504,70.12543891296946,26.387523945459197,0.0769083524301366,0.03746103224379959,42.800000000000004,pompe
1.9447176531552994,23.162043451759878,17.642279586008225,0.2685494711705868,0.28569641425506603,1.4097649935905128,615.6932356020016,58.623700522564086,3.933850024066393,22.067281024354234,52.76652945476298,61.125933388782215,3.2931424219638377,70.44960252155137,26.58504688513099,0.07932190210866316,0.03850634853272127,43.0,pompe
2.9887216528721776,22.572689637749708,19.227238097094,0.25409937071291805,0.286667155976519,1.4383221337279435,620.6248411306868,56.962430397832435,3.9228837122445372,22.106123172537025,51.626675877683184,61.15132645056099,3.235222504089387,68.91281077648637,26.526836463591632,0.08136233755564722,0.03948554181119466,43.2,pompe
2.3758789234116198,20.288119098001093,18.038258956037897,0.26711738533379087,0.2808498028342695,1.482224247172337,607.4877180089456,56.097715716468635,3.828983233755469,22.182033472933973,51.69434553991559,60.80245174104503,3.180564325803011,69.25415831828221,25.991906308933043,0.08329419622424242,0.04238887283477634,43.400000000000006,pompe
2.562825935741182,20.965961188955273,17.89706096329757,0.24339940494607848,0.27362554331624694,1.5438151553314257,592.9498981303586,54.05849373627499,3.775564766047467,22.174736475622932,50.82308905713942,60.78297261345052,3.1335413960560556,68.66875016403483,25.61627700051203,0.08540903810098589,0.04267800980815533,43.6,pompe
2.6218281658565137,21.544746069472666,17.732110430433554,0.23567735888157026,0.27733286390993644,1.5884516392915982,588.7965487371641,53.17595667094652,3.669440331289335,22.17440552427088,51.326382039542835,61.17269385685104,3.1436250839474913,69.04116692989962,25.52906862208515,0.08782538857772021,0.04406587257980665,43.800000000000004,pompe
2.047221958207753,21.317678197792205,18.833491941765136,0.23247480731248732,0.28200352237521736,1.6226597170537287,590.8654044556383,51.123806068108465,3.6870127194090117,22.357195276840763,51.043016263081,61.257960442806855,3.1155481864699306,68.70801379194184,25.960804064974084,0.08758599963554611,0.044087266871295654,44.0,pompe
2.980029162348861,20.251158049004143,17.377330158052818,0.23272182337441766,0.3008742109486205,1.638498722564994,563.1396950558506,51.37523095380248,3.5866137998960896,22.463953033696317,50.82547830572694,60.76814385949508,3.0988732829263808,69.53261337569417,25.77721448444081,0.08770525891619069,0.04438338007111267,44.2,pompe
2.247584974241027,20.690355739854606,15.991603136762276,0.22398140974382214,0.306562636849031,1.6756746423062734,570.308994901874,50.277818670626836,3.6391805117470177,22.54640737944807,51.10673404980894,61.56136447410124,3.1210394378893165,69.25087679123062,25.212909286478766,0.08968890632499624,0.04544882983918158,44.400000000000006,pompe
2.4480149232895023,19.512108535628467,15.357322067779222,0.2228199815654852,0.3065016867043674,1.6486963923658577,574.2137363099981,46.83811258687837,3.5206439470858553,22.652150750288122,52.34828762503532,60.59604602722175,3.097844253948313,69.42146736009998,25.721215851979025,0.08986504278328199,0.04548988355782075,44.6,pompe
2.631057448807046,19.036096680118643,15.853554054735438,0.20650405369177813,0.30574811651780476,1.6292360915541912,556.3363923986888,47.002929597935335,3.4762705718363525,22.674029715371393,51.794958119846406,60.44809108446086,3.1011705444452398,70.46899362376074,24.727761510924744,0.08936619925911528,0.046174419923933806,44.800000000000004,pompe
1.9944582215919104,19.41940512966993,16.0097790158684,0.19976806764774424,0.302463802688888,1.6508916653334456,571.9652115513345,45.19391841241507,3.4297819183597476,22.71769894875388,52.86275760876002,60.23807244072859,3.132142679712876,71.76624678081741,24.607193465607786,0.09008439768391056,0.046348595236488425,45.0,pompe
2.999946765060437,20.154994484180456,16.145794272942577,0.1971086808206527,0.29521417849615667,1.650887905743127,603.961173147488,44.11089865452503,3.330997595822674,22.827916256557625,53.03079336648922,60.73938533744158,3.11691792234653,71.5749634530818,24.452323137755307,0.08845844359171434,0.04676184846552737,45.2,pompe
2.3661867910620744,22.26249209586983,16.191210575572956,0.17704387338106728,0.2948862836465617,1.7613509429307972,616.2324627225273,42.31885455456677,3.3394938991588408,22.833674474062992,52.043434230906534,60.48278343977597,3.111411339313003,69.90764824048088,23.979891947826697,0.08957186537763498,0.04682834243468167,45.400000000000006,pompe
2.50363155257963,20.667670023217195,16.748924433224193,0.16585115352381824,0.3060527682573346,1.734981095221174,596.3656014316282,41.92497536554709,3.4302353301043564,22.89583931957547,52.40906811880827,60.52660522740572,3.0592467525072875,69.57526804898478,23.496741237572344,0.08811314475377587,0.04773246410293586,45.6,pompe
2.524978978599543,20.91566877004312,15.779006592291067,0.16400892756263633,0.30270669619134577,1.8073137188668722,599.5750565612076,42.49190662040205,3.334239616142143,22.940994386258023,51.69341208577316,60.2226210992448,3.0392842278619,69.03058793592851,23.022261744841806,0.08647171983734833,0.045792506982754166,45.800000000000004,pompe
1.8607378169254605,21.515788486494177,14.70415763789446,0.15260358467860502,0.3150603236053937,1.8142230206646575,602.7015375565169,42.328139614077806,3.346230884115056,22.905765614624887,51.50598530832867,58.96308894606505,3.1313750227134376,67.7090869551535,22.60839531263793,0.08557441322156618,0.04477483200162199,46.0,pompe
2.966858037662579,24.22043360962956,14.455187947428103,0.14223734245958156,0.29952331435668184,1.8348859032781213,595.5392792600805,40.697711994102235,3.3253843419675473,22.96939436080167,51.70306840618963,58.75036666909738,3.075558892970498,68.4631226796102,22.521392633800904,0.08841847855411358,0.046077321642297865,46.2,pompe
2.2283019978255703,22.29086097541355,14.10819558072694,0.1338661362507823,0.30446108156934776,1.873330734582499,611.2976925831565,40.266845200608294,3.3028521045854395,23.07300040097461,52.002465079918935,58.84293000370443,3.127662080427571,68.71586132772588,22.339185406261542,0.08782634797051482,0.04728125855567403,46.400000000000006,pompe
2.4403822876416195,22.004210446030143,15.055169529759988,0.12184894597160988,0.3038263798761632,1.8990863308659436,597.3490037308138,42.04804451862776,3.2613118018023464,23.09698222009558,51.99189156273949,57.3206581281295,3.0859311345097282,69.77414026148992,22.06177327159638,0.08727344795144429,0.049161690587297364,46.6,pompe
2.613246232355012,22.452364838839173,14.813253849082427,0.1181577428626741,0.29806452104417575,1.8924305420607852,578.7096739418172,40.41041838124382,3.148714908480706,23.058498478325635,52.116513083417956,57.54547559778223,3.147331885041473,69.29834663374211,22.061031775874586,0.08893217223541157,0.04934965770228588,46.800000000000004,pompe
2.0305923754412616,23.25507206681178,15.11138733965394,0.11451194925483386,0.2953459044813529,1.8730081228272766,564.2549704030215,38.84521618452717,3.0320396310472146,23.119374926272627,52.93077476363836,56.8945856362525,3.149147001193911,68.49718650916735,21.882426694381174,0.08858529952364012,0.05047378214641658,47.0,pompe
3.0081893481494113,24.257075645671456,15.035909929804909,0.10939144032553863,0.28682575067282734,1.9076584633642244,575.9510552001511,38.288279837659275,3.1490387339904267,23.22846506951475,52.680350388219765,56.700919609837136,3.158916401318212,67.89063885345848,22.13971295859052,0.0903071184492899,0.051211954627688745,47.2,pompe
2.3990881605653067,26.47536272332305,15.26736085372941,0.10657291424315177,0.2963114581435211,1.9660492407006434,568.9284572219519,37.44554887194905,3.123828584076258,23.284893138959195,51.69879425244305,55.58810896106862,3.1112464641945623,67.18086482127312,21.860442100510287,0.09255782049705523,0.05145033870349298,47.400000000000006,pompe
2.5182056452434343,24.469352418675147,15.117536313391087,0.10652142630971782,0.29985084830971315,1.9663736836519075,569.2826710961369,38.85972668087426,3.0825568076849574,23.28500075935102,51.55096297292241,55.71101351414898,3.0948041754140556,67.32811499609602,21.35348497130183,0.0915702865882475,0.05172302667053198,47.6,pompe
2.588851965012632,23.50242981151105,15.116956060973017,0.10444075862242191,0.3054254023865549,1.9888636269190345,573.2925625572395,37.398602724255646,3.0826827808973434,23.34073190429874,52.126421477234715,56.3006106656656,3.1093063927979685,67.41397129929697,21.338135468605092,0.09477345354708774,0.051423483293863634,47.800000000000004,pompe
1.9320805189949704,23.543436171656104,15.495745944960213,0.0991403291630102,0.30441957274886033,2.0118990745002967,538.0770356149251,36.307024937430405,3.0324569448642764,23.36932829254392,53.09684845074781,55.44216570170846,3.0649151404227037,65.26854893752675,21.115324790334633,0.09494484251151515,0.05129753233876889,48.0,pompe
3.012378950296578,24.33279643292261,15.634468214528843,0.09568305428414904,0.31095400196847117,2.0373238968916096,524.3150272039796,33.8184238118193,2.960109192276196,23.438612384664435,54.71018418491867,55.54809420372143,3.023638894909755,64.43806223922603,21.18763286406549,0.09226853209251996,0.05238605825866565,48.2,pompe
2.4112919327803017,24.781247515192376,15.58095492571676,0.09555933448444714,0.3115530711340886,2.0357376028070897,548.931493953075,32.706694358568605,2.968470031794586,23.339112738003173,55.61539013667046,56.715909520212556,3.015074755639472,65.13281541484331,21.262073481452685,0.0919775521444203,0.05349085052111288,48.400000000000006,pompe
2.473713027009506,23.719627967111673,16.497738747719392,0.09687570119606803,0.3060746495915284,2.035818535873822,537.3750150594043,32.598205094860745,2.8617081604569288,23.389596434867606,56.13198138388677,56.70520676012445,3.046491392699644,65.06688335612074,21.115911469865758,0.09101839192604651,0.05518039413392608,48.6,pompe
2.522301663154645,23.953707222758226,16.503046737458085,0.09119367420248398,0.3013767705144337,2.1128647845813937,538.1863640972197,30.968457358676673,2.839991677655918,23.411290067077523,58.74787896708456,56.980396563450995,3.021063557720822,66.52126114099472,20.516150894809012,0.09222430126697725,0.058144826788574376,48.800000000000004,pompe
1.911095752823741,21.61619450995014,16.27672535705173,0.09408673939621014,0.3033434989090048,2.1064578337104503,526.2056675870326,29.759508003694204,2.821229810005547,23.510901025551224,59.526960899263536,57.38992347273331,2.9576400983517503,65.5510517444273,20.581270531286656,0.09047757704526296,0.05828663462081321,49.0,pompe
2.961030135032541,20.074279167963834,15.562433409164255,0.09173088471249584,0.3062132326297751,2.1721212758440256,532.7117249047371,29.116550405151646,2.731906898319014,23.4816854386373,59.06088804373445,57.76637108481175,2.9614968017078342,63.94216463941142,20.283027065313423,0.09394998680020049,0.058828357861693104,49.2,pompe
2.2243613029582576,22.772161049632718,15.541651039504208,0.09101466371528984,0.3083605151354271,2.1830026299169627,520.2058808020246,30.111626158410235,2.752256951517725,23.553022184233257,59.46173722137187,57.05465378470038,3.002991916232232,63.44897279090965,20.279036718054524,0.09156723098921143,0.056645772361907175,49.400000000000006,pompe
2.3907857237444734,21.566507778314406,14.285328218746209,0.09081859374127468,0.32270989329244426,2.2632350904837177,514.4448547590495,29.36858004719046,2.7642963826791966,23.637872347454103,59.12911023183416,57.145160697539914,3.005152101301911,64.15554347600431,20.161663647449256,0.09233537565671693,0.058867646295461956,49.6,pompe
2.566868403700429,21.957090369033732,15.50056599166718,0.0876042996786772,0.33394025876527816,2.3113464520590434,559.3516621192014,27.684891604350156,2.6776486871085208,23.68456645603054,59.387237772767335,58.72752147974844,2.96816648308031,65.18007670915513,20.397844644226883,0.09486452518675047,0.05808141433688919,49.800000000000004,pompe
2.033573271653975,23.311292022943427,15.96822691043193,0.08635024969638959,0.3348562424306556,2.3348496124225115,566.6444486389361,26.98086304722959,2.587438825017979,23.662452660517655,58.73217183121765,58.96178627962567,2.9570613212325005,65.59712441911024,20.453641104145103,0.094633914987338,0.06049801123582737,50.0,pompe
3.02890391731803,22.48190968718437,16.380880688915923,0.07899467424638772,0.3281977978402333,2.4028060607719377,538.3907651112322,27.087932849262817,2.63775731360353,23.677546000996166,58.90634846612835,59.911971103131265,2.928588782050512,66.5922397261992,20.18834336050188,0.09472222549196523,0.05990512580618347,50.2,pompe
2.3915589451777355,23.860142029738448,16.27831791392991,0.07377410149049288,0.31953722676164165,2.4453924682186856,563.2538064382937,26.62207923727228,2.572460612606017,23.74722907897188,58.660447047759554,59.67109123713565,2.881200280243731,68.10056623359489,19.431456898848868,0.09748833862569546,0.0597535562053584,50.400000000000006,pompe
2.480083482802165,25.88819075128423,15.834755907706475,0.07040559505799195,0.3178003208860493,2.4880711942741875,554.0698162867352,24.766383851707694,2.483220357225393,23.84928938490437,58.66340560618278,60.09405289732819,2.861348150794917,67.72871836171802,19.795951150669012,0.09809305523932535,0.059615357242848624,50.6,pompe
2.6307105262996657,24.617691832383034,15.549638569137791,0.06890908559586897,0.3169790719550658,2.523725126401399,583.4849197260427,24.294263649721735,2.3144525694507814,23.8986027049585,58.637293385176214,60.191351763907825,2.8610818430082556,67.94031122138433,19.702729785670215,0.10044893466145945,0.059344472565242924,50.800000000000004,pompe
1.9448480708385965,28.72132152660646,15.168584852957604,0.0676672897020638,0.3057244587600371,2.552757900617015,566.3883993210649,23.316240690109783,2.3331883346551807,23.961289959394236,59.030340734298264,58.836828264230434,2.922673246535737,67.09444645510679,20.03203488929992,0.1037585668922713,0.0605613989770539,51.0,pompe
2.9368056137799208,28.466459701142917,15.07158020602496,0.0662772739534458,0.3032357479369853,2.4839259153212514,581.0499130841137,22.60588499135331,2.270002238336625,23.965353981286416,59.25748035958847,58.20110618038827,2.82536647566704,67.70662550317402,20.091804321784025,0.10423176285884951,0.05945332463602715,51.2,pompe
2.304137538274305,26.03792914651144,14.611084258005711,0.06309041997932911,0.30822887448353203,2.4906845736768863,571.4872604069851,23.22478444644254,2.2526953567074144,24.020399825852387,58.90592577563145,57.7997998835556,2.73420679318829,68.8215359055766,20.132527238876317,0.10473825562275302,0.05969500055931759,51.400000000000006,pompe
2.47374798275524,23.625303612150645,14.40269030343467,0.05921609938905963,0.31984787905602896,2.553213914338343,536.1103064065819,21.67509195104133,2.2100530454172342,24.02996236074521,57.811632259107725,59.39254532812446,2.736741694388952,69.48852249818624,19.865832471937082,0.10737939499888953,0.05961887342680236,51.6,pompe
2.5487407114826266,24.19412116954738,13.512183458995953,0.06141910744745737,0.3202357100825136,2.636205031851947,518.3113626768722,20.56267029536827,2.11385101765459,24.07117887024304,57.810383597623336,59.092088093194015,2.6906775518666612,68.55946580397017,19.773391320504576,0.10723114142173971,0.0591572596765735,51.800000000000004,pompe
2.027424149376097,23.86308859286164,14.463225581111095,0.058933666451224484,0.3210886332849185,2.656894921294373,492.67090043640894,20.806327061330595,2.066567827730318,24.13539867702706,57.177602377142094,59.0363210604823,2.6506174866409036,69.96752436598688,19.777047741090435,0.10908297538805778,0.061428830618908824,52.0,pompe
3.089469033442585,24.54620107800013,13.697219624841733,0.05621547797296302,0.3130334738313266,2.714876621531127,492.41443479115287,19.459981764755057,2.01458759393704,24.073684904447695,57.0869832233406,57.81905522575016,2.6607492849095142,70.58818272664774,20.21065471505346,0.11213250931364278,0.06129489982218778,52.2,pompe
2.4713087885723173,22.64918884822589,13.284832543661414,0.05567940816593076,0.2973810315282829,2.7351823709613914,476.55548864789574,18.975497874774042,1.9234265817694634,24.11516568681533,57.05230229847662,59.00035062717497,2.6520891027284716,70.1328655612808,20.062926500023796,0.10973200607651465,0.06228520100447947,52.400000000000006,pompe
2.59532666382336,25.65856682898253,13.05227767612327,0.053949550985024755,0.292739374909547,2.766210399882483,478.9314862724904,18.429778554820636,1.9268105951160959,24.09719661830066,57.76280614894544,59.513040828306536,2.642779544227221,70.11576770075257,20.646474797903462,0.10861721982530038,0.0631073622266107,52.6,pompe
2.613561019409212,27.97138375732047,13.791382143778948,0.05149437137529121,0.295285505649558,2.799012200585509,469.77544918794405,18.307667526551093,1.8996810507606579,24.12458174053059,57.678078915117226,59.942710126515024,2.6420496286737767,70.4530920018661,20.38701039869443,0.11366595454690732,0.06203932124707057,52.800000000000004,pompe
2.012086194275325,27.16194940944915,15.163095560011557,0.04874905836879564,0.28961017353470536,2.770929962517111,471.3011893041173,17.135129712806506,1.8344106453883953,24.022627231009718,57.812521515478764,59.62777033999017,2.5809049667139488,71.77359752614338,19.950878037181376,0.1165554601971242,0.06147561930553523,53.0,pompe
3.098063591279401,27.851337670250462,14.676762898055593,0.046127805912184065,0.29270320933690663,2.7777293168202304,466.60522161405714,17.285063165460333,1.759731099776134,24.04158233920927,58.505254021068886,60.364392451276764,2.566877459862375,71.77219669478612,19.41106589731535,0.11464796954333777,0.062307106820669846,53.2,pompe
2.4112701366917055,27.736091173912094,15.588196439533906,0.0432180531767943,0.2902719254729903,2.807089375922137,455.32493760420317,17.5087869415377,1.75196176089915,24.07014623517675,59.87526547759019,59.24758591482324,2.558179188637206,72.40440057953711,19.096750608314167,0.11624910599692581,0.06117894232980802,53.400000000000006,pompe
2.554422817456607,28.994249921036936,15.961635158405727,0.03951890346565737,0.2831641246697242,2.8552013460158614,453.03922669094277,15.808796165392394,1.75596682059714,24.08819198479922,59.16001920700721,60.13419505125023,2.526604155379049,72.02125994574743,19.112478382274844,0.12178132644337544,0.06383159057171403,53.6,pompe
2.6462856647128064,29.35105980105069,16.737678497530545,0.03693398247787214,0.28637485555502734,2.8366048959020627,454.34455488688934,15.307989913443468,1.7295833915388519,24.104794107438764,56.713225737802404,60.36909271405043,2.540155295746596,72.74455956824104,19.00982260259621,0.127097580058463,0.0646524441079326,53.800000000000004,pompe
2.037862827990236,30.68030113150556,17.196848831869584,0.03497558546858852,0.2702533552125615,2.8315048321028926,461.1401954487486,14.789678183564847,1.7151050963529377,24.123259703379304,57.65381079620497,60.21928875729983,2.547777885369418,73.52470555178635,19.32070416773796,0.12309251064912752,0.06437040541281666,54.0,pompe
3.0833318252016544,32.80321116708722,17.585695822429972,0.03386142951623988,0.27399441107161676,2.8935613801004862,454.1152759667354,14.576440225307303,1.7159999324608393,24.23722652968978,58.17927832478532,60.34284844758359,2.537528191177048,74.35456899753157,19.21351587873383,0.12432338501682731,0.06321843347352064,54.2,pompe
2.5003376528689003,30.47505344835579,17.49126294689973,0.03325391522038898,0.28556512251146154,2.88944798244241,443.44072062225,14.008858369100281,1.7344790528875327,24.095659396385177,57.34789582229652,62.685229688485094,2.5492878660650704,73.54306733542327,19.125930550686746,0.12522662349534727,0.06478536040166753,54.400000000000006,pompe
2.6895314941586532,30.69107256263549,17.26329127668672,0.033491144815035276,0.2801837946932016,2.8551386689739697,420.40103543634734,13.11456566346138,1.6525496858103987,24.04056124801158,57.53885439019556,61.7714810444889,2.4355330899553196,72.8109583872204,18.928818732512415,0.12429511542490043,0.06739821504421728,54.6,pompe
2.691660433333726,31.78113514503747,17.450065923688626,0.03272348234059447,0.2740677671257347,2.8704416576948684,409.3714090849878,12.921113435717524,1.5953472658463126,23.993341642106518,58.25832281724715,62.21779818419262,2.4131805740484147,73.25080833230847,18.831954585452443,0.12264415270202275,0.0678668455250238,54.800000000000004,pompe
2.0091937053180247,29.780831134435303,16.451421182164406,0.031605546184675315,0.2766555663300566,2.8526880582042726,435.5307758640795,12.984903765786083,1.5941012400976948,24.038695799010107,59.67027846257079,61.65727298420961,2.324054442934147,73.1144941405918,18.898337714352824,0.12378070040150149,0.06863830550131204,55.0,pompe
3.0827393265069225,29.890837632342716,17.25445153326208,0.029884530625336126,0.26903250063754197,2.9542389739100647,434.18311167555856,12.528746387827645,1.5258410087922072,24.010244940472305,59.045361475694776,60.69436943249529,2.2706686912947744,73.21433277881711,18.673123144850138,0.12760742060917923,0.06944391859686717,55.2,pompe
2.4275077324549192,28.43354309734184,17.343805706940227,0.02963423617013486,0.2724665538836268,2.966014732349365,444.3184861055985,12.286512179118954,1.5062687200463898,23.989970068534372,57.56943505714685,61.00939581892787,2.2859693111345516,74.08504893194349,18.70463637474628,0.1272996193799976,0.06854348360310199,55.400000000000006,pompe
2.5593715903304814,28.716565815414633,17.05895429145775,0.030200161277404818,0.2662143847979099,2.9521821520426217,461.5943554966882,12.342984734143352,1.4484345305321629,24.013389604630596,57.637657876962244,58.89768737873028,2.2513231582758095,74.33161713652322,18.54066619048569,0.12870067822640746,0.07064382202636676,55.6,pompe
2.611081522086925,26.77460264495095,17.468953705125134,0.029204265204555983,0.2643931313801902,2.953296516275311,487.4935015131213,11.39153280037828,1.3925312129364993,24.024529060583035,56.98503518316297,59.7091804304194,2.269238922905484,74.57248606585132,18.39942105212594,0.1290486974452559,0.07081363913060909,55.800000000000004,pompe
1.9805195767843424,26.222333327684126,17.768342242700662,0.029378175862837808,0.2563263995710949,2.9146354552021685,462.3703143111025,11.486452150530024,1.3599371381704133,24.06809291889885,55.853545929537916,61.24624954757825,2.2438849413228548,75.01987873308926,18.538055611586763,0.1268933369907656,0.07028559446879164,56.0,pompe
3.0086839587479233,30.15847422907771,18.087751871962237,0.030487195935164288,0.26247512293644853,2.94979857226424,447.58312373651745,11.646991332521281,1.2729859213905546,24.16571735314979,55.959180778438736,59.19580901474754,2.2269771170471526,75.96109296446532,18.405170628060624,0.12957879919366377,0.06928297099344437,56.2,pompe
2.266322338076685,29.732757289129665,18.276386715690986,0.029458247297645776,0.2689026860782732,2.921511326342186,448.6961439780575,11.476600281899932,1.1863474642255518,24.10272807162028,55.923250891450344,60.887160194083684,2.2377212338153196,74.50728674618999,17.579649347839677,0.13237435526472144,0.06946581299002356,56.400000000000006,pompe
2.4653513802930376,27.91329828320188,18.711890864815032,0.029734750308349614,0.2653133443595557,2.916246705089135,446.3565607198699,11.470578994557007,1.144111642761296,24.16351081054866,55.53301382000959,59.90340515468051,2.291208207674772,74.19336208361675,17.383381667541343,0.13284577765393363,0.0699108196149032,56.6,pompe
2.536760255680802,27.540754745753905,18.768497112770273,0.029286781977710216,0.25080213974169124,3.032662856187964,441.961177478631,11.475932496245436,1.0677227972603704,24.145753434565343,54.9912315876708,61.19036425286742,2.2663001902450364,75.24153683805037,17.17656175382663,0.13216037589505986,0.06986270890652137,56.800000000000004,pompe
2.002495572054682,24.569592853055642,17.775833765304537,0.026692381484781372,0.2439464199928243,3.003755187224728,420.5062556477116,11.046993879595329,0.9782153958223333,24.097499707403344,55.843101223555244,61.61879653802512,2.26501514086834,74.53627691544831,16.78237930051705,0.12944058471901476,0.0701082084718282,57.0,pompe
3.0566813955260166,25.45301078207347,18.322833356370197,0.025427214378304322,0.24325990930404867,3.000949626104257,415.6212256405639,11.502808876999506,0.8972766966953919,24.087035371169378,56.71394164645936,60.516457727665475,2.2385948733413,74.31642294819109,16.70332720712963,0.12548982580679724,0.07134888039669282,57.2,pompe
2.4352466809337256,26.00973548635932,17.666374896560143,0.024962571317340733,0.23758931599353453,2.997483090381094,437.72491540701327,11.335792617956313,0.830998631589905,24.098002830848607,55.6698015192427,59.65184542813,2.2007669729404116,74.18443355796754,16.89806256055761,0.1277185930853741,0.07248601466463171,57.400000000000006,pompe
2.4760129467833836,24.971161727654582,17.959156331271167,0.023874737774466775,0.23530916199690713,3.035108893231775,430.97650207475755,11.223246214654727,0.8212097662888573,24.094070913797168,56.5731327823734,60.20071131567922,2.151329192663189,73.39823980003725,16.70185303753465,0.12586836555155426,0.0726274085240619,57.6,pompe
2.6003487302595474,26.458760355990957,18.250949234643056,0.022987078232038882,0.22380383207747911,3.052417234800507,428.590458029603,11.093494008643377,0.8199066202018825,24.16495967970416,57.19217823966392,59.529393186416215,2.1302778671952796,73.61844105744075,16.52315115859884,0.12784940996627236,0.07349286037475321,57.800000000000004,pompe
1.9144268820831392,27.9396276062641,18.40387753449882,0.021118424502176047,0.22278685433899342,3.0802518865130044,437.23034358068986,10.811452610283872,0.7938923209799841,24.178550211593713,56.21137280046845,58.51305299671789,2.1564105733515677,75.12454782469264,16.590028805422623,0.13271399936487127,0.07551457755591638,58.0,pompe
2.9800077571382726,26.146015501969853,19.984126617822273,0.02107769484558213,0.22010115042356987,3.0558006155796695,437.5060768129628,10.167018908607597,0.765865181076645,24.132202418428143,56.53046680290236,58.21036487914784,2.1423828447785644,74.67379326161087,16.552563674427493,0.1389355664830504,0.0781491688645172,58.2,pompe
2.3548285724867437,25.930245352726196,20.760842483889057,0.02149925950084238,0.21529387611592615,3.063558515166915,413.9023901054838,10.349865121752055,0.7617673573876027,24.14167623522529,54.99458544693093,58.793130398959896,2.1102831452572794,74.31960991878242,16.694892267024684,0.14019589803295693,0.07755277959266112,58.400000000000006,pompe
2.4400637270732903,25.80743580817457,20.36289349843119,0.020206331480811843,0.21296266758621676,3.093811162358602,409.2573500677023,9.818527161537908,0.7363479974386552,23.995261609967255,54.73142650337751,58.41385471729688,2.1083959992602197,75.19983495966822,16.952599208855474,0.13842756911390214,0.07882250686146909,58.6,pompe
2.5494800195827683,23.26753279000916,22.1553130373573,0.018763756030686033,0.21423319092453316,3.12667384962699,409.6157458039087,9.57473499589777,0.7076717976838056,23.912618895392967,54.76683066697504,58.08497099453939,2.08320613392673,75.95259373745644,17.205702886671784,0.13781251532098046,0.08045053969068458,58.800000000000004,pompe
1.9411268767691852,22.011271486600226,21.77281032972644,0.018165357123589312,0.210167609601354,3.1618146474909983,409.48148723349414,9.062050064100406,0.6392425151614671,23.936214967295875,54.27365458887672,58.43457561224944,2.0991360465131086,74.98763667373673,16.892390087086213,0.1435171820287524,0.08132448221835695,59.0,pompe
2.952692889803357,20.682965001451603,21.134775432647075,0.017023094118724588,0.21361840434595025,3.128743837789535,418.9240762507386,8.883667854968264,0.5821424426784672,23.914148820981115,52.54463044280365,58.45418646852342,2.08819407424514,76.15045247952811,16.491093337525943,0.14770998664164642,0.08306194953856753,59.2,pompe
2.394184153618766,20.619327227786176,21.956025667917345,0.01579049948626956,0.21628442948886917,3.09682334323699,398.02431065932,8.561088657759477,0.5410980788701674,23.87118427810114,52.99605535738533,57.164680786094515,2.023407451086562,77.88070649055346,16.722670339142727,0.14469824887399052,0.08329005550369174,59.400000000000006,pompe
2.5591230887310044,20.973801721552316,21.916275851430278,0.016086996012090536,0.2119905086484125,3.1098632065217897,395.17897856920007,8.466117727604999,0.49566523356596986,23.8756192204669,53.23076901046101,56.48313268134303,2.039685976510642,77.17663430360274,16.71028650105741,0.1441765973797055,0.08419639161406207,59.6,pompe
2.510837801648285,21.907977111183975,21.08675151363169,0.016463922790425033,0.20896851383623216,3.118026257764247,413.3373874061061,8.375333839037914,0.4691913909321379,23.878157960300253,53.76659832641602,56.65572171091025,2.0572973534592625,76.78571277057813,16.53455880566693,0.1425504277064774,0.08461361655061916,59.800000000000004,pompe
1.8965642025718874,22.623742930128127,22.22515013193011,0.01555052539543211,0.20481624218046407,3.049533641227475,433.7503097320013,8.424979581839654,0.4341948606556574,23.807108313514714,54.0145010539451,57.16062351809936,2.0444917344876257,78.2144251955026,17.102430998020804,0.13997652791115248,0.08292635606674005,60.0,pompe
2.900089226803353,24.37756536770443,24.008077293283876,0.014751360929353662,0.20455737958738474,3.0159800102872283,441.4979626145884,8.324965050412075,0.3940990997257966,23.843283769566792,54.13647335001777,57.09020424802185,2.0391159986613054,79.34338156878925,17.533118133250664,0.14222676671721712,0.08464961485023254,60.2,pompe
2.2574649797801043,23.342018089529518,24.56132590896473,0.014529619463822837,0.19740798896590064,3.009095502687324,437.7748955679454,8.202822950935532,0.3709762580850372,23.874093627319315,55.41918786279627,57.3992972602469,2.0357593168656987,78.63005588926671,17.58825001800276,0.14266531715028685,0.08231864874699299,60.400000000000006,pompe
2.3729784338791,22.71755823603599,24.818504875347227,0.014463519425394738,0.1941426826516704,3.0447376451493358,432.91376522274743,7.59424973036793,0.3304351122894578,23.93618581237767,54.4674771169199,57.592552036875034,2.0739633535464894,78.11318707996787,17.644438439578632,0.1389369625050849,0.08557820488226874,60.6,pompe
2.483386808273574,22.596060096399167,26.143034469049148,0.0145033749504622,0.18967651168320662,3.0194495352989286,435.956657234097,7.503300777329249,0.27816854641706795,23.936703537673978,53.71339348951345,58.96284226512877,2.0730499210502233,77.46041614513814,17.54148174487312,0.13356213200934283,0.08370068770432372,60.800000000000004,pompe
1.945153290091801,25.316487999895358,26.73796823280443,0.01414770035789005,0.18717169542319273,2.977816262359148,457.97700373891183,7.5059994202751685,0.2555063778700214,24.01527780985821,52.82072580924853,58.541357376176464,2.048729170388532,77.66675047883503,17.596763767607133,0.14318221828697503,0.08190539933245537,61.0,pompe
2.9838482991955497,25.823705494968696,26.514807258282303,0.013903773090853151,0.18217580665530436,2.993137270294793,461.526412353883,7.617531457894525,0.22531727346771466,24.09948253689013,53.842418071827545,58.69598674136224,2.0111878326268005,77.31988199500032,17.615984529725118,0.1443262957172354,0.08122921698579941,61.2,pompe
2.272252328797886,24.080074188523493,24.426976178712955,0.013492781526282973,0.17563309158424134,2.9492352451525012,453.8724862523255,7.384758085665938,0.19430442442141535,24.14828052875645,53.8142437303684,58.45078395557249,2.020360643287954,76.86106178809025,17.506963366515848,0.14855240561202357,0.08303972451788018,61.400000000000006,pompe
2.4420531311343767,25.06163239563626,22.183167888777604,0.013876766263551825,0.17655004772887395,3.0118583680332938,455.886447317361,7.4635391127645425,0.16054726242374337,24.175395303967356,53.972200415914806,59.233221290545096,1.972444381426928,76.5823850466482,18.074307467908746,0.1467650035469461,0.08277413810331395,61.6,pompe
2.4925653091077806,25.269126993097096,21.37857404856596,0.013491241860544618,0.1793029013785464,2.983051543320404,462.8625477987019,7.692484511826526,0.13211509810717512,24.19061037673965,56.76552383628379,60.1751294525918,1.9758879690683682,75.97390298318872,18.13364112917605,0.15180706047841508,0.08617706350371063,61.800000000000004,pompe
1.9788059205373107,26.109235914166455,20.155494300964275,0.013443650659234647,0.17374865795517527,2.913591456533542,463.0782375951317,7.855951732387169,0.10393842923899614,24.226470893337638,57.55564679745383,59.47876279112098,1.9679560481184701,74.73671122245023,17.738949217699428,0.15462249711989148,0.08491562298528856,62.0,pompe
3.0384137778068037,27.325562866149667,19.606785423010678,0.01344690077247019,0.17057672621136005,2.8277446455632247,461.9177628823375,7.818869170053287,0.0732726714160418,24.342656108782975,56.77005294905973,59.87729837051911,1.936867185976462,75.93418596686568,17.901908058578485,0.1561928993919597,0.08331158252923405,62.2,pompe
2.3239186442956608,28.51137078467912,21.268980056418904,0.013396187949075064,0.16657986236604436,2.853893097337548,490.3731274831941,7.922973147453694,0.04722059576454558,24.311036467282044,57.121817633271476,60.46478140717429,1.9425440319772347,75.4224286649862,17.804153750494912,0.15992061707972477,0.08572952290702285,62.400000000000006,pompe
2.530442924465376,31.018111729978056,21.42234702471397,0.012965700838647355,0.17109650272076357,2.898963190849618,474.88222013931943,7.7689901152352165,0.02169269436794618,24.315685695302346,57.48393787640159,61.42404953125157,1.9576754317060665,77.04178935402662,17.44609769285026,0.1610427628563827,0.08723110474259071,62.6,pompe
2.5225344307484296,29.521374766818646,20.71260657282378,0.012702898000949996,0.17682242245413018,3.0143044601574176,461.8920169176366,7.943931005872592,0.0,24.34790546094544,58.17335636972654,61.75952761791105,1.9975878334545758,78.4536222692827,17.303481737117853,0.1641585444054083,0.08915304945959812,62.800000000000004,pompe
1.9356462431639012,30.987351802370487,20.95397361823742,0.012527403963196493,0.1766594155557019,2.915865958336072,458.112370242798,7.8366915289362975,0.0,24.434596387467185,58.94628097568421,61.824976961941104,1.9771790773597333,79.0409755330707,17.643757206187317,0.1613856359872403,0.08931306065998676,63.0,pompe
3.004577407869219,27.387618489491423,20.994218267127067,0.012073041525143706,0.17548789772946669,2.8986879959311307,457.12023622457446,8.310348672065242,0.0,24.45827471834507,60.91983992391547,61.456932752083794,2.0208443211312224,79.30781731235804,18.178125366204114,0.164357673814784,0.0900976005664596,63.2,pompe
2.3453749242144863,26.27323912483965,21.07198087002423,0.012213272234818814,0.17479381061333804,2.891149035864761,451.38554995377973,8.563315274009664,0.0,24.42935106528294,60.742674786042635,61.857340080161045,2.057386243157544,80.79461016267592,17.98080597565153,0.16361890279931499,0.08840842615687187,63.400000000000006,pompe
2.452850730347488,28.32216589562972,19.751339715143764,0.01126964102180244,0.17094715719515427,2.914906513274207,456.3219617433593,8.676819346371305,0.0,24.339620693809803,62.086390290142255,61.68539901609606,2.0721679886924664,79.62420645940509,18.088738333388402,0.16471450592841105,0.09089018187161885,63.6,pompe
2.4630813260271616,28.00981059853638,18.88344634785598,0.01123866539265908,0.17331412325709805,2.9911603773242534,447.14549754338395,8.901468486066001,0.0,24.257730060961276,62.96062100852466,62.57118647456173,2.059352604528406,78.59997010725269,18.424888668526744,0.16056765680953733,0.09068656787721674,63.800000000000004,pompe
1.8704393830706552,28.756513295427776,18.448523661496914,0.010730496523626948,0.17305777425515212,3.053700383666799,472.7285844943269,8.527810217239185,0.0,24.204411295764952,64.18558904485239,61.878171184408004,2.0351257289843465,78.2573024722584,18.511355639056628,0.16196424479849375,0.09183456784080453,64.0,pompe
2.9168586697164356,26.281467963594327,19.177002338416933,0.01048476903917693,0.17696821412558006,3.0231422335783384,450.00337643508453,8.515119299035709,0.0,24.223786705798453,64.36735663223837,61.25001921626388,2.078071059184041,77.46095800892633,18.434764792741692,0.16426834112484773,0.08826206393185089,64.2,pompe
2.367453957422348,26.976581690484366,19.999977343521234,0.010475838686429706,0.17566922378898273,2.974614939964461,445.57141549002097,8.293740222827541,0.0,24.27364392776896,66.00806909425718,61.6504004952928,2.0981761808141144,77.4378356395107,18.421854349066074,0.1662499268227237,0.08767268804279692,64.4,pompe
2.4979058015117186,25.151863674996648,19.254410457989007,0.01049658329786942,0.17852971223630662,2.9311912290405133,450.9689026823243,8.195865148408155,0.0,24.355904217726646,67.0730732271158,62.40395605856212,2.1467133795904942,76.99067564201677,18.285246100805626,0.163809414024646,0.0873441382709919,64.60000000000001,pompe
2.4546669207124534,24.624846900775484,18.7979576731758,0.010574315902566396,0.17927295274170757,2.908870138657888,455.4980111279773,8.395141722108589,0.0,24.33537607212836,65.44207976844483,61.584540205808416,2.1193221626468866,77.34316108596043,18.16032152587413,0.16217859319188282,0.08515734663794625,64.8,pompe
1.8756654982118826,24.952174496215736,19.14751722785023,0.010356363893095452,0.1725302137223302,2.8860260864328158,447.8891058887249,8.33611107977244,0.0,24.4202854880922,66.50732453143966,60.86160385136314,2.1327864868987403,78.28026590407154,18.070628605852058,0.16553268029169071,0.08503014754423148,65.0,pompe
2.862867531170507,25.199799765982664,19.339482762891276,0.010054506399569495,0.17174160805342598,2.857937034150208,452.6656594344639,8.364572048509954,0.0,24.44548562467329,65.82906436868178,60.22514538830482,2.064527996626274,79.14034457478967,17.885803605953942,0.16623790942299818,0.08590628763485668,65.2,pompe
2.280936667272153,23.448698284761207,19.288478608650408,0.010461907128244673,0.1778077760789287,2.917694684417096,454.1757298242565,8.182797883291206,0.0,24.44349464008651,66.67273769228937,59.80502604320837,2.054243024056845,79.57016968772824,18.052011413332703,0.16829209345107013,0.08496629399359973,65.4,pompe
2.3503982839995707,25.344951062566608,21.520071434254948,0.010410822038118071,0.1719552241356088,2.886699632645735,457.75775163889784,8.524573896198394,0.0,24.443647154430845,67.19153947730658,60.594935370059034,2.0392649247018957,78.17824582976442,18.30928795714789,0.17280139213475407,0.08498522363715491,65.60000000000001,pompe
2.4920436640299517,24.42963868259468,20.66264449985393,0.010581616729983603,0.17281003937931821,2.920880183225698,473.91604467934536,8.300555949409517,0.0,24.45994461427562,67.02594087468478,61.32340032466546,2.0287528447116103,77.40626753929664,18.430283890580945,0.17365132275915585,0.08694707150248655,65.8,pompe
1.916656001246975,24.819564671214444,20.90650279378689,0.01028868104005134,0.16942061694597743,2.944613599792421,466.95987344964226,8.71209638068962,0.0,24.505476630746276,67.70900422750562,61.33645400916916,1.9893375474444557,77.44708679726509,18.558289476820157,0.1747355619800646,0.08803053290719552,66.0,pompe
2.9921058132816043,23.56333774656346,20.22517226495993,0.010620973030978453,0.17173468286123622,2.9322883880077883,462.8785753298483,8.680291643043374,0.0,24.540894121819505,70.39005123189936,61.579981003838775,2.001925179680256,75.98449961600953,18.540953219235988,0.17977905862834556,0.08898530375307268,66.2,pompe
2.061059984988633,24.33775361027778,21.973101937837,0.009667434201917598,0.17702897012496321,2.798894937354719,471.9638589916948,8.678359762343886,0.0,24.57407384005753,71.81337826463219,61.96795907838112,2.012460858888176,75.84319266430407,18.18714275316802,0.18275124599385276,0.09269655947338726,66.4,pompe
2.3035460794483567,21.576736964385415,20.43783131672109,0.0091774469116688,0.1701645669194687,2.810465544987089,474.33898381150175,8.37062853282937,0.0,24.617628234607682,71.60946457770757,61.90372122222293,1.9554148748646667,75.76459430540447,18.293026587907498,0.18361912162015553,0.09364907547456165,66.60000000000001,pompe
2.447668170859083,21.104104353561908,20.585358598998795,0.009320875522087657,0.16915624948134195,2.835183522454021,469.3345767010019,8.271020976834555,0.0,24.598059857339845,72.30453031821536,62.006305642963284,1.942696469884267,75.69156545609417,18.272184889131964,0.1771375761780516,0.09460673927027222,66.8,pompe
1.8736438445607912,21.964814131748593,19.97026324788691,0.009779597626278575,0.1670865261969941,2.7996277359014528,454.33914594784244,7.94079005159026,0.0,24.683563746226383,73.20991637802149,61.34596205658952,1.9857561373871893,75.60000252408057,18.310318332131768,0.18308933192791044,0.09616067255123847,67.0,pompe
3.0140211576294185,21.989549135472927,19.52690146371468,0.009363982831521449,0.1597013782912032,2.794139564553899,465.94144598246623,8.147150152913152,0.0,24.63568484361139,73.7496648360564,62.268123908591214,1.9923359137121004,76.03497835262307,18.220714373017387,0.18681761186758827,0.0898071053868437,67.2,pompe
2.382868478755102,25.192038800248543,18.176527517580773,0.009088019764418396,0.1590749142603918,2.7791311922660977,476.4847163533769,8.31802845220909,0.0,24.688939485448458,74.08060465187577,65.06009843610727,1.991425788594115,76.4935471171478,17.911851462817125,0.1846694763426906,0.09228313480202159,67.4,pompe
2.4252298424388674,22.167410772403226,18.243951645931872,0.009354991466259361,0.15862783073244457,2.7704340014753916,450.7116304821949,8.48449906747624,0.0,24.60217638389439,75.52980364453738,65.80137623628359,2.0169785783055554,77.34633677165256,18.17443843297714,0.18694440558037484,0.09423073464326336,67.60000000000001,pompe
2.4308771871795027,20.2840001338376,17.619785225136532,0.009116685464879447,0.15941665208607816,2.7944819485421037,461.9072872168935,8.805214441572756,0.0,24.621555344482847,74.98263256891074,65.7069297064159,2.020633762404368,74.14431170293877,18.87789979995943,0.18943149863452777,0.09311892321361914,67.8,pompe
1.955202942868176,19.800073761047397,17.665120039314598,0.008769260620940082,0.16481480541328364,2.797138270342504,461.19503727653216,9.126427310227859,0.0,24.627052940976156,76.41732484177125,68.05375706738297,2.0241243504728446,74.53059396886164,19.023306149128913,0.1951630816783747,0.09201713930671486,68.0,pompe
2.969368904103366,18.043349622462166,16.682196214574642,0.008425853924857145,0.16398278182523426,2.8954258697850035,465.3065674283286,8.916045092603802,0.0,24.71122063576204,77.88456008253488,68.14472941736469,2.006984419575962,75.93256893322474,18.873083634336,0.1969813413347662,0.09695874369050192,68.2,pompe
2.3366977140820797,17.378422783311223,16.907053619703845,0.008110439069192222,0.15832492227144135,2.9396731760351127,476.8106728686929,8.850677339498572,0.0,24.667312940259777,78.02549745203727,67.7003844765512,1.9747372523131106,78.15685441067323,19.093435555119804,0.19961030464183666,0.09903170524092468,68.4,pompe
2.500879780990515,16.96106872290566,17.007351832693864,0.007864626944553995,0.15928079617615862,2.9646839385220987,469.20142902948186,8.54357171033618,0.0,24.667517680829224,76.36858432494779,68.23208386713829,1.99539932877975,81.11552628841311,19.09343580886383,0.19728584148218356,0.09673321507750321,68.60000000000001,pompe
2.5966722421995625,17.1572082827477,16.28131842610816,0.00765229221570155,0.15177939632051293,3.0212400776964037,456.8611771375311,8.554400148028114,0.0,24.645364358845764,76.38630721905878,68.29158493196974,2.003041071865751,82.9497424343217,19.382671619826183,0.2016511481306357,0.10004377723203713,68.8,pompe
2.007433820214653,17.1454285894964,16.939707212615165,0.0077932186095358786,0.153416817575646,2.949713829872734,443.9186944812995,8.501926897499661,0.0,24.651667828613395,77.8638695699137,69.58114517686073,2.0301539081186495,84.55684874693651,19.21540266590648,0.2038774295740195,0.09881074898558001,69.0,pompe
2.9485235603148108,16.787098821408527,17.859371202484063,0.007761379964277916,0.15990946801571884,2.965632493043767,471.38948781518127,8.567514511368715,0.0,24.58613631222781,79.33020252509452,69.18389081839993,2.007174727553332,86.26474102067337,19.618658509709842,0.20914086293199943,0.09813456907263195,69.2,pompe
2.303835161748325,16.843766614201268,18.344550620393132,0.008044267624528631,0.16061710109018942,3.0792773007795224,480.1229983065484,8.526390410504046,0.0,24.690488237667186,81.77708365192954,70.36178603860728,2.0025505585329624,86.24048367499272,19.869150235445076,0.21715843344293573,0.09922209443282483,69.4,pompe
2.4588127571523994,16.86889505849328,17.913092606722273,0.007831846456637386,0.1604890033561585,3.1819026571436417,474.161671908838,8.529058267445233,0.0,24.742216023811423,83.5718208549082,71.97909780823109,2.0025688808459066,87.14479672650009,19.924744437112867,0.2197594294351232,0.1000519092385884,69.60000000000001,pompe
2.5562225674476386,17.002171784497445,18.128332647305466,0.007588514036177612,0.1590045432503301,3.2865968933623946,506.9500190860726,8.230042085775317,0.0,24.70025568206836,83.73028190531726,72.9170462725843,2.01292148546866,87.59323246180581,20.163421957336688,0.2163986082159685,0.09963666093134711,69.8,pompe
1.9422640057080474,15.64243191805387,17.0573533922983,0.007133616548066596,0.16113244980935892,3.306505462107976,512.1803005277287,7.807122246074321,0.0,24.754409542960833,80.94056317296294,74.1890143336696,1.9584846312077695,88.83605598675399,20.017394293338334,0.22155220835677142,0.10716835464561492,70.0,pompe
2.8754528324655886,16.177019329510912,15.580444800122486,0.007096850165391121,0.15976359029356055,3.319463210264543,496.6274632952982,7.980151739864609,0.0,24.841773916172816,80.78231850155596,72.86658221945947,1.9953486548635988,88.99619081166747,20.629324943867505,0.2276954045040394,0.10539349297637936,70.2,pompe
2.2462192466362656,16.390990891513724,16.585491221741513,0.0070632155316447155,0.15977451299134618,3.3127841449098536,492.82518788899114,8.26363488884432,0.0,24.835270992197177,80.45841798474578,72.39384288811866,1.952433132298762,88.35126829192615,21.140136365637638,0.22663375683595008,0.10718769805355738,70.4,pompe
2.2704545650869172,16.874780910767786,16.345477123257105,0.006797747218603047,0.15980185514775067,3.2886721757928985,462.4212726348054,8.443967514860317,0.0,24.83251117863067,79.7091415580297,71.04849155760921,1.9528428231509265,90.53479932082426,21.288006154116946,0.21972557524162373,0.10784733122773171,70.60000000000001,pompe
2.407205377248276,17.64018788559945,16.69329632970578,0.005970709546962495,0.16113944892357168,3.2354003528666713,442.1187508750776,8.366651409867897,0.0,24.750160554625015,80.75617377039461,71.85549055275774,1.948638862438636,89.7339427862085,21.102364097678294,0.22483475545800494,0.10438231265563443,70.8,pompe
1.8881754025684274,17.453393823987334,16.527777018853342,0.005494350805672033,0.1599764081404909,3.276800713486713,423.6614093916897,8.459232719423945,0.0,24.71908777563027,81.97319227984791,69.83901298738066,1.9523841176799108,91.95619301648033,21.60876058674783,0.22680234777671904,0.10380442307992753,71.0,pompe
2.9039214928857464,17.040548479228416,16.841137304386496,0.005225151927583261,0.1620745493550174,3.409659490349124,420.097570862611,8.125111692244433,0.0,24.762886789069427,82.18824026037554,70.75042684135111,1.9330393194018598,93.23827996562443,21.657254464308455,0.22310747616830906,0.10300058454095636,71.2,pompe
2.1966188817302883,19.047041416036407,16.65560086883788,0.005239599164820206,0.15949517680293032,3.3511067845541294,414.50251038507133,8.33310533102615,0.0,24.714855494221116,82.63969504186586,71.3110570138501,1.9706467810349548,93.94475266509245,21.939636233545414,0.22673121552797953,0.10050594383114031,71.4,pompe
2.3070136211263144,17.85152750868821,15.63369989739875,0.005283130969483174,0.1598987864834983,3.3610424665728607,383.7733049746161,8.76548759974935,0.0,24.8279511088918,81.3265054317193,70.62312097961029,1.9076423745057687,94.65625345521276,21.711665424101746,0.22134455840948156,0.09759498923829896,71.60000000000001,pompe
2.478137133549376,18.484559592702066,16.895726780355393,0.005046230565360817,0.16004775461693876,3.2896656266646334,377.54994807506716,8.573862223346348,0.0,24.883918666754063,82.69843156944907,69.92049703481223,1.928115218514476,94.86268157027196,21.714745886149977,0.21787055475535266,0.09651137969582739,71.8,pompe
1.9825141574431722,18.748610092896758,16.948040508882926,0.0048949632007002745,0.16840292353834244,3.3729778210651213,367.60155860223267,8.46350651235989,0.0,24.891476730440118,82.2018333914806,70.42558516693919,1.9607584510017448,93.45998372870827,21.486528107036005,0.21554468964492335,0.09570556559819203,72.0,pompe
3.0928208815659137,19.63064830117893,17.60347035021424,0.004747765992437068,0.16665329769519052,3.292411297708666,372.64378112851443,8.519887389465898,0.0,24.879184860037114,82.32541500317286,70.68077954086682,1.9787700199751186,91.91036631908979,21.799531346639508,0.21549397986610253,0.09361214371340061,72.2,pompe
2.2760177679053024,19.534328591354598,18.705506642172764,0.004942601183066379,0.16731428167066636,3.4161943023629493,369.51083394555684,8.693051936847109,0.0,24.850013618819723,81.85978855037753,68.84509776874799,2.007636853748894,91.39409794902362,21.66444085929509,0.2099257579474944,0.09333080642892219,72.4,pompe
2.5056636454982955,21.73933061418664,17.256684150776074,0.004777967213833959,0.16281958383696205,3.4828154681690324,369.55747513893465,8.454620686424532,0.0,24.822940257836855,83.93304874071924,69.45028242605592,2.019828958044676,88.47354629637532,21.74391231140632,0.21999339552108588,0.09628626351925096,72.60000000000001,pompe
2.4872598252949087,21.23444761465039,16.341119984029408,0.004980864966804188,0.1630593346253334,3.4402631003715616,367.0435796338899,7.8054410678898885,0.0,24.82440466159657,85.1634630550882,67.76169867450201,2.003439956180744,89.99459035580232,21.42315589027469,0.22114116940440065,0.09656481282814287,72.8,pompe
1.9881938448376213,20.841391960428286,16.219247980364244,0.005032854715531257,0.1576436175030582,3.4318532280422023,359.7821033414229,7.763327373794598,0.0,24.854626152203227,84.58000551671417,67.98742741673652,2.0379670770469245,89.2985409836437,21.56500007586282,0.22020316677214397,0.09656533333125324,73.0,pompe
2.9353907613545505,22.257168079826364,15.664696410245568,0.005117206182740889,0.15484080968849137,3.398467071044268,368.9187778609802,7.9656314734501175,0.0,24.896405107188997,84.52326899657281,68.08165025964563,2.0138222142521287,90.69543687679271,21.465449905178698,0.2276383142773776,0.09601443334586536,73.2,pompe
2.298562927698279,23.105668578446064,15.729989913880239,0.004957629390771689,0.154121821026694,3.4580011943440323,359.64851151801594,7.923861826348189,0.0,24.944022968410245,84.68042014297679,69.8533479856772,2.003650779111589,90.69924987280527,21.51599246507994,0.2210059995910124,0.09393979729647134,73.4,pompe
2.4041597386883984,24.323548858750407,15.773610459327646,0.004770099960166434,0.15779366173841183,3.5598030755544317,369.1838958938858,7.721646274994239,0.0,25.044830776074267,85.22448089228162,69.69985075750787,2.0170963902222017,92.23674628419674,21.45201651790243,0.22208070904618732,0.09603320152288708,73.60000000000001,pompe
2.4499281254738414,24.088382692375422,15.101872645891683,0.0045068545202905895,0.15518879760693835,3.594571054696695,363.1011486109526,7.563308059946662,0.0,24.980117492446926,85.98361944436336,70.86113335507152,2.008792657074095,92.29156645778436,21.659538331687916,0.21223180467405728,0.09732232378989483,73.8,pompe
2.0384759316625134,23.693982745813457,15.131595864036264,0.0045352120691910126,0.16038196018517298,3.6616796302238086,339.79811958806124,7.663881090864882,0.0,25.014347474531103,84.9263239811279,71.22321770017847,1.9684223330661532,94.14231894817436,21.483006089623824,0.21260018131288053,0.09559743185056407,74.0,pompe
3.0200097849909953,25.35166991653599,15.301343973999947,0.004351614890477614,0.15568406647667296,3.5451265487525205,325.70632435119865,7.651469483945237,0.0,24.98246170972249,87.00331562306593,70.63734774997836,1.9561646037250469,93.10807653507172,21.872698346844466,0.22283641471661014,0.09203918525095363,74.2,pompe
2.338220123749757,26.970395799992335,14.477337725468082,0.004350916560910329,0.1593694125329816,3.554403515646987,327.82971857873093,8.007335610391637,0.0,24.978438201799968,86.64426163381498,69.87122317635068,1.9761996528116292,91.72496894574454,21.90058381477472,0.22333532638675352,0.09114122170544947,74.4,pompe
2.4760783310252954,30.583161723041076,14.597315271862032,0.004193848531458753,0.16238799990686328,3.5742352703259828,338.0039434021286,8.001378838220317,0.0,24.8784476173964,85.04347663540706,68.27352501624561,1.9803768112228337,90.38606913164871,22.37419146364476,0.22348308361616445,0.09078288303058446,74.60000000000001,pompe
2.5198538300501356,31.178299645468172,14.363056349221386,0.0039620209753914205,0.1661053529768887,3.60168476356706,333.0901001363712,8.09501150917442,0.0,24.89920395971442,84.38475035613382,70.30096376674487,1.95908177737716,92.62056125090709,22.416313611689976,0.22755819012824974,0.09242830917867571,74.8,pompe
1.9812298539379327,29.34920693976254,15.373617431745467,0.0041507441226293455,0.16447427660238637,3.608704220687755,325.6530108780317,7.963019232307984,0.0,24.8427944284928,83.59574700836977,71.93708489274493,1.9697092811764338,95.61475515964071,22.380260492794353,0.22820655416813238,0.09121881500973042,75.0,pompe
3.007631586903727,26.18614946770076,16.079555157677973,0.004113495104695765,0.1635983154063699,3.5882720664190253,315.15373986050736,8.067546539550923,0.0,24.870687648540454,86.22882773311753,73.48281571467051,1.924406125988397,95.23897060206667,22.606971468750277,0.2278463377614727,0.08855427052463087,75.2,pompe
2.3781266263609657,25.984393366617446,17.645072918081823,0.003991513204715859,0.16726596276543956,3.5126668414616553,303.86101694113125,8.164274622772396,0.0,24.81694200014764,86.5200110237147,72.22885606306586,1.9141028448144304,96.62771491138591,22.575235550475043,0.22657753804519515,0.0864927783219974,75.4,pompe
2.4574938229363594,28.246819506097033,17.779340817268327,0.003768489471097326,0.16541521951909408,3.4192060522617047,293.0842391045935,8.405269053169018,0.0,24.921526508913196,86.67153636654977,72.29469584684024,1.9251535268013158,93.52554154622926,22.738320131062718,0.22634086157123492,0.08956999440986677,75.60000000000001,pompe
2.605597063617662,26.218893392343638,18.92118146759326,0.003655518210245083,0.16143208702933604,3.4369477853528596,288.99541308894396,8.694928741789097,0.0,24.932429005530924,87.98666828192077,73.46435420004879,1.9400671287660118,95.63135755533574,23.025975846478154,0.2271970904746109,0.09223480664086109,75.8,pompe
1.9756341101437516,26.00347919426214,20.47672300134529,0.0037984438657374664,0.16074706129142133,3.414377524853769,298.0611341929148,8.787079935617308,0.0,24.913929884824352,88.63523026698637,73.5425500424097,1.917307367243272,96.09789948086944,23.208510362743613,0.22528919942673517,0.09425693736823439,76.0,pompe
3.05477812973786,27.013096004521746,20.214617132505804,0.003824262221720375,0.16037613772795997,3.344918673592577,300.95560251374735,8.714863036416258,0.0,24.99468504529202,89.73842237832203,73.88678731010053,1.9161449982405325,95.104814462938,22.77219789237083,0.22093122050368144,0.09429205475865787,76.2,pompe
2.24748383472972,26.043045340257805,20.013669296318497,0.0037159853383272154,0.15737117057158534,3.330014778582228,312.7110388178321,8.785319576164165,0.0,24.990303011544093,89.95331037565292,73.22573912394162,1.8911902641937741,96.69005889985257,22.744683687624303,0.21559567671567212,0.09433620225189165,76.4,pompe
2.398403925200331,23.10559403809478,19.981842305304816,0.0037563734835671173,0.15832959372622918,3.4708002993983285,320.8625709490372,9.046309416157994,0.0,25.032142425124178,90.39841794830276,74.2845031996332,1.8719409027458005,97.10281730679347,22.647342834689592,0.21753502207058845,0.0931016770034468,76.60000000000001,pompe
2.4705644508500804,23.423653772992026,19.794257364833378,0.003428638408139214,0.15261905601518713,3.4050949193172073,310.6780270448164,9.010968045392017,0.0,25.09127771107053,91.56231374231011,75.45234755848031,1.8821115949879246,97.66278397998717,23.082976302719235,0.2220628526400772,0.09402155148729271,76.80000000000001,pompe
1.9495499105581893,20.464013749895084,19.48734751289207,0.0033205981889502492,0.15598386840977838,3.50679373574518,296.249018734238,9.239516440701552,0.0,25.026766055484284,91.51647089793563,75.22130999679814,1.8380185015248158,98.7966064299046,23.39259075819644,0.22733682083892465,0.09323867713272514,77.0,pompe
2.9754793249789446,20.222943104973005,20.900991093098238,0.0029325378073512664,0.15204684327689366,3.5116021178964663,285.14951523313306,9.01863975804327,0.0,24.98942488246607,91.83735914990218,75.95152820001681,1.8271933806561538,98.48909897227485,23.438878584919152,0.22727268497826897,0.08981076649167895,77.2,pompe
2.358541154445821,19.753073600210914,21.950857315265353,0.002934707961345011,0.1554555999010435,3.4529448882156415,279.76141154224024,8.57582778223069,0.0,25.058925777424058,93.92881052375337,74.88438416303198,1.8110455923700435,98.6860462437522,23.722796636212216,0.21846665970724008,0.08677767475278039,77.4,pompe
2.5028048322503555,17.701232059580494,21.310227924145153,0.0028910148179446017,0.156271466486736,3.4490858509747975,274.53325001821656,8.667717904536419,0.0,25.022133596707235,94.20819163107998,75.36737525817723,1.8484972710698304,100.02334553867098,24.210863649385548,0.21550134468893983,0.08590382178066448,77.60000000000001,pompe
2.5733018035357365,17.565645865253238,20.135423726234915,0.0029649918113099096,0.15874913357950354,3.435267219469916,276.8360479510497,8.611473717723507,0.0,24.94646806077733,94.25495381718008,75.40556741062575,1.8590262607010068,99.4688171567778,23.50926559580673,0.21036015781632528,0.08592626161245802,77.80000000000001,pompe
1.9600668525927023,19.240107671215085,20.464392517346358,0.0029121022878992363,0.15798475110310128,3.5090217491825353,270.0308389615284,8.483656420200713,0.0,25.02518174161866,94.98309749529183,74.78988662957762,1.8511244395728148,100.43668667395735,23.52980490241583,0.2078920575250786,0.08482160752361374,78.0,pompe
3.0001068151774164,18.711054661159547,19.880695454792725,0.00271571042546385,0.1576126990693536,3.5025546195354664,265.2232988617314,8.42759312270275,0.0,25.063907674104303,95.91758786488828,74.64780799142983,1.8320057508490613,99.33263473834914,23.443299475973472,0.20801899799163853,0.08348694464348114,78.2,pompe
2.3528353721800284,17.831392316229756,18.291533788722944,0.0027400293339051593,0.15530294306436299,3.455440700826401,255.09749761530782,8.43096705699819,0.0,25.040763802571593,95.86428413775147,75.82877157486767,1.7830809247375758,102.28769912327716,24.325410790393956,0.19584535428175656,0.0834497815940649,78.4,pompe
2.4349858345651234,17.536226217779276,17.813403218002698,0.0027635936321428333,0.15427614196191447,3.404570291380831,251.56274386233724,8.472063212295584,0.0,24.94819272577598,98.6854351512696,75.27684664802774,1.7751865855802857,102.02476655208446,24.60300264432772,0.20382423569947722,0.08468028300133838,78.60000000000001,pompe
2.453646129846299,16.2633180107107,17.367061415308438,0.002679696700284829,0.14781834483913012,3.459914710019872,242.0386170364703,8.751265291977715,0.0,24.933786199783427,99.48072474918875,74.1441186947128,1.7856018082814467,101.62237411071396,24.34397739310906,0.2025451738455895,0.08394121642534896,78.80000000000001,pompe
1.8477048019461622,17.138365330811254,16.619780949710126,0.002795406842011967,0.14289850449450867,3.5657395012467368,233.2350082758658,8.652914697183185,0.0,24.914068429460816,100.76514878431645,75.75672273944815,1.8097178845455173,101.36206672661571,24.503364874408057,0.19905242876358034,0.0822304223220699,79.0,pompe
2.853073759238235,16.61145902958474,16.70244565143709,0.002552448022748623,0.14216761957936958,3.667416046172876,238.0380151150067,8.410282175226307,0.0,24.939137972468725,97.8847774864767,76.99663604809898,1.7996339811304156,104.19211668641557,24.041463588654995,0.20319363508824492,0.08217054772448769,79.2,pompe
2.2136343984256324,15.528437076524993,17.03427033042601,0.0025617736462175667,0.14737383605106724,3.737343934230202,231.8458642175019,8.078550097466014,0.0,25.02086741207199,97.08381667034959,78.64010252213704,1.8073956884110036,104.96099297481237,24.04341001275813,0.20621598213016054,0.08226574925917549,79.4,pompe
2.3485483633347215,16.11822193898963,16.769566188060786,0.002436337456440478,0.14875962441389254,3.7363328617540077,232.45451325997414,7.885806416790848,0.0,25.1175672980681,99.3381303585375,79.67383450815362,1.792930713739149,104.85352133710676,24.594710814190723,0.2045972665468202,0.08124152966983725,79.60000000000001,pompe
2.569622421137046,16.083571209440624,18.01523526610157,0.0022667529051321905,0.14988218272239295,3.880724513585797,230.1866838164842,7.753463477864918,0.0,25.177865065402074,98.5267433748893,79.665208677017,1.7584847501835166,107.38133444041958,25.07769535108493,0.204468096272579,0.07930638857975851,79.80000000000001,pompe
2.043359231301428,15.827321665527284,16.974348133343508,0.0020811094743122694,0.14711554735873217,3.78400261379227,223.81007266808592,7.812206497390742,0.0,25.197331857390708,97.78825055252878,79.82767868906484,1.7994469720248631,107.18506304301502,25.304546980442332,0.1974547707685186,0.08218639752556575,80.0,pompe
3.0267880629574533,16.699110327453443,16.734748495226597,0.002083724134455942,0.14873237739621534,3.7565558369019105,228.0194057095203,7.574681423330783,0.0,25.174789192635725,98.46398051362823,79.42776195604557,1.7955661088278252,105.95875291625639,25.485540303249067,0.19767996480496605,0.08133038907895142,80.2,pompe
2.3629335329099894,16.945582574163684,16.161825351187783,0.0020306634791208843,0.1448117835421389,3.9208062040698484,232.14691532801754,7.577526630611343,0.0,25.063052162594694,95.35645488537413,79.0971497650015,1.7576290994334263,105.93559438425525,25.651654771029882,0.20182485161553004,0.07942082224950917,80.4,pompe
2.501387946586597,16.939482765514217,16.32062685597453,0.0019508985234760548,0.14876205114586893,3.915995927303826,240.8709389633386,7.338859355781325,0.0,25.059144484941807,95.16407448889933,79.8653875850616,1.7456115634153513,102.5310018867056,24.713872936484695,0.2076590888804554,0.08176649678978964,80.60000000000001,pompe
2.693155224269198,16.93328409042407,15.305036129520897,0.0018812433651448162,0.14818470136881162,3.8487156899472788,249.12592568490183,7.735482978271286,0.0,25.05797192293964,93.7518539317045,81.63063645904118,1.7425008287105923,102.45929018337236,24.97165509634712,0.20496330970676518,0.082169039959446,80.80000000000001,pompe
1.9619813534896582,17.995977639245716,15.165680285550815,0.0019216888207563279,0.1469062591760522,3.8422070454965134,238.53453707117586,7.818146259930028,0.0,25.030168048952927,93.98572602276026,81.84880228527577,1.6982621268473281,102.46506744166669,25.335445120715004,0.20324855253261148,0.0818893302055534,81.0,pompe
2.993786781226363,17.73669227661889,14.444626674052378,0.0018791610429395211,0.14960036149245853,3.7734473846385814,233.59253371880473,7.451517604516029,0.0,25.02443619294112,93.1513787592937,82.03680116065802,1.666526415565166,101.38065989763231,24.939378493761144,0.19847082438227798,0.08454313505492042,81.2,pompe
2.2929079104362367,18.26470882045521,13.892389647565231,0.0018917564044727444,0.1455878227611277,3.779274475846265,231.452427880994,7.898181207972133,0.0,24.99071839668461,94.24646865131179,84.51090420380298,1.6262211185205582,100.57509733565938,24.95768107490174,0.19666332672280823,0.08404759786140656,81.4,pompe
2.3610822361446586,19.609613769631192,13.044346618239155,0.0018388018785728164,0.1484300363682538,3.780135668983622,222.98938329979975,7.546453217797229,0.0,24.94788838294302,94.73686212400938,83.01816099985629,1.6400289664229404,101.0699137893274,25.118882572905832,0.2031297569701677,0.08335479330682519,81.60000000000001,pompe
2.440757473992844,18.926298543743886,12.998773635758424,0.0017945414940491288,0.1450836743952865,3.6489236469621726,217.2505523020169,7.583997129281171,0.0,25.01433415637952,97.48347127749089,83.95485006360988,1.6666183319156576,102.45443725834149,25.79937790554328,0.2117283528947733,0.085277473280153,81.80000000000001,pompe
1.894544299267341,18.641935577800645,13.026034724891867,0.001735735406378312,0.14651203247826697,3.605570663129984,213.8648481622365,7.104617857561704,0.0,25.001442403134707,98.29842848960355,85.69787106394648,1.6692167504886086,104.77971954981506,25.468511747878615,0.2233654611525105,0.08749922278071422,82.0,pompe
2.9442968244217713,19.94296717247038,12.406644972328309,0.0016820277579882043,0.15071213687070614,3.490724254187446,214.88279416018486,7.240329315100217,0.0,24.91254148533716,100.65810979664883,85.13825739318342,1.6551400395472056,103.38010839522663,25.196523402094872,0.22534417853688066,0.08547275768708308,82.2,pompe
2.3531239706411133,19.236955309225735,11.845883820608229,0.0016157933527473046,0.15122492557574496,3.477870748402384,212.94399312816464,7.421698885884673,0.0,24.894712730560833,99.46210553573574,85.30806698899029,1.6617491819022752,101.66911567837562,24.995291310871867,0.2217109823610365,0.08520800533123372,82.4,pompe
2.4330226337615755,19.872254375036544,11.120526874958411,0.0014936121595032332,0.14947118353288677,3.4714834755034096,202.6832126895058,7.336785251098081,0.0,24.872268796825555,99.87418634225945,84.63705467222982,1.6911238768294774,102.64003217515969,24.825123828164536,0.22215347457689652,0.08557720449629252,82.60000000000001,pompe
2.6004062824748835,19.12732946243279,11.640889289367049,0.001464946200984484,0.15391706293746585,3.556984122281211,201.71490979850694,7.332288766035902,0.0,24.861675271690274,102.35861208118378,84.81249500370839,1.6778743511538616,102.30973137601255,24.52502209659558,0.224901998415684,0.08415193340643212,82.80000000000001,pompe
2.0416187477133976,17.791115897328442,11.805507538669819,0.0014961696124187623,0.14604624034184557,3.692138272248473,197.32140335690724,7.389783316028453,0.0,24.901515909618208,102.93277706626894,86.0410503328443,1.685507592099976,105.06980297137213,24.79943149303215,0.23497163002075633,0.08600239799268397,83.0,pompe
2.966381619561383,20.33355327883721,11.567188116616231,0.0015475281981472972,0.14552580868138076,3.7661087010178464,191.5295289845604,7.51515360666624,0.0,24.98903207365905,103.73536019547744,87.21179835168729,1.6329874971328227,105.26994884908869,25.037612183203123,0.23606907356918638,0.08799456669006693,83.2,pompe
2.2965905434800438,20.36708303978505,12.323799275358041,0.0013946452105823902,0.14685089719587724,3.7464852630488155,184.70156491839424,7.56072880789411,0.0,25.046601700680327,103.73920865099046,88.32369324659979,1.648061874712864,105.47647522094735,24.90662016155818,0.232654650624221,0.08977922098291287,83.4,pompe
2.4276109516529085,19.100460695994013,11.53696548640413,0.001408041738656328,0.14445415620159427,3.771602052387447,188.8044801744539,7.272707180337314,0.0,25.036480096599433,104.46079065409357,89.8835845893955,1.6148032603705849,106.61676052553766,25.355574774421797,0.23161563127053503,0.08962392473713159,83.60000000000001,pompe
2.5521324594349455,19.367406259519896,11.942107314987517,0.0014075877741161569,0.14071519152552311,3.841651821190906,192.6252881920538,7.30732311657762,0.0,25.029493759906604,104.92235895129927,88.58867445148746,1.6030698432002108,104.94385767975216,25.66268640448964,0.23240087074837015,0.08650330111837536,83.80000000000001,pompe
1.9604408762317316,19.23694463070577,12.315704472723588,0.0013589801779277852,0.13762997930251092,3.791266500419024,187.60129871172595,7.291827462153181,0.0,25.018258729086657,104.51501973114628,88.24940928050293,1.6539585886356565,104.19541184135082,25.569383700591512,0.25005865242222636,0.08743694615672157,84.0,pompe
2.9259179283440107,19.939405328523385,11.904577099051245,0.0013760250000444383,0.1364089140109428,3.7637437784582617,193.68124138634573,7.3924641971742595,0.0,25.04203815509508,104.08220406453773,89.05534659703157,1.6767993748767835,104.72073105492476,26.293817852879204,0.2547108031474664,0.08796212615978412,84.2,pompe
2.306519405003213,20.072564853987476,11.366573118309564,0.0013434190743692952,0.13651719787378333,3.738030388261115,193.23280314973366,7.383631217733978,0.0,25.078633679523584,104.50618398261209,87.51279451759389,1.7132495514879151,104.85340836643202,26.360713471569635,0.25260223175568325,0.08711401679075605,84.4,pompe
2.518327836983719,21.474625956582663,11.72409351962612,0.0013107258801854779,0.13785144658695847,3.745308151906115,190.0636915268866,7.4460060121137355,0.0,25.09221975685899,104.98148362740015,88.30333640067732,1.6945644759382277,106.18683311286917,26.137310773951477,0.24922985381551638,0.08619831968196384,84.60000000000001,pompe
2.5385883524372708,22.529299311835754,11.378956225994054,0.0012514593723277612,0.14120079646798903,3.709710798920544,186.93351263618922,7.232935475756759,0.0,25.139208757557476,106.21405492819346,89.0207115201306,1.6918312641886477,105.76749477252285,25.949461618715127,0.2563764948284466,0.08779666578319402,84.80000000000001,pompe
1.8909646806103302,22.398667769016996,11.415213371866692,0.0011763479467627358,0.14117327837517352,3.6849913174288167,180.0927279009894,6.964817536406908,0.0,25.117772826338506,106.27444738777616,88.05822352277988,1.7023151307998585,105.99797571430518,26.248497192780608,0.25517432740651314,0.0863794481494196,85.0,pompe
2.937525391388821,20.625698051872316,11.877616989304087,0.0011134681351026392,0.14351161037441723,3.665651272297512,183.23960352501163,6.79911375214645,0.0,25.1386120180177,108.13780886875878,90.12960788851184,1.698872509087885,108.96506156303278,26.243482469226997,0.2613682786544957,0.08469497597222939,85.2,pompe
2.326568842796967,18.16235547105646,11.42359897873239,0.0011094304034990781,0.13876121372059022,3.6969612541747368,185.67941102959944,6.7645920719633255,0.0,25.111405720603024,106.91938280605993,90.08193040910058,1.6968560394021082,108.82104570623035,26.93617372617739,0.25703454931067,0.08749284864461153,85.4,pompe
2.399011851165423,18.153133906735917,12.125777554768455,0.0011325376198968052,0.13688302167085603,3.7364986939474334,185.68294515726757,6.724011498170749,0.0,25.21563892937971,107.77686596827097,90.84348305284735,1.707859380727003,107.01554885451873,27.196497533875743,0.2510922280732989,0.08645761663714421,85.60000000000001,pompe
2.6263607661359174,17.844971376640892,11.79081432068604,0.0011569724610392285,0.1334410038636633,3.70910818195734,189.86946639124872,6.781975339158382,0.0,25.245762478956724,107.38030217125899,92.81173369573025,1.6895476866760215,108.85678993016843,27.944557024357223,0.24620609385184752,0.08619468787697414,85.80000000000001,pompe
2.019621869325635,17.035071580428095,11.996966681466104,0.0011239330559241405,0.13215457055521257,3.714636551830479,188.08721636783702,6.863106404965187,0.0,25.213873769314656,107.38640849325158,92.82239831797357,1.6752925684138464,109.637471158915,27.361455663519113,0.24206690554932522,0.085761957033538,86.0,pompe
2.99214907086891,18.48496795521043,12.044026470885488,0.0011079441980495646,0.13018233572928278,3.715773867950718,179.91416464069988,6.873900996751801,0.0,25.197671311568847,103.93835921114616,91.49506574052808,1.7042634851550542,111.16974856225757,27.941489485861165,0.24955190656715878,0.08716600909422674,86.2,pompe
2.3101921793428244,17.53152379762724,12.747804641628873,0.0010877769866630554,0.13710103035925764,3.6935789276379114,187.603839942174,6.885638321885142,0.0,25.29288360955662,102.71255744676854,90.97316106525273,1.6763742793351815,109.64983730260926,28.282561647389155,0.24828738910079207,0.08736723251749526,86.4,pompe
2.469020753228583,15.811913135944629,13.528070871276437,0.0010519534345379456,0.13816950918018586,3.737369527007205,192.50442246689343,6.905783514302932,0.0,25.295545670026314,103.18541625733639,89.7906897818377,1.6754555183855462,109.42122959608487,27.865457713801515,0.25189795376830815,0.0863818228719413,86.60000000000001,pompe
2.5384387405841466,15.45558704889764,14.256292730993236,0.0010288425931956515,0.13783583403159017,3.710509003910411,192.71371879619892,7.1867342007363515,0.0,25.33385730894305,104.22205243816242,88.2165978356101,1.6515953189726194,109.42732183933028,27.684501529881533,0.24582083111823505,0.08295303812889017,86.80000000000001,pompe
1.8546210685005395,15.303511775698501,14.14108693163871,0.0009789041687943843,0.13750230829903975,3.684520949060774,196.25231779283072,7.157737869829771,0.0,25.34480161196171,102.46972775372893,88.18632696101193,1.6203355796186203,109.57148269825117,27.498935120990065,0.24779298726347732,0.08061608729454019,87.0,pompe
2.9056917067786308,15.705161712649883,14.655617226309122,0.0009323682651560028,0.13698089855384823,3.6995421376040185,202.3831561983935,6.888576904065176,0.0,25.503666156207256,102.29186688496799,86.05379859465141,1.6038331005804891,105.87382477804154,27.67822247061235,0.2521775514005455,0.0791075004149032,87.2,pompe
2.24422913719917,16.630189338268845,13.475986161289239,0.0008701592210166846,0.13570977814845758,3.6529118837570813,198.55550621023883,6.687277364986323,0.0,25.494583289553592,103.24597307066819,86.36548761123395,1.6044826558455298,104.15510732419195,27.9507333553573,0.2501619299944511,0.07893253474377851,87.4,pompe
2.4432137704129913,15.959277239502587,14.296268952952039,0.0008983904674294571,0.1374440780573828,3.5923221630806617,185.07784669135305,6.94353864659391,0.0,25.451563120307622,105.07810154689972,85.45285731225405,1.5916223168132397,105.21065073913483,27.62446222980572,0.2493952263673952,0.08099575564031665,87.60000000000001,pompe
2.552726339826963,17.086999973935267,14.979245813625155,0.0008801679052620441,0.129873643963959,3.525181410975501,186.85967212354197,6.7037900814275835,0.0,25.47026116419728,107.35651353283663,84.88072902626953,1.574332528922194,105.447319894862,27.84555321357022,0.248388864368379,0.08303584951131525,87.80000000000001,pompe
1.8955479465669662,17.208932603209877,15.226190833132783,0.0008495658281289913,0.13179073642671205,3.5374570369783545,188.84170533624018,6.809974823926241,0.0,25.433696791873288,106.62874473158075,86.37213856497569,1.584388757180191,104.30953596796446,28.002871506589493,0.23538685368675402,0.08208077404878264,88.0,pompe
2.977347648470199,16.967857801974706,15.247695971873872,0.0007452978003374611,0.13008712466311095,3.5619201567372203,189.17574207476193,7.046925986989383,0.0,25.423705188167318,104.91996913172333,86.21720908313968,1.5542986936038579,102.0618485852273,27.686989924468893,0.2433358585891385,0.08169343977096544,88.2,pompe
2.343767671534126,16.609400182065823,14.010158598732334,0.000755329841289598,0.12337558948160846,3.5295348965577573,186.8400873012973,7.125013187346722,0.0,25.31886134762641,103.98524812624956,85.43757333786118,1.5349154218114864,103.71978396250783,27.329967888726483,0.24482594449218772,0.08208880221825365,88.4,pompe
2.516493408657981,16.472506618037354,14.478923829501733,0.0007351454960425243,0.12406203067020492,3.438338844857548,172.0703901951227,7.2371069766733465,0.0,25.345226404492898,103.4461894686831,87.24716821257832,1.5222850594584254,104.61601342787337,27.640651384512605,0.254238458141358,0.08160427361034366,88.60000000000001,pompe
2.5603528662550885,15.223807246461337,15.465493560606452,0.0007312223864058242,0.12480434203496311,3.638215117123827,171.72543681704516,7.031952359973655,0.0,25.28947186829894,103.091137214213,86.85990537085492,1.5073407631165467,102.97566653795248,28.32932830429913,0.2557417734074576,0.08129082628504966,88.80000000000001,pompe
1.990293442289004,15.688379771359836,15.543288253790486,0.0007343573436994917,0.12465457929593035,3.6842346218708384,173.23064470476598,7.084469238872827,0.0,25.375593364395097,102.62662180044283,87.40110397174112,1.5125869894870227,102.47030805147374,28.112977975599428,0.2535230355721007,0.08049945983516753,89.0,pompe
2.944323811356027,15.09317605325548,15.624125175753116,0.000753287740446493,0.1256860277406972,3.518876418646511,174.19313595864088,6.988162491150367,0.0,25.374220369678113,102.55791399372353,87.36330661902917,1.5089006367736368,104.67702580444775,28.19533724233377,0.25955400807175866,0.08230828205381599,89.2,pompe
2.348247227729731,13.873309355047475,16.301721852627637,0.0007256132746861024,0.12718594348076087,3.4608100410221363,166.8094343321168,7.413255514784124,0.0,25.43876112662667,102.91752304803825,86.95421629727352,1.5049751903154962,103.17284891077533,28.279486788411415,0.25313499362589253,0.08168215147421784,89.4,pompe
2.5181091104276536,14.141747626891002,15.084585588248279,0.0007331558122842055,0.12663147889392787,3.4303792869411347,168.3392996850007,7.395653627846237,0.0,25.543514488482685,103.088722931638,86.94320723176897,1.493893381477382,105.12840913458253,28.170701943018827,0.2443521051175537,0.08055340289854963,89.60000000000001,pompe
2.673881851592737,14.887564938109058,14.785312004506112,0.0007549628703823124,0.12823522645974128,3.417146901940971,165.76574097426143,7.489843344748631,0.0,25.543197076686134,103.71067191134472,85.08087738318068,1.4872840488480514,104.99638818182471,28.651907524305425,0.23431545601847334,0.07997118622950793,89.80000000000001,pompe
2.0041550925761067,15.781249680337638,14.655503851825944,0.0007894384770666008,0.12960972738222812,3.3954387201695746,165.03858667482592,7.443732746018349,0.0,25.466645449180742,102.7627172166997,85.69087756691832,1.5091808471718493,102.23463858059534,29.273359928322023,0.23344860980327986,0.07677850797515104,90.0,pompe
2.88868469005943,14.480020890664038,15.13514906418326,0.0007534037717659592,0.130929429987327,3.3657961670212355,158.4293715208664,7.394650145656237,0.0,25.47921723180568,101.87615106051321,86.82069944883766,1.4937819546286524,101.35423825933091,29.1468629093933,0.23899965191598357,0.07666204489398862,90.2,pompe
2.2172192141919753,15.382529042414834,16.533322063964267,0.0007435160296141169,0.13404165226057754,3.4325400827444117,154.1640109500532,7.439633543323271,0.0,25.466970395436864,101.22318833474002,86.43808413890548,1.476090352406707,101.27281056171171,29.44258110844263,0.2382234051707543,0.07364599088038427,90.4,pompe
2.3327889626548735,14.182285230260378,16.571410925789475,0.0007416490245548906,0.1342495877044888,3.3883895820846934,153.45140360995205,7.363602919299767,0.0,25.508682284914006,102.54220556942839,87.63262555688273,1.4613779811656162,103.20743532338616,29.33426834012744,0.24160305071402002,0.0729311133132429,90.60000000000001,pompe
2.44561621749677,12.524772210290001,16.17583585957411,0.0007287435649365414,0.1324601743375314,3.5005788255078314,147.03790052294076,7.284076403097569,0.0,25.475971250725856,104.1675901770904,89.4716660724761,1.4451330271841016,102.51487951699592,28.96892225177595,0.24862753067268534,0.0749050336540778,90.80000000000001,pompe
1.8535903397526934,11.762667208212285,15.05735085170225,0.0007181872330259237,0.1335405980136561,3.3770238695660706,144.04865344928973,7.627276743602343,0.0,25.56039809940937,105.26857167136151,88.2602626028374,1.436861706649189,102.66337599528154,28.689663407439827,0.24313338855471336,0.07758901144699513,91.0,pompe
2.8642322766872144,12.50485416484905,14.58182350687182,0.00070271788320367,0.13466750140972988,3.344961469806127,144.64867962011328,7.239308150278924,0.0,25.419124065018085,105.13412919755126,89.36140621993194,1.446502169704948,101.19875880864053,28.33296084425852,0.23927605447471897,0.07802869441167182,91.2,pompe
2.1159726990665018,12.718374610345194,14.634406746805954,0.0006811321377232749,0.13569241407668453,3.3624725529542854,140.97035442329934,6.931655273996716,0.0,25.36443811333353,104.50753028180306,90.01929007998683,1.4718456373672855,101.45801144634754,28.635747518887253,0.23154441112563057,0.07857528983099123,91.4,pompe
2.2897173771758164,13.648021852052176,14.13654160600805,0.0006611799295929134,0.13837229364972803,3.3610276095223033,135.26368743640293,7.502920543841667,0.0,25.360198109769225,105.18332186619789,90.42390760258597,1.4655029380606157,101.52019047050482,28.63610595683107,0.22573550785456553,0.08256188614813274,91.60000000000001,pompe
2.413311095671344,14.159004928258195,13.815875197453003,0.0006391606519371045,0.1363879254747773,3.2732935097489366,133.15789268221977,7.458380136286699,0.0,25.291856875176617,104.55781545137937,89.42129527995498,1.4915799544852777,100.65778019988356,28.94392800163046,0.23060686708093636,0.08240928153407907,91.80000000000001,pompe
1.7616817791408472,13.234837091022204,14.268829685130463,0.0005977773183432446,0.1370146235856514,3.2843616894540473,133.06559471753712,7.611051270017796,0.0,25.23617765694725,105.75387658411981,88.75061944485002,1.434954338413213,101.84523528097712,28.63422208305985,0.2329297144491397,0.08512982930179229,92.0,pompe
2.835131725341593,13.933834210678476,14.242611166935953,0.0006203594729829797,0.13322208515271433,3.2881584197926097,134.03436338050756,7.6136434983561365,0.0,25.211241710716646,108.91420213389779,91.39714210019397,1.4381194767364165,102.906187054727,29.186860515808167,0.2267251690162038,0.08278042899992612,92.2,pompe
2.301814836428942,14.309301402179345,13.991960678480625,0.0006077751142368224,0.1257430409227357,3.2810239324554775,129.8866692904163,7.844140333131111,0.0,25.24320521891448,109.6641349525882,89.65666436501456,1.447260935670206,104.07670503983807,29.7673601822417,0.23762075003072172,0.07981560452953353,92.4,pompe
2.4138353532120163,13.798006830864068,14.00999407663094,0.0005955223626212926,0.12455750027341153,3.345507329783962,124.67883257824454,7.6532478967799005,0.0,25.222306561421416,108.03888314495863,89.67995233611578,1.4417050175245032,103.27661095345417,30.205183971398473,0.2371541774069866,0.08183626965676996,92.60000000000001,pompe
2.5083406224742752,13.866947714216822,13.558664671435126,0.0005830878993332495,0.12603283397861334,3.3241960732063873,125.00232304923402,7.516520293107283,0.0,25.189054276449784,109.4545617659482,89.83834856068306,1.4690286992395516,101.9973325028025,29.698383479780805,0.23375595552925457,0.07943908995093021,92.80000000000001,pompe
1.8306778675496018,14.43974042827652,13.468619187339764,0.0005611172457671541,0.12441649127676116,3.292357165248156,129.2517725817049,7.415051228623427,0.0,25.233364531644494,109.30651683561585,92.4135904114599,1.4561596068792162,103.47235980596054,30.22024399583985,0.23090771940997407,0.07823287211131018,93.0,pompe
2.9174906009582666,14.837545540989614,12.574786121726527,0.0005273107942647652,0.11703632416184212,3.3311347127072,126.92286300309914,7.442420078479806,0.0,25.170914050417515,108.77677339301208,91.65926211637614,1.4560483938730655,104.58277545899898,31.239487106882702,0.2306681160828268,0.08031002026173803,93.2,pompe
2.2299742818948283,13.715346107353271,12.344508689189558,0.0004871266260866223,0.11658199947811869,3.2877114262355667,119.01914615772662,7.852421099983932,0.0,25.07834490311891,110.26656015804089,90.84747543894352,1.475035942963609,103.85673167715676,31.09466901010355,0.23229522191343144,0.08147050783911329,93.4,pompe
2.4178113174301745,13.696474305161022,12.586276567050623,0.0004902308866408703,0.11661486447346109,3.282177649838104,113.16989800122231,8.011598819683979,0.0,25.05459707808691,112.33807616189003,89.20540539414385,1.505405679524926,104.1238961194866,31.309762110201582,0.23008810227310167,0.07857615067643164,93.60000000000001,pompe
2.5143301437358176,14.031410582203193,12.911203508563235,0.0004766251778286824,0.11054651404487487,3.195873020172543,118.30571392809358,7.799456314928634,0.0,25.00175692917461,112.2199573054312,90.04327199414648,1.4862294801295526,106.67000193475799,31.423573189865362,0.23231325005425318,0.07819700223229861,93.80000000000001,pompe
1.9488919686752877,15.367089921838941,12.772127227740311,0.0004971752556153889,0.10857948571362329,3.2426781895469605,118.60554673745527,7.628976220224989,0.0,25.001606190416716,111.09977317953337,90.55656688180441,1.4866791215079818,106.8371706700907,31.475741496681923,0.23166334054903306,0.07763785595376511,94.0,pompe
2.982807523578133,14.782620829540171,14.35269000876171,0.0004624516977718921,0.10671207149152692,3.2160005711774717,123.98310282773261,7.418802836432277,0.0,25.014934053237134,111.75974210675963,92.1517338541672,1.5085920201715606,106.4694713240377,31.638606958529312,0.22202118147576652,0.07788901523704485,94.2,pompe
2.280754289159337,14.807502229860244,13.221515333188876,0.0004596043776221553,0.10229123403546461,3.2270113308171764,118.63350608776707,7.319700931387422,0.0,25.047278078073706,113.65506013509032,94.17474720802065,1.4903974171539431,108.90513893057269,31.10233743765516,0.225589090714246,0.0771103939680282,94.4,pompe
2.3707916128565625,15.32842710975765,13.737569194673913,0.0004653726446820075,0.10235328977208312,3.2367556583215817,119.03463171207034,7.459366805653391,0.0,25.058142602992714,115.09858912256335,92.2119031400396,1.485237341885191,107.16590872770564,31.30036612073587,0.23383327764304973,0.07636757370666179,94.60000000000001,pompe
2.492898545473376,15.990952181758175,12.467989486185672,0.0004471336284338897,0.10276014838332286,3.0754771012283117,114.65408565547551,7.747445296214207,0.0,25.078561262741466,116.61419600000293,92.55429915339373,1.493826637806152,106.9870951639939,31.43054456120676,0.23033817967497047,0.07862689424354614,94.80000000000001,pompe
1.9815609011789304,17.246200229624602,12.239785738829214,0.0004228842677743081,0.10530355536395333,3.1081697574910168,114.51764425919907,7.6950833030622094,0.0,25.017211303846437,117.74948161965169,94.35051031464059,1.5245239683361722,108.2623341106551,30.934529174118822,0.23115528873293756,0.08254789878926334,95.0,pompe
2.963410862820632,17.073004040974904,13.072451663868963,0.0004235880646549912,0.11086166363879059,3.0702777162775208,110.34753799537286,8.029374394796175,0.0,25.005643600397804,117.7802251341362,95.73652079214891,1.5345572023714438,109.17988871426056,30.851359292940824,0.23732483756919806,0.09038143131395393,95.2,pompe
2.3646658306507464,17.2544762228659,12.340223818985947,0.00040532614561410716,0.10986573023112178,3.0439758772208463,109.18599994627873,8.476874187978394,0.0,24.996201527350017,116.02067079142837,97.53068900703627,1.530957549623532,106.92313356164637,31.231761042190875,0.2426349258774619,0.0856782998585461,95.4,pompe
2.438297670437508,17.11217928220161,12.783797639983895,0.0003895796379092412,0.10737710195367384,3.086909690806284,106.74090877147398,8.632817546700844,0.0,24.92016716798938,117.34373996271489,97.91719111215296,1.5474915877451831,106.41288371952399,30.983028306024348,0.24991706823716706,0.08288119784505533,95.60000000000001,pompe
2.60661754521235,18.348459447450576,13.299369834278298,0.0003721074850946457,0.10498159651771452,3.0781481931258075,102.00818059836054,8.42254432892732,0.0,24.95581653610403,115.83905938572865,98.86673416361616,1.5542600271495828,108.85096344736971,31.30439692574988,0.25566297124777043,0.08384078250604034,95.80000000000001,pompe
2.0394415656418485,17.101255038171505,13.255240063973588,0.00036395978764672363,0.10396807545409514,3.1053161156954636,102.7188805683692,8.535570310560267,0.0,24.91423292791511,117.69901327638186,99.38683123901603,1.530443193584174,108.81700164493475,30.663774662737637,0.25560291530411305,0.0835357157763554,96.0,pompe
3.019469957573504,18.518402756364036,12.58711659549934,0.0003658112916415858,0.10873736634960778,3.1681980888756187,101.56866802333697,8.290326244694507,0.0,24.89075539592464,116.75378238592492,98.48717572271994,1.5211430585474839,108.92020266891461,30.949585373089185,0.2483610443043811,0.0823359631021116,96.2,pompe
2.350334262389901,18.378144505289193,13.717553811890623,0.00036134349659558277,0.10442589581978488,3.19463764965485,101.98269829650067,8.282349716574517,0.0,24.988236472529355,115.2284035620855,99.42480956136895,1.5225860551340418,110.06299961469033,31.75092106716417,0.2512681462169541,0.08138720078404947,96.4,pompe
2.529450348023683,17.69068137352919,13.834089623089397,0.0003375891194507912,0.10160041785944036,3.199831116849458,101.88263071723657,7.922029632357064,0.0,24.941930265890452,117.36843752925239,99.01547415951347,1.4971161629260261,110.43412305216987,31.444183409169323,0.25824661685963235,0.08145635161122798,96.60000000000001,pompe
2.598119655554241,18.24507272307946,13.222040338332283,0.0003154559088713109,0.10210355857504487,3.139522953061823,97.80458625959386,8.136954832652954,0.0,24.871538704636176,116.53351927719926,97.88274887841355,1.530678453285925,112.04267527976332,31.349571276632247,0.261316023276814,0.0790875609988495,96.80000000000001,pompe
1.9364596602151323,18.325849120291537,13.520150395660128,0.000307890204195561,0.10224022301727437,3.146264315356323,96.34316335834824,8.105985228384165,0.0,24.883881517193217,117.31696148431479,98.20509159810202,1.504002152872027,110.79367589790148,31.600962782885652,0.26977080911413975,0.07942510268387694,97.0,pompe
2.949515356190433,18.3889166488914,12.870951909214774,0.0003163501625191732,0.10223588770042417,3.111127216903207,94.88913124315702,8.025065027624162,0.0,24.872071121007824,117.69793134495286,99.02511698543915,1.4866183964437873,111.3323512036247,31.79980368288657,0.2602510093043966,0.07994249074449201,97.2,pompe
2.3049310435453534,18.56139906420224,12.93381143251438,0.0003128109708505644,0.10490715033943343,3.048595583052653,93.0387102674749,8.218858479570216,0.0,24.89707475743022,122.2609917206094,99.90217882657548,1.5069903130134066,111.11766986513794,31.460598521496298,0.2581455332986116,0.08129199946006879,97.4,pompe
2.457174213823122,18.874303398622782,12.854950507901231,0.000302241098379818,0.10404299747182827,3.0911652888726415,94.233006622704,8.046282905313245,0.0,24.860314268600224,123.14853754183429,99.69803929035604,1.53658947012676,110.73187853101025,31.619217550869898,0.26140147768482214,0.07978787627749716,97.60000000000001,pompe
2.547772375623791,18.533756725308788,12.617437408642663,0.00029132856905125337,0.10622271926396043,3.060879498052046,94.71138086064866,8.165736739637355,0.0,24.888631956455665,120.94758272587295,100.59703157669854,1.5235369527632998,110.98774701403335,31.157314824509104,0.26183729376240666,0.08152834086498058,97.80000000000001,pompe
1.8914343115243986,17.896054316591737,12.93024331568384,0.0002904034832080639,0.10014949147665715,3.1760800732613137,95.11351643707503,8.369368663693951,0.0,24.78503076789559,122.16872204719037,99.8885669618911,1.5321861977016102,110.90002155997227,31.341210737893014,0.2570638774276971,0.08318999969821025,98.0,pompe
2.8834575523878283,20.026750325491665,14.317782926261172,0.0003019094552164016,0.10262348566249388,3.173212775914364,97.11393263924847,8.358367839793987,0.0,24.86792206228279,124.14927965346794,99.90564352058982,1.5044845770988133,110.28579371246279,30.66824320726441,0.2622732032709604,0.08032069773010889,98.2,pompe
2.276313270544947,19.12203111694763,13.470183755561708,0.0002983094747118701,0.10142688281146593,3.223373235958243,92.81344113876044,8.194976404384509,0.0,24.746195592070578,127.28877483704147,102.79566542972478,1.5038068231147828,109.33013125658432,30.631710820849285,0.26715939495884783,0.07946896077672863,98.4,pompe
2.4264963314203807,18.993405160116207,13.17323949775103,0.00028664160414955056,0.10166587788742244,3.1695248105320135,92.91610980926345,8.103670045217411,0.0,24.82233772444267,127.09725649052722,104.12665894138601,1.4654716986004737,108.91251470499489,30.729640778442043,0.27859265581243814,0.07612855936428582,98.60000000000001,pompe
2.5232501080999823,20.454613127572184,12.766353611130002,0.0002786138967443282,0.101993261691687,3.182299578378579,95.90442061255644,8.232242164116084,0.0,24.80180520436251,125.93696595802656,103.8601862049351,1.4405514028142474,109.88577729858086,30.65710137688637,0.2741059495918984,0.0770526253460024,98.80000000000001,pompe
1.8546564003103074,21.20738178325396,12.591331852358897,0.0002847122959517122,0.10067048283412566,3.22072426765884,95.33333792873825,8.41870272806517,0.0,24.7091691608161,127.75389776363548,103.78734406012245,1.4537176018670586,111.16842936484059,30.42686100866723,0.26823598578435504,0.07825987538928782,99.0,pompe
2.8925752400227904,22.02807475658835,12.61003235824764,0.00028950053711134584,0.10120254319261586,3.2393367375935256,93.33249335894604,8.47126979525022,0.0,24.705617907068024,128.7610605436496,103.90370510947798,1.4538441896318883,114.02811930547631,31.00854975756073,0.26840405501670805,0.07870247817531378,99.2,pompe
2.219646687823661,21.73787009883252,12.923483374613214,0.00029252078821429266,0.10248464555385921,3.1776377018809123,94.77368928422197,8.443272806691299,0.0,24.77899882804956,131.40307134803092,104.32474408101197,1.4654039139081165,115.45660155052232,31.679622258682237,0.2725017734651214,0.07646731201116841,99.4,pompe
2.4733100900140346,22.802990205359315,12.75343695893304,0.00027596032948968484,0.10321503547204704,3.1641810282029423,94.596038919586,8.618158923832391,0.0,24.716677685996924,132.16357464291787,103.62902897998251,1.4659604244953297,113.6262087401514,31.654709442540206,0.27657838633569354,0.0775816669130209,99.60000000000001,pompe
2.520815652050835,21.221244948872382,12.914346184126266,0.0002759193832850308,0.10371815585106545,3.1377124090218182,94.34537822821473,8.967936837854209,0.0,24.626025269661465,132.59982355749634,106.55935566069117,1.4385551865643615,113.91065290812328,31.640940214144717,0.27684861847697306,0.07799037663656297,99.80000000000001,pompe
1.9815878719289992,21.182592429537518,13.782057269488956,0.00026912682888809516,0.10247091032891294,3.10288159223035,88.86449196248707,9.008793479510775,0.0,24.65071706184175,133.90085129530868,106.01200065680692,1.4317470109876331,115.659330286604,32.58742239211933,0.285890375558633,0.07947853855591054,100.0,pompe
3.0031030641603422,21.18076448938375,13.406594797913684,0.0002500668826803062,0.0994884264361601,3.1081277000935335,87.2516142168297,8.634587511543895,0.0,24.63261657382057,131.87878801955029,105.5287747736005,1.4235850214718666,114.92828471825183,33.073984159746544,0.27363417461949807,0.07609533120114224,100.2,pompe
2.3488815668723517,21.25606090215763,13.743870899090469,0.00024017741368973836,0.09704672685643914,3.1100553585453676,85.32276321426849,9.003408973267724,0.0,24.62913306507486,136.40798930800312,105.2971567744585,1.4322791385781861,116.15604098265275,33.47717360285899,0.2750847786425318,0.07649315383406365,100.4,pompe
2.474778143990436,20.44002504083784,14.029491069454698,0.00025333292925031807,0.09929918189698952,3.129134154766566,86.42223879149101,8.768970460168996,0.0,24.680834608501115,139.21490508168228,104.25853844586467,1.4209932059850974,119.82678874186988,33.59600658477707,0.28619173968199263,0.07691097488627567,100.60000000000001,pompe
2.5788073168473127,19.99153957046213,14.688977371288196,0.0002607779063034237,0.096607857324064,3.111691544715163,87.6625254231899,8.723237135480328,0.0,24.73605681151078,141.33776207198184,103.67932742194755,1.4230663171757905,118.10500269488043,33.26979134593642,0.28662723880730095,0.07703102157002038,100.80000000000001,pompe
1.9054199604978046,19.1597760448673,14.030438613027654,0.000259747216581692,0.0920425436245234,3.057961018211023,82.47267172472378,8.810033978970825,0.0,24.73725530219799,144.51882287259338,106.08121179177587,1.3870352200452905,118.78987580259117,32.907493890327984,0.2787132056563283,0.07689772002988979,101.0,pompe
2.99672821725553,19.59553317003452,13.613782645606939,0.00026107923475409496,0.0871516566353325,3.018939374699604,79.84685967084346,8.824802507368402,0.0,24.728874593522256,144.20537014336844,106.1533926383047,1.395448928526904,119.22965895002164,32.8603426848684,0.2808669106011179,0.07838666358063509,101.2,pompe
2.3067905722231288,19.54965924186838,14.387827086232488,0.00024565841011936956,0.09037149803179047,2.9490657742018387,78.34295782418195,8.60799551470311,0.0,24.700500893556832,143.26583929461697,105.6653859801984,1.3955710858486956,118.89995170453116,32.88038407672689,0.25919568980298513,0.07853323787719371,101.4,pompe
2.4384424560702542,20.5491910415194,15.277958182716306,0.000238973434478753,0.09165408855449744,2.8935836069277214,79.25449157322402,8.507450889805773,0.0,24.689696825491698,146.01303736879493,105.95924385104414,1.4223057222035205,117.89810994859235,33.42450386044034,0.2551282842609959,0.07898081230314277,101.60000000000001,pompe
2.5493840295770926,21.168282889315517,15.46980139700527,0.0002278284910143714,0.09308860749190193,2.986934612753741,77.31639327303493,8.14293472274775,0.0,24.670864322902418,145.775243293479,106.78632120681954,1.4119787152902967,117.65690338315707,33.45595612495797,0.2633500357175035,0.07908617509467696,101.80000000000001,pompe
1.8687491484059744,19.733132049249903,15.594899738034284,0.00021414015998742086,0.08949984565365084,3.0232228199662097,78.01609856662797,8.113399437886711,0.0,24.68068927896711,146.97798369260684,107.69251138835742,1.3617558057838115,117.47659306593246,33.765590884205366,0.26062603645302573,0.07920444526429356,102.0,pompe
2.947448131296807,19.606883955565323,16.672173903367334,0.00021855726694240132,0.08888442970065556,3.0142603845341367,71.51554710531563,8.087703816449773,0.0,24.692346132660393,147.29460116018174,108.73818936145004,1.386041963712975,117.63987029572557,34.88948550047846,0.26166270873536607,0.0769667461449379,102.2,pompe
2.2695654319033465,19.233845432688646,17.07323859035507,0.00020679201341402789,0.08791837855306148,3.00736581318271,69.97852558800713,8.308906589509457,0.0,24.756285126147077,146.65545866590188,110.54020033127644,1.3593048186376573,115.67367668037484,34.3969500892918,0.26139057079923284,0.07911444243221576,102.4,pompe
2.378889580249171,18.638363017867974,16.841439172923394,0.00020683380481874048,0.08661262904010585,2.980462813247439,66.83657806356027,8.209075463495394,0.0,24.7607619885,145.22313283756642,112.41732236266873,1.3472423549309356,118.1125342635177,35.12394885806658,0.26138996041232787,0.07655440684281388,102.60000000000001,pompe
2.617199605168452,18.960946553635267,16.52449932868524,0.00020978575327701963,0.08761723387933675,3.052890338036625,65.05549703411154,8.319647053097178,0.0,24.797125123789318,145.2004709718831,112.8651123163494,1.3432809236021648,117.91437439837232,34.78765039952882,0.2657186876865321,0.07919464855508,102.80000000000001,pompe
1.9573648406986734,19.500957519880952,16.78977192418605,0.00020555107505381226,0.08430691384943584,2.984120313462644,63.09520512877521,7.875622600487297,0.0,24.816964000019812,145.16424659449842,109.62292806036632,1.3094129897004445,118.12174503264276,35.79147826874222,0.26125967322305954,0.08078509848852969,103.0,pompe
2.962249819914438,19.37591349632634,17.674143807169365,0.00019881078105167223,0.08265954317805124,3.0621702987310884,62.619958835484695,8.173101320551766,0.0,24.894588137548027,145.72041476780385,110.29488230363813,1.3106336759469621,117.52401701883495,35.858730679755055,0.25834835179407534,0.0825762873243495,103.2,pompe
2.3042031120547644,17.911067105745403,16.313680324373586,0.00018283352923288896,0.08346013910137082,3.000703272307587,62.537900936158856,8.226013781429218,0.0,24.918444231368053,146.05023739184884,106.39043879902304,1.3037406375573277,118.4114400004693,36.724373459938164,0.2679385618144497,0.08013235876738688,103.4,pompe
2.417609327065575,16.406927624844556,17.38436977112981,0.00018583898178196775,0.08376391891612325,3.010922831693638,64.34890946946369,8.535397919073574,0.0,24.943342456815238,145.38619281190418,107.53014762090582,1.3170089142095192,118.31072102693525,36.61601165383081,0.27445629408859074,0.08320840001622835,103.60000000000001,pompe
2.4815403079191474,16.18977113745049,17.514195376958718,0.0001853124017356553,0.08243689553829481,3.1152705392818336,64.49454689779077,8.666247245468144,0.0,24.91774739023499,145.23517388702655,105.77357296368055,1.3127876296774856,116.1741041608667,37.04981752577739,0.27667166246283187,0.0827300662395265,103.80000000000001,pompe
1.8811063353749127,16.898457663152012,16.492781627735813,0.00018289349972600707,0.0833877179158903,3.0183030359672958,65.0509004851131,8.263046705258876,0.0,24.852449488915358,148.07277096763136,104.1900697024472,1.282741721378015,116.61137309344132,36.90753734891173,0.26713607249815524,0.08374269242377444,104.0,pompe
2.84330118448607,15.869893111138785,15.968256176095732,0.00018448080013708714,0.08548548632397504,3.079553720108254,64.18943286024857,7.773109921295958,0.0,24.933747053175082,150.55449333393506,104.88454275451669,1.2614524373576708,116.00507867578885,37.940843168249806,0.2584510551792221,0.0816552913154946,104.2,pompe
2.287808616550397,15.620055796136382,15.032500580233632,0.00019105923578074805,0.08600969445747075,3.059748990277013,61.63889133136037,8.269394501608163,0.0,25.011213757992984,152.3705969844887,104.20040359709556,1.2518611721481332,118.5028998225161,38.75178523866095,0.24750392727632892,0.08270523914549026,104.4,pompe
2.4169096651257926,14.782974933086212,15.118369351594243,0.0001781286451327806,0.08475346059771055,3.0175857187810324,60.26421123927636,8.283201323279691,0.0,25.098788584096805,153.37514027031256,106.786495448348,1.2483220631265075,117.84382070448757,39.73286758376867,0.24402759141864833,0.08241565048983356,104.60000000000001,pompe
2.5604085182831713,13.892497063058158,15.49305660680198,0.00017821874355883945,0.08683457325609038,3.067284985094795,61.88887269121919,8.295071319373285,0.0,25.21692107525439,150.25446186466738,104.80075480038569,1.257051825512982,120.6488577588273,39.88622970346206,0.24924872139040702,0.07885768721222113,104.80000000000001,pompe
1.9181521545248532,12.68375772997978,15.89635146606741,0.0001649592599067488,0.08402147437724512,3.097006496529918,63.113120933881866,8.283742870714827,0.0,25.246696054141037,149.82227504507134,103.31782911846739,1.2657191231494334,121.84565839250187,40.41893723835004,0.2506941672014754,0.07686943322863138,105.0,pompe
2.983187697379504,12.71034868170861,15.368498006840461,0.0001598343008906317,0.08237905400174389,3.147775054032975,60.157968966842056,8.082859070436387,0.0,25.33739397846582,151.95967433116584,101.11816923484393,1.2878841940141823,124.26972799181699,39.83644601079368,0.23664602915703967,0.07678885578426202,105.2,pompe
2.409342356259275,14.084459734293986,14.610257797936729,0.00016686347804890982,0.07802867302516282,3.1279702919301635,58.91437562703282,8.361467358777686,0.0,25.39094418859132,149.22566684125755,102.35292199652069,1.295513307080241,121.70884263041197,38.7987989596475,0.24192159032764168,0.07652136652073957,105.4,pompe
2.447193789139503,14.006428340822135,14.73516409505247,0.00016292595125239222,0.0750377100185684,3.2358375122934038,59.98346880727808,8.298386820285396,0.0,25.410791307785583,146.98688770661397,102.85062792218463,1.271374588915355,121.79852555641509,38.251406986213254,0.23564132301171628,0.07942414444275088,105.60000000000001,pompe
2.5474325927434474,14.252260412117367,13.34868938448359,0.0001561180611578919,0.07549816449247475,3.2470300584582645,56.00995230361417,8.339558277929479,0.0,25.483267946604755,145.71525145765216,99.86064993857941,1.2532706821616542,120.23878398668157,38.68962503850687,0.2214607421524636,0.07865906611435239,105.80000000000001,pompe
2.019245434818766,14.35515696850751,13.822734012551052,0.0001439785499026052,0.07252273168578324,3.3315469145411916,55.62627386423097,8.359489246215226,0.0,25.488437996827574,143.512217938838,101.5290149222364,1.2988567929438677,121.25272444573939,38.4182741189507,0.20900641877938428,0.0757808818901415,106.0,pompe
3.101580360910592,13.571898529016497,13.511414367791717,0.00014439323189036792,0.07465947511463021,3.3192565532185307,54.45555407379374,8.351875083307348,0.0,25.455181305505754,144.33648569944663,101.8472139056731,1.3350255307959957,122.20682727394176,39.07417109154209,0.20381903901680232,0.07670372912179192,106.2,pompe
2.3737430932114636,14.095965270639146,13.840725338287694,0.00014163834399070826,0.07847058318461528,3.404876440596971,55.66107996422505,8.505825798986532,0.0,25.372948372111004,147.0400629779901,100.5662207672632,1.3232435430325726,123.36258183164128,39.78141110904697,0.1984086987163868,0.07585949418513376,106.4,pompe
2.4935734625405,14.02418284452762,14.288686435174794,0.00015715903223719423,0.07887763560964504,3.3601955633826757,53.15554849000948,8.382221402876363,0.0,25.39891808270745,147.9490984945514,100.01175708558367,1.35720318807723,122.38945652615962,39.77011484765512,0.20106996394116106,0.0774241904481878,106.60000000000001,pompe
2.651679120867262,14.446994929877333,14.86964140157291,0.00015018295601033506,0.08017978244444109,3.4149342332430295,54.8152722423815,7.981876503415365,0.0,25.445138857698172,142.79077667208347,100.74429489575664,1.3747385737523137,121.68406906314016,39.593902415273305,0.1960983881003494,0.07656173028917491,106.80000000000001,pompe
1.9868902505101085,14.044174361480659,14.27295295680164,0.00014559322621774502,0.07933447345158076,3.5312160735144253,53.638861985970514,8.04075897967693,0.0,25.41104218903248,139.59496386864257,98.71065124327389,1.350581953475202,122.23274979244162,40.22293861508878,0.18823729984251883,0.07566563903487164,107.0,pompe
2.945772979273843,13.838955413257061,14.87073937580662,0.0001402315920208423,0.0789144370024137,3.6238297462793994,53.67815414921735,7.839666942627145,0.0,25.363491935135126,140.42974695754108,99.46878563846121,1.3239675820278085,122.78342634031328,40.21030852104753,0.1903780813100099,0.07712324436276216,107.2,pompe
2.3367216200319136,13.812227007748215,15.375536860075288,0.0001329829852835908,0.07628461638430865,3.4217459756432897,52.908592467044485,7.626480352047807,0.0,25.251370485748183,139.25735786919338,100.16996883044705,1.3037867094865556,123.73333483989302,39.961746161886595,0.19006581710293696,0.07819204861830084,107.4,pompe
2.510578524193641,13.955705586455725,14.680851075079072,0.00012803739498719002,0.07705591207840838,3.359319526325064,52.084835168356534,7.55766181118252,0.0,25.193878728131686,135.88673054096998,100.94279022742276,1.3191092369548285,121.03365062633534,40.21193338904032,0.19454471902408496,0.07927136630593291,107.60000000000001,pompe
2.5690639403808193,13.370448602614164,14.613943859986813,0.0001265012464023925,0.0768948924540529,3.348233643820765,50.068824460642475,7.673921974832226,0.0,25.204627765717106,136.14945830333724,103.31162547858474,1.306438981020389,123.37690504836098,39.868827063332965,0.199239292641912,0.08151807090848995,107.80000000000001,pompe
1.9363890955322514,14.749555243892681,14.791558310754384,0.00011995463755316485,0.07592864039955836,3.4164357012361295,50.84205595364176,7.482248268794214,0.0,25.215533676544943,135.28455511995207,106.69480130351685,1.3089657638428565,123.50630905565565,40.56342800674114,0.19741699478195981,0.08340255712398643,108.0,pompe
2.8963405009049423,14.35576159748146,15.39724677033235,0.00012438096790199493,0.07430551320233027,3.361812337321964,51.095714660216686,7.383630819611396,0.0,25.264429658153887,134.3632825550641,103.97326931141403,1.2846398077509367,123.76357668936573,39.611622257493465,0.19590925794184355,0.08087062443217714,108.2,pompe
2.3757046541856464,16.292064059747517,14.553052437143412,0.00012293143133765264,0.07241229672308272,3.3427183691160307,53.1153196650385,7.331694664994206,0.0,25.210671029299085,136.5118276956059,99.58213545172015,1.2755710504749365,123.91875243387469,39.31534561615101,0.19952700141836155,0.08309790378146002,108.4,pompe
2.4160545725363405,18.225058165966423,13.59609416714461,0.000126167193618538,0.07234871370396916,3.3120323193668644,51.99938217630882,7.37688808967648,0.0,25.158285499421797,136.14170606234998,98.62997781112621,1.2535664698666038,122.79442634992837,38.76797306856811,0.19744429964098392,0.08392441530980985,108.60000000000001,pompe
2.527061664100891,20.2008272928034,12.33441395268047,0.00012567281431776604,0.07205281395859384,3.3600684030393118,52.513254225599,7.402777630137107,0.0,25.115896172289833,137.32640743233827,96.24901926777663,1.2654926608497652,122.98490285214186,38.57232974771886,0.19620846453996035,0.08364417614481669,108.80000000000001,pompe
1.9956270981623392,23.907576410670277,13.128116723201124,0.00012053509833011877,0.07276959880469451,3.399984708415564,50.7102074685222,7.211168885546873,0.0,25.160733574577137,134.4432119500482,95.40363284459715,1.2739118111579601,123.28831996385615,39.369835598742746,0.18990431868483887,0.08817709043663274,109.0,pompe
2.9447606421755457,21.116812034372852,13.260384383921544,0.00011322709661148738,0.07239843584570937,3.3944840739896085,49.939791897746076,7.109069341448329,0.0,25.142320053942317,136.51480775443423,95.25624529281022,1.2560890874088946,120.76781504125645,39.33354692419958,0.18439989360572576,0.08556917608374062,109.2,pompe
2.339271477086514,19.153848931573282,14.220023342271809,0.00011150751788169935,0.07202088084495893,3.331290592367629,50.485788408989116,7.176184637475898,0.0,25.152990993374882,133.52516814045916,93.27301692394481,1.2360264283212095,121.58727382419146,39.38655858818261,0.18859728732071193,0.08384311483091925,109.4,pompe
2.492453835438172,18.935679232013655,13.651822339145925,0.00011072422843104832,0.07160962485850168,3.2932888929103954,50.06252923200778,7.219263464383837,0.0,25.12922995010165,131.27779278914153,93.45511047158952,1.221661881908133,120.17239042365485,39.31403809844303,0.19152771755242012,0.08420940879662063,109.60000000000001,pompe
2.5491495309450496,18.299123797782013,14.07677284800606,9.932446352152264e-05,0.07259449185728793,3.18408527924376,47.74486438836818,7.194312852451121,0.0,25.223096621612704,132.60708399800515,93.98961060695416,1.190531640753198,120.66530879327753,39.08021684599131,0.1878628584357487,0.08451796022525399,109.80000000000001,pompe
1.9113264244409034,19.141351555030855,12.9135842019401,9.751506955025635e-05,0.07087393094428432,3.1605782230583976,47.76857239928168,7.07430874064661,0.0,25.21055595165916,131.51067182555968,93.47781875823904,1.1874121732694602,119.65080801089452,39.13989713588983,0.18651117684585394,0.08338823966142866,110.0,pompe
3.0173191384899933,19.380358110359406,12.753525658544822,9.598520827961043e-05,0.0689650363063939,3.135693201864056,47.00953095601899,6.953369733013741,0.0,25.18150216587969,130.96310305232686,92.84721350301116,1.2348863229341929,118.81569077782483,38.12438891136438,0.17976905649281363,0.08483249542160418,110.2,pompe
2.450978425921355,18.709316392480588,13.573611403169707,9.65547183130995e-05,0.06838127704732223,3.12071062264574,46.912877983383154,7.245097056516594,0.0,25.14285500156227,130.7377304046062,95.42858256830547,1.2381983142796316,120.43423238647858,38.46147047382566,0.18069312996705117,0.08505088962225629,110.4,pompe
2.596745934967568,19.37857118647272,13.762989658127497,9.216570373204662e-05,0.06868366415527714,3.1165564832255295,46.202687349670796,7.886636838434155,0.0,25.196235715991044,129.31461831989768,95.6703021653308,1.280746979769918,119.10355557259,38.14831955518289,0.1804400173352981,0.08346576152513702,110.60000000000001,pompe
2.709651905480219,18.773037607515548,14.209852189412338,8.595555958487332e-05,0.06567374488781713,3.1034861340484223,43.98874535353091,8.268052946947357,0.0,25.13727284604681,130.12131734759703,94.99329699196774,1.2538125323625937,122.62858406623208,37.69902205158178,0.17946916354165596,0.08308937095350839,110.80000000000001,pompe
2.1033594393148607,19.23102249740002,13.7041947731,8.315734975710666e-05,0.06506306835379548,3.144828238838555,42.364780807270485,8.753427455713828,0.0,25.136215470431075,128.1958151485735,93.4275864522907,1.2382621395436009,121.24379472788627,37.55201911778736,0.17539535341735585,0.0844008526499469,111.0,pompe
3.0575575370663235,18.177032102932664,13.502186623974726,8.441899713634388e-05,0.06510071878523646,3.1385012189121433,40.5205570236119,8.473474431509409,0.0,25.20921048270915,129.2032720960656,92.43432483281757,1.2280314362725608,120.12400831660112,37.17104688614513,0.17702997387929198,0.08386667177489626,111.2,pompe
2.5356309607276133,19.512242735164236,14.333731889636319,8.470042290091262e-05,0.0642125004750886,3.1715566295860156,39.93764239098273,8.859488097576627,0.0,25.223436737946045,129.51129179895185,94.70031204545398,1.2038172751170764,123.34382271973648,37.142732161840435,0.171367296351112,0.08247530695435412,111.4,pompe
2.5195145875326648,20.13600873723706,13.707561861754513,8.343285321289785e-05,0.06558962012967322,3.132853811356022,39.43998654946469,8.522881802730883,0.0,25.368465339521563,130.95636284326042,94.44316552246241,1.1932612496646562,123.4826147514653,37.27216756962743,0.16959633362412976,0.08346634204606014,111.60000000000001,pompe
2.545992496069092,19.028888305086284,13.99470771830359,7.826352051841906e-05,0.06638958572874071,3.131434498465401,37.37035541791092,8.551606066677914,0.0,25.407256423848835,130.60049827483658,96.89455299160228,1.2099358250090517,121.94094812893631,36.33946304419616,0.16659330105584724,0.08122673191329677,111.80000000000001,pompe
2.041701178040208,18.962427373860386,14.613949968254785,7.582160567106544e-05,0.06584200749496621,3.1291248028965444,38.35588279509332,8.62373824369779,0.0,25.499030820522393,130.1702817814154,96.37494791706594,1.1641771004890478,123.19465761335537,36.456827633559264,0.1668125153712867,0.08051072425737259,112.0,pompe
3.0211240183832824,18.435268457990105,14.921852163847696,7.597838554315774e-05,0.06522365420583796,3.1821966621526725,38.10940089706153,8.500150181491449,0.0,25.421065988270577,130.66094315433253,94.47287469180911,1.1478183013805805,120.10764057897629,36.43879136340914,0.1727687475531706,0.08031259285155076,112.2,pompe
2.4061421882549445,20.972435672009624,15.173794125429428,7.232933791926925e-05,0.06403833877141099,3.181545199943404,37.287009012604955,8.363091612820657,0.0,25.47889097416941,127.88743126336658,93.52059490697482,1.140304332787284,121.30488893194365,37.06951228400125,0.18334955818206247,0.07949235207157142,112.4,pompe
2.490742694931439,21.501361043043183,14.750859858419766,7.044891649160266e-05,0.06317532274251784,3.0350848081780044,37.24600875553951,8.320626212404152,0.0,25.478630503462824,125.8456096072473,93.27856266174126,1.1084179692141294,119.57223688773693,37.45202647360708,0.1821350330456554,0.08115990712353652,112.60000000000001,pompe
2.4701393215765513,21.07826880176086,14.499265841087533,7.14224764030059e-05,0.06386503107589799,3.069695511854875,38.7077934589642,8.271026620827755,0.0,25.418636226501288,124.13518361715573,94.30014935612107,1.086322572998204,120.7038855037671,37.566511643354275,0.18634958129564388,0.08105979046509827,112.80000000000001,pompe
1.8811083305367844,21.52583764526096,14.132353962194884,6.814524954004862e-05,0.06427540330462948,3.0675881349344123,38.13597966642279,8.283021579937126,0.0,25.392896588244312,123.45983566226316,92.2386541536855,1.085846009111755,121.9804745150661,38.05327264337286,0.18658969758044694,0.08281962270927,113.0,pompe
2.956214709481152,22.577755089537515,14.846660325503343,7.065453338610592e-05,0.06375946122993006,2.995115429300911,38.68543325172877,8.49009822499357,0.0,25.46518144485328,126.83539628332738,93.08812884096496,1.0893309185099593,119.93647082355561,38.27189894373318,0.1840881114195094,0.08321963783432486,113.2,pompe
2.316643165969193,23.071751227511896,14.863796650146902,7.15783793893757e-05,0.05972495335893987,3.0049503195642577,39.82671420672892,8.9542338663991,0.0,25.56072960806815,127.22043952429534,93.16488392209716,1.0973260604709052,120.13236678267013,37.93235267263246,0.18177338672921528,0.08118199989615993,113.4,pompe
2.472541822427838,22.85459941269055,14.719177694618823,6.864125935458442e-05,0.0601501238740093,3.0465443956094673,38.4833113075183,8.642824300884259,0.0,25.481678861819418,128.25401306468294,95.28068939611141,1.1215908171281563,121.52862988272393,38.35614422878337,0.1909434383320298,0.07705759816688765,113.60000000000001,pompe
2.5379089355622653,23.726126670505124,14.591044964575255,7.031609542290841e-05,0.0598422424657064,3.0531260523154837,38.06074438713418,8.529450504688441,0.0,25.496560929294535,127.01957905195603,96.57714053699792,1.131422389119278,123.53501823420802,37.839334241493006,0.18359028565032298,0.0770583302856816,113.80000000000001,pompe
2.0993351940427,25.184970133620183,14.35084144603164,6.991666514403717e-05,0.06057011025698801,2.978655951214692,39.35262914146372,8.505648364623932,0.0,25.497343304769394,129.08150831234136,95.67083517802534,1.1056975233022297,124.26293702920388,36.87794569398585,0.18214076921786299,0.07913803245153862,114.0,pompe
3.1183636244670643,26.287504626956366,14.914062131460387,7.473920925402276e-05,0.059521900784490836,2.9994957156053994,38.76167435919562,8.758958904940368,0.0,25.594955805630697,128.25356584223948,97.55971926514228,1.114686406878392,124.38519501708254,37.2130124211695,0.18299635594541752,0.07977660828496808,114.2,pompe
2.4218386301517634,25.144503246578143,14.860815982199787,6.880696760208651e-05,0.06040079833836977,2.9333430200045423,38.40530829179583,8.91980897972915,0.0,25.493014452323802,128.18706295351222,98.22498683388511,1.1155340274894183,126.82742779997166,36.869362708396764,0.1745867682356702,0.08123911677857241,114.4,pompe
2.4960208572610343,22.606458302523333,14.898625476139618,7.045746493092032e-05,0.05846270956354961,3.05808106044862,37.45153511917761,8.95050723275056,0.0,25.494812930876623,128.04896341189888,96.3390345999224,1.1587912656905306,126.1443080106089,36.69141055214777,0.17821742285218076,0.08460519258931604,114.60000000000001,pompe
2.6449472007855457,21.016698379185193,15.12252954959086,6.439768284735341e-05,0.059405579689654486,2.9689347090753753,36.52924532301271,8.93145371323025,0.0,25.47936824106007,130.77755766587958,97.34655059852177,1.1685738432783155,124.25997295684336,37.60412590447979,0.1748371464168651,0.08795300557628662,114.80000000000001,pompe
2.1331231602545464,21.506019572172047,15.872188702239889,5.633684497745172e-05,0.058895264388211216,3.0272692522433817,37.370713848107776,8.644274892136332,0.0,25.334698864515016,131.58530778377278,94.97950571151605,1.1862184347458002,126.42323430111804,37.42854813219917,0.1766896972695138,0.08752144287737355,115.0,pompe
3.1282436517762116,20.007807833226494,16.344307109019862,5.1945799040372264e-05,0.056284906110348545,3.019702942902234,37.04080335678291,8.712509485416689,0.0,25.441178686815245,131.94696173940218,95.34755306345426,1.188954759895532,128.30896258807095,37.78254541085843,0.17824115711133887,0.08896775666005603,115.2,pompe
2.318708963255461,18.219343556611637,16.26232117583958,5.049250243101818e-05,0.05678066071010437,3.0195833265621257,37.51101354915539,8.425319723921756,0.0,25.36443033535689,132.7099128056438,93.04419040882864,1.194111389903723,125.96767566154654,37.65084283601467,0.18162768228135492,0.08940990205112057,115.4,pompe
2.3628246198392895,17.504538413066346,15.140198739221432,4.646815940864079e-05,0.056689419917630185,3.048825447535611,37.83533238010403,8.582674629039856,0.0,25.348358614091143,130.88629284139623,92.57156752276929,1.17268647083576,124.72175488437819,37.75849715253419,0.1809271225996636,0.09573592403977282,115.60000000000001,pompe
2.4100556865174787,17.347005729084515,14.157655720087918,4.4858374763549136e-05,0.05601066532151898,3.093796156885961,37.25113495640387,8.547375899387234,0.0,25.268500141958793,129.82686975936423,92.1761533270679,1.1734930479934278,125.84545191384188,37.702079718118476,0.1796884719579548,0.09210453454286201,115.80000000000001,pompe
1.8616241160564402,16.682652402052042,14.616040024751157,4.608340314447291e-05,0.055538197222738894,3.0361549740632756,37.108107596126544,8.635008533197405,0.0,25.236082352374833,130.89715463905364,92.87489725870147,1.1676291703734447,123.26973767677535,37.99615501931394,0.17641136437805766,0.09253170485790461,116.0,pompe
2.916705361840779,14.959657231303535,14.616421507602874,4.597568815261092e-05,0.05609950536758341,3.041121688375104,35.08454935236582,8.946108314639377,0.0,25.167703070549756,129.60165054503867,93.2404534094458,1.1780203795009565,122.65602235266832,38.48064536548868,0.16926730604615672,0.09038342175313843,116.2,pompe
2.151490897642839,14.410117276805728,15.541365440228045,4.852084006151369e-05,0.056156578436303214,3.005270207120873,34.81095249443312,9.047442364143906,0.0,25.13493905789218,132.20657104665443,92.01845466209174,1.1658647745018758,122.87292043110916,38.68662816338519,0.16672384760565356,0.09052586723824195,116.4,pompe
2.3489808883612713,16.024860535962258,15.31792986272224,4.7430854477823484e-05,0.05786916254014489,2.974674124404708,33.541194319821365,9.090977350664371,0.0,25.15467380116406,132.10987787256974,90.3261600075864,1.1647014278907128,125.11147780530514,38.11008874496046,0.1656260081571721,0.08973159665956801,116.60000000000001,pompe
2.433211366603526,16.244788205328398,15.534362185867758,4.717496533539517e-05,0.05637349983608655,2.8874054559763316,33.76248942730778,8.955494824321976,0.0,25.260330228589233,135.7610444976789,89.27536127829534,1.1734339609624034,126.75531966627658,38.560986295420626,0.16413921941867596,0.09232498024861815,116.80000000000001,pompe
1.8499804129049648,16.372850610613174,14.411049313700001,4.728551750753995e-05,0.05580706702077609,2.9105892542741185,33.98191344639298,9.012552712593687,0.0,25.3042310993515,135.45999722039272,87.62856671660204,1.1823058341969028,125.53900312227913,37.9412800943259,0.1602494122484286,0.09289670791693605,117.0,pompe
2.897567807770088,14.495678275070627,14.112117147867101,4.831147071127226e-05,0.05501002685471832,2.9009356447126677,34.9481577458146,9.217510265954884,0.0,25.147271466310947,138.7090837255453,88.46410328027544,1.2217860595065713,124.38982330807225,37.11606949495151,0.1601022226707575,0.09230993184964227,117.2,pompe
2.3111419444742456,15.519205664102826,13.96755285766599,4.688195815044266e-05,0.05542344314310186,2.8865928929628004,34.617688906259886,9.477787773369913,0.0,25.207732036747945,138.44504514650134,86.04307187517028,1.2189242703469463,123.29696022866065,37.116647116057976,0.15754237686103065,0.0922501192830306,117.4,pompe
2.387745381672885,14.49915078398934,14.691652522033987,4.429780964654067e-05,0.05518876462711116,2.935306125162157,35.47692467168807,9.668610898006445,0.0,25.248007213321422,141.06871895669718,86.62238834692764,1.1888543913327627,122.59497834342942,37.53018643528825,0.1551811047646387,0.09563622236974899,117.60000000000001,pompe
2.495652733984154,14.6264576689448,15.341768020540258,4.307781379059055e-05,0.0551726116923272,2.9816465666876346,34.06339712076677,9.55416460047803,0.0,25.251142943847285,143.91221167155436,84.89815176336926,1.1619176113158236,124.04720085665633,38.0320495132732,0.15434937023775813,0.09647575351180473,117.80000000000001,pompe
1.9393267748415735,14.082232588642572,14.739901465357736,4.2465747379265105e-05,0.05606519667465023,2.9186977768097826,33.853508555912015,9.445303052858518,0.0,25.25008365947449,142.88948651105517,86.42683683250553,1.1533498045053217,123.74167013238812,37.29010333490562,0.1517454283954127,0.09757396807350174,118.0,pompe
2.98338970377518,14.525609926948853,14.988614012926034,4.486314287177656e-05,0.054897617527571226,2.834181353328353,32.91228010350429,9.246401965584019,0.0,25.254804262429477,145.3426669526825,88.31837095166772,1.1611346039118116,127.51955884769338,37.1767407674723,0.14615602867141747,0.09987738742259279,118.2,pompe
2.213551197492589,14.131355213326161,15.225273340479047,4.3755016541915336e-05,0.05443084052460011,2.7738397550069838,32.94727232053747,9.506712610857624,0.0,25.20739548130032,142.95190315809674,87.44339801699138,1.1673010264351726,128.24928631371208,36.844660128386906,0.13896821308321608,0.10079402929062699,118.4,pompe
2.3226977482777516,14.702399239748324,14.586315491292101,4.13134836196856e-05,0.05438668782046832,2.8922959498875898,33.677106316128274,9.544231138871991,0.0,25.10831912198135,140.84689832821232,84.6258302707394,1.194804459980208,131.03216406045186,37.1057570190899,0.1392635406778678,0.09733018013228442,118.60000000000001,pompe
2.438241806444032,16.225281024466216,14.572974466376845,3.961545816405765e-05,0.05205994722789651,2.9633497881734323,33.62676525795067,9.082581463950342,0.0,25.036130655862944,140.63810413076413,84.95324173035091,1.1865079101937355,132.53631260786437,37.210281427068274,0.1424848507098136,0.09653226891440042,118.80000000000001,pompe
2.025462932489547,15.75597528566138,13.933789482887144,3.735206874048572e-05,0.051594108783038946,2.8719902267280606,33.88509966100406,8.623970964155381,0.0,24.960035188123143,139.9612879014654,85.73972327187671,1.2234376059743308,130.7671852924068,37.200165164179616,0.14005559147149768,0.09464680454637278,119.0,pompe
3.0027562042662237,16.41204776147337,13.57917826420634,3.9690071765851557e-05,0.051857343630755455,2.8192310743074027,33.57314935351385,8.487775164510975,0.0,24.868177049089205,137.50948803577438,85.15051264633551,1.2342987545939745,133.07766400347012,37.960433946015534,0.14158700491090576,0.09444691696141416,119.2,pompe
2.402225487831533,15.555863932262897,12.47809740102804,3.947706222484066e-05,0.05048430597958819,2.8147749146283796,33.726888388844955,8.613400699401826,0.0,24.913929709133253,137.9232972042693,84.73496098065384,1.235701156032153,132.1272372604837,37.92231334593215,0.14997826297733996,0.09480844995171196,119.4,pompe
2.5343372938036013,15.000922752994843,13.046840396510595,3.97341665634469e-05,0.05114380605139331,2.824339669548942,34.728068265587474,8.97947952880621,0.0,24.906984996425578,139.64047024684697,83.80185413007953,1.2234707950415655,132.14672051987262,37.10862268733295,0.15261362041157817,0.09276265213173294,119.60000000000001,pompe
2.5838185147249324,14.899723428945453,13.025353405149101,3.841198204766552e-05,0.05084984940804998,2.820138494420594,34.338323517585785,8.832898216167342,0.0,24.789498177974256,139.30047067052763,83.36749121985352,1.230038809585209,129.70843858119906,36.92580124010243,0.15209472705505686,0.09498564776892862,119.80000000000001,pompe
1.9836419276115258,14.066282302926487,12.698295271946455,3.884063125040254e-05,0.04928712075189303,2.8149080841443164,34.36375041468098,8.790459344723436,0.0,24.76607285253369,140.189839319645,82.60743211642811,1.238419997710274,131.3594973358466,36.70161760852098,0.15173909252964593,0.09307707085334042,120.0,pompe
2.952994288051442,14.857155338459602,12.331527374128278,3.4813514403098276e-05,0.051062023437362096,2.7734814041749503,34.174773778150666,9.24016185142469,0.0,24.756471911697105,137.94149262356908,80.9098003341395,1.2352569204492667,132.11811748648776,36.91923421088536,0.14994082494021252,0.09309304765892382,120.2,pompe
2.191769872285732,15.386024694112328,12.395155538860907,3.662502760276761e-05,0.050853895241142734,2.726039686899466,34.18569988387567,9.19433336732028,0.0,24.75740360384212,135.68126257135535,79.25030649359927,1.2393059586034663,134.70023256397363,37.02455095505558,0.15252871735232393,0.09520156969087783,120.4,pompe
2.3632511326942303,14.713380484510846,12.488907906797708,3.747028460419304e-05,0.051244250638999796,2.76176010262205,33.83600758685642,9.192334836118253,0.0,24.754004692716666,137.88508293075225,76.89242127123467,1.2395512536729465,134.64420628301855,36.41510549284648,0.15466632184138432,0.09364544123916327,120.60000000000001,pompe
2.46162243228196,16.28786981434527,13.03170359653222,3.7460052864616626e-05,0.0514650053466453,2.7526015204203143,35.766825629172665,9.432179162200065,0.0,24.67607108659892,138.98972661056,76.9409530887265,1.215692512226377,135.51389084923417,36.35199145899439,0.156337798281129,0.09455100421136829,120.80000000000001,pompe
1.8382865560008852,16.863319629835757,12.731683500705826,3.609693656234007e-05,0.05063775917012102,2.807838131310497,35.525751729599754,9.809401139548621,0.0,24.63478895880829,133.69708357145586,78.1323583741548,1.2099651187856226,134.03507196914626,36.13417270278114,0.15471636353686227,0.09730863342435976,121.0,pompe
2.8992567247231062,17.931120616853722,13.026228901591205,3.4941356118792376e-05,0.049982833731385755,2.8348737113807254,36.33237338695769,10.063814996555578,0.0,24.643887792187204,134.8179803968736,77.83648849692922,1.191464410304333,132.69564478779373,36.08659484489173,0.1568474102569115,0.10005756357340059,121.2,pompe
2.183184831247634,17.414359439467905,12.84595787573007,3.521593815137145e-05,0.04918399212226233,2.8116431920073786,34.97047872743318,10.159584337772673,0.0,24.607318241083092,134.41399150437667,79.1297717665123,1.1753620616760438,131.31887962136022,36.767177527344266,0.15692909529909946,0.1015341873910627,121.4,pompe
2.363314937586273,17.30035450988484,12.66714227202926,3.554083679648277e-05,0.050270241398766236,2.8651378140572503,33.900808084200676,10.486028278617802,0.0,24.56525517543994,134.17522753158534,80.12054618491344,1.183903212534501,130.98689196068344,37.249250982645755,0.1572334468016263,0.10020577001965704,121.60000000000001,pompe
2.443342427597945,17.644317437364187,12.643009999967862,3.308937925365402e-05,0.0510182358005908,2.839040972567196,35.411162164380464,10.030565672235205,0.0,24.52628306718201,132.49803389347957,79.70299267448162,1.212211690500697,131.36622366880454,36.92036258720496,0.15075143705903987,0.09639016763465363,121.80000000000001,pompe
1.8285178819070032,17.018474446424484,12.548493879923159,2.9812557984673835e-05,0.05069725153954805,2.890371540498871,36.99535263694738,9.501238826510008,0.0,24.478927702836774,132.83141151054537,78.51303870147056,1.2395997085877282,131.56381117148658,36.92529339690701,0.1560500789563453,0.09632815120222858,122.0,pompe
2.901690435406023,16.205163137332466,11.822397320330351,2.8542284480785658e-05,0.053021911714495024,2.9217762728698164,37.22903297943312,9.24712562467608,0.0,24.4041742930289,130.14080484105799,78.03569139009943,1.2720039194865096,135.08339157549784,36.76814508530238,0.1535353326454896,0.09283184206335256,122.2,pompe
2.276680013605316,16.44838825806439,12.269646184045886,2.888658641103761e-05,0.05256330200133216,2.9496758135777337,36.48593429161901,9.387090119877108,0.0,24.42871045070612,130.8870786303147,78.21994862274533,1.2848631247127364,132.3808675373375,36.312920558274875,0.15244507469844262,0.08986378137772513,122.4,pompe
2.3940288008504886,16.08868735363172,13.023737724050793,2.8425387002201962e-05,0.053564060560782785,2.9643034391055156,35.91787108286372,9.408704129987068,0.0,24.493436444518444,130.7356156698859,76.62320930237756,1.2546995309481908,131.9341060027856,35.260053236811665,0.1585222216759958,0.09105347265658946,122.60000000000001,pompe
2.470010694826533,15.16466988970531,13.618713740756167,2.6717525633486286e-05,0.052131016999981884,2.922637896046247,35.98184218270511,9.546008840937851,0.0,24.550184228602724,130.8182640966496,77.7970796225037,1.242723939849294,128.88671830634664,35.01662075191998,0.15551370619568627,0.0897581329965975,122.80000000000001,pompe
1.8254938695274419,14.846848447973127,13.943340884769865,2.784471647667308e-05,0.049937309781402456,2.854796883281646,35.18777028604773,9.720058836787077,0.0,24.5099134171143,132.1632117104853,78.91407287656394,1.2418157416633535,127.62869789534014,35.217443192756846,0.1545308736370721,0.08925739869639407,123.0,pompe
2.8621565365116726,15.534734332644776,14.02410890764527,2.830890774179758e-05,0.051239831037915844,2.8770595296910235,34.7111083971615,9.972749318169358,0.0,24.652456973737355,132.789668671859,79.7627572264292,1.2461785322176298,127.60140638947307,35.16824277349646,0.15537216874195578,0.09028271158203872,123.2,pompe
2.3164108800933167,15.916356600670934,13.674886505919892,2.7383680856952854e-05,0.04952899619957959,2.9625711859383936,34.210982510987506,10.190511700342853,0.0,24.66865106556534,132.65348330171096,79.02912116973658,1.22954401676786,130.7406360949432,35.295161614624135,0.1591543444687546,0.09310162524242031,123.4,pompe
2.4236501192979496,16.279455504262227,13.66051205564599,2.5697957076006776e-05,0.04911377452889451,2.992161304538234,33.74171622683419,10.025336299334485,0.0,24.78484459370633,129.50297171476123,79.67376264355714,1.2247966832071588,129.76441526899342,35.2364554413038,0.16135563939992,0.09459629148583305,123.60000000000001,pompe
2.5364043126388873,17.26941878867286,14.424886909909468,2.59200727770982e-05,0.0483091188529747,3.0168761052308217,34.1832777626199,9.73601827920645,0.0,24.672437027005234,129.71073288305018,80.10332714917574,1.2049408278354687,131.75051178157585,35.381403168613126,0.16609968351904486,0.0953551432839548,123.80000000000001,pompe
1.8685985447183335,17.69984602908069,14.830947718681385,2.4874008850176993e-05,0.04657139136406997,3.02027186581542,33.24094059547547,9.971214162216322,0.0,24.76721029542054,126.15231792904619,80.35925504858588,1.2277642724429654,130.33179831361596,35.37819450297753,0.16439695465724632,0.0938781679861779,124.0,pompe
2.925950355643781,16.363634908797234,14.72256610339563,2.4815641382353466e-05,0.04615025507387503,2.9645911017690207,34.15256252774548,10.087456193375896,0.0,24.69508754253257,124.651500728307,81.0594505536387,1.231662351923876,131.87428887333638,35.296104541085626,0.16081854393458633,0.09579576438595208,124.2,pompe
2.2540581471719663,16.63850011809087,13.673770396801933,2.379413729335279e-05,0.04700776439100608,2.9247822165354385,34.88577354897791,9.400546929335265,0.0,24.685071530371527,127.70592237067814,79.90393021976627,1.2422088245866345,133.89480565231872,35.02873243354241,0.15927405372180103,0.09606581390463338,124.4,pompe
2.324026914227542,16.198190036684817,14.451829498691307,2.3743722577656535e-05,0.046643739614505526,2.928806351092608,35.41745698876177,9.582373665155473,0.0,24.769374228507335,130.07489225885018,80.74002501640005,1.2276439400794399,132.19546914614358,34.94924061398735,0.15929035416439674,0.09230916328950106,124.60000000000001,pompe
2.476463332840203,17.3480139951103,14.769960398212271,2.2677289377665886e-05,0.045624546218432385,2.9427301659931855,35.237522894207856,9.66473950208071,0.0,24.829366198035817,128.19817912041668,81.08485415374459,1.221158918924754,132.1505564770307,35.43084724922353,0.16259266038746642,0.09521164238762898,124.80000000000001,pompe
1.906494621431052,17.232630420405226,14.562353963490693,2.0837766578508683e-05,0.04681813057579703,2.9238006849071594,35.68141533842856,9.79993373627399,0.0,24.777596128320855,130.97827263472757,81.50540376072726,1.2111893839959662,132.05899078100285,36.02294446842887,0.1658120292845393,0.09210760703808475,125.0,pompe
3.0154362145013285,18.022872899043087,14.425543434565334,1.9531043117893977e-05,0.047735787973158486,2.9470304153497384,34.27377586511906,9.692777245200151,0.0,24.777952919067108,129.7612273496209,80.51224043798402,1.2399228002026652,133.69933486305155,36.77910605287316,0.1665179359551431,0.0946978875872115,125.2,pompe
2.301373665795502,18.254582044073896,14.59727600802915,2.0111583834509883e-05,0.04787465056087747,2.9123802874121223,34.31662279537653,9.223002282041588,0.0,24.82349885112853,129.19574127199402,80.33635704594849,1.2532076471926907,136.35405040116848,37.11034864367146,0.17363628492898928,0.0957380390766668,125.4,pompe
2.449012825152269,18.412689865322076,13.767808007566405,2.0390710391260485e-05,0.04512506100358504,2.880213566090429,34.33061022142501,9.024509474514836,0.0,24.925248562254087,131.21115503727245,79.70508816392545,1.2446937578330248,134.14460599195826,37.52821510043032,0.1724369218349114,0.09158959557027635,125.60000000000001,pompe
2.551096852867858,18.795161214355577,14.388702525899246,1.9910164344383094e-05,0.04455901166185963,2.9825671442890305,34.345751862223196,9.219813873239477,0.0,24.96316920774185,128.75305937024987,79.31657679636646,1.2241375528660408,133.17338432871819,38.22658894456523,0.16985348752981702,0.0930418278672506,125.80000000000001,pompe
2.027537552964333,18.721240660252462,15.047418093011578,1.987492822000118e-05,0.04448599727592582,3.020707407694282,36.054420308116086,9.044774364779716,0.0,24.90585287894948,130.571696771144,80.63733649298318,1.2147771428857188,129.54487022875608,37.942728059988895,0.17171281596070798,0.09287009116898676,126.0,pompe
3.0446481459365895,18.054269759730264,15.728154467366865,1.9704256732118115e-05,0.04488432953136438,3.0270531563851595,36.482495110153785,9.138811362496115,0.0,24.92607748703056,132.0475871429505,82.00513535029994,1.2210066217723043,128.03488173645226,37.59361205020389,0.16981119799922642,0.09323143500381703,126.2,pompe
2.371914279620147,17.080934696579753,14.899329977115318,1.786761437094697e-05,0.04167211623930871,3.017667918264691,38.725604551149814,9.560691907511613,0.0,24.933873121267073,129.55434887850646,80.67939142960041,1.2009294637188874,127.81337520017073,37.56472897821379,0.1705404363595169,0.09459154151288297,126.4,pompe
2.4692014548107077,17.088614781329973,14.136391841050111,1.6654743270216327e-05,0.04012182681197874,3.050388911316613,38.23989476721189,9.040192971745833,0.0,24.86378274469207,132.5586103156096,80.16289860768548,1.211477815678035,129.85862562012625,37.149495920052,0.17058524415413603,0.09573049780641738,126.60000000000001,pompe
2.5672977705070217,17.414750212126442,13.292692454444042,1.6639604530990518e-05,0.03951768141073028,3.0667442155375095,39.06353214223702,9.184752278073667,0.0,24.8989494161978,133.86241125925494,81.89832869517544,1.2103304859421926,130.30343477462327,37.68164801034039,0.168474274568475,0.09287243571357344,126.80000000000001,pompe
1.9802974849638866,17.22194267049327,12.600119832397073,1.6591479577955602e-05,0.0406347402136332,2.975865237859945,40.001393696871986,8.55233220549472,0.0,25.001072144510044,133.3425582265498,82.10427604060418,1.2221710598383841,127.49596056455947,37.78055780284299,0.16846874103729184,0.0967802738089204,127.0,pompe
2.9466009866073497,16.756025310162276,12.110578713008858,1.5641521036015756e-05,0.04149949959022106,2.9747147332523842,39.279653378300694,8.472849294446686,0.0,24.97403611287316,131.17030926623366,81.9212892293222,1.2157450569118051,126.36559283644365,37.92118668771878,0.16913096466855315,0.09554025701672958,127.2,pompe
2.2962520528060035,18.903412938719505,13.340177343815375,1.4735274870331986e-05,0.04048338867801928,2.916414369268955,40.29809447164338,8.429659715439984,0.0,25.085241110302682,131.23140768946791,82.80335449579478,1.2237538501254037,125.53738408147618,38.52532669526314,0.16570541663355773,0.09840532787354353,127.4,pompe
2.3995521364771766,18.31998002657815,12.746737380495015,1.3947558968955663e-05,0.03992700068708981,2.789854301672274,39.9266887142946,8.37052208366134,0.0,25.10841387686061,130.070680774666,82.39197530167786,1.2194374060194784,128.22545052249646,38.1615305486277,0.16282223669180876,0.0959083949176247,127.60000000000001,pompe
2.4297916820033176,18.557746767095125,12.907458155592153,1.4309833744244444e-05,0.04069803945503426,2.9099322451939673,39.78452075042969,8.399133069179854,0.0,25.14698816377007,130.36170805765974,83.20635043734988,1.2006973253140392,128.95988887328502,38.32714124529611,0.16309659251154926,0.0944113308975439,127.80000000000001,pompe
1.912833836587773,20.644399481663303,12.327692052870344,1.4383184718980354e-05,0.037990533516808284,2.9426211593312077,37.73375020214556,8.342284199341968,0.0,25.134301363931804,131.91982170720232,81.25375854189691,1.1946002604343429,128.21689822736866,39.2084999132883,0.16444809297877258,0.09191865920896188,128.0,pompe
2.9292569546566605,22.19788105103524,12.841127790945412,1.3616509216550411e-05,0.037603019553944204,2.9277175239547812,37.1220484632582,8.029494172809892,0.0,25.21193289558494,131.32341054195436,81.24304632929567,1.196522011033856,132.24079080293328,39.26948531669921,0.16827689516619398,0.09065609323605339,128.20000000000002,pompe
2.2756149104936996,22.128832227009337,12.53893401974744,1.3231986035325173e-05,0.038197454999584095,2.8835897963979136,37.06483913645813,8.267004626681747,0.0,25.27319586377296,131.53077313618147,81.16407978476873,1.164397629959339,131.7085529921793,39.52186987731065,0.17471889883646588,0.09177411611176296,128.4,pompe
2.471866370534791,20.523518921075976,12.610403962690498,1.3545552102584116e-05,0.03728454043841379,2.9314251182369375,37.762466819239414,8.404998696681426,0.0,25.216950592164498,134.77908405321745,81.95365914772087,1.1696722938872268,131.10621434142644,39.59704993594759,0.17509659700097877,0.09255753234676434,128.6,pompe
2.6038566933095884,19.55610253196553,11.912075869892405,1.3303044231680934e-05,0.035698002010093495,2.9119003514819712,37.1802626353396,8.574204017807078,0.0,25.106972328139594,139.0188712940809,81.79689247307066,1.174979225272921,128.77625739616528,40.184904569551485,0.17498811948164825,0.09238735799758782,128.8,pompe
1.8692434032707164,19.566227983469506,12.471263422959433,1.2912699468809443e-05,0.03649600505250461,2.968833882069657,36.500077940924015,9.002431425971785,0.0,25.109200319578374,139.25101992271445,81.97213496733542,1.134082787908613,128.60039503549032,39.50865056152979,0.18119153699824544,0.09567690101205405,129.0,pompe
2.952139343521324,19.101442320629346,12.004713664744196,1.2343074248180968e-05,0.03796079934352838,2.929448529793196,34.210263031720885,9.26392979084919,0.0,25.201966299268634,141.2508875523445,83.40574115374693,1.1348851643202,125.22171527818765,39.57862967909263,0.183439245711195,0.09534029340060425,129.20000000000002,pompe
2.298028036504545,18.157300956330598,11.565248062838341,1.2924101160626102e-05,0.03942392802218771,2.926686665248792,34.47862480592316,9.025325825962957,0.0,25.300756396183996,138.42088645454572,84.0224542689373,1.1431729884782937,126.27713911172451,40.51569726413911,0.19169200750314597,0.09479867965278642,129.4,pompe
2.4657181362301412,18.154036356788133,11.320183082083965,1.2781013036473556e-05,0.03985290433680654,2.9355843440982228,33.68051124021594,8.934968672039366,0.0,25.252571417562617,139.05424755438855,84.58895490126923,1.1582994978646588,124.99255285542812,40.25426690919038,0.19816744448806703,0.09440819425513318,129.6,pompe
2.5599252621791293,17.93229358905338,11.99308802309257,1.3062597315617977e-05,0.04068802264790331,2.9345216901569846,32.92480237248322,9.435324881711747,0.0,25.22623048098957,141.78317514760795,84.07649948923601,1.1803286724727389,127.66428838540897,39.812076326713935,0.2004440319480548,0.09603248534495942,129.8,pompe
2.100283251028611,17.208650593065087,12.84462989655712,1.2799710985744819e-05,0.0394014922599785,2.9257944213934968,32.96208877712917,9.16037452470692,0.0,25.279748436032445,142.27311624951588,83.56219221779212,1.1777463679857272,127.81113797098381,39.98259587564653,0.20515923116775164,0.09657623165338519,130.0,pompe
3.0268809540705406,16.60591846803397,12.955175378420238,1.3059710801034102e-05,0.040394211815585584,3.0176196201075136,33.108439118464716,9.355328150750651,0.0,25.303491337940255,140.26956593607846,83.58739035248344,1.22638973673482,128.48530224869475,39.57548233211424,0.20670216784616807,0.09542161233593455,130.20000000000002,pompe
2.302398485431039,18.70359024556423,13.584933257230743,1.2951654177790668e-05,0.039870301768030664,2.9982327700718727,34.50485838042673,9.40442799956335,0.0,25.440270257340885,140.65679403238244,84.07288272318938,1.2437629152272278,129.45276552230715,40.02927129973544,0.2044161065886404,0.09279196312378483,130.4,pompe
2.44865937579185,20.099458817099798,13.224823565688641,1.2350013999174692e-05,0.04080441088749224,2.9712395562880425,34.09541488101926,9.280041640806694,0.0,25.350337097953666,139.68339658926675,84.42967203618156,1.2467788517584282,131.63401799342452,41.082547984525995,0.21111335430622818,0.09466962178018044,130.6,pompe
2.5371728058607075,19.325796005352498,13.307819152621862,1.235591807114888e-05,0.041387950747676754,3.00206068279256,33.97355436897725,9.463613130054325,0.0,25.39970777065904,139.66811033346357,83.58524418639897,1.2318233733102923,130.57592359195556,41.27345908573809,0.21323518707233705,0.09168229548489541,130.8,pompe
1.9005072821152136,19.510339948356908,12.834428641312844,1.2293444636219022e-05,0.04092863561449706,2.9610378505659396,34.003054109722065,9.529577860829718,0.0,25.385360729938103,140.59197361697642,82.83320578900837,1.2040831988065366,128.06127051919412,41.09081801692501,0.2066920039377703,0.09093609808959062,131.0,pompe
3.0120155002705133,17.913586203390658,12.743626958199515,1.3012026488163468e-05,0.04113002986136222,2.9392899609820295,33.857222489268054,9.61271115939404,0.0,25.354674392125148,139.21118082910206,81.41323611609998,1.2053318212125195,125.82508400409753,40.88488049089713,0.202199772132833,0.09311049572045317,131.20000000000002,pompe
2.321385903833224,18.37080225170912,11.897099560734182,1.2803308355676777e-05,0.039863697327687395,2.9146686030092956,35.933446427222414,9.828468467949396,0.0,25.53611585582104,137.55901613787933,82.79672605777978,1.1804084838208053,125.57838099647401,40.20206536670564,0.20304266309847732,0.09318901976342807,131.4,pompe
2.432697327407818,19.39229408168643,11.671287308575248,1.2688224449452554e-05,0.040432536811896944,2.8359927408080563,35.19759275009825,9.81042532830732,0.0,25.61682361945641,137.21456023313578,82.54095596341185,1.1664663853600228,126.29690469568132,40.094540680085075,0.20147256622181225,0.09295357833768042,131.6,pompe
2.5633677107880875,18.71669227141478,11.378818788665713,1.262228656503883e-05,0.037617806965618075,2.8034198941457102,34.14833568082951,10.1200497956443,0.0,25.58414901911395,137.1798714555092,81.97589813859952,1.160185177774735,126.60783952024852,39.92107338262048,0.19922403837488337,0.09083875621676185,131.8,pompe
1.8835606316138975,18.727591655616195,11.63236739029693,1.1731398788010918e-05,0.03810271788404644,2.839794464165715,35.1086499050856,10.178481705330825,0.0,25.70887947624018,136.68098945925382,80.92565812367936,1.1366456399664433,129.76540245013248,40.9333897673813,0.19481997556202282,0.08933276948096938,132.0,pompe
2.913472419667571,19.810043896652825,11.070828463684066,1.0690676554557851e-05,0.03983237720112366,2.853495452788659,35.561509636898904,10.085790427411458,0.0,25.621401536993577,135.20460989331139,81.13534649604414,1.1027215210828483,129.3690073592395,40.78337975508753,0.19319021095721906,0.08820046707418985,132.20000000000002,pompe
2.2164068333338927,17.952633291148445,11.274970412546143,1.0353645172740262e-05,0.03845709465638382,2.854617940286892,35.29387286928911,9.930823760701747,0.0,25.659971482414704,133.04941857684562,81.30014182788784,1.091192198279057,128.8291801812093,41.468815733719964,0.19519426025668293,0.0904228197714092,132.4,pompe
2.385289244961491,18.2419390253731,10.493971587260303,1.0021154594564493e-05,0.03810083444424173,2.9155374435152526,34.833942491655314,9.979458625584902,0.0,25.72590454521458,132.88272140660115,82.30347466915715,1.066950897933524,126.20578665717494,40.265193537322574,0.19833960156857042,0.09175620469637318,132.6,pompe
2.545471009299086,17.517190233762072,10.345322191639378,9.7695166663088e-06,0.03918883167897417,3.0027452166791124,35.59558609875994,10.033445729496151,0.0,25.710612617676045,132.26008490479188,82.25674203273984,1.053518734780339,126.0684282303091,39.718328513678806,0.20261353695875675,0.09283751383051059,132.8,pompe
2.0179128383873715,16.034563683205768,11.362276286573131,9.032582828471533e-06,0.037986378239402374,2.9669461039845033,36.83473485091644,10.03661460036721,0.0,25.66450582288593,129.91614131699316,83.61607024697953,1.0653047099002437,128.54866770752406,39.98476638947255,0.19066600968448558,0.09024922868019904,133.0,pompe
3.0502277337018397,15.645156298434227,11.114455768988275,8.494805426505982e-06,0.038638435810684206,2.9886912099768863,37.279873887892435,9.812210075413587,0.0,25.58727210423937,129.7746901773896,80.9230477370754,1.0435464260798737,128.1476375955492,41.332424498101126,0.1828372347175473,0.08773506835169138,133.20000000000002,pompe
2.3992848757959075,17.349372616067978,11.246336242367846,8.533242964386275e-06,0.03818372384704438,2.9590235275774797,37.29392911587358,9.596827861162714,0.0,25.494958781922698,131.41872840996916,81.06856288377452,1.0410631281709497,125.51277358154405,40.84034049827772,0.18751835294258803,0.08729106944596483,133.4,pompe
2.5227787970523634,16.510176923342772,11.299481184157582,7.946386199339322e-06,0.03810690322093228,2.9762650333576914,37.55673145904331,9.34393442975715,0.0,25.525028150009604,131.12495473175437,80.8581267449802,1.0685667729845578,124.0893681601995,41.48630662868151,0.1824414235158974,0.08854259393369533,133.6,pompe
2.641879170608073,16.077126384290032,10.746964829489261,7.239798801250562e-06,0.03742449602083167,3.001884666892451,36.41535656912728,9.358523784574977,0.0,25.511107995824165,129.20227136601721,80.87620196170812,1.0617919055707479,122.30091608352379,41.1682163840649,0.17838445221432184,0.08594201164061188,133.8,pompe
2.0732265865994175,15.819016981432636,9.793349425118375,6.92847690916742e-06,0.03803880677682329,2.958709700594641,37.85633082076665,9.132557039023668,0.0,25.56973713675729,130.07257072183245,79.50259053882272,1.0488389763246242,124.42663344040987,40.77462182405854,0.1820403177072214,0.08508359916152824,134.0,pompe
3.077734682218261,14.625213727591483,9.60663133047173,6.569853913869603e-06,0.038069583564493185,2.961258354460794,38.269560433966035,9.029749411798798,0.0,25.57961161006874,128.37224100231487,80.76610607492701,1.0477596218053828,124.05646422996732,41.07813883050326,0.18144461087750333,0.0819539363865814,134.20000000000002,pompe
2.3331812951116286,15.661175971435041,9.695937015448893,6.048778080906779e-06,0.038208772596670625,2.929481932155703,37.31465160452417,8.780785019076598,0.0,25.466861030373742,127.02882610104629,80.99815341876936,1.0707155491898988,125.15692778996296,40.663145713627635,0.18747204222926717,0.07947810568271532,134.4,pompe
2.4714581912762004,16.073516972883557,9.39669341289508,6.074947329611997e-06,0.03760991339338442,2.9639983496959945,35.480305673915,8.907494984004131,0.0,25.53184279147589,127.05034525426677,82.46739719636535,1.0784740096433216,125.10822185660405,41.14553593863133,0.19053266536050556,0.08029402761923526,134.6,pompe
2.439190527181448,15.259253035428785,10.090808850688607,5.681028086502346e-06,0.0381995884477921,2.9993985967536383,34.78680461939645,8.476575100421057,0.0,25.650179774622337,125.6837236050778,81.69161827858562,1.0644788848765623,127.33502421835541,41.06025132568715,0.187577773570735,0.08284296300422614,134.8,pompe
1.8863087574223985,14.557875263174617,9.607150929115782,5.802467749519717e-06,0.03805163897303969,2.915027481295841,33.150764376743595,8.27909072492128,0.0,25.532517241316498,123.94533669028841,80.79203196535026,1.0582669691831585,130.42529583090683,40.96251788314194,0.18657831246529594,0.08376076492363388,135.0,pompe
2.9191733204617676,14.815225460876976,9.780039505918076,5.706599534779932e-06,0.040316659108571386,2.960684489312436,32.257049441209396,8.447279014187464,0.0,25.557433017867023,121.78869529422418,79.70067253353325,1.0637005522997938,132.3203583674667,41.28923352678126,0.1898797458319836,0.084431670496848,135.20000000000002,pompe
2.296176636896752,14.564412966464639,10.194476042228143,5.800453821367297e-06,0.04008851031385487,2.9523082815064736,33.72241790553594,8.506583763473815,0.0,25.584545575524714,121.74687220794632,78.93374125753078,1.0695456576031837,132.3865991989711,42.37065386319428,0.1929603036033917,0.0832853243375663,135.4,pompe
2.4671978855758616,14.833565226605225,10.842454246792324,5.571509939449521e-06,0.04008767844546704,2.9449257423189312,33.80126025176434,8.366137770406871,0.0,25.607892324516865,123.98231820506776,79.02970924053047,1.0640667204070402,133.9288957653994,41.96532064231859,0.19739375675274018,0.08529768532891908,135.6,pompe
2.6297245110443965,15.191041678900936,10.629013021016037,5.47719851016935e-06,0.04025949715944543,2.9133701698226124,35.053582627580134,8.564390657162607,0.0,25.71535831752959,124.25333341959053,77.98402334851274,1.0527389335084048,136.75289052870866,43.05079717737619,0.20158433794322433,0.087820247389936,135.8,pompe
2.071768472385705,15.727398377832916,10.82165741588466,5.4700949894704115e-06,0.04075648300505584,2.872801532662079,35.75566465893143,8.966750917115034,0.0,25.696773878698224,125.15809547338371,77.41354892475704,1.0348801751791057,138.97940835612158,42.831959013382196,0.2013425289628502,0.08659685458583719,136.0,pompe
3.1300510890840645,16.40889100697469,10.747762648412879,5.1302338419237435e-06,0.040268375740201354,2.9002532942145134,35.941352268807165,9.033395508406421,0.0,25.739832918986664,125.19192979422725,77.98807246672008,1.0220150013721656,143.9098984343722,42.710820362751775,0.20193840925576476,0.08766932426763269,136.20000000000002,pompe
2.4164904669658283,16.554252202492055,10.806316892550287,4.858515760428526e-06,0.04049413997770647,2.813813852345961,37.66331713602679,9.258178147358844,0.0,25.63949364486692,123.97182003640765,79.56071141763815,1.0813038049986645,146.30093273462595,43.351298820561645,0.20399702345841247,0.08599040932719937,136.4,pompe
2.575240187619404,15.593216319111015,10.29941661057818,4.541147522057599e-06,0.04121521911215223,2.8090708953144934,37.7516641477896,9.287771858804817,0.0,25.60049148297856,123.05314219906948,78.17234509246867,1.0745708135077947,144.23429620039263,43.72796659367702,0.20670427683235001,0.08350790257678586,136.6,pompe
2.624448172401476,17.274161179767763,9.91253562473704,4.516542830257737e-06,0.041137462440320675,2.8628125110184905,38.042225450252815,9.216107452897475,0.0,25.60457387248712,123.01456553206057,76.90200879724102,1.0932472416373895,146.36290401945456,43.15749136887515,0.20498468498318062,0.08306141545468743,136.8,pompe
1.928254641960299,15.635025448650088,9.727009390947895,4.365320878233869e-06,0.03965829924858533,2.8700498367845455,39.2166021747437,9.457286700994135,0.0,25.498844447991146,124.31431188034094,77.15977874983895,1.099896062780154,150.0,42.722690774324164,0.19190082340103018,0.08110100907473285,137.0,pompe
2.9820957496040514,15.572979063016836,9.28627910787514,4.057967197034815e-06,0.03917657874323383,2.8048636771429325,39.71316015160808,9.367387716807464,0.0,25.45507261844973,124.86149058714226,77.31048346660911,1.1032355064013308,150.0,42.72314254731909,0.18721525161271046,0.07976045288583407,137.20000000000002,pompe
2.3064991464719866,17.52559507558013,8.8288860164845,3.912611437494754e-06,0.03909629644096147,2.7879183769920344,40.83598418756997,9.32649683058759,0.0,25.500910173083604,128.03694226351388,78.88735342645252,1.101652366335203,149.91997684593818,42.79169758439755,0.18753777891907136,0.07823746249877542,137.4,pompe
2.4861129128240433,17.64947500548734,8.958111588200623,3.656745334655096e-06,0.03898466570228537,2.693409128800322,40.154262811152826,9.231752300238469,0.0,25.607754065889306,129.11546046233093,80.53328855379154,1.111704564769627,150.0,43.91256564177439,0.18419905297289096,0.07683091378855202,137.6,pompe
2.6112163539179,17.607483627036853,9.192710414026688,3.5476330791435547e-06,0.038302709405212645,2.771196690362323,38.9827960811998,9.47403858008129,0.0,25.51692213654705,127.77226632359293,79.90952068745972,1.1207263167402544,149.26617386550814,43.899033485311776,0.1780058858613958,0.08090763374062002,137.8,pompe
1.9893541782035258,18.07439080778333,9.110745987063549,3.3913032769677653e-06,0.03981315536180958,2.6760182229222966,39.26359709574951,9.208245325216499,0.0,25.479965858429757,126.1866498650168,80.04245791876015,1.0831637569810122,148.6542942662289,43.882910314808825,0.17240316413337925,0.08366296363466573,138.0,pompe
2.981177665994252,17.692332513238675,9.023996888031899,3.310192974662226e-06,0.0408255899288363,2.7955146404893334,40.074233969509585,9.55604510000275,0.0,25.493575918169924,128.9729388603867,80.98806342524072,1.0860304724269958,149.36221749156257,42.86071549037182,0.17327687021926524,0.08079535387453897,138.20000000000002,pompe
2.225629461898693,17.937705846400448,8.730465704727205,3.2397749444180493e-06,0.04077868492447598,2.803047609774135,39.07431739912694,9.816734909411162,0.0,25.51815839379825,127.00779185977238,80.88788550080768,1.102693884474484,150.0,42.44586806223944,0.1709210860939687,0.07900410788228052,138.4,pompe
2.3434339416715324,16.539790424937202,8.836543743090246,3.2458098583969365e-06,0.03989584899944276,2.7968999863029413,38.82269076327841,10.109097613949151,0.0,25.484783318592733,125.67090139950294,79.75686081484781,1.1109944283517665,149.74786557247506,42.520050028024336,0.17561274208113858,0.08136952776859441,138.6,pompe
2.3806817799766113,17.092835564650684,9.049187443231174,3.124486412453157e-06,0.04001972095919878,2.710125748074474,40.361249264722375,10.2422524970097,0.0,25.450871729485144,122.93412188435325,79.51833343261093,1.1042255398451208,147.1292598700667,43.008117684620515,0.1804344997102367,0.08129296388361461,138.8,pompe
1.7938301138426858,17.454818243529044,9.170946445885047,2.9403298308992344e-06,0.039269869369181726,2.6942845631728987,40.61659284219764,10.24782036187749,0.0,25.363669248008033,124.14938379471619,79.61502636898996,1.1432774122888802,146.38609388547377,43.235707895207824,0.19193566675914303,0.08162001264840299,139.0,pompe
2.8561852904248757,16.382046654755932,9.953781267547491,2.75946970080752e-06,0.03947984772543072,2.670015649951285,40.39660746126444,9.869430396212389,0.0,25.34734821556321,122.25020932374497,81.05671604717402,1.1359460613680528,147.06610851221913,43.76613312379496,0.1936759932992609,0.07768144143060793,139.20000000000002,pompe
2.2817952125989795,16.374920131386514,9.892994747299065,2.6909978549955413e-06,0.03791633970218324,2.677850535933631,38.93723249834223,9.824471351200142,0.0,25.407725696048974,121.02930145264814,82.73840474804264,1.1509290619675334,146.2356860263138,43.15737683602032,0.1872157201441781,0.07813161124255462,139.4,pompe
2.3812255725892175,17.426760868828815,9.68323762170009,2.5492942958679488e-06,0.03795381596991005,2.6436650926653167,38.962653662135835,10.119641052289355,0.0,25.414027354171512,121.48386283772348,80.96419661720527,1.157351910885221,146.57004290727227,43.717536103522306,0.1894710240222226,0.07775347746149244,139.6,pompe
2.5496753060754487,17.10473185666494,9.908921811377049,2.4676826966414776e-06,0.03818644209149027,2.624491461719328,40.75284848502194,10.704759006709518,0.0,25.501194496333753,119.12016703270825,79.52156088912291,1.1527453973018782,146.66462729005846,43.639202190021116,0.18233826376479165,0.07975580140945072,139.8,pompe
2.0642122030239762,18.315997319217203,10.504974359820181,2.435975183877677e-06,0.03731114426719377,2.626482907290004,43.12335634625829,10.594560600342874,0.0,25.563840005402316,121.1394775587886,78.71072788116518,1.149145422557309,145.68996725562968,43.717952507589985,0.18660838673076696,0.07830727620462477,140.0,pompe
3.1152273869433507,18.27463014539125,11.768585762485452,2.412870839148771e-06,0.037071824305385484,2.652166253937938,42.69200678266481,10.089847073272912,0.0,25.548618637662305,118.69973572002695,78.72378093817774,1.118173310450245,145.02609734762035,43.898462979871454,0.18671508845574405,0.07756360149112597,140.20000000000002,pompe
2.427895136981814,17.599843571412833,11.848044915795404,2.3673135944605896e-06,0.03617554095566563,2.6633776844440726,42.93767353426687,10.05617362101336,0.0,25.540006949236407,118.3863995150951,78.37038858906328,1.1043020123704095,146.38825318778441,43.53285017091588,0.18405941177626786,0.0766089800121532,140.4,pompe
2.4766498309203357,15.983540850750448,11.660397331709886,2.392760966778142e-06,0.036181508293352475,2.7371703473389273,43.74771432574966,10.20885740529078,0.0,25.533884995243362,118.6184258992536,78.45122583959018,1.1280762881576916,146.40928160243303,43.19403957242839,0.18619793302340518,0.07519647244146126,140.6,pompe
2.5962884128382524,16.364173432846698,11.584180706616651,2.3914846292019885e-06,0.03484409663700606,2.7434307494530343,43.10368537231249,11.007860482777197,0.0,25.499281883966944,116.576082135009,79.93338143154136,1.12318748230014,144.88969660281882,43.42885418432992,0.18862153088325237,0.07624456627065385,140.8,pompe
1.9749992149954982,16.53811195791673,11.738644172810465,2.3703161464147475e-06,0.03502864969242597,2.795781585292254,43.07424649496313,10.703309286961861,0.0,25.541723541889382,113.95458523143407,78.13947936807837,1.1375262183553132,147.91026026748102,42.73651319247337,0.1887344052958466,0.07553787665994034,141.0,pompe
2.985053936796689,16.713121871202645,11.112566529650842,2.2285898648404373e-06,0.03464463695206124,2.786548178424019,41.67750908694493,10.871958737954806,0.0,25.51706893307987,114.53747643954983,78.1042521118302,1.1506226048631685,146.09736951350075,41.984220681435076,0.18712057883016728,0.0756121873282193,141.20000000000002,pompe
2.253279170081912,15.614882114427198,11.260157552076896,2.122249261932148e-06,0.03339046436604389,2.8330982523674932,40.89521463728845,11.146994276525685,0.0,25.533318663401786,114.3604715294908,75.47128088331495,1.1333861312727762,145.8873007575141,42.234783943063626,0.17947378837954397,0.0754934634131856,141.4,pompe
2.3410328708742605,15.799630103531564,11.27608443191359,2.1348437633826847e-06,0.034054602418356075,2.85426274713625,41.76478914014685,10.947575913828112,0.0,25.46325144396226,113.70186467374565,76.49807333662832,1.1450989451931384,146.88869071419504,42.662840371662156,0.1710127091113982,0.07819413095934884,141.6,pompe
2.4528850262985276,16.89019517662496,10.326875646691882,2.1095895807644455e-06,0.033483497204307246,2.8813605616625315,42.01218929680469,10.967832296734844,0.0,25.45943504460534,113.57831668437872,77.11535553311425,1.1605030308401532,147.2275945475035,41.980469244171324,0.17115272787154284,0.08286092993817165,141.8,pompe
1.9568434443106892,14.392759238237206,10.441402511191047,2.136778180060644e-06,0.033204981029599505,2.855236092237877,41.59555856655307,11.040859738897177,0.0,25.526623030394767,113.64449056761192,76.26102488183433,1.178109507837991,144.2514361025169,41.71352735507762,0.1687047781689748,0.08689063153528231,142.0,pompe
2.9530009188789075,12.788137750659974,10.194999031940656,2.1270108016893936e-06,0.033651156535075,2.971296467202599,43.09517661810641,11.007150119740968,0.0,25.618915286356103,113.23512481027913,75.69822678934428,1.1714376643370437,141.9038775202969,41.499823952058286,0.1675585319215767,0.08827912305372201,142.20000000000002,pompe
2.2850810957934735,12.16603409726446,9.480877170970322,2.098353297092803e-06,0.03356285303386342,2.93911264503823,42.38859367802095,11.007799106563045,0.0,25.573686762834658,113.52313565287254,76.79165227636749,1.1590689062292008,141.95837613573377,41.52514755127788,0.1624525472527529,0.0885687596995637,142.4,pompe
2.4226423822339527,12.633778424183872,8.98907334859873,2.054978624959924e-06,0.03447322655416662,3.047564908558655,43.730964362517575,10.562664328533224,0.0,25.545497782785908,114.10805076032794,76.11018132224274,1.1326188014351124,141.38320025340047,41.976106128594466,0.1632490150043791,0.08932632413404418,142.6,pompe
2.537285084211604,13.022371512283152,9.229008761119275,1.991692742873182e-06,0.034390690903021555,3.1410651715994713,43.697050059917565,10.477793363886827,0.0,25.532478786803487,113.59280008592212,76.4403887566011,1.1248504952572311,141.2053872395041,41.577743329601084,0.16339184680450405,0.0904572533945981,142.8,pompe
1.917029984154104,11.81729471416504,9.502329373307143,1.9584328990048007e-06,0.033489237869315715,3.1815272150324225,41.85067689911842,10.66124166232866,0.0,25.402698035399915,114.01630625020411,76.14550596338584,1.1162838276228821,139.92733954095021,41.552941562357326,0.16137625677034012,0.08673477936512913,143.0,pompe
3.0078011817153527,11.699571499755699,9.185421934734004,1.8397439778761858e-06,0.03392905833163102,3.10514997545419,41.78353426427216,10.35699665114319,0.0,25.339519251351998,113.221032152742,76.27864674825386,1.1196157762355525,138.58603379197504,41.54864296593341,0.1643633198156645,0.08352800229248465,143.20000000000002,pompe
2.3518087089285813,11.37945111524272,8.759215939382152,1.818273088663331e-06,0.03337373046608903,3.0352754112616824,43.10866266411285,10.518384873071144,0.0,25.25554442216692,114.27901981401422,76.10810061788432,1.1422707182279204,139.8580599806792,41.76229953824896,0.1603941938581936,0.0844129781639162,143.4,pompe
2.4055933197870263,12.341359088874501,8.927709808774763,1.7270967371902155e-06,0.03383781087786165,3.156496661717763,42.67504959386853,10.58511238737296,0.0,25.259796737911472,112.14007084892681,76.2252277163662,1.142788013227668,143.37852030836797,40.81406821540773,0.15914116041674659,0.08683961321563503,143.6,pompe
2.499613690272279,12.345570635346848,8.620655683767701,1.6340594686595624e-06,0.03234071168380422,3.117913646739031,41.336416016709535,10.494544014887868,0.0,25.232154360729755,111.6191311243587,76.2992589921529,1.1343884526298589,141.45478461803964,40.9103741259382,0.16274088584610918,0.0870476843589251,143.8,pompe
1.8665513935522535,12.399544544115416,7.895384519615295,1.5915546429518138e-06,0.0319150556355921,3.062999685382659,40.33325271140564,10.27266846997654,0.0,25.29327680254079,110.39736920589519,75.89233477435344,1.1266960191491062,143.1082444305932,41.03935526575969,0.16282104303169098,0.08805358998590843,144.0,pompe
2.889419245005281,13.342550436811152,7.947600667444841,1.510095235836023e-06,0.03161597241275953,3.1280253882445868,39.74404869076551,10.462923835976012,0.0,25.249440759651804,111.5431202635997,75.12747590326659,1.1391025454703079,143.87752486653432,40.609772306516575,0.16230167152701838,0.08693382890660308,144.20000000000002,pompe
2.2849247621991706,14.943206596706151,7.890779818801474,1.5074360201574352e-06,0.031498902885173964,3.1260098777088308,39.42489621258822,10.12142703015351,0.0,25.23257570497006,110.35708680384778,76.2818046367731,1.1403535937598142,143.53634108826074,41.396856903405606,0.15551575803613396,0.0893981825271794,144.4,pompe
2.3763828067066983,15.118844509408301,7.800011682170084,1.4267274556712526e-06,0.032304060624334725,3.22808903769173,39.055963792732655,10.13409889884256,0.0,25.32983511107444,107.43735589558756,76.79104535638757,1.1290153248905515,139.17105893103286,41.24432126724492,0.16183150826192522,0.08804838204169062,144.6,pompe
2.5327817313928187,16.140409892585048,7.916635856500111,1.4028779581272771e-06,0.03095082013704021,3.1834160638286897,39.854929275934346,10.04786617126345,0.0,25.336808255792626,110.82000299559816,76.47434841403589,1.1532567938346183,139.55796584693744,42.240335708457586,0.1572036214001193,0.08836736525250787,144.8,pompe
1.9034049514795752,16.278513381426627,8.503192464320481,1.392474227965722e-06,0.0316754214778541,3.141887937185812,38.81952925422979,9.96528121921024,0.0,25.32571053554942,109.56661510788616,77.8381071695773,1.147230928375665,142.3822222114929,42.291287957010084,0.15925012439273653,0.08942860562347803,145.0,pompe
2.907386464867629,16.488190600481477,9.395192181378416,1.3757671243384917e-06,0.0321856072996539,3.17762549628859,39.00741868822535,9.940514731807879,0.0,25.368402292471504,107.76484880106726,78.21565353521146,1.1440693222102927,141.74468605429968,43.0766196193881,0.1564090462561737,0.08663524979033467,145.20000000000002,pompe
2.3281308577971553,15.365673737153452,8.724523710877286,1.3922011702242132e-06,0.032163266220590715,3.2011839472252,38.39043907840173,9.49220475352123,0.0,25.352396158283923,106.11613118039288,78.65794210074041,1.1366312674568417,142.21388192285184,43.206762213326414,0.15752438111935557,0.08756433147977011,145.4,pompe
2.435902920870546,15.520775050617948,8.915409496143385,1.2471514519620556e-06,0.03249492387588087,3.2062684219271347,38.82934213477728,9.11500689092101,0.0,25.290022786883423,107.36349823904668,77.30871180260385,1.12220961785234,143.35518373630595,42.88337298082349,0.1540421637562661,0.08931269694492275,145.6,pompe
2.5877786563625396,16.154040826213866,9.356340628403748,1.2105804751330808e-06,0.032208514070980215,3.165756732564486,38.84528109671248,8.957282744574242,0.0,25.32340101042098,109.26018841314425,77.84634508129395,1.1492826772887306,142.1176475640124,41.88013914746604,0.15628672138999905,0.08773814590968074,145.8,pompe
1.9515984670010722,14.724573475913369,9.085301398802148,1.1217582400952344e-06,0.03176037182913188,3.1400608578019265,38.79041486417581,9.24836578399734,0.0,25.23114272009774,110.32422669880151,78.08314763465545,1.1473980622402056,142.18765218091713,42.040522832483504,0.15364455931285323,0.08733601157179524,146.0,pompe
3.0311103867843245,14.126567390371322,8.748232593300019,1.0956273467894604e-06,0.03083264082249853,3.041389474261787,38.29703283658612,9.588672991913796,0.0,25.24065209170601,107.38110522013277,78.6620824013945,1.1485059145591263,141.03403386382473,42.186840568251135,0.15399196340028506,0.08524613059390354,146.20000000000002,pompe
2.3925152073084583,15.249607648336488,8.72735134068874,1.0390266581521268e-06,0.030579425691048878,3.0850734082482325,36.96837119198659,9.711528810382115,0.0,25.253749869703366,106.74797988018493,78.17837821294046,1.1720172642735949,138.49361677563562,42.50653595338772,0.15982680021075454,0.08651848008461377,146.4,pompe
2.432501467360439,14.256413144567246,8.534365822895257,1.0230332713591715e-06,0.03060435825628372,3.0123610318715444,36.036578302857095,9.457077755946143,0.0,25.365504316663788,105.59926040101459,77.27628349461828,1.153931698792887,139.7999886156168,42.525861049852104,0.15639908650364737,0.08577330832484949,146.6,pompe
2.49035590951949,14.543946195313028,9.697993833385805,1.0218245529239067e-06,0.030410731023047182,2.973607004879032,34.730537843071,9.634575765128629,0.0,25.338510590792524,107.51635730821373,77.41242329752467,1.1658001711441197,140.4599970279104,42.467815283784226,0.1528466995962524,0.08544933607118055,146.8,pompe
1.9407020588712285,14.218070185489745,9.939005186264085,9.61440302795222e-07,0.030816565222130197,2.9872510337177465,33.62950363573306,9.556311547445079,0.0,25.266705826913906,106.15888584946165,77.45264564403273,1.1994412108731771,139.2929568082417,42.79419323324783,0.15349751094331293,0.08428513953188574,147.0,pompe
2.9774869917744873,13.844954837896896,9.814362986657098,8.856967427819378e-07,0.030668770673635642,3.0326692416331498,33.70010227790319,9.820573751799625,0.0,25.26277358096964,105.45012707650206,77.06242858526463,1.1755822342005253,138.89774553456556,42.920112045734385,0.15925726556791786,0.08524338378006423,147.20000000000002,pompe
2.272175076310146,13.004531386541144,9.752157249233154,8.931309261515443e-07,0.03038751745641792,3.059054306417974,33.54040086128612,9.964272293214401,0.0,25.352986788030677,104.07268248523614,78.00404735187529,1.1709473388030909,138.7937907045858,42.82299311457593,0.15991491068633917,0.08607531426069222,147.4,pompe
2.4656335167239853,14.095168982792288,9.907740136159813,9.307576210612567e-07,0.030321618697252122,3.115312755063482,33.927788524812506,9.755893022949364,0.0,25.380957710983,104.2180772673397,78.55246123416887,1.1842614128076117,138.8664846479988,41.20694274632569,0.16577098781197894,0.08545850135666828,147.6,pompe
2.513226822929145,13.345975572653265,9.790930752136141,8.9263297647614e-07,0.02969717747675921,3.0741438128137184,34.384974828700294,10.24036794965315,0.0,25.444178032423864,103.88145447926333,78.7791583560651,1.190536616790231,137.76714175807732,41.0207283709132,0.16869706081703337,0.08752198742087577,147.8,pompe
1.91453745358316,12.626558763295911,9.679141781764242,8.290465065490614e-07,0.02962095352162302,3.084817357266236,34.11150779537019,10.221591514364613,0.0,25.45822387856841,102.41148477785376,78.62532183003296,1.1966004564493715,140.839427462265,40.92054614360233,0.17050690836153912,0.08920890791669224,148.0,pompe
2.9422041896303583,13.438710897602231,10.216492534631136,8.536119727104852e-07,0.02980026916598629,3.214319158729243,33.53188245981349,10.734789085443953,0.0,25.534068733718335,102.16983581760756,79.63544741172366,1.2191759472855888,138.90920537594607,40.88061030987146,0.16225314424824533,0.08880338019939454,148.20000000000002,pompe
2.249197852055029,13.477482578723983,11.645437050128464,8.897363645570826e-07,0.028729881211204962,3.2426671822195448,34.205100252319724,10.482379268147017,0.0,25.54925653547593,100.53876508480747,78.65891905504638,1.2211287265802102,139.2331849798632,40.54367895913423,0.15913146404272832,0.08857548720607865,148.4,pompe
2.4387769820520866,13.478838806727932,12.483671348297,8.49135884489054e-07,0.028732113589910183,3.2182744210231666,34.65999389312534,10.112935340535316,0.0,25.452279763292896,103.08414833449874,78.87530484944917,1.229294248462207,141.88932437406845,41.06405478359095,0.15629360750757063,0.08972089593335753,148.6,pompe
2.6417595847390767,12.95000484381484,13.658883710032415,8.430546061514908e-07,0.028333023184331896,3.1633723672266254,34.354972626954044,9.472224414677646,0.0,25.436747500313942,101.80330940343784,79.79069533994733,1.2247558361051798,140.80779211169002,40.93420697733049,0.15728488154504214,0.08981555428121252,148.8,pompe
1.9673159180364708,13.197422141063168,13.515338411011586,7.916406109906699e-07,0.02803042504150497,3.1925350077541363,34.80442020961345,9.342294404336975,0.0,25.38049804222845,100.71502469191125,79.63740308438734,1.2487772301155533,141.23765446999155,40.83281402982379,0.16255098262890108,0.08918808923914084,149.0,pompe
3.091465115123028,12.854028902354882,12.81542184718215,7.703005339670664e-07,0.027755617623455343,3.1428770071841514,37.218599078373884,9.354739108284583,0.0,25.35372770538319,100.14155860621425,80.85790588568707,1.2199960333089266,139.2117342300669,40.747486855812554,0.16726403699828715,0.08839151669008342,149.20000000000002,pompe
2.4446952460068734,13.125291371508949,13.491089660607821,7.116887445110789e-07,0.02809818654680043,3.127971543962351,38.02134417583672,9.097008222400026,0.0,25.34734653455924,99.01022417816748,79.59232535787584,1.2097565318504662,139.57986352298374,40.385862952099615,0.16575018134886105,0.08469050681278563,149.4,pompe
2.52211922692718,13.979491490169984,13.820045120769818,6.945080760859431e-07,0.02813227914803449,3.078403795852188,39.56524899867852,9.579652341103316,0.0,25.49403742768069,98.32186687160477,78.38142432308612,1.1976004536723452,139.29033323939018,41.709523322256615,0.1644322270959301,0.08303041621501729,149.6,pompe
2.5509533786551075,14.96339719519453,14.357260632737413,6.679266529866166e-07,0.026857495398758972,3.0134829890959134,41.26806306164789,9.696740152468156,0.0,25.600221861765736,101.15294622603137,78.45718049213751,1.1967686068405126,138.32139550053938,41.59649197251293,0.15878215132959617,0.08026354074495855,149.8,pompe
1.8430393124822944,15.93753035759097,13.303770526362545,7.020497354907375e-07,0.02630830984674365,3.105324022767948,40.684426062334445,9.239571977513366,0.0,25.680019798940748,100.13309408245745,78.2183307786148,1.181862282286141,138.2072204635052,41.70295106467549,0.1572725879782491,0.07702072204142353,150.0,pompe
2.8724991711491845,16.44948499930266,13.150147495168026,6.790308808912062e-07,0.025654655233816392,3.068204712359544,42.05632172320753,8.920726513456563,0.0,25.68214415824315,100.66897495133041,77.56776834707787,1.1758057967360924,138.3202551460364,41.45850810786555,0.15817728185486613,0.07777054879416061,150.20000000000002,pompe
2.3923798179423366,16.788715497478446,12.060790823912427,6.935241973536048e-07,0.025428944941595057,3.1772082778650605,43.54107532078097,8.791403233861903,0.0,25.647479886305703,100.87687318266269,78.38825981808081,1.193092275038655,140.10864949471934,41.54697388804711,0.1669354057642247,0.07709456437909193,150.4,pompe
2.4181175655712397,15.54209058932654,12.911082810661052,6.770030885414237e-07,0.025411481262217678,3.1428799506729552,42.745704637419415,8.591254520502057,0.0,25.64131873562985,101.6707433450628,78.8629825608747,1.185635053532268,137.5170226143623,40.740504094984566,0.17832469778415197,0.07964148164214896,150.6,pompe
2.5956493593671133,15.017446273208494,12.889341516752191,6.433272917389782e-07,0.024568877486379478,3.106302374379492,44.046444275492114,8.788033232365374,0.0,25.62269795058652,102.89789113602014,78.37542912911543,1.186334621218959,138.39242130507535,41.00435337962371,0.17902326242032632,0.07843965821166979,150.8,pompe
1.9415849950466832,14.212620671486418,11.981612417428524,6.271810353094888e-07,0.024916992791896134,3.0269523564752685,44.11133206653954,8.96890528099261,0.0,25.606623430651737,105.39076186216353,79.07154726177737,1.1564169636084942,139.7418893289735,40.64347953638372,0.18148988988139148,0.07719248344318483,151.0,pompe
2.968851709490654,13.779505579937778,11.952977463271225,6.014133332501292e-07,0.02468686640966274,2.9606045714667095,44.47277258907734,9.013255722929467,0.0,25.662962966220803,105.32674333739084,79.35145981127458,1.1681151351204315,140.46177272677227,41.3337052966449,0.17997675769893345,0.07895437535044732,151.20000000000002,pompe
2.3308100795496602,14.354504088024285,12.13085198099014,6.160777588299823e-07,0.024983395815652246,2.933950833820042,43.50978426492786,9.014143017422226,0.0,25.60207744501398,102.54772059031615,77.82316855460473,1.1994463516925256,139.31962076187142,42.44977874014807,0.18128255531548235,0.0788200562918808,151.4,pompe
2.37887545754989,14.404318891648655,13.169261674120436,6.384387290537564e-07,0.025030894575779877,2.8710815271786823,42.228822956449484,8.827744353412372,0.0,25.6950845207598,103.01416825890702,77.61424462793927,1.224278484625558,137.59427872954424,42.52185514985287,0.1828428809690036,0.0772681269136885,151.6,pompe
2.4586988372419283,13.920676505298243,13.967527875376875,6.702644827785568e-07,0.024988852450854752,2.8543227419505777,41.41610738588258,8.865847635912525,0.0,25.688932020843655,103.78154434653419,77.29750306877365,1.220764481514301,137.34405025538294,42.38344362309828,0.1807173540194842,0.07855207143751505,151.8,pompe
1.773894152230713,15.23833198684823,13.95354535660068,6.709834681431366e-07,0.02529109105314916,2.8153783605165845,40.28922205917582,8.658073059056475,0.0,25.72854927187032,103.16344485516738,78.03483347891462,1.1822416994616314,136.72617902104827,43.09532036719291,0.1797030643769359,0.07706356194976781,152.0,pompe
2.8178869710571064,12.872690713225705,13.26960406339442,6.827481294311655e-07,0.024856279804172005,2.789211469739451,37.75922378569629,8.343813638169053,0.0,25.76350830241769,101.57737264801104,77.47804151295897,1.1817188208509808,134.63816008243316,41.992329007778814,0.1787431043946262,0.07801302515666408,152.20000000000002,pompe
2.2454826116212674,13.688590656108623,12.277282795908107,6.698222461192818e-07,0.02460188918271217,2.7819887627186453,37.519534584185486,8.283353382369723,0.0,25.829947322258786,102.22862843407698,76.05146662244844,1.189228714794326,133.9286813311044,41.80187775537623,0.1753777590676982,0.07891003647645237,152.4,pompe
2.35114462282529,12.957414722781,12.862330676895654,6.514698145439596e-07,0.024416337251238655,2.813758437226901,36.842277916903285,8.276707515067965,0.0,25.740493423592813,102.73020951409737,75.38819162783811,1.2029070421787296,135.01326161735616,42.08074447312563,0.1688757347799738,0.07868120969896575,152.6,pompe
2.4101381825420023,13.029688067716238,11.511727865990371,6.028263439752827e-07,0.024970376203339383,2.829412857637175,36.48096673974759,8.165320691311365,0.0,25.751437304037232,102.45351648325553,77.07633040550257,1.1997453688364972,135.2177694096146,41.34878295987133,0.16722036607785204,0.0789465958189815,152.8,pompe
1.812418161866142,12.798059252102654,11.637106726008582,6.236819076220384e-07,0.024945333741788922,2.884938963560918,37.09338676103104,8.506003980075223,0.0,25.738945361688998,102.3721366670586,77.74742290811285,1.2123789254114863,135.54431691644075,41.88567127412089,0.16483417954440582,0.08047892866329488,153.0,pompe
2.9146534092116414,13.261309148070012,11.65354493459351,6.266598241136761e-07,0.02434563588835892,2.8920481546958485,37.36060457480758,8.272863187088095,0.0,25.666592035960704,101.98339036991099,77.89399134783939,1.2001982980331196,135.80036158057916,41.96851340992967,0.16155132911142325,0.0814597231390351,153.20000000000002,pompe
2.23208392607639,15.188925616245472,11.553639892685718,5.877369546451535e-07,0.023712209756932726,2.948788155009614,36.91169315844137,8.055136609718694,0.0,25.642174901104166,103.08023887396003,78.98319136728408,1.2043362575641254,140.34124773019047,41.05366547923896,0.15834174984717558,0.08094509313803348,153.4,pompe
2.496475754219162,16.722504842972565,12.245058142056212,5.588702649073619e-07,0.02325492737271149,2.902006283645358,36.093461165916466,8.46860726607316,0.0,25.63520570680454,104.3511550194963,77.3456100725441,1.2047860221861924,138.38208510451537,40.94066643179612,0.15600262660611158,0.0797484690699105,153.60000000000002,pompe
2.5942559136010077,16.92574356596611,12.147015956067058,5.545223388411652e-07,0.022708809994078843,2.934304818663342,35.87113493706402,8.420287492477872,0.0,25.620795248924995,107.19215074212542,77.38745982824418,1.186097079669857,140.1927077023623,40.73164423190084,0.15672311351910576,0.07862625541251331,153.8,pompe
2.0476688522257263,16.414242596718562,12.959771543006228,5.223775474655071e-07,0.02246405700750963,3.0053301041389395,36.00475921283762,9.007524606539828,0.0,25.634948956884113,110.14460981037266,75.94064682306752,1.1600533435869107,138.79430369091327,41.228806067670845,0.15090700865191775,0.07963387604940741,154.0,pompe
3.0760084432642016,18.208717265256414,13.572066672156181,5.181715118399106e-07,0.02306167249622601,3.030858409161968,35.50186291033733,8.733818142472428,0.0,25.632075179313787,110.56905458124002,73.91236988866697,1.15642578964244,138.95498003311775,41.58099047655128,0.15623305756943173,0.07991461438722225,154.20000000000002,pompe
2.3421257483173705,16.596323134561853,14.011736664801397,4.913627527164877e-07,0.02341500374413672,3.1039710101444733,33.99794858986465,8.874151133603565,0.0,25.68997130374992,107.66670868045662,73.19308297253092,1.1365037213150095,140.04487157971712,41.859020891679634,0.14681863448548635,0.07932889267278269,154.4,pompe
2.506680015180193,16.710085718493882,14.067638700165023,4.7457727521097925e-07,0.022767623750478513,3.0993127459940597,33.98804619168229,9.00415939942363,0.0,25.694326021070648,109.43556410927995,72.9534963593516,1.114485204237987,141.06041157143363,41.975860314184715,0.14820867443337796,0.07706885362469344,154.60000000000002,pompe
2.691769946845423,17.370871495407314,13.852565023324077,4.48900938546621e-07,0.023225848642800015,3.0351481501924114,36.05681334765382,8.830820419094252,0.0,25.68315127997655,111.94948660202732,72.36578469041203,1.1146939285434179,142.7021216778027,42.39570293794208,0.1516456498369629,0.076186064183121,154.8,pompe
2.0515038905295153,18.60079422855434,13.410016794810643,4.4868190154117716e-07,0.023013602357529205,3.042864272669811,36.059847506789175,8.64634813641376,0.0,25.690898111528348,111.95343218594533,74.03496217097818,1.1299177307392296,143.35032740487156,42.007277641609505,0.14861482521259375,0.07957713266553111,155.0,pompe
3.0088602069844828,18.570125882275743,13.658938509146465,4.3421120178775974e-07,0.022405844102978648,2.996821693719785,35.45672268374706,8.49752616489295,0.0,25.689795814422762,111.32755110854792,74.26357272780389,1.1400024708740693,142.7788549801318,42.56371516279731,0.14419466546266788,0.08163897872848867,155.20000000000002,pompe
2.3524326483535467,18.574708908337605,13.264429163238443,4.0635609341333896e-07,0.021491164306558713,2.952579341096774,35.96831817881582,8.313865794113765,0.0,25.637050403433964,110.91491214038594,74.0397400145783,1.1379519932908138,144.85668104982693,43.3258772094871,0.15055810566507405,0.07867379569314359,155.4,pompe
2.4276099610421245,19.201150956262655,13.032426442033882,4.104604700034351e-07,0.02149959133395856,3.0336466553710877,36.9436528058782,8.610322039624155,0.0,25.630887119866667,110.62395882767288,72.67717633221355,1.160641083147441,146.38135135305782,43.165416797973954,0.15474845046767552,0.07752174202319306,155.60000000000002,pompe
2.431581832997935,20.17869002495824,12.36537268026101,3.989129450453081e-07,0.021507543374627253,3.0509802590996404,37.703227815704416,8.766180885874679,0.0,25.585030604528168,111.22507810318393,71.3493611454057,1.1849607779004807,143.72545388718362,43.00545355290826,0.14997657574492285,0.07621671095832643,155.8,pompe
1.849446768469397,19.49276284763503,13.11528858544703,3.937108917096948e-07,0.021194668552045996,3.0400454523986915,38.84953594297732,8.992067509690363,0.0,25.54554457988054,112.09692493948465,71.81802668184841,1.167946193877311,145.26576544028316,42.53529979695403,0.15414848024807246,0.07707613176010226,156.0,pompe
2.8549325333719016,18.731445322625742,12.859939947908813,3.8763834265815007e-07,0.021008145524795338,2.9747087923751248,37.2899515709341,9.117257795344683,0.0,25.550998987859497,112.66235192511975,71.35206130746369,1.1705188557084167,150.0,43.25348435691762,0.15288245729444702,0.07612975987050684,156.20000000000002,pompe
2.059322804097277,19.849878268929857,13.371181309181981,3.7196152217687834e-07,0.020257076591372106,2.9103381694917796,37.66038824587965,9.09341071879975,0.0,25.555363390141572,114.28831885564215,71.83287267316241,1.1833728005769917,145.89900196509615,42.582928596727754,0.15136917503510758,0.0779408237627076,156.4,pompe
2.337925154387574,19.49198142262256,13.072361931592933,3.3898055893715566e-07,0.02056592606574658,2.8783256135435673,40.70236390857753,8.925255770751082,0.0,25.5975885292405,112.87107765245939,72.1787174946454,1.1954678139948887,145.51544991942424,43.10688936862663,0.1538843373607035,0.07893510512491646,156.60000000000002,pompe
2.4603116767923776,18.1855179362637,13.090113550426617,3.3395366670274184e-07,0.019633884231610776,2.8836067352599275,40.48489011628399,8.650235973756967,0.0,25.579169361805874,115.98606693798207,72.5109053247082,1.211960628677846,145.3385620852168,42.07686376702138,0.1559385934861775,0.07772935274094828,156.8,pompe
1.8521505182919333,17.138154693013327,13.163440641112471,3.398614438740289e-07,0.01996421124624189,2.963090288734692,42.295730053492825,8.23603387728909,0.0,25.4753802094084,117.11520975481083,71.9580426898072,1.203684285080006,144.97151822027107,42.337729923272825,0.1505608724064311,0.07551949775147859,157.0,pompe
2.9032585963233526,18.13750789366689,13.151747064501146,3.231691256009255e-07,0.018943410576059583,3.010445374419317,41.29498583700416,8.046728569199782,0.0,25.39296099291449,115.75162447218027,71.85146884472354,1.1839038222567404,145.40086436457088,42.24109070618345,0.1579564392718496,0.07264634392301508,157.20000000000002,pompe
2.2833060618912278,18.351007564510322,12.587174114633731,3.174310808135012e-07,0.01919169993152972,3.011981117762049,42.68570096772778,7.655166677672639,0.0,25.47628202879583,117.31921609451251,72.50112734473304,1.2032857908782413,141.78301597586187,42.737988567206074,0.16146894852249508,0.0715360462478933,157.4,pompe
2.557866540710847,18.45364369063978,11.463574235151608,3.1507501548117073e-07,0.018803704416221558,3.0717901801084384,43.12287459968049,7.629254130165308,0.0,25.52928246311426,116.15946990575317,72.47796306309148,1.2111712876855758,141.18280536755648,42.58812260044818,0.16130266724844175,0.069804912864479,157.60000000000002,pompe
2.503756639332516,18.649544167496163,10.576794982133372,2.974098618793075e-07,0.0179936598838849,2.9788310752331895,43.40172001096616,7.676852659772878,0.0,25.453700039384195,115.2827711811089,72.97215008494793,1.2097024081651608,142.85241806989822,43.185146278007714,0.16009566835287714,0.06692832709201448,157.8,pompe
1.8615484032475171,18.48953468257501,10.335595394153627,2.800955233258874e-07,0.01794527666340712,3.1076425030498815,42.65597883278922,7.7872987241675755,0.0,25.523995380186932,116.7881518488867,73.88705167883639,1.2314943187714777,142.1161763423044,43.04983741875468,0.16603402771726705,0.06783853148181763,158.0,pompe
2.820260771208502,18.757301802119976,10.193564482000195,2.8331519609084356e-07,0.01803355365016386,3.008599586203714,42.75177356009745,7.91216806401301,0.0,25.556289608183228,119.29400624683885,74.42399027178804,1.2310754504978367,144.42527168421458,44.40484720549779,0.16915239431324056,0.06810758422862256,158.20000000000002,pompe
2.237155038631608,19.014238984024253,10.336184713129777,3.00124029706229e-07,0.01765739336867222,3.067800639681477,42.430778477145026,7.694745101199931,0.0,25.524487859149627,120.3500861874605,74.63446289619318,1.2136580430555208,147.38075882488613,45.09366975145971,0.1749371500141593,0.06842479706309544,158.4,pompe
2.3828313781435604,19.616279485866716,10.208614798658688,2.951918692658384e-07,0.01751312563219496,2.9849160144594755,42.38234707400296,7.699105370215444,0.0,25.5446848431391,122.54611002035521,73.91117550425052,1.2075580279518479,145.9465367495969,44.626044643934975,0.17229149274802033,0.06807935619951841,158.60000000000002,pompe
2.5267109389371054,19.83689110097814,9.891840120932542,3.029427553137011e-07,0.017812439893174638,2.933592498456749,43.6361910771385,7.877231748551254,0.0,25.564571683610584,122.61853325321854,74.57316703096582,1.2101219076305578,145.35324736883595,43.4633719851083,0.17400479078807365,0.06746754695169731,158.8,pompe
1.9653263470364593,20.257905985453096,9.908675603969138,3.078380364843347e-07,0.017818515070370133,2.9387433309077577,43.31181231950171,8.349802077010468,0.0,25.545557729120077,120.71437867935013,75.41891531642672,1.2002938308592925,144.50047728249297,43.201374816693345,0.17391634593795097,0.06556274860755062,159.0,pompe
2.893080971791634,20.535097779706433,9.19538005612096,3.1088594860604177e-07,0.01837458049966315,2.9267198656504845,44.689340569823315,8.418740974739851,0.0,25.51893635105934,117.06736500631247,75.45148327556001,1.227751929425221,145.60750050263087,42.943217189671,0.17486767591170854,0.0669597019424246,159.20000000000002,pompe
2.2595382956075087,23.58504724690342,9.192849687258718,3.156740422626146e-07,0.018612214273126725,2.8869344919151203,44.00904949617304,8.727624701311791,0.0,25.53766054124586,114.66326928994813,76.23109829309985,1.2319829377437967,145.5410187169907,43.19207572332465,0.172942083835007,0.06603645538346342,159.4,pompe
2.3894356950300706,22.728246105564,10.414074003775546,3.194713987161591e-07,0.01813442075494605,2.99075887518765,43.35414878088294,8.796954493665918,0.0,25.424839596393195,114.44624303221936,75.75577995095085,1.234901954720995,146.3183973166602,43.18680008999841,0.1721370422063563,0.06758645424566227,159.60000000000002,pompe
2.5164703500125287,22.560212217654644,10.705811326783147,3.3439688486228965e-07,0.0181275068776722,2.9598236257222696,41.006983101869395,8.49494888053651,0.0,25.418106879542787,113.74420459131082,76.22909909468794,1.2248690595071483,144.59877651907036,43.582782780367445,0.1771614231700526,0.06589001566036984,159.8,pompe
1.9269618388372307,20.18532751657608,10.232676452666691,3.203705750745011e-07,0.01851633399078094,2.9154522279793333,39.98949436072232,8.558972012343323,0.0,25.372949928320597,116.96642731493657,76.07150277057002,1.226194300326688,143.89095886594376,43.87894197568494,0.181782244903195,0.06834466793477549,160.0,pompe
2.9274780902376625,21.181981082205795,10.65454763446051,3.249892546849225e-07,0.018399640431389908,2.9023315561874563,40.916081961755225,8.843719422161222,0.0,25.383646260316816,116.93637711597395,73.71431637241552,1.1994899063605167,143.19878830934687,43.272554697807415,0.1847732156640773,0.06632781246156436,160.20000000000002,pompe
2.2585731810239396,20.605311991792778,11.422131315907384,3.1115184897660004e-07,0.018508522000672566,2.9092027963293283,41.81347389927421,9.091293796696377,0.0,25.28697679877724,116.71110209956629,73.81155825017696,1.2038002695550118,141.85700373744032,43.979402782194185,0.18447375506767794,0.06493448350927962,160.4,pompe
2.3778671927086084,22.67482490384144,11.906987463674835,3.164876738038828e-07,0.018003809508599575,2.8703046801250234,40.92426941051766,9.157512314196154,0.0,25.258745311163434,116.2810698667643,73.14678730262189,1.2005613104661135,144.0672676197519,43.13208874922797,0.1855538158983158,0.06692877846739982,160.60000000000002,pompe
2.481798427518116,21.825625020863338,12.584387830688936,2.9887911651479355e-07,0.017918163771895385,2.8141153012691666,38.81780545696539,9.142510741823925,0.0,25.257517844232726,118.17402071683884,75.10653147126949,1.2018104973990755,146.10980036639194,43.40356584193656,0.1836122010523579,0.06406680207298386,160.8,pompe
1.978771678047688,20.467434266270413,13.520359786277277,2.9837484519914633e-07,0.01745523030528273,2.826753737152095,41.053456206810154,9.558545497413403,0.0,25.216770646337107,118.46567269490984,75.05007094413133,1.2211333099286885,147.60782813788873,42.46838971879661,0.1851504238695534,0.06377031646940294,161.0,pompe
3.0010479318428853,20.522966181311254,14.336685292864328,3.0270859779424684e-07,0.01709086889195496,2.820625753124223,40.459231705050016,9.133477508128601,0.0,25.320436893829275,115.90730513488329,75.13657671743084,1.2198987544192785,148.21331810050873,41.966088908280135,0.17898465145225828,0.061793996457048174,161.20000000000002,pompe
2.4377414672302997,19.458654904013514,14.068079809092769,3.199664132505591e-07,0.016739933701259098,2.8348266015092625,41.534732055088554,9.407438358664594,0.0,25.27951065165796,116.52039198868482,77.21615736235285,1.2072011022074116,147.26579557065938,42.24778683049219,0.18113525282049164,0.06270186212330672,161.4,pompe
2.4913157921272084,18.81925441541017,14.23521159769476,3.279911332953308e-07,0.016579761815396173,2.830485894975583,40.28805686374223,9.891424620481251,0.0,25.3399371972298,116.70657081904453,77.40991419714841,1.1829031021381435,143.11502356856184,43.006894369484186,0.18109896546211446,0.06295122161992293,161.60000000000002,pompe
2.5091012604962804,17.86974524811434,14.93792696710021,3.4212594496898394e-07,0.016280573208672613,2.8614673957845205,40.3985184011539,9.829773301570198,0.0,25.313700829126045,118.8040965338808,77.91166042773723,1.1825468274401505,145.83189786933173,43.215183679433665,0.1803557399310604,0.06488167460311989,161.8,pompe
1.9786809984215574,19.036569406675817,12.532286291053984,3.4034056883643284e-07,0.016288787557145634,2.856322963155051,40.95106451117672,9.862474191475263,0.0,25.29796833093301,121.34617366895829,78.83508773249451,1.1910508438897274,146.84999116529158,43.93107059468624,0.18417072398982187,0.06467450459277418,162.0,pompe
3.043637513696869,19.0389147468545,13.72107680408614,3.467986635021205e-07,0.015993292849076867,2.974550233550842,38.60186233101834,10.007827566380591,0.0,25.404094309607803,121.87814159711603,78.10235916270923,1.1866214383486333,145.4929614373128,43.78793441741692,0.18246103782104608,0.06355379993905033,162.20000000000002,pompe
2.3978924081081225,19.487281404280342,13.154918562760477,3.195209490134516e-07,0.016036916059537824,2.999429399117267,39.2557128715265,10.089511835586933,0.0,25.46022457810325,126.45640012862292,81.5287559688393,1.158630415564363,141.33531807626605,43.821102801145756,0.18417164361507074,0.06340328241806444,162.4,pompe
2.54476008805883,19.103179746679874,12.812890535595509,3.066401352274651e-07,0.01589714344194362,3.0414318029074634,38.61878737393148,9.935888860382335,0.0,25.448336601987176,128.46398680628155,80.63128733167837,1.140902606425647,142.00670440679616,44.09675461069245,0.18028195953370654,0.06529422559275679,162.60000000000002,pompe
2.7302067167641186,18.408220010730282,13.754748154443035,2.751536432706941e-07,0.016216712660603445,2.991375926238902,39.5166547513934,9.609962955897888,0.0,25.40170677948205,128.18646921074733,82.74168449704156,1.139100321214204,146.17977021949756,43.90533673360461,0.18604239067966916,0.06291903354431116,162.8,pompe
2.0581616447859115,17.88728546569455,14.748562315632803,2.711856240726822e-07,0.015408297174773782,2.918536626570573,38.32306712512144,9.809587875311378,0.0,25.38407830099259,127.33832932782428,83.63968950984963,1.1219017461697165,147.14674102964057,44.16226722204526,0.1845377991775259,0.06343926855006018,163.0,pompe
3.064425804686386,18.254994838141698,13.866960111909897,2.714976917048383e-07,0.015700579660048314,2.93184324842128,38.85387765978213,9.733953085098095,0.0,25.38721089060734,125.48744854104166,84.65859316559438,1.0977209802978998,147.7574026118081,43.97120622854462,0.18233297160149395,0.06364018967552999,163.20000000000002,pompe
2.347033983790871,18.838233854061844,13.91047134986883,2.598425946000809e-07,0.016110686082957133,2.9390980721050792,39.4160055278923,10.070893937118807,0.0,25.41957400095966,125.08168685725978,83.14173719879375,1.1010428876400211,149.99323878662966,44.217464601619426,0.16847105010961952,0.06484706528442728,163.4,pompe
2.517494103081659,18.44558395235327,14.559807961780347,2.6024713750617827e-07,0.01579716003265829,3.003177395366433,37.98321359265564,9.99088724059071,0.0,25.372127541243092,125.69695245258427,84.71159534374509,1.1198713198200334,150.0,43.258504133313224,0.16318804471728363,0.06504447844160095,163.60000000000002,pompe
2.5956737636339855,17.91800074691851,15.844625257129666,2.5571935483290073e-07,0.01592278602536994,3.053044852217327,37.9257752924622,10.632530956703986,0.0,25.337195222245995,124.21892524660903,86.60117519676166,1.132019681925306,148.95834767493096,42.799768645621405,0.1680054537189416,0.06552799316030453,163.8,pompe
2.0565383668449977,17.85604701383432,16.150090371974397,2.530697936276334e-07,0.015634456077666285,3.0414096554704932,36.60082031013396,10.635392558658532,0.0,25.39278550490601,125.44268168384117,86.5451738465827,1.1557219191947001,150.0,43.64613685460413,0.17322096925226824,0.06529921939504836,164.0,pompe
3.076402800385339,18.50243908130443,15.269337076057889,2.3772427556002156e-07,0.01512037527787025,3.0317672538847362,36.16561601962716,10.095585514456465,0.0,25.38678550607845,127.55109943265776,89.00642029476259,1.1625796282227787,148.6601518292228,44.064751464163884,0.1729189644043352,0.06490436300830739,164.20000000000002,pompe
2.3456513995157837,18.120410820912337,15.119121472752175,2.396372089864757e-07,0.015229882005059979,3.1286146593923783,36.7354665695869,10.116726233255646,0.0,25.327389391358576,126.67389789691299,88.26049891416417,1.1230523926450693,146.72314335211485,45.05873611317423,0.17401101780192565,0.06431468509645151,164.4,pompe
2.488041820486482,16.256446704880847,15.277261446188131,2.457758889333264e-07,0.015123967236687599,3.027081778390748,36.1955603660808,10.352560118258413,0.0,25.246622657047197,130.85951625827204,86.88089153039867,1.1192319704780094,144.7803276899632,44.46927515147399,0.17191938374673604,0.06519132253516022,164.60000000000002,pompe
2.6480576058156715,15.949072887144801,14.519259646910276,2.4482518743506816e-07,0.015232452749999292,3.0363492307044653,36.37476556882699,10.210379338246906,0.0,25.235801909663646,132.8327799467736,89.60885370408253,1.121934362486563,144.84768915799143,44.65712409235014,0.16907205959164326,0.06627015596156108,164.8,pompe
2.039435952028764,15.659619261723213,15.049485982146217,2.3981391132242015e-07,0.014840891781786027,3.051688427001507,36.51586421882775,10.377368821045087,0.0,25.229071327628724,132.0668338051701,89.69620133453661,1.1273878994669673,145.87193167208665,44.87222817677944,0.16839949264232326,0.06771692049004001,165.0,pompe
3.014976538453579,17.835087893192252,15.481117648171299,2.252652161227098e-07,0.014839416573607827,3.090238083973655,36.07215955024843,9.852130599524886,0.0,25.259103795541872,129.07033453614736,88.05480164989761,1.1354532647752706,145.51513752354776,44.4885658740876,0.16621733783392464,0.06547747723726938,165.20000000000002,pompe
2.390519046365877,17.162754969281565,15.062767800727501,2.233082629524898e-07,0.014691441707094419,3.0476031361636315,34.08841744917563,9.857818727031061,0.0,25.229329770878532,127.37451553060916,88.16154924049192,1.142608373522106,145.7918809568441,45.51190019537328,0.16853293918998746,0.06527402740962171,165.4,pompe
2.5409259124086967,17.18372830654085,15.038201962336657,2.2918056676738885e-07,0.014336946031976043,3.045021723945171,35.144876726625164,9.859287904598332,0.0,25.1326935722848,123.64882807444275,90.74127144168166,1.1471769716471183,144.7326214112196,45.756637504145196,0.1646691208838803,0.06474583979691864,165.60000000000002,pompe
2.5625036953389766,15.935888565533341,13.63539779921614,2.1159972719382857e-07,0.01460716322780766,2.9878801587929353,35.58168000744639,10.035622276536738,0.0,25.115354684655415,123.97997608259647,90.31900923336812,1.1656612892973561,148.50570038249924,46.68508072623254,0.156614792550907,0.0640696918668622,165.8,pompe
1.9484227432673762,16.383517367874852,12.582539352205556,1.9431858806099007e-07,0.014978152793829686,2.954434455872298,34.13845444142551,9.670931595107213,0.0,25.06863808859085,124.4914612890456,89.22262999723688,1.1384790457033165,150.0,46.961078444569694,0.15514724872995003,0.06328172204059757,166.0,pompe
3.0412158946614083,16.815609069258112,13.24755452779309,1.8617308979488138e-07,0.014931476611228393,2.972172166006068,33.636395893984265,9.612042568012935,0.0,25.090453359270764,122.4108249026688,89.99329109288973,1.1432262832882851,149.63490030334708,47.27007529977257,0.15358789993166322,0.062296579420429876,166.20000000000002,pompe
2.4148172771820513,17.46833871579099,12.943332289068827,1.7830494474513585e-07,0.014807053944133874,2.939365373404364,35.03937572437,9.656490731833262,0.0,25.037613830333346,123.74583344309315,89.34015701215282,1.1331943208873336,150.0,47.54005689733465,0.14493585866847988,0.062034184130380206,166.4,pompe
2.526384260622465,17.11766525324748,13.054487426782229,1.633321215501908e-07,0.01383645527611245,2.8849775663460577,35.28687271395468,8.82530895058175,0.0,24.929634571174038,123.45355797450233,91.80010090832941,1.1299435763537866,149.82478000268208,48.10082364528149,0.14472946520507438,0.061693765974276706,166.60000000000002,pompe
2.657244621731318,17.555892760367392,13.230213667793338,1.590397123310245e-07,0.013670996488849738,2.9291860458614676,34.96269775427603,9.157308214474321,0.0,25.009127141708138,124.34895019661576,90.68899674805209,1.1378349975343316,148.55703917353142,48.14256333880525,0.14288488123070736,0.061466678326533665,166.8,pompe
2.0766903517126094,18.063459663927617,12.592325360603454,1.4968445898904676e-07,0.013695921167295604,2.9436229009992263,34.319612307530974,9.559553978738437,0.0,24.973605355104688,123.25725074962675,90.49086026924995,1.1328136832150146,150.0,48.802686936820756,0.14272235201855532,0.06236146761696425,167.0,pompe
3.112366529371466,17.995468321817338,12.864260607563644,1.497068509668267e-07,0.013787858469793537,2.8992473372214813,33.69882202342487,9.461566801034945,0.0,24.890917049640187,124.49199835207321,90.99248127478474,1.1126826555695217,149.55778207523147,48.699550604142345,0.1430300246453396,0.06082610332038438,167.20000000000002,pompe
2.338869577399518,18.594128248052872,12.045130454260415,1.4527055051265932e-07,0.0136290966384265,2.8893422916394838,33.95115318715102,9.866732760958335,0.0,24.93919340627892,120.47364045688202,92.78696701604528,1.0828364234230898,150.0,48.463406011291895,0.14694197556792757,0.06227540307905653,167.4,pompe
2.4391793907887798,18.148683408797748,11.675475860828223,1.4632472301856072e-07,0.01344273112822399,2.8437673112805046,34.47116334043086,9.602165932104475,0.0,24.944605826592976,119.56300431062957,92.24900907034034,1.105795153075349,149.62347058072032,48.24893590227423,0.1460835759469806,0.06286651575615027,167.60000000000002,pompe
2.482363713882594,18.51341990468427,11.883443361307602,1.3414228324441708e-07,0.013935753076862283,2.9155475482252147,33.772257851243396,9.316992102059634,0.0,24.8646397930879,121.89847462877601,91.74200310063706,1.1304780902084186,148.00663681683685,48.1959874752501,0.14999883573318498,0.062367914297984425,167.8,pompe
1.9024470991327478,19.572319770597268,11.667544983329343,1.253675754123945e-07,0.013429387729848944,2.942554428471569,34.150075459013294,9.58820744779531,0.0,24.784659987765608,118.22885404019944,95.41612664746964,1.1385970685163556,148.32652047747723,48.396403915549854,0.14498472742063356,0.06122466626701942,168.0,pompe
3.0170245010016483,20.06421341038625,11.383953434876291,1.173117176607401e-07,0.013218349101301732,2.9223598173466225,36.087998275513925,9.518825042034141,0.0,24.780854791901596,118.78133694096307,93.85958714560766,1.1447656243836641,150.0,48.50558125691376,0.14214341790632498,0.0604607961700556,168.20000000000002,pompe
2.249403654700597,19.919364453644334,11.671911411819062,1.1110402777664215e-07,0.013747925297786507,2.960475254208658,34.37039251770204,9.066474971558666,0.0,24.867623388595636,120.33979626722989,95.99779817211923,1.144923969784042,149.61711636381193,47.71896905537104,0.14298474199826644,0.060152556226066,168.4,pompe
2.3821514537610655,21.571843818148043,11.722382874943497,1.1414865745293215e-07,0.013209971066180295,3.102643637357042,34.02592277135575,9.25090193362371,0.0,24.83942337811899,121.79321860662601,97.19382707465469,1.1339650576316571,148.26226150684354,47.76978889865995,0.1423413705724751,0.0620130882964884,168.60000000000002,pompe
2.532496372630015,21.311806292790063,12.19875010026389,1.036604597288019e-07,0.012973327267869688,3.1146884373118904,35.01899476361001,9.268119655017092,0.0,24.887118941531593,121.1157545511331,97.08320696811526,1.1399994202975132,147.4468487015645,48.7828996483128,0.13858125655104134,0.06240767952075151,168.8,pompe
1.9673759308716177,20.818199031369154,12.041674438403218,1.0116458124732005e-07,0.013155884798153378,3.0829391292760815,33.95879298191756,9.519849628445384,0.0,24.942708730881208,122.47654338854167,100.03633624675804,1.156930195244088,146.1013284186723,49.10905315938482,0.1365973883068653,0.06173110787081086,169.0,pompe
2.9295902016895585,20.26312852341049,12.465108329463277,9.87634170127867e-08,0.012780542265800962,2.9961593694544644,35.90254602348823,9.554213685877505,0.0,24.96791613953624,126.24170210079217,100.93583725719394,1.1141702562512534,150.0,47.92191561253777,0.1357076838784902,0.06014137119342835,169.20000000000002,pompe
2.244734796364499,20.55246125295019,11.46396392429416,9.633223225464056e-08,0.013058321437077792,2.947550259884928,34.535939978180856,9.483849230696602,0.0,24.934144940820723,124.34470439665442,101.69777290676268,1.1231813774462893,147.91984229411037,47.35029541808073,0.13586134539899838,0.05881374654735563,169.4,pompe
2.399362543092598,22.061038141318416,11.571211004764166,9.017868351580846e-08,0.013117817962062354,2.934592035157092,34.39734855866431,9.59158728702702,0.0,24.93556340459026,124.35094526128958,104.6047980258243,1.1415132091065538,149.63624076721422,47.45701822544088,0.13257975115812107,0.06027298787091022,169.60000000000002,pompe
2.515603831221676,21.19682263148751,11.616832045639203,8.518456018201061e-08,0.013375873715447628,2.9670468775511902,34.57200388888929,9.561546057733832,0.0,24.816517429069123,122.12344565739149,103.61240807465006,1.1279221468970861,150.0,47.999384955521364,0.13194674074866808,0.06215819664807791,169.8,pompe
1.8688992404800047,20.903613086606402,11.738975309539072,8.675518483050036e-08,0.013350734800999853,2.9704302634176454,33.06297880205013,9.309092927411687,0.0,24.70106258304132,124.46022164981865,104.35855641931722,1.1167037446326749,148.38009648524616,49.256509824413364,0.1359262544695839,0.06194721272200949,170.0,pompe
2.921562787321502,19.92965115012542,11.947726336053883,8.283401701902249e-08,0.013270568120199923,3.0644663858307783,33.00100064074434,9.042554099752184,0.0,24.70752893450387,123.30311488290322,104.7527105681232,1.0928038443682775,149.8150169561187,48.57651861587591,0.13580735345153375,0.061435367093119274,170.20000000000002,pompe
2.4011265676550395,20.099233311024435,13.140380712001097,8.27412549523792e-08,0.013643883229143804,3.0491629407763567,33.301364897601395,9.33229577612806,0.0,24.73632659596454,122.87350092287959,104.58170776062214,1.109719504471344,150.0,48.21009131184285,0.1333078355373803,0.060161302009567375,170.4,pompe
2.554156099236797,18.998902478505983,13.704663823796444,8.260115725315385e-08,0.013420610924212205,3.1318744593214234,32.00246314343109,9.722803190690739,0.0,24.6213481039315,125.63921874376545,106.00612638080072,1.1033898747659743,148.12888833014532,47.22578160823628,0.14044972725109853,0.05888929619459729,170.60000000000002,pompe
2.554306781504813,19.21987087371829,12.768707848320453,7.798592976958031e-08,0.013665479950569196,3.154079686471506,31.654275988072165,9.644628408645973,0.0,24.6173810702992,124.4637869011311,105.23675799116505,1.0943357662814188,146.7733584315079,47.91586610241473,0.14261927595298557,0.05763272872607566,170.8,pompe
1.8746487507453449,18.994225132487504,14.124211276763464,7.350472770224063e-08,0.013558226045388111,3.1551981469643593,31.55240855485612,9.449385185973144,0.0,24.641856081804026,125.99111746935064,106.12791970082885,1.10751294399627,150.0,48.80041819868203,0.1499519013385159,0.05918296702877912,171.0,pompe
2.8924458285648154,19.686186840788313,14.59810004949076,7.716147093768675e-08,0.013210560374272987,3.182896612466146,30.96331514770885,9.50958600636392,0.0,24.66773494834431,123.7304054373742,107.31683157483734,1.1104706655163303,150.0,50.11161829744239,0.14838361751144485,0.059595911764356795,171.20000000000002,pompe
2.27108156273906,19.89175474572499,16.140587426493024,7.56926892107478e-08,0.012987906303118572,3.2871631221234807,30.6932589530173,9.025338034326518,0.0,24.598515571506212,120.88845215512151,106.84726270419803,1.1092608097395793,150.0,50.548881621451315,0.1500445384095017,0.05837480387239393,171.4,pompe
2.4557779893404454,21.29877618789792,16.404956914164114,7.523181657763649e-08,0.012570611933259474,3.345546648232804,32.14371409897426,9.026191020775594,0.0,24.58905336127289,120.33006581710717,106.39029041567036,1.1186504537621416,150.0,51.244875134827,0.15100066954075986,0.05721608001580327,171.60000000000002,pompe
2.523370875272055,20.524419241582848,16.27134015627874,7.861341353597948e-08,0.013078695388820031,3.391688049100971,32.13929532358975,8.611157205726,0.0,24.54510166426659,123.11501777390683,104.18416621991271,1.1240076056488244,148.35300330869953,51.24591346551181,0.1529693199539022,0.058497401737380356,171.8,pompe
1.9150311784981775,21.277760993625385,15.784591729576647,7.763249348590296e-08,0.013319489959932275,3.4075083645622195,31.565870211165954,8.479125339429538,0.0,24.484697188363864,121.67757485850294,105.09584815802334,1.1168857266781358,145.60635377708493,52.190641796515784,0.14895451032299625,0.05819540017942681,172.0,pompe
2.9246335036927844,20.688325586047988,15.19382759927419,7.798603881093234e-08,0.013295930729301813,3.4636057586499205,30.947129274379574,8.920242146162122,0.0,24.39751482638788,124.69143819184836,105.8318994288819,1.1215175834889346,146.58509503167565,52.595902430931936,0.1496664945828631,0.05691101906989611,172.20000000000002,pompe
2.3430401905360445,21.405926090387876,16.22094319839573,8.140020486908014e-08,0.013338039411008628,3.383936653943414,32.35034821011863,8.578507524066753,0.0,24.38296391113723,124.07913327167645,106.98690215664668,1.1246093783296642,147.7352835704528,52.02562387257578,0.14879353571757156,0.05590046436232949,172.4,pompe
2.454657890598993,21.10216604489849,17.62491102993925,7.891083517372834e-08,0.012662464821186452,3.4651725740158463,32.61997980572957,8.484973868775576,0.0,24.33084170573395,127.4558550845514,107.12252839399099,1.0981824621286003,148.50551474343757,52.87870851081886,0.14902555199255615,0.05474630983335539,172.60000000000002,pompe
2.4960652550919695,19.957978721573625,18.825186275314245,7.702389422329844e-08,0.012142255004448129,3.484645280633765,32.57893948878164,8.304241356537108,0.0,24.27248146570702,129.4222488549548,107.53990121332698,1.104804930323554,149.12118325195902,53.11255129996329,0.1471806826683763,0.05445658784153754,172.8,pompe
1.9635726701977598,21.448831811018714,17.719848085431668,7.480653304600873e-08,0.012320663079799097,3.5994582885567663,33.9958154398109,8.054572696806769,0.0,24.275118024029464,131.33512348474758,108.74355464504157,1.0857124076632194,150.0,53.833927690035694,0.14682462960123915,0.05411866795608384,173.0,pompe
2.9200636973120027,22.00808253604338,17.85150074963746,7.078058145673625e-08,0.012178859682533736,3.6047643971291348,33.247058860730604,7.984934637550177,0.0,24.347930050861827,131.44199870675516,107.20854857832336,1.0499391744936422,150.0,54.2353504144368,0.14722965229178656,0.05513570775148407,173.20000000000002,pompe
2.3423248275075537,22.1742324325144,17.624501619800427,6.822027852042746e-08,0.012242273901355856,3.6912644319671846,32.92916586060396,8.241545379498161,0.0,24.368117241012374,135.83019206088545,109.67269255503038,1.0735273444569837,148.5434587398915,55.84918693701496,0.14666950709287258,0.0548164729467146,173.4,pompe
2.3541583780420323,22.377291831244587,16.77711817690362,6.776644299557324e-08,0.011876401076357785,3.8070315377771924,33.17670726153571,8.658030369549778,0.0,24.452128030757684,132.64519527527395,110.03375718642422,1.0639033703566858,147.81377111099974,55.45219846177847,0.143412036863417,0.05325513320896521,173.60000000000002,pompe
2.4503314950918744,22.32172347258984,17.689916510645503,6.703636221087926e-08,0.012139759041507738,3.7026829755435013,32.5130019913936,8.667197418009096,0.0,24.404537048599018,134.39138179629543,109.30537563716138,1.0522322975699276,148.95529282494738,55.44706942826264,0.14146298575193852,0.05255820353991068,173.8,pompe
1.8050473471816906,21.681507773342926,18.568891921271472,6.6190013087047e-08,0.012351168085587363,3.732233500183597,31.74700451792491,8.150249315477124,0.0,24.36738596062478,133.11476688334182,110.80877191973329,1.0655751383803713,150.0,54.87220786549428,0.14632969369699755,0.05442480761903167,174.0,pompe
2.858067972720705,21.96010377262181,19.572535026590252,6.463613021982315e-08,0.012261065012809593,3.6856895952014166,29.569650484870472,8.057918099136089,0.0,24.30831547720904,133.94246428846537,108.72401990627766,1.0765991043168772,150.0,54.5711603136567,0.14583562074832787,0.05295715269367288,174.20000000000002,pompe
2.2868256783464616,22.11140088811985,19.72337091224424,6.442500880452468e-08,0.012034092897570632,3.582129815599118,30.176223337607937,8.112397214392724,0.0,24.330015915009312,136.29032822760524,110.4554027061591,1.06789763355252,147.18722663624018,53.60948602504859,0.14453639193221662,0.054680051468369385,174.4,pompe
2.3854097814891446,21.22349634357514,19.105976229850135,6.18337117383429e-08,0.011979928028433532,3.4963781591996423,30.916662700683386,7.999426380337922,0.0,24.2657058107273,139.28701820311645,112.58967132493677,1.0616087209046807,146.56128283509258,52.94902256399194,0.1413417939779892,0.05464009827294378,174.60000000000002,pompe
2.4983533181840767,19.332378136061877,21.083230187592022,5.9939114783288e-08,0.01194660305804163,3.452909213004019,30.555456795139893,7.869998132956973,0.0,24.26436820010908,140.8455341894996,112.98146945500991,1.0714198943890614,146.68432934541534,53.114273743124905,0.1403043329162292,0.05584018354256542,174.8,pompe
1.9175344405508163,19.11484500220723,20.71719661708379,5.8422849807751875e-08,0.011903966012322733,3.4449408385894995,29.96926479632617,7.989490117796519,0.0,24.360801605848746,139.74945119953517,114.04331647901179,1.0440538282312688,148.46033998548253,52.08652505027261,0.13697557326186607,0.05621596407553977,175.0,pompe
2.9264172685353795,18.1859911050562,20.089406682096776,5.8716787320275966e-08,0.011607647251982503,3.4371141539717716,29.55512363112199,8.116997064228487,0.0,24.26048640199563,141.76712660402913,113.15677529761328,1.047270900043722,146.7273841856228,52.35085364765776,0.14474582084010026,0.05633499081062091,175.20000000000002,pompe
2.2604626777362347,18.028125685325698,18.626638695328165,6.058500575807666e-08,0.011639809797163605,3.3687246673879105,28.666447725425925,8.06427960099159,0.0,24.19758187849294,143.93682698410706,113.06463549684648,1.0341739549708229,145.9427950214983,53.5966581805695,0.14003647695212487,0.05537895199020308,175.4,pompe
2.4509877560338946,18.170944121793063,17.834438932234526,6.141575754263473e-08,0.01185679752218667,3.384404668400729,28.158876998471637,7.933895718968031,0.0,24.126156432243867,146.55106951903784,115.72071104913707,1.0309621851863495,146.7690889910458,54.45438809335071,0.1460187855085469,0.057299985873380165,175.60000000000002,pompe
2.453800227923006,17.829875169026163,18.121483990811754,5.902811786681849e-08,0.012288485680715494,3.4800625508128236,27.523397699458588,7.878883468084906,0.0,24.115089154437285,146.12510334875546,117.25313488028843,1.0188030843610356,141.83252347341383,53.289558561082586,0.1424118591391892,0.056423747771773954,175.8,pompe
1.875888453755651,16.80314720334124,17.032717950221745,5.5835917322170644e-08,0.01193352589095779,3.44118295811488,27.04886290027834,7.99064646116657,0.0,24.095271598896307,145.0788554683028,118.57025538671446,1.0167095033582194,144.01117474382596,52.471658981107474,0.1419764688114974,0.05566114694916298,176.0,pompe
2.8705168604077,16.63106460517443,18.27914579199907,5.2963918536286566e-08,0.011848847152671257,3.3568898180680704,26.005094393891085,7.791902179008072,0.0,24.072887091435508,144.6622065270413,116.01174720444897,1.0082801865250919,145.1324101540546,51.52720274381658,0.1405749780048333,0.055986406494970414,176.20000000000002,pompe
2.198156553739529,17.039585287850514,16.910460130858493,5.354111240982848e-08,0.011895804763066403,3.355900518145587,26.83924964537901,7.717067981408141,0.0,24.146340981075006,148.30329904363424,114.97875901884132,1.0069722618593837,147.3122066717884,51.480173936807574,0.1421808427212216,0.05693102456081376,176.4,pompe
2.3275242949167474,17.373691415626848,16.790503282698765,5.011633729279324e-08,0.0115849149827022,3.3126029096689518,27.540679483355806,7.925332581131067,0.0,24.16957221662968,149.13641276206806,115.45109056831858,1.0127327170831142,148.3738453845325,50.526391821752654,0.1394115499515803,0.05559443053042987,176.60000000000002,pompe
2.5116052957507056,18.94595958925349,15.137236351731403,5.192796226684832e-08,0.011558166283278307,3.368894592051727,27.935682447634147,8.236291644845924,0.0,24.095453097480465,148.93115249602081,116.29350969886804,1.0100617569476484,149.79599462391508,50.49279980462488,0.13729371006912247,0.05421994158171025,176.8,pompe
1.887605929480339,19.098271184453743,13.854374634106765,4.938633444575147e-08,0.011004522620018237,3.3275954467474547,28.851538063209855,7.95027717940498,0.0,24.24889188627249,151.87068846716716,116.54217307359093,1.021965262191287,147.17663745876678,49.449194634288105,0.13711281539497236,0.05466592815140687,177.0,pompe
2.9769001496311014,18.33131833539798,14.003590932955085,4.861022929781181e-08,0.010925469457795465,3.3189823245475756,28.198205429405224,8.019102364383349,0.0,24.22449963024057,153.22815033997895,118.19869872776842,1.031478625237424,145.2475641408118,49.5305607297106,0.1340763787988083,0.054743326445567876,177.20000000000002,pompe
2.2689555661337155,19.685430768812875,14.50859284429423,4.96145173946338e-08,0.01113899462858882,3.2986597279330336,27.897261978180644,8.407004518853014,0.0,24.150691281957478,154.0,118.46094837825294,1.0526662417962478,145.84550315696674,49.53220964514814,0.13846598661620274,0.0528515289103455,177.4,pompe
2.3792744164966426,18.638111105946283,13.176920311416328,5.0125497123019555e-08,0.010953680429051533,3.348334335417783,28.219180130955376,8.520592835198558,0.0,24.108911778756244,154.0,119.96359524877886,1.0519888919634173,144.59621514461787,48.75677615124148,0.13882639581063286,0.052162176652600686,177.60000000000002,pompe
2.4887741129033065,18.321091003882636,12.956454502805697,4.958089396923104e-08,0.011043785467755002,3.4638601498600985,28.815549412698886,8.856567786634143,0.0,24.022218210786626,153.95632814786336,121.38343331603885,1.0619058174071663,147.09669925454148,47.14385322361421,0.14249581297677427,0.052516763088069136,177.8,pompe
1.8077262671941983,18.99852801547106,13.093086096578983,4.920037967168432e-08,0.01124633249492766,3.486165750318368,27.66879794085307,8.737862827596423,0.0,24.056567573155633,154.0,119.4062338359136,1.0521527585610193,145.50118822217513,46.8822776574185,0.14353324244441576,0.051960639254463516,178.0,pompe
2.896022585347159,19.907550433651576,13.80418324080055,4.6218357626375235e-08,0.011552463959355977,3.5743303338867247,28.839332508413793,8.620369698538674,0.0,24.003140140551835,151.72654795250594,119.45761345042604,1.0639917663927099,148.22146585313354,46.603677654041434,0.14312470482177522,0.05180222782377507,178.20000000000002,pompe
2.226459850277956,20.69550775822448,14.079853618574095,4.5464010122644375e-08,0.011596295064295947,3.6093145945725196,29.242702538340883,8.336086954999736,0.0,24.016310160151157,150.83985005364227,119.86619207475387,1.068546526190818,150.0,45.98100826516855,0.1471455216796232,0.05179220324449656,178.4,pompe
2.3514361980438307,19.93302528392655,13.523657305477492,4.1748264526061666e-08,0.011723992086613962,3.7348373578061493,27.908677489521782,8.048913963404399,0.0,24.013319120292724,152.53700552085323,119.73416005594022,1.0598128132967668,149.6883680994352,44.56434382216774,0.1431397276932266,0.05286526864820736,178.60000000000002,pompe
2.534942599419804,21.367619214295495,13.85208123952907,3.762108939200594e-08,0.011508876393739896,3.819502941688273,29.065196920947095,8.274577170272497,0.0,23.942724173914772,152.44599933749248,119.78995596610432,1.0817771924206698,150.0,44.609594375338744,0.14309327597396393,0.05330231443324306,178.8,pompe
1.9630020970893503,20.418458714443396,13.295805165957594,3.8706048664477724e-08,0.011045396563085388,3.9279816427608596,27.46731095138882,8.034177742120942,0.0,23.942203766534494,149.76971307282886,120.50927536065205,1.081994927427425,149.72894189536345,44.27272848815997,0.1427000795836416,0.05257471378627609,179.0,pompe
3.0971945793611155,19.93511411804544,13.153297254698519,3.713475073186104e-08,0.011446049045381245,3.809252321373701,27.609690009530787,7.874789634452822,0.0,23.897854829225835,150.41138741205518,119.15033058608601,1.0848998468968505,150.0,44.410685431750636,0.13785428137561292,0.051550179659179914,179.20000000000002,pompe
2.4004441321335417,19.586436344338715,13.313711338978974,3.6755941467323535e-08,0.011848886993787172,3.804018810807504,26.67492935903799,8.051648391785866,0.0,23.909741470074053,149.9158075829696,120.18375397991124,1.081068561625297,146.0836621294147,44.783621059345776,0.14036139777106282,0.053201322587886526,179.4,pompe
2.469773668310891,19.71985330779817,13.519419941810392,3.608127230274806e-08,0.011828999704525488,3.8015397313228534,26.761282895519276,8.12703404296802,0.0,23.86880128337833,149.5724973266747,119.53586620176394,1.072160801839403,143.13463967165578,44.83266472740348,0.1415987731815777,0.052979221368574775,179.60000000000002,pompe
2.560849957097666,20.07232805234693,14.453687686782558,3.4771011933246926e-08,0.011472889536063853,3.790398808840406,28.078858812742613,7.784346345339285,0.0,23.93014468985734,144.90509502306307,120.228977914159,1.0801982753244526,142.8210916580051,44.479801794300435,0.1394629607906342,0.05255370763913604,179.8,pompe
1.9296876883497935,19.46525593542423,14.266409498709079,3.553895540705044e-08,0.011116808774501354,3.668675313985462,28.88995947786817,7.678368585898845,0.0,23.923655836672953,145.3358604173787,119.41779250557128,1.086840856293974,141.18916918849044,44.33565561429255,0.1324531721947482,0.05391151100652127,180.0,pompe
2.95453070541383,19.982846066875585,14.598618070408273,3.5482344930253647e-08,0.011067630049156077,3.689390437180063,28.053649993690225,7.407317593690351,0.0,23.886780608399096,148.16350655881925,120.05342073452792,1.0758225763051499,140.87169591258464,44.450966728066945,0.13199247585501864,0.05420031650630407,180.20000000000002,pompe
2.316297229708808,18.54544271683903,13.288926955681042,3.424986167568406e-08,0.01116017281487718,3.660651259266468,28.91500922291539,7.38260617760477,0.0,23.947848395523685,150.278026594361,118.16240740567568,1.0754927923021886,143.40263821871048,44.64940913287786,0.13338022160110521,0.05250419695521374,180.4,pompe
2.5462602437624517,17.685327212711076,12.18963600173173,3.3087248764618934e-08,0.010518688028737986,3.5854994959587474,30.876323024984504,7.306290223816118,0.0,23.94866428420628,148.4801472330627,119.57696787954185,1.0621909445957307,144.10795200377655,44.00240763023315,0.14109557650578938,0.05306058468265077,180.60000000000002,pompe
2.6111842336418754,17.391761886200996,11.938153046045944,3.149032230226578e-08,0.010290183617366493,3.6900412498901654,30.305829657882956,6.924784147000145,0.0,23.997857403084737,147.98706699462014,119.39427710689334,1.0786165239590886,142.78124465352045,44.414655052527436,0.13872281757039073,0.053708467933356145,180.8,pompe
1.9624317763834185,17.172082919937107,12.431363932981427,3.166979488480483e-08,0.010208456839232192,3.6541032460997003,31.504566512430575,7.076025548401571,0.0,23.96229798432925,150.04667791986924,119.61180195590445,1.0756573629654127,143.19215627619474,44.652076455009016,0.13827040738115104,0.055132685313557944,181.0,pompe
3.043030590284749,17.549808195991808,13.245886663560803,3.1001264947427414e-08,0.010323867964585003,3.715416496042564,32.22220026135733,7.283029806371045,0.0,24.066853814539314,148.96646559539798,119.39493160978387,1.0720295325810196,142.66943386998548,43.51115722578187,0.14231066315441523,0.053839832273976616,181.20000000000002,pompe
2.3905727148207836,16.352960407441575,13.629258952655182,2.9479013244811295e-08,0.010021087020339279,3.7233723888369084,31.422013572137352,7.169690349413262,0.0,24.10940234563247,147.34652146185053,117.84961159788912,1.0717843396795326,143.8994657866025,44.41264291916424,0.1386575714553262,0.05341749107714767,181.4,pompe
2.5648549341265374,18.17428264798837,13.007356732419776,2.807856414256077e-08,0.01006425784219952,3.6800884680846524,30.605071330156157,7.2215443480594494,0.0,24.03836870338252,150.35164392806712,116.97997457567946,1.0761778977409964,147.1928852116563,44.64249981920235,0.13746082181316882,0.054241293736845705,181.60000000000002,pompe
2.623670423495519,18.662566434998716,12.9217920880584,2.835540359092245e-08,0.009712612994037388,3.609015686868511,29.32688800869977,7.2213665186907425,0.0,24.00066966980356,148.13526021445946,119.36359504809461,1.0614000913960975,144.84059502619027,44.82620691061345,0.1424688513977133,0.054058977911402246,181.8,pompe
1.9923852737505279,19.96866381757206,13.486595801631337,2.8183569073866714e-08,0.009545685002277381,3.6337188086207037,28.189673225096694,7.12494436606364,0.0,24.070105577893283,149.01741461703529,116.34661299940471,1.0439358918776809,143.69459924144326,44.75714494981487,0.13825386523780334,0.05371999311841876,182.0,pompe
3.0900389161756308,20.201954908030356,13.680387922575399,2.6572421694232683e-08,0.009161688682669897,3.5498660142259255,26.882967405147884,7.163900379431353,0.0,24.017665856385886,149.319958781321,118.70235485874319,1.0713949599536599,145.36580038471317,44.686742427529005,0.14027634066782596,0.05532639680298135,182.20000000000002,pompe
2.2791326694740692,21.888697537396776,13.412018835451532,2.5500058406827177e-08,0.009050329214728266,3.5654122862718327,26.087471605108362,7.143858148478734,0.0,24.02886672554244,150.0900890255456,118.22226365780199,1.081022486093927,147.5985252888155,45.32300197046068,0.14133991145314695,0.05645588230724814,182.4,pompe
2.4613348340833743,25.0536206069472,14.272075391353972,2.48738931353557e-08,0.008829248235877184,3.5438832782791043,25.871287299917775,7.277522904487227,0.0,24.092467349122256,147.32018203841983,115.69724302939845,1.0785973042831791,146.0885262257722,44.59669635956898,0.13905389041265848,0.0554571572476849,182.60000000000002,pompe
2.5554910380066937,23.965464463703146,14.090964891877631,2.4337103298383232e-08,0.008994234504421071,3.63349148831011,25.994732826382023,7.344510380849999,0.0,24.11786523378671,148.10693298006478,117.81559137163462,1.051185056621032,145.78324768231758,44.835427589230164,0.13868972348102998,0.05425986888894764,182.8,pompe
1.8696861109074308,24.811083753038588,13.760399585276984,2.2335828569571103e-08,0.009129930606661986,3.6584944505781145,25.908738389397833,7.16894817930727,0.0,24.18296732639338,144.94342009622392,115.40599488051335,1.04200472441699,145.89956562632338,44.57222238803329,0.14041648654887276,0.055553656717062215,183.0,pompe
2.9282185157470577,25.186348010764497,14.097757653112431,2.186549665961672e-08,0.008830866014185037,3.5868036496472984,24.979717964990083,7.155558310001166,0.0,24.104181678107764,145.10784003872553,114.10110344470866,1.0268279676215843,144.8521834793714,43.94263438332049,0.14204965399087283,0.05530081572926312,183.20000000000002,pompe
2.3456316178229706,24.41663834306024,14.011746491694268,2.2912433229751383e-08,0.008478654625862569,3.6652434154012323,26.150500171872395,7.330860278921054,0.0,24.180670035274822,144.50528767874798,113.07185706966867,1.0213308109117276,143.91490990027597,43.42617085882265,0.14532985119189315,0.05430795018914626,183.4,pompe
2.4654788003454113,22.326572971031208,14.182701695519402,2.1494668559951325e-08,0.008221767924062609,3.653041582547339,26.884905140175608,7.416530730697821,0.0,24.17310241772601,143.88100633802404,114.32646380277829,1.0134246757558054,145.71765762673516,44.19231822786399,0.1423233327901654,0.053426994834292627,183.60000000000002,pompe
2.52818105927349,20.459321354064926,13.98427276482885,2.2058789889418044e-08,0.007996849582651873,3.7356578401667573,26.53644145270917,7.841500907690811,0.0,24.164777162568388,142.16227396041006,113.3213531630093,1.0316261938493656,146.81966155175536,44.84340391025166,0.13790610168593526,0.054171375811722065,183.8,pompe
1.8677867710193705,18.9376867013803,14.191904569028594,2.1767334456367402e-08,0.007972407923566668,3.7787279874263344,27.11774401979174,8.098342098978508,0.0,24.245529820187052,145.83230875492944,112.81337302235362,1.0084323156261452,144.29785616006282,44.600653004682066,0.14397420874344938,0.05414729082105793,184.0,pompe
2.889485739840998,18.063186971308852,13.39178300322606,2.1993562674130958e-08,0.007922129363388406,3.91807262096842,27.499906439542254,8.190591732881437,0.0,24.185906616252996,144.15266966269826,110.80820888386982,1.0205599319862717,143.74745506013014,45.20944955488173,0.14411578759258487,0.053749126267444367,184.20000000000002,pompe
2.1877592832526593,18.40160859233159,13.279855311303262,2.2244511881726065e-08,0.007762743358897605,3.956012240747035,28.614533068704485,8.129972217665918,0.0,24.216310794733026,147.89675623417358,111.41541310880082,1.0297036342206656,143.87302405069153,44.774858774343635,0.13997786109397897,0.05524892617140119,184.4,pompe
2.298317159640502,19.042110761664745,13.559186186537119,2.2510832905837086e-08,0.007640922254784405,3.8948371687836736,28.739469476331674,7.944536465700813,0.0,24.320963267093685,146.34584908095135,109.9916360396679,1.0257843225942103,146.50614643778846,43.526533857216975,0.1433992457103865,0.054088086369589394,184.60000000000002,pompe
2.4447152013177105,18.255633602406395,14.857530281049954,2.212991163197967e-08,0.00748842451013229,3.8684420991939525,28.653114593476296,7.887500521587649,0.0,24.320339658301037,143.6843048880988,109.54525965562428,1.0336741519763417,145.37635736560688,43.96063830904303,0.14320451871574263,0.053780154157530326,184.8,pompe
1.9248446020367473,16.58328682219704,14.393141684749848,2.2653754030812203e-08,0.007769303667777439,4.024441002952342,28.536818496522734,7.89334999130187,0.0,24.38923235936287,144.31745957065908,110.97061786484339,1.0395562521389816,146.58527545601987,43.46000617739587,0.14185766111248657,0.05311003473404928,185.0,pompe
2.9079433699310995,15.076462102742171,14.0748552587182,2.19559541330203e-08,0.0077545535652637524,4.059007414219994,28.488935488665327,7.720363002520128,0.0,24.43656232924282,144.1461854164711,110.37852705291502,1.036250915677152,145.33198834263578,43.19142117167786,0.13979223282791584,0.05272590095784246,185.20000000000002,pompe
2.3193154922442614,15.55581435525475,15.007631171122103,2.2458091672546917e-08,0.008068255093436076,4.094127689303238,28.708906728739773,7.512792448845037,0.0,24.40018738620989,141.35692933662185,112.7150941446868,1.0183074631592708,146.3772720397627,42.725144871741215,0.14307053805939168,0.0541923184862881,185.4,pompe
2.4746458991509197,16.644625254149695,14.920659321309243,2.3844552172371994e-08,0.008169705189119693,4.022923040333755,28.540576346915984,7.383444167715783,0.0,24.309391588193677,142.13037300858872,110.68643642998553,0.9837430742797132,145.88491130131317,42.33677790812053,0.14004664345884532,0.05051782286975544,185.60000000000002,pompe
2.518412971744083,16.4998814206423,14.440436973925001,2.3666148647395847e-08,0.008393356963015448,4.054746120797315,29.141580410686498,7.5330872939695235,0.0,24.332725501195853,144.07537263769808,110.09389028352732,0.9729968032696249,147.1109869848592,41.54789711826102,0.13639395813289573,0.04972962840665632,185.8,pompe
1.940184274093997,16.716683365028192,15.070872007509365,2.239050754106542e-08,0.008176604213516316,4.087411063535703,28.30357709972487,7.321409990242068,0.0,24.34800798354918,147.11218229834662,108.63828989645098,0.9860931325847694,147.17157564280186,40.62297236190838,0.13341456994185671,0.04863796689740824,186.0,pompe
2.9564049648121196,16.9959918914925,16.30255067986374,2.079225713389119e-08,0.008053700282395113,4.016887565692141,27.14929270341411,7.260708450505097,0.0,24.248910114387428,147.16232184086994,106.95350591480525,0.9858055900089024,149.87734357086717,40.927496358972896,0.1336733573188817,0.0480276690048715,186.20000000000002,pompe
2.3176057722261314,17.61816529349198,16.546998596038804,2.0271710113302867e-08,0.008058713898296748,3.9179922979078374,26.45943134248171,7.3321423770611,0.0,24.253440167582056,150.12545316296575,107.74775682255415,0.9823537980647341,147.6091579112639,41.77534678653489,0.1357228306853768,0.04995959943190819,186.4,pompe
2.5607541095251367,16.394293883480998,15.533759639158193,1.7866345145796767e-08,0.008191651054665506,3.958950527911638,26.415744388552792,7.036380048191824,0.0,24.262913545133372,151.71224032844265,108.20401447335125,0.9908888782286321,147.5397828380982,42.489596637039995,0.13737606438148353,0.04861102826617095,186.60000000000002,pompe
2.7112495657772344,17.54518784600074,15.772402833196738,1.766316819832135e-08,0.008466279872537716,3.8396419548648724,27.194719261771603,6.914236272204432,0.0,24.268899322439257,149.19893800010362,107.54534576989607,1.0042187667334195,147.3008893735409,42.18068404095285,0.13517915280282267,0.049275576300160016,186.8,pompe
2.169404318413752,15.67643430159336,17.803758972029954,1.7413090833402586e-08,0.008540854197227598,3.8046514919384684,27.08280930306256,6.947247829182632,0.0,24.22467081494082,151.59472158247647,105.39004556476878,1.0098742941889345,146.74801619422146,41.6855987828334,0.1409962525055617,0.048196234255160356,187.0,pompe
3.090110621076806,15.507352222443489,17.026660465378495,1.704360764431967e-08,0.008534285366394626,3.8156160876113767,26.88205662455805,6.8074150115504315,0.0,24.218076340402714,150.5860359705941,107.57028447732301,1.0079305374516305,149.0940989404081,42.42450336780098,0.1448265429042424,0.048909251946492364,187.20000000000002,pompe
2.4147211326156626,15.632551595923884,16.686138558266638,1.5408460444894036e-08,0.00863628886007517,3.8272537733952103,27.38190839972506,6.79072089162636,0.0,24.14304981475229,148.24237315545216,104.11741574698098,1.0058140841619638,147.7253487636415,41.9575466535426,0.1456176761754967,0.04840774463913034,187.4,pompe
2.4433843633112775,17.948753026623656,16.516454040736452,1.4492900470389693e-08,0.008471199399211418,3.8103402380441773,27.135202424932835,7.038120903021664,0.0,24.24286867666407,147.394519223751,104.78513987171927,1.0193988648218009,150.0,42.748508047093125,0.14443654455592284,0.04836412429948412,187.60000000000002,pompe
2.4095854636486704,17.72668528232395,17.260924529548948,1.4654870232258981e-08,0.00841883025378266,3.9228562318026876,26.75216488991142,6.891184613083861,0.0,24.181552200367342,148.64360365248947,105.25970883248694,1.027409957460312,149.33223643841686,42.7579850482165,0.13727627166832332,0.04873482269348569,187.8,pompe
1.837336249536422,16.67893932902459,17.07067687893046,1.420572780577427e-08,0.008721734984741485,3.8438399423885787,26.862279777183183,6.670589467588917,0.0,24.195980790167013,148.23073552584728,105.31865879654295,1.0314745557404095,148.5137708542961,43.31095714355513,0.13606195735857282,0.048590270297707176,188.0,pompe
2.906853880193159,16.768325430776436,17.440684256866867,1.4062684414069679e-08,0.008776619636375205,3.816426246960027,25.993401288742717,6.432420680560452,0.0,24.29099465103715,143.90519749185114,107.08606817785825,1.0197027710507987,150.0,42.090514912350095,0.13507257954349508,0.050158023656848606,188.20000000000002,pompe
2.3222633235133645,16.568928423401168,15.85283807728021,1.3111148764841917e-08,0.009016175038213252,3.787608019684901,25.86548103202278,6.518555669479607,0.0,24.31258067927324,143.1247579337618,107.57131370840109,1.0114513995656254,147.03182584327138,41.8954304106124,0.13674824592854734,0.050562608148719886,188.4,pompe
2.4508859199882624,17.37058115140054,15.615371380322282,1.2856267636475472e-08,0.008881650515702116,3.847908252964905,26.013677311978007,6.4633735648516915,0.0,24.372178615737845,141.73374045642146,107.73652359278908,1.0435873303750511,148.8008242550929,42.857194564573106,0.13483612583581225,0.05174857381101091,188.60000000000002,pompe
2.5484566372040915,17.69845952433951,17.023194779196068,1.2452865756537566e-08,0.008847728391594499,3.781015652882799,26.56748085832512,6.405275365560792,0.0,24.281879386115325,142.8171560062693,106.87054775676181,1.0533129291570915,148.94410623231963,42.592910536724396,0.13340303013427976,0.05073305609327055,188.8,pompe
1.9857008687969897,16.72730671571533,16.718125972772118,1.2340212708645048e-08,0.009135099872816316,3.7753099981521117,26.311954286211346,6.499542454762385,0.0,24.21633867482657,142.1316077009914,105.91610264577119,1.0303927900534682,150.0,42.785062633063454,0.13355260791129842,0.04991205177773481,189.0,pompe
3.0081980969374826,17.108096900184712,16.404441063908234,1.2272991557606544e-08,0.008935114166514393,3.7768824011179536,27.05927704336663,6.7587822061463125,0.0,24.231262096755493,142.22658672223392,105.34596453654824,1.0053139043562218,147.48199278259,42.73139780091111,0.13296078168250572,0.05147455268286038,189.20000000000002,pompe
2.4422723597072626,16.597331376598852,16.917830464886954,1.1801781184494859e-08,0.009034564412785771,3.8266398186805675,27.883516856660375,6.6885156688857945,0.0,24.12945515387195,144.75578662687104,105.37751105159276,1.0050197795960454,143.6823300188425,42.552003245802744,0.13678364827694323,0.05094527131919539,189.4,pompe
2.5797296898295836,16.638698006540128,17.614821520951374,1.1629738655559457e-08,0.008809885121637738,3.8253586398843016,28.9723132846515,6.7927571455267,0.0,24.25092807854556,147.04855818289246,106.60571086962288,1.0090125575256108,145.29267637288342,43.0331797092544,0.12999370766461382,0.051357384045874054,189.60000000000002,pompe
2.6356243719377512,16.237769190532834,17.314806186248664,1.0750474896028833e-08,0.008424116638852761,3.906431904287114,29.16170973016062,6.368665107262841,0.0,24.29817887690262,146.5117371425814,108.46461594361712,1.0230052033409505,142.859196162236,42.99195573130611,0.1284359227334838,0.049746228575977665,189.8,pompe
1.9194246641645907,15.613443255214438,16.678571070430067,1.0628707117618694e-08,0.008587308056001977,3.9372185738051426,29.555863040148417,6.352993685127407,0.0,24.289571939359647,145.66328892732855,111.3188725656368,0.9910311050925742,139.5132447841212,43.2548593972807,0.12741755844159383,0.04813404048938502,190.0,pompe
2.9095866204569387,14.793189607942049,17.215122007753966,1.087091776959066e-08,0.008871408736980101,3.821645464273654,28.27637498597644,6.142644705327914,0.0,24.31169676228601,145.84034196805675,111.71367290839599,0.9899514087578447,137.6468053121376,43.59417821206954,0.12663160989775116,0.046821997752027306,190.20000000000002,pompe
2.3152148970000157,14.6243347726237,17.21251645658952,1.0588225143931055e-08,0.009012291033021562,3.8317338000675796,27.46633235279653,6.2602610077427965,0.0,24.33896303384897,147.90078623430915,110.84469810760254,0.9986641747280138,134.7246700077047,43.56326979408172,0.12560235064730071,0.04832675499972927,190.4,pompe
2.435844859213616,15.15881150559577,15.727178502775736,1.0227758344540422e-08,0.00880504359511929,4.000115718212357,26.853495122798883,6.324400092373479,0.0,24.252064042258787,146.87174473835964,111.50088332558563,0.9995513934420397,130.8722454806753,43.27255411414671,0.12825102120090898,0.04892955998744309,190.60000000000002,pompe
2.602813461526751,14.430528935387892,16.530182302616858,9.99143925701907e-09,0.009086690375983099,3.994984997284436,25.276722213338015,6.497755809864314,0.0,24.23112429809772,144.0516361565447,114.00551042262867,0.992147327638484,133.92825867160107,43.063567034680446,0.12536018718570477,0.05035657573896788,190.8,pompe
1.97454512854026,14.493819396814713,15.443786415931498,9.613976973731403e-09,0.009135593916070366,3.897820864635702,24.818601266707013,6.432451987726998,0.0,24.310877861845714,143.4999253448866,112.99988527748711,1.0289877959514628,133.3984838062876,42.9951992282569,0.12411083720453203,0.05000682824845263,191.0,pompe
2.9996302483097073,15.206688249022143,15.594422261828159,9.799509614371956e-09,0.009312529369305189,3.9071681661077697,25.023173125555267,6.661092498948493,0.0,24.44651487946027,142.54554765052202,112.51687729949056,1.011877348814877,131.54872755515964,43.602698961604766,0.13032375129726873,0.04933794931986569,191.20000000000002,pompe
2.3694087316604313,15.552825361615158,16.18913206419764,1.0414474460538367e-08,0.009595056153121919,3.885324026083636,25.32329590857503,6.784947550045464,0.0,24.386129909669283,141.05910293791075,114.31176626017,1.0285861752237158,131.44143292761896,43.79514453135856,0.13359860088028555,0.04745593461131813,191.4,pompe
2.4615674824595417,17.35563168195332,16.278685869334204,9.778351008346328e-09,0.009579473419857877,3.951893687119426,23.586278137673755,6.816691934137917,0.0,24.296209005495037,141.25330427825878,114.1467431460812,1.0277533937294576,131.08768676336268,43.23779460228075,0.12905593215815406,0.04669346564244581,191.60000000000002,pompe
2.6028595492930773,17.562050318818027,16.14030113324445,9.202618583912057e-09,0.009459001694160018,3.999199255956082,23.881805076103284,6.715271951594004,0.0,24.259026898065887,140.37978012434914,112.81126149203239,1.0215083942138312,132.7930597123042,43.257246323938745,0.13168657502864137,0.04511072034724059,191.8,pompe
1.9611500850751078,15.839338046463487,15.756467454406087,8.636964894297635e-09,0.009693680443854985,4.02344629504575,24.49419988824246,6.6263408236825185,0.0,24.201506273863817,140.92244332324685,115.63295141219844,1.0266025878022322,132.37967756313813,43.18880685720518,0.1313309990120776,0.047168413629044934,192.0,pompe
3.0408604517557123,15.995367770986142,15.725673503740511,8.557044639503138e-09,0.009760212308685743,3.988539202038274,23.87494630628385,6.807015619712999,0.0,24.25235776171652,144.10878732936658,116.48530170252113,1.0309246485014938,138.44002205739517,43.350131196947025,0.12790567967578043,0.04683798446395927,192.20000000000002,pompe
2.4846853768612216,15.071653195782256,15.101785357893117,8.775766328256197e-09,0.009659631678150742,3.9754773573226174,24.531579142506406,6.660389804183064,0.0,24.176609865038824,145.26459951886832,116.93056942024195,1.0207702247553792,136.52833772486017,43.233647641601145,0.13088510549523558,0.04593649311679288,192.4,pompe
2.5361339180104276,14.202741455410782,14.74924779747203,8.706989248429274e-09,0.01008625042327035,3.9858420044723615,24.44115324588828,6.818709434835454,0.0,24.144857402805147,149.84230363274503,116.9310681380804,1.0234676464365062,137.7753605372679,43.4757486131917,0.13516468319168468,0.0453010643581881,192.60000000000002,pompe
2.656576268398301,14.429611399820967,15.295341443724322,8.441410465349096e-09,0.009964662504528418,4.033264198293592,24.624919081293726,6.657627353589112,0.0,24.18389437803755,149.69634680972547,116.23773260636149,1.0279081206945124,139.22870200666082,42.59591928309593,0.1360356719286138,0.04593474129180884,192.8,pompe
1.883589282342701,14.70206637841572,15.650008676575904,8.468179138473776e-09,0.010102715735350381,4.004473155772481,23.87307335638266,6.336235965082305,0.0,24.22139968017258,152.06526214786487,115.15279908087317,1.0384076152981598,136.66965679206444,42.14553142588808,0.13614777166602288,0.046587973758986545,193.0,pompe
2.999135223951556,14.468144174491304,14.923508752832076,7.962307641883173e-09,0.009905587394721953,4.1615377152741075,24.31858834040158,6.554383455293968,0.0,24.22076540505785,153.49262539169692,114.41708304434985,1.0336758342325132,135.6710067037783,41.93878393294096,0.13602553822224994,0.04570632451915347,193.20000000000002,pompe
2.3648861905122867,14.87804022431041,14.688964462486807,7.497680156883587e-09,0.009886764877542862,4.1186928945608505,24.255494418862984,6.734406574141902,0.0,24.33822093823017,153.3315639538584,115.0958506678382,1.0224847032562616,138.00382558253335,41.91448786689574,0.134560236140176,0.045089051665232145,193.4,pompe
2.467506566024114,15.259674847475111,14.704639344407253,7.318435523456654e-09,0.009688719845018913,4.057077718717154,23.878552355155165,6.792351663554729,0.0,24.381088654894118,153.3174202540284,115.73222102419165,1.0194807670936767,135.0416015963855,41.83967433587344,0.1331671354411767,0.044021395362159446,193.60000000000002,pompe
2.5285147345397503,15.423166343058172,13.888676051944017,6.906971754000778e-09,0.009988693749543604,3.9372235890427993,23.710881971713142,6.561615587491536,0.0,24.369762270530828,151.28839632763825,116.66762724614875,1.03751110766213,136.81632526275578,42.4655563894429,0.12885603046845828,0.043751376116189365,193.8,pompe
1.9489270762278166,16.218257637061424,14.960023747619573,7.1463290091029065e-09,0.010148483137856537,4.122095885182709,23.76300952695276,6.534952834411165,0.0,24.319401502206247,151.42296853280712,114.03454694377679,1.0295584341680029,136.83699739400183,43.05427299899734,0.1318420742328056,0.04278815957171643,194.0,pompe
3.0693029849647417,16.264251482909525,15.04696112297856,6.4326815537042585e-09,0.009965619859432001,4.195006287872469,23.806950762068876,6.545881191290307,0.0,24.240499737264567,151.22351045571725,116.25493331654069,1.0439364668055713,136.83943022125717,44.008791903225834,0.12792100367028375,0.04183918146756581,194.20000000000002,pompe
2.5295248677078566,16.92021459431853,14.777704889789517,6.268327484152278e-09,0.009745138994871307,4.210498362341949,23.848598773910677,6.528371759626932,0.0,24.25430925668646,150.15050914114138,114.7674848733752,1.0609306885848557,141.1128452816317,45.20864849782669,0.12954107295339015,0.04156279718755055,194.4,pompe
2.602769848762343,17.303988048480146,14.45055811497193,6.616551844866768e-09,0.009270217470871749,4.182941760904458,24.27860898018709,6.361704498075732,0.0,24.285980729309788,153.24206765541177,112.83627513690952,1.0406201262760648,139.54345361744487,44.31869169981892,0.12510562283293203,0.04063996627607062,194.60000000000002,pompe
2.7351674538127755,17.02958646451524,14.438176870251903,6.135210703544934e-09,0.00936307417746639,4.3203650428814,23.61320805873877,6.665400750152511,0.0,24.28635008608884,154.0,113.47746635598283,1.0660039529645318,140.73891440329604,44.67820065630827,0.12368301035492711,0.04138117769086412,194.8,pompe
2.0214708009879896,17.178345873990462,16.381054190138347,5.165675291972833e-09,0.00937222116893611,4.335880293958149,23.36486232408877,6.579011053109843,0.0,24.27212222684703,154.0,112.78448036595248,1.0941734260668514,140.47614779613653,45.056130526197904,0.12160107363959147,0.042224544430124564,195.0,pompe
3.065271688441606,17.473462225482976,15.550202237692996,4.78280623720766e-09,0.009692420996438633,4.27147935086464,23.65705205037579,6.360996637063543,0.0,24.234351083803745,152.00893003168798,111.76053191135597,1.0847414284572012,141.45461470172123,45.13175622120321,0.11841904258364384,0.04216819256049513,195.20000000000002,pompe
2.3185181910229895,18.192489733947987,16.07319172731982,4.660493612562715e-09,0.009710282277232673,4.401992224729672,23.455259333397795,6.18519835647309,0.0,24.1725054183999,151.5743828544751,110.91747867362695,1.073358508623624,141.18941611682035,45.71326446978293,0.12115070415645592,0.04302114172951231,195.4,pompe
2.4639372381470004,17.873650983635912,14.406058912441113,4.682456307296035e-09,0.009186717807513203,4.247434310160842,23.22335692036974,6.208522591130966,0.0,24.25510158028507,152.51307906595994,110.60086964149059,1.0922441210981086,144.39531665313808,46.05967026668502,0.11883027182846324,0.04246474402730085,195.60000000000002,pompe
2.4784911544896713,17.79905112312658,13.72782447711263,4.454291123171487e-09,0.009201363122389786,4.093914357327302,22.377213394404095,6.133144571900792,0.0,24.227783942712744,151.95277730206865,109.61228206171512,1.0699701656885727,143.55689718070713,45.95770230435788,0.11777340053169359,0.04254051806012361,195.8,pompe
1.9076800653148915,18.431540490714628,13.34599536341108,3.8183443494430084e-09,0.00942760627322157,4.117006350976645,21.811548271133052,6.221541826751327,0.0,24.32109801293701,152.45905861034504,111.23878818778351,1.0517859121486053,143.6861684314932,45.78166578877252,0.11844649183999312,0.044070178535795104,196.0,pompe
2.9560828048403165,17.35865528727787,12.641845732855069,4.355716184545046e-09,0.009496472771379829,4.144820350925682,21.629275208226503,6.298678204362185,0.0,24.34161715544617,150.06729932101615,110.75652585472108,1.0418804899738088,137.74194039656376,45.60000069191496,0.1158564686846714,0.043831485509263045,196.20000000000002,pompe
2.3130511509786085,19.161575803141485,12.840000446364675,4.370775531232543e-09,0.009561938373272646,4.204616307674878,21.917992733957497,6.37050538841703,0.0,24.209347287382588,154.0,113.19777028318163,1.0440813820759158,135.38373536314117,46.37808358230377,0.1138457449558538,0.04432633220657795,196.4,pompe
2.376878320535751,21.476584916819203,12.100392321451176,4.289107148261245e-09,0.009078318248524632,4.196057248119695,21.666851088552527,6.574486696841087,0.0,24.270519003496464,151.88471372329988,112.81867678544656,1.0395108112722862,136.52707389391628,46.63624747078032,0.11547687683397292,0.04455967316823182,196.60000000000002,pompe
2.526175215729859,20.291163273418498,12.452944187793337,4.798134264404439e-09,0.008705106940083956,4.227438092519711,22.078256236254404,6.82860434580888,0.0,24.27541772680457,152.75841409733513,111.76059037766713,1.0332416889872833,134.33683728420127,47.603300621344616,0.11641739377912384,0.043623312558700986,196.8,pompe
1.9359584968436894,21.487347645635978,13.11906346386846,4.363691239803698e-09,0.008079475049724493,4.251926045716775,21.548335520530653,6.902468460696364,0.0,24.33539645269584,154.0,113.68132933421782,1.0569159726576491,137.09078189221304,48.57229287341827,0.1160798831842735,0.04235128860229128,197.0,pompe
3.077316067526272,21.29730648538063,13.968760912146504,4.064962125447992e-09,0.008221158772963947,4.064487235271262,21.310607668195303,6.828206994897607,0.0,24.393253690887143,151.7420944557629,114.73891347674964,1.0734233339866395,141.70506490193625,49.054403950344266,0.11466069207988074,0.0411319583060118,197.20000000000002,pompe
2.533487421535548,22.135506783124992,14.033143204887436,3.4255753141823874e-09,0.008016820845266639,4.105456789989198,21.557409205650906,6.458535975837412,0.0,24.307304536337156,154.0,115.10407811183447,1.065816494050811,143.80825284656026,49.3050976600344,0.1178791093780193,0.04117546568172251,197.4,pompe
2.6176331061595213,21.640101877768373,14.295371590589978,3.996309182616801e-09,0.007893129709306232,4.148049840346938,21.07887882790667,6.117226409245489,0.0,24.326898525854556,153.75892798396444,112.86017986808432,1.0692297725496305,144.5204256576942,48.737122057111776,0.11412854519728227,0.04091280947646697,197.60000000000002,pompe
2.7121770987378615,22.004263484891776,13.819542382608581,3.945577423491103e-09,0.008017710948304686,4.056616679684583,21.145282160932627,6.374223441793484,0.0,24.38928907635945,154.0,112.57293510706995,1.0633122279631266,146.73140733589668,48.63437785794749,0.10805255329579395,0.040791682106494,197.8,pompe
2.0905769993358163,22.776488009760218,13.385701935517421,3.750924586178024e-09,0.00816069000874408,4.047086634087328,20.348062672809057,6.613299849425948,0.0,24.4483237471423,151.1299390763338,112.43946239439333,1.0697245257261023,146.74266117277588,47.88781827734,0.1022251062233516,0.04217423392710041,198.0,pompe
3.0959765593689283,23.97510372944423,14.084851270166451,3.87439390867818e-09,0.008067580597958762,4.077488565934306,21.23201153246882,6.6323501508977225,0.0,24.36594050931983,147.9047378230676,113.98916837336135,1.0571244778570756,150.0,48.77709308583172,0.10571772445150325,0.042984767704651025,198.20000000000002,pompe
2.356079397015719,21.83127068004964,15.196992464410236,3.27693904744244e-09,0.00832426755424665,4.121326332842585,21.23115998828589,6.705465942987497,0.0,24.354366664105722,150.7719269138444,116.18261692257364,1.0584674619218333,148.96343249343815,49.65784726228564,0.10083566325734696,0.043380760060082554,198.4,pompe
2.51425657678568,20.70037864153907,15.926060857288222,3.178895589670428e-09,0.008187934579880955,4.187586200158564,20.646135998533467,6.8377593563384185,0.0,24.36938255909796,150.85998414644268,115.38468840166017,1.0630975402665488,148.97580660672062,50.38051959002642,0.10190963500536387,0.04378929778441395,198.60000000000002,pompe
2.611602626141017,20.071661241310498,15.715657609728247,3.1818179219130706e-09,0.008121457407691953,4.266178686340211,20.724022804083415,6.853625495303793,0.0,24.42028657346845,149.68725793306132,113.824188413708,1.0858281396368852,150.0,51.05741933240339,0.10275070681934188,0.04366473164862605,198.8,pompe
1.9692102777674187,20.85722012467189,16.52631233286736,3.0703649162840716e-09,0.008472039040506649,4.245531386769203,19.97049823493463,6.477487354513517,0.0,24.39715120428856,149.22580852794758,114.91727709155636,1.0841924688979105,150.0,51.097531946156344,0.10257973681599743,0.04307108144510531,199.0,pompe
3.055778033773311,18.988139032071423,16.73876247790497,2.920512916365618e-09,0.00858542333181489,4.238412867939991,20.009939616260457,6.401814356372294,0.0,24.39673351864377,153.2269663488143,115.38121547549726,1.0833188394905697,149.87433131707482,51.49506659730718,0.1010385939229053,0.04317942125939513,199.20000000000002,pompe
2.3892367686676668,19.38008211950474,16.93965280857371,2.984389497837113e-09,0.008567174071017087,4.353514399855727,20.27141915102167,6.843367579899899,0.0,24.448552036531087,151.73095800861117,117.61228326838629,1.0719526150175536,150.0,51.320327804411725,0.1018685072107996,0.042921120769376556,199.4,pompe
2.458368553383648,19.00920599970341,18.08774818053316,3.071894647636307e-09,0.008287419209762299,4.433963202738806,19.788949897694636,6.894954732521226,0.0,24.481718005703957,154.0,116.34842338122633,1.0795601704648288,150.0,50.88759253500276,0.09998553027103459,0.04261443080009327,199.60000000000002,pompe
2.570595220497813,17.56389059106801,18.434782267045996,2.5237100019820887e-09,0.008495333458080397,4.4690799206459,20.821243305571862,6.909277476169635,0.0,24.43748439713059,154.0,116.34068879644157,1.0955475302968238,148.30941131932119,52.29615309204021,0.10268109398776278,0.04238888659848311,199.8,pompe
2.0597483027703896,16.851176325167636,18.45511066433501,2.0297899894120554e-09,0.008817247142317457,4.3334658669973924,19.97085463494309,6.673094252005065,0.0,24.489166680475964,154.0,117.98151747507012,1.0923959114684094,149.3271304677228,53.472165062633714,0.10191587327681,0.04163721672919479,200.0,pompe
3.0827053441851002,17.46282743580618,18.37881226862148,2.3461785236720718e-09,0.008740182971634052,4.337772784987498,20.17475513773005,6.651785705701226,0.0,24.508860729370475,153.35951971225057,118.85555639085453,1.1059622468523926,150.0,53.989868709958486,0.09836149705196616,0.0393510667412097,200.20000000000002,pompe
2.498297850047486,17.99646160961947,18.210450475324475,2.5308886690013194e-09,0.009087820202182373,4.4433408396764085,20.69612030655627,6.424320859243582,0.0,24.377874942468036,154.0,120.66957218933177,1.122357232960203,150.0,53.87579176266076,0.0969384466829718,0.0386036316839192,200.4,pompe
2.573908611268483,17.057342631892336,19.56403337917032,2.029038482533988e-09,0.009009242049908299,4.28649411701746,20.8125651813577,6.360876178706752,0.0,24.326532905324036,153.99122654851277,119.82041420943992,1.1187003220876208,150.0,53.998215324730026,0.09791509203768398,0.038178231439044884,200.60000000000002,pompe
2.5957094213364384,17.06676950797489,21.680344527793334,1.854379968680787e-09,0.009044059678340707,4.2180847549339875,19.302850792822497,6.188702342060731,0.0,24.35839383731136,154.0,119.29416156857118,1.0824484560191117,147.95155614028354,54.28392655279605,0.09824891676487602,0.03814311108674614,200.8,pompe
1.942818300158731,17.990076233652786,20.93721269528378,1.8940711892531134e-09,0.009045210182984998,4.185119293350845,18.882778696753178,6.097389290506295,0.0,24.418512859641943,154.0,118.07489978239605,1.0606165476955562,150.0,54.943143717480574,0.0983624653537841,0.03780225297361426,201.0,pompe
2.9095329260718636,18.722546480435874,21.860004326870303,1.5928684902496117e-09,0.0088538419951834,4.27387643557837,18.619533614274108,6.392313389151069,0.0,24.396865733733517,154.0,117.49964955184828,1.0757725043757398,150.0,55.74470545956948,0.09858045129968193,0.037392704837840754,201.20000000000002,pompe
2.2769813645275754,18.35147556773891,23.112462224914925,1.9179636501559188e-09,0.008798112178355638,4.198315558436934,19.450452614408256,6.364904916426535,0.0,24.481001554914574,152.93612534673574,117.03518507883918,1.0712823737844361,147.54087361069026,55.97170772861057,0.09672443611098272,0.03689292840421067,201.4,pompe
2.3792924857738846,17.720930798709453,21.985557956515013,1.9345076338763555e-09,0.008730163367303846,4.196738555908436,20.73778940638564,6.296177741694923,0.0,24.51982755345764,152.79769839539728,117.50371795829867,1.0705119075985328,148.12159943842653,55.52236621438946,0.09547560856959979,0.036881711139008753,201.60000000000002,pompe
2.3900040532621385,19.17728432433291,23.956572882170363,1.9223934220011236e-09,0.008823934557777432,4.273496790961987,19.992460768348796,6.425084973026049,0.0,24.64519335260326,152.40331178429213,118.98042344502058,1.0668906941453087,150.0,55.13311137638941,0.09781212292465544,0.03737688085785575,201.8,pompe
1.8388326642876818,19.351737535938305,22.97021482151132,1.145884208016689e-09,0.009000966685201358,4.230973891901574,20.60732276104164,6.422285680147839,0.0,24.688869410591288,147.43973040473418,119.99810654040849,1.060872412023929,150.0,55.56490122924251,0.09895156051979295,0.037124385256691816,202.0,pompe
2.855945411856952,18.723658457022726,20.9480385005877,8.74066271099827e-10,0.008672848587968922,4.118325738308397,20.641420915578045,6.462559488887803,0.0,24.66079304365743,145.5905334062534,119.51776204147403,1.0481993657364026,150.0,54.43313097731713,0.10032528019464194,0.03663154809335295,202.20000000000002,pompe
2.260987062896769,19.674439198624366,21.057426570649625,1.118368415205438e-09,0.008244464435603857,4.077115794493583,21.268019775237814,6.5218126819016335,0.0,24.754402279535658,146.19743811218277,119.14495784354426,1.0339554543317668,149.21176951620353,54.13135799014895,0.09880872600928214,0.03586196020735971,202.4,pompe
2.423118311197532,21.433549890288973,21.774036762447256,9.280863119259197e-10,0.008398482898917236,4.097482106582587,21.236948353605335,6.4742218719695686,0.0,24.78990969280603,146.48970237744578,118.01718996904577,1.0225095987998867,149.99544764097962,54.44029155765232,0.09792670308780402,0.03494075911289789,202.60000000000002,pompe
2.594626708210516,22.525826844413356,19.764210240593776,1.4385578321737125e-09,0.008323636274899838,4.1064539879384006,21.87935583687694,6.736257827676515,0.0,24.802716304419643,143.827871991301,114.8860930867494,1.0339519799169374,150.0,53.844002501517956,0.0971477147495711,0.03448436069044745,202.8,pompe
1.938934537117115,23.720648524794395,19.88609821811579,1.2839596078927819e-09,0.00879758045577784,3.9974588655868137,22.175432835625685,6.500180404099992,0.0,24.81040318123445,145.494626851612,114.52541394091787,1.0281203965567738,149.6051988110044,53.06735661329867,0.09834246233410501,0.03467862819892329,203.0,pompe
2.988097992786608,23.31798972105794,19.668131736820975,1.6964291528421726e-09,0.008963492737361063,4.095116020665971,22.3843603755066,6.730934530783424,0.0,24.798704644591915,147.86711118155696,115.8706817931903,1.0235101609607467,147.68761927735613,52.923341307854436,0.0966584245157157,0.03601883144163846,203.20000000000002,pompe
2.3884751396022734,22.29137248340793,18.720370134463142,1.367200897048926e-09,0.008814092478903104,4.0779396749843535,23.021053890043547,6.512305884910689,0.0,24.745894342050487,145.1094237226607,118.56366673698375,1.0411348859981822,147.5041244135018,53.19636927022811,0.09735606320111041,0.03610511394076808,203.4,pompe
2.4313450198028743,19.340259818619955,17.98118464984842,2.0956347994548276e-09,0.009149900136238466,4.053913831403531,22.382277333814763,6.543468548476392,0.0,24.778599798850117,140.29558597364465,123.7252305205004,1.0563037249411118,147.29114783538034,52.68646121951436,0.09934187392566293,0.03648296149477071,203.60000000000002,pompe
2.5371633491733805,19.744359031709102,17.79751994166324,2.169497309914173e-09,0.00926083233954252,4.073958972126694,22.536418966701305,6.779313640435709,0.0,24.7338737454813,140.3877801259488,122.53883622641352,1.0498670891250828,150.0,52.58380710658805,0.09517109697335666,0.03611503939171946,203.8,pompe
1.9322311475437053,19.716925465765208,18.167730520397914,2.2704326308256507e-09,0.009192770545252324,3.983004989211547,22.241070920393547,6.628433272527485,0.0,24.771572970250837,141.19278478682682,123.92337982288852,1.0436516598648957,150.0,53.06357662641419,0.09522962514280145,0.03658192417347198,204.0,pompe
2.9350698543638223,17.42092555243989,17.591492203704913,2.477356931461402e-09,0.00917020501978832,3.9684447690018736,21.739928241176944,6.2785144923051845,0.0,24.75950280520654,140.41997704573035,122.83050826389646,1.0606735890508556,150.0,52.38045769939593,0.09756069133746216,0.03643920887200064,204.20000000000002,pompe
2.2571762232337185,17.23498240583338,16.858819452057546,1.9716228310153248e-09,0.009291759881839926,3.948011391213136,22.12698326142848,6.354599927768793,0.0,24.645930955367323,138.83823668357329,123.79401747965481,1.0419065215204737,150.0,51.41609794379047,0.09741016152817877,0.03775052761746732,204.4,pompe
2.4392634733887726,15.56013010747828,17.40159854175162,2.6572055718675688e-09,0.009851579181607397,3.9768961070288324,21.3522155520212,6.456108501882016,0.0,24.635068153282017,140.84299413818582,122.42713841513496,1.0464786523470644,145.23919333628848,50.77247842380156,0.09721120443803627,0.03741972178895318,204.60000000000002,pompe
2.468255715622825,15.193532962936796,17.494028372528177,2.546256727481882e-09,0.009823142960937096,4.024505545475962,21.193589551378416,6.705930298829832,0.0,24.740948142771497,143.00185550422108,121.86712165579192,1.0417216279067485,145.83281997915748,51.19238296622603,0.09943639945419405,0.0362907028464208,204.8,pompe
1.9008408714729912,13.628926115783656,17.17819598813262,3.040587932277468e-09,0.009474948938563736,3.9061858491287142,21.35079302207891,6.938281862192765,0.0,24.635247732305793,139.84023635386583,122.05126837175739,1.0246493798614058,146.28776246753063,51.335931019818254,0.09816505686043973,0.03777026909832493,205.0,pompe
2.9654603648996107,14.541082941974436,17.69454478067559,2.9020462968745675e-09,0.00939357318093556,3.880709815869171,21.79937597221953,6.795168580751611,0.0,24.593640679471847,140.28725690922792,121.70098736597743,1.0179730203640394,150.0,51.042582878145176,0.09731176923566341,0.03718845592927962,205.20000000000002,pompe
2.3227845129055944,14.648567586360606,16.63147435173519,2.6707637510324727e-09,0.009482586101549695,3.9479794791935245,21.854938945617352,6.79780019739284,0.0,24.565472041243993,138.6093832835259,119.21110925147464,1.0079935697980427,150.0,50.76208369040009,0.09637672650408073,0.03686119817660434,205.4,pompe
2.5152237720468094,13.985466855425182,16.674808202919753,2.5659141263610566e-09,0.009456699083474355,3.960511947140172,21.920057677904,6.929947631410082,0.0,24.66092490002274,138.74121226153113,116.54933544455123,1.0162235190408264,150.0,50.794712997692876,0.09563638807937158,0.03513535737244752,205.60000000000002,pompe
2.488764008056638,15.38609954302415,16.06263564348094,2.855370825988803e-09,0.009083608835280836,3.8823243636851683,22.348936729299865,6.882118635935835,0.0,24.659618293210162,138.40373682697543,115.52855898033415,0.999572678756276,150.0,51.88435727703302,0.09325995029315211,0.03425635149096101,205.8,pompe
1.8728822069220925,15.726536836303273,15.803883504446475,2.9567472367548495e-09,0.009035005804472376,3.8697835618771252,23.876909850133174,6.777478444394891,0.0,24.7389733814839,139.39287247244215,112.62188741962403,0.9996686839698543,149.13339222440663,51.90417059859937,0.09089274080764054,0.03481860628759229,206.0,pompe
2.9606601870635267,16.66432000135168,15.42359543076823,2.5176700686583413e-09,0.009067936224319135,3.988662498095467,23.909331774904544,6.86497042411439,0.0,24.710581453781444,140.67526768919603,112.50854720039251,1.004787262630091,150.0,52.152344965574414,0.09186195705943585,0.03413821037545418,206.20000000000002,pompe
2.256522394791119,16.735901960944993,15.332610032804869,2.2589308057095257e-09,0.009078395670012828,4.049249727320889,24.643416880405645,7.1090857222657915,0.0,24.645848071322032,140.1703038194915,112.67702871551904,1.00111760205807,149.05699184028416,51.94437225251093,0.09268634486585975,0.0331164947843256,206.4,pompe
2.520670008944707,16.718183520120583,15.99645324577801,1.984719371078548e-09,0.009157153652487728,4.051716972204857,25.137232230792616,7.01738650881421,0.0,24.563203821210397,142.00975291063878,112.9036464514789,0.987035076265369,150.0,53.254098969337676,0.08831224933569158,0.03322693574819366,206.60000000000002,pompe
2.6401007975500814,17.13904260255753,17.022725058829725,2.433306713238855e-09,0.009172696575172444,4.215328834110336,25.67576062529612,6.90263386778799,0.0,24.63103660360522,140.54218475868214,112.33146039401198,0.9834525956883936,150.0,53.116035124647,0.08558458179262741,0.03408082811343431,206.8,pompe
1.9833733029166254,19.13129061981824,17.139352005932277,2.8509244422847587e-09,0.009264019867225163,4.3105900764388245,25.90221170147267,6.876338109380739,0.0,24.767782029587487,140.0755665768684,113.58363686020225,0.9828344987849357,150.0,53.14658287129659,0.08139584838746299,0.03390700443467951,207.0,pompe
3.047726668488133,18.197196745724913,17.787620636558408,2.83429037862651e-09,0.0091850655176683,4.375806974166753,26.176652715190446,6.870765933354856,0.0,24.778475389968886,137.06191912076733,113.0528251955832,0.9586976152021469,150.0,53.78979864618552,0.08297875382774755,0.03425857329643656,207.20000000000002,pompe
2.449240896882829,16.80745925513422,17.587574890397754,2.290455964647383e-09,0.009072728581853554,4.498837829275227,26.72108185816275,6.896990552504859,0.0,24.72292756374349,137.46168856906448,114.79517173757166,0.9634413672701474,147.00698720517624,53.86304191724678,0.07935157940918505,0.03485837428154248,207.4,pompe
2.5080907432950132,15.747606469215512,18.100840760765312,2.4226615271530523e-09,0.009081439344112863,4.673150212379117,26.89462474921773,6.6596985815822975,0.0,24.706561386552828,139.87153254312832,115.26973814053513,0.9676875514006901,144.36893515121318,53.90474452556071,0.07910667672043488,0.03404659477152528,207.60000000000002,pompe
2.5780643936323844,16.175269653229705,17.914136619417512,1.8921580003580794e-09,0.008987531364944427,4.628439420654441,26.691913979159597,6.550874042665843,0.0,24.681120883391095,140.04166298980402,116.80848427558769,0.9704661199731853,147.3441854552939,54.72767004158397,0.08165389008001836,0.03508276804614272,207.8,pompe
2.051680864463186,15.260191628975365,18.27319579016521,2.3041961412037733e-09,0.009234890909500994,4.559330310616212,26.845060618260217,6.459967491429901,0.0,24.604121538623424,138.646967169958,114.04161753292291,0.9715240503555049,150.0,54.68893688941913,0.08168786218936797,0.03549411044474538,208.0,pompe
3.0494699735569095,15.541213764918382,18.39629850833916,1.9447895499027936e-09,0.009176242569911822,4.614604915643157,27.211004079635373,6.603809056485962,0.0,24.623149812492024,140.0983756091234,113.17867836250234,0.9624955764920516,149.91299251424394,53.75538076011296,0.0822846111545226,0.03631348646331497,208.20000000000002,pompe
2.3358559163996406,16.081502263436814,17.68869292654694,1.5408716975794166e-09,0.009568711175051274,4.5268511278012005,25.952483281366302,6.531852826138444,0.0,24.659360356125337,143.95341279148798,112.05023644236483,0.9542879821506132,150.0,54.434693483848505,0.08361842524163618,0.03581369492760613,208.4,pompe
2.5191530596586755,16.797503921125777,17.676870760915996,1.2715486362471715e-09,0.009550900290911062,4.656725689815257,24.935865207916496,6.308192070626878,0.0,24.636163244143006,143.9502536856453,113.54881465789161,0.9595688846899879,150.0,54.63244099054929,0.08464021401714927,0.0344694323304647,208.60000000000002,pompe
2.6599460991336916,16.091081568299973,17.184895035914522,1.3218347274483136e-09,0.009494218538305796,4.691744720847428,24.769296494049744,6.178866295811104,0.0,24.674645819364883,144.56215743667005,114.65354435790866,0.9497482597992295,150.0,53.835409796291295,0.08469919901945704,0.03422793519231004,208.8,pompe
2.002990684865564,15.775783926357331,16.455499746729814,1.7388617419673596e-09,0.009201557878456208,4.769256145344046,24.94337370869068,6.047105290229893,0.0,24.665380228138197,142.4672626985595,113.03038644441843,0.9573854913490932,150.0,54.008126528063436,0.08380512629806902,0.034061228315350946,209.0,pompe
3.003277850176888,14.312329229859074,16.36913683075105,1.8620674702655176e-09,0.009176372511025198,4.916693267382329,23.99797757852217,5.8789696047659845,0.0,24.678273505957154,138.9129500335915,113.99402822716105,0.9597219675904817,145.96008986783946,53.92053752302476,0.08214882515427027,0.033696169361561175,209.20000000000002,pompe
2.260277454373417,14.833049516877864,17.54570542838769,1.8853329556224933e-09,0.008704986299884228,4.935788357415597,23.592112948857416,5.644703682540323,0.0,24.72631343502641,137.72050322404047,111.55151071791431,0.9331852103810098,144.84789043622456,53.805513742983244,0.0810552962855808,0.03316407676894785,209.4,pompe
2.4310700851067217,15.238595590715693,17.51509524245858,2.126022353304626e-09,0.00854117768447734,4.833978401942686,22.986551345610696,5.51202373330512,0.0,24.69561115608954,139.82980501617226,112.80610871070202,0.9389472579246297,145.29527185804037,54.859465084208466,0.07900619220410963,0.032434950493269436,209.60000000000002,pompe
2.593824927697563,15.315330831490174,16.82001057908149,2.257283611599011e-09,0.008421546932945737,4.7561607391336445,22.231808250376538,5.545724194785239,0.0,24.778953908984832,139.3307487373488,112.3889227079784,0.956462293013441,147.41866419350276,54.95981832663199,0.07615028827317634,0.03183064904161157,209.8,pompe
1.9115640626151011,15.428091087216238,16.288123490261803,2.8271386921026716e-09,0.008095034736048126,4.652578108276754,22.20552649939654,5.619830380842886,0.0,24.68242833741664,138.88499815582648,114.49970753594566,0.9801507228668509,146.77994063474975,54.827391486139,0.07459841220117519,0.032264150852048284,210.0,pompe
3.0147961715740337,16.441408392622368,16.132354716989678,2.4601412278900575e-09,0.008062114749823079,4.763228173528396,21.824675087391636,5.357000420030311,0.0,24.66647791260837,135.58072776379666,114.89940181646995,0.98592210035917,150.0,53.84987447386818,0.0756890447507361,0.032947869912382965,210.20000000000002,pompe
2.39277740479393,15.707123470314434,15.276837829877989,2.416724129002262e-09,0.008044123900509908,4.709915559631091,22.441599481398537,5.320139417311398,0.0,24.65356796908154,136.5186374586771,115.46959279416538,0.9893254402144863,150.0,53.04832608906261,0.07483484030453093,0.03408371036814498,210.4,pompe
2.3999062265717,15.686345894234345,16.042898703053954,2.8121222295553985e-09,0.008129549219182425,4.762159919763008,21.664249601041117,5.5558138333431755,0.0,24.590225811345395,137.28855098893763,114.74872437657427,0.9910661399862555,150.0,54.32999118277542,0.07542552637764492,0.0335922077697682,210.60000000000002,pompe
2.5448401316591243,15.03063197947725,16.590571346822852,2.752666758552534e-09,0.00816813648814593,4.606976329992044,20.250343368165854,5.334381664653182,0.0,24.526621800875017,138.69852252684134,113.80736560082873,0.9868216947519352,150.0,55.53725906171858,0.07627813384171986,0.03385996686852464,210.8,pompe
2.009622052701139,14.609880785456756,17.248594739332674,3.012135815531003e-09,0.008297574812650905,4.588526042394372,19.958731209228887,5.2525424159981,0.0,24.4758295839976,139.43156898283226,113.5047613679318,0.9916407511706876,150.0,54.744307823132836,0.07430059237088932,0.033664356938408475,211.0,pompe
2.988314538132014,13.923666405818839,18.42214133906734,2.4280610301847283e-09,0.008646158397515995,4.60664915129229,20.44994670919231,5.425947264024794,0.0,24.56639928495906,137.4671511217184,113.31343199339952,0.9794358284476251,146.79205651979603,54.25513844926084,0.07734034572151313,0.033511513370870556,211.20000000000002,pompe
2.4729045849165465,15.782673311259959,20.81806211076473,3.127432790198393e-09,0.009077339127456488,4.627872655252231,20.499106661076183,5.490876333022323,0.0,24.57406923274423,138.91517217534764,112.65398682413968,0.9606366429673113,147.69258189660908,53.74948013486084,0.07618587437607555,0.033382896534591436,211.4,pompe
2.54323655500584,16.805805956653174,20.396826762994266,3.4830793835288146e-09,0.009080673033540416,4.614897326155408,20.486699372485827,5.304045155047219,0.0,24.62022296677335,140.8219739098668,110.67693443920324,0.9404925584447026,146.8107619857001,54.75563021057965,0.07642537589616533,0.03278860979330408,211.60000000000002,pompe
2.5358737715511803,16.23507229981522,19.493839931243006,3.741318034187606e-09,0.009250004824725839,4.523432392168703,20.81150190185699,5.422542587566811,0.0,24.615055015923275,141.50740396101043,110.97238538534648,0.9185232349829073,147.2519266215809,55.219287248772496,0.07903404346867104,0.0322815594872705,211.8,pompe
1.8972116493308657,16.103247830731615,19.534705263472468,3.67941764324152e-09,0.009336529730292234,4.427862297168434,20.954057474851513,5.343703481344721,0.0,24.708691370817267,138.9149445610901,110.60911536490762,0.9025254654616697,147.73482036107808,55.99364722782421,0.07919068518602604,0.03217784613842584,212.0,pompe
2.9946318221149384,16.314643923158062,20.04471671804316,3.848474043231994e-09,0.008715683213678696,4.416504166119628,20.291851470519227,5.2752932381141955,0.0,24.687435979008534,142.5348177235581,108.59231980868124,0.889253294966422,149.4312526178113,55.72692676211159,0.07959296689687875,0.03207781178481365,212.20000000000002,pompe
2.3326929157126797,16.192240896852546,19.976430443560673,3.986310404784243e-09,0.008998953127694866,4.395229621439196,20.03910956162076,5.257555525038651,0.0,24.725017780500824,138.9825811854254,105.8559433482838,0.8792502231706978,150.0,55.692199444342236,0.08036742219589149,0.03193203232481363,212.4,pompe
2.531232097274922,16.88760289324595,19.815199958278505,4.316225350819269e-09,0.008635027038647308,4.383295387450329,20.088811263948813,5.403882825595801,0.0,24.710068589300143,139.77886641193106,106.60014326548622,0.8932778352396251,150.0,55.63720994894695,0.08144182726652577,0.03176898788388991,212.60000000000002,pompe
2.616358704493857,17.651264591601922,19.56612802062422,4.3409893737200035e-09,0.008785937535844566,4.434245565484048,20.74203746102186,5.799222145951361,0.0,24.684037779271886,140.78630362735765,107.33532608230429,0.90050999075262,150.0,54.384980381929424,0.08409381264995788,0.03309069420012271,212.8,pompe
2.0225459927451443,18.240914808972324,19.17290594303058,4.2362321094853274e-09,0.008886786696214436,4.4794143589139725,21.08895884909497,5.896232950379376,0.0,24.7269397956213,138.9049455956252,108.60129224714588,0.9230056799846984,150.0,55.485822997592216,0.08222960240624971,0.03304752636136945,213.0,pompe
3.00387403328796,19.519397677675226,20.47453286087617,4.095684453953664e-09,0.009084771713908224,4.60820281590507,20.991071614655347,5.900434178985623,0.0,24.67984245459969,139.15815437763453,111.825638090041,0.9164200362088076,150.0,55.86833101881714,0.08177664327662001,0.033190776725541035,213.20000000000002,pompe
2.4692745310290056,20.14892107792411,20.96854849984418,4.6057296587687554e-09,0.008987560391540342,4.517095549095179,21.89753561740703,5.880593470307792,0.0,24.637253264520428,139.932267698331,110.24158360061618,0.9167227664132251,148.86787545064087,55.20400756034197,0.08107360725518455,0.03151154058399005,213.4,pompe
2.4977578792572603,20.925717562136118,21.1306534852239,4.1255144240854595e-09,0.009060142783689681,4.441280062778555,22.19375002287517,5.833785734992841,0.0,24.63168268987044,144.86367870554918,109.17855950542948,0.9191054765808014,150.0,54.48809711992964,0.0780855748068047,0.03107168140171226,213.60000000000002,pompe
2.6253829935447377,20.4392793156513,20.760555883088962,4.360810783695075e-09,0.008859752113035612,4.428958453932896,21.183491252667388,5.870744638097351,0.0,24.67498409035969,142.67842391720578,108.9540382042556,0.90311746647094,149.67121486653912,55.577293545265974,0.07738525214222246,0.030118575713551265,213.8,pompe
1.9563478005424413,18.68343942058183,19.439331155753568,4.4998343539499304e-09,0.008540207991631854,4.448545475983079,21.11571872340875,5.773653583896474,0.0,24.62274772021643,144.3295192386358,107.9947104336358,0.8981978312184489,148.82761452303654,56.08460040137289,0.0781916650841194,0.02838681162155796,214.0,pompe
2.9935223372697344,16.86741621995544,18.990649965029817,4.351110963071386e-09,0.00843694603806694,4.483381787607838,21.452455923632925,5.655104791933603,0.0,24.62021337139771,141.3969096359475,107.36518915038678,0.9143526972380903,146.02237636568125,55.81801748495087,0.07701849152010663,0.029671659052627215,214.20000000000002,pompe
2.3055955387783817,16.55915446580267,17.951518962101762,4.246954232460077e-09,0.008452211614975572,4.407591804894722,21.935832351363135,5.706649045449628,0.0,24.60160137238453,141.89667892232669,107.11955747238844,0.9320442155006541,146.43652802262207,55.81438999536473,0.076091213820341,0.02931324641281585,214.4,pompe
2.4489041156601323,17.290521440582225,17.25127959593604,4.1868147232385096e-09,0.008451168952343095,4.430753290763903,20.866369204518215,5.587034758785148,0.0,24.602856903224502,140.22746576662138,106.4702623728378,0.9168217410379218,145.83036356178008,54.96876531799842,0.0772517163402058,0.029611394379498352,214.60000000000002,pompe
2.5537292186823475,17.003043204337057,15.631015922300135,3.9215283627808046e-09,0.008272581162647948,4.445164929838558,21.170146804746818,5.6693448834631015,0.0,24.571058158252423,139.1274268910401,108.02643649200621,0.9185332348791279,145.53530495535398,56.3407536086975,0.07811351157832588,0.029467527475282602,214.8,pompe
1.9026488131616084,18.272816911094196,15.699896475838575,3.830385782607362e-09,0.008363466580159937,4.51044333590549,21.43512034561297,5.836061714631887,0.0,24.601011330366617,137.81543025518755,110.7416226477105,0.9030978197360661,146.32942380114034,55.32706840408343,0.0777970511045938,0.029075403698591906,215.0,pompe
2.947355427020398,18.453495264248197,14.994644306941215,3.7214894370526088e-09,0.008592617954550187,4.400480780358784,20.874022248167236,5.975378998787984,0.0,24.60877417500848,139.7709527509451,109.62069135069828,0.8965078553787752,145.25786347679323,55.061030317691106,0.08001798303847053,0.027972950615392154,215.20000000000002,pompe
2.228652658844011,17.198208248848232,15.942104048228327,3.411632900418831e-09,0.008493562589767729,4.270108034412026,20.704217150832328,6.123206144425591,0.0,24.60228576988543,136.9115837267727,109.19484967355191,0.8980912496429765,143.52812681743518,55.539901121914696,0.0814688478906851,0.02762823033025505,215.4,pompe
2.4146232928722724,17.041783613873864,16.699489411536348,4.1255456356987064e-09,0.008252293830212648,4.3243759037910445,21.44729545073106,5.9718432201775515,0.0,24.56949536472868,136.72393183276716,108.73056338655398,0.8956260215259876,145.3500326246905,54.136229944612765,0.07956192655455198,0.028029407037244495,215.60000000000002,pompe
2.5494744024888965,16.091029000857894,17.014038210049616,4.524098877331473e-09,0.008208179875835218,4.242083910933303,21.916061921583605,6.264381797501727,0.0,24.57109911783693,138.7950753655136,108.95671220895927,0.874763401690178,146.40692824868498,53.42667118856648,0.0771847228275675,0.026950850030617274,215.8,pompe
2.0070513227232474,15.435512568840924,17.12831067546157,4.625270032342435e-09,0.008203049231191585,4.259785243634679,22.099676042736508,6.27798127392077,0.0,24.52392574780683,138.64805175466157,108.82952823734853,0.8799048747854712,148.7709117669267,53.67330548677654,0.07565453706688638,0.025652934775043962,216.0,pompe
2.9866783159775583,14.322069556413282,16.417456247240676,4.600122748805393e-09,0.00818368032189692,4.3989009741470335,22.334621308219784,6.593530011635037,0.0,24.582983308856637,138.03097334326057,107.32955056587356,0.8746616925095176,148.9191910921349,53.221403899927296,0.07383998154135785,0.02587900691718022,216.20000000000002,pompe
2.2697923597409204,13.385848827696694,15.449067691472804,4.4048210998042945e-09,0.007969577745161507,4.375952768465612,22.607555008981947,6.6309187813493,0.0,24.51085803134436,137.02055736976274,108.33882756880075,0.8851074809160175,149.7970461461753,54.08655039589803,0.07661446383269489,0.025586469178717257,216.4,pompe
2.4861175576210828,13.275136920537822,16.012092248407203,4.557023314985117e-09,0.007591172837660122,4.295966407194276,21.791093209320728,6.2610362784453,0.0,24.623953925530458,136.6032765967968,109.64628139137349,0.9028183424867683,150.0,54.0649817037919,0.07605177278652799,0.025881430895706575,216.60000000000002,pompe
2.622862770949964,13.732770936835363,16.143345322024743,4.427371062663357e-09,0.007293331932226178,4.360579278495818,21.01064986310813,6.353523137491745,0.0,24.560686806687986,135.55117910526428,112.86664028428119,0.9017247137333572,147.7302961263199,54.64598334434965,0.07460607518296261,0.02477849433640855,216.8,pompe
2.0247033338132803,13.21186176736546,16.206036177144203,4.037075633292677e-09,0.007378580828889113,4.369929151553449,19.573547785299862,6.386426904577519,0.0,24.638062663619497,136.3334091389146,114.0650250609004,0.8929873509113185,146.35034710245856,54.62183069196456,0.07386603868765056,0.02551628975677365,217.0,pompe
3.027372485193795,12.405041089789803,15.432038884439384,4.294969307846083e-09,0.007319677706796186,4.347682520578567,20.164344856878785,6.193839220331505,0.0,24.59056665450187,136.83533087633126,113.72825261941149,0.8743507404004713,148.5442105134599,54.736651606201555,0.07437250246699838,0.025741538820897865,217.20000000000002,pompe
2.280473329979143,12.869774231765287,15.890346273430692,4.6156372921108865e-09,0.007407572397152441,4.382763560299199,19.25919393959527,6.181081162463959,0.0,24.660615943391736,138.98260450538424,112.33256144524933,0.8738073658722271,149.21414633413542,55.39651495408358,0.07149788319626534,0.02448548567832015,217.4,pompe
2.4194753920474326,11.335563883062262,15.819707249170554,4.719758737232351e-09,0.007583662003949077,4.329227254494911,19.380919888141843,6.27357442219598,0.0,24.71058758799591,139.54265876241124,111.47248104349038,0.8754346601156735,149.1062486562962,55.971050573444565,0.07079056478463196,0.02459598830514688,217.60000000000002,pompe
2.489770617627431,10.95270924454904,15.723171145277986,4.295272048441741e-09,0.007688405714155835,4.370415030214767,19.032258651776427,6.291866787757224,0.0,24.621545013323992,138.4743069477013,111.44781145430073,0.8815857126207753,149.57686000918744,56.64617413092919,0.06912339794107922,0.024375692771220474,217.8,pompe
1.986155276651847,10.076242533336764,15.184032610563328,3.822168693759016e-09,0.0076222109267714295,4.3316216453571705,19.393467494240834,6.309684282211522,0.0,24.588630795525773,138.5237295753385,112.60995349338592,0.9107633912272987,150.0,55.86855487735002,0.06885159876048615,0.02446094183198592,218.0,pompe
2.9820819034240555,10.457596659121789,13.491114247801873,3.926612882762098e-09,0.007509054596569517,4.318214401469346,20.219962436139898,6.08102565632293,0.0,24.63176757468821,138.89009799918747,110.24592868383466,0.9272019033772737,149.7419886802814,55.464324148981554,0.06824872194128967,0.024239028065442397,218.20000000000002,pompe
2.2543833159084783,10.860152509039917,12.968348991680122,4.073581893991379e-09,0.007564552286635614,4.440723960688982,20.136987802832664,5.96728066518799,0.0,24.752315243151386,140.17729353143864,109.28038447127074,0.9482036505597107,150.0,54.45928164504674,0.06698296639532939,0.02415368624365654,218.4,pompe
2.344410232064154,10.950506128492345,13.246458372521245,3.5089134446752985e-09,0.007582125950888892,4.529464403434194,20.366428782990198,5.967997949692132,0.0,24.797786351446614,138.0240381720716,109.69261819385852,0.9479932974619549,150.0,54.030651423994826,0.06611913369102498,0.02347872611551614,218.60000000000002,pompe
2.489135398546412,10.86704106159664,12.597782397821284,3.15184358387477e-09,0.007641510449098799,4.435836379578139,19.801023267662217,6.111694590574385,0.0,24.85026398113696,137.41167365976034,109.74535801006799,0.9493745337119767,150.0,54.98278992423044,0.06772569768436094,0.023138110895402436,218.8,pompe
1.838123143420666,11.512832052003212,13.26759140157831,3.507482102167842e-09,0.007611264109091627,4.4889675495735,20.230416805362687,6.136148844326329,0.0,24.855161857682745,136.0204290813387,108.79397232696441,0.9399436184308174,146.9826997223925,55.081652518050134,0.06754039465873175,0.02352334580341816,219.0,pompe
2.94509559869898,12.401416809596263,14.00093801634967,3.1536831777015053e-09,0.007339108512836882,4.55924204883794,20.990117874949856,6.383654332765711,0.0,24.74387787402907,136.7489446369964,109.66410324300588,0.9553399711927201,150.0,55.75090734562777,0.06653570372225301,0.022975452485319497,219.20000000000002,pompe
2.339963323163807,12.12575469482955,14.818653193436115,2.514911425848009e-09,0.007401537281623222,4.580204908208821,20.81771946568434,6.171837276141381,0.0,24.71393519294529,135.8660805449833,111.36662762018517,0.9446804157150779,150.0,54.78285224461463,0.06713174336638326,0.021841951055205686,219.4,pompe
2.5749275848584317,12.162753408496428,12.914070929544362,2.1918637964223817e-09,0.0072265745412625785,4.521641733558341,20.55505229511177,6.023535599027247,0.0,24.649430895823755,137.43263259169956,113.22631889429346,0.9408288620431944,150.0,53.95537240789327,0.06711501021651599,0.02194320407603362,219.60000000000002,pompe
2.628633946793532,12.593495489858984,12.985161605423238,1.770978561227879e-09,0.0073912190159081,4.4997958329254635,21.477817558618586,6.087104717546619,0.0,24.713739656315532,137.9060756563146,112.17947877044791,0.9314563662820804,150.0,54.05659271721725,0.06611281550335091,0.022344032923736924,219.8,pompe
2.0007067656177995,13.339959575538316,12.33075220882244,2.0905481276775628e-09,0.007443071029039277,4.592165214626975,21.993748502783866,6.064393791398243,0.0,24.811913170744763,137.42147672396322,113.35999459016898,0.9262192353476307,146.4657776145609,53.17081788630842,0.06659447931613378,0.02268518426664914,220.0,pompe
3.034461326122895,14.19795591516394,12.486305198588196,1.7561611188907193e-09,0.007511006191552473,4.600921705538482,21.56500592851155,6.125254430498239,0.0,24.77781149630374,137.14788257315996,115.5751786901861,0.9430099407610034,147.01969739419636,53.21228166378673,0.06437267564107332,0.02356192767271438,220.20000000000002,pompe
2.443618619671266,14.978367209952909,11.234369845619671,1.696760629599265e-09,0.007457763363202922,4.652217396031951,21.227927930998376,6.061930786532939,0.0,24.73443105509344,136.15075829560698,115.91498944677895,0.9594589536347737,148.80411618727192,53.98603425418675,0.06434715092487993,0.02434978673333973,220.4,pompe
2.4481910786398866,16.738398521943363,12.378679843153451,1.7938938988780094e-09,0.007566147979194835,4.643701533089303,21.04272813354296,5.944128727206581,0.0,24.76464113754437,136.97904458102298,119.08472462116812,0.9599716855565629,146.0336062063993,55.1874721497308,0.06249749717023531,0.024033190269074314,220.60000000000002,pompe
2.5598685321505097,17.110905378592975,11.62234279743439,1.4725484559513035e-09,0.007287614461432537,4.690311373359108,21.65622433744442,5.741557611527593,0.0,24.815679835023623,135.82893693354566,115.99036769969476,0.9454985218383694,145.0583048187783,56.33318892075227,0.062220143351227976,0.023484793126285673,220.8,pompe
1.9546592507775036,15.964775684713537,11.943123510452162,1.0892515402962237e-09,0.0071222401207485285,4.716547395151766,22.601764684800404,6.0995113601736195,0.0,24.782038149586676,136.83211881537562,117.86188209517876,0.9177209744370117,145.4194080890473,55.953906258155456,0.059488206011088895,0.022779823389307622,221.0,pompe
2.956427444398092,15.931928086738555,12.506619314037156,1.141252487429245e-09,0.007244472614068317,4.713417367874243,22.035755262163395,6.032791464774445,0.0,24.838765341756037,136.6172770556859,116.43560764471373,0.9212873053038707,146.54378151422307,56.8761210334004,0.0584851154387186,0.022429422806214003,221.20000000000002,pompe
2.363609748945692,15.71118133957931,12.252295208361078,1.597550082192266e-09,0.006994996873552271,4.884618824798877,21.553503355120526,6.143046292813406,0.0,24.85328282039027,136.1936966628778,117.81852508382455,0.9164092257036145,145.60497477703353,58.26210301919905,0.0584192453883374,0.022080876785747605,221.4,pompe
2.403240010687039,17.372147381023765,11.950853119026254,2.4311301123438567e-09,0.007027932314322263,4.8915379583903,21.511449272063956,6.450912226718938,0.0,24.864638212335127,135.76893850863183,117.5158640566949,0.9175504470810784,145.27406553881926,58.389155644853254,0.05828335652626049,0.021429600811057742,221.60000000000002,pompe
2.5313769289328114,18.01510338153435,11.711108267774831,3.112673718059197e-09,0.007211081875265395,4.960385703117872,21.85892934364497,6.352625894351547,0.0,24.951564546518032,137.30946265827706,116.65457114733991,0.916353591412116,146.5864716751203,59.02840556344735,0.05807780712102161,0.02114822106627859,221.8,pompe
2.0157954696538147,16.97534726085764,11.297793697938951,2.586598351565187e-09,0.007029897236110596,5.066676886076664,22.45609972525442,6.238637014699449,0.0,24.950417057155885,135.18556568335458,120.21381296458216,0.9326588468424596,147.4683304691909,58.33112619012933,0.05768292268038017,0.02081240391043356,222.0,pompe
3.0319374395313403,17.154468363804536,11.183930538662597,2.0382256653948467e-09,0.007343154457484315,5.082493510890288,22.51829975568985,6.0665496761982105,0.0,24.945208699955938,134.66369853243634,121.39072851758544,0.9431380212937344,149.16817062823213,59.08911931336009,0.05995296846503927,0.020983784425997024,222.20000000000002,pompe
2.446006320261263,17.710720020112433,10.338988621018661,1.9084928311995602e-09,0.007170851852985916,5.0978062864231335,21.82522285940202,6.083204843569637,0.0,25.011871923726837,137.68622693162106,118.71598872230493,0.9270860922962468,150.0,59.87119678748285,0.06014733350164473,0.020988291719582386,222.4,pompe
2.5401849946714212,15.9236105504723,10.092599771060538,1.7943525200521099e-09,0.007026509800682975,5.038924852536682,23.188229200087882,5.959766766437898,0.0,25.02487746382414,138.83227769285588,117.98887214061233,0.9418106369028185,150.0,58.81940742926107,0.059894548043135855,0.020896850714478946,222.60000000000002,pompe
2.6024779903861344,16.39669171547605,10.452448148383754,1.914488264239415e-09,0.007050098472924838,5.04092465274844,21.658098778020232,6.027831990426798,0.0,24.969270465155812,139.40405845510563,119.05116835893612,0.9557629712656076,150.0,59.05113351830598,0.0610676258777928,0.020743171132231585,222.8,pompe
2.0026411037546485,15.889613063196267,11.053833837386426,1.350640869138114e-09,0.007150065812426027,5.03680263005361,22.05912271867427,5.834845706961392,0.0,24.97209404499616,140.26375093399466,117.41975898771835,0.9629060327147775,146.49708682756722,58.50097824850748,0.058860056559751295,0.02112014832533378,223.0,pompe
3.0355383158847062,16.20948896646424,11.844765789682008,1.1659194284699229e-09,0.007217803040910803,5.037026815413772,21.819683701476407,5.995635302889207,0.0,24.94745099875787,141.88377008947373,117.95757804380216,0.9661026390534939,147.16726912338694,58.218928241242175,0.05422528159914149,0.021846438915871933,223.20000000000002,pompe
2.3265137187605434,16.129670501600906,11.750488359808166,8.39240561710643e-10,0.00722600508928949,5.027273943493793,21.220136535969427,5.948671535002163,0.0,24.998702102283875,139.39089438422542,116.72272434996238,0.9744393392737954,146.08978179763176,57.49753153387835,0.05341956786667995,0.021785523810772863,223.4,pompe
2.4474584517566558,15.935566245418858,11.24525796004306,1.0720492298022254e-09,0.007412760406498258,4.852658361163007,20.19925104566596,6.0474416708815415,0.0,24.879404410821955,140.97009563870816,119.35159046343512,0.9620759477053575,149.40468541997777,57.34335657729974,0.05370388923602638,0.021426409452634933,223.60000000000002,pompe
2.5997868755050852,16.681229121044357,12.179920845222238,1.6285793597104204e-09,0.007379739682449297,5.124502423294246,20.877392373541703,6.088721731078056,0.0,24.7938713897143,138.30302142680256,117.89587692410032,0.9790673170974179,150.0,56.857092717891106,0.05344820295557088,0.02129238522789181,223.8,pompe
2.023435678143413,15.93882998297456,12.394657256061716,1.665125295768966e-09,0.007209628424863847,5.266300459130192,20.547929561829218,5.831781789569898,0.0,24.796334989093115,139.11328932708884,116.07081948370462,0.9885465048294778,150.0,55.88755831775851,0.053780890636311286,0.020910971676978096,224.0,pompe
3.158690481188506,16.967350316445536,12.550314995318313,1.2094974605698026e-09,0.0070217757536595385,5.3310565154267735,19.62792916613693,5.5405458259705025,0.0,24.80317563442744,139.87141504635952,115.4268773990561,0.9994208797888973,148.44195265450534,56.34900951193849,0.05394528428104281,0.021183049034627796,224.20000000000002,pompe
2.551456794317991,16.68940986079018,12.202915318884378,6.773338857476966e-10,0.006682082149466072,5.308176237254366,19.417361844721572,5.322090177792921,0.0,24.88725464623054,141.56857384950382,113.52988415610261,0.991993637896248,149.42730266296155,55.865207248941964,0.05288380788869879,0.021012193583108428,224.4,pompe
2.6863924317348267,17.79677344523103,11.830415017665691,7.770965692245178e-10,0.006652725358943811,5.207201682248532,19.126805710952926,5.118299346304884,0.0,24.973239076822328,140.82788757894102,112.590094695251,1.0046751955818969,150.0,55.02599105556198,0.052615358451252724,0.020972923690245098,224.60000000000002,pompe
2.6800195216896476,18.175420926080328,11.526269063953801,5.21753980215182e-10,0.006609392676618514,5.064376679316096,18.002062921393826,5.260727648206595,0.0,25.092176508474715,144.6427810578645,111.87415616647048,1.035235147210783,150.0,54.54491024522955,0.049572293137330255,0.021286529519380946,224.8,pompe
2.039343191355692,18.59273119560169,11.487810129034594,1.210100043197054e-10,0.006518493582482622,5.123000417746906,17.818176545059696,5.2267845096668575,0.0,25.096729515785718,142.5254870926128,113.30922333351327,1.023538839635761,149.5733366758619,56.14682173258905,0.049147218893653165,0.02106585618737478,225.0,pompe
3.072304402610359,16.74408641002801,12.238490416403765,4.732312984221403e-10,0.006567681223417588,4.816993298414067,17.67853631486178,5.0648850735562,0.0,25.155301966035154,143.30243379771423,111.53935723070074,1.042744193614435,149.21746337439546,57.51204905233176,0.04935394668282317,0.021294029962383464,225.20000000000002,pompe
2.369777004883229,18.176367993691677,12.598495084016998,1.0485014565670629e-09,0.006565893651209668,4.807465597274545,18.008082102878827,5.33283053438293,0.0,25.16251211938978,139.80611716709018,112.80714703230329,1.0213963071692147,149.45891369716134,57.40601264799201,0.04772804365751051,0.021460061407645354,225.4,pompe
2.60228422844803,17.805584490491363,13.083077808164683,2.1463793344502796e-09,0.006665857052372339,4.746858139280323,18.152173324714493,5.437765873894162,0.0,25.23034733032731,134.7513873686884,111.56399537969939,1.019159592720288,147.6069251134756,54.61062510210196,0.04687754518708178,0.02144607580452766,225.60000000000002,pompe
2.6316333123103344,16.870943007855914,13.129119580632198,2.196533239903131e-09,0.006568047262070874,4.859381779428639,18.21150618035252,5.3409640629158925,0.0,25.217767439615017,136.84421933425747,110.38590297491263,1.026122670365478,147.97367379979684,56.085596048704495,0.047208336003605335,0.021101774335314606,225.8,pompe
2.0443941328631285,17.611465064040555,12.895983047432146,1.7430618893498012e-09,0.006619330237054724,4.859383758522822,17.491127614119517,5.402718620084038,0.0,25.131882114690587,136.25558271677636,112.35320220293723,1.0415430262683267,150.0,56.27755816548507,0.04776026838367578,0.02113650137463778,226.0,pompe
2.9993697798959564,16.660870059806314,12.573460117013848,2.242232860812964e-09,0.0067524804173636375,4.760898119226202,17.556565131023003,5.363703348184881,0.0,25.101210918780065,138.90821798631433,112.37131450967506,1.043128358871733,150.0,55.495183589238195,0.047794091385439386,0.021632717470250966,226.20000000000002,pompe
2.4462211845008293,15.775311897440933,11.75862715302954,2.1876931336493757e-09,0.006893335580631691,4.786212725401026,17.938930413551088,5.20981652606545,0.0,24.97768537159514,138.69078944120284,109.20256728098042,1.0605716448178546,150.0,55.591477658021184,0.04612311090048992,0.021803077363089538,226.4,pompe
2.6472629592778736,16.205760969825157,12.412366314478996,1.9445662497365253e-09,0.006731058923104036,4.774706093751115,17.078358796342318,5.593309425565657,0.0,25.025581119504665,137.88345891296103,107.02031895047216,1.0795538451189244,147.92212334235177,55.843315908498035,0.046504872159346816,0.021827056405169045,226.60000000000002,pompe
2.6501563495520393,16.127713303045546,11.900353365888103,2.1807718580277075e-09,0.006789025776823874,4.7674407093161175,16.899143657529276,5.929103980347683,0.0,24.938732460170776,137.7838960969106,106.71092438915362,1.093961387650898,149.3881251582108,55.85553929516266,0.04694911034069173,0.02205127081471441,226.8,pompe
2.142365516755472,16.40164105860701,11.561558463342129,2.1765823000579976e-09,0.006374276876004208,4.759221451863067,17.49472991843903,6.001194529216596,0.0,24.97440224601826,139.8908949788588,108.83260906796515,1.0988596949555771,148.92667894607135,54.138800720218505,0.047907486672937975,0.022294239958638752,227.0,pompe
3.1310213541764633,15.74685437726848,12.106589845364496,2.0101825938966435e-09,0.0063422818200562425,4.748999216377468,17.776902679849716,5.78931630221196,0.0,24.933615146899278,138.6535234799066,110.18900713439486,1.082575956575145,150.0,54.209511096187285,0.046090802869692964,0.02297139010440736,227.20000000000002,pompe
2.4676435917829562,16.247658774738465,12.666836961491608,2.5429474437414165e-09,0.0063439003998416186,4.796250611117135,18.00972680694712,5.72940750100777,0.0,24.945039624956305,141.29130324549564,111.10766819036104,1.0655783190730892,150.0,53.98162061684896,0.043905641114867874,0.023485987315520998,227.4,pompe
2.50811883504726,17.88886492906593,13.330984487503198,2.3827409294646088e-09,0.006382435508580513,5.003161062881001,18.53030851597351,5.756595929001743,0.0,24.95103775194589,142.4366271890243,109.7713915923403,1.0403670746976512,149.5891736196082,54.0070747489981,0.044155562707407864,0.022737463637618055,227.60000000000002,pompe
2.6278038056472797,17.08077746352438,13.714911721699604,2.6624494549229777e-09,0.006299114466332615,4.911842238868741,19.274149405237523,5.8478206414086005,0.0,25.032537696900636,142.62926239960697,108.91510271692732,1.0249411699737614,149.5421249030518,54.56662386168803,0.04547411254266214,0.022735525332974814,227.8,pompe
2.0700455807539098,16.90861277914985,13.228673742177675,2.1546587615401536e-09,0.006201441688070812,4.7959510632939875,20.283905318752787,5.871962305198331,0.0,25.12854814841539,140.19169552741954,108.77024875550985,1.0514300327591166,149.42251583815798,56.38243508124904,0.04620169102874174,0.02339510497259719,228.0,pompe
3.1314619756402284,16.823526853486428,12.93871651780416,2.0376080764562777e-09,0.006039739289942395,4.784727195855694,20.208004521984392,6.115174848288292,0.0,25.261086875625015,136.23133422439065,107.0637955110741,1.044977678188409,150.0,56.28721722221188,0.044629868799060994,0.02325234965945186,228.20000000000002,pompe
2.363446646622053,15.74422903743482,14.14967088689252,1.8403457720844157e-09,0.0060375004496290895,4.771222829705843,20.006478226606475,5.924958037254037,0.0,25.279574600518895,138.90771290473208,108.49205264817,1.0266225684499237,150.0,56.63540689008742,0.04393344388873167,0.023332245596110548,228.4,pompe
2.511006139506087,15.797884735261265,14.396050365954283,1.4830348314357446e-09,0.006286872930970081,4.603858653884287,20.25607728359332,5.947220197786336,0.0,25.238995579930044,141.15163575624612,108.39007948794588,1.009132586267702,147.97941539718758,56.71684313719111,0.04231728445022285,0.024275459850008785,228.60000000000002,pompe
2.652256286124157,17.465561147307834,15.479853119880248,1.2873313918932865e-09,0.006139132287244583,4.383259864445295,19.99748573718908,6.219655693667475,0.0,25.226583358719875,140.14401629580362,108.99226902091235,1.0256526463749205,145.13178191574315,55.68678939839864,0.043676238766156145,0.024660967027424173,228.8,pompe
2.001035667675983,19.159819083744075,14.503012507991162,1.5861328552279418e-09,0.006103680738364278,4.42599732815027,18.769121831926952,6.157726255968556,0.0,25.222443660079975,142.5669500575877,110.84764061659048,1.0115901736186472,146.93636558784064,54.940574357032965,0.0436542362022156,0.025009120280686758,229.0,pompe
2.979295102411206,19.816216362921697,14.189187696214676,1.317438926300505e-09,0.006174947548094235,4.3551500026285,18.38715979380219,6.318761012127424,0.0,25.139998456172805,144.24586147711068,110.2943055386947,0.9918194553706907,142.2592411234628,55.60416267368099,0.04274803417758159,0.02430647154212855,229.20000000000002,pompe
2.3734737433876694,20.699168957758125,13.734238820264085,1.6074230488909973e-09,0.006438954042091778,4.456303991704041,19.07597440483745,6.354135493525797,0.0,25.136291382263135,145.12736789644046,108.50074246327897,0.9809082263280491,139.76683026781478,55.7708515152136,0.042754957920051656,0.023938425148853967,229.4,pompe
2.532131721680346,19.425226585833492,13.38808717158362,1.8364398363086588e-09,0.0065467075542064304,4.3881944355002265,19.241258273741646,6.187787010994728,0.0,25.143811706030228,146.24498067433655,109.01991287108761,0.983762192706731,137.9780285677656,56.052352618018844,0.04321349474090762,0.024294958489188147,229.60000000000002,pompe
2.5683095059769783,20.329708323570486,12.673819093671957,1.6143196395449697e-09,0.006478675393165693,4.2851695484895735,19.147960957600418,6.219503689688998,0.0,25.121065090026196,142.8725673071883,112.10143681116128,0.985864665425694,138.4391328785624,56.2162010947263,0.043729405706343226,0.024816864677167576,229.8,pompe
1.8643715005843555,21.71183370589366,13.494636333418129,1.5163090592561798e-09,0.006433963934160464,4.048991690515402,18.60633119604922,6.3174030060941115,0.0,25.161473752876194,142.759158809959,115.08238210620836,0.998622108581424,137.93525385825907,57.874473328954195,0.04259707872586409,0.02399759941409377,230.0,pompe
2.8950171561516513,20.562359832418878,13.378948089430141,1.7538098243681251e-09,0.006401732895598517,4.043803866642225,18.786241645526726,5.96989490108008,0.0,25.139238281239614,141.18592869463853,114.76454445633034,1.0171287542854919,138.0259789361625,56.83861415653547,0.04177714609274608,0.02491790344339958,230.20000000000002,pompe
2.367447719360735,21.194096770137783,12.555487784938242,1.7926891226383938e-09,0.006429686299023669,4.041032558078147,18.646737859483785,5.97997054827817,0.0,25.074386959697094,143.83565312129602,116.17146292680162,1.0126574051208317,138.907590909563,57.12244212582703,0.043953655154096355,0.025392649080559614,230.4,pompe
2.5282113007629907,21.070429493797945,12.43336711630282,2.2812988410501858e-09,0.006496822613564164,3.9768784617854087,19.032855189128426,6.18745067860879,0.0,25.022159705243983,144.56511711593654,113.24790426531247,0.9883860117773671,138.6279296776905,57.485121273250826,0.04441107761889306,0.026290390347685235,230.60000000000002,pompe
2.6103974684439857,20.522793325565413,11.847933610547154,2.0706375244397876e-09,0.006572809384229293,4.026210363639363,19.325817260520555,6.340364186895738,0.0,25.025808614795885,147.2661462148935,112.19389675524513,0.9870655310680004,137.96126441129763,58.08295221278574,0.04333996676050967,0.026084430957788535,230.8,pompe
1.8782788541480893,21.090166496960137,12.65223108821466,2.3465623048139634e-09,0.006665393979621363,4.082488747093695,19.832623065992784,6.487945385711855,0.0,24.988580847133647,146.88482012223182,112.34690129177133,0.9822396722458189,135.3206037969125,57.10926668809807,0.043491049075860724,0.02660094253277461,231.0,pompe
2.92344831322491,24.18855408601324,12.25645468425759,2.433312607956523e-09,0.006832288600744817,4.156333263142788,20.28792237946764,6.691754824235108,0.0,25.08110680407892,149.4505061643599,111.11662891434084,0.9860706723085574,132.78189998543178,58.27184411821837,0.04363730563815891,0.02739776104737978,231.20000000000002,pompe
2.2810032250864847,21.747440427023957,13.987890120269341,2.401946877073792e-09,0.006652153697102562,4.237547368639666,21.500011119969663,6.640592708333105,0.0,25.093896393499573,147.2442600742368,110.14123691619503,1.0094167789403259,132.8006210498139,57.600604876772636,0.04312640320087884,0.02804475564936559,231.4,pompe
2.3193780096742107,21.84847192348267,15.701265288985882,3.1601371599032343e-09,0.0067096904915328395,4.333516143437161,22.264071185619084,6.5863722246027825,0.0,25.19389283003411,144.78264725531636,111.04829144759546,1.013596529634494,133.23803950480894,57.59443603116165,0.04327881615964756,0.028224247087368006,231.60000000000002,pompe
2.505821670926824,22.225827497085817,15.614484449907783,2.7856125492996632e-09,0.0066106666652437154,4.348674996265752,21.77967660165115,6.705342458268869,0.0,25.257829240821984,143.57092108888435,109.86578093124066,1.0283236760620817,133.72151392716208,57.42064104065372,0.04388852175064507,0.028625580711711077,231.8,pompe
1.8357453345795143,23.775767992791824,15.379897731741472,3.3772782190728257e-09,0.006388386563694903,4.368257700650396,21.62034017799499,6.2947847395585725,0.0,25.14883412671186,143.03900477019013,111.55702609539475,1.020094322954291,132.35867796644513,58.02376199373906,0.043570866512753534,0.028347698694520158,232.0,pompe
2.943823669960278,21.98238373448208,15.160865728366126,3.609816123332475e-09,0.006187677827353054,4.503983148044351,21.447065874230713,6.420527755760407,0.0,25.13970590038352,142.15367150558515,111.54056767012528,1.0289848465704297,130.8742841776326,57.07540172939731,0.044967287737877656,0.02786588691606304,232.20000000000002,pompe
2.3270235543190676,21.678052077697522,15.111798754931034,4.062395398431886e-09,0.006149607392036903,4.469942613207633,21.22182591292502,6.277625961335441,0.0,25.111079983006682,145.39571456823856,112.65831570858543,1.0231496685875914,132.87259451298354,55.85762782149067,0.046294267503632205,0.028664949684306648,232.4,pompe
2.5721702830448185,22.70361092771945,15.461987157679527,4.447430719775731e-09,0.0060380190307998335,4.433062517075451,21.13171582493951,6.476497888182471,0.0,25.056553245360696,145.87919027922206,113.79339738641683,1.0125276297606436,134.32632563830595,56.88220648957803,0.04747292731383269,0.028871752549976506,232.60000000000002,pompe
2.633934948161197,24.751389252103166,15.538207457779787,4.6865446136187236e-09,0.006282542076705871,4.494456175192591,20.529692958968223,6.211511356074245,0.0,25.09577293370739,146.77166543738463,117.2556254581251,1.0175347341344967,133.98336948740572,56.00935879931812,0.04865872237830419,0.028846906301223794,232.8,pompe
1.9152415775060911,24.561977933518463,14.974034194566098,4.422319484294213e-09,0.006256711247344169,4.416861093455061,20.22832583621185,6.054021747761345,0.0,25.03870609629219,145.8398128105495,115.89065601730674,1.0245711638558457,134.59263497176752,56.903430994906564,0.05066926236282705,0.02926658697776125,233.0,pompe
2.9704891866634737,25.196068384443347,15.415042007497798,4.330829067734907e-09,0.006226018813317023,4.3315539867506105,20.68752484416632,6.045540996412726,0.0,25.089432005298214,144.63970478663154,117.88307240379548,0.9889961739199667,138.36810889664682,55.87626818531405,0.05114308217494384,0.02952662148051586,233.20000000000002,pompe
2.3994599571564623,24.59040121292041,14.133759596701866,4.107511580348916e-09,0.006169121704714584,4.170465987213886,20.70894602165774,5.881290325616363,0.0,25.075065805837593,148.51978600032646,117.51112479693651,0.9940353558397891,138.198576185504,54.66226751264868,0.05081806788621955,0.03000690625949509,233.4,pompe
2.540445627555696,23.940611664603562,13.39498868946406,4.240744766152847e-09,0.006201040771581819,4.228846009871377,20.59778113775393,5.676114201540929,0.0,25.07398899135823,151.32730054402046,117.58994618721107,0.9928576452807529,139.20068842076296,54.220857338085594,0.0499993524911944,0.02991936005232555,233.60000000000002,pompe
2.5632909843033462,23.429884365563186,14.7665882236964,4.5239723701304775e-09,0.006217545879741722,4.342764484011568,20.184229299255307,6.139460200446544,0.0,25.186024195088155,154.0,114.88986065216983,1.0119738508820715,138.89272146064144,53.80568745344138,0.050500414097865716,0.029230855543135124,233.8,pompe
1.977716978536176,22.083956534092614,14.988544201608786,4.915601442236332e-09,0.006245090609734468,4.30968434277696,20.497732083961143,5.9116913171174845,0.0,25.16123736249664,154.0,115.55664907279295,1.0184279621139405,139.06467201993448,53.237941046348766,0.05211877733791562,0.028757285656312005,234.0,pompe
3.0172220492256456,21.683511766090504,15.436043942403348,4.585141025687846e-09,0.006367279668117399,4.412099612064307,21.061756422948868,5.963893045161597,0.0,25.319950537122,151.95094674604914,116.96893715142043,1.022137379006098,139.17001600819225,53.37081318108291,0.05143396972150183,0.02901271704421523,234.20000000000002,pompe
2.3808387687518726,24.981668800075447,16.234841684454207,4.660965160458935e-09,0.00642269228353494,4.554378612397786,20.48391551392842,5.939290270073832,0.0,25.351036773832593,153.68442301003378,115.45058303639044,1.0410460860521416,138.0554502118754,53.12601404202245,0.05148009884412855,0.030044804894465718,234.4,pompe
2.4485322480145846,25.099173061335996,16.903435064683187,4.754960194614368e-09,0.006482929523132274,4.611303223525112,20.130382916392502,6.196999677312655,0.0,25.336647208390822,154.0,114.51534250611628,1.0443329136279667,136.9502181958862,54.952882283724655,0.05411479407868449,0.029949254348256134,234.60000000000002,pompe
2.5738344953020893,24.842171693101196,16.720340963846457,4.6824539539917934e-09,0.006449494104412115,4.481960146613977,20.21938402497852,6.132453494643002,0.0,25.33168578618435,153.24343282415495,115.90722018624197,1.0505666811082883,139.77218385564709,55.312313586396165,0.053778979959575146,0.03034375891959956,234.8,pompe
1.8453275563634248,27.574390666290657,17.004650799564,5.415062360772522e-09,0.006297929715832113,4.387798827110949,20.391088171671946,6.162134411189318,0.0,25.341643832746243,151.94671446418332,113.65675411934697,1.0533716839284333,137.6061863474265,54.29188001244848,0.053226612841510514,0.030615516154207732,235.0,pompe
2.9818644450968526,28.594520368427105,18.264142027624963,5.525946120203499e-09,0.0063230380106681135,4.5835518895012415,19.66410142329015,6.073335498130993,0.0,25.39175820942555,149.95903946475642,114.86870420401581,1.0604657393090458,139.34540336054926,54.87036384740485,0.054993075302623436,0.03055946858491944,235.20000000000002,pompe
2.3680834813794984,27.222078595251062,17.613180990941945,6.0633098021685604e-09,0.006182384344549855,4.630828588670518,19.908542876619855,6.221373557425572,0.0,25.44183799433501,149.84499717607022,113.98660792937368,1.0555647866326126,141.51799984854102,55.405166552918125,0.05473616188698205,0.029768715207978587,235.4,pompe
2.428185505532326,27.99724561339509,16.74279894502457,5.880527689401617e-09,0.006537856874949438,4.663409307663792,20.25544231185929,5.980099308796831,0.0,25.48657989626051,149.2815710383703,115.8361776166702,1.0562467655429544,148.64113185031076,55.04682646612996,0.05511472633334311,0.02922312691289518,235.60000000000002,pompe
2.591993280537529,28.458486075664975,16.263298190595737,5.666230253471089e-09,0.00672878067159666,4.771888254325684,19.48464237284198,5.881443800733995,0.0,25.482178291357478,149.85573362446107,117.6365392973844,1.0375527702689604,147.14933522474584,54.87494174714185,0.05664670194229076,0.029943467573648894,235.8,pompe
2.018537213470487,28.053105411575775,17.361013879714417,5.5146220132139004e-09,0.006802963765025499,4.853238651039315,20.39075366383168,5.846128483359159,0.0,25.56122015890358,152.84723862375816,116.97027603201366,1.022308153588923,149.95763827848833,53.74546998531843,0.05456302985562501,0.029809999582957877,236.0,pompe
3.034246205049035,26.05656782427689,17.66920883327924,5.480843101891961e-09,0.006701367640803994,5.027064434898896,20.506482784937525,5.970641029116043,0.0,25.47705673673462,153.78443743767835,119.94990434626769,1.0072322094740598,150.0,52.860643165942925,0.05359626716219597,0.029918259842275165,236.20000000000002,pompe
2.3390834009975934,24.121668791008915,16.728669596038642,4.718307425928971e-09,0.006744682132612794,5.074911453270905,20.668812525619302,5.730316159492711,0.0,25.516779391292488,153.7865098981621,119.72329876034725,0.9971451718160874,150.0,54.022033711238926,0.05488205545909485,0.02972633517336764,236.4,pompe
2.4903996938640987,22.482853573531248,17.344101554627205,4.315611226001195e-09,0.006820922027830879,5.34537603691532,20.177576677760758,6.1279397695150255,0.0,25.473469531287215,152.14104592528045,123.60814707876683,1.00243628680764,149.031215692728,53.87200149064483,0.055315263068776384,0.029699797146654956,236.60000000000002,pompe
2.5963518255082474,24.55538832997275,16.493177623451917,4.444985545733159e-09,0.006780823844300307,5.29126223017437,20.54787041287978,5.7314109615443245,0.0,25.485689081305875,151.85299989538538,121.40145151055158,0.9781536264777291,150.0,54.205581468647914,0.055240883089979785,0.031172862228654157,236.8,pompe
2.0339156342195124,26.78015320331938,15.723850881390893,3.921059771378772e-09,0.006846214208053269,5.324029723717519,21.03025229085713,5.387527052258553,0.0,25.54155418436365,153.7671826744574,120.7626963165169,0.9836253649590838,148.6134369551955,53.98944775239171,0.05386897800858517,0.030626302201232674,237.0,pompe
3.030371580137064,25.67722844127051,15.35461235145638,3.3832156153434353e-09,0.007123916617312788,5.269944015609735,20.97469415228178,5.0841637801471355,0.0,25.550528271603646,152.841286910275,120.08282787629052,0.9937528713026003,143.0151959997687,53.393081103982944,0.05363043137815214,0.030515447939816465,237.20000000000002,pompe
2.54389613329214,25.047534200796424,16.18989702758797,4.001945365039631e-09,0.007201266843301834,5.200273333394316,20.03907667031303,5.179801562773115,0.0,25.58116478031359,154.0,124.35601720164085,1.0035412048907586,141.12063589085153,53.42944719775195,0.05520508272721135,0.030325175390327898,237.4,pompe
2.7047560037686567,24.7127022746892,16.533039849434154,3.776592123081269e-09,0.007196396700686178,5.213653864587489,19.020575634182723,5.104024085886004,0.0,25.557312693100354,152.35199429212145,126.06972128314543,1.0159632156504173,142.39712723168756,52.528193916220445,0.05498707924564754,0.02940474636932349,237.60000000000002,pompe
2.7309787833062327,25.385932394996974,17.363435573837467,3.851565167666215e-09,0.007371169997829292,5.231545113577934,18.772331415740005,5.216558402960612,0.0,25.52679990285256,153.1214899980577,125.58302921259154,0.9874175369426144,143.44598040821876,51.62730100109269,0.055295609602812615,0.028392895584929558,237.8,pompe
2.0325893922198817,24.5877812610798,18.392665769355794,3.5661329081097015e-09,0.00716479061894147,5.259397816049397,18.53624569920869,5.299080296317659,0.0,25.538263854984233,154.0,125.19205004800277,0.9885198752871787,140.4851990797818,51.0470554139829,0.05577039085456331,0.028165867628274964,238.0,pompe
3.068411214483817,24.827087895027486,17.36041310174483,3.8533950980473095e-09,0.0069380163411465095,5.181532544328897,18.52213112449497,5.4780542988732925,0.0,25.54612420069868,154.0,126.31352368384073,1.0029478127186995,139.9411389652495,51.754328807432266,0.057355639428704995,0.029293395458473127,238.20000000000002,pompe
2.4329098760434715,24.910383283124656,17.053541998932655,3.267521572035163e-09,0.006865542453236998,5.185603636901633,18.362971244311073,5.5107494391749166,0.0,25.53515663514557,154.0,128.02166358194515,1.0098383224957637,140.89482418158082,51.50790543623871,0.05504725244717941,0.02957437185211181,238.4,pompe
2.403790907768952,24.218353215587566,17.119940915479184,3.021749588879082e-09,0.007177803339880345,5.351220893702439,18.783106826183456,5.31662236026355,0.0,25.56994866595696,152.05218890328632,128.08335273701232,1.0214290619475803,139.98076923412617,51.61282888599028,0.05534027380060064,0.02883494065731033,238.60000000000002,pompe
2.4967404533492576,22.67832927559187,17.84845737551237,2.628310326892537e-09,0.007194285164980941,5.213247721285975,18.070008346830644,5.094216222004638,0.0,25.579688947439173,152.7922148311332,125.07920793436224,1.0174599312589234,138.7962170312417,51.99130156034504,0.05491268596477339,0.02876374708477555,238.8,pompe
1.8569775685487386,24.70163646588105,16.844279352215697,2.408425219625661e-09,0.007181039572839922,5.183501957864757,17.61060998636221,4.838840841805058,0.0,25.524297443926756,154.0,128.95000187518923,1.015221717385309,136.4292556400014,52.514428496028096,0.05362489375785695,0.028393679462270806,239.0,pompe
2.880943953520035,23.675097448397025,16.64985498674825,1.906047733043808e-09,0.007038680539799048,5.272642242262763,17.537391950378595,4.8826952136409725,0.0,25.577874333372467,152.57628230934094,130.9125272069475,1.0158139294639665,135.64082834144057,51.34930414170375,0.056202666443091645,0.02888959275317513,239.20000000000002,pompe
2.3119861677563596,25.968412427850573,16.869604012768402,2.37683838774391e-09,0.006933846386529147,5.336215934924689,17.1736385676659,4.829286703246717,0.0,25.50491410246684,153.2440753287578,130.36396955177113,0.9875125738730599,135.05103805326385,51.12057624529232,0.057184787292077446,0.029055017964899107,239.4,pompe
2.5175129628702413,26.383197442356472,16.557139259148997,2.278146584081848e-09,0.006850624265099351,5.376444172630916,17.135923346734952,4.758940349546768,0.0,25.530655269534993,151.17808912341326,130.9195941258522,0.9653739003862252,137.3127290743346,51.492829807212175,0.05920357011734208,0.02831889688161138,239.60000000000002,pompe
2.6622288536026515,27.44878321536789,16.54267938206332,2.07044135677162e-09,0.006657298180874637,5.24199103088526,16.725140195052628,4.617797945539353,0.0,25.444475271087416,151.47807215306867,131.68562362873968,0.968679600866947,138.36766179226524,52.15868657108799,0.05850875930467577,0.02835530657980647,239.8,pompe
2.0065324661831565,29.136820081018367,18.315075164308045,1.6120385161934854e-09,0.00633351749246858,5.28923141801403,17.18995760494229,4.917437603603328,0.0,25.523440460109878,154.0,134.29601461074444,0.9789316415139446,136.23478214159041,52.15803458092105,0.05879604175071419,0.028272670080893965,240.0,pompe
3.0187876096250674,31.20954413580478,17.837180326994535,1.8489955509708745e-09,0.006351573632372627,5.202242219973387,16.63321065874025,4.695467186197025,0.0,25.519256920584358,152.28943036175613,130.9483550690901,0.9832699718495086,136.15523540531123,51.666162791045004,0.05743381399788737,0.028102406914917846,240.20000000000002,pompe
2.3924697271372732,30.318662522715336,17.11036254174439,1.7540370766831827e-09,0.006474809708186193,5.199645700077443,16.644191013162384,4.693481838974525,0.0,25.466073972287305,148.92495720273993,133.03859898737747,0.9880601292222604,136.54423105828175,51.878681106623006,0.05776623400281629,0.027624986285070607,240.4,pompe
2.485281158818325,29.112766969396024,19.337246878504644,2.0828927873611167e-09,0.006471643598816442,5.321942543567251,17.19254348648188,4.5658619817066946,0.0,25.464571428217937,150.15872255193992,132.6330031583049,0.9853979910858756,135.93793478563413,52.62025550715219,0.055826396548228276,0.027343332061928582,240.60000000000002,pompe
2.4727805614177356,27.169139875470492,19.71273524683978,2.1311886943202706e-09,0.0063989757571609384,5.423559348818404,17.747733233574657,4.59215193717835,0.0,25.438243400422845,151.42880648387666,130.5197771630036,1.0080036472118692,138.2720666557152,51.78392130109843,0.054748972735240424,0.02758346410646054,240.8,pompe
1.8613850587679501,27.657014876527338,19.43940927426476,2.6707506498615427e-09,0.00637296885465009,5.656865303311561,17.905762287973545,4.446785524861011,0.0,25.500242468318994,152.1997517226339,131.6568477747927,0.9904260071636901,135.19229867767766,51.76156560096147,0.05636392573731268,0.027809604496486475,241.0,pompe
2.9827191100721024,29.22838057222583,19.518480519703775,3.046561856760488e-09,0.0065665531802394424,5.641803880335446,17.619684649952735,4.476579022090762,0.0,25.51566403065732,153.67148000280014,131.9090297811005,0.9933543985008442,135.35612098161766,50.40002341050429,0.05839554007452072,0.027562526940616807,241.20000000000002,pompe
2.29225621979265,31.154935640971413,20.487885397336353,3.0594636513948755e-09,0.006652585649793698,5.51953096775248,17.415387328405256,4.644922758559769,0.0,25.458193838538506,153.82110838496627,132.08578784931666,1.0003511957636728,133.11847328663345,48.71796160061305,0.0595041835668544,0.026884424839572603,241.4,pompe
2.3954286243930465,27.23693520187322,21.559156656136008,3.1008295801191853e-09,0.006670615628867139,5.542871740528448,16.341119197694535,4.519814184862151,0.0,25.415033590159034,153.24867496143713,132.5186957143994,1.0123107614757396,130.75451661671036,48.73139793996183,0.06034960501590914,0.026316777215088388,241.60000000000002,pompe
2.4945544543988563,27.5972045577786,21.55531902893102,3.2642719608659208e-09,0.006656405631055201,5.505333231059858,15.74204762799978,4.55542921743761,0.0,25.358101993138376,154.0,134.78734330919363,1.0016589482010205,129.75012570790656,48.2536089246847,0.058016121868347544,0.02750553091391485,241.8,pompe
1.8716468459239586,26.033403411120027,20.4906119713182,3.0387821482252923e-09,0.006525444049138849,5.642062561051381,15.169459337906776,4.376152892100403,0.0,25.35145329455284,153.52619659932725,135.79309584013754,1.0018595479338577,129.9398207486971,47.37344572704881,0.05578703822351778,0.0270595878382245,242.0,pompe
2.8731853624898394,26.010991586495805,18.898214671614554,2.796707410676995e-09,0.006472505878888777,5.6311766590783074,15.293298982233155,4.357528721934229,0.0,25.421527602542955,152.85649588796628,138.39070982607922,0.9957759295738383,130.18187828839393,47.31025025655961,0.055975339087432956,0.026788488052779884,242.20000000000002,pompe
2.256138902103614,28.034650767169946,19.843864684802885,3.1169931145377602e-09,0.0062536945298844425,5.506696951534299,15.349367112610425,4.479551198062858,0.0,25.381332847000287,154.0,139.65076045793546,1.0083312486959144,129.68227597466782,47.006482409564754,0.057074111084570604,0.02661352589416021,242.4,pompe
2.368434639947167,26.30475468844544,19.45297802058511,3.3583540150395933e-09,0.006019572749241072,5.562325502761331,15.039013152555757,4.4775381946544615,0.0,25.368236619418802,153.39404055553595,138.7984611340069,0.9989507468472482,132.27050126286588,47.04867536184903,0.05680877054422879,0.026214455707033586,242.60000000000002,pompe
2.4628461988767874,25.103403497732952,20.158466019138505,3.00839870496215e-09,0.005699234123576711,5.561381692685248,14.915305059466698,4.426857289754547,0.0,25.21308054389013,154.0,140.75635930069583,0.9889118424454045,131.73156430967518,47.39438135826076,0.05738246346597316,0.025827378188060773,242.8,pompe
1.7850417076319927,27.86099314284062,21.01642280912844,2.979176208045078e-09,0.005697457012985097,5.616798638912769,15.205644368909988,4.2088597522784506,0.0,25.18688381220937,153.65295673133522,142.19539781141256,0.9638516163235226,129.63011101693084,46.987712290721234,0.05747322537858327,0.02629418093326601,243.0,pompe
2.918520449189741,26.959519637328004,21.828627423157375,3.1586529435632582e-09,0.005742668885474555,5.607520515057231,15.002902948412087,4.133572391464468,0.0,25.20587219675166,153.5283666840871,141.37733014004158,0.9710105363321507,129.55387575605673,46.44204700612842,0.05702392367071457,0.026762369169842083,243.20000000000002,pompe
2.2183690389931776,27.05029876562171,21.744928563727335,2.8101226789432968e-09,0.005680716777315206,5.445229646187278,15.013978778652994,4.0360754030695105,0.0,25.200121843940845,152.3431322970017,143.57017403544006,0.956146861925291,128.5332553654848,45.344987965709755,0.058611470130449386,0.027887448367111666,243.4,pompe
2.2888815327008474,25.532257896731323,21.788040040785702,2.5486340483664152e-09,0.005652597376759133,5.4270915482142135,15.173686347075469,4.015001865417208,0.0,25.13674045204789,151.49657921546128,140.23277636731234,0.9496479471423899,127.82702553620227,45.95588166804836,0.058423371034238426,0.02794349769658039,243.60000000000002,pompe
2.4227629870511356,22.48563853228558,19.866465203167163,2.3573954073805264e-09,0.005663892367121857,5.397663352397375,14.814799317350197,4.075376506525926,0.0,25.179998804967802,152.96965280881838,139.17298204066492,0.9477397340221597,128.58274958819825,46.24915260792627,0.06051202908869298,0.027905366348252116,243.8,pompe
1.9061600794339248,20.953744117179887,19.23179365544697,1.6394229228214931e-09,0.0056590160120234935,5.453915914319391,13.859905949620881,4.185960065956702,0.0,25.21026287561936,150.52542561025385,140.60407102607937,0.9466161152559303,129.88386039096847,46.20066129910933,0.060914935979319226,0.028585603015565668,244.0,pompe
2.9355624735798966,21.042466852327397,20.2434274783904,1.5182811684963942e-09,0.0054943500158829905,5.513525210900234,14.477264491684982,4.405283411488183,0.0,25.077897448691203,149.2471826903623,139.4820813685838,0.9459152459418442,133.13029990494496,45.565565350383984,0.06392979863917357,0.028321046800542402,244.20000000000002,pompe
2.247438277291637,21.995534086254168,20.974980390177727,1.6939568080238943e-09,0.0053772789950714325,5.556442374004494,14.10387738629879,4.342782585725286,0.0,25.031395164958376,151.37563050215115,138.38414274047224,0.9418177026077681,131.8218716241149,46.23666143143096,0.06286138312534216,0.029032296040326686,244.4,pompe
2.4467712535699198,21.283309438650498,20.88049656137668,1.4589002622929258e-09,0.005420443335673552,5.5302238697996815,13.978185349162695,4.379402666449188,0.0,25.02658694811704,152.69756148466843,138.62353605901274,0.9526139761694863,131.41751788383925,45.98227839724712,0.06118919152478851,0.02874795864477836,244.60000000000002,pompe
2.6537894324014366,21.471709364716887,20.2043833540609,1.0682142900988924e-09,0.00520711959026005,5.441816139659739,14.309206100585133,4.358970502450144,0.0,24.978603521533397,154.0,138.4547728859637,0.9432765638573544,131.1382504723926,47.39396475128421,0.0627633525773908,0.029685765466928207,244.8,pompe
1.9156046643318725,21.203745179534984,19.519158057987713,1.1977212922149076e-09,0.00530984982277012,5.466877405918731,14.022084225591126,4.327420283016314,0.0,25.018292744739632,154.0,138.67896927279952,0.9426682065939221,131.8771951036864,47.876299325979666,0.06353228145144227,0.029678339476679666,245.0,pompe
2.9493143586671096,20.866131380284607,18.75367077866542,8.685315509815546e-10,0.00535226069105574,5.390769571743711,14.392056709304827,4.371400759192117,0.0,25.05338834262849,154.0,137.77767339377633,0.9465988329399346,133.4502029652011,46.91316058780657,0.06587268565598976,0.03119726655707752,245.20000000000002,pompe
2.3709289970883844,21.769089742753337,19.17338059220457,6.769421757139348e-10,0.005316344642154189,5.477759099493877,14.078921171310524,4.304665698071498,0.0,25.08961562685465,152.2073989442563,137.34582234679547,0.9440144645039135,131.90366842974362,45.42954687438077,0.06424981397137752,0.03135532908876355,245.4,pompe
2.5121662145148034,22.189291809377945,19.631272094417316,3.994690976962605e-10,0.00519476019057733,5.50768973171508,14.05699425367905,4.464259812155189,0.0,25.16117950368127,151.25317874535114,139.312186943653,0.9688659108202271,132.25964023202624,45.76784849827751,0.06280219755042332,0.0319637579996662,245.60000000000002,pompe
2.657776386568863,21.459862783371673,20.076601914660372,4.3230277105753163e-10,0.005218273773332192,5.581250387594127,14.305140394428296,4.473837176289845,0.0,25.223246506402326,150.1301216166703,139.2887260751191,0.9447079193083757,133.55828655262363,46.55662650037646,0.06232008642332819,0.03203375528627345,245.8,pompe
2.007513896309484,20.92855846884681,20.178801832147002,1.1783665113828763e-10,0.005168715240324473,5.484540307731334,14.555133941706345,4.5172193782586865,0.0,25.22477034444448,149.68816136193533,141.42240375701726,0.9377965972107903,134.95337757210265,46.14654638160025,0.06334442490447151,0.032759837143771335,246.0,pompe
3.0705153355473773,22.43708296003706,20.32117937852439,5.922988715157209e-10,0.005337873118548481,5.368523388086936,14.344955898633284,4.358492671204478,0.0,25.13925858682919,146.1601965051301,139.32981398509284,0.9149440228419318,135.6921728311068,45.50994826674867,0.06087235185891976,0.03270277914078348,246.20000000000002,pompe
2.4010525031327252,20.25812293731518,19.59145875645964,4.892770554565202e-10,0.005272767192301907,5.330111047319154,14.859346801756645,4.6693136504345345,0.0,25.06449572550636,145.71912066917582,139.67339850717497,0.913266801645228,137.04993892892452,46.91313717600443,0.0584682930302871,0.03230799949567529,246.4,pompe
2.5933076750973294,19.58993908399156,20.17424984340044,6.659905974204867e-10,0.0053982060253533895,5.508874689942627,15.029800818781426,4.474621432459947,0.0,25.186750557493067,143.00056320083124,140.5868189850297,0.8819885556597911,134.8222774112239,47.50151968856168,0.05840363115970993,0.03201143211114525,246.60000000000002,pompe
2.6084065541618413,17.55746917659157,20.654311228184824,4.915548340602941e-10,0.0051946886917159105,5.504830047720088,15.259411264360201,4.472645689342171,0.0,25.18833122217773,141.68209632268199,140.66564171049973,0.8898196558594887,136.95238034653752,48.03252051173738,0.05741756835930583,0.03244481931778519,246.8,pompe
2.01034907255173,16.926006521123,20.01097911536203,6.897660902462434e-10,0.005335010595966498,5.322272623649704,15.924007177242984,4.635046421148436,0.0,25.174210294284293,142.46272154547495,139.4381445686939,0.8867439360948024,134.50365977814667,46.94555669753928,0.06038048628149758,0.032464586692372385,247.0,pompe
3.0325735023453433,16.819178064884948,19.069784609967147,5.071788529168886e-10,0.005323226205742254,5.296797997852689,15.585419827215693,4.717414516930084,0.0,25.195770858157193,143.85000142786325,139.09871746084335,0.8839153591618027,137.45233671815762,46.38133408406989,0.05778799156757697,0.03284454494303929,247.20000000000002,pompe
2.328674880856117,16.00509992513503,19.652180139255083,3.818641023618966e-10,0.005152324019602255,5.476540067224403,14.934570631367446,4.725426928333816,0.0,25.210457305419958,142.64566827500104,140.61606756926017,0.88292156762434,140.19760395706683,46.14363525168462,0.055641867558657264,0.032993196861047666,247.4,pompe
2.4410366616710646,14.533575044233551,18.52142969254758,8.073208056498509e-11,0.005312737687123096,5.5392462960910684,14.803530702405974,4.779588438525547,0.0,25.17806512829768,143.44773376027533,140.90467578660065,0.875658455690348,140.34386059213006,46.38338512510777,0.055524495668407586,0.033607846365880004,247.60000000000002,pompe
2.556969452038117,15.019855398721528,19.769798548811963,3.548851424683569e-10,0.005501003836769595,5.465912301449023,14.196504175967991,4.746434313504197,0.0,25.259797508089193,141.31868823675535,140.73137008699175,0.8795395558774664,140.75006963958558,46.30575456601451,0.05586660747948059,0.034401492215029535,247.8,pompe
2.0332945676967964,15.140009982951515,18.809254628779357,9.830030088819827e-10,0.005346666065603138,5.63670726554746,14.766924610827596,4.931839974219202,0.0,25.140191993141514,139.4002662478028,141.28786355492298,0.8707329403285943,140.3717252452661,46.7173910860226,0.05554975137199139,0.03344892939169287,248.0,pompe
3.081495053977395,15.54422564088284,18.38124485779724,1.184789214448767e-09,0.005335318181336323,5.765267937832848,14.822513134933361,5.060960873862101,0.0,25.165454672115686,138.70400376442365,139.6438197854654,0.8834506193045376,142.27358643437947,45.504326228100616,0.0563408112625937,0.03386941606964159,248.20000000000002,pompe
2.358799250821526,15.042554743887136,16.92348360888437,9.907903122807886e-10,0.005291510609195107,5.840561219532488,14.903647388678042,4.838144790098929,0.0,25.15059695044569,137.02398662853284,136.67653108215583,0.8898128148775509,143.3359901055623,45.87808874265913,0.05532419721588563,0.03397191455560705,248.4,pompe
2.405610173617202,14.311186747608497,16.78542610581732,1.0038314953837975e-09,0.005079806734536565,5.723512048866939,14.724646592749659,4.912834135493366,0.0,25.1579380397758,137.53142352874352,136.2058131784433,0.8918618141279153,140.97530723439436,45.507261976041995,0.05702259610113695,0.03510672588266167,248.60000000000002,pompe
2.5583653215675555,15.258108169669534,15.293856993986376,6.365545781799093e-10,0.005023003094694791,5.968672364975687,14.599000362315067,4.9648801004163685,0.0,25.177413638035283,137.5415086788271,134.01807780778626,0.8590251040970991,143.63502280152503,45.16499912205074,0.05458246377748953,0.035423193522078775,248.8,pompe
1.9691100581366296,15.97265690114004,15.968087375005137,2.841849389606594e-10,0.004904340744179887,5.926861221876332,14.898853322575388,4.6157464713849246,0.0,25.22937880993296,139.2486969490369,135.29107176192048,0.8703231543976812,138.63950476684678,46.18725617019913,0.05488339780663451,0.036466685569524315,249.0,pompe
2.9410242438147547,14.471504385635127,17.18305526249646,0.0,0.0048495267158209,5.975161325090193,15.16988327622271,4.726741987763246,0.0,25.169402819858366,140.62157088706894,136.5983967343081,0.8483015896521462,141.52967220692582,44.70159274532453,0.05606259836967218,0.03592255624192209,249.20000000000002,pompe
2.348259131523722,15.055219497709388,16.96919352672015,1.1040832830196779e-10,0.004819550906839514,6.044036006372068,16.011365162627214,4.507260868553445,0.0,25.14545302676303,139.75221285270786,135.89463100990528,0.8368444905732955,143.40738791832953,43.916673379052405,0.05652270676175073,0.036408828202075735,249.4,pompe
2.4857055195411264,15.495511723358115,17.540149942653724,6.339346068059532e-11,0.00476187107782557,6.088797178703869,16.13713973633701,4.589359404680474,0.0,25.134569955334698,137.8133656700485,136.90940770860172,0.8440970469120676,143.08193866023026,43.52805963667388,0.05717324884557614,0.03626971499707511,249.60000000000002,pompe
2.6539992844449705,17.09702719079434,18.17083979085796,8.473943575052041e-11,0.004939985420289627,6.106961835707083,15.777191528633399,4.459990389972708,0.0,25.133646433654015,138.7245980130959,134.3203508353151,0.8380139554922318,143.69428210405724,43.94610409276954,0.05702943662427629,0.03643781642272587,249.8,pompe
1.9452155628126604,16.322210645753387,17.96848188787083,2.1826911176841584e-10,0.004944606649915647,6.006794455276555,15.537157816840935,4.611941408979409,0.0,25.123948141376385,136.87708030882203,133.03312241770547,0.83710103189252,144.42743420482267,44.319696796763004,0.05741666543706484,0.03610676227717355,250.0,pompe
2.9518069229268504,18.134976091186342,17.36159285660742,0.0,0.004745727215231715,5.960985288394513,15.827169325276259,4.498151939524887,0.0,25.12297378699832,138.98601016148726,131.68307125416237,0.8278790535058288,144.80049889837284,44.64492316342961,0.05707682160789737,0.0363133763433444,250.20000000000002,pompe
2.3487869024112804,16.871153814827917,16.995925547180153,0.0,0.004675931817838944,5.9965988616215355,15.502899601722065,4.244565509555688,0.0,25.06268488440017,139.96214562207092,133.11299476288107,0.8032287727520608,143.49873841968432,44.89309580925214,0.05519650727620729,0.03692363993982978,250.4,pompe
2.5251876358507537,16.70794245986304,16.295903649232176,0.0,0.004741945773345962,6.20723851349604,16.17173073073035,4.239893530404346,0.0,25.10910696041011,139.76767037563872,133.965210804182,0.8057820881305284,143.87918172937722,45.551870932930264,0.05642093845668857,0.03646304661985153,250.60000000000002,pompe
2.5518598632181746,14.63941500343878,15.94140022205082,0.0,0.004766449586472532,6.161763215348426,15.904800839688987,4.332651031274399,0.0,25.101991218653726,143.01014775430554,135.29160160694042,0.8004557265681884,143.3634113681049,46.068501107451496,0.0565683815979868,0.03552940470236221,250.8,pompe
1.991661959664571,15.753960601868975,16.663048903996646,6.402754291641306e-10,0.00497183147584499,6.347228674412381,15.909070640926984,4.300273454885588,0.0,25.102036440805826,144.0407622464068,135.3605777441269,0.7796474104003354,143.0149934767,46.49927083229902,0.05517628700773232,0.03563133337920786,251.0,pompe
3.0285139647992545,16.672725612683063,17.849686059694694,4.3652659829459025e-10,0.004971172127100301,6.36326013937668,16.00812763077119,4.335937574618396,0.0,24.97095735667119,144.87773057443607,136.23836230884652,0.7764357909679296,138.9404934548563,46.48965176868236,0.05420121980997775,0.03696356787136042,251.20000000000002,pompe
2.393488075195197,16.106659011206666,16.133149233275116,5.968120285203877e-10,0.005028030038144784,6.330203038644676,16.071564527218552,4.2555864068401705,0.0,25.02588533058851,141.75056168475632,133.70022464277895,0.7971405379648706,140.91334045008176,45.73739064018419,0.05222822719328777,0.03710454486950204,251.4,pompe
2.4430362738117135,15.84940276755027,15.985505722535288,4.881958673520355e-10,0.005134913061100303,6.5328744423944975,15.682701516913067,4.113145050036131,0.0,25.11678572165977,141.02204817038864,135.2284871087416,0.787384828397748,141.16778505184558,45.06146358891653,0.052142427230258255,0.03697683654787796,251.60000000000002,pompe
2.5744772545849046,17.466102162086134,15.594739526176873,0.0,0.005089936523088844,6.559162991298122,15.573173630007316,4.082820575847288,0.0,25.123871954490625,140.8631318700977,133.81489129165053,0.7682564849763827,142.00579079185928,45.24439696509934,0.05082408777824447,0.03690925286120594,251.8,pompe
1.9490135422278965,16.895925669308635,14.987034341559928,9.142825874171369e-11,0.005042668545499818,6.481366940979038,15.027703097931209,4.059839846974092,0.0,25.13491811710344,140.4555829767727,134.36339829612723,0.7816597481509285,143.1520557188137,45.4361991278179,0.05145990303544695,0.036748160587196425,252.0,pompe
2.98483501272525,16.352847685503583,13.92472684179981,1.5564827144938892e-10,0.005060479499551309,6.439397292430307,15.314488889909486,3.9879900639639514,0.0,25.095202847881957,137.62337513780793,134.96634274112787,0.7729794690617524,145.25894919060752,46.06036385086262,0.05030991020357243,0.03605931366583284,252.20000000000002,pompe
2.3706649716264616,17.35554360514662,12.688608034523819,1.9416270056802403e-10,0.004796412201744821,6.367930806794553,15.630641190662846,4.350359169805103,0.0,25.024754399041925,136.7316436596135,135.07687172046099,0.7653001286043364,143.66017410814777,45.827606383993405,0.05066291469694818,0.03589291865856924,252.4,pompe
2.4397795091595076,16.701338572557358,12.479122742967458,0.0,0.004700785034036694,6.433185539651926,15.396453139151442,4.133993211869847,0.0,25.047520618884814,134.27466821638157,134.407195562327,0.7565325043892609,145.17117703300295,45.630858327983255,0.05048476206805352,0.0357111055337102,252.60000000000002,pompe
2.459143889239824,18.00184102545981,12.8682117862481,0.0,0.0047010170917006705,6.537694245056551,15.286346534071809,4.322331597593805,0.0,25.03989422474376,133.2961678177704,132.62732551598674,0.7337418669509699,147.81531803795454,45.446976713173235,0.05138686217177373,0.03655078012507349,252.8,pompe
1.8109346485217626,17.0813499349355,13.944550632411513,0.0,0.004612142091726171,6.407830378216126,15.081129166350594,4.469435405041215,0.0,25.049509933646085,136.23809940661945,135.1311370910426,0.7364702751452202,150.0,45.329141175108035,0.052566252714600144,0.036199863556186304,253.0,pompe
2.908819895443173,16.712320894643586,14.212908377330747,1.1567369979271573e-09,0.0046917502414339,6.454155002396897,14.651095919794127,4.445865248739934,0.0,25.098677267719587,137.88135605459019,134.79654670259663,0.7525686948380556,150.0,45.4535174221027,0.05313437161880214,0.03569577104376173,253.20000000000002,pompe
2.2593796593885824,15.867337404437329,13.872615084124842,1.0398824197378852e-09,0.004500853561905182,6.512495948766089,14.956186937729044,4.395925635187297,0.0,25.083918015507905,135.37992746920457,133.68992251288265,0.7667286896252551,145.3492331656907,44.991212969239264,0.054027359493426144,0.035109661565804154,253.4,pompe
2.3625183340969387,17.680170132711876,14.060118727905337,1.3440500322653512e-09,0.004531784905282737,6.5227123145462365,15.342832796335028,4.580740369033709,0.0,25.08137277816667,135.3637838840844,132.91630361603924,0.7761300296948941,146.04310783374538,46.203149810030965,0.05526839904582683,0.03616748711370878,253.60000000000002,pompe
2.4173578298895624,16.88247398174456,13.600894595870388,1.824393596078854e-09,0.0044155769868387176,6.4054593167456435,14.730936750559927,4.854225832004704,0.0,25.110544109675846,133.3705256031044,134.6339248291556,0.7570616715473272,144.3258601288995,45.781688782167166,0.055432322313159525,0.03550079787523098,253.8,pompe
1.9216913000941676,17.330831073053364,13.17146255668683,2.1420813932775674e-09,0.004358150476416077,6.3296377189074,14.994658543848708,4.440770063352223,0.0,25.06997156789264,132.16848483985558,138.20906311308985,0.7510390984643465,146.3860572762495,45.98498596765677,0.05580103463224736,0.03527200731053602,254.0,pompe
2.9430747628786125,18.679561388052033,13.738573950186586,1.8950278487520987e-09,0.004238898266965936,6.255401333006405,15.299575649748784,4.55443446332751,0.0,24.97893811800566,133.58729525507198,140.63032690510832,0.752217953659132,150.0,45.20783239440244,0.05655295222781652,0.03444622225449576,254.20000000000002,pompe
2.3735405943457257,19.339665095210908,14.912334586918265,2.007892142358534e-09,0.004182762372319631,6.192441799069407,15.09170746024958,4.451167464034998,0.0,25.049727979862308,131.00161055774154,140.68003080313804,0.7523072283391375,148.60417693587027,45.50817777454843,0.05831921411785938,0.03511035910208017,254.4,pompe
2.5608081469433888,18.509921187820602,14.938571081588972,1.6778132190715436e-09,0.004187439354311817,6.220839477458346,15.394883197541803,4.586364134802994,0.0,25.00103009237925,128.72683112889513,141.6418232902903,0.7670949846701924,148.73020209096916,44.61771660450135,0.0609857592110671,0.03546628040358331,254.60000000000002,pompe
2.6403266156743435,17.352840358775126,14.930551038961536,1.8675431000719297e-09,0.004217007480209488,6.137374065768069,15.25716954349311,4.462734832932798,0.0,25.05054465863129,127.91397012330229,139.41342287572525,0.7693449319734995,147.9247630908014,44.40417570835841,0.0593358455198777,0.03464247529946053,254.8,pompe
2.0169318110093384,17.12658139704065,16.644186998162628,2.0180266632766943e-09,0.004091884306830289,5.962997344864332,15.329860420910165,4.39526850959079,0.0,25.06577452106226,124.64975532032004,137.4996978295158,0.7618214785781914,148.98348085511768,43.818477629008925,0.05942131027255589,0.03359305514783242,255.0,pompe
3.028676481326692,17.37585262748811,17.662683530329314,2.0328958385846435e-09,0.00400044714801132,6.116588881531434,15.177123097509508,4.487901009037271,0.0,25.070299067864457,123.42313842488231,138.08014581926102,0.7696362962520549,148.1711727532095,43.535178207622174,0.05977900333720315,0.03295010388726533,255.20000000000002,pompe
2.267034848373553,17.81549011383403,17.4472957519037,1.9123219953545496e-09,0.004030327980114275,6.1813427052060375,15.009308827334802,4.319308934421077,0.0,25.102548863045293,123.76041297312888,137.04868157310858,0.7610038366076869,149.58206559460857,43.44651223851132,0.06067416911367571,0.03357594854379238,255.4,pompe
2.3915162290429945,18.683446960155393,17.442332123043702,1.9361377235705347e-09,0.003820774072979563,6.066816900135007,14.542836887634113,4.266715894799793,0.0,25.110699925166156,124.34560234839023,135.78072851964075,0.7675383004423447,150.0,43.2820316169551,0.0596590674670577,0.03303633415850861,255.60000000000002,pompe
2.5064633639685336,18.097828178332197,16.05251184009057,1.4106053176845378e-09,0.0038926900112755446,6.199607942264906,15.126546821749345,4.29717632790551,0.0,25.085552708272026,121.98988128926344,133.01120516700473,0.7696349389755002,150.0,44.47587475968641,0.0594284605996753,0.03201973189573599,255.8,pompe
1.898783911747969,17.79795667681379,15.640455073898973,1.463374336138361e-09,0.0037718699003078944,6.206090914305435,15.291151219942135,4.456587940706818,0.0,25.143568278915687,121.38259647717508,132.4650836388974,0.7830592116412908,147.43346392672257,44.27273141488531,0.06082785893232698,0.03184134442557025,256.0,pompe
2.9265472342846937,17.403239618063413,15.664909848219871,1.828472607768099e-09,0.0038345960982680586,6.199330446386658,15.635563710466164,4.4671440695798434,0.0,25.085251287599444,124.36642662921038,132.8538599198728,0.7540140419511571,150.0,44.31331295711195,0.060169612585482465,0.03138543133651367,256.2,pompe
2.3193997663844312,16.672751618758184,15.19803368403238,1.5672131104113737e-09,0.0037933224804742468,6.134465476887631,15.867166143619228,4.468259714929351,0.0,25.118960350194357,124.31853243866924,131.04378137911144,0.7719727887359736,150.0,45.31993647775289,0.06145664845365373,0.03103699394118182,256.40000000000003,pompe
2.328526316481574,15.587170091031348,15.565827541345755,1.4568460417681634e-09,0.0037417558457478553,5.858840150337919,15.732343726476405,4.318363699297563,0.0,25.166188950142885,122.7214056915215,129.41290858049334,0.7732979103211822,150.0,45.10898552482038,0.06338195219793624,0.030135565372050418,256.6,pompe
2.379553786860233,14.368816059970657,14.349742809676355,1.5071182562092829e-09,0.0036449378704073447,5.705450355477945,15.81872764974459,4.4433920648225635,0.0,25.214926065217345,121.33314567327506,129.89741186616874,0.7780128965802229,149.21546071574946,45.24292358779817,0.061504311032946984,0.029689787423999883,256.8,pompe
1.8290526749374028,15.640677815405622,15.007702312459118,1.687356731095077e-09,0.0036359485051067693,5.690549796185171,15.172858799817915,4.378382271618856,0.0,25.246785799327697,123.00088177359162,131.1902143721257,0.7900582524028246,149.53224707090655,44.683785840850625,0.061310976081815204,0.029186963947989066,257.0,pompe
2.912759944927836,15.252942162484151,14.851854552101056,1.8796870419949183e-09,0.0035607423221628255,5.782345331616849,14.624720251243675,4.455503804503073,0.0,25.292967314171992,120.8666853421348,128.52305736870179,0.7975865484193532,148.92073237228647,44.6652916143407,0.06028886369971742,0.02976378205927292,257.2,pompe
2.29957626240421,15.595165162816267,14.000978972843523,1.993355941784961e-09,0.003467484957756183,5.7072888402947575,14.106116258236328,4.457493531052685,0.0,25.305222613823986,120.27400870206144,128.7174262174341,0.7981346355546547,149.2268040728923,44.80771727314027,0.05878088360435828,0.029809047534342888,257.40000000000003,pompe
2.3435588737261734,16.089568906445276,13.267780077075157,2.3843599922830615e-09,0.0032683391708581535,5.873556313133683,13.555310578628953,4.349374209756999,0.0,25.339686955087476,119.94167378488537,130.273689673253,0.789129588222914,148.60137708640804,44.661983602863195,0.05795828395072885,0.02852178206745967,257.6,pompe
2.4641606386814967,15.986515371892706,13.897795205260593,1.8906945001937923e-09,0.003208053466273713,5.993969087305493,13.729711616926696,4.448190495402113,0.0,25.36507367870337,123.03331905403383,130.43539926739797,0.7779329584821866,150.0,44.359933747408256,0.05769789173353433,0.028733980521138937,257.8,pompe
1.8286269989650763,15.5804941880105,14.14954017816403,1.630194955135513e-09,0.003265004223113841,5.881589257943959,13.403022910327177,4.684719383948969,0.0,25.362987700941353,126.24025087089433,130.38643530470924,0.7915558706568211,150.0,44.39300740248802,0.05741185567735461,0.027379374487945286,258.0,pompe
2.8723312061605597,15.68592784968141,14.232188868544709,2.6768803379082627e-09,0.0032717045126591615,5.94092040159248,13.89720781258814,4.733146804736735,0.0,25.357813043848175,125.74742502004536,131.1670634779372,0.7891679737325864,150.0,43.83332180366501,0.05748381810445738,0.028322404622567507,258.2,pompe
2.234916270043214,17.433881195333218,14.272008605662899,2.5754090379348933e-09,0.003266342445115214,5.9004401282332815,13.207144204294998,4.811858558747597,0.0,25.38449832666122,126.76568541905786,130.84537903788674,0.800921914092474,150.0,44.03025058684198,0.05539012785639911,0.027964500012765958,258.40000000000003,pompe
2.4013508781078854,18.236514626762364,14.857202858253254,1.992261423432094e-09,0.00314631026235852,5.955016689594508,13.02184923952748,4.887503902099825,0.0,25.378341897578338,126.80499920944743,131.69157616508662,0.789269449067181,146.26323116956334,44.170296458851446,0.05593369525758339,0.02857727989792574,258.6,pompe
2.490184847342507,18.954309310151196,15.160576629760444,2.4466814585212736e-09,0.003129044138281659,5.766073597531511,13.073631054037795,4.837346650057178,0.0,25.29094373100763,126.37260628571322,133.2322817905743,0.7875599376438375,145.85264770252192,45.35264250025205,0.05449746472853482,0.02935102313824808,258.8,pompe
1.9507549153322044,18.66525657535426,15.123218730655127,2.3550045620372477e-09,0.003128502064853074,5.697766558457654,13.023109889048708,4.75803455672731,0.0,25.272806820536857,122.72960900377342,133.40151052114382,0.7815153509337768,142.4355909069718,45.17350448818963,0.05392442187869241,0.030173951348627617,259.0,pompe
2.9547400862372393,19.18397929692926,16.066521748514337,2.0633073764078812e-09,0.0031118850345679488,5.869423578084804,13.215852420006238,4.792032793663043,0.0,25.311094426805145,122.77838711086379,130.15701163993108,0.7773853481600905,140.4001319557649,45.27567549023696,0.052720750848677084,0.03047144584564213,259.2,pompe
2.3148761404106044,17.970793429208644,15.678875856522831,2.2219661014896707e-09,0.003179566617889147,5.767925528115916,12.900273619372937,5.005597749797941,0.0,25.31570235390682,121.68030640468372,130.53548254879416,0.7949910756639352,141.09799597548897,45.96085442105247,0.05264809978220437,0.02975335062776203,259.40000000000003,pompe
2.408571110354146,16.861402224668055,15.777581149016484,2.6264737878145128e-09,0.0031775215309377265,5.7289240167897395,12.734956258363566,4.993547347214444,0.0,25.25101537654664,123.27703555884393,130.05117566191223,0.7912874904465889,140.99278580058188,46.441512328609704,0.05273688833188833,0.02923677687317347,259.6,pompe
2.4770649616020397,16.67747245818132,15.90783556303144,2.5330343530397705e-09,0.0031551841860019535,5.726418995436594,12.842723992537733,4.836056520421473,0.0,25.223229168334672,123.60274013618785,126.5086870295937,0.7885144084867979,139.14319831262844,45.86444488385712,0.05556394256900934,0.02937459735286073,259.8,pompe
1.9521111426347013,17.472571226550897,16.529829847537602,2.3832009014991003e-09,0.003257145168257946,5.806552599769516,12.970123445068245,4.838044818689955,0.0,25.22560815245227,123.6409227693083,127.16959657519187,0.8066628120818697,137.1359374169162,46.604047941898514,0.0549952147272844,0.030194452738615932,260.0,pompe
2.9646491912772306,17.744897113544702,16.319740443234274,1.766493154826391e-09,0.003372417892513686,5.702046990136849,13.088307812575941,4.658054579113617,0.0,25.213483352598463,122.77062458394904,125.2010476440313,0.805648813142159,134.67113763611957,46.71081566075908,0.054727432806938626,0.02853955284083515,260.2,pompe
2.2849706209373495,18.27466945018247,15.481946394684984,1.884937477463789e-09,0.003390871122693586,5.592015635787077,13.18331093896626,4.755828939498622,0.0,25.201315312868402,124.79371733067708,123.78367118585318,0.8100633852390581,132.9824838634645,46.63785214009493,0.05516645642945587,0.027021598359230445,260.40000000000003,pompe
2.393808730707506,18.620324778908408,15.597756308158441,1.6328795071550655e-09,0.003293742424301065,5.648301115821237,13.18642683689299,4.822904922434083,0.0,25.175548045491066,126.7080038753581,122.81918445362444,0.8225799548010859,135.61643434459884,47.32764166704537,0.05483286385847267,0.02858133037737827,260.6,pompe
2.5117718590042375,18.79385063061573,15.545732294129946,1.2044641426410105e-09,0.0033765076738055733,5.58366057232852,13.622831067325372,4.955738657914921,0.0,25.13605784986679,126.22727325789745,118.50818031805706,0.8206606941687945,137.3270857706455,47.202343604848956,0.054003218082691394,0.028366783346085434,260.8,pompe
1.9788293873467342,18.68846440442435,16.860200741500776,9.385829504156837e-10,0.003378598582512714,5.53353885710741,14.494499812539809,4.949903428446371,0.0,25.111889718662113,128.94049397411095,118.72784717435292,0.8293400101544498,135.33162976306542,47.449248549683624,0.05261890421534559,0.02850579252882444,261.0,pompe
2.933404057480433,18.442352108087444,17.632399708170794,1.0695100923005561e-09,0.0032723034770438184,5.341873423453878,14.730859936502936,5.134882726297906,0.0,25.229374083902567,129.01789498528646,115.68016302892208,0.8115479504108524,136.98004602308345,47.55646011536794,0.05428618860804064,0.027727647759023966,261.2,pompe
2.3034898088116034,18.502086607388343,17.41599903506005,8.585764839731805e-10,0.003231964767381124,5.351940091660023,14.906485445234617,5.135670081154893,0.0,25.161127801040628,126.00837763661248,117.30757335848408,0.8009633483851079,136.51917566789606,47.191719343052554,0.053412864657017715,0.02681422828358831,261.40000000000003,pompe
2.405867820576685,19.080010198434373,17.317091343552807,9.729164282267005e-10,0.003182576456685109,5.4324607337935396,14.75051337767257,4.818885840892758,0.0,25.20377331369264,125.16711200180991,119.24467634156026,0.7915553769223658,137.99023179528123,48.33501640907721,0.053348810649635495,0.02665565396497748,261.6,pompe
2.5071140609659683,20.743927347857642,17.552923668773836,1.9493904119729684e-09,0.0031889853690625636,5.362583528062442,14.562791356766223,4.824948678615626,0.0,25.176451276014625,124.513107893599,119.65846463535786,0.8121328015085902,138.32135097709659,47.125298618900686,0.05216175182259476,0.026789414035566814,261.8,pompe
1.9113209202927033,22.52233262097194,18.276468335647095,2.2358297726540414e-09,0.0031599864905576033,5.462428572539294,14.278552539450583,4.956387924666025,0.0,25.094500165403122,125.61480603703988,121.95177790489753,0.8073211072476725,141.47987253279848,46.11593246729243,0.05067925005971619,0.026678501794145448,262.0,pompe
2.9323794427122527,21.44453392553256,18.360021680274937,1.9780098296906536e-09,0.0031212934239207234,5.482947593089116,14.080603404607576,4.913636716139869,0.0,25.02637573921169,127.01070208543258,124.8014248775281,0.818506266230266,142.32293406419416,45.75084977340085,0.05025312137270385,0.027293427829130867,262.2,pompe
2.1491474522767278,20.988181213921898,18.91819618488038,1.5378021760634224e-09,0.003137717893153942,5.5132309382802305,13.604389848611577,4.899281083557996,0.0,25.049108642066678,128.25369469816576,125.48788173133293,0.8187948835610619,143.08338784777746,45.06630190877073,0.050117365893737664,0.026787862727575638,262.40000000000003,pompe
2.367898171147661,21.586175002430483,19.419858385191574,2.198341278056314e-09,0.0031013163068927597,5.452523186302922,13.556424912346015,4.662893897506654,0.0,25.083358112254103,125.96698120658206,123.70616070953066,0.8171486513208636,142.4983411142668,45.63945508163154,0.05008432594656267,0.026290612399062496,262.6,pompe
2.535949414219835,22.287998162169117,18.14915909158151,2.2140480108183685e-09,0.0030389433737085885,5.373961369564309,14.342835128210407,4.68490753195915,0.0,25.08755894154138,127.55392847261875,122.56641858213231,0.8108680199866327,143.9664061089099,44.75253003120147,0.051105296004511615,0.025341127431833917,262.8,pompe
1.914111752203577,20.30643611942165,17.284383528088128,2.650459401593526e-09,0.003097830558127397,5.479208155800754,13.863474400531624,4.57340096097603,0.0,25.127154077151868,126.28735089654818,121.64004941235105,0.7982604322655539,147.40428805669632,44.503966496830664,0.05103761540442608,0.025366699448230248,263.0,pompe
2.998186395156463,19.078596951390537,18.162555989314882,2.151292232499427e-09,0.0031664661946338092,5.3069547360714315,13.90744412429244,4.803156770449737,0.0,25.150267792500056,124.6229752175997,120.47088904485345,0.8124051777993168,148.5233768248147,45.07545272573845,0.05101882529189608,0.025185595781893413,263.2,pompe
2.3967641703062568,19.39319539709718,17.91987700721004,1.628854091474964e-09,0.0032212699065460484,5.342420742238864,13.784895873956872,4.968488467685579,0.0,25.16451922083806,126.21589696180455,121.58345367462292,0.815253579123113,148.32436889237712,46.32545563360409,0.05008578911569871,0.025587700190656676,263.40000000000003,pompe
2.5013911500669344,19.785796140141848,18.845526616062642,1.44685822486207e-09,0.0032512213619910794,5.361322999743854,13.654262948038522,5.125213141816144,0.0,25.139512958702497,128.19829473308332,120.25886979938029,0.8145377714411078,147.65004093726523,46.82408122217383,0.049450994475428896,0.026003507851705673,263.6,pompe
2.618836807789806,19.31633122180644,20.341348247878614,1.1294368141670454e-09,0.0031365827196921207,5.437474512313507,12.991696204912982,5.293223212746462,0.0,25.058859244108962,126.66902139628776,117.67878034711886,0.8183254161465449,145.225750669178,47.16784935637233,0.04901617854043389,0.02570633647955777,263.8,pompe
2.0209801277307817,19.942136183492643,21.24339239401932,8.444786475089488e-10,0.0031211622327962218,5.369357961074445,13.165726656561322,5.103560421057996,0.0,25.034828431609707,127.26647648593298,117.71789229388168,0.8234237877309268,145.21085635840276,46.828335536568176,0.049127924626823166,0.025162432998396232,264.0,pompe
3.0573573981443705,19.468056604711315,21.25864733881688,8.441184930474321e-10,0.0032216726637870493,5.399580910817636,13.303288097561973,4.958788075183984,0.0,25.019143726462,124.78391630493986,117.44462114398682,0.8250753393464294,143.81843212397217,46.7814590134045,0.04895079454832699,0.025109443781798323,264.2,pompe
2.4754515422577104,18.201942869701686,23.088363635696954,7.502698951624978e-10,0.0032500494204110893,5.405357470819214,12.800681353171793,4.7846391227255785,0.0,25.074235724868007,122.59350781843118,116.13916213768945,0.8264060431404788,144.93419084781056,47.08764633711967,0.04778769501644986,0.02420691884074923,264.40000000000003,pompe
2.5956822365195196,19.639464292763552,22.455685121630044,3.4443401458383883e-10,0.0032051460411194627,5.437052377868373,12.835384309205208,4.947211983648309,0.0,25.084009095230204,119.5358402248937,115.10374269151998,0.8198442961300135,143.68465483896867,47.23463649597623,0.047919025452207366,0.02329738737576448,264.6,pompe
2.7041235988850114,19.61624746508935,22.592939222747493,5.74995483503e-10,0.0031370273850752054,5.554337378606297,12.898573187761789,5.107946492752364,0.0,25.1642450282815,118.22197334793522,119.1478292642319,0.808953408785757,145.93723918053095,47.031219457417265,0.048595686516186294,0.023256832095553702,264.8,pompe
1.9906027630966818,16.87600056905321,25.039041319388026,5.250767427945322e-10,0.002924013064664936,5.577799331278669,13.229225252747108,4.929977432148712,0.0,25.162562377389463,120.27728516436562,119.33801286789955,0.8244950269057145,148.35876369536408,46.913587341236045,0.046821668116461546,0.02311973608629561,265.0,pompe
3.0319663260766525,16.864073572354993,25.38834935651638,8.063781107461902e-10,0.00294650110202783,5.543678190939789,13.46656575427335,5.164047330999957,0.0,25.18942848356846,123.39396593345415,117.50197661440734,0.8350393153873221,150.0,46.02021115063743,0.04747922511220364,0.02296019309557054,265.2,pompe
2.3664945130903448,16.720162613773375,26.54022545708099,6.856917308108142e-10,0.002903610837323553,5.492924851381017,13.384949394504043,4.917025329696079,0.0,25.195490367268892,124.17655559256049,119.44958815799352,0.8370960996406237,149.21713726664018,45.43079490317227,0.04769729987398944,0.022880511318359328,265.40000000000003,pompe
2.4784262906122874,16.977372759826114,26.742392668325625,7.080755686031488e-10,0.0028802204260142588,5.408148511947339,13.213166926216696,4.9652836465475785,0.0,25.11920311871203,126.23155599793688,117.97819637484355,0.8368636606968765,150.0,45.4657667768822,0.04503122746762498,0.02306168141895102,265.6,pompe
2.6425203055402533,17.744187543666747,23.901276064869517,1.6794836349221179e-09,0.002783855541656699,5.298324481655129,13.561327698414466,4.964071968892485,0.0,25.086675747506956,128.605295429199,117.94933431210639,0.8188943798658724,150.0,45.63260685014238,0.04607763787384965,0.023339107642513804,265.8,pompe
2.1540732681291512,17.486628980692572,23.60340522454621,1.8824543786237744e-09,0.002753177668972162,5.368564814861594,12.614819944242782,4.918466235313784,0.0,25.078303164086297,127.19113229594333,119.42549242408516,0.8129783295775384,150.0,45.642029229469095,0.0465030084740663,0.024077686773399554,266.0,pompe
3.1420086990165665,18.237023622967175,23.444795661793368,1.635563836048006e-09,0.0027327757820736734,5.334894167818133,12.935763849872068,4.895389469076942,0.0,25.065295059698876,124.70967681537061,119.16013995559244,0.8125900705808551,150.0,46.50743992538143,0.04534603785727714,0.024165580611766303,266.2,pompe
2.4696404335564557,18.132583892914354,22.9815768710207,1.4394501109931512e-09,0.00283799257128275,5.2888520952052,13.169922820948313,4.545115117042712,0.0,25.131193735668536,123.0678262107243,118.37533166731541,0.817149024462508,150.0,46.827993802006425,0.04496412672684837,0.02517227965950894,266.40000000000003,pompe
2.5245409538268313,20.925438866525514,24.016185080134154,1.692462423544812e-09,0.002760671086432559,5.369155472838939,13.497440397159393,4.3181772274654815,0.0,25.150733241272228,122.96058068775075,117.59024507433891,0.8286876051810449,148.40103415824495,46.57017053737585,0.04422796286273381,0.025439071772030523,266.6,pompe
2.5077558419363637,20.282261718998708,21.994859353284646,1.509936635106969e-09,0.0027939332374076766,5.434204440300622,13.311753354230438,4.4213309189280725,0.0,25.226829548852756,122.8594604867305,113.02752757848327,0.8381958238809549,147.66685589906885,46.427504554534224,0.04447246929288861,0.024619150828163114,266.8,pompe
1.9107794373168678,20.791994628335736,22.16081635758072,1.2359271448013396e-09,0.0028447164984820475,5.331481845768368,13.17873998885894,4.434290225449493,0.0,25.207961454489908,125.01477542136668,113.52134493150675,0.8384489499351563,148.36401007363247,46.91520912180388,0.044623164400127466,0.023621673163112335,267.0,pompe
2.9948659839783414,20.70774804363057,22.661964342977004,1.0207934225350475e-09,0.0027188025320744355,5.112132982315415,12.959711690747435,4.534149552171756,0.0,25.224421148039262,123.36707466793143,112.37740374170848,0.8533625786542264,145.9552120880724,48.283744717863236,0.04644481467170789,0.024755778742840386,267.2,pompe
2.368005833771538,20.338870724847343,22.820454702183262,1.3129287718777383e-09,0.0026679720446470597,5.00620337106584,13.014084187217868,4.488186120514353,0.0,25.18910876619886,123.63690519831167,113.9161487482993,0.8676649946699212,146.55391121262772,48.55471046665754,0.04530651003768319,0.025306824384620813,267.40000000000003,pompe
2.551881036455825,18.291580831674306,24.471274063295752,1.0091494964846346e-09,0.0026923433103228627,5.00704218630174,13.157918119648802,4.527385875677615,0.0,25.218063672665075,123.27366035575302,111.97565032186353,0.8552116699365931,144.22136128003805,48.23444512678845,0.04570887069464204,0.024885206375893035,267.6,pompe
2.6799931534068206,18.175549429552195,23.836990643393474,9.300020502873427e-10,0.002766202987101148,4.879629000449404,13.902422944219552,4.697120091927785,0.0,25.284294496797685,122.85329027081586,112.45348941748199,0.8486088088510915,146.3020288503943,47.800491379442235,0.04556383094376228,0.025244053792135922,267.8,pompe
2.1009974639954927,17.420855832280935,24.35064027239404,5.563544841603234e-10,0.0026246373640822647,4.808827023548218,14.35006962155246,4.74360272205797,0.0,25.286862394960647,123.0037461189904,113.44187806479582,0.8301776619432356,146.28887279108704,47.90353076829879,0.04410201708661341,0.024455407998465566,268.0,pompe
3.075202340693634,17.365349858294532,24.026992543230133,3.011240946834747e-10,0.0025786600088399396,4.769134184312438,14.584445581589446,4.953065453529847,0.0,25.321544475326967,122.93336749090712,114.28849521619243,0.8433731866311256,145.0018244185793,48.537085268425415,0.04279348633132299,0.02450370239130657,268.2,pompe
2.3868072258289765,17.544622597759968,22.659690211708767,3.991494826394804e-10,0.002660789143279692,4.681170351911652,14.7751099708105,5.097754729264578,0.0,25.398118287404284,122.33991740836287,114.15165393777059,0.8320465198767454,145.44227443421627,48.559253720338674,0.04331988879339332,0.024135888120400472,268.40000000000003,pompe
2.4621954344554142,17.971223115558494,23.83841960924537,5.769047008683403e-10,0.0027616666534211083,4.7222638716813075,15.113197708104698,5.221273168526888,0.0,25.46792805678767,120.68782802568073,115.42560831307104,0.834987911382149,145.25580239222137,47.43803638163303,0.041766395274074844,0.023918800391441834,268.6,pompe
2.4762723385585543,17.633565994805057,24.304451897117193,3.1420812367210516e-10,0.002755088430965983,4.627069802845054,15.33506250646527,5.297829661950372,0.0,25.42457258841789,118.77585753763022,116.25457670960651,0.8367508091585033,145.35143631988103,47.38111057563255,0.0419855985051877,0.024082072435513104,268.8,pompe
1.8553814971037998,17.04838839230403,23.910180525063385,1.778515155603936e-10,0.002873253786616638,4.5898415222169175,15.558135924587242,5.370763314773833,0.0,25.377925646133175,121.06003841380631,116.06072556237265,0.8652911729401244,146.25217530575537,46.631201619572636,0.041716998786547395,0.02479140828020085,269.0,pompe
2.909045679052821,16.891102286173048,24.359307416797563,0.0,0.0028475351936222497,4.507393478843237,16.398850819435893,5.20210021316835,0.0,25.404601150036132,121.15873286300133,114.1612262427197,0.8536191567803143,147.46828280155998,46.17375283257255,0.039746104492753634,0.024985311172783367,269.2,pompe
2.221000153861009,17.591551834525678,23.790903094437553,0.0,0.0028387612642184817,4.411086326375912,16.116335013593908,5.198207243870765,0.0,25.444611330163408,120.78057476632355,112.00375854276417,0.8472253193563033,147.84938433697522,45.92793929641519,0.04002453790064711,0.02528628462492253,269.40000000000003,pompe
2.494823102364669,18.66515669280744,21.798252334424134,0.0,0.0028098214950221865,4.4513633057779325,15.827914369139386,5.1721657798987835,0.0,25.409795461146167,119.99055825603773,111.58057198150847,0.833951408415931,149.98907350377647,46.250570002460215,0.03866971951526141,0.025278851038467276,269.6,pompe
2.494584800057113,20.026929378725736,23.20077173908604,0.0,0.0027448191559157954,4.3933954614681525,15.764894558923935,5.2116858262826975,0.0,25.463577161985878,121.6891429428347,111.88366841383973,0.8212956343963359,148.6156020492636,46.317706208674636,0.0375688952561232,0.02542910134971857,269.8,pompe
1.94189758068254,20.550444322690105,23.49228480687725,0.0,0.002816209710191485,4.266616382977124,15.832880697648418,5.349878449628883,0.0,25.39035036329958,120.02748533170937,112.36185491689261,0.8272226254170675,146.5994937707193,46.59148581394637,0.03624356730350674,0.025764194505954414,270.0,pompe
2.933391172356733,20.439398175664827,23.165593464133426,4.374654171082415e-10,0.0028195295955539225,4.215966614289024,16.13673138037457,5.717527939486869,0.0,25.38642012208548,118.81768127654658,111.48193747908901,0.8351593723578465,145.05298691102934,46.621214092456505,0.03735669306791168,0.02582831942326858,270.2,pompe
2.2257682237781724,22.972719280289184,24.835854003061023,5.594023491279669e-10,0.0028891258715731025,4.190773687866457,16.602342381657216,5.6740672850527005,0.0,25.533407756258054,116.72670118202889,111.97563551971015,0.8387223375423478,146.2537852442494,46.59305050126411,0.037217356906870655,0.025885656264595037,270.40000000000003,pompe
2.3999780932265105,22.753809362644233,24.541475598909678,1.223712265854905e-10,0.003009865447544436,4.226054223105337,16.819384235586476,5.601474093065835,0.0,25.58198090510408,116.61520447725736,112.95828854587718,0.8240004056674207,149.50736236357372,47.18789223972103,0.03707734458510472,0.026135065746831804,270.6,pompe
2.5484129798954718,21.00488093553626,26.237330314612937,2.435726568170257e-10,0.0029500586225760937,4.138846619449534,17.380855813023373,5.658944748693082,0.0,25.582930649807846,115.19595152537771,113.77474101422186,0.8222317897639155,149.6340597669255,48.74227071768067,0.03773303775858052,0.026659525067072313,270.8,pompe
2.097221313898047,21.360051411784795,26.06892731771012,0.0,0.002907819195178395,3.9850259768240384,17.846917555856663,5.494165818400897,0.0,25.579893841567905,115.5388868788206,113.75097263707849,0.8381689080123239,150.0,48.742495552373406,0.036908594998678594,0.02719256926215351,271.0,pompe
3.0441924529458437,19.465194260954682,26.360901240417668,4.669621393383729e-10,0.0028692412852192742,4.009111591966614,17.755467020866813,5.66418473346904,0.0,25.564287247945373,114.10040836714178,111.58997253756807,0.8492006865931396,147.89745053891613,49.00546031744668,0.03748392422217191,0.026865437692236552,271.2,pompe
2.3685855936256504,20.605430319880234,25.075320412160046,1.2038081361095588e-10,0.002842048308169241,4.096931172793029,18.642898897391785,5.690376190820632,0.0,25.624612919048797,111.72296577498736,112.00765073197385,0.84916687778628,150.0,49.94924160206696,0.03662896154613012,0.026942614406008113,271.40000000000003,pompe
2.4544443239477256,20.173598146100076,25.49441385282769,0.0,0.0028423203129213236,4.1626925958451215,19.476029916689825,5.766599337440185,0.0,25.560668982233757,114.28429130138973,112.79991463174292,0.8511009387242526,150.0,50.205581455402104,0.03719508660517445,0.027463680538893174,271.6,pompe
2.6396959820177015,20.36080907229137,27.266748831235358,3.8602441099052053e-10,0.002826421297944897,4.035280425468418,19.532339423896193,6.026025819903176,0.0,25.564807486774754,114.68647693855146,114.2777899514046,0.8469903979823621,148.42729912408763,50.60393603612943,0.036509202286720784,0.026335202434780994,271.8,pompe
2.1176950807954933,21.3587433274451,29.303472784278554,6.752754293787175e-10,0.0028577356373330207,4.057151847315756,19.46068986132811,6.107283718773329,0.0,25.503183237482336,114.32335910116804,116.31442687300995,0.8335555853105164,146.199224857835,51.01829292355389,0.0361006640081277,0.026599400426632665,272.0,pompe
3.1523439523712997,21.721360024900715,28.090836345327915,1.1610301422084697e-09,0.0028934060561912936,4.054170386970842,19.461030711617806,6.1471098077275075,0.0,25.409756597201604,115.62816518061098,117.43195052264497,0.808733567995043,147.39037963475002,52.24436363360529,0.03513166232437189,0.026532365287977745,272.2,pompe
2.4492451078460262,23.765830731735676,29.184831194228995,8.090929173766884e-10,0.0029033283228930037,4.219686837252113,19.156883601344557,6.12499079118768,0.0,25.37454647467291,118.53888143855148,116.7218972265702,0.7944709552766214,146.53589522497515,52.70869918437431,0.03444235861305541,0.026688908062343034,272.40000000000003,pompe
2.5767564692702543,22.090200503907244,28.124019277812717,8.602611235581833e-10,0.002936948174792012,4.174071087778206,19.224775944172176,6.031372137617395,0.0,25.4034637784728,118.07757087583504,117.50781038696655,0.7906832384159931,147.6222692964954,53.04576979459442,0.03625055645031136,0.026465485203955738,272.6,pompe
2.6344980422889215,21.229667149235826,26.513311881395133,6.277129373752589e-10,0.0029684695490197035,4.22442796830886,19.380765828478985,5.957178406263761,0.0,25.350866061686276,117.33172084498196,115.51589978166855,0.8058822793962946,150.0,51.68729020192625,0.03641554629911324,0.02660413854376732,272.8,pompe
2.015211590074156,20.49337950267045,27.441038224796877,7.07800929391429e-10,0.003025289083382094,4.163921852961649,18.670707012993738,6.007623099809458,0.0,25.410147461280086,114.16792729542335,114.82938753333029,0.7997745237776909,149.49932852620398,51.87556198667051,0.03666912753703345,0.026964120764150057,273.0,pompe
3.0613985507082386,20.134226612629277,29.792030528592228,1.2479202277315847e-09,0.0029914000016372138,4.148665848905188,18.535104613544554,6.046696141062918,0.0,25.36475474819347,111.0454418133148,114.25574452919591,0.8118987717497537,149.3641110015926,51.81486394525996,0.036827064363389644,0.026343004511779265,273.2,pompe
2.3946823654086344,21.179971539024532,29.762945307806184,1.5687220657553397e-09,0.0030644391037895407,4.193100876164221,18.208796870501843,5.959952125123915,0.0,25.38200909488293,111.47718794168348,112.98567734424964,0.8114613493984545,150.0,51.83163137318353,0.036330515321320096,0.026151264338756443,273.40000000000003,pompe
2.568968295914828,21.843321904787974,30.067930252956554,1.6597148642351749e-09,0.0029714227795621584,4.208504087602111,18.767167970045577,5.889662400575872,0.0,25.41240169497331,112.8820061246868,113.10660959636496,0.8216900876993345,147.24851825855856,51.861092096827875,0.03684443707031481,0.02630241849440052,273.6,pompe
2.7004155457525796,21.565617315251348,28.93292426266516,1.102504493601895e-09,0.0029407128803723252,4.242489273441023,19.156502082309146,5.647742755024654,0.0,25.35651988832328,112.85299247665702,112.2898856253438,0.8267453368387794,147.6154518455048,52.34119754011689,0.038323348235066584,0.026514463949741017,273.8,pompe
2.018365736823319,22.043924098254642,31.17990208223156,1.2804899345767176e-09,0.0029910577095777864,4.118111156314065,19.34283253550907,5.607174272851867,0.0,25.354684030244307,113.1720243322551,111.39855695327601,0.8292188566928135,147.4512195299799,52.84103488015466,0.0384439460575797,0.026715018876146537,274.0,pompe
3.0741726965845286,22.500395072944013,30.73389632694821,6.739184488370989e-10,0.0030129022750715814,4.046475397685015,19.290600994521867,5.675432959430457,0.0,25.458778811374856,111.93505171734611,109.49686182544866,0.8333322395842373,148.11130570112505,51.99802837353839,0.0383546816238914,0.02705096126738382,274.2,pompe
2.319257726024979,21.32090603993011,29.44853469420267,5.223215346901459e-10,0.003047213436087484,4.0179883996734915,19.33128656886449,6.044705551835258,0.0,25.421059807099052,113.11620052307745,111.00980069467217,0.838508880378011,150.0,52.225596243309525,0.03662263743792621,0.027085982169964693,274.40000000000003,pompe
2.4175734220501335,22.83287980689486,30.345122874101126,4.0037506986529416e-11,0.0031276594792706246,4.081188275770015,19.187574992244496,6.021561760541019,0.0,25.308667772254484,113.9475166952268,112.69845670164617,0.8380341427803712,150.0,52.302620727101875,0.03591555181503519,0.026576719607562558,274.6,pompe
2.560477699226042,21.910731374940994,27.95397487019257,1.9922470270522968e-11,0.0030786896019930694,3.989641959660541,19.235381983782613,6.125819059815604,0.0,25.247829661300436,114.83641703513712,114.3190959102366,0.8637492408797882,150.0,51.60629897345325,0.03654253728987985,0.02670656789998036,274.8,pompe
1.8815325065059132,22.142389287560945,30.114780765161367,4.748635990630512e-10,0.0029966281885417463,3.9857900678231495,19.532962444744125,5.840025285642561,0.0,25.255992742753488,115.2413623080154,111.57445228749151,0.8686541063382232,150.0,51.462612058049174,0.03652108717512365,0.0270267342944614,275.0,pompe
2.944089534605466,20.004245108967485,28.518317636407875,2.6901702553891174e-10,0.002926766535827006,4.086913296348804,19.887721359179388,5.680310321659787,0.0,25.31934305969096,114.391189674142,112.90409901927899,0.8852947060880068,150.0,51.59512066336416,0.03748638540658447,0.026689256700962335,275.2,pompe
2.4720238636663026,20.30168933909815,29.614453135106878,7.808185259846645e-11,0.002947194205004349,4.121871270520714,19.392116030685767,5.555861077221768,0.0,25.381429965413208,111.76313460266086,112.39973104676511,0.9011597013960251,147.7074244601376,52.47762401734679,0.03647988931870052,0.026124413095710383,275.40000000000003,pompe
2.554935319921522,22.379986439571187,28.34815134575472,0.0,0.0028437273924197446,4.186172254612774,18.69871086829868,5.758878689878096,0.0,25.37902740867418,112.36870823180448,111.24339274421153,0.9028682632316086,145.54042774353718,53.439579310916194,0.035580812666717525,0.026359209130888975,275.6,pompe
2.567614698612759,21.628995396616126,27.53650775250817,1.571499370121505e-09,0.0028307231062601715,4.120016253894224,18.496447003932072,5.529699431240428,0.0,25.483721528809625,113.03287018351104,112.64784338340766,0.8918821354812579,145.33360458580017,53.58575740857821,0.03493934331138761,0.02657278430005661,275.8,pompe
1.987644590516926,22.17303388741486,27.016545921134092,1.935594179930042e-09,0.002802433134286377,4.089376368308518,19.271388850490556,5.402448505860284,0.0,25.433745058178463,113.77534172363062,114.64846794717832,0.8841118636065519,149.10617105996047,53.604520490559096,0.034781514176534425,0.026049069755956923,276.0,pompe
3.094766810647778,21.762157754064024,25.14978822386055,2.9397113214943027e-09,0.002815300458194412,4.143278721438671,20.186023989803985,5.546045553860213,0.0,25.436262539418642,115.05152363415068,114.63506600593244,0.8840473054912364,149.51717589378407,53.31896022103356,0.03510856165167734,0.026320037652584387,276.2,pompe
2.4754912226112165,22.52277883187912,27.242553924008874,3.255166169624441e-09,0.0027903187692542276,4.171962760034371,20.956630608468362,5.446433092749776,0.0,25.391669050719393,116.59500073311776,114.68421566676055,0.8835673649239003,147.09528568366036,53.97224051942675,0.0340435748388633,0.025461365151715765,276.40000000000003,pompe
2.630720244823314,24.645834667431284,26.137788726421267,3.543819879240845e-09,0.0028286005414361265,4.160102794463191,21.664155860514377,5.4599343825732,0.0,25.320011606429183,114.85512014593351,116.53603924039317,0.8902254906651179,146.99534333656402,55.368827204635245,0.035452703469322076,0.02569024225624556,276.6,pompe
2.599388890021881,24.31424144411047,24.96391639959377,3.4813756224698606e-09,0.002757978692030764,4.067006980401071,20.314955268886735,5.52674475500721,0.0,25.301317246917666,116.07637330476439,115.44710298360938,0.8774334126850771,147.04276953696757,54.748353398939614,0.03553133334807316,0.025081217744192752,276.8,pompe
1.9701414229877248,23.68283298148551,24.760717134537625,4.021934756765737e-09,0.002758607242810369,4.09898590948979,19.981172261680474,5.613002102212534,0.0,25.30242582721123,117.23264152057779,114.71251011143454,0.8729976264586253,146.26774291261353,54.37244075158644,0.035599930582477284,0.024855882159666238,277.0,pompe
3.0599442119232143,27.04063631346129,23.94060847637484,4.025679431662501e-09,0.002811655085802622,4.074627889349786,19.465787692697962,5.921784484405143,0.0,25.31989379779201,119.67280035670242,115.94353739719361,0.8726699216687507,144.54927478560097,54.00961304918138,0.03650247738808084,0.02521607794348672,277.2,pompe
2.379100446976185,29.54455888281233,23.679686660278303,4.29163781892457e-09,0.0028135736004621745,4.2130567253291975,19.90344692413634,5.946057477775694,0.0,25.318453770190413,118.64032338296413,113.87348398657028,0.8765512074280497,143.712752798106,53.61987755891041,0.03635874173785914,0.0252234495812078,277.40000000000003,pompe
2.4928536336576492,32.02717832593157,24.36652693106277,5.0043952523728395e-09,0.002774133130265901,4.267459051407074,19.695565590895562,5.852904163070128,0.0,25.27443367299149,115.27195465354517,112.83854895341044,0.8533554092799163,142.0887394903515,53.004666547898445,0.036316475284098676,0.024071842964888058,277.6,pompe
2.6464356531726705,28.508134210175204,24.241003934870545,4.768838243973582e-09,0.002814013282477815,4.289279171902848,20.32063672300427,5.79088825125029,0.0,25.297204792649165,117.01917889426261,114.13886457956997,0.857243406469476,142.73984349996314,52.98034416875689,0.03657987077586164,0.025171148878562866,277.8,pompe
1.9976361048668299,27.6437440097259,23.70029910148822,4.793755195655365e-09,0.0026717137067621215,4.273755274532181,20.766097081618682,5.708116960181152,0.0,25.416234230831424,117.67833269270297,110.8022580784978,0.8413336774984344,142.46330155414458,52.413583068086254,0.03659307049597785,0.024983853974846357,278.0,pompe
3.066503312674172,25.65399900234942,23.410129538845005,4.755215635980116e-09,0.002680816534559168,4.2798397334295775,19.415299676637066,5.732565107975601,0.0,25.46481926526607,118.96000445627604,111.20941222267585,0.8451390992839346,145.27619788005634,53.23251636900775,0.03674701468275049,0.026189088625567424,278.2,pompe
2.3540569307705232,23.937449042214762,23.28876758388993,4.50722945848089e-09,0.002525711969054964,4.224972244023457,19.597412466095726,5.733217026092469,0.0,25.46665648112107,119.2860458447062,112.32895806482135,0.8381310114350701,147.18016651400387,52.45986026763163,0.03626337205067794,0.027179606583665163,278.40000000000003,pompe
2.420156154534816,22.879706619315552,21.872762750482,4.109479544916368e-09,0.00252280411935268,4.273516598023412,19.595210551450137,5.701197212356082,0.0,25.424710572038386,116.96556617074316,113.48916427084558,0.847571288891452,147.281323099262,52.775198269655164,0.036908990463192334,0.027216579058063108,278.6,pompe
2.6002398907440747,21.47428443585695,21.405417021494085,3.8412753399778346e-09,0.002548858207006627,4.160029435793953,20.377924676363182,5.808534589475336,0.0,25.421832091158937,116.24277227061751,114.5360995656608,0.8595965633749008,146.05689264329513,51.38217139603371,0.035359203829872704,0.027351467106681935,278.8,pompe
2.067947986413767,19.925524256889044,20.998089171174325,3.6190354050963844e-09,0.002649835126750359,4.326396696970286,20.615515419436225,5.977913795818946,0.0,25.348584471303273,117.47783289251956,113.01930742926919,0.8578775888689668,148.49377866191003,51.44604788322606,0.036171920563106225,0.028132883740416833,279.0,pompe
2.98751099901338,17.571420969737574,21.944996182990764,3.979004825164863e-09,0.002653820759717991,4.3514989903957435,21.076576411153688,6.108105232374331,0.0,25.402250725691765,117.06853087454478,113.43258805104634,0.8602978953555203,146.9653657525322,50.9435498134625,0.03795289684579751,0.02755200039044255,279.2,pompe
2.36163137351806,18.231937130173172,21.6332714959199,4.1245697054487056e-09,0.002662136146861771,4.278917680653349,21.313721297156388,5.986004317174667,0.0,25.426065682792135,116.11119702539533,113.99671171808666,0.8497673741527206,147.65606245391203,50.799309710042245,0.03718247614030126,0.027014889348956884,279.40000000000003,pompe
2.6112727895214904,18.27680579777195,20.98654459157216,3.809290570601551e-09,0.0026790170493148956,4.2250761582193554,20.637669075921952,5.972170707999906,0.0,25.401794373286652,114.87215292164932,113.44076982094053,0.8446370507783504,146.63374089550456,50.99846149489989,0.039006080698436967,0.0278071275630721,279.6,pompe
2.7846987396301066,17.731235029096855,22.40523680312883,3.792519838787208e-09,0.002727370635581592,4.254601281738657,20.431267662877342,6.092210255395575,0.0,25.300988139750476,114.82718835275601,114.81837655369218,0.8480741320985937,147.74363403215708,50.49651695621063,0.03915272275145545,0.02772225732736618,279.8,pompe
2.10435734162408,17.156756824173872,23.07166203999557,3.819469634328197e-09,0.002730734087488971,4.408304392309867,20.667447011478195,6.27199265395971,0.0,25.280446616580257,113.35346456273588,115.22998822525197,0.8185496106043478,148.46252555173254,50.722317030419816,0.03888509841591291,0.0276401940595301,280.0,pompe
3.0367689928957895,18.42189229433738,22.422852590972788,3.388383869622967e-09,0.0027525886213130425,4.41160661373337,20.396971566028483,6.1299576247522545,0.0,25.35606963567837,114.2221825752912,115.21500278740963,0.8282471146512989,148.69145008342807,51.00704095820641,0.03893973232061423,0.027982339733305363,280.2,pompe
2.3442291010747893,17.41911100764947,23.097679135950596,3.877623065237373e-09,0.0026745055600512933,4.420319875318882,20.094270227174704,6.23009283022779,0.0,25.5448616601396,113.91001574794277,117.6537206157236,0.8468311019356077,149.93274832439312,51.04201081498144,0.03894536407306543,0.027963625128473286,280.40000000000003,pompe
2.5261263530204277,16.604904737838403,22.634018400071422,3.6778535615932464e-09,0.0025618983727548087,4.483284940721519,20.62282085568629,6.063059122939306,0.0,25.453988461540714,114.09673845272707,117.48555992263464,0.8479285552317052,150.0,50.99874979646426,0.038531792392057646,0.027870533198075722,280.6,pompe
2.6823349695612833,16.141777842972058,24.728920262260853,3.360904635068516e-09,0.0025647992383301104,4.523770668318336,20.377283733533297,6.240868933215257,0.0,25.441756021984148,116.3644804840321,115.92755315873526,0.8415593378603534,150.0,51.55967778852157,0.03873392131425671,0.02776609988396882,280.8,pompe
2.0241873021632597,17.24936166738509,24.617010547940982,2.971801132451318e-09,0.0025011228285131263,4.642296396914423,19.890928895877806,6.200770334688341,0.0,25.472042485065394,115.32773510423537,114.39429727114455,0.8629806854999932,148.08568951565,51.18570435971196,0.03898060714641197,0.027605372954374298,281.0,pompe
3.0600481646693325,15.871376260528665,24.037327662391352,3.138519327858872e-09,0.0025288733761163217,4.589242535797558,19.251005050907136,6.137573666678388,0.0,25.544722875930198,115.71585789753699,113.36932885168508,0.850674523394397,147.00957241908267,50.13322085134808,0.0393361666716325,0.027089149934754603,281.2,pompe
2.419394598111732,16.5173278187055,24.733943593342957,3.1418301372271366e-09,0.0025825551820398865,4.698782029520774,19.324677395103205,6.108882317512774,0.0,25.48779754766514,117.86610771367256,114.33618946607842,0.8584839731242717,146.03111090438466,51.25064272319334,0.039056806839503626,0.026583296726459985,281.40000000000003,pompe
2.492238375115161,18.000704994159914,23.165170137879958,2.796440041408933e-09,0.002744385816260709,4.772765985737055,18.857559599229692,5.836691695052823,0.0,25.49275944608907,119.15690523429679,116.7293663570544,0.8367456338516475,143.64444831638562,51.17719002661037,0.04148930912212637,0.0270912209915582,281.6,pompe
2.5992742078811246,16.85026742689097,20.78692095614116,2.7272075467924663e-09,0.002726631042384085,4.744063689227914,18.590234074400723,5.650482443433759,0.0,25.571515775814856,117.87672669184235,116.33142078709588,0.8361806543005005,145.21131355765039,50.604679313587134,0.04232378483704721,0.02671817382416563,281.8,pompe
1.9667281329323998,18.447587369894947,19.66544725516932,2.915073656451343e-09,0.0027769812953081763,4.76459795419334,18.489240266172544,5.948239885852461,0.0,25.582612158719513,117.47960122385776,116.60183804050637,0.8469658943067888,144.86735339730387,49.204767790091395,0.04272782897960777,0.026057896413615417,282.0,pompe
3.0231516484140304,18.3080450768204,20.345483967593267,2.5107368746905557e-09,0.0027321433710488247,4.729873610206343,17.733906101584406,6.062723905330037,0.0,25.64488479260294,118.28593149454721,116.3248159617132,0.8507142818720558,145.6794076138465,48.95826032234857,0.04292813350987789,0.026464386096478252,282.2,pompe
2.3007070182840117,18.735192155188958,17.904867073352484,1.8356908757073831e-09,0.002755237858898432,4.688845846239427,17.33384131761575,5.977301685192982,0.0,25.587680007886902,115.84561622053633,113.32792029881585,0.8590101550313766,145.04531664274612,49.61744507546285,0.04242871166569623,0.026651745496262074,282.40000000000003,pompe
2.426459369694212,18.695222988928037,17.874113152795346,1.6087260351890345e-09,0.002668813836456338,4.747785457815249,18.134981977317715,6.1999872292625975,0.0,25.545189725545995,115.12952731473862,113.10286591876765,0.8582093913682269,143.30907990749736,48.65772002126174,0.04239120887592115,0.02460714613185977,282.6,pompe
2.522981357106643,17.7135416773104,18.403200057923776,1.9527218965831738e-09,0.0027221652457910545,4.712707010383546,17.588005099102062,5.982837413546324,0.0,25.45077489148312,117.44728063762163,112.64488823084564,0.8637499973128163,140.1261313866212,48.07637696734079,0.04053815238248344,0.025153780574716223,282.8,pompe
1.9091354652710069,18.26022484608329,18.310090344290533,2.052615632277537e-09,0.002690133651610984,4.689855115861373,17.56939141515132,5.992424025365929,0.0,25.610703092520676,120.26254682282428,110.03305324215239,0.8618491515406529,139.5827917649495,48.93098731948946,0.04017218607587824,0.02539411247168571,283.0,pompe
2.849337933880298,16.68925012638394,19.974157586998295,1.995203098228873e-09,0.002619310488332583,4.70456789071873,17.110518372906935,5.893834905994151,0.0,25.564998768188108,119.71679347427184,111.74995819499024,0.8670171196926868,141.00411245544302,48.932395906768555,0.04083807361171225,0.02488047760937329,283.2,pompe
2.185537286989467,17.15808531711896,19.507702753307715,1.9151305042703306e-09,0.0025985827515936383,4.805532635449817,17.757240866402885,5.74345570491939,0.0,25.52378313623528,118.41115041024884,113.05000102049158,0.8775331388974437,139.28042253875068,48.457933635303434,0.0394279861282505,0.02493331279246659,283.40000000000003,pompe
2.343207631246983,17.847858482311437,19.753281944201916,2.0711324062660896e-09,0.002499483816328171,4.746153920634705,18.20629990900518,5.6140975443789936,0.0,25.569364828852585,117.62932673423217,114.71613450229988,0.8769164095651127,138.98526540416063,49.37253565252766,0.038217515282969836,0.02572362412116099,283.6,pompe
2.4319260150236413,17.962346280821826,19.721646832577367,1.8483513111748814e-09,0.0024466293708696753,4.70905394876591,17.698524566735948,5.892513206351917,0.0,25.63513799883876,119.3964389676159,115.31454436235494,0.8749711723483893,139.57031447654524,49.76946098322218,0.03822709545034834,0.024815106128344082,283.8,pompe
1.7521092717312743,19.448428446469737,17.354512227598253,1.8451526656218566e-09,0.002423409743129186,4.716901627192103,17.176736212553678,5.896749738332822,0.0,25.793316231927083,119.73250038753339,117.45601923789218,0.8572454833496708,141.71399727403903,49.935664635063546,0.038381760504123945,0.024950713848495454,284.0,pompe
2.8953254530962838,19.495093462697,16.685384256459187,1.5634244966869658e-09,0.002457794193792142,4.749073296821344,16.535485792951327,5.937194410726151,0.0,25.818025065575668,118.57176120057933,117.04401836998352,0.8507947021230565,144.84105536182517,50.21986275738266,0.03940232423871608,0.02659586441954715,284.2,pompe
2.269808704860385,21.138113918408635,16.122253746010546,2.0021835677711893e-09,0.0024033702203224787,4.741656487145904,16.85299844280506,6.001369330068795,0.0,25.767438759763667,119.67949158069105,116.49975536532062,0.8348004214599429,144.89725394945418,50.152912919104594,0.039479294329775844,0.026888369661586933,284.40000000000003,pompe
2.433183736140816,20.11035486369929,15.83628866124393,2.286483384934706e-09,0.002364141904942648,4.702402975735315,16.25493521651083,5.945870649659345,0.0,25.6532869268344,118.0998724035556,114.33206710166168,0.8435862505196777,141.42098609233963,50.113387730163204,0.040038503167549776,0.026977042311434756,284.6,pompe
2.5097260440963725,20.379250309894875,16.57944680977078,2.1710074053801965e-09,0.0022386983194154636,4.794125495004414,16.535641673342045,5.9031591434109885,0.0,25.635603709682023,116.85381791455835,112.52094725991432,0.8419301848795291,140.61929088859966,49.81192325893917,0.04062514893620932,0.027107005022051725,284.8,pompe
1.8804327664225906,19.610560581691107,16.220758848446536,2.0079953867757683e-09,0.0022586116506320645,4.699602482660733,17.265386769149575,5.947025052458913,0.0,25.639919845568812,118.63490063703857,113.15316796130584,0.8371109954791479,140.7196289627759,49.946050609605535,0.041247447128119175,0.026237864951095,285.0,pompe
2.8994247690692543,21.206946200921276,16.212486775889236,2.5538681408723467e-09,0.0024048304231231066,4.6526375507665625,16.776703893262038,5.86569905911838,0.0,25.71047045783921,122.43700057068625,113.13948223746895,0.8425388010187688,139.5970208141144,48.30858171685247,0.04112674587281749,0.02554566220267432,285.2,pompe
2.3119022006444725,19.126022604545653,15.691679143349724,2.571286368215017e-09,0.002414716553148278,4.643009539568475,17.726393724625165,6.094782554888105,0.0,25.802584001040902,125.4811583385748,112.9935104791053,0.842984974492846,139.7227171181773,47.91329011778033,0.04054468781313349,0.026287326258470807,285.40000000000003,pompe
2.464128375824573,18.463910483851844,15.027896026506975,2.2340153736822648e-09,0.0023956229312227465,4.713770991487007,17.373434563467995,6.199247800762028,0.0,25.810246215193462,127.32275824788272,114.32095580248917,0.82718757652275,137.92509083826673,47.78845322628163,0.040786741315901716,0.02707782470069137,285.6,pompe
2.5606434055952705,20.17803520547302,14.537735928618535,1.973150334582687e-09,0.0023691227961640127,4.639531255755962,17.980481236786154,5.69198280805697,0.0,25.876017574671486,126.88561909563943,116.0167906512645,0.8519145467324855,138.30286581413782,48.56680793617488,0.042970136132417715,0.02729767396347519,285.8,pompe
1.9440205511539048,21.090358894233272,15.361641577779242,1.8843640018811766e-09,0.002333560989955814,4.778507294322185,17.89978235228285,5.88403381235761,0.0,25.981360466954133,125.54551647686459,114.73356002823769,0.8616232081235551,136.44818915195697,48.66264105000534,0.04439605438185816,0.026204986768803687,286.0,pompe
2.9905626070171483,22.26493269510965,15.373811215777216,1.5073067995516144e-09,0.002309980721277588,4.701489170348964,17.9524106826264,5.80161802023636,0.0,26.007871340438143,128.33602556187964,115.27577061806127,0.8770135066035789,139.60533370755624,48.30053845225372,0.04457878077233487,0.02593328753557485,286.2,pompe
2.241661928342302,22.627997400214795,14.725207981583589,1.6155993685066538e-09,0.0022211959310022367,4.710124669264633,17.243918571547518,5.888900119777868,0.0,25.97881766283399,130.38141421319685,114.81450274130589,0.8780027997676606,139.45399748140295,48.65132886825064,0.04553904884948891,0.02639875817262015,286.40000000000003,pompe
2.3647725409962517,23.911252469563188,14.220717152978814,1.297390773345461e-09,0.0022054173998317774,4.79334581037869,16.777879954990357,6.005042646717137,0.0,25.953049602721546,132.3986342317819,113.62112713667041,0.9050112378353199,139.34510999179776,48.768731366376,0.04704328386134268,0.02647855410552918,286.6,pompe
2.545270521316019,21.285682836230162,14.075052353953081,1.3698361252899689e-09,0.002250018976874706,4.853881104410021,17.161043824239666,6.129329035148826,0.0,25.828388746579535,135.05971418918116,112.39094794635503,0.9082693165796829,139.90585291745413,48.818767150532196,0.04579676435931308,0.025331208438520197,286.8,pompe
1.8786814889823948,22.12138051428452,13.26845313506057,1.0148699465702524e-09,0.0022615874609630583,4.75955298102691,16.960718139270295,6.071169525227208,0.0,25.767396899711784,135.37895227327988,113.037159083584,0.8922631758455497,140.52864549571174,48.3705020397235,0.045829380286726874,0.025720999177539946,287.0,pompe
2.915972015207591,22.937764931325102,13.865597917753785,1.3067158326574859e-09,0.00227245312641187,4.848361858862215,17.21797648514379,5.758829655218483,0.0,25.754647872300055,135.28292189514912,113.62288570233868,0.8822011900219416,144.58272481908463,48.32472866437267,0.045727018350997066,0.025314636605565644,287.2,pompe
2.217773732046796,22.67517047034856,14.003365149434002,1.19886515872971e-09,0.002348456011917582,4.831490614676131,17.226206844557584,5.859657026074634,0.0,25.785147196888868,133.04405317242816,111.74211882894112,0.8831861699261377,144.32925273647834,47.82388542090984,0.045757568300701726,0.0254102384550867,287.40000000000003,pompe
2.334968206990247,21.811501316087472,14.249778008997922,8.100006875264658e-10,0.0023069696775951326,4.871950204780972,17.264913361409263,5.748458690056909,0.0,25.726214135110776,132.88093084297788,114.86543459873721,0.8894615950959103,141.9678016222621,48.302689962432325,0.044893695543825385,0.02538445999123774,287.6,pompe
2.4283833004718414,24.11921948363474,13.627106677114329,8.470427993907975e-10,0.002262083234099633,4.930805401651895,17.43973224420789,5.914617024637652,0.0,25.68577030368293,138.25411395390404,115.76207355125291,0.8823917912453678,142.56824332269088,48.73415347977581,0.045400521147569164,0.025644517568972038,287.8,pompe
1.8993337993280508,25.02297874626764,13.276790827536308,1.8034044523760124e-09,0.002354251372383332,4.9959092559005,17.481283187080493,5.868134843123836,0.0,25.674030317277754,134.30794811754262,118.19856804688837,0.8959177870522997,139.60251411155437,49.33867748784975,0.045299176419477755,0.025507232550083313,288.0,pompe
2.9600989175543315,22.407627818268573,13.459084210940645,1.757722715601844e-09,0.0023484846815943336,4.869068389768974,17.703630047399418,5.980078392297334,0.0,25.660298602438203,139.30749764858072,116.77088210686884,0.904609714893919,140.27926836893195,50.70537141438624,0.04559968437805516,0.025829299517663863,288.2,pompe
2.349651092351058,21.088448854222758,13.066810078518978,1.5875908783156048e-09,0.0023893175139393153,4.883436964290034,17.630168554079855,6.151043531160416,0.0,25.5854771741266,134.76571692862808,118.71221709141948,0.9028236349733169,142.32649989726573,50.64215631221543,0.04656126423524878,0.025732735862424062,288.40000000000003,pompe
2.491722426761182,21.223202302379782,13.366696452057912,2.2302597964025254e-09,0.002293951393862331,4.871478434572527,17.752052655157232,6.0857189056406105,0.0,25.554328207684172,137.6252946559005,118.62817188497537,0.9322237919670879,143.545268037874,50.45705847048785,0.04704458613170841,0.025772197496577828,288.6,pompe
2.6539137044295193,19.794820885288164,12.428343640389832,2.2864290665816527e-09,0.0023274690895022953,4.890477331076391,18.097728307766793,6.106647333672049,0.0,25.56982866677715,140.13123655665422,118.93074402610439,0.9152011043473778,143.1039428797908,50.847432419760175,0.04887431262085096,0.024645961176581598,288.8,pompe
2.0391564583989212,18.765845537040455,12.803545580202348,2.4291937518005053e-09,0.0023054751360805704,4.940096612635169,18.669595672992745,6.013934659292871,0.0,25.650891630369774,141.74075502717315,119.86168257621324,0.9060628484724786,145.2107427007409,52.27028586782743,0.04864080453990426,0.024675845072729154,289.0,pompe
2.997291680402848,17.900833831405738,12.256510409155792,2.3978012262345895e-09,0.0022781759949860687,4.967137945586349,18.198949437810747,5.922797752269792,0.0,25.661075310251128,138.70691284775515,120.13087390330168,0.9020065069810999,145.75510232799772,51.12899950940354,0.049257444482106845,0.024489246768243912,289.2,pompe
2.3588322517707216,16.26199056814267,11.64393071378986,2.18396705653253e-09,0.002339641480385065,5.0081696321752895,18.25361528827302,5.723354657606507,0.0,25.676377295799373,140.06567731187067,120.49270033560728,0.9222628490454171,144.61543333612735,51.26147039595366,0.047325669042042405,0.024582929291790644,289.40000000000003,pompe
2.555837888627723,15.36705161953762,12.120039531608152,2.6840375997512707e-09,0.002293893277721381,5.044082999429069,19.028687251563454,5.725867377733797,0.0,25.574151829201078,141.23542958314545,121.35531873508494,0.905176558670266,142.95108968103156,51.6872868597311,0.04690884605180912,0.02517958978128218,289.6,pompe
2.6445517271920984,15.472923961072134,12.021092090130944,2.709141872196597e-09,0.0023256988013004905,5.086311002495619,18.751895793126206,5.878635462044132,0.0,25.595615707998245,141.4476379822778,122.19398996981586,0.8824615159495716,143.61738671688875,52.84412327262451,0.047043360883411295,0.025203773357214035,289.8,pompe
1.975518156929785,15.961086635023346,11.915373941578915,3.1361000004839118e-09,0.0022713364053128953,5.039097836625236,18.39488653140015,6.110265634534554,0.0,25.563690616684507,137.57339453922089,120.72865314571295,0.8880979820575708,144.82980882452603,52.38666851765931,0.046323968036815856,0.026250906506881118,290.0,pompe
3.11963389739353,16.897296354801142,12.788930076904045,3.745964761880607e-09,0.0023769431521203426,5.005734207636699,17.936563881793163,6.33276733749998,0.0,25.504386286040372,135.78309994805903,120.53951037335221,0.864132211860899,142.26532879874986,51.95520919666064,0.045006185362108625,0.026857912375895448,290.2,pompe
2.4376590081634473,17.555267477343065,13.06820225327177,3.5749575023869064e-09,0.002419940655450555,5.040182738300454,17.775665942181963,5.941431442240609,0.0,25.43198232049935,136.53828426395623,120.69148965437819,0.8480379381908167,142.9660267309265,52.094664777708246,0.0451106180253783,0.026921838264014664,290.40000000000003,pompe
2.501650262406688,18.08847308640106,12.688708826587282,3.1162819797858202e-09,0.0024464367499690753,5.1190710233834515,18.057550986868932,5.837097807002363,0.0,25.515809909811566,133.0613623894965,121.66853134798406,0.8719939837226682,143.45614140812364,52.303980556815056,0.04540260751089003,0.02701689718545327,290.6,pompe
2.720508529936354,17.250118746656717,12.191679640801956,2.913674014101792e-09,0.002533123339861091,5.060162239015815,18.23141443226997,5.939277200001827,0.0,25.573388210328883,135.68861750303006,122.19416110747822,0.8660686800595822,143.94030510168,52.07108485070485,0.04794192629322332,0.026672467815095174,290.8,pompe
2.097777984794687,15.948629490378817,12.300371863689163,2.7280986402715905e-09,0.00256091913874135,5.117825935481875,18.909215360971412,6.086863196226157,0.0,25.518866208297908,134.25229640376648,122.7113083473051,0.8673867335598389,144.63727197949575,51.70401990767539,0.04940920024798152,0.02578453841280628,291.0,pompe
3.0623058392409566,15.00085930505061,12.187410671745393,3.12837575793815e-09,0.0025336103675873615,5.120839445190959,19.176140366949888,5.936011264670526,0.0,25.53260464981278,132.29785987553544,121.96796118153453,0.8709571908906415,147.34098787766328,52.60731302710484,0.051677149764633334,0.026042870703770486,291.2,pompe
2.3654691911952503,15.124108816057156,12.107773198356005,2.8981260247977946e-09,0.0025446311157971014,5.154029999733198,18.49627686522509,6.034134599795371,0.0,25.519331243789733,134.42848062588328,122.98636480009053,0.8662063140381376,150.0,52.300774160521726,0.049308938112603645,0.026284455169859625,291.40000000000003,pompe
2.3899036183597824,14.492576616408966,12.43731082332287,2.65349870518565e-09,0.002567067416418851,5.042002952867262,18.867762881135043,5.672385454204176,0.0,25.491646241281558,137.28454942967585,121.62538517740643,0.8882799585915987,148.2521891307657,51.0615916673378,0.049255217409520775,0.026996089515166667,291.6,pompe
2.5432966086267537,15.480020203176208,12.858568865649612,2.2950629106103986e-09,0.002600527762566181,5.044134940038819,18.45533696989279,5.664048170073143,0.0,25.57191352395829,136.39399616795046,120.73394208853222,0.8793532574730686,150.0,50.632706784389434,0.05060317678169567,0.026356321384310898,291.8,pompe
1.9625666439683958,15.754871063450064,13.560285981011925,2.640240987383387e-09,0.0025942417763980975,4.989689212352419,19.236689139516365,5.53087507900929,0.0,25.46528521558635,133.52873531816334,121.72615014960225,0.9052802904074871,146.11791702234004,50.11518896970503,0.05060003022754171,0.027259274259367805,292.0,pompe
2.9528200712825736,16.192264632922367,13.367219414672546,3.6567695362093596e-09,0.002591614467725231,5.0153467551562185,19.209194630273192,5.45243573252292,0.0,25.3988002952698,130.06029997232986,121.502465574694,0.914534280040029,145.1703567923784,50.254071749887366,0.04913372366277482,0.02789011675847548,292.2,pompe
2.3538158158041536,16.32661687619617,13.442697230558382,3.096039892314612e-09,0.002503610296918398,4.998157026087764,19.402101043673444,5.525491979579554,0.0,25.44059670443376,132.64718134299136,121.38025292991713,0.9175611379885011,144.9574705384393,50.18175494988953,0.04921967720375818,0.028947318237077736,292.40000000000003,pompe
2.521917847397091,17.05650543077276,13.147800855243919,2.7041502701204914e-09,0.002514872101605013,5.1043056293940845,20.24058640428384,5.156701498052321,0.0,25.46375644625087,134.34809393530205,118.60215829737625,0.9138627531811183,146.75897617318657,49.41012753291392,0.04604227287765662,0.02913879445900403,292.6,pompe
2.5981553834399023,18.427457329984872,13.055881330332003,2.5914585238326633e-09,0.002543723328271684,5.193106193040105,19.720957345965864,5.3050222165804435,0.0,25.46412424758662,135.6290920568535,119.98355299008419,0.9169345007729242,144.82971481073707,48.2020097203192,0.04575517317852063,0.029751831136968523,292.8,pompe
2.0015279978204856,18.639767963721262,13.089305986566588,2.6239637197253853e-09,0.002476997679139295,5.259501174530461,20.04109525375893,5.241073415965525,0.0,25.365999392366984,136.01838990504072,119.79506688430689,0.9316371449235082,144.63716888395123,48.78816500145499,0.04526346854047493,0.02824253636485119,293.0,pompe
3.0066259087142324,18.68053185514612,13.219485724113468,2.603136091998252e-09,0.002438578146950318,5.222530272647421,19.282141051334428,4.953568410394501,0.0,25.323195880898222,138.06291741303923,116.36598705129883,0.9342282445185113,149.00630746070297,48.687320280143226,0.04516830394258034,0.02848726388874829,293.2,pompe
2.385447664938919,18.322504921684363,12.675356131488034,2.7665198738340555e-09,0.0023263904744886036,5.2942915662607115,18.960999016790094,4.980624917593755,0.0,25.403778579351183,138.5762551783863,115.90015634983997,0.928808363839486,148.8822436389442,50.297370270707766,0.04376532628597055,0.029159284206687244,293.40000000000003,pompe
2.5277788482945223,19.829417862047364,13.08376843971821,2.685033412284921e-09,0.002370169976843934,5.309394980190734,19.23404325047047,5.192360765974557,0.0,25.37911142369653,137.43367564413148,116.63905440849608,0.916870358917287,148.35773910250697,49.66129825674655,0.044176052012401115,0.02864598310685432,293.6,pompe
2.533730533694338,18.59425992866018,12.824187355863808,2.437053339227852e-09,0.0023734608920212693,5.287373727832985,19.291708680814313,5.241199240870384,0.0,25.270503395520997,135.4248392765753,117.54505837874414,0.9184780278050955,150.0,48.658403988012786,0.043618850386016185,0.028430373250097007,293.8,pompe
1.935778407913978,18.58225124548431,13.14474473101511,2.3176389832065816e-09,0.002437324103673832,5.443101409887396,18.59108625180487,5.231094722530476,0.0,25.303031326658424,134.7479618821487,117.98038226470499,0.8981809588016733,150.0,47.733715236335186,0.04402805742177702,0.02770362291341565,294.0,pompe
2.97381100832296,18.734813209502757,13.227903978675203,2.025044996462779e-09,0.0024155273520127685,5.5525011648749665,18.249673201587914,5.197264520782353,0.0,25.360262925801802,134.95362127250405,116.80888476587283,0.8972977528613933,149.68274533905858,48.65701002230401,0.043894341600590525,0.026834994087313525,294.2,pompe
2.3597484556155788,20.655220321683405,13.99449357043421,1.5936621926922174e-09,0.0023907902247570353,5.542543453225753,18.104384163374245,5.203899234400599,0.0,25.3078229434506,136.75198701616998,115.09562594334912,0.8866615214950404,147.59987993994386,49.07769187716301,0.0439094440990714,0.02734596038789607,294.40000000000003,pompe
2.436691062043961,19.16630143949144,13.781330498814343,1.4552214818914288e-09,0.002391833741502554,5.371320439283883,18.20602612528634,5.0301534576595435,0.0,25.373760914197497,132.86177821124994,115.63351967640347,0.889500162005034,146.16680581684363,48.80192514826883,0.045035036574187226,0.02854758648413704,294.6,pompe
2.5949134144939316,21.120887618002683,13.394605556005262,9.244135703786769e-10,0.0023788557629616743,5.442443790919112,17.220776454635992,4.9020981830495645,0.0,25.393428578280727,133.34073126912054,114.47433978514641,0.8907782972343578,144.12572889840766,48.542321641262305,0.04368719423419556,0.028425586961277356,294.8,pompe
1.92677578351213,21.802284518333362,13.470596562837866,7.626764090380896e-10,0.0024646564116805295,5.473031794325438,16.988780369933863,4.831647042718494,0.0,25.389116520306327,133.9628096193632,111.61202564778763,0.873702847801607,143.32866428107053,47.85233179393023,0.04364027537838356,0.02851545251002685,295.0,pompe
2.9546391710275732,22.181717867437857,13.228506651869221,6.659652567830877e-10,0.0023995078759450556,5.49407074698461,16.966346025566565,4.689874218118758,0.0,25.38639814051936,134.5369164213159,112.13668218248857,0.8644511691091215,145.0062279564236,48.21210409880379,0.0428501773435222,0.0277700387542753,295.2,pompe
2.2693288676257684,20.42190877894867,13.474412515826572,1.1007137702605665e-09,0.002466794726268255,5.3811654624385525,17.270239474752803,4.72960027204178,0.0,25.366965197991398,133.80419513271784,114.01910882274713,0.8536133096834874,146.29884212871542,48.164205018845045,0.04140002926843898,0.02740384634074483,295.40000000000003,pompe
2.488113856988647,20.073666042004977,14.103758673091516,1.3654403932923646e-09,0.002431708902562299,5.252323275166197,16.690640451319794,4.953047750537238,0.0,25.268238832126663,135.37841363139668,111.35982569417047,0.8435465142694388,146.64485669529978,49.84190153829018,0.042078628474686894,0.027084911934400758,295.6,pompe
2.5768543635648444,20.987584895986693,15.073648644311005,1.203416590728545e-09,0.002409515988020173,5.168380902879082,16.986311382116973,5.109753379372524,0.0,25.245260108406523,133.25468403188148,111.63406242011546,0.8291403273551561,144.25536873422246,50.613538287551705,0.041837748932297567,0.0270240010409479,295.8,pompe
1.9840811769871403,21.999575952736876,14.830529463776603,9.908589600029493e-10,0.0023782442311059684,5.262917378370178,16.9443132322616,5.073829465713437,0.0,25.348278254633307,133.45854189616708,111.27916018113791,0.8506684139840837,147.0488810791153,51.43598642313412,0.04128706814909549,0.02663934669214575,296.0,pompe
2.923734900670417,22.903850686997817,14.949928497890522,4.68754954123172e-10,0.0024329087540699984,5.22472730479061,16.822243101444418,4.8698480012128345,0.0,25.376164435956525,133.4428007630088,110.70481118883346,0.8806095128713474,144.8766273946533,50.948677832324854,0.0418623376584338,0.026017657367924805,296.2,pompe
2.2180831420202045,24.235174587061568,15.446268413139277,5.82859296262015e-10,0.0024324805487861484,5.1539960069396695,16.69602759950219,4.887731694883142,0.0,25.399769329001067,131.8622193759931,111.9333268283191,0.8602824598248439,144.4489241123545,50.18415281768237,0.040982850837424645,0.027139107789386573,296.40000000000003,pompe
2.2983854047446317,22.905792568661575,15.905676567090211,3.5227807349758565e-10,0.00243061831202298,5.281074509538691,16.995272701089654,4.8585560693643215,0.0,25.429351804429803,133.06705944892641,112.01097145495292,0.8639071473488216,145.34735936733566,50.135373484476474,0.040349081311337416,0.027568782844788153,296.6,pompe
2.446177683628906,20.264101957696802,15.385751158758048,1.234997553169344e-10,0.002409381225110155,5.389440784492981,18.47952630788093,4.566608208552829,0.0,25.43273674106935,132.8169801532537,112.87595285860961,0.8649896417823901,144.83556643229593,50.16849776799908,0.04077290350552606,0.027829562194512804,296.8,pompe
1.8701453359167335,19.527354266183178,17.45718306482058,1.9373310031952862e-10,0.0024405695427813386,5.333953558691601,18.442941792937496,4.6355046378173785,0.0,25.39144114430172,131.58624719281258,112.01396480496564,0.8519304950382518,145.11416851512627,51.13103434706813,0.040809550442328785,0.027078706878119287,297.0,pompe
2.8742633038553755,18.93663583551603,16.3144733805619,2.4041448175528533e-10,0.0025051566057469727,5.272647102607813,18.34804748925013,4.615803436232155,0.0,25.40163567645686,130.4982606352728,110.85169695376938,0.8330060557281198,145.43192329974124,51.87748752939588,0.0413776369329549,0.027972542421490068,297.2,pompe
2.207750399509551,19.841995796570494,15.478552335529542,4.571806180612588e-10,0.0025883052193008587,5.3132609076474795,19.07706007622061,4.590924576304196,0.0,25.34910675014784,130.6414476535312,111.3023782118317,0.8328354731846483,144.70010918616308,51.5432754284624,0.041614738615934975,0.027847613218029938,297.40000000000003,pompe
2.306149411283864,17.777697128319186,15.068203733685458,1.107564489331424e-11,0.0025293970319243088,5.266533366014458,18.85716405490846,4.561157391252939,0.0,25.277154928985283,132.85974999311628,111.10778628507474,0.8250335095474254,146.03912189624046,51.23855965605624,0.04078689467340791,0.028959200607542725,297.6,pompe
2.3266456188332136,17.48456057338604,15.156382190108125,5.774682132314915e-10,0.0024962126104129253,5.516550071802509,19.123277792096737,4.343494042576201,0.0,25.289981590631633,130.9090567232095,111.9761987966764,0.8196174866997106,143.90161390179762,50.58853035373954,0.0414891939634165,0.027652392683955553,297.8,pompe
1.8240075831632923,18.47479669502425,14.883196251475429,1.247913465920527e-10,0.0025168232151283674,5.461857394767584,18.17403698397832,4.635685865447722,0.0,25.206299282612825,131.49123910677105,111.9208223223918,0.835586381634248,143.36671001950816,50.34946816691854,0.041717579624020736,0.027750883540128977,298.0,pompe
2.891229777774263,18.563818447572107,14.975183675325255,0.0,0.0025534243071658734,5.419967978602753,18.444137328938034,4.843106647422136,0.0,25.341620364677564,130.31830055652168,110.91384895121179,0.8410622005135753,144.4195043799583,50.41047472871336,0.042403637199391025,0.02788286722962484,298.2,pompe
2.4002995508830263,18.54339509365798,14.395155481160192,0.0,0.00256962494237306,5.460498703593382,18.414352360705507,4.742118159354694,0.0,25.451048588602728,130.45240637919878,113.68988267698509,0.8502873378610215,148.97788319271913,50.74334851293906,0.04244773093784914,0.028387728688693274,298.40000000000003,pompe
2.485408523836919,18.88425974572572,15.276114731440947,2.721792067315465e-10,0.002556925869566497,5.4732406677455625,18.657822706190014,4.855070407646735,0.0,25.469800786908838,129.099717996677,112.72141505515114,0.8548761256585478,150.0,51.23431152357201,0.04172601513244431,0.028266122090089947,298.6,pompe
2.5088189627272417,17.46703081220184,15.311542926017264,8.062772691411291e-10,0.0025517715589132295,5.656370995071237,18.419790012182503,4.857761083804128,0.0,25.449459083311705,127.14311423321331,110.45245269916609,0.8408048518336336,150.0,50.739226432794446,0.04117814672316126,0.028500663810808975,298.8,pompe
1.822016083616264,17.534260721528035,15.847828598576855,1.1151596876742593e-09,0.002570571747102517,5.643958357414243,17.932707389984007,4.823129300805135,0.0,25.464430516655803,127.05691010755893,111.34057133436528,0.840615227121327,150.0,50.582410235811686,0.04071499231899841,0.02911651807330809,299.0,pompe
2.8025827438792645,17.84082576945799,15.443078061528603,5.604313727568654e-10,0.002504236965014953,5.633167484258812,17.824399087881943,4.899508013545376,0.0,25.375939609387725,127.79838743233418,112.4816152742921,0.8423457144130602,150.0,49.299476921474565,0.03974172126985782,0.02999290793950189,299.2,pompe
2.1788417518496788,20.135581073252858,14.534838235696697,1.2003332591766172e-09,0.002459630119527515,5.713554494948187,17.537258302297342,4.887177602625417,0.0,25.34058942626981,129.27264684154738,112.12614196114973,0.843614081062379,144.93846968217335,49.093657482449096,0.04080063254284265,0.030434813917602707,299.40000000000003,pompe
2.383935630300003,20.028167961022085,15.697961724766538,1.22879518562751e-09,0.0024131397949030803,5.794300131281712,17.836534862753673,4.939522704090035,0.0,25.35597341878072,131.79905566212778,112.8929817805405,0.8262524727113001,143.91414869090087,48.6685652459356,0.04003588036544255,0.029003768933750066,299.6,pompe
2.5990393027810024,18.992161832944948,15.137747850554204,6.519102046356726e-10,0.0024500888786449055,5.777538424779018,17.488655026034944,4.846157899850698,0.0,25.32820140962712,128.40600616979367,110.99785801672024,0.8107509636517092,144.6450054483666,49.298992505617406,0.04128880332262665,0.027936143965465083,299.8,pompe
2.012240123248255,18.335122955492043,17.23279052680135,1.1913663890059792e-09,0.002534689598388642,5.853801298649586,17.51430094714869,4.758163918484938,0.0,25.28235764512442,129.5651600946078,113.39494547093236,0.8062402962583598,143.4446948459353,48.34437331192393,0.0414318277910142,0.028689063164566195,300.0,pompe
